{
"type": "FeatureCollection",
"name": "setores_pr",
"crs": { "type": "name", "properties": { "name": "urn:ogc:def:crs:OGC:1.3:CRS84" } },
"features": [
{ "type": "Feature", "properties": { "num_setor": "PR_CAMPOLA_SR_018_SGB", "munic": "CAMPO LARGO", "grau_risco": "Muito alto", "distancia_km": 1.31, "chuva_24h": 14.3, "chuva_72h": 26.6, "fonte_estacao": "openmeteo", "codigo_estacao": "openmeteo", "nome_estacao": "Open-Meteo (célula de grade)" }, "geometry": { "type": "Polygon", "coordinates": [ [ [ -49.409558620999974, -25.465725789266877 ], [ -49.409559900999966, -25.465738085266839 ], [ -49.409471501999974, -25.46590151326685 ], [ -49.409466921999979, -25.465903712266829 ], [ -49.409461882999949, -25.465906002266831 ], [ -49.409456569999975, -25.465908384266882 ], [ -49.409451531999935, -25.465910124266848 ], [ -49.409446493999951, -25.465911407266848 ], [ -49.409441454999978, -25.465912140266827 ], [ -49.409436692, -25.46591287226688 ], [ -49.40943293599998, -25.465913697266856 ], [ -49.409429271999954, -25.465914521266843 ], [ -49.409425057999947, -25.465914613266825 ], [ -49.409420660999949, -25.465914613266825 ], [ -49.40941589799997, -25.465914705266883 ], [ -49.409411958999947, -25.465915437266869 ], [ -49.409407102999978, -25.465916812266876 ], [ -49.409402339999986, -25.465917728266852 ], [ -49.409397484999943, -25.46591800226685 ], [ -49.409402005999937, -25.466020140266856 ], [ -49.409310036999955, -25.466034075266865 ], [ -49.409324658999935, -25.465874947266869 ], [ -49.409323925999956, -25.46587302326687 ], [ -49.409323375999975, -25.465870550266871 ], [ -49.409323101999973, -25.465867527266834 ], [ -49.40932291799993, -25.465863954266883 ], [ -49.40932291799993, -25.465860931266842 ], [ -49.409322917999937, -25.465858549266851 ], [ -49.409322734999925, -25.465855343266888 ], [ -49.409322368999938, -25.465851678266873 ], [ -49.409322185999947, -25.465847465266865 ], [ -49.409322001999953, -25.465843434266858 ], [ -49.409321452999961, -25.465838579266872 ], [ -49.409320902999987, -25.465833265266852 ], [ -49.409320261999945, -25.465828502266874 ], [ -49.409319894999953, -25.465824746266858 ], [ -49.409319803999949, -25.46582154026688 ], [ -49.409319803999949, -25.465818883266831 ], [ -49.409319711999956, -25.46581531026688 ], [ -49.409319711999956, -25.46581137126687 ], [ -49.409319619999962, -25.465806791266878 ], [ -49.409319619999962, -25.46580321826686 ], [ -49.409319619999955, -25.465799737266842 ], [ -49.409319803999949, -25.465796256266874 ], [ -49.40931998699994, -25.465793416266834 ], [ -49.40931998699994, -25.46579030126686 ], [ -49.409319986999947, -25.465787003266843 ], [ -49.409320352999949, -25.465783889266856 ], [ -49.40932072, -25.465780316266841 ], [ -49.409321268999982, -25.465775827266857 ], [ -49.409321268999975, -25.465770606266872 ], [ -49.409321452999961, -25.465766941266878 ], [ -49.409321452999954, -25.465763277266849 ], [ -49.409321452999961, -25.465759155266849 ], [ -49.409321818999956, -25.465754300266845 ], [ -49.40932218599994, -25.465749719266871 ], [ -49.409322734999932, -25.465745139266879 ], [ -49.409323284999964, -25.46573945926686 ], [ -49.40932383399997, -25.465733963266896 ], [ -49.409324749999939, -25.465728466266867 ], [ -49.409325940999963, -25.465722787266841 ], [ -49.40932685699994, -25.465717015266829 ], [ -49.409327864999966, -25.465711336266864 ], [ -49.409328597999945, -25.465706389266892 ], [ -49.409329146999944, -25.465701625266842 ], [ -49.409329696999976, -25.46569704526685 ], [ -49.40933024699995, -25.465692190266864 ], [ -49.409330795999956, -25.465687060266895 ], [ -49.409331528999985, -25.465681929266875 ], [ -49.409332261999971, -25.465677166266865 ], [ -49.409332627999959, -25.465673960266848 ], [ -49.409325105999976, -25.465417763266856 ], [ -49.409570899999949, -25.465396781266879 ], [ -49.409558620999974, -25.465725789266877 ] ] ] } },
{ "type": "Feature", "properties": { "num_setor": "PR_CAMPOLA_SR_019_SGB", "munic": "CAMPO LARGO", "grau_risco": "Muito alto", "distancia_km": 1.88, "chuva_24h": 14.3, "chuva_72h": 26.6, "fonte_estacao": "openmeteo", "codigo_estacao": "openmeteo", "nome_estacao": "Open-Meteo (célula de grade)" }, "geometry": { "type": "Polygon", "coordinates": [ [ [ -49.413809043999947, -25.471302120266742 ], [ -49.413816179999969, -25.471300782266734 ], [ -49.413823314999945, -25.471299890266742 ], [ -49.413831342999963, -25.471298552266735 ], [ -49.41384026299994, -25.47129587626673 ], [ -49.413847844999957, -25.471292754266766 ], [ -49.413854534999984, -25.471290078266762 ], [ -49.413860331999949, -25.471288740266754 ], [ -49.413865683999973, -25.471287848266755 ], [ -49.413871035999932, -25.471286510266761 ], [ -49.413875049999945, -25.471286064266749 ], [ -49.413879509999958, -25.471286064266749 ], [ -49.413883523999971, -25.471286064266749 ], [ -49.413889320999949, -25.471286956266756 ], [ -49.413896010999963, -25.471287848266755 ], [ -49.413902700999984, -25.471288740266754 ], [ -49.413909390999947, -25.471288740266754 ], [ -49.413916526999969, -25.471291416266766 ], [ -49.413924107999947, -25.471292308266765 ], [ -49.413929459999963, -25.471294092266771 ], [ -49.41393481199998, -25.47129498426672 ], [ -49.413940163999932, -25.471296768266736 ], [ -49.413946407999958, -25.471298552266727 ], [ -49.413954435999976, -25.471299444266737 ], [ -49.413962908999963, -25.471302120266742 ], [ -49.413974058999941, -25.471303458266743 ], [ -49.413984762999974, -25.471307026266761 ], [ -49.413996357999956, -25.471310594266765 ], [ -49.414003939999986, -25.471314162266722 ], [ -49.414009737999955, -25.471318622266736 ], [ -49.414014643999963, -25.471321298266741 ], [ -49.414019103999976, -25.471327096266762 ], [ -49.414024900999948, -25.471332448266725 ], [ -49.414032482999964, -25.47133869226673 ], [ -49.414040510999939, -25.471345828266767 ], [ -49.414048538999964, -25.471352518266723 ], [ -49.414057458999935, -25.471360546266752 ], [ -49.41406548599997, -25.471368128266718 ], [ -49.414072621999935, -25.47137526426674 ], [ -49.414078865999961, -25.471381954266757 ], [ -49.414083771999969, -25.471389090266733 ], [ -49.414088678, -25.471395334266738 ], [ -49.414092691999947, -25.471401578266764 ], [ -49.414095366999959, -25.471407376266722 ], [ -49.414096258999962, -25.471413620266748 ], [ -49.414097150999957, -25.471421202266761 ], [ -49.414097150999964, -25.471428338266737 ], [ -49.414097150999972, -25.47143592026675 ], [ -49.414097150999964, -25.471443948266721 ], [ -49.414096258999962, -25.47145242226674 ], [ -49.414093582999953, -25.471461788266723 ], [ -49.414090906999945, -25.47146981626674 ], [ -49.414087339999973, -25.471478736266715 ], [ -49.414085555999968, -25.471486318266741 ], [ -49.414082879999967, -25.471493899266722 ], [ -49.414079311999949, -25.471500590266732 ], [ -49.414074851999935, -25.471506388266739 ], [ -49.414070391999985, -25.471509955266761 ], [ -49.414065931999971, -25.471513523266729 ], [ -49.414060579999955, -25.471517091266723 ], [ -49.414054336999982, -25.471521551266747 ], [ -49.414048984999965, -25.471526011266757 ], [ -49.414043186999947, -25.471531809266715 ], [ -49.414037834999924, -25.471536269266725 ], [ -49.414032482999971, -25.471539837266743 ], [ -49.414026684999953, -25.471543405266765 ], [ -49.41402222499994, -25.471546082266755 ], [ -49.414017765999965, -25.471548757266778 ], [ -49.414011967999947, -25.471549650266766 ], [ -49.414005723999935, -25.471551433266718 ], [ -49.413998141999969, -25.471552325266721 ], [ -49.413993682999944, -25.47155411026672 ], [ -49.41398922299993, -25.471555001266729 ], [ -49.413984762999974, -25.471556785266738 ], [ -49.41398030299996, -25.471558569266751 ], [ -49.413975842999939, -25.471559461266754 ], [ -49.413971382999939, -25.471560353266746 ], [ -49.413966922999975, -25.471561245266752 ], [ -49.413960678999956, -25.471561245266752 ], [ -49.413957111999935, -25.471561245266752 ], [ -49.41395354399998, -25.471561245266752 ], [ -49.41394396499993, -25.471561633266738 ], [ -49.413931501999961, -25.471562138266737 ], [ -49.41389744199995, -25.471563517266773 ], [ -49.413866718999941, -25.471564760266759 ], [ -49.413649286999934, -25.471573564266755 ], [ -49.413653002999979, -25.47135804126675 ], [ -49.413653002999979, -25.471313450266745 ], [ -49.413809043999947, -25.471302120266742 ] ] ] } },
{ "type": "Feature", "properties": { "num_setor": "PR_CAMPOLA_SR_016_SGB", "munic": "CAMPO LARGO", "grau_risco": "Muito alto", "distancia_km": 1.11, "chuva_24h": 14.3, "chuva_72h": 26.6, "fonte_estacao": "openmeteo", "codigo_estacao": "openmeteo", "nome_estacao": "Open-Meteo (célula de grade)" }, "geometry": { "type": "Polygon", "coordinates": [ [ [ -49.39724563, -25.469153040266811 ], [ -49.397253476999936, -25.469155656266768 ], [ -49.397261760999982, -25.469158926266797 ], [ -49.397271133999936, -25.469163286266802 ], [ -49.397280507999938, -25.469168300266801 ], [ -49.397292278999942, -25.469173096266783 ], [ -49.39730165299995, -25.469177020266784 ], [ -49.397312769999985, -25.469180943266799 ], [ -49.397323669999935, -25.469184867266794 ], [ -49.397335004999945, -25.46918944526681 ], [ -49.397346121999938, -25.469194241266791 ], [ -49.397356367999976, -25.46919860126679 ], [ -49.397366830999943, -25.46920252526678 ], [ -49.397375986999982, -25.469206885266779 ], [ -49.397384487999943, -25.469211027266791 ], [ -49.397393425999944, -25.469216913266795 ], [ -49.397402580999938, -25.469222798266795 ], [ -49.397413698999962, -25.469229556266786 ], [ -49.397424379999961, -25.469235878266772 ], [ -49.397434407999981, -25.469242418266788 ], [ -49.397445088999973, -25.469249394266793 ], [ -49.397454244999949, -25.469256369266812 ], [ -49.397463835999986, -25.469262255266813 ], [ -49.397472555999968, -25.469269667266815 ], [ -49.39748280099996, -25.469276425266802 ], [ -49.397493482999948, -25.46928209326677 ], [ -49.397505036, -25.469288633266789 ], [ -49.397517242999982, -25.469295826266769 ], [ -49.397530322999962, -25.469303892266787 ], [ -49.397543837999933, -25.469314138266782 ], [ -49.397558442999973, -25.469322858266764 ], [ -49.397574791999943, -25.469332231266776 ], [ -49.397590051999941, -25.469342477266757 ], [ -49.397607272999949, -25.469353595266792 ], [ -49.397623621999969, -25.469364931266789 ], [ -49.397638662999952, -25.469376266266806 ], [ -49.397653485999967, -25.469388038266803 ], [ -49.397667872999932, -25.46940068226677 ], [ -49.397681606999988, -25.469412453266777 ], [ -49.397695993999953, -25.469423353266784 ], [ -49.397711906999973, -25.469435125266784 ], [ -49.397725421999958, -25.469447550266811 ], [ -49.397737411999969, -25.4694593222668 ], [ -49.397749836999935, -25.469470004266782 ], [ -49.397761825999957, -25.4694815582668 ], [ -49.397774687999977, -25.469493111266779 ], [ -49.397786894999967, -25.469504447266782 ], [ -49.39779692299993, -25.469514911266788 ], [ -49.397808475999959, -25.469526028266792 ], [ -49.397818504, -25.469538236266764 ], [ -49.397827222999979, -25.469549354266803 ], [ -49.397836814999948, -25.469559164266794 ], [ -49.397847277999972, -25.469570717266777 ], [ -49.397857522999971, -25.469582489266767 ], [ -49.397866896999965, -25.469594479266782 ], [ -49.397874961999946, -25.469606032266761 ], [ -49.397883245999928, -25.469616932266771 ], [ -49.39789087599997, -25.469628050266795 ], [ -49.397897414999932, -25.469639821266806 ], [ -49.39790395499994, -25.469651811266765 ], [ -49.397909840999944, -25.469665763266789 ], [ -49.397916161999945, -25.469680150266807 ], [ -49.397921175999954, -25.469694102266764 ], [ -49.397925753999971, -25.469707618266789 ], [ -49.397930549999955, -25.469722223266782 ], [ -49.397934254999939, -25.469737265266804 ], [ -49.397937088999981, -25.469752525266802 ], [ -49.397939486999974, -25.469769746266746 ], [ -49.397941448999973, -25.469785006266747 ], [ -49.39794275699996, -25.46980462526675 ], [ -49.39794362899994, -25.469824899266762 ], [ -49.397943628999947, -25.469842556266755 ], [ -49.39794362899994, -25.469861740266758 ], [ -49.39794362899994, -25.469881577266779 ], [ -49.39794275699996, -25.469902941266799 ], [ -49.397941012999979, -25.469924740266769 ], [ -49.397938396999962, -25.469947193266741 ], [ -49.397933818999945, -25.469968557266757 ], [ -49.397927933999931, -25.469988612266761 ], [ -49.397920303999975, -25.470008668266793 ], [ -49.397913327999966, -25.47002785126676 ], [ -49.397907442999951, -25.470048125266757 ], [ -49.397899594999956, -25.470068180266747 ], [ -49.397890439999969, -25.470090198266789 ], [ -49.397880411999942, -25.470113959266747 ], [ -49.397869948999983, -25.47013859226676 ], [ -49.397859048999976, -25.470163226266763 ], [ -49.397846841999979, -25.470186115266795 ], [ -49.397833326999944, -25.470207043266765 ], [ -49.397820682999964, -25.47022862426676 ], [ -49.397808039999973, -25.470251514266785 ], [ -49.397794524999931, -25.470273967266774 ], [ -49.397779919999941, -25.470296856266746 ], [ -49.397765531999937, -25.470318220266773 ], [ -49.39775092699994, -25.470340019266796 ], [ -49.397737193999944, -25.470361601266788 ], [ -49.397723895999953, -25.470385362266743 ], [ -49.397708418999969, -25.470407597266757 ], [ -49.397692723999967, -25.470430705266754 ], [ -49.397680080999969, -25.470452722266749 ], [ -49.39766809099995, -25.470473432266751 ], [ -49.397654793999948, -25.470493705266765 ], [ -49.39764127899997, -25.470516376266779 ], [ -49.397625801999943, -25.470537304266745 ], [ -49.397608144999936, -25.470556924266791 ], [ -49.397590051999941, -25.470575671266744 ], [ -49.397575227999937, -25.470592238266732 ], [ -49.39755713499995, -25.470608588266749 ], [ -49.397538823999973, -25.470624502266759 ], [ -49.397520294999936, -25.47063932526677 ], [ -49.397500021999974, -25.47065436726675 ], [ -49.397479312999963, -25.470666575266733 ], [ -49.397458167999957, -25.470674858266737 ], [ -49.397436151999955, -25.470683142266783 ], [ -49.397413044999951, -25.470691644266729 ], [ -49.397391245999984, -25.470699710266757 ], [ -49.397368574999973, -25.470708648266765 ], [ -49.397346121999924, -25.47071758526678 ], [ -49.397325194999951, -25.470726087266737 ], [ -49.397303614999949, -25.470733935266729 ], [ -49.397280071999944, -25.470740039266754 ], [ -49.397257618999959, -25.470746796266749 ], [ -49.397238653999977, -25.470753118266746 ], [ -49.397214456999961, -25.470760530266741 ], [ -49.397190697, -25.470766198266784 ], [ -49.397166717999937, -25.470771648266776 ], [ -49.397140340999961, -25.470774700266787 ], [ -49.397115271999951, -25.470776008266768 ], [ -49.397088677999932, -25.470777752266738 ], [ -49.39706164699993, -25.470780150266723 ], [ -49.397034616999974, -25.470782984266776 ], [ -49.39700758599998, -25.470784728266743 ], [ -49.396981427999954, -25.470784728266743 ], [ -49.39695461499997, -25.470784073266746 ], [ -49.396926929999943, -25.470782766266755 ], [ -49.396898809999982, -25.470782548266772 ], [ -49.396869816999981, -25.470781458266764 ], [ -49.396841914999982, -25.470776662266786 ], [ -49.396814447999986, -25.470769686266785 ], [ -49.396785891999961, -25.470759876266786 ], [ -49.396757334999961, -25.470747451266767 ], [ -49.396725944999964, -25.470732845266774 ], [ -49.396695644999966, -25.470715623266784 ], [ -49.396667305999983, -25.470694696266744 ], [ -49.396638967999934, -25.47066984426678 ], [ -49.396611500999938, -25.47063932526677 ], [ -49.396584687999962, -25.470608806266767 ], [ -49.396560928, -25.470576107266734 ], [ -49.396540218999966, -25.47054515226673 ], [ -49.396522561999973, -25.470517249266745 ], [ -49.396515149999971, -25.470503297266784 ], [ -49.396497274999945, -25.470465802266776 ], [ -49.396486375999984, -25.470442041266764 ], [ -49.396476347999965, -25.470418279266731 ], [ -49.39646784699994, -25.470394300266754 ], [ -49.396459126999957, -25.470370538266732 ], [ -49.396451278999962, -25.470346777266776 ], [ -49.396444303999935, -25.470322580266757 ], [ -49.396439725999976, -25.470297074266771 ], [ -49.396436237999978, -25.470269389266758 ], [ -49.396433403999936, -25.470242576266774 ], [ -49.396430788999965, -25.470215762266758 ], [ -49.396429479999938, -25.470191347266777 ], [ -49.396429044999941, -25.470166496266792 ], [ -49.396430569999957, -25.470139900266798 ], [ -49.396433403999936, -25.470112651266763 ], [ -49.396435801999985, -25.470084748266782 ], [ -49.39643689199994, -25.47005858926676 ], [ -49.396438417999953, -25.470032647266788 ], [ -49.396441033999963, -25.470006706266798 ], [ -49.396445829999948, -25.469979021266788 ], [ -49.396450406999975, -25.469951335266767 ], [ -49.396453676999954, -25.46992365026675 ], [ -49.396457164999958, -25.46989596526679 ], [ -49.396461088999956, -25.469873947266748 ], [ -49.396468281999944, -25.469843864266796 ], [ -49.396473949999972, -25.469823809266806 ], [ -49.396479835999969, -25.469800047266784 ], [ -49.396486592999963, -25.469777594266802 ], [ -49.396492697, -25.469754923266802 ], [ -49.396499018999982, -25.469733995266765 ], [ -49.396507520999933, -25.469712849266781 ], [ -49.396514931999945, -25.469692576266755 ], [ -49.396523651999985, -25.469672739266795 ], [ -49.396531280999966, -25.469652901266784 ], [ -49.396540872999935, -25.469635680266766 ], [ -49.39655068199994, -25.469619330266756 ], [ -49.39656070999996, -25.469605160266777 ], [ -49.396572044999971, -25.469592299266758 ], [ -49.396584469999937, -25.46957834726679 ], [ -49.39659667799998, -25.469563959266782 ], [ -49.396608666999953, -25.469550008266761 ], [ -49.396619783999938, -25.469536928266788 ], [ -49.396631119999945, -25.469523194266788 ], [ -49.396640711999964, -25.46951120526677 ], [ -49.396652700999937, -25.469498779266804 ], [ -49.39666316399996, -25.469485700266773 ], [ -49.396674499999961, -25.469473492266793 ], [ -49.396686052999939, -25.469461720266786 ], [ -49.396697824999933, -25.469450602266761 ], [ -49.396709159999951, -25.469439267266797 ], [ -49.396720930999955, -25.469427713266775 ], [ -49.396733792999953, -25.469417249266773 ], [ -49.396746653999969, -25.469405041266779 ], [ -49.396758642999941, -25.469395450266791 ], [ -49.396770632999953, -25.469383678266805 ], [ -49.396781967999971, -25.469375394266766 ], [ -49.396793303999971, -25.469366893266791 ], [ -49.396804638999981, -25.469357955266787 ], [ -49.396815973999935, -25.469348799266822 ], [ -49.39682752799996, -25.469340079266775 ], [ -49.396838862999978, -25.469331796266776 ], [ -49.396849980999946, -25.469323948266776 ], [ -49.396861533999981, -25.469316536266778 ], [ -49.39687265099996, -25.469308470266807 ], [ -49.396883986999967, -25.469299968266792 ], [ -49.396895321999978, -25.469293210266805 ], [ -49.396907093999971, -25.469286453266772 ], [ -49.396917338999977, -25.469281003266811 ], [ -49.39692823799993, -25.469274463266796 ], [ -49.396937829999956, -25.469266833266769 ], [ -49.396947638999961, -25.469260293266814 ], [ -49.396956576999969, -25.469252881266808 ], [ -49.396966385999974, -25.469245034266805 ], [ -49.396975105999964, -25.469238494266794 ], [ -49.396983171999985, -25.469230646266798 ], [ -49.396990800999959, -25.469225414266823 ], [ -49.396998212999968, -25.469218874266804 ], [ -49.397006277999935, -25.469211681266806 ], [ -49.397014779999949, -25.469205577266788 ], [ -49.397020883999971, -25.469200999266782 ], [ -49.397029820999933, -25.469195767266797 ], [ -49.39703875899994, -25.469190535266765 ], [ -49.397047913999977, -25.469186393266806 ], [ -49.397057505999953, -25.469182469266801 ], [ -49.397066006999978, -25.469178981266801 ], [ -49.397074508999935, -25.46917527626681 ], [ -49.397082137999973, -25.469171570266791 ], [ -49.397089767999944, -25.46916764626679 ], [ -49.397096961999978, -25.469163722266785 ], [ -49.39710262899996, -25.469159798266787 ], [ -49.397110258999938, -25.469156964266816 ], [ -49.397115707999944, -25.469154784266774 ], [ -49.397121375999973, -25.469152822266778 ], [ -49.397126607999951, -25.46915086026678 ], [ -49.397131403999936, -25.469148462266791 ], [ -49.397135980999956, -25.469146064266802 ], [ -49.397140340999954, -25.469144538266796 ], [ -49.39714491899997, -25.469143448266774 ], [ -49.397148842999975, -25.469143230266816 ], [ -49.397152765999977, -25.469143230266816 ], [ -49.397156253999981, -25.469143666266799 ], [ -49.397159959999954, -25.469144538266796 ], [ -49.397162793999939, -25.469145410266776 ], [ -49.397165409999957, -25.469145846266773 ], [ -49.397167153999931, -25.469145846266773 ], [ -49.397168679999929, -25.469145846266773 ], [ -49.397169987999973, -25.469145846266773 ], [ -49.397207471999941, -25.469149411266809 ], [ -49.397220447999985, -25.469150645266783 ], [ -49.39724563, -25.469153040266811 ] ] ] } },
{ "type": "Feature", "properties": { "num_setor": "PR_CAMPOLA_SR_009_SGB", "munic": "CAMPO LARGO", "grau_risco": "Muito alto", "distancia_km": 1.36, "chuva_24h": 14.3, "chuva_72h": 26.6, "fonte_estacao": "openmeteo", "codigo_estacao": "openmeteo", "nome_estacao": "Open-Meteo (célula de grade)" }, "geometry": { "type": "Polygon", "coordinates": [ [ [ -49.410821569999939, -25.46549845826685 ], [ -49.410949744999982, -25.465519678266865 ], [ -49.410958737999977, -25.465639577266888 ], [ -49.410736922999945, -25.465627587266869 ], [ -49.410503118999948, -25.465615597266851 ], [ -49.410509113999971, -25.465744489266864 ], [ -49.410506116999954, -25.46586139126687 ], [ -49.410395209999933, -25.465873381266835 ], [ -49.410353244999946, -25.465819427266887 ], [ -49.410242337999932, -25.465828419266881 ], [ -49.410211, -25.465774999266866 ], [ -49.410128432999954, -25.465804439266851 ], [ -49.410044502999938, -25.46582542226686 ], [ -49.409915610999967, -25.465837412266875 ], [ -49.40992, -25.465914999266847 ], [ -49.409720774999982, -25.465963306266882 ], [ -49.409717776999969, -25.466239075266866 ], [ -49.409567902999981, -25.466275045266858 ], [ -49.409570899999949, -25.466370965266826 ], [ -49.408962409999958, -25.466358975266871 ], [ -49.408965406999975, -25.466296027266825 ], [ -49.409043341999961, -25.466269050266884 ], [ -49.409058328999947, -25.466206103266867 ], [ -49.409324599999934, -25.466164518266861 ], [ -49.409357414999931, -25.466081453266856 ], [ -49.409402005999937, -25.466020140266856 ], [ -49.409399689999987, -25.465942133266832 ], [ -49.409429874999944, -25.465938391266842 ], [ -49.409511441999946, -25.465890154266852 ], [ -49.409569793999935, -25.465816226266856 ], [ -49.409680698999978, -25.465769317266869 ], [ -49.409642191999978, -25.465666200266881 ], [ -49.409645171999955, -25.465661731266859 ], [ -49.409650970999962, -25.465589095266889 ], [ -49.410017441999969, -25.465545086266864 ], [ -49.410019378999948, -25.465543745266892 ], [ -49.410021463999954, -25.465542255266847 ], [ -49.410023549999941, -25.465540766266844 ], [ -49.410025039999937, -25.465539276266856 ], [ -49.410026230999968, -25.465538084266846 ], [ -49.410026826999967, -25.465536296266883 ], [ -49.410026975999983, -25.465534211266874 ], [ -49.410027422999967, -25.465531827266851 ], [ -49.410027422999974, -25.465529146266839 ], [ -49.410027422999974, -25.465526762266869 ], [ -49.410027422999967, -25.465524826266872 ], [ -49.410027422999974, -25.465523783266882 ], [ -49.410027720999949, -25.465522442266849 ], [ -49.410028316999956, -25.465521399266855 ], [ -49.410007698999948, -25.46544974926686 ], [ -49.410338020999973, -25.465356786266888 ], [ -49.410341297999935, -25.465354700266882 ], [ -49.410344128999952, -25.46535321026689 ], [ -49.410348299999953, -25.465351870266854 ], [ -49.410353215999976, -25.465350529266878 ], [ -49.410357386999976, -25.465349039266894 ], [ -49.410362004999975, -25.465347996266907 ], [ -49.410367218999966, -25.465347102266854 ], [ -49.410372729999949, -25.465346358266881 ], [ -49.41037868899997, -25.465345315266884 ], [ -49.410384945999965, -25.465344570266851 ], [ -49.410390606999961, -25.465343378266844 ], [ -49.410396862999967, -25.465342037266876 ], [ -49.410403119999962, -25.465341292266864 ], [ -49.410409376999951, -25.465340697266889 ], [ -49.410416377999979, -25.465339952266863 ], [ -49.410423825999935, -25.465339207266847 ], [ -49.410431125999935, -25.465338313266869 ], [ -49.410438126999964, -25.465337419266877 ], [ -49.410445426999956, -25.465336674266865 ], [ -49.410452129999946, -25.465336376266883 ], [ -49.410459727999978, -25.465336227266878 ], [ -49.410466281999959, -25.465335781266866 ], [ -49.410472985999952, -25.465335036266843 ], [ -49.410479241999951, -25.465333844266883 ], [ -49.41048669099996, -25.46533324826688 ], [ -49.410493393999957, -25.465332354266845 ], [ -49.410501289999956, -25.465331460266864 ], [ -49.410509035999951, -25.465330269266897 ], [ -49.410519016999956, -25.465328332266864 ], [ -49.410528252999939, -25.465326842266869 ], [ -49.41053704199993, -25.465325799266882 ], [ -49.410546128999954, -25.465325799266882 ], [ -49.41055476899993, -25.465325650266855 ], [ -49.41056325999994, -25.465325650266855 ], [ -49.410572048999931, -25.465325948266901 ], [ -49.410580540999945, -25.465325948266901 ], [ -49.410588584999978, -25.465325948266901 ], [ -49.410595138999952, -25.465325948266901 ], [ -49.410601693999979, -25.465326544266894 ], [ -49.410608694999958, -25.465326842266869 ], [ -49.410615994999944, -25.465327140266847 ], [ -49.410622846999956, -25.465327438266879 ], [ -49.410628656999961, -25.465328034266889 ], [ -49.410634913999957, -25.465328332266864 ], [ -49.410640574999938, -25.465328332266864 ], [ -49.410646085999986, -25.465328183266852 ], [ -49.410651895999933, -25.465327885266866 ], [ -49.410657854999954, -25.465327587266898 ], [ -49.410664706999967, -25.465327289266863 ], [ -49.410670814999946, -25.465327289266863 ], [ -49.410677071999942, -25.465326991266892 ], [ -49.410684221999986, -25.465326693266856 ], [ -49.410690627999941, -25.465326395266885 ], [ -49.410697330999938, -25.465326395266885 ], [ -49.41070463099993, -25.465326097266857 ], [ -49.41071312199994, -25.465326097266846 ], [ -49.41071937899995, -25.465326097266846 ], [ -49.41072548599994, -25.465326097266839 ], [ -49.410732338999935, -25.465326395266885 ], [ -49.410739190999948, -25.465327289266863 ], [ -49.410746788999973, -25.465328183266845 ], [ -49.410753342999953, -25.46532907726688 ], [ -49.410758854999983, -25.465330269266897 ], [ -49.410763621999934, -25.465331758266895 ], [ -49.410768090999966, -25.465333844266883 ], [ -49.410772410999982, -25.465335632266854 ], [ -49.410776581999976, -25.465339058266888 ], [ -49.410781050999958, -25.465341144266876 ], [ -49.410785221999959, -25.465343378266844 ], [ -49.410789392999959, -25.465345613266855 ], [ -49.410792521999952, -25.465347400266893 ], [ -49.410795500999932, -25.465348890266871 ], [ -49.41079877799995, -25.465350529266878 ], [ -49.410802055999966, -25.465352316266856 ], [ -49.410805034999953, -25.465354253266892 ], [ -49.410807417999933, -25.465356041266862 ], [ -49.410809503999978, -25.465357828266889 ], [ -49.410811738999939, -25.46535872226687 ], [ -49.410814121999977, -25.465360063266893 ], [ -49.410816058999956, -25.465361553266881 ], [ -49.410818292999977, -25.465362744266848 ], [ -49.410820229999956, -25.465364383266852 ], [ -49.410822463999978, -25.465366171266869 ], [ -49.41082499699997, -25.46536795826685 ], [ -49.410827230999985, -25.465370044266848 ], [ -49.410829167999957, -25.465372279266855 ], [ -49.410830507999947, -25.465373917266866 ], [ -49.410831550999944, -25.465376599266872 ], [ -49.410832146999951, -25.465381515266891 ], [ -49.410832295999967, -25.465385239266837 ], [ -49.410832742999958, -25.465388517266852 ], [ -49.410833636999939, -25.465391645266848 ], [ -49.41083482899996, -25.465394326266871 ], [ -49.410835721999945, -25.465397008266866 ], [ -49.410836168999936, -25.465400881266888 ], [ -49.410836466999967, -25.465403712266859 ], [ -49.410836615999983, -25.465406691266853 ], [ -49.410836764999942, -25.465409373266848 ], [ -49.410836764999935, -25.465412054266867 ], [ -49.410836764999942, -25.465414438266894 ], [ -49.410836764999942, -25.46541697026688 ], [ -49.410836764999935, -25.465419354266842 ], [ -49.410836764999935, -25.465421290266839 ], [ -49.410836168999936, -25.465422780266888 ], [ -49.410835274999961, -25.465424866266883 ], [ -49.410834679999937, -25.465427398266879 ], [ -49.410833785999955, -25.465429782266856 ], [ -49.410833487999987, -25.465431867266858 ], [ -49.410833487999987, -25.465434251266885 ], [ -49.410833487999973, -25.46543633626688 ], [ -49.41083348799998, -25.465438422266878 ], [ -49.41083348799998, -25.465440359266861 ], [ -49.410832295999967, -25.465443636266876 ], [ -49.41083169999996, -25.465446467266897 ], [ -49.410831103999953, -25.465449744266852 ], [ -49.410831103999961, -25.465453766266851 ], [ -49.410831103999961, -25.465456448266853 ], [ -49.410830805999979, -25.465459278266874 ], [ -49.410830805999979, -25.465461960266875 ], [ -49.410830805999979, -25.465464492266875 ], [ -49.410830805999979, -25.465466876266902 ], [ -49.41083050799994, -25.465468663266872 ], [ -49.41083050799994, -25.465469855266878 ], [ -49.41083050799994, -25.465471047266895 ], [ -49.41083050799994, -25.465472537266884 ], [ -49.410829912999986, -25.465474324266864 ], [ -49.41082931699998, -25.465476410266849 ], [ -49.410828720999973, -25.465478049266856 ], [ -49.410828124999973, -25.465479538266852 ], [ -49.41082752899996, -25.465481326266875 ], [ -49.41082693299996, -25.465483263266851 ], [ -49.410826336999946, -25.46548475226686 ], [ -49.410825740999933, -25.465486242266845 ], [ -49.410825443999954, -25.465487434266858 ], [ -49.410824549999965, -25.465489221266882 ], [ -49.410823953999966, -25.465491009266859 ], [ -49.410823357999959, -25.46549324426686 ], [ -49.410822761999952, -25.465494882266878 ], [ -49.410822463999978, -25.465496074266881 ], [ -49.410822165999946, -25.465497266266848 ], [ -49.410821569999939, -25.46549845826685 ] ] ] } },
{ "type": "Feature", "properties": { "num_setor": "PR_CAMPOLA_SR_026_SGB", "munic": "CAMPO LARGO", "grau_risco": "Muito alto", "distancia_km": 1.37, "chuva_24h": 17.0, "chuva_72h": 35.1, "fonte_estacao": "openmeteo", "codigo_estacao": "openmeteo", "nome_estacao": "Open-Meteo (célula de grade)" }, "geometry": { "type": "Polygon", "coordinates": [ [ [ -49.484612378999934, -25.442206322267328 ], [ -49.484610172999965, -25.442220663267332 ], [ -49.48460928999998, -25.442236328267363 ], [ -49.484607966999931, -25.442252434267353 ], [ -49.484607083999947, -25.442266775267335 ], [ -49.48460708399994, -25.442281557267336 ], [ -49.484607083999947, -25.442297884267361 ], [ -49.48460730499994, -25.442314873267375 ], [ -49.48460730499994, -25.442333185267319 ], [ -49.48460730499994, -25.442350174267336 ], [ -49.484606863999936, -25.442366280267372 ], [ -49.484605539999961, -25.44238437226738 ], [ -49.48460421599998, -25.442401581267333 ], [ -49.484601788999953, -25.442418569267367 ], [ -49.484599141999979, -25.442436441267365 ], [ -49.484595390999971, -25.442454091267326 ], [ -49.484591419999958, -25.442471080267328 ], [ -49.48458766899995, -25.442486965267328 ], [ -49.484583918999938, -25.442501306267324 ], [ -49.484579947, -25.44251542626732 ], [ -49.484575534999969, -25.442529768267356 ], [ -49.484570459999986, -25.442544109267356 ], [ -49.484567371999958, -25.44255668526732 ], [ -49.484563620999957, -25.442572129267365 ], [ -49.484561414999973, -25.442586029267371 ], [ -49.484559649999937, -25.442597281267332 ], [ -49.484557442999971, -25.442607430267334 ], [ -49.484555236999945, -25.442615593267348 ], [ -49.484552368999971, -25.442625521267335 ], [ -49.484550162999945, -25.442636994267318 ], [ -49.484549279999953, -25.442650453267312 ], [ -49.484547956999961, -25.442664132267318 ], [ -49.484545308999941, -25.442675605267347 ], [ -49.48454221999998, -25.442684651267353 ], [ -49.484539131999952, -25.442693476267369 ], [ -49.484536262999939, -25.442703846267349 ], [ -49.484534056999969, -25.442712671267355 ], [ -49.484531850999986, -25.442720393267329 ], [ -49.48453008599995, -25.44272612926736 ], [ -49.484528320999971, -25.442731866267341 ], [ -49.484526996999932, -25.442737823267333 ], [ -49.484525231999953, -25.442743780267321 ], [ -49.484523025999977, -25.442751281267352 ], [ -49.484521701999938, -25.442758562267308 ], [ -49.484521260999934, -25.442766725267337 ], [ -49.484520377999957, -25.442772682267318 ], [ -49.484519054999964, -25.442777978267355 ], [ -49.48451618699994, -25.442783935267336 ], [ -49.484513097999972, -25.442789671267324 ], [ -49.484510449999959, -25.442796290267353 ], [ -49.484508684999987, -25.442803350267337 ], [ -49.484506478999947, -25.442809307267321 ], [ -49.484504713999968, -25.442813499267334 ], [ -49.484502066999944, -25.442817912267326 ], [ -49.48448789899993, -25.442899125267306 ], [ -49.48442195399997, -25.443102954267353 ], [ -49.48406824999995, -25.443048999267351 ], [ -49.484092229999938, -25.442842173267344 ], [ -49.484113211999947, -25.442638343267323 ], [ -49.484281071999931, -25.442656328267308 ], [ -49.484296058999973, -25.442524439267334 ], [ -49.484332625999969, -25.442531312267338 ], [ -49.484333508999953, -25.442526458267345 ], [ -49.484334832999942, -25.442522928267337 ], [ -49.484335493999936, -25.44251983926732 ], [ -49.484335714999986, -25.442516971267363 ], [ -49.484335935999987, -25.442514544267329 ], [ -49.484335935999979, -25.44251255826736 ], [ -49.484335935999979, -25.442510131267333 ], [ -49.484336155999976, -25.442507704267353 ], [ -49.484336155999983, -25.442504836267325 ], [ -49.48433659799997, -25.442501747267375 ], [ -49.48433659799997, -25.442499100267341 ], [ -49.48433659799997, -25.442496452267321 ], [ -49.48433659799997, -25.442493805267347 ], [ -49.48433659799997, -25.442491598267324 ], [ -49.484336817999974, -25.442489392267351 ], [ -49.484337258999972, -25.442486303267327 ], [ -49.484337700999959, -25.44248343526737 ], [ -49.484337920999963, -25.442481008267336 ], [ -49.484337920999963, -25.442479022267364 ], [ -49.484338362999949, -25.442477037267331 ], [ -49.484338803999947, -25.442475492267352 ], [ -49.484338803999947, -25.442473948267359 ], [ -49.484338803999947, -25.442472403267328 ], [ -49.484338803999947, -25.442471300267346 ], [ -49.484339023999951, -25.442470197267365 ], [ -49.484339023999958, -25.442468432267319 ], [ -49.484338582999953, -25.44246732926733 ], [ -49.484337258999972, -25.442466005267349 ], [ -49.484336376999977, -25.442464461267367 ], [ -49.484336376999977, -25.442462475267334 ], [ -49.484335935999979, -25.442461372267339 ], [ -49.484335935999979, -25.442459827267367 ], [ -49.484335493999943, -25.442457842267338 ], [ -49.484335052999938, -25.44245497426737 ], [ -49.484335052999938, -25.442452326267354 ], [ -49.484335052999938, -25.442449899267309 ], [ -49.484335273999925, -25.442448575267338 ], [ -49.484336155999983, -25.442446810267359 ], [ -49.484337038999968, -25.442444163267329 ], [ -49.484338141999956, -25.442441074267364 ], [ -49.484339244999944, -25.442437544267353 ], [ -49.48434100999998, -25.442434234267338 ], [ -49.484348731999944, -25.442212279267363 ], [ -49.484206134999965, -25.442188720267378 ], [ -49.48423311199997, -25.441993883267347 ], [ -49.484601802999975, -25.442047838267346 ], [ -49.484612378999934, -25.442206322267328 ] ] ] } },
{ "type": "Feature", "properties": { "num_setor": "PR_CAMPOLA_SR_027_SGB", "munic": "CAMPO LARGO", "grau_risco": "Muito alto", "distancia_km": 1.84, "chuva_24h": 15.3, "chuva_72h": 24.9, "fonte_estacao": "openmeteo", "codigo_estacao": "openmeteo", "nome_estacao": "Open-Meteo (célula de grade)" }, "geometry": { "type": "Polygon", "coordinates": [ [ [ -49.473995684999977, -25.448213674267254 ], [ -49.474031156999956, -25.448230160267236 ], [ -49.473988442999939, -25.448341067267204 ], [ -49.47389166399995, -25.448312272267206 ], [ -49.47387940599998, -25.448308863267226 ], [ -49.473871033999956, -25.448306535267239 ], [ -49.473741899999936, -25.44827062626721 ], [ -49.473806345999947, -25.448138736267232 ], [ -49.473844891999924, -25.448152918267212 ], [ -49.473846517999959, -25.448152918267212 ], [ -49.473848238999949, -25.448153014267216 ], [ -49.473850725999966, -25.448153205267246 ], [ -49.473853308999935, -25.44815368326725 ], [ -49.473855699999945, -25.448154448267235 ], [ -49.473858281999981, -25.448155118267248 ], [ -49.47386067399998, -25.448155787267233 ], [ -49.47386316099994, -25.448156361267234 ], [ -49.473866125999955, -25.448157222267227 ], [ -49.47386956899993, -25.448158083267217 ], [ -49.473872533999952, -25.448158753267236 ], [ -49.473875498999973, -25.448159518267207 ], [ -49.473877985999934, -25.4481603792672 ], [ -49.473880472999952, -25.448161622267246 ], [ -49.473883628999943, -25.448162961267244 ], [ -49.473887072999958, -25.448163727267218 ], [ -49.473889941999964, -25.448164396267238 ], [ -49.47389252499994, -25.448165448267211 ], [ -49.47389558499998, -25.448167170267251 ], [ -49.473898741999967, -25.448168987267248 ], [ -49.473900845999943, -25.448170231267209 ], [ -49.473902854999949, -25.448170805267225 ], [ -49.47390581999997, -25.448171474267252 ], [ -49.473908879999961, -25.448172622267222 ], [ -49.473912418999937, -25.44817443926722 ], [ -49.47391614999998, -25.4481762572672 ], [ -49.473919879999983, -25.448178074267197 ], [ -49.473923992999971, -25.448180274267251 ], [ -49.473929061999968, -25.448182761267212 ], [ -49.473933078999949, -25.448184578267192 ], [ -49.47396720699993, -25.448200439267207 ], [ -49.473985708999976, -25.448209038267219 ], [ -49.473995684999977, -25.448213674267254 ] ] ] } },
{ "type": "Feature", "properties": { "num_setor": "PR_CAMPOLA_SR_024_SGB", "munic": "CAMPO LARGO", "grau_risco": "Muito alto", "distancia_km": 1.43, "chuva_24h": 11.9, "chuva_72h": 26.0, "fonte_estacao": "openmeteo", "codigo_estacao": "openmeteo", "nome_estacao": "Open-Meteo (célula de grade)" }, "geometry": { "type": "Polygon", "coordinates": [ [ [ -49.413469470999985, -25.427408576267638 ], [ -49.413470354999959, -25.427407139267665 ], [ -49.413471460999972, -25.427405590267671 ], [ -49.413472788999975, -25.427404263267665 ], [ -49.413474115999975, -25.427403046267628 ], [ -49.413475221999931, -25.427402161267668 ], [ -49.413476659999958, -25.427401276267656 ], [ -49.413477765999971, -25.427400392267671 ], [ -49.413479092999978, -25.427399175267645 ], [ -49.413480862999961, -25.427398069267685 ], [ -49.413482189999968, -25.427397405267662 ], [ -49.413483516999975, -25.427396299267642 ], [ -49.413484622999931, -25.427395414267679 ], [ -49.413486060999951, -25.427394972267635 ], [ -49.413487609999947, -25.427394529267652 ], [ -49.41348926899996, -25.427394087267686 ], [ -49.413491480999944, -25.427393423267652 ], [ -49.41349391399995, -25.427392981267666 ], [ -49.413496346999978, -25.427392317267639 ], [ -49.413498558999947, -25.427391211267679 ], [ -49.41350021799996, -25.427390990267686 ], [ -49.413503093999964, -25.427390990267686 ], [ -49.413505526999984, -25.427391322267638 ], [ -49.41350906699995, -25.427391322267638 ], [ -49.413512384999933, -25.427391101267652 ], [ -49.413515370999953, -25.427390879267666 ], [ -49.41351835699993, -25.427390216267678 ], [ -49.413521343999946, -25.427389552267659 ], [ -49.413524993999943, -25.427389110267665 ], [ -49.41352886499994, -25.427389110267665 ], [ -49.413533399999949, -25.427389110267665 ], [ -49.413538155999959, -25.427389110267665 ], [ -49.413544017999982, -25.427388888267625 ], [ -49.413551095999935, -25.427388225267645 ], [ -49.413558727999941, -25.42738756126769 ], [ -49.413567133999948, -25.427387561267679 ], [ -49.413574654999934, -25.427387561267679 ], [ -49.413582175999977, -25.42738756126769 ], [ -49.413589585999937, -25.427387561267679 ], [ -49.41359655399998, -25.427387893267639 ], [ -49.413603190999943, -25.427388446267649 ], [ -49.41360927399996, -25.427389110267665 ], [ -49.413614803999963, -25.427389663267675 ], [ -49.413620333999972, -25.427390437267686 ], [ -49.413625089999975, -25.427391322267638 ], [ -49.413630398999942, -25.427392096267649 ], [ -49.413635818999978, -25.427392428267645 ], [ -49.413641016999975, -25.427392870267639 ], [ -49.413646436999954, -25.427393202267663 ], [ -49.413652519999971, -25.427393423267652 ], [ -49.413659044999967, -25.427393423267652 ], [ -49.41366656699995, -25.427393423267652 ], [ -49.413674861999937, -25.427393755267659 ], [ -49.413683599999963, -25.427395082267669 ], [ -49.413692557999973, -25.427396963267672 ], [ -49.413702291999982, -25.427399285267676 ], [ -49.413713130999952, -25.427401829267652 ], [ -49.413723969999978, -25.427404373267638 ], [ -49.413734697999985, -25.427406475267638 ], [ -49.413745758999937, -25.427408576267638 ], [ -49.413756708999983, -25.427411231267648 ], [ -49.41376732699996, -25.427414549267677 ], [ -49.413778718999936, -25.427418642267664 ], [ -49.413789446999942, -25.427422734267644 ], [ -49.413800175999938, -25.42742837526767 ], [ -49.413809466999965, -25.42743180426767 ], [ -49.413820637999947, -25.427436449267663 ], [ -49.41383158699994, -25.427440321267639 ], [ -49.413841872999967, -25.427443528267666 ], [ -49.413852601999963, -25.427446957267659 ], [ -49.413862666999933, -25.427451934267665 ], [ -49.413872510999958, -25.427457575267635 ], [ -49.413881911999965, -25.427462553267631 ], [ -49.413890981999941, -25.427466756267634 ], [ -49.413899718999978, -25.427470737267658 ], [ -49.413907792999971, -25.427475051267681 ], [ -49.413916309999927, -25.427479807267638 ], [ -49.413925600999967, -25.427485780267673 ], [ -49.413935111999926, -25.427492085267673 ], [ -49.413944181999966, -25.427497836267676 ], [ -49.413952587999965, -25.427502813267687 ], [ -49.413960661999965, -25.427507901267649 ], [ -49.413968293999979, -25.427512989267672 ], [ -49.413974818999982, -25.427517635267652 ], [ -49.413980459999948, -25.427522170267672 ], [ -49.413986432999934, -25.427528032267627 ], [ -49.413992957999938, -25.427533673267661 ], [ -49.413998930999973, -25.42753931426763 ], [ -49.414004681999984, -25.427545397267657 ], [ -49.414010764999944, -25.427553361267677 ], [ -49.414015742999943, -25.427562873267632 ], [ -49.414021935999983, -25.427573823267675 ], [ -49.414027687999976, -25.427584884267628 ], [ -49.414033438999972, -25.427596276267664 ], [ -49.414038084999959, -25.42760789026768 ], [ -49.414042397999935, -25.427619946267683 ], [ -49.414046821999932, -25.427632666267652 ], [ -49.414051798999935, -25.427645164267648 ], [ -49.414057218999979, -25.427657773267644 ], [ -49.414061532999938, -25.427670272267633 ], [ -49.414064518999957, -25.427681554267632 ], [ -49.414067172999978, -25.427692615267638 ], [ -49.414069495999968, -25.427703786267625 ], [ -49.414071928999931, -25.427715842267627 ], [ -49.414073587999951, -25.427729447267666 ], [ -49.414074140999958, -25.427743494267652 ], [ -49.414074140999958, -25.427755992267649 ], [ -49.414073477999978, -25.427767827267644 ], [ -49.414072150999971, -25.427778224267637 ], [ -49.414070712999951, -25.427787847267677 ], [ -49.414068610999948, -25.427797470267652 ], [ -49.414066619999971, -25.427806871267656 ], [ -49.414064407999945, -25.427815388267625 ], [ -49.414061974999981, -25.427821914267685 ], [ -49.414058656999941, -25.427827002267652 ], [ -49.414054785999951, -25.427831537267661 ], [ -49.414050692999979, -25.427835629267644 ], [ -49.414045826999939, -25.427839611267657 ], [ -49.414042950999942, -25.427842597267624 ], [ -49.414039300999946, -25.427844920267663 ], [ -49.414035429999963, -25.427846800267616 ], [ -49.414031669999986, -25.427848459267643 ], [ -49.414028019999932, -25.427849344267663 ], [ -49.414024258999973, -25.427849897267681 ], [ -49.41402071999994, -25.42785022926763 ], [ -49.41401629599995, -25.427850671267674 ], [ -49.414011649999964, -25.427851225267666 ], [ -49.41400667299996, -25.427851335267633 ], [ -49.41400191699995, -25.427851114267646 ], [ -49.413997381999941, -25.427850450267673 ], [ -49.413992515999958, -25.427849344267663 ], [ -49.413986653999984, -25.427848238267647 ], [ -49.413980570999968, -25.42784735326763 ], [ -49.413974597999982, -25.42784691126764 ], [ -49.413968403999938, -25.42784580526763 ], [ -49.413962320999978, -25.427844256267647 ], [ -49.413956569999982, -25.42784292926763 ], [ -49.413950596999939, -25.427841381267633 ], [ -49.413943960999966, -25.427840274267627 ], [ -49.413937102999967, -25.42783883726765 ], [ -49.413929802999967, -25.42783795226763 ], [ -49.413922171999957, -25.427836624267631 ], [ -49.413913544999957, -25.42783507626763 ], [ -49.413905580999938, -25.427833196267624 ], [ -49.413897617999964, -25.427829988267668 ], [ -49.413888658999952, -25.427825896267635 ], [ -49.413878704999945, -25.427821692267639 ], [ -49.413868528999956, -25.427816052267652 ], [ -49.413858131999973, -25.427811074267659 ], [ -49.413847181999984, -25.427805212267643 ], [ -49.413834904999938, -25.427799682267629 ], [ -49.413822738999947, -25.427794483267636 ], [ -49.413810461999958, -25.42778895326763 ], [ -49.413798626999949, -25.427783754267647 ], [ -49.413786902999959, -25.427778556267647 ], [ -49.413774294999939, -25.42777346826762 ], [ -49.413762017999943, -25.427769375267658 ], [ -49.413749850999977, -25.427765283267664 ], [ -49.413737573999988, -25.427761191267628 ], [ -49.413725849999935, -25.427757541267638 ], [ -49.413714457999959, -25.427753559267622 ], [ -49.413702733999969, -25.427749798267666 ], [ -49.413692115999936, -25.427745706267629 ], [ -49.41368227199996, -25.42774183426765 ], [ -49.413672317999954, -25.427738184267653 ], [ -49.413662031999927, -25.427734203267633 ], [ -49.413651413999958, -25.42773188026765 ], [ -49.413640905999962, -25.427730331267661 ], [ -49.413629956999948, -25.427728894267666 ], [ -49.413619670999935, -25.427727124267626 ], [ -49.413609383999983, -25.427725354267647 ], [ -49.413598544999957, -25.427723916267684 ], [ -49.413588037999943, -25.42772281026766 ], [ -49.413578525999981, -25.42772192526764 ], [ -49.413571557999944, -25.427721040267627 ], [ -49.413562156999951, -25.427719713267667 ], [ -49.413552312999961, -25.427718386267671 ], [ -49.41354269, -25.427718165267681 ], [ -49.413536804999978, -25.427718165267681 ], [ -49.413535738999947, -25.427718165267681 ], [ -49.413533177999966, -25.42771816526767 ], [ -49.413524108999979, -25.427717943267631 ], [ -49.413515813999936, -25.427717501267651 ], [ -49.413507186999936, -25.42771728026765 ], [ -49.41349822799998, -25.427716616267627 ], [ -49.413488604999941, -25.427716395267634 ], [ -49.413480198999935, -25.427716395267634 ], [ -49.413473120999981, -25.427716395267634 ], [ -49.413465930999962, -25.427716395267634 ], [ -49.413458741999932, -25.427716505267661 ], [ -49.413451773999945, -25.427716948267648 ], [ -49.413444805999973, -25.427717501267651 ], [ -49.413437505999973, -25.427717943267631 ], [ -49.41343042699998, -25.427718607267661 ], [ -49.413423458999944, -25.42771916026766 ], [ -49.413416601999984, -25.427719381267664 ], [ -49.413410518999967, -25.427719160267667 ], [ -49.413404213999968, -25.427718496267641 ], [ -49.413397356999958, -25.427717169267634 ], [ -49.413390056999958, -25.427714846267651 ], [ -49.413382977999959, -25.427711749267658 ], [ -49.413376452999955, -25.427708321267637 ], [ -49.413370811999982, -25.427703122267655 ], [ -49.41336528199998, -25.427698366267649 ], [ -49.413360857999976, -25.427692836267642 ], [ -49.413356543999953, -25.427687305267632 ], [ -49.41335245199997, -25.427682771267676 ], [ -49.41334924399996, -25.427678678267636 ], [ -49.413346699999977, -25.42767392226763 ], [ -49.413469470999985, -25.427408576267638 ] ] ] } },
{ "type": "Feature", "properties": { "num_setor": "PR_CAMPOLA_SR_025_SGB", "munic": "CAMPO LARGO", "grau_risco": "Muito alto", "distancia_km": 0.88, "chuva_24h": 11.9, "chuva_72h": 26.0, "fonte_estacao": "openmeteo", "codigo_estacao": "openmeteo", "nome_estacao": "Open-Meteo (célula de grade)" }, "geometry": { "type": "Polygon", "coordinates": [ [ [ -49.457841956999971, -25.439227901267429 ], [ -49.457820604999945, -25.439651247267413 ], [ -49.456769853999958, -25.43956946726739 ], [ -49.456809504999967, -25.439180392267414 ], [ -49.4569, -25.439185999267409 ], [ -49.456944718999978, -25.438876494267387 ], [ -49.456989680999982, -25.438531783267432 ], [ -49.457028648999938, -25.438133117267412 ], [ -49.457027584999928, -25.438008210267427 ], [ -49.457270821999941, -25.438022660267411 ], [ -49.457288794999961, -25.437772568267437 ], [ -49.457284756999968, -25.437763915267425 ], [ -49.457281007999939, -25.437754398267462 ], [ -49.457276104999941, -25.437745169267458 ], [ -49.457272355999976, -25.437732478267467 ], [ -49.45726831799994, -25.437719211267417 ], [ -49.457262549999932, -25.437705368267448 ], [ -49.457257357999929, -25.437694985267424 ], [ -49.457253031999983, -25.437686909267452 ], [ -49.457248129999989, -25.437677392267435 ], [ -49.457244956999943, -25.437668162267439 ], [ -49.457241495999945, -25.437658933267443 ], [ -49.457237169999985, -25.437647973267449 ], [ -49.457233420999955, -25.43763470626746 ], [ -49.457229382999969, -25.437621151267461 ], [ -49.457226498999944, -25.437606730267458 ], [ -49.457224191999956, -25.437592310267441 ], [ -49.45722073099995, -25.437578466267475 ], [ -49.457216981999977, -25.437568660267438 ], [ -49.457212655999975, -25.437561161267443 ], [ -49.457208617999981, -25.437550201267456 ], [ -49.457202849999931, -25.437537799267457 ], [ -49.457196215999943, -25.437525974267462 ], [ -49.457190447999949, -25.437515015267461 ], [ -49.457184102999975, -25.43750319026746 ], [ -49.457178911999961, -25.437489634267454 ], [ -49.457174008999971, -25.437473772267452 ], [ -49.457171701999982, -25.437455313267471 ], [ -49.457169394999937, -25.437435990267456 ], [ -49.457167086999959, -25.437422146267444 ], [ -49.457163914999967, -25.437414647267452 ], [ -49.457160453999954, -25.437407725267434 ], [ -49.457157569999943, -25.437401669267423 ], [ -49.457154973999934, -25.437391862267457 ], [ -49.457151224999961, -25.437378595267475 ], [ -49.457147187999965, -25.437367059267427 ], [ -49.457143437999946, -25.43735754126747 ], [ -49.457139111999936, -25.437350043267468 ], [ -49.457134497999959, -25.437339371267427 ], [ -49.457129882999936, -25.437327258267462 ], [ -49.457124691999979, -25.43731283726747 ], [ -49.457119500999973, -25.437298705267473 ], [ -49.457114308999962, -25.43728515026746 ], [ -49.457109694999986, -25.437272171267445 ], [ -49.457105079999963, -25.437257462267475 ], [ -49.457100753999953, -25.437241599267427 ], [ -49.457095274999972, -25.437228620267476 ], [ -49.457089217999957, -25.43721737326743 ], [ -49.457083160999957, -25.437207278267451 ], [ -49.457077392999963, -25.437196030267426 ], [ -49.457071336999945, -25.437183340267488 ], [ -49.457064991999964, -25.437168919267474 ], [ -49.457056050999931, -25.437152480267439 ], [ -49.457047110999952, -25.437138924267447 ], [ -49.457038169999976, -25.437127388267445 ], [ -49.457032690999945, -25.437118158267474 ], [ -49.457026921999962, -25.437109217267441 ], [ -49.457021442999974, -25.437101719267435 ], [ -49.45701567499998, -25.437093932267477 ], [ -49.457009040999935, -25.437087587267442 ], [ -49.457004714999982, -25.437082395267435 ], [ -49.457001542999933, -25.43707951126747 ], [ -49.456998946999924, -25.437076627267444 ], [ -49.45699721699998, -25.43707432026746 ], [ -49.456995485999983, -25.437070858267465 ], [ -49.456993178999944, -25.437066821267461 ], [ -49.456989717999924, -25.437061629267461 ], [ -49.456986257, -25.437057591267479 ], [ -49.45698222, -25.437053554267479 ], [ -49.456978469999967, -25.437048651267432 ], [ -49.456973566999977, -25.437044324267422 ], [ -49.456968375999956, -25.437037979267455 ], [ -49.45696318499995, -25.437031634267488 ], [ -49.45695885899994, -25.43702702026745 ], [ -49.456954243999974, -25.437024712267466 ], [ -49.456949340999984, -25.437021828267444 ], [ -49.456944437999937, -25.437018944267482 ], [ -49.456939535999936, -25.437014618267462 ], [ -49.45693549799995, -25.437010869267443 ], [ -49.456931171999933, -25.437007985267481 ], [ -49.456927133999955, -25.437006254267466 ], [ -49.456923095999969, -25.43700394726747 ], [ -49.456919346999932, -25.437001063267466 ], [ -49.456914732999962, -25.436996736267464 ], [ -49.456909252999935, -25.436991256267433 ], [ -49.456907521999938, -25.436990103267465 ], [ -49.456905791999986, -25.436988372267468 ], [ -49.456904085999952, -25.436987243267463 ], [ -49.456826268999968, -25.436935736267447 ], [ -49.456716909999962, -25.436928126267432 ], [ -49.456657, -25.436922999267487 ], [ -49.456620989999976, -25.436919134267495 ], [ -49.456591014999958, -25.436718302267479 ], [ -49.456719906999979, -25.436697320267445 ], [ -49.456941461999982, -25.43670906626749 ], [ -49.45709732499995, -25.436724835267452 ], [ -49.457118105999939, -25.436726938267491 ], [ -49.457136515999935, -25.43672880026746 ], [ -49.457145168999944, -25.436729089267487 ], [ -49.457153820999956, -25.436729954267477 ], [ -49.457160453999961, -25.436731108267434 ], [ -49.45716766399994, -25.436731684267439 ], [ -49.457176892999939, -25.436732550267486 ], [ -49.457184391999931, -25.43673399226747 ], [ -49.457191313999942, -25.436735434267447 ], [ -49.457198811999945, -25.436737164267456 ], [ -49.457207752999977, -25.436739472267448 ], [ -49.457213231999958, -25.436741779267486 ], [ -49.457219865999946, -25.436745240267495 ], [ -49.45722563399994, -25.436749566267448 ], [ -49.45723053699993, -25.436753892267458 ], [ -49.457237169999985, -25.436758219267457 ], [ -49.457243226999935, -25.436763122267443 ], [ -49.457250724999945, -25.436768313267457 ], [ -49.457258223999986, -25.436774658267481 ], [ -49.45726716399998, -25.436785329267462 ], [ -49.45727783499995, -25.436796866267454 ], [ -49.457289082999971, -25.436808691267458 ], [ -49.457300041999986, -25.436820804267469 ], [ -49.457310136999972, -25.436832052267437 ], [ -49.457319653999946, -25.436841282267483 ], [ -49.457327152999937, -25.43685108826746 ], [ -49.457333208999955, -25.436859740267487 ], [ -49.457342149999931, -25.436868969267483 ], [ -49.457347340999952, -25.436877622267435 ], [ -49.457352243999935, -25.436886274267462 ], [ -49.457358011999986, -25.436894926267474 ], [ -49.457364356999953, -25.436905598267447 ], [ -49.457370701999935, -25.436916846267469 ], [ -49.457378199999937, -25.436930113267447 ], [ -49.457385698999985, -25.436943957267474 ], [ -49.457393196999931, -25.436956359267452 ], [ -49.457398676999958, -25.436966741267483 ], [ -49.457405886999943, -25.436977701267473 ], [ -49.457411366999963, -25.436988661267478 ], [ -49.457419153999979, -25.437002216267423 ], [ -49.45742520999994, -25.437014906267436 ], [ -49.457430689999974, -25.437027597267438 ], [ -49.457438476999975, -25.437041440267464 ], [ -49.457444244999969, -25.437054131267463 ], [ -49.457448282999962, -25.437067398267452 ], [ -49.457450589999944, -25.437081530267438 ], [ -49.457453473999976, -25.437096239267461 ], [ -49.457458088999942, -25.437112967267446 ], [ -49.457462991999932, -25.43712883026744 ], [ -49.457467893999933, -25.437144981267451 ], [ -49.457472796999973, -25.437159978267449 ], [ -49.457476257999986, -25.437174110267435 ], [ -49.457479141999954, -25.437189685267459 ], [ -49.45748260299996, -25.437204394267471 ], [ -49.457487217999983, -25.437219103267445 ], [ -49.457492408999933, -25.437234389267456 ], [ -49.457498176999934, -25.437249098267426 ], [ -49.457502502999944, -25.437262365267468 ], [ -49.457508270999938, -25.437277362267462 ], [ -49.457514038999932, -25.437293225267457 ], [ -49.457520383999963, -25.437308511267457 ], [ -49.457527017999951, -25.43732322026743 ], [ -49.457532785999952, -25.437337641267437 ], [ -49.457537688999935, -25.437350331267435 ], [ -49.45754547599995, -25.437364463267418 ], [ -49.457551531999961, -25.437378884267424 ], [ -49.457559319, -25.437390420267466 ], [ -49.457568547999983, -25.437402245267467 ], [ -49.457578641999937, -25.437415512267453 ], [ -49.457589601999977, -25.437430798267464 ], [ -49.457600848999959, -25.437444930267457 ], [ -49.457612096999981, -25.437457909267472 ], [ -49.457625363999966, -25.437470888267438 ], [ -49.457635169999946, -25.437483578267436 ], [ -49.457642667999949, -25.43749857526743 ], [ -49.457651319999968, -25.437514150267447 ], [ -49.457658530999929, -25.437526551267446 ], [ -49.457666317999958, -25.43754183726745 ], [ -49.457673528, -25.437559142267421 ], [ -49.457679872999961, -25.437575005267476 ], [ -49.457684774999954, -25.43758827226744 ], [ -49.457688812999947, -25.437600097267445 ], [ -49.457692273999946, -25.437613364267435 ], [ -49.457695157999979, -25.437625766267427 ], [ -49.457698041999947, -25.437641628267414 ], [ -49.457699772999945, -25.437657491267462 ], [ -49.457701502999953, -25.437674507267424 ], [ -49.457703232999961, -25.437690082267434 ], [ -49.457704963999959, -25.437704502267451 ], [ -49.457706693999967, -25.43771805826745 ], [ -49.45770669399996, -25.437729883267455 ], [ -49.457705828999963, -25.437740842267459 ], [ -49.457703521999974, -25.437753821267421 ], [ -49.457700925999973, -25.437765934267443 ], [ -49.457698618999984, -25.43778122026745 ], [ -49.457696311999939, -25.437797660267425 ], [ -49.457692850999933, -25.43781409926746 ], [ -49.457688235999967, -25.437828520267459 ], [ -49.457683044999953, -25.437842075267465 ], [ -49.457677276999959, -25.437859957267413 ], [ -49.457671508999965, -25.437880434267438 ], [ -49.457666028999938, -25.437898893267434 ], [ -49.457661703, -25.437915332267469 ], [ -49.45765881899996, -25.437928311267417 ], [ -49.457656799999938, -25.437943885267455 ], [ -49.457655357999954, -25.43796205526743 ], [ -49.457654203999937, -25.437980514267419 ], [ -49.457653627999946, -25.437994646267466 ], [ -49.457652185999962, -25.438005029267416 ], [ -49.457651608999981, -25.438013393267418 ], [ -49.457651031999944, -25.438023776267439 ], [ -49.45764958999996, -25.438032140267431 ], [ -49.457646417999975, -25.43804598426745 ], [ -49.457644398999946, -25.438057232267415 ], [ -49.457642667999949, -25.438066749267438 ], [ -49.457641225999964, -25.438073960267403 ], [ -49.457639495999956, -25.43808088226741 ], [ -49.457637764999959, -25.438089245267424 ], [ -49.457635746999983, -25.438097321267456 ], [ -49.457632861999976, -25.438105108267411 ], [ -49.457627670999955, -25.438116068267412 ], [ -49.457620460999976, -25.438124720267425 ], [ -49.457614404999966, -25.438131354267409 ], [ -49.457606040999963, -25.43813683426745 ], [ -49.457600560999936, -25.438143179267424 ], [ -49.457596234999983, -25.438150678267412 ], [ -49.457594215999961, -25.438162791267438 ], [ -49.457593638999988, -25.438175481267439 ], [ -49.457593638999981, -25.438187018267417 ], [ -49.457594215999961, -25.438197689267465 ], [ -49.457594792999942, -25.438208360267442 ], [ -49.457595369999979, -25.438218743267463 ], [ -49.457595369999979, -25.438230568267404 ], [ -49.457595946999959, -25.438242970267442 ], [ -49.45759652299995, -25.43825537226742 ], [ -49.457598830999977, -25.438266331267435 ], [ -49.457601714999953, -25.438277291267433 ], [ -49.457604598999978, -25.43828767426745 ], [ -49.457606905999967, -25.438301806267429 ], [ -49.457609212999955, -25.4383182462674 ], [ -49.457610366999972, -25.438333820267438 ], [ -49.457611519999951, -25.438348241267438 ], [ -49.457612673999961, -25.438360354267399 ], [ -49.457614980999949, -25.438376793267434 ], [ -49.457617864999982, -25.438395252267423 ], [ -49.457621614999937, -25.438412268267435 ], [ -49.457625940999947, -25.438426977267419 ], [ -49.457629977999943, -25.438440821267434 ], [ -49.457634592999966, -25.438452935267446 ], [ -49.457639206999936, -25.438467067267428 ], [ -49.457643533999949, -25.438484083267447 ], [ -49.457647859999959, -25.438499081267434 ], [ -49.457653050999966, -25.438512348267427 ], [ -49.457657953999963, -25.438526192267442 ], [ -49.457665740999978, -25.438540035267419 ], [ -49.457673238999973, -25.438556186267434 ], [ -49.457679006999975, -25.43857176126745 ], [ -49.457685351999949, -25.43858704726739 ], [ -49.457691696999973, -25.438602621267425 ], [ -49.457697464999967, -25.438616465267394 ], [ -49.457702367999957, -25.438631174267428 ], [ -49.457707270999947, -25.438647325267446 ], [ -49.457710731999953, -25.438664630267411 ], [ -49.457713615999978, -25.438681358267402 ], [ -49.457716499999947, -25.43869750926741 ], [ -49.457718806999935, -25.438711641267393 ], [ -49.457720537999933, -25.438725485267422 ], [ -49.457722267999941, -25.438742790267444 ], [ -49.457724574999986, -25.438758652267438 ], [ -49.457728035999942, -25.438773073267438 ], [ -49.457731785999954, -25.438788648267408 ], [ -49.457735534999983, -25.438802491267442 ], [ -49.457738995999932, -25.438816047267444 ], [ -49.457742744999962, -25.438829025267424 ], [ -49.457746205999968, -25.438847195267442 ], [ -49.457751973999962, -25.438868538267403 ], [ -49.457758030999969, -25.438887573267451 ], [ -49.457763798999963, -25.438905743267419 ], [ -49.457771008999941, -25.43892189426742 ], [ -49.457777353999973, -25.438936603267397 ], [ -49.457785140999931, -25.438950447267427 ], [ -49.457790331999945, -25.438967464267424 ], [ -49.457794657999962, -25.438983326267422 ], [ -49.457799560999938, -25.438998612267422 ], [ -49.457805616999963, -25.439013898267437 ], [ -49.457812827999931, -25.439028896267413 ], [ -49.457819171999972, -25.439045912267439 ], [ -49.457823786999931, -25.439062351267406 ], [ -49.457828112999948, -25.439075907267402 ], [ -49.457833015999945, -25.439089463267404 ], [ -49.457836764999975, -25.43910359526739 ], [ -49.457840225999973, -25.439118016267393 ], [ -49.457843109999942, -25.439130417267378 ], [ -49.457847435999945, -25.439141089267416 ], [ -49.45785089699995, -25.439149164267402 ], [ -49.457853203999953, -25.439160124267406 ], [ -49.457852915999979, -25.439172814267408 ], [ -49.457852050999975, -25.439187235267408 ], [ -49.457850319999984, -25.439198483267436 ], [ -49.457848012999932, -25.439211173267434 ], [ -49.457844551999983, -25.439220691267384 ], [ -49.457841956999971, -25.439227901267429 ] ] ] } },
{ "type": "Feature", "properties": { "num_setor": "PR_CAMPOLA_SR_014_SGB", "munic": "CAMPO LARGO", "grau_risco": "Alto", "distancia_km": 0.76, "chuva_24h": 14.3, "chuva_72h": 26.6, "fonte_estacao": "openmeteo", "codigo_estacao": "openmeteo", "nome_estacao": "Open-Meteo (célula de grade)" }, "geometry": { "type": "Polygon", "coordinates": [ [ [ -49.391129030999934, -25.460705297266941 ], [ -49.391122054999983, -25.460716409266983 ], [ -49.39080886499994, -25.461215283266938 ], [ -49.390695664999953, -25.461131865266957 ], [ -49.390128988999955, -25.460840166266959 ], [ -49.389864655999986, -25.460705710266957 ], [ -49.390020525999944, -25.460456918266992 ], [ -49.390146419999951, -25.460519866266971 ], [ -49.390377226999931, -25.460241099266987 ], [ -49.390532164999968, -25.460351524266979 ], [ -49.390864062999981, -25.460544068266998 ], [ -49.391123740999944, -25.460694716266971 ], [ -49.391124685999962, -25.460696605266953 ], [ -49.391125818999967, -25.460698117266993 ], [ -49.39112657499993, -25.460699629266973 ], [ -49.391127519999934, -25.460701140266963 ], [ -49.391128464999952, -25.460703030266991 ], [ -49.391129030999934, -25.460705297266941 ] ] ] } },
{ "type": "Feature", "properties": { "num_setor": "PR_CAMPOLA_SR_015_SGB", "munic": "CAMPO LARGO", "grau_risco": "Muito alto", "distancia_km": 0.35, "chuva_24h": 14.3, "chuva_72h": 26.6, "fonte_estacao": "openmeteo", "codigo_estacao": "openmeteo", "nome_estacao": "Open-Meteo (célula de grade)" }, "geometry": { "type": "Polygon", "coordinates": [ [ [ -49.400410215999955, -25.462107846266964 ], [ -49.40041238799995, -25.462107411266956 ], [ -49.400414849999947, -25.462106977266927 ], [ -49.400417021999935, -25.462106398266918 ], [ -49.400419048999936, -25.46210581826691 ], [ -49.400421365999932, -25.462104660266942 ], [ -49.400423103999969, -25.462103212266953 ], [ -49.40042382799993, -25.462102198266933 ], [ -49.400411832999964, -25.462012535266954 ], [ -49.400437635999936, -25.46200703226695 ], [ -49.400533967999934, -25.461986490266931 ], [ -49.400584842999933, -25.461975641266953 ], [ -49.400658011999951, -25.461912205266941 ], [ -49.400775991999978, -25.461887123266926 ], [ -49.400958070999934, -25.46212772826695 ], [ -49.400786402999977, -25.462237878266915 ], [ -49.40078234899994, -25.462240774266931 ], [ -49.400777859999948, -25.462243670266936 ], [ -49.400773515999951, -25.462246132266934 ], [ -49.400768736999964, -25.462247870266921 ], [ -49.400507981999972, -25.462359972266906 ], [ -49.400393717999975, -25.462381339266962 ], [ -49.400349873999971, -25.462402289266908 ], [ -49.400304910999978, -25.46223442926695 ], [ -49.400277933999973, -25.462138510266961 ], [ -49.400319861999947, -25.462138689266943 ], [ -49.400319408999955, -25.462139922266928 ], [ -49.400317255999937, -25.462145784266937 ], [ -49.400384570999961, -25.462118312266952 ], [ -49.400402585999984, -25.462110960266926 ], [ -49.400410215999955, -25.462107846266964 ] ] ] } },
{ "type": "Feature", "properties": { "num_setor": "PR_CAMPOLA_SR_012_SGB", "munic": "CAMPO LARGO", "grau_risco": "Muito alto", "distancia_km": 1.01, "chuva_24h": 14.3, "chuva_72h": 26.6, "fonte_estacao": "openmeteo", "codigo_estacao": "openmeteo", "nome_estacao": "Open-Meteo (célula de grade)" }, "geometry": { "type": "Polygon", "coordinates": [ [ [ -49.390719431999962, -25.459721639266977 ], [ -49.390232, -25.459320999266978 ], [ -49.390175125999967, -25.459364365266978 ], [ -49.39001752799993, -25.459260920266988 ], [ -49.389879643999961, -25.459153010266991 ], [ -49.389691, -25.459034999267022 ], [ -49.389436014999951, -25.458853262267031 ], [ -49.389178, -25.458629999267021 ], [ -49.389264152999942, -25.458462708267003 ], [ -49.389382048999948, -25.458243856267014 ], [ -49.38916607699997, -25.458096085267009 ], [ -49.388946315999931, -25.45797104926703 ], [ -49.38882506799996, -25.45797104926703 ], [ -49.388677626999936, -25.457912457267028 ], [ -49.388688664999961, -25.457849801267006 ], [ -49.388383485999952, -25.457738095267022 ], [ -49.388281239999969, -25.457653776267044 ], [ -49.388069159999986, -25.457966005267004 ], [ -49.387709461, -25.457786155267009 ], [ -49.387115958999971, -25.457450437267042 ], [ -49.386910670999953, -25.457137942267043 ], [ -49.386606384999943, -25.457054768267056 ], [ -49.385743108999975, -25.456749024267054 ], [ -49.38578440799995, -25.456387253267035 ], [ -49.385884436999959, -25.456026398267042 ], [ -49.385891466999965, -25.456008587267082 ], [ -49.385899434999942, -25.455990777267058 ], [ -49.385907871999962, -25.455973435267083 ], [ -49.385917713999966, -25.45595656126709 ], [ -49.385933648999981, -25.455938751267059 ], [ -49.385950990999959, -25.455921877267084 ], [ -49.385967862999969, -25.455905942267048 ], [ -49.385982392999949, -25.455891412267068 ], [ -49.385994109999956, -25.455876882267081 ], [ -49.386003483999957, -25.455864696267081 ], [ -49.386011451999934, -25.455853916267063 ], [ -49.386018481999933, -25.455843604267038 ], [ -49.38602504399995, -25.455835636267064 ], [ -49.38612541699996, -25.455735548267057 ], [ -49.386395776999962, -25.455845479267047 ], [ -49.38672971799997, -25.456029061267081 ], [ -49.386929450999958, -25.456138863267075 ], [ -49.386995558999956, -25.456175205267062 ], [ -49.387432515999933, -25.456415420267081 ], [ -49.387455312999975, -25.456429714267063 ], [ -49.387694907999951, -25.456579943267034 ], [ -49.388099134999955, -25.455645948267076 ], [ -49.388908456999957, -25.455927712267052 ], [ -49.388830521999978, -25.456113556267084 ], [ -49.389352085999974, -25.456353356267048 ], [ -49.389161, -25.456743999267047 ], [ -49.38922619099997, -25.45682096426706 ], [ -49.389096676999941, -25.457044670267035 ], [ -49.389171759999954, -25.45707684926705 ], [ -49.389164181999945, -25.45718294026701 ], [ -49.389383942999984, -25.457304188267045 ], [ -49.389482456999986, -25.45735723326705 ], [ -49.389550658999951, -25.457395123267041 ], [ -49.389615864999939, -25.457264592267013 ], [ -49.38995, -25.457434999267054 ], [ -49.390149417999964, -25.457576331267045 ], [ -49.390053497999986, -25.45779215026705 ], [ -49.390299291999952, -25.457972000267041 ], [ -49.390015223999967, -25.458163686267028 ], [ -49.390321716999949, -25.458440883267031 ], [ -49.39031413899994, -25.458471195267006 ], [ -49.390370040999983, -25.458564107267012 ], [ -49.390410757999966, -25.458562130267012 ], [ -49.390497904999961, -25.458615176267024 ], [ -49.390588839999964, -25.458690956266992 ], [ -49.39057520199998, -25.458716609267011 ], [ -49.390490326999945, -25.458842515267001 ], [ -49.391035940999984, -25.459259303266986 ], [ -49.391081407999934, -25.459426019266999 ], [ -49.39072880599997, -25.459735232266983 ], [ -49.390719431999962, -25.459721639266977 ] ] ] } },
{ "type": "Feature", "properties": { "num_setor": "PR_CAMPOLA_SR_013_SGB", "munic": "CAMPO LARGO", "grau_risco": "Muito alto", "distancia_km": 0.59, "chuva_24h": 14.3, "chuva_72h": 26.6, "fonte_estacao": "openmeteo", "codigo_estacao": "openmeteo", "nome_estacao": "Open-Meteo (célula de grade)" }, "geometry": { "type": "Polygon", "coordinates": [ [ [ -49.392268112999943, -25.45916919726703 ], [ -49.392497879999951, -25.45939839426698 ], [ -49.39217012599994, -25.459622966267016 ], [ -49.39195721599998, -25.459405826266988 ], [ -49.391878968999954, -25.459329862266969 ], [ -49.392171, -25.459099999267014 ], [ -49.392268112999943, -25.45916919726703 ] ] ] } },
{ "type": "Feature", "properties": { "num_setor": "PR_CAMPOLA_SR_006_SGB", "munic": "CAMPO LARGO", "grau_risco": "Muito alto", "distancia_km": 0.93, "chuva_24h": 34.0, "chuva_72h": 45.1, "fonte_estacao": "openmeteo", "codigo_estacao": "openmeteo", "nome_estacao": "Open-Meteo (célula de grade)" }, "geometry": { "type": "Polygon", "coordinates": [ [ [ -49.554441055, -25.456364158267068 ], [ -49.554441054999984, -25.45636234826706 ], [ -49.554198393999968, -25.456367050267069 ], [ -49.553672847999962, -25.455491990267088 ], [ -49.55356653399997, -25.455570172267066 ], [ -49.55288807799996, -25.455612575267072 ], [ -49.552328949999946, -25.455454530267048 ], [ -49.55199510399995, -25.455391161267084 ], [ -49.551737319999972, -25.455241287267086 ], [ -49.551947143999932, -25.454833628267082 ], [ -49.552546641999982, -25.454983503267115 ], [ -49.553253253999969, -25.455007965267111 ], [ -49.553284023999929, -25.454827633267112 ], [ -49.553626, -25.454876999267082 ], [ -49.553889516999959, -25.454911563267061 ], [ -49.553997426999956, -25.45501347826708 ], [ -49.554195260999961, -25.455169347267095 ], [ -49.554501004999963, -25.455277257267088 ], [ -49.554920652999954, -25.455403151267095 ], [ -49.554944632999941, -25.455481086267064 ], [ -49.554920652999954, -25.455648946267043 ], [ -49.554938637999946, -25.455840785267071 ], [ -49.554808642999944, -25.455910558267064 ], [ -49.554830204999973, -25.456200442267036 ], [ -49.554659512999933, -25.456361555267033 ], [ -49.554441055, -25.456364158267068 ] ] ] } },
{ "type": "Feature", "properties": { "num_setor": "PR_CAMPOLA_SR_033_SGB", "munic": "CAMPO LARGO", "grau_risco": "Muito alto", "distancia_km": 0.72, "chuva_24h": 34.0, "chuva_72h": 45.1, "fonte_estacao": "openmeteo", "codigo_estacao": "openmeteo", "nome_estacao": "Open-Meteo (célula de grade)" }, "geometry": { "type": "Polygon", "coordinates": [ [ [ -49.544808966999938, -25.466158521266838 ], [ -49.544749020999973, -25.466372524266834 ], [ -49.544540375999986, -25.466637700266862 ], [ -49.544373016999941, -25.466624488266863 ], [ -49.544248431999961, -25.46654214826685 ], [ -49.544350001999931, -25.466328481266839 ], [ -49.544449756999938, -25.466036916266845 ], [ -49.544808966999938, -25.466158521266838 ] ] ] } },
{ "type": "Feature", "properties": { "num_setor": "PR_CAMPOLA_SR_032_SGB", "munic": "CAMPO LARGO", "grau_risco": "Muito alto", "distancia_km": 1.48, "chuva_24h": 34.0, "chuva_72h": 45.1, "fonte_estacao": "openmeteo", "codigo_estacao": "openmeteo", "nome_estacao": "Open-Meteo (célula de grade)" }, "geometry": { "type": "Polygon", "coordinates": [ [ [ -49.541772139999978, -25.447093687267227 ], [ -49.541897821999953, -25.447136528267269 ], [ -49.541805451999956, -25.447311310267249 ], [ -49.541800219999971, -25.447309771267278 ], [ -49.541795603999958, -25.447308233267222 ], [ -49.541791602999979, -25.447307617267263 ], [ -49.541787909999975, -25.44730700126723 ], [ -49.541784216999979, -25.44730700126723 ], [ -49.541779292999934, -25.447308848267252 ], [ -49.541774676999971, -25.447309464267214 ], [ -49.541770982999935, -25.447309464267214 ], [ -49.541768520999938, -25.447308848267252 ], [ -49.541763904999982, -25.447306386267265 ], [ -49.541760211999986, -25.447304232267239 ], [ -49.541756210999949, -25.447302385267225 ], [ -49.541751594999937, -25.447300231267263 ], [ -49.54174790199994, -25.447298076267259 ], [ -49.541744823999977, -25.447294691267249 ], [ -49.541741130999981, -25.44729007426724 ], [ -49.541736821999955, -25.447285150267248 ], [ -49.541732513999932, -25.447280841267244 ], [ -49.541729435999962, -25.447278687267268 ], [ -49.541726973999971, -25.447276225267228 ], [ -49.541724511999973, -25.447274070267266 ], [ -49.541721433999953, -25.447270377267213 ], [ -49.541718356999979, -25.447265761267253 ], [ -49.541715894999975, -25.447262683267251 ], [ -49.541713432999984, -25.44725960626727 ], [ -49.541710354999964, -25.447255912267231 ], [ -49.541706661999967, -25.447251912267241 ], [ -49.541705430999968, -25.447247603267272 ], [ -49.54170419999997, -25.447243910267218 ], [ -49.541703583999947, -25.447240832267269 ], [ -49.541703583999947, -25.447237754267242 ], [ -49.541703583999947, -25.447233445267219 ], [ -49.541703583999947, -25.447228521267224 ], [ -49.541703583999954, -25.447223905267265 ], [ -49.541703583999947, -25.447218365267251 ], [ -49.541703583999947, -25.447213133267272 ], [ -49.54170389199993, -25.447206978267218 ], [ -49.541705430999968, -25.447200514267262 ], [ -49.54170696999995, -25.447194051267218 ], [ -49.541709123999958, -25.447186973267268 ], [ -49.541709431999948, -25.447180510267231 ], [ -49.541772139999978, -25.447093687267227 ] ] ] } },
{ "type": "Feature", "properties": { "num_setor": "PR_CAMPOLA_SR_007_SGB", "munic": "CAMPO LARGO", "grau_risco": "Muito alto", "distancia_km": 0.85, "chuva_24h": 34.0, "chuva_72h": 45.1, "fonte_estacao": "openmeteo", "codigo_estacao": "openmeteo", "nome_estacao": "Open-Meteo (célula de grade)" }, "geometry": { "type": "Polygon", "coordinates": [ [ [ -49.554198393999968, -25.456367050267069 ], [ -49.554353, -25.456532999267072 ], [ -49.554171280999981, -25.456662097267074 ], [ -49.55396855299994, -25.456347238267067 ], [ -49.553493847999967, -25.456626127267075 ], [ -49.553180722999969, -25.45627932926708 ], [ -49.552780445999986, -25.456542197267058 ], [ -49.552588606999961, -25.456332373267045 ], [ -49.552426741999973, -25.456110559267064 ], [ -49.552276867999979, -25.456170509267039 ], [ -49.551773289999964, -25.456074589267072 ], [ -49.551861426999949, -25.455768024267044 ], [ -49.551874752999929, -25.455534824267083 ], [ -49.552204400999983, -25.455477850267073 ], [ -49.552328949999946, -25.455454530267048 ], [ -49.55288807799996, -25.455612575267072 ], [ -49.55356653399997, -25.455570172267066 ], [ -49.553672847999962, -25.455491990267088 ], [ -49.554198393999968, -25.456367050267069 ] ] ] } },
{ "type": "Feature", "properties": { "num_setor": "PR_CAMPOLA_SR_022_SGB", "munic": "CAMPO LARGO", "grau_risco": "Muito alto", "distancia_km": 1.0, "chuva_24h": 11.9, "chuva_72h": 26.0, "fonte_estacao": "openmeteo", "codigo_estacao": "openmeteo", "nome_estacao": "Open-Meteo (célula de grade)" }, "geometry": { "type": "Polygon", "coordinates": [ [ [ -49.407996047999973, -25.431604030267565 ], [ -49.407990469999959, -25.431611912267602 ], [ -49.407934686999965, -25.431690734267573 ], [ -49.407800913999949, -25.431618273267585 ], [ -49.407813919999967, -25.431594120267555 ], [ -49.407872187999942, -25.43152410926756 ], [ -49.407891103999987, -25.431501381267587 ], [ -49.407904300999981, -25.431485525267568 ], [ -49.407907028999944, -25.431483732267552 ], [ -49.407949550999945, -25.431438052267591 ], [ -49.408064743999951, -25.431497506267572 ], [ -49.407996047999973, -25.431604030267565 ] ] ] } },
{ "type": "Feature", "properties": { "num_setor": "PR_CAMPOLA_SR_023_SGB", "munic": "CAMPO LARGO", "grau_risco": "Alto", "distancia_km": 0.66, "chuva_24h": 11.9, "chuva_72h": 26.0, "fonte_estacao": "openmeteo", "codigo_estacao": "openmeteo", "nome_estacao": "Open-Meteo (célula de grade)" }, "geometry": { "type": "Polygon", "coordinates": [ [ [ -49.404629387999933, -25.430940120267561 ], [ -49.404924041999948, -25.431012581267559 ], [ -49.404840112999977, -25.431321323267575 ], [ -49.404581080999947, -25.43127269426758 ], [ -49.40455701999997, -25.431269334267586 ], [ -49.404474792999963, -25.431262552267572 ], [ -49.404325751999984, -25.431250259267578 ], [ -49.404124131999929, -25.431233630267567 ], [ -49.404094900999951, -25.431231219267602 ], [ -49.404090925999981, -25.431229426267578 ], [ -49.404086950999954, -25.431227400267566 ], [ -49.404083988999957, -25.431225841267576 ], [ -49.404058924999958, -25.431182460267557 ], [ -49.404034841999923, -25.43114077926759 ], [ -49.404137246999937, -25.431106218267587 ], [ -49.404550904999951, -25.430966608267571 ], [ -49.404629387999933, -25.430940120267561 ] ] ] } },
{ "type": "Feature", "properties": { "num_setor": "PR_CAMPOLA_SR_020_SGB", "munic": "CAMPO LARGO", "grau_risco": "Muito alto", "distancia_km": 1.27, "chuva_24h": 11.9, "chuva_72h": 26.0, "fonte_estacao": "openmeteo", "codigo_estacao": "openmeteo", "nome_estacao": "Open-Meteo (célula de grade)" }, "geometry": { "type": "Polygon", "coordinates": [ [ [ -49.449756773999979, -25.440242205267385 ], [ -49.449609862999978, -25.440252342267371 ], [ -49.449596523999958, -25.439977220267384 ], [ -49.449593224999944, -25.439976933267399 ], [ -49.449589780999979, -25.439976933267399 ], [ -49.449586194999938, -25.439976933267399 ], [ -49.449581172999949, -25.439976646267422 ], [ -49.449576295999975, -25.439976359267394 ], [ -49.449571847999948, -25.43997607226742 ], [ -49.449567543999933, -25.439975211267424 ], [ -49.44956338399993, -25.43997435126742 ], [ -49.449559940999961, -25.43997435126742 ], [ -49.449556066999946, -25.43997435126742 ], [ -49.449552623999978, -25.43997435126742 ], [ -49.449549467999987, -25.43997435126742 ], [ -49.449546454999961, -25.439974494267386 ], [ -49.44954200799998, -25.439974494267371 ], [ -49.449537273999965, -25.439974924267393 ], [ -49.449533112999973, -25.439975785267375 ], [ -49.449528808999951, -25.439976503267403 ], [ -49.449524361999977, -25.439977077267407 ], [ -49.449520201, -25.439977507267411 ], [ -49.449517188999948, -25.439977794267392 ], [ -49.449513314999933, -25.439977794267392 ], [ -49.449510158999942, -25.439977794267392 ], [ -49.449506858999939, -25.439977794267392 ], [ -49.449502841999958, -25.439977220267377 ], [ -49.449498107999943, -25.439977220267384 ], [ -49.449493229999973, -25.439977650267373 ], [ -49.449488925999958, -25.439978368267397 ], [ -49.449484621999943, -25.439978942267413 ], [ -49.44948046199994, -25.439979085267378 ], [ -49.449476874999966, -25.439979372267413 ], [ -49.449473431999941, -25.439979372267427 ], [ -49.449469988999965, -25.43997965926739 ], [ -49.449467119999952, -25.439979946267432 ], [ -49.449463532999978, -25.439980376267421 ], [ -49.449460232999975, -25.439980520267376 ], [ -49.449457220999932, -25.439980520267376 ], [ -49.449453346999974, -25.439980520267376 ], [ -49.449449759999936, -25.439980520267376 ], [ -49.449446316999975, -25.439980520267376 ], [ -49.449443017999947, -25.439980520267387 ], [ -49.44944057899994, -25.439980520267376 ], [ -49.449438139999984, -25.439980520267376 ], [ -49.449435987999948, -25.439980520267376 ], [ -49.449433548999934, -25.439980233267402 ], [ -49.449431253999933, -25.439979946267428 ], [ -49.449428670999964, -25.439979946267428 ], [ -49.449426089, -25.439979946267428 ], [ -49.449423218999989, -25.43997965926739 ], [ -49.449420349999961, -25.439979372267427 ], [ -49.449417767999932, -25.439979372267427 ], [ -49.449414898999976, -25.439978798267394 ], [ -49.449412028999966, -25.43997851126743 ], [ -49.449409016999937, -25.439977650267384 ], [ -49.449405285999944, -25.439976790267384 ], [ -49.449402129999953, -25.439975929267383 ], [ -49.449398830999939, -25.439975355267379 ], [ -49.449395530999936, -25.439974781267416 ], [ -49.449392374999945, -25.439973920267374 ], [ -49.449389361999977, -25.439973346267418 ], [ -49.449386348999951, -25.439972486267422 ], [ -49.44938362299996, -25.439971912267403 ], [ -49.449381757999959, -25.439971338267387 ], [ -49.449380036999969, -25.439970764267372 ], [ -49.449378458999945, -25.439969329267385 ], [ -49.449377167999955, -25.439968468267395 ], [ -49.449375875999976, -25.439967608267384 ], [ -49.44937458499993, -25.43996617326739 ], [ -49.449372576999963, -25.439964308267385 ], [ -49.449370711999961, -25.439961295267416 ], [ -49.449368702999948, -25.43995871326738 ], [ -49.449367124999988, -25.4399559872674 ], [ -49.449365403999934, -25.439953691267405 ], [ -49.449364542999952, -25.439950822267395 ], [ -49.449364111999955, -25.439947092267388 ], [ -49.449364111999955, -25.439943362267382 ], [ -49.449364111999962, -25.439940492267379 ], [ -49.449364398999933, -25.4399379102674 ], [ -49.449364685999967, -25.439934180267393 ], [ -49.449364972999945, -25.43992930226738 ], [ -49.449364972999952, -25.439924567267422 ], [ -49.449365259999979, -25.439919689267391 ], [ -49.449365833999934, -25.43991495526738 ], [ -49.449365833999934, -25.439911368267399 ], [ -49.449365833999934, -25.43990677726741 ], [ -49.449365833999934, -25.439903047267407 ], [ -49.449365833999934, -25.439898743267396 ], [ -49.449365833999941, -25.439894295267422 ], [ -49.449365403999934, -25.439890422267393 ], [ -49.449364685999967, -25.439885688267371 ], [ -49.44936425599996, -25.439881670267415 ], [ -49.449363824999978, -25.439877940267401 ], [ -49.449363251999955, -25.439873062267385 ], [ -49.449362390999966, -25.439868184267411 ], [ -49.449362103999931, -25.439863450267399 ], [ -49.449361959999976, -25.439859720267389 ], [ -49.449361672999942, -25.4398551292674 ], [ -49.449360812999942, -25.439850968267407 ], [ -49.449360525999964, -25.439846234267392 ], [ -49.449360238999986, -25.439842504267393 ], [ -49.449360238999986, -25.439838630267374 ], [ -49.449360238999986, -25.439833752267397 ], [ -49.449360238999986, -25.439829878267389 ], [ -49.449360238999979, -25.43982614826739 ], [ -49.449360238999986, -25.439821701267402 ], [ -49.449359951999952, -25.439817110267413 ], [ -49.44935937799994, -25.439813093267379 ], [ -49.449358516999951, -25.439809363267369 ], [ -49.449357655999961, -25.439805489267407 ], [ -49.449356651999956, -25.439801615267399 ], [ -49.449355503999982, -25.439797742267377 ], [ -49.449354356999955, -25.439793007267426 ], [ -49.449353495999958, -25.439788847267419 ], [ -49.449352921999946, -25.439784830267392 ], [ -49.449352204999968, -25.439781099267396 ], [ -49.449351486999944, -25.4397773692674 ], [ -49.449350913999986, -25.439773496267417 ], [ -49.449350339999967, -25.43976947926739 ], [ -49.449350052999932, -25.439764601267413 ], [ -49.449349334999965, -25.439760583267386 ], [ -49.449348474999965, -25.439755419267424 ], [ -49.449347613999976, -25.439749680267404 ], [ -49.449346896999941, -25.439743511267405 ], [ -49.449346465999945, -25.439739781267392 ], [ -49.449346178999974, -25.439736337267373 ], [ -49.449346035999952, -25.439733038267413 ], [ -49.449346035999952, -25.439729307267427 ], [ -49.449345604999962, -25.439726438267403 ], [ -49.449345461999933, -25.439722708267407 ], [ -49.44934460099995, -25.439719695267389 ], [ -49.449343883999973, -25.439716539267387 ], [ -49.449343166999931, -25.439713526267433 ], [ -49.449342592999983, -25.439710657267423 ], [ -49.449342018999971, -25.439707787267416 ], [ -49.449341301999929, -25.439704774267391 ], [ -49.449340440999947, -25.43970104426738 ], [ -49.449340009999958, -25.439697888267393 ], [ -49.44933972299998, -25.439695306267414 ], [ -49.449339435999953, -25.439691575267421 ], [ -49.449338718999968, -25.439687128267384 ], [ -49.449338001999934, -25.439682250267406 ], [ -49.449338001999934, -25.439678807267391 ], [ -49.449338288999968, -25.439674216267385 ], [ -49.449338862999987, -25.439669912267373 ], [ -49.44933972299998, -25.439665034267399 ], [ -49.449340870999947, -25.439659726267386 ], [ -49.449341444999959, -25.43965398726743 ], [ -49.449342305999956, -25.439648392267415 ], [ -49.449342161999937, -25.439641075267371 ], [ -49.449342161999937, -25.439633040267427 ], [ -49.449341157999974, -25.43962486326738 ], [ -49.449339866999928, -25.439616829267425 ], [ -49.449338718999968, -25.439608938267433 ], [ -49.449337857999978, -25.439601478267424 ], [ -49.449337140999944, -25.439594591267383 ], [ -49.449336423999966, -25.439588135267385 ], [ -49.449335849999954, -25.439581249267388 ], [ -49.449334988999965, -25.43957450626743 ], [ -49.449333697999975, -25.43956761926739 ], [ -49.449332262999974, -25.439561020267423 ], [ -49.449331401999984, -25.43955528126741 ], [ -49.449330542, -25.439549399267428 ], [ -49.449329680999938, -25.439544090267415 ], [ -49.449328963999967, -25.439538065267399 ], [ -49.449328389999955, -25.439532900267402 ], [ -49.449327958999959, -25.439528022267424 ], [ -49.449327815999936, -25.439523574267394 ], [ -49.449327671999981, -25.43951884026739 ], [ -49.449327671999981, -25.439513962267426 ], [ -49.449327671999981, -25.43950894126743 ], [ -49.449327241999981, -25.439503919267388 ], [ -49.449326954999947, -25.439498181267425 ], [ -49.449326954999954, -25.439493016267413 ], [ -49.449327241999988, -25.439487707267389 ], [ -49.449327528999959, -25.439482112267392 ], [ -49.449327528999952, -25.439476374267421 ], [ -49.449327815999936, -25.439470204267415 ], [ -49.449328389999948, -25.439464466267395 ], [ -49.449329250999938, -25.43945815326741 ], [ -49.449330397999972, -25.439451840267395 ], [ -49.449330971999984, -25.439444811267425 ], [ -49.449332119999944, -25.439439646267424 ], [ -49.449332693999956, -25.439434050267433 ], [ -49.449332693999956, -25.439428455267429 ], [ -49.449332693999963, -25.439420995267419 ], [ -49.449332549999951, -25.439413248267432 ], [ -49.449331401999984, -25.439404926267393 ], [ -49.449330828999962, -25.439396318267423 ], [ -49.449330254999957, -25.439389575267398 ], [ -49.449329823999967, -25.439383406267432 ], [ -49.449329250999938, -25.439377811267434 ], [ -49.449328819999941, -25.43937178526744 ], [ -49.449327958999959, -25.43936633426738 ], [ -49.449327384999947, -25.439361169267432 ], [ -49.449327671999981, -25.439356578267386 ], [ -49.449327671999981, -25.439352991267409 ], [ -49.449327671999981, -25.439349978267384 ], [ -49.449327671999981, -25.439345100267413 ], [ -49.449327671999981, -25.439339648267431 ], [ -49.449327958999959, -25.439333336267385 ], [ -49.449327958999959, -25.439325158267412 ], [ -49.449327384999947, -25.43931597626743 ], [ -49.449326954999954, -25.439307942267419 ], [ -49.44932652499994, -25.439301773267395 ], [ -49.44932652499994, -25.439296178267391 ], [ -49.44932652499994, -25.439291156267423 ], [ -49.449326380999935, -25.439285705267423 ], [ -49.449326380999942, -25.439279535267417 ], [ -49.449326380999942, -25.439273079267412 ], [ -49.449326954999947, -25.439266193267429 ], [ -49.449327528999959, -25.439260311267393 ], [ -49.449328389999948, -25.43925457226743 ], [ -49.449330110999938, -25.439249407267415 ], [ -49.449331975999939, -25.439244529267395 ], [ -49.449334127999968, -25.439240082267418 ], [ -49.449336566999932, -25.439234917267406 ], [ -49.449338575999953, -25.439229178267393 ], [ -49.44934000999995, -25.439223009267437 ], [ -49.449341157999974, -25.439217127267394 ], [ -49.449342305999956, -25.439211245267416 ], [ -49.449343452999983, -25.439204645267406 ], [ -49.449344888, -25.439197472267438 ], [ -49.449346322999986, -25.439190585267397 ], [ -49.449347756999941, -25.439182838267421 ], [ -49.44934833099996, -25.439173800267444 ], [ -49.449348904999972, -25.43916576526744 ], [ -49.449350052999939, -25.439161174267447 ], [ -49.449351630999963, -25.439158018267392 ], [ -49.449353352999935, -25.439154145267413 ], [ -49.44935564799993, -25.439149554267427 ], [ -49.449358086999951, -25.439146541267405 ], [ -49.449361529999983, -25.439142811267395 ], [ -49.449364542999945, -25.439139654267425 ], [ -49.449367698999936, -25.439136498267423 ], [ -49.449370280999972, -25.439131907267441 ], [ -49.449373149999985, -25.439127746267388 ], [ -49.449376306999973, -25.439122869267408 ], [ -49.449379462999957, -25.439118278267415 ], [ -49.449382618999955, -25.439113400267384 ], [ -49.449385774999932, -25.4391102432674 ], [ -49.449388787999965, -25.439108235267444 ], [ -49.449391943999956, -25.439106513267401 ], [ -49.449395100999929, -25.439104792267415 ], [ -49.449398399999943, -25.439103644267394 ], [ -49.449401269999953, -25.439102209267393 ], [ -49.449404425999951, -25.439100344267384 ], [ -49.449407724999965, -25.439098049267386 ], [ -49.449410594999961, -25.43909517926744 ], [ -49.449414180999945, -25.439092166267415 ], [ -49.449418628999979, -25.439089440267423 ], [ -49.44942336299993, -25.439085136267408 ], [ -49.449427236999952, -25.439081406267412 ], [ -49.449430392999943, -25.439079398267442 ], [ -49.449433118999941, -25.439078250267418 ], [ -49.449436848999937, -25.439077389267421 ], [ -49.449441582999953, -25.439075954267423 ], [ -49.449446173999945, -25.439074089267422 ], [ -49.44945176899995, -25.439073516267403 ], [ -49.449457793999954, -25.439073516267403 ], [ -49.44946367599993, -25.439074520267411 ], [ -49.449471566999932, -25.439076385267413 ], [ -49.449479456999931, -25.439077533267437 ], [ -49.449486773999979, -25.43907839326744 ], [ -49.449493946999951, -25.4390795412674 ], [ -49.449501407999946, -25.439081119267421 ], [ -49.449507002999951, -25.439083989267438 ], [ -49.449512166999973, -25.439086284267432 ], [ -49.449513888999945, -25.439086858267387 ], [ -49.449515322999957, -25.439085997267398 ], [ -49.449516901999971, -25.4390854232674 ], [ -49.44951862299996, -25.439084850267417 ], [ -49.449520200999984, -25.439084276267419 ], [ -49.449521635999986, -25.439083415267422 ], [ -49.449522783999953, -25.439082554267429 ], [ -49.449523930999931, -25.439081406267402 ], [ -49.449525365999932, -25.439080259267424 ], [ -49.449526800999941, -25.439079398267442 ], [ -49.449528521999973, -25.439078250267425 ], [ -49.449530243999959, -25.439077389267421 ], [ -49.449532108999961, -25.439076528267421 ], [ -49.449533973999962, -25.439075668267431 ], [ -49.449536125999941, -25.439074520267404 ], [ -49.449538133999965, -25.439073372267387 ], [ -49.449540429999956, -25.439071937267439 ], [ -49.44954243799998, -25.4390702162674 ], [ -49.449544589999959, -25.439068494267413 ], [ -49.449546311999939, -25.439066773267438 ], [ -49.449547745999944, -25.439065338267437 ], [ -49.449549467999987, -25.439063903267424 ], [ -49.449550902999931, -25.439061751267388 ], [ -49.449552049999966, -25.439059025267397 ], [ -49.449553484999967, -25.439056730267396 ], [ -49.449554919999969, -25.439054865267394 ], [ -49.449556640999951, -25.439053143267422 ], [ -49.449559509999972, -25.439051421267436 ], [ -49.449561948999985, -25.439050274267409 ], [ -49.449564531999954, -25.439048839267407 ], [ -49.449567400999968, -25.439047978267411 ], [ -49.449570126999951, -25.43904683026739 ], [ -49.449573425999972, -25.439045109267404 ], [ -49.449575577999951, -25.439043387267414 ], [ -49.44957744299996, -25.439042240267444 ], [ -49.449579307999954, -25.439041379267394 ], [ -49.449581316999968, -25.439041092267416 ], [ -49.449583611999969, -25.439040231267427 ], [ -49.449586194999938, -25.439039657267404 ], [ -49.44958848999994, -25.439039083267403 ], [ -49.449591358999953, -25.439039083267403 ], [ -49.449594084999944, -25.439038796267432 ], [ -49.449598101999982, -25.439038796267432 ], [ -49.449601831999985, -25.439038509267398 ], [ -49.449605705999943, -25.439038222267413 ], [ -49.449608718999976, -25.439038222267413 ], [ -49.449613165999949, -25.439038222267428 ], [ -49.449616178999975, -25.439038222267413 ], [ -49.449618617999931, -25.43903865326741 ], [ -49.449620912999933, -25.439039227267418 ], [ -49.449623208999981, -25.439039370267437 ], [ -49.449625503999982, -25.439039370267444 ], [ -49.449627798999984, -25.439039370267437 ], [ -49.449630237999941, -25.439039370267437 ], [ -49.449633393999932, -25.439039370267444 ], [ -49.449636406999957, -25.439038796267432 ], [ -49.449638989999983, -25.439038222267413 ], [ -49.449641714999984, -25.43903736226742 ], [ -49.449645158999942, -25.439036788267401 ], [ -49.449648744999934, -25.439035640267438 ], [ -49.449652761999971, -25.439033918267391 ], [ -49.449657495999986, -25.439032053267397 ], [ -49.449662086999979, -25.439030619267442 ], [ -49.449666534999942, -25.439029758267399 ], [ -49.449671842999976, -25.439029184267444 ], [ -49.449676433999969, -25.439028897267399 ], [ -49.449683175999951, -25.439028610267439 ], [ -49.449690779999969, -25.439028610267439 ], [ -49.449699530999965, -25.439028897267399 ], [ -49.44970842599998, -25.439029471267414 ], [ -49.44971732099998, -25.439030332267411 ], [ -49.449726358999953, -25.439031479267449 ], [ -49.44973338899996, -25.439032197267416 ], [ -49.449737979999952, -25.439032484267386 ], [ -49.449742570999945, -25.439032484267386 ], [ -49.44974601399997, -25.439032627267409 ], [ -49.449750030999951, -25.439033058267395 ], [ -49.449753903999977, -25.439033345267433 ], [ -49.449757777999935, -25.439033345267433 ], [ -49.449760503999983, -25.439033058267402 ], [ -49.449763802999939, -25.439032484267386 ], [ -49.449766385999965, -25.439031910267435 ], [ -49.449769110999966, -25.439031049267449 ], [ -49.449771980999977, -25.439030475267423 ], [ -49.449775136999961, -25.439029901267411 ], [ -49.449777431999969, -25.439029327267409 ], [ -49.449781018999943, -25.439028754267444 ], [ -49.449783600999979, -25.439028467267402 ], [ -49.449786183999947, -25.439028467267402 ], [ -49.449788765999983, -25.439028180267428 ], [ -49.449791061999974, -25.439028180267435 ], [ -49.449794647999973, -25.439028180267428 ], [ -49.449796799999937, -25.439028180267428 ], [ -49.449798808999958, -25.439028610267439 ], [ -49.449800529999948, -25.439029040267425 ], [ -49.449801964999956, -25.439029471267418 ], [ -49.449803829999958, -25.439029758267399 ], [ -49.44980555099994, -25.439030045267419 ], [ -49.449807129999954, -25.439030475267423 ], [ -49.449808563999966, -25.439031192267407 ], [ -49.449810572999986, -25.439031623267393 ], [ -49.449812437999981, -25.439031910267435 ], [ -49.449814015999948, -25.439032340267428 ], [ -49.449816023999972, -25.439033058267402 ], [ -49.449817888999974, -25.439034062267414 ], [ -49.44982004099996, -25.439034779267381 ], [ -49.449821905999954, -25.439035640267438 ], [ -49.449823770999956, -25.4390366442674 ], [ -49.449825205999957, -25.43903736226742 ], [ -49.449826640999959, -25.439038222267428 ], [ -49.449827787999936, -25.439039227267418 ], [ -49.44982893599996, -25.439040231267427 ], [ -49.449830800999962, -25.439041666267425 ], [ -49.449832235999963, -25.439042957267425 ], [ -49.449833813999923, -25.439044248267404 ], [ -49.449834961999947, -25.439045252267423 ], [ -49.449835534999977, -25.439046257267421 ], [ -49.449835821999955, -25.439047261267433 ], [ -49.449836395999966, -25.439048265267395 ], [ -49.449836969999978, -25.439049843267416 ], [ -49.449837256999956, -25.439051421267447 ], [ -49.449837256999956, -25.439052569267407 ], [ -49.449837256999956, -25.439054291267432 ], [ -49.449837256999956, -25.439057447267437 ], [ -49.449837543999934, -25.439061177267437 ], [ -49.449838117999938, -25.439064621267399 ], [ -49.449838978999935, -25.439068494267413 ], [ -49.449839838999942, -25.439072655267413 ], [ -49.449840412999947, -25.439076098267432 ], [ -49.449840412999947, -25.43907882426743 ], [ -49.449840699999982, -25.43908155026741 ], [ -49.449840699999982, -25.439084276267405 ], [ -49.449841273999937, -25.439086428267387 ], [ -49.449842134999983, -25.439088436267408 ], [ -49.44984299599998, -25.439090301267409 ], [ -49.449843855999973, -25.439092166267415 ], [ -49.449844716999962, -25.439094318267394 ], [ -49.449845864999986, -25.439097188267407 ], [ -49.449847298999934, -25.439100488267403 ], [ -49.449848446999965, -25.439103644267398 ], [ -49.449849307999955, -25.43910751726742 ], [ -49.449849881999974, -25.439111104267404 ], [ -49.449850455999979, -25.439114691267434 ], [ -49.449851029999941, -25.439119138267422 ], [ -49.449851889999927, -25.439122295267399 ], [ -49.449853037999951, -25.439125021267387 ], [ -49.449853898999947, -25.439128033267419 ], [ -49.449855045999982, -25.439130472267436 ], [ -49.449856193999949, -25.439133055267401 ], [ -49.449857054999939, -25.439135781267403 ], [ -49.449857915999985, -25.439138650267413 ], [ -49.44985848999994, -25.439141232267385 ], [ -49.449858776999967, -25.439144102267388 ], [ -49.449858776999974, -25.439146971267405 ], [ -49.449858776999974, -25.439148980267419 ], [ -49.449858776999967, -25.439150558267386 ], [ -49.449858776999967, -25.439151849267429 ], [ -49.449858776999967, -25.439153140267425 ], [ -49.449859063999952, -25.439154575267427 ], [ -49.449859923999952, -25.439156153267387 ], [ -49.449860497999964, -25.439157731267414 ], [ -49.449861358999954, -25.439159022267404 ], [ -49.449862219999943, -25.43916031426744 ], [ -49.449863940999933, -25.439161748267399 ], [ -49.449864801999979, -25.439163326267419 ], [ -49.449866236999981, -25.439165048267395 ], [ -49.449867383999958, -25.439165622267403 ], [ -49.449869105999937, -25.43916605226741 ], [ -49.449870253999961, -25.43916605226741 ], [ -49.449871400999946, -25.43916605226741 ], [ -49.449872835999933, -25.439166052267399 ], [ -49.449874270999935, -25.439166339267384 ], [ -49.449875991999932, -25.439167057267408 ], [ -49.449877139999955, -25.439167917267408 ], [ -49.449878287999979, -25.439168635267436 ], [ -49.449880295999954, -25.439169783267403 ], [ -49.449881730999948, -25.439171074267385 ], [ -49.449882878999972, -25.439172508267404 ], [ -49.449884025999943, -25.439173513267399 ], [ -49.449885173999981, -25.439174947267404 ], [ -49.449886321999941, -25.439175234267395 ], [ -49.44988804299993, -25.439175952267416 ], [ -49.449890051999944, -25.439176526267428 ], [ -49.449892346999945, -25.43917753026739 ], [ -49.449894929999971, -25.439178391267429 ], [ -49.44989751199995, -25.439179538267414 ], [ -49.449900093999986, -25.439180399267396 ], [ -49.449902963999932, -25.439181403267412 ], [ -49.449905545999961, -25.439182408267417 ], [ -49.449908701999959, -25.439183555267405 ], [ -49.44991185799995, -25.439185134267401 ], [ -49.449914727999953, -25.439186712267421 ], [ -49.449917165999977, -25.439188003267422 ], [ -49.449919604999927, -25.439189151267442 ], [ -49.449922043999948, -25.439190442267428 ], [ -49.449924052999968, -25.439192020267399 ], [ -49.449927065999987, -25.439194029267416 ], [ -49.449930221999978, -25.439196324267407 ], [ -49.449932947999976, -25.439199337267432 ], [ -49.449935959999955, -25.439202637267439 ], [ -49.449938542999973, -25.439205649267421 ], [ -49.44994141199993, -25.439208519267428 ], [ -49.449945285999945, -25.439211675267412 ], [ -49.449948297999981, -25.4392144012674 ], [ -49.449950306999938, -25.439216840267417 ], [ -49.449953175999951, -25.439219853267385 ], [ -49.449956044999965, -25.439222579267437 ], [ -49.449958627999933, -25.439225161267409 ], [ -49.449961066999947, -25.439227600267426 ], [ -49.449963504999971, -25.439230182267412 ], [ -49.449965943999985, -25.43923276526743 ], [ -49.449967665999964, -25.439235778267399 ], [ -49.449969530999972, -25.439239221267432 ], [ -49.44997139599996, -25.439243525267379 ], [ -49.449973260999968, -25.439247829267401 ], [ -49.449974982999947, -25.439251990267397 ], [ -49.449977134999983, -25.439256150267397 ], [ -49.44997871299995, -25.439260311267393 ], [ -49.44998043399994, -25.439264471267396 ], [ -49.449981294999986, -25.439269780267399 ], [ -49.449981868999942, -25.439274084267417 ], [ -49.449982155999976, -25.439278388267436 ], [ -49.449982729999931, -25.439282405267416 ], [ -49.449983302999954, -25.439286422267394 ], [ -49.449983876999966, -25.439290296267405 ], [ -49.449984450999978, -25.439295174267382 ], [ -49.449985024999933, -25.439299334267393 ], [ -49.449985311999967, -25.439304212267409 ], [ -49.449985598999945, -25.4393077992674 ], [ -49.449985598999945, -25.43931109826741 ], [ -49.449985885999979, -25.439315259267406 ], [ -49.449986172999949, -25.439319419267402 ], [ -49.449987033999939, -25.439322863267417 ], [ -49.449987893999946, -25.439327597267429 ], [ -49.449989328999948, -25.439332332267441 ], [ -49.449990189999937, -25.439336492267387 ], [ -49.449990763999949, -25.439340509267421 ], [ -49.449991623999949, -25.439344813267432 ], [ -49.449992771999966, -25.43934969126741 ], [ -49.44999391999994, -25.439353852267391 ], [ -49.449994493999952, -25.4393590172674 ], [ -49.449994493999952, -25.439364038267406 ], [ -49.449994780999923, -25.439368916267419 ], [ -49.449995353999952, -25.439373794267389 ], [ -49.449995927999964, -25.439378098267408 ], [ -49.449996501999976, -25.439381828267411 ], [ -49.449996501999969, -25.4393859892674 ], [ -49.449996358999954, -25.439390293267412 ], [ -49.449996358999961, -25.439394166267373 ], [ -49.449996358999954, -25.439397036267383 ], [ -49.449996358999954, -25.439401053267428 ], [ -49.449996645999924, -25.439405787267379 ], [ -49.449997505999939, -25.439410091267401 ], [ -49.449998653999955, -25.439413391267401 ], [ -49.449998940999926, -25.439416978267381 ], [ -49.449999514999952, -25.439420995267419 ], [ -49.449999801999979, -25.439424295267429 ], [ -49.450000375999942, -25.439427881267417 ], [ -49.450001235999942, -25.439431468267401 ], [ -49.450002383999951, -25.439434050267433 ], [ -49.450004105999938, -25.439438498267403 ], [ -49.450005970999939, -25.439442228267406 ], [ -49.450007404999951, -25.439445958267395 ], [ -49.450008265999941, -25.439449401267424 ], [ -49.450008552999975, -25.439452558267419 ], [ -49.450008839999953, -25.439454997267422 ], [ -49.450008839999953, -25.4394570052674 ], [ -49.45000883999996, -25.439458870267387 ], [ -49.450008839999953, -25.439460735267403 ], [ -49.450008552999975, -25.439462457267428 ], [ -49.450008265999941, -25.439464179267407 ], [ -49.450007978999963, -25.439465613267426 ], [ -49.450007978999963, -25.439466905267402 ], [ -49.450007548999963, -25.43946805226738 ], [ -49.450006974999951, -25.439469057267381 ], [ -49.450006400999946, -25.4394700612674 ], [ -49.450006113999962, -25.439471065267391 ], [ -49.450005826999977, -25.439472069267417 ], [ -49.45000553999995, -25.439473217267384 ], [ -49.450004966999984, -25.439474365267419 ], [ -49.45000424899996, -25.43947580026741 ], [ -49.450003531999982, -25.439477091267392 ], [ -49.45000252799997, -25.439478382267385 ], [ -49.450001522999969, -25.439479817267387 ], [ -49.450000231999987, -25.439480678267383 ], [ -49.449998940999933, -25.439481682267392 ], [ -49.449997649999943, -25.439482830267419 ], [ -49.449996358999961, -25.439483977267386 ], [ -49.449995353999952, -25.439485412267395 ], [ -49.449994206999975, -25.439486847267396 ], [ -49.449993345999985, -25.439488138267389 ], [ -49.449992628999951, -25.439489286267406 ], [ -49.449991910999984, -25.439490577267392 ], [ -49.449991480999984, -25.439491868267389 ], [ -49.449990763999949, -25.43949344626742 ], [ -49.449990045999982, -25.439495455267426 ], [ -49.449989328999948, -25.439496602267401 ], [ -49.44998861199997, -25.439497607267402 ], [ -49.449988180999981, -25.439498755267429 ], [ -49.449987893999946, -25.439499902267418 ], [ -49.449987893999946, -25.43950119326739 ], [ -49.449987893999946, -25.439502915267429 ], [ -49.449988180999981, -25.439504637267412 ], [ -49.449988754999936, -25.439506502267406 ], [ -49.44998904199997, -25.439509228267394 ], [ -49.449990189999937, -25.439511954267385 ], [ -49.449991049999937, -25.439515110267386 ], [ -49.449991910999984, -25.439518983267412 ], [ -49.449993058999951, -25.439522283267415 ], [ -49.44999391999994, -25.439525583267415 ], [ -49.44999478099993, -25.439529170267402 ], [ -49.449995353999959, -25.439532182267431 ], [ -49.449995927999957, -25.439536630267405 ], [ -49.449996788999954, -25.439541938267435 ], [ -49.449997649999951, -25.439547247267392 ], [ -49.449998223999955, -25.439552125267419 ], [ -49.44999851099994, -25.439557289267434 ], [ -49.449999084999938, -25.439562167267404 ], [ -49.449999657999967, -25.43956718926739 ], [ -49.450000518999957, -25.439571493267405 ], [ -49.450001379999946, -25.439576227267423 ], [ -49.450001953999958, -25.439581105267379 ], [ -49.450001953999958, -25.439585983267413 ], [ -49.450001235999942, -25.439590287267425 ], [ -49.450000518999957, -25.439594591267383 ], [ -49.449999801999979, -25.439598465267391 ], [ -49.449999084999938, -25.439601047267388 ], [ -49.449999084999945, -25.439603630267406 ], [ -49.449999084999945, -25.43960649926742 ], [ -49.449999657999967, -25.439609512267378 ], [ -49.450000231999979, -25.439612381267395 ], [ -49.450000805999935, -25.439614820267415 ], [ -49.450001379999954, -25.439616972267391 ], [ -49.450001953999958, -25.439619411267408 ], [ -49.450003387999971, -25.439621850267429 ], [ -49.450004535999938, -25.439624576267406 ], [ -49.450005970999939, -25.439626728267381 ], [ -49.450007404999951, -25.439628880267428 ], [ -49.450008839999953, -25.439631319267384 ], [ -49.450305, -25.439606999267415 ], [ -49.450335076999977, -25.439775504267399 ], [ -49.450336942999961, -25.43977765626742 ], [ -49.45033837699998, -25.439779234267387 ], [ -49.450339811999982, -25.439780956267416 ], [ -49.450341245999937, -25.439782964267398 ], [ -49.450342106999983, -25.439784830267392 ], [ -49.450342967999973, -25.439786982267414 ], [ -49.45034411599994, -25.439789564267404 ], [ -49.450345836999979, -25.439792146267383 ], [ -49.450346984999953, -25.439794729267408 ], [ -49.450348419999962, -25.43979731126738 ], [ -49.450349566999932, -25.439799463267427 ], [ -49.450351001999934, -25.439801902267369 ], [ -49.45035186299998, -25.439804628267414 ], [ -49.450352436999935, -25.439807928267431 ], [ -49.450353010999947, -25.439810654267426 ], [ -49.45035358399997, -25.439814814267429 ], [ -49.450355018999971, -25.439818545267403 ], [ -49.450356166999939, -25.439821414267435 ], [ -49.450357313999973, -25.439823853267388 ], [ -49.450357887999985, -25.439826005267424 ], [ -49.450358174999963, -25.43982815726741 ], [ -49.450358748999975, -25.439830452267397 ], [ -49.450359035999952, -25.439832317267406 ], [ -49.450359896999942, -25.439834182267408 ], [ -49.450360183999976, -25.439835617267402 ], [ -49.450361043999969, -25.439837052267411 ], [ -49.450361617999931, -25.439838343267393 ], [ -49.450361904999966, -25.439839778267395 ], [ -49.450362191999943, -25.439840926267419 ], [ -49.450362191999943, -25.439842360267381 ], [ -49.450362765999955, -25.439843795267372 ], [ -49.450363052999926, -25.439845086267429 ], [ -49.450363913999986, -25.439846951267416 ], [ -49.450364774999969, -25.439848242267423 ], [ -49.450365921999946, -25.439848816267435 ], [ -49.450367356999948, -25.439849533267409 ], [ -49.450368791999949, -25.439850681267369 ], [ -49.450369938999984, -25.439851829267397 ], [ -49.450371373999985, -25.43985297726741 ], [ -49.450372521999952, -25.439854125267395 ], [ -49.45037366899993, -25.439855272267422 ], [ -49.450375103999932, -25.439856994267402 ], [ -49.450375964999971, -25.439858142267418 ], [ -49.450376538999933, -25.439859146267388 ], [ -49.450377398999933, -25.439860150267389 ], [ -49.450378833999935, -25.439861298267409 ], [ -49.450380268999936, -25.439862302267375 ], [ -49.450381702999955, -25.439863450267399 ], [ -49.450382850999972, -25.439864311267382 ], [ -49.450383998999939, -25.439864885267383 ], [ -49.450385145999974, -25.439865028267413 ], [ -49.450386580999975, -25.439865172267371 ], [ -49.450387728999942, -25.439865172267371 ], [ -49.450388876999973, -25.439865172267378 ], [ -49.450390310999971, -25.439865172267378 ], [ -49.450391458999945, -25.43986488526739 ], [ -49.450393179999942, -25.43986459826742 ], [ -49.450395044999937, -25.439864311267382 ], [ -49.450396910999984, -25.439864024267397 ], [ -49.450398631999974, -25.439863737267373 ], [ -49.450400496999983, -25.439863737267377 ], [ -49.450402505999932, -25.439863450267399 ], [ -49.450403939999944, -25.439863450267399 ], [ -49.45040566199998, -25.439863450267399 ], [ -49.450407095999935, -25.439863593267418 ], [ -49.450408817999971, -25.439863737267377 ], [ -49.450409965999938, -25.439864024267397 ], [ -49.45041139999995, -25.43986459826742 ], [ -49.450412547999974, -25.439865028267413 ], [ -49.450413982999976, -25.439865459267413 ], [ -49.450415703999965, -25.439866606267387 ], [ -49.450417138999967, -25.439867754267414 ], [ -49.450418573999968, -25.439868902267378 ], [ -49.450419433999961, -25.439869906267383 ], [ -49.450420868999963, -25.439871054267421 ], [ -49.450422733999972, -25.43987191426741 ], [ -49.450424598999973, -25.439872632267377 ], [ -49.450426463999975, -25.439873349267412 ], [ -49.450428615999954, -25.439873923267431 ], [ -49.450430624999967, -25.439874640267401 ], [ -49.450433062999942, -25.439875358267383 ], [ -49.450435645999967, -25.439876362267373 ], [ -49.450437797999939, -25.439877653267366 ], [ -49.450441096999953, -25.43987851426742 ], [ -49.450443966999956, -25.439879088267375 ], [ -49.450446405999969, -25.439879949267418 ], [ -49.450449275, -25.439881096267403 ], [ -49.450451713999939, -25.439882101267404 ], [ -49.45045415299996, -25.439883105267405 ], [ -49.450456447999954, -25.439884540267411 ], [ -49.450459316999968, -25.439886118267385 ], [ -49.450461899999937, -25.439887839267428 ], [ -49.450464625999984, -25.439889705267419 ], [ -49.450467637999964, -25.439891713267386 ], [ -49.450472228999956, -25.439893578267387 ], [ -49.450475241999982, -25.439895443267378 ], [ -49.450479114999951, -25.439896447267415 ], [ -49.450482988999966, -25.439897021267416 ], [ -49.450486144999957, -25.439897882267395 ], [ -49.450490161999937, -25.439898026267404 ], [ -49.450494178999975, -25.439898026267404 ], [ -49.450497908999978, -25.439898169267384 ], [ -49.450501638999981, -25.439898887267397 ], [ -49.450506373999985, -25.439899604267374 ], [ -49.450511537999944, -25.439900752267402 ], [ -49.450516702999948, -25.439902186267421 ], [ -49.450522010999975, -25.439904482267398 ], [ -49.45052717599998, -25.439907064267384 ], [ -49.450948241999974, -25.439873160267428 ], [ -49.450954236999962, -25.440127946267388 ], [ -49.45087929999994, -25.440352758267384 ], [ -49.450906276999945, -25.440514622267386 ], [ -49.450909274999958, -25.440625529267411 ], [ -49.45064868999998, -25.440654389267387 ], [ -49.450645963999932, -25.44065524926739 ], [ -49.450644098999931, -25.440656110267369 ], [ -49.450641372999939, -25.440656397267354 ], [ -49.45063879099996, -25.440656684267388 ], [ -49.450636208999988, -25.440656971267369 ], [ -49.450633482999933, -25.440657114267395 ], [ -49.450630756999942, -25.440656971267369 ], [ -49.450628030999958, -25.440657258267397 ], [ -49.450625017999982, -25.440657832267362 ], [ -49.450621574999964, -25.440658693267405 ], [ -49.450617844999954, -25.440659697267353 ], [ -49.450614401999985, -25.440660845267384 ], [ -49.450611819999949, -25.440661992267369 ], [ -49.450609093999958, -25.440662997267363 ], [ -49.450606367999967, -25.440664001267383 ], [ -49.450603785999931, -25.440664862267358 ], [ -49.450601346999974, -25.440665436267377 ], [ -49.450598764999938, -25.440666296267374 ], [ -49.45059575199997, -25.440667444267397 ], [ -49.450592595999979, -25.440668736267376 ], [ -49.450589151999971, -25.44067002726738 ], [ -49.450585421999953, -25.440671174267397 ], [ -49.450581978999935, -25.440672035267397 ], [ -49.450577531999954, -25.440672752267371 ], [ -49.450573657999939, -25.440673470267399 ], [ -49.450568349999969, -25.440674187267366 ], [ -49.450561893999975, -25.440674904267397 ], [ -49.450555294999958, -25.440675765267386 ], [ -49.450548121999987, -25.440676913267357 ], [ -49.45054109199998, -25.440677917267372 ], [ -49.450534205999986, -25.440679496267382 ], [ -49.45052674599998, -25.440680500267401 ], [ -49.45051985899994, -25.440681217267379 ], [ -49.450512542999945, -25.440681648267361 ], [ -49.450506516999951, -25.440682078267368 ], [ -49.450500634999969, -25.440682508267365 ], [ -49.450495469999964, -25.440682221267394 ], [ -49.450490448999972, -25.440681648267361 ], [ -49.450486001999941, -25.440680787267368 ], [ -49.450481553999964, -25.440680213267374 ], [ -49.450477967999973, -25.440679208267373 ], [ -49.45047423799997, -25.440678061267388 ], [ -49.450471080999932, -25.440677200267405 ], [ -49.450467781999983, -25.440676483267364 ], [ -49.45046433899995, -25.440676196267386 ], [ -49.450461325999981, -25.440675622267364 ], [ -49.450457308999937, -25.440675335267393 ], [ -49.450453578999941, -25.440675048267359 ], [ -49.450448844999983, -25.440674761267381 ], [ -49.450443535999966, -25.440674617267376 ], [ -49.450437510999961, -25.440674761267381 ], [ -49.450431771999945, -25.440674904267397 ], [ -49.450425459999963, -25.440674617267376 ], [ -49.450419146999934, -25.440673900267392 ], [ -49.450411256999978, -25.440672465267397 ], [ -49.450403078999948, -25.440671174267397 ], [ -49.450393897999959, -25.440670600267403 ], [ -49.450385576999963, -25.440670888267352 ], [ -49.450377542999945, -25.440671461267389 ], [ -49.450369938999984, -25.440671892267375 ], [ -49.450362335999955, -25.440672752267371 ], [ -49.450356022999983, -25.440673757267369 ], [ -49.450348993999974, -25.440675622267374 ], [ -49.450341676999983, -25.440676770267391 ], [ -49.450335650999932, -25.440677487267379 ], [ -49.450330055999977, -25.440678491267384 ], [ -49.450325464999928, -25.440680069267366 ], [ -49.450321447999954, -25.440681217267379 ], [ -49.450317143999939, -25.440681791267387 ], [ -49.45031370099997, -25.440682365267392 ], [ -49.450310257999945, -25.44068265226738 ], [ -49.450306240999957, -25.440683082267388 ], [ -49.450302367999939, -25.440683512267377 ], [ -49.450298493999981, -25.440683943267359 ], [ -49.45029490799994, -25.440684517267382 ], [ -49.450291176999947, -25.440684947267371 ], [ -49.450288020999949, -25.440684947267371 ], [ -49.450284864999958, -25.440685234267356 ], [ -49.450281564999955, -25.44068509126739 ], [ -49.450278408999964, -25.440684660267404 ], [ -49.45027424899996, -25.440683226267399 ], [ -49.450269370999933, -25.440682078267368 ], [ -49.450265066999982, -25.440681360267391 ], [ -49.45026076299996, -25.440680069267366 ], [ -49.45025717599998, -25.440678778267362 ], [ -49.45025215499993, -25.440677917267372 ], [ -49.450247707999949, -25.440677630267405 ], [ -49.45024311699995, -25.44067777426741 ], [ -49.450239529999976, -25.440677917267372 ], [ -49.450235369999973, -25.440677630267405 ], [ -49.450230491999946, -25.440676770267398 ], [ -49.450225183999976, -25.440675909267409 ], [ -49.450219875999956, -25.440675335267393 ], [ -49.450214280999944, -25.440675335267393 ], [ -49.450208685999947, -25.440675192267381 ], [ -49.45020294699998, -25.440674474267407 ], [ -49.450196777999963, -25.440673470267399 ], [ -49.450190178999947, -25.440672322267375 ], [ -49.450182861999963, -25.440671461267378 ], [ -49.450176262999946, -25.440670600267403 ], [ -49.450168802999947, -25.44066930926741 ], [ -49.450160624999967, -25.440667731267382 ], [ -49.450152447999983, -25.440664862267358 ], [ -49.450144556999931, -25.440662997267363 ], [ -49.450136666999988, -25.440662136267381 ], [ -49.450129923999953, -25.440661849267403 ], [ -49.450122176999969, -25.440660988267403 ], [ -49.450115003999947, -25.440659697267364 ], [ -49.450108403999934, -25.440658836267364 ], [ -49.450102808999986, -25.440658980267386 ], [ -49.450097500999952, -25.440659840267397 ], [ -49.450092335999955, -25.440659984267384 ], [ -49.450087457999985, -25.440659123267412 ], [ -49.450083871999929, -25.440658119267397 ], [ -49.450080858999968, -25.440657114267395 ], [ -49.45007684199993, -25.440656397267364 ], [ -49.450072681999984, -25.440655106267375 ], [ -49.450067803999957, -25.440652954267396 ], [ -49.450063355999937, -25.440651089267387 ], [ -49.450059195999984, -25.440650085267379 ], [ -49.450056182999958, -25.440649224267382 ], [ -49.450053887999957, -25.440648506267358 ], [ -49.450052596999974, -25.440647646267365 ], [ -49.450051735999985, -25.440645924267383 ], [ -49.450050731999966, -25.440643055267376 ], [ -49.450048866999971, -25.440639038267392 ], [ -49.450046283999939, -25.440635164267373 ], [ -49.450043127999948, -25.440630860267362 ], [ -49.450039684999979, -25.440626699267366 ], [ -49.450036958999931, -25.440620961267388 ], [ -49.450034232999933, -25.440613931267396 ], [ -49.450031220999968, -25.440606327267364 ], [ -49.450028207999935, -25.440600301267381 ], [ -49.450024620999955, -25.440594849267395 ], [ -49.450021177999986, -25.440587532267362 ], [ -49.450018308999972, -25.440581650267365 ], [ -49.450015869999952, -25.440574620267366 ], [ -49.450014291999935, -25.440567734267372 ], [ -49.450013860999945, -25.440560991267404 ], [ -49.450013860999945, -25.440555826267396 ], [ -49.450013860999945, -25.440548796267386 ], [ -49.45001371799998, -25.440542340267395 ], [ -49.450013000999945, -25.440537749267413 ], [ -49.450011852999971, -25.440533876267381 ], [ -49.450010130999942, -25.440529141267373 ], [ -49.450008265999941, -25.440524120267387 ], [ -49.450006687999974, -25.440519959267398 ], [ -49.45000410599993, -25.440514938267409 ], [ -49.450001235999935, -25.44050977326739 ], [ -49.449998079999943, -25.440504465267367 ], [ -49.449995067999957, -25.4404987262674 ], [ -49.449992341999973, -25.440493418267376 ], [ -49.449989328999948, -25.440488253267386 ], [ -49.449986315999979, -25.440483088267371 ], [ -49.449983446999958, -25.440478067267385 ], [ -49.449981007999945, -25.440473045267403 ], [ -49.44997914299995, -25.440468741267381 ], [ -49.449977277999956, -25.440464724267404 ], [ -49.449974982999947, -25.440458698267399 ], [ -49.449973403999934, -25.44045367726741 ], [ -49.449971395999967, -25.440448225267371 ], [ -49.449969530999965, -25.440443204267385 ], [ -49.449967665999964, -25.440439330267377 ], [ -49.449966230999962, -25.440436174267379 ], [ -49.449964509999973, -25.4404331612674 ], [ -49.449962787999937, -25.440430005267363 ], [ -49.449960779999969, -25.440426848267375 ], [ -49.449959057999934, -25.440423118267383 ], [ -49.449957766999944, -25.440421253267377 ], [ -49.449956618999977, -25.440419819267373 ], [ -49.449955614999958, -25.440418527267376 ], [ -49.449954753999975, -25.440417236267393 ], [ -49.449953749999963, -25.440416375267393 ], [ -49.449952745999951, -25.440415228267362 ], [ -49.449951597999984, -25.440414080267395 ], [ -49.44995044999996, -25.440413219267406 ], [ -49.449949301999936, -25.440412071267392 ], [ -49.449947580999947, -25.440410780267399 ], [ -49.449945858999968, -25.440408772267375 ], [ -49.449944137999978, -25.440406333267376 ], [ -49.449942559999954, -25.440404324267408 ], [ -49.44994141199993, -25.440402315267402 ], [ -49.449940263999963, -25.440400881267383 ], [ -49.449938972999973, -25.440399877267371 ], [ -49.449937107999972, -25.440398442267369 ], [ -49.449935385999936, -25.440396577267368 ], [ -49.449933377999976, -25.440393994267396 ], [ -49.449932086999979, -25.440391555267386 ], [ -49.449930795999933, -25.440389690267381 ], [ -49.449929503999954, -25.440388112267417 ], [ -49.449928212999964, -25.440386821267371 ], [ -49.449926634999947, -25.440385386267369 ], [ -49.449925486999973, -25.440383808267409 ], [ -49.449924339999939, -25.440382373267397 ], [ -49.449923191999972, -25.440381082267415 ], [ -49.449922043999955, -25.440380221267358 ], [ -49.44992089699997, -25.440379361267361 ], [ -49.449919891999969, -25.440377639267385 ], [ -49.449918887999956, -25.440376204267388 ], [ -49.449917596999967, -25.440374770267365 ], [ -49.449916448999936, -25.44037333526737 ], [ -49.449915731999965, -25.440371900267372 ], [ -49.449915157999953, -25.440370752267398 ], [ -49.449914009999986, -25.440369318267393 ], [ -49.449912431999962, -25.440367740267366 ], [ -49.44991099799995, -25.440367166267418 ], [ -49.449909992999949, -25.440366305267357 ], [ -49.449908845999971, -25.440365157267394 ], [ -49.449908271999959, -25.44036401026737 ], [ -49.449907266999958, -25.440362862267396 ], [ -49.449906836999958, -25.440361714267368 ], [ -49.449906262999946, -25.440360279267374 ], [ -49.449905258999934, -25.440359132267389 ], [ -49.449904541999956, -25.440357697267384 ], [ -49.449904254999971, -25.440355975267426 ], [ -49.449903967999944, -25.440354254267358 ], [ -49.449903106999955, -25.44035238926736 ], [ -49.449902102999943, -25.440350667267381 ], [ -49.449901098999931, -25.440349519267368 ], [ -49.449899376999952, -25.440348085267409 ], [ -49.44989794199995, -25.440346076267399 ], [ -49.449897224999972, -25.440344067267375 ], [ -49.449897224999972, -25.440342920267394 ], [ -49.44989722499998, -25.440341772267377 ], [ -49.449897224999972, -25.4403406242674 ], [ -49.44989708199995, -25.440339190267402 ], [ -49.449896794999972, -25.440337755267393 ], [ -49.449896507999938, -25.440336607267362 ], [ -49.449896076999941, -25.440335459267406 ], [ -49.449895072999936, -25.440333451267371 ], [ -49.449894642999936, -25.440332303267411 ], [ -49.449894068999981, -25.440330582267364 ], [ -49.449893207999935, -25.440329147267359 ], [ -49.449892777999935, -25.440328143267418 ], [ -49.449892203999973, -25.440326995267391 ], [ -49.449891485999949, -25.440325847267363 ], [ -49.449890912999933, -25.440324269267403 ], [ -49.449890051999944, -25.440322404267405 ], [ -49.449889190999961, -25.440320108267411 ], [ -49.449888329999965, -25.440317526267364 ], [ -49.449887755999953, -25.440315087267411 ], [ -49.449886895999953, -25.44031279126736 ], [ -49.449886321999941, -25.4403112132674 ], [ -49.449885890999951, -25.440309779267388 ], [ -49.449885316999939, -25.44030863126742 ], [ -49.449884312999984, -25.440306335267366 ], [ -49.449883308999972, -25.440304614267379 ], [ -49.449882591999938, -25.440303323267386 ], [ -49.449881730999948, -25.440301457267402 ], [ -49.449880869999951, -25.440299736267416 ], [ -49.449880008999969, -25.440298158267382 ], [ -49.449879148999976, -25.440296723267391 ], [ -49.449877713999967, -25.440294858267375 ], [ -49.449876422999971, -25.440292419267369 ], [ -49.449875131999939, -25.440290267267386 ], [ -49.449873552999968, -25.440287685267407 ], [ -49.449871974999951, -25.4402848152674 ], [ -49.449870827999966, -25.440282520267402 ], [ -49.449869535999945, -25.44028036826737 ], [ -49.44986838899996, -25.440278646267391 ], [ -49.44986752799997, -25.440276924267415 ], [ -49.449866666999981, -25.4402754902674 ], [ -49.449865662999976, -25.440274342267369 ], [ -49.449864227999967, -25.440272477267378 ], [ -49.449862649999943, -25.440270182267376 ], [ -49.449860210999987, -25.440267456267392 ], [ -49.449857197999961, -25.440264299267398 ], [ -49.449854615999982, -25.440261430267388 ], [ -49.449851602999964, -25.440259135267389 ], [ -49.449848877999955, -25.440257269267398 ], [ -49.449846294999986, -25.440255835267394 ], [ -49.44984414299995, -25.440254687267416 ], [ -49.449842708999938, -25.440253826267366 ], [ -49.449841703999937, -25.440253252267414 ], [ -49.449840556999959, -25.440251961267368 ], [ -49.449839551999958, -25.440250813267404 ], [ -49.449838547999946, -25.44024995326739 ], [ -49.449836969999986, -25.440249379267385 ], [ -49.449835965999966, -25.440248805267384 ], [ -49.449834817999943, -25.440247944267394 ], [ -49.449833669999975, -25.440247657267399 ], [ -49.449832235999963, -25.440246796267363 ], [ -49.449830657999939, -25.440245935267374 ], [ -49.44982893599996, -25.440245362267412 ], [ -49.449827644999978, -25.4402447882674 ], [ -49.449826496999947, -25.440244501267362 ], [ -49.449825062999935, -25.44024392726741 ], [ -49.449823196999951, -25.44024392726741 ], [ -49.449820901999942, -25.44024392726741 ], [ -49.449818175999951, -25.440244214267388 ], [ -49.44981415899997, -25.440244931267362 ], [ -49.449810715999938, -25.440245362267415 ], [ -49.449807846999938, -25.440245648267403 ], [ -49.449804546999985, -25.440245648267403 ], [ -49.44980153399996, -25.440245792267405 ], [ -49.449799095999936, -25.440245935267374 ], [ -49.449797516999979, -25.440246222267405 ], [ -49.44979608299996, -25.440246222267405 ], [ -49.449794360999931, -25.440246222267405 ], [ -49.449792495999986, -25.440246222267405 ], [ -49.449790056999973, -25.440246222267405 ], [ -49.449787474999937, -25.440246366267374 ], [ -49.44978503599998, -25.440247083267401 ], [ -49.449782309999932, -25.440247801267365 ], [ -49.449779440999976, -25.440248518267406 ], [ -49.44977685899994, -25.440248518267406 ], [ -49.449774419999976, -25.440248518267406 ], [ -49.449772267999947, -25.440248231267372 ], [ -49.449770402999945, -25.440247657267399 ], [ -49.449767963999925, -25.440247370267368 ], [ -49.44976609899993, -25.440246796267363 ], [ -49.449764663999986, -25.440245935267374 ], [ -49.449762942999939, -25.440245218267389 ], [ -49.449760216999948, -25.440244070267376 ], [ -49.449756773999979, -25.440242205267385 ] ] ] } },
{ "type": "Feature", "properties": { "num_setor": "PR_CAMPOLA_SR_021_SGB", "munic": "CAMPO LARGO", "grau_risco": "Alto", "distancia_km": 0.94, "chuva_24h": 11.9, "chuva_72h": 26.0, "fonte_estacao": "openmeteo", "codigo_estacao": "openmeteo", "nome_estacao": "Open-Meteo (célula de grade)" }, "geometry": { "type": "Polygon", "coordinates": [ [ [ -49.407573950999961, -25.431812145267578 ], [ -49.407575743999985, -25.431814250267546 ], [ -49.407519370999978, -25.432026404267528 ], [ -49.407507357999975, -25.432071614267524 ], [ -49.407466468999985, -25.432053071267585 ], [ -49.407398398999938, -25.432026969267586 ], [ -49.407132050999962, -25.431924836267548 ], [ -49.406884399999967, -25.43175446026758 ], [ -49.406935357999942, -25.431532646267602 ], [ -49.407224614999961, -25.431571613267565 ], [ -49.407220118999923, -25.431676525267559 ], [ -49.407320534999947, -25.431685518267546 ], [ -49.407404464999949, -25.43175446026758 ], [ -49.407609792999949, -25.431655543267581 ], [ -49.407573950999961, -25.431812145267578 ] ] ] } },
{ "type": "Feature", "properties": { "num_setor": "PR_CAMPOLA_SR_038_SGB", "munic": "CAMPO LARGO", "grau_risco": "Alto", "distancia_km": 1.17, "chuva_24h": 34.0, "chuva_72h": 45.1, "fonte_estacao": "openmeteo", "codigo_estacao": "openmeteo", "nome_estacao": "Open-Meteo (célula de grade)" }, "geometry": { "type": "Polygon", "coordinates": [ [ [ -49.568723341999942, -25.481016697266547 ], [ -49.569086367999944, -25.481770680266514 ], [ -49.568801995999934, -25.481943534266541 ], [ -49.568634718999931, -25.481631282266527 ], [ -49.568428409999967, -25.481285575266529 ], [ -49.56831568299998, -25.481067655266525 ], [ -49.568283418999954, -25.480862336266558 ], [ -49.568199837999941, -25.480903244266567 ], [ -49.568074125999942, -25.480931739266552 ], [ -49.567918243999941, -25.480927381266536 ], [ -49.567852872999936, -25.480815075266534 ], [ -49.567770895999956, -25.480680312266532 ], [ -49.568009090999965, -25.480438266266553 ], [ -49.568126756999952, -25.480500620266572 ], [ -49.568292361999966, -25.480586106266561 ], [ -49.568323405999934, -25.480538298266534 ], [ -49.568569934999971, -25.48038962926654 ], [ -49.568651401999936, -25.480279315266557 ], [ -49.568712, -25.480322999266544 ], [ -49.568858228999943, -25.480258332266551 ], [ -49.56894215899996, -25.480645009266539 ], [ -49.569020092999949, -25.480642011266575 ], [ -49.568996112999969, -25.480935765266544 ], [ -49.568723341999942, -25.481016697266547 ] ] ] } },
{ "type": "Feature", "properties": { "num_setor": "PR_CAMPOLA_SR_039_SGB", "munic": "CAMPO LARGO", "grau_risco": "Muito alto", "distancia_km": 1.07, "chuva_24h": 34.0, "chuva_72h": 45.1, "fonte_estacao": "openmeteo", "codigo_estacao": "openmeteo", "nome_estacao": "Open-Meteo (célula de grade)" }, "geometry": { "type": "Polygon", "coordinates": [ [ [ -49.575049526999976, -25.451184081267144 ], [ -49.574962389999939, -25.451344711267176 ], [ -49.574868913999978, -25.451350592267175 ], [ -49.574774097999985, -25.45133856626714 ], [ -49.574736865999967, -25.451254617267157 ], [ -49.574748961999944, -25.450629555267188 ], [ -49.574731546999942, -25.450544866267187 ], [ -49.574693851999939, -25.450461380267193 ], [ -49.57464790999996, -25.450417221267163 ], [ -49.574614298999961, -25.45031944226718 ], [ -49.574621467999982, -25.450219417267189 ], [ -49.574639967999985, -25.450113498267175 ], [ -49.574694776999934, -25.450011741267193 ], [ -49.574768085999949, -25.449909291267218 ], [ -49.574834225999957, -25.449817248267212 ], [ -49.574882095999953, -25.449726361267214 ], [ -49.574996799999944, -25.449574651267209 ], [ -49.575392482999973, -25.449726361267214 ], [ -49.575358025999947, -25.449903972267183 ], [ -49.575305067999977, -25.450070483267208 ], [ -49.575173018999976, -25.450462476267205 ], [ -49.575205857999947, -25.450553826267186 ], [ -49.575225745999937, -25.450646794267175 ], [ -49.575226439999938, -25.450830941267196 ], [ -49.575183656999961, -25.450933622267179 ], [ -49.575110347999953, -25.451082325267162 ], [ -49.575049526999976, -25.451184081267144 ] ] ] } },
{ "type": "Feature", "properties": { "num_setor": "PR_CAMPOLA_SR_008_SGB", "munic": "CAMPO LARGO", "grau_risco": "Muito alto", "distancia_km": 1.31, "chuva_24h": 34.0, "chuva_72h": 45.1, "fonte_estacao": "openmeteo", "codigo_estacao": "openmeteo", "nome_estacao": "Open-Meteo (célula de grade)" }, "geometry": { "type": "Polygon", "coordinates": [ [ [ -49.577048118999983, -25.472234054266718 ], [ -49.576929, -25.472187999266737 ], [ -49.576832299999978, -25.472326976266739 ], [ -49.576364690999974, -25.471793423266721 ], [ -49.576238796999981, -25.471595588266737 ], [ -49.575885092999947, -25.471325814266734 ], [ -49.575723228999948, -25.470918156266773 ], [ -49.575863554999955, -25.470769590266773 ], [ -49.576068077999935, -25.470591909266744 ], [ -49.576433681999958, -25.470472316266786 ], [ -49.576793427999974, -25.470480614266748 ], [ -49.577133161999939, -25.470546024266781 ], [ -49.577575399999944, -25.471062471266762 ], [ -49.577929776999959, -25.471432966266729 ], [ -49.578115751999981, -25.471669712266763 ], [ -49.578246568999923, -25.471890837266766 ], [ -49.578292940999972, -25.472082187266718 ], [ -49.578529679999974, -25.472310634266698 ], [ -49.578753239999969, -25.472445848266712 ], [ -49.578937261999954, -25.472510281266736 ], [ -49.579449868999973, -25.472441117266726 ], [ -49.579673649999961, -25.472861554266707 ], [ -49.579388837999936, -25.473037866266715 ], [ -49.579084674999933, -25.472728478266717 ], [ -49.578939702999946, -25.472833915266715 ], [ -49.578831339999965, -25.472914458266725 ], [ -49.578516888999957, -25.473163275266742 ], [ -49.577899405999972, -25.472467858266715 ], [ -49.577581671999951, -25.472204079266739 ], [ -49.577449782999963, -25.472198084266715 ], [ -49.577287917999968, -25.472006244266705 ], [ -49.577048118999983, -25.472234054266718 ] ] ] } },
{ "type": "Feature", "properties": { "num_setor": "PR_CAMPOLA_SR_003_SGB", "munic": "CAMPO LARGO", "grau_risco": "Muito alto", "distancia_km": 0.33, "chuva_24h": 34.0, "chuva_72h": 45.1, "fonte_estacao": "openmeteo", "codigo_estacao": "openmeteo", "nome_estacao": "Open-Meteo (célula de grade)" }, "geometry": { "type": "Polygon", "coordinates": [ [ [ -49.575551929999961, -25.45586005526706 ], [ -49.575369813999934, -25.456571802267071 ], [ -49.575376508999966, -25.456927340267079 ], [ -49.575379186999953, -25.45729493126704 ], [ -49.575444132999962, -25.457517896267014 ], [ -49.575650352999958, -25.457921643267028 ], [ -49.575748776999944, -25.458380964267008 ], [ -49.575405968999974, -25.45842783326702 ], [ -49.575244607999934, -25.458129208266996 ], [ -49.575079899999935, -25.457768313267035 ], [ -49.57492657399996, -25.457288235267036 ], [ -49.574918538999952, -25.456881140267029 ], [ -49.574998884999957, -25.456360889267028 ], [ -49.575236573999973, -25.455848672267045 ], [ -49.575519398999973, -25.455424134267044 ], [ -49.575683332999972, -25.455503332267085 ], [ -49.575551929999961, -25.45586005526706 ] ] ] } },
{ "type": "Feature", "properties": { "num_setor": "PR_CAMPOLA_SR_030_SGB", "munic": "CAMPO LARGO", "grau_risco": "Muito alto", "distancia_km": 1.4, "chuva_24h": 17.0, "chuva_72h": 35.1, "fonte_estacao": "openmeteo", "codigo_estacao": "openmeteo", "nome_estacao": "Open-Meteo (célula de grade)" }, "geometry": { "type": "Polygon", "coordinates": [ [ [ -49.543840972999931, -25.442824617267355 ], [ -49.543746761999955, -25.443096030267363 ], [ -49.543617888999961, -25.443109499267305 ], [ -49.543616855999979, -25.443106586267319 ], [ -49.543567977999942, -25.442968726267328 ], [ -49.543565865999938, -25.442964502267309 ], [ -49.543563753999933, -25.442962389267315 ], [ -49.543593576999967, -25.442798932267344 ], [ -49.543840972999931, -25.442824617267355 ] ] ] } },
{ "type": "Feature", "properties": { "num_setor": "PR_CAMPOLA_SR_031_SGB", "munic": "CAMPO LARGO", "grau_risco": "Muito alto", "distancia_km": 0.78, "chuva_24h": 17.0, "chuva_72h": 35.1, "fonte_estacao": "openmeteo", "codigo_estacao": "openmeteo", "nome_estacao": "Open-Meteo (célula de grade)" }, "geometry": { "type": "Polygon", "coordinates": [ [ [ -49.546192438999981, -25.43711920926744 ], [ -49.546368066999939, -25.437160432267476 ], [ -49.546274, -25.437480999267418 ], [ -49.546092109999961, -25.437414624267472 ], [ -49.545933952999974, -25.437376835267429 ], [ -49.545933952999974, -25.437388202267453 ], [ -49.545932689999972, -25.437397675267437 ], [ -49.545930163999969, -25.437408411267462 ], [ -49.545926374999965, -25.437419146267455 ], [ -49.545922585999961, -25.437431777267459 ], [ -49.545917533999955, -25.437448828267449 ], [ -49.54591374499995, -25.437460826267433 ], [ -49.54590742999995, -25.437474720267438 ], [ -49.545903640999931, -25.437489876267453 ], [ -49.545897325999924, -25.437502506267474 ], [ -49.545888484999978, -25.437514505267448 ], [ -49.545879643999967, -25.437525241267426 ], [ -49.545872065999959, -25.43753660826744 ], [ -49.545863856999972, -25.437544818267469 ], [ -49.545855015999962, -25.437553659267419 ], [ -49.545843648999949, -25.437563132267456 ], [ -49.545833544999937, -25.437571341267443 ], [ -49.545822177999987, -25.43757765726744 ], [ -49.545809547999973, -25.437586497267461 ], [ -49.545797549999975, -25.437595971267427 ], [ -49.545786182999962, -25.437604180267478 ], [ -49.54577607899995, -25.437611127267449 ], [ -49.545768500999941, -25.437619336267424 ], [ -49.545760290999965, -25.437628809267462 ], [ -49.545753976999947, -25.437639545267444 ], [ -49.54574766099995, -25.437649018267425 ], [ -49.545741345999943, -25.437658490267474 ], [ -49.545733136999957, -25.437666068267429 ], [ -49.545725558999941, -25.43767617326742 ], [ -49.54571924399994, -25.437686277267428 ], [ -49.545715454999936, -25.437695750267466 ], [ -49.545714191999934, -25.43770585426741 ], [ -49.54571040299993, -25.437717221267445 ], [ -49.545705350999981, -25.437727325267449 ], [ -49.545701561999977, -25.437736798267423 ], [ -49.545697772999965, -25.437747534267462 ], [ -49.545695246999969, -25.437758269267448 ], [ -49.545691457999972, -25.437768374267453 ], [ -49.545688931999962, -25.437777847267427 ], [ -49.545685142999957, -25.437787319267414 ], [ -49.545681353999953, -25.437794897267423 ], [ -49.545677564999949, -25.437801212267427 ], [ -49.545675038999953, -25.437807528267424 ], [ -49.545672512999943, -25.437813843267428 ], [ -49.545668723999938, -25.437821421267444 ], [ -49.545666197999935, -25.437828999267449 ], [ -49.545663671999925, -25.437837209267425 ], [ -49.545659882999985, -25.437843524267439 ], [ -49.545657356999989, -25.437847313267433 ], [ -49.545652304999976, -25.437851102267445 ], [ -49.545648515999964, -25.437853628267437 ], [ -49.545555160999989, -25.437957146267451 ], [ -49.545524, -25.438045999267409 ], [ -49.545136098999933, -25.43796975426746 ], [ -49.545191001999967, -25.437838237267471 ], [ -49.545222886999966, -25.437770269267414 ], [ -49.545219097999961, -25.437761427267411 ], [ -49.54521783499996, -25.43775511226746 ], [ -49.545217834999967, -25.437750060267465 ], [ -49.545218466999984, -25.437743113267437 ], [ -49.545220360999963, -25.437734904267451 ], [ -49.545224149999974, -25.437724799267443 ], [ -49.545228570999939, -25.437713432267437 ], [ -49.545232359999936, -25.437705222267457 ], [ -49.545236779999982, -25.437697013267471 ], [ -49.545241831999931, -25.437688172267457 ], [ -49.545246883999937, -25.437678699267426 ], [ -49.545254461999946, -25.437667331267424 ], [ -49.545260776999953, -25.437656596267431 ], [ -49.545267091999968, -25.437643334267452 ], [ -49.545272774999951, -25.437629441267436 ], [ -49.545278458999974, -25.437614916267457 ], [ -49.545282247999985, -25.437601654267464 ], [ -49.545284773999981, -25.437586497267461 ], [ -49.545287930999962, -25.437571341267443 ], [ -49.545293614999935, -25.43755934226747 ], [ -49.545302455999945, -25.437544818267469 ], [ -49.545310664999931, -25.437526504267431 ], [ -49.545315716999937, -25.437509453267449 ], [ -49.545318874999964, -25.437494297267424 ], [ -49.545320137999965, -25.437481666267431 ], [ -49.545323294999946, -25.43747282526747 ], [ -49.54532708399995, -25.437465878267439 ], [ -49.545330872999962, -25.43745893226745 ], [ -49.545334661999959, -25.437452616267457 ], [ -49.545338450999957, -25.437446301267457 ], [ -49.54534350299997, -25.437435566267457 ], [ -49.545347923999941, -25.437426093267423 ], [ -49.545351080999978, -25.437417884267436 ], [ -49.54535487, -25.437411568267439 ], [ -49.545357395999986, -25.437405253267432 ], [ -49.545359921999932, -25.437398938267428 ], [ -49.545362447999935, -25.437392623267478 ], [ -49.545364973999938, -25.43738630726742 ], [ -49.545366236999939, -25.43737999226747 ], [ -49.545367499999941, -25.437374309267433 ], [ -49.545370025999944, -25.437369889267448 ], [ -49.545373814999948, -25.437364836267459 ], [ -49.545376972999975, -25.437360415267428 ], [ -49.545377603999952, -25.437356627267476 ], [ -49.545378866999961, -25.437354732267433 ], [ -49.545380129999955, -25.437351575267471 ], [ -49.545380761999979, -25.437347785267473 ], [ -49.545382023999927, -25.437343365267431 ], [ -49.545383287999989, -25.437338944267463 ], [ -49.54538454999993, -25.437334524267481 ], [ -49.545386444999963, -25.437328840267448 ], [ -49.545387707999971, -25.43732189326747 ], [ -49.545390233999967, -25.43731557826748 ], [ -49.545393390999948, -25.437308632267431 ], [ -49.545397179999952, -25.43730168526745 ], [ -49.54540349499996, -25.437296001267484 ], [ -49.54540980999996, -25.437290949267471 ], [ -49.545414230999945, -25.437285897267465 ], [ -49.545417387999976, -25.43728147626744 ], [ -49.545419913999986, -25.437277056267451 ], [ -49.545421808999947, -25.437273898267438 ], [ -49.545424965999985, -25.437270741267458 ], [ -49.545428123999955, -25.437266951267453 ], [ -49.545431280999935, -25.437262531267475 ], [ -49.54543317599996, -25.437260005267472 ], [ -49.54543506999994, -25.437256848267428 ], [ -49.545438227999973, -25.437253058267444 ], [ -49.545440121999945, -25.437248638267459 ], [ -49.545442647999948, -25.437242954267429 ], [ -49.545445173999951, -25.437239165267467 ], [ -49.545447699999947, -25.43723600826744 ], [ -49.545450857999981, -25.437232850267478 ], [ -49.545453383999984, -25.437229061267473 ], [ -49.545454646999985, -25.437225903267446 ], [ -49.545456540999957, -25.437222114267438 ], [ -49.545457803999973, -25.437220219267466 ], [ -49.545459066999967, -25.437217062267436 ], [ -49.54546159299997, -25.437213904267459 ], [ -49.545465381999975, -25.437210116267451 ], [ -49.545471696999982, -25.437205063267449 ], [ -49.545476116999964, -25.437200011267443 ], [ -49.545480537999936, -25.437194959267451 ], [ -49.54548432699994, -25.43718927526746 ], [ -49.545487483999977, -25.437184224267451 ], [ -49.545491272999982, -25.437179171267459 ], [ -49.545495061999986, -25.437174750267427 ], [ -49.545500114999982, -25.437169699267471 ], [ -49.545504534999964, -25.437166541267441 ], [ -49.545506428999943, -25.437164015267442 ], [ -49.545508323999968, -25.437160857267457 ], [ -49.54550958699997, -25.437158331267472 ], [ -49.545511480999949, -25.437155805267466 ], [ -49.545514638999975, -25.437152647267432 ], [ -49.54551842799998, -25.437148859267474 ], [ -49.54552474299993, -25.437143807267471 ], [ -49.545531057999931, -25.437138754267483 ], [ -49.545620189999966, -25.436961283267454 ], [ -49.545841286, -25.437050465267454 ], [ -49.546192438999981, -25.43711920926744 ] ] ] } },
{ "type": "Feature", "properties": { "num_setor": "PR_CAMPOLA_SR_028_SGB", "munic": "CAMPO LARGO", "grau_risco": "Muito alto", "distancia_km": 1.79, "chuva_24h": 15.3, "chuva_72h": 24.9, "fonte_estacao": "openmeteo", "codigo_estacao": "openmeteo", "nome_estacao": "Open-Meteo (célula de grade)" }, "geometry": { "type": "Polygon", "coordinates": [ [ [ -49.472216805999956, -25.450853585267151 ], [ -49.47221303699996, -25.450857638267141 ], [ -49.472209643999975, -25.450861690267164 ], [ -49.472206344999961, -25.450866214267176 ], [ -49.472203423999986, -25.450870455267175 ], [ -49.472200407999935, -25.450874413267154 ], [ -49.472196732999976, -25.450877995267184 ], [ -49.472192303, -25.450880539267168 ], [ -49.472187025999965, -25.450882613267183 ], [ -49.472181370999976, -25.45088506326719 ], [ -49.472175621999952, -25.450888079267187 ], [ -49.472169967999946, -25.450891189267139 ], [ -49.472164124999949, -25.450894299267169 ], [ -49.472158752999967, -25.450898069267147 ], [ -49.472153380999949, -25.450902310267153 ], [ -49.472147443999972, -25.450906174267157 ], [ -49.472141034999936, -25.450910226267172 ], [ -49.472134343999983, -25.450914939267172 ], [ -49.472127558999944, -25.450919557267163 ], [ -49.472120866999937, -25.45092455226715 ], [ -49.472114081999962, -25.450929924267182 ], [ -49.472106824999969, -25.450935390267194 ], [ -49.472098342999963, -25.450941044267203 ], [ -49.472089861999962, -25.450946511267183 ], [ -49.472081379999963, -25.450952354267191 ], [ -49.472072708999974, -25.450958668267141 ], [ -49.472064132999947, -25.450965925267205 ], [ -49.472055745999967, -25.45097242826715 ], [ -49.472047546999931, -25.450978837267183 ], [ -49.47203878199997, -25.450985057267165 ], [ -49.47203011199997, -25.450990806267193 ], [ -49.472021535999943, -25.450995801267183 ], [ -49.472013713999957, -25.451001361267156 ], [ -49.472006456999964, -25.45100663926716 ], [ -49.471999953999955, -25.451012105267164 ], [ -49.471994110999958, -25.45101719426717 ], [ -49.471989398999938, -25.451021435267172 ], [ -49.471983555999941, -25.451026430267163 ], [ -49.471978277999938, -25.451030860267153 ], [ -49.471973283999951, -25.451035384267168 ], [ -49.471968194999924, -25.451039908267184 ], [ -49.471962633999965, -25.451044714267173 ], [ -49.47195726199994, -25.451050086267145 ], [ -49.471952267999946, -25.451055646267186 ], [ -49.471946801999934, -25.45106083026716 ], [ -49.471940958999944, -25.451065636267153 ], [ -49.471934549999958, -25.451070443267199 ], [ -49.471928235999933, -25.451074872267196 ], [ -49.471921449999975, -25.451080150267128 ], [ -49.47191513599995, -25.451086088267154 ], [ -49.471908632999941, -25.451091271267138 ], [ -49.47190203599996, -25.45109617226715 ], [ -49.471895438999979, -25.451100601267154 ], [ -49.471889124999961, -25.451105408267189 ], [ -49.471882810999944, -25.451110120267153 ], [ -49.47187564799998, -25.451114361267155 ], [ -49.471867731999964, -25.451119262267163 ], [ -49.471859532999986, -25.451123597267191 ], [ -49.471851993999962, -25.451128027267185 ], [ -49.471844830999935, -25.451131985267153 ], [ -49.471837573999949, -25.451136414267165 ], [ -49.471830694999937, -25.451140467267159 ], [ -49.471824380999983, -25.451144425267135 ], [ -49.47181825499996, -25.451147818267188 ], [ -49.471812693999929, -25.451151117267141 ], [ -49.471806756999975, -25.451154698267171 ], [ -49.471799500999971, -25.451157808267144 ], [ -49.471791866999986, -25.451160353267181 ], [ -49.471783949999974, -25.451163368267185 ], [ -49.47177509199998, -25.45116591326715 ], [ -49.471766138999953, -25.451169212267171 ], [ -49.471757279999963, -25.451173264267176 ], [ -49.471748703999943, -25.451178071267158 ], [ -49.471739467999953, -25.451182312267157 ], [ -49.471731268999974, -25.451186364267155 ], [ -49.471723446999931, -25.45119079426717 ], [ -49.471715906999975, -25.451195035267158 ], [ -49.471708556999943, -25.451199464267148 ], [ -49.471701959999969, -25.451204176267176 ], [ -49.471695739999966, -25.451208323267146 ], [ -49.47169017899995, -25.451212659267156 ], [ -49.471684712999945, -25.451216617267153 ], [ -49.471679152999968, -25.451220104267161 ], [ -49.471674063999956, -25.451223308267156 ], [ -49.471668879999982, -25.451226513267134 ], [ -49.471663319999948, -25.451229811267162 ], [ -49.471657665999935, -25.451233298267184 ], [ -49.471652293999966, -25.45123687926716 ], [ -49.471647769999947, -25.451240838267182 ], [ -49.471644094999938, -25.451243759267157 ], [ -49.471639193999977, -25.451247718267194 ], [ -49.47163306799996, -25.451252618267151 ], [ -49.471629015999952, -25.45125525726715 ], [ -49.47162449199994, -25.451259121267153 ], [ -49.471619968999953, -25.451262797267169 ], [ -49.47161582199994, -25.451267226267163 ], [ -49.47161101599994, -25.451270713267185 ], [ -49.471607339999935, -25.451274295267158 ], [ -49.471603192999964, -25.45127768826714 ], [ -49.471599800999968, -25.451281175267162 ], [ -49.471596030999933, -25.451284944267147 ], [ -49.471592449999946, -25.451288526267174 ], [ -49.47158877399994, -25.451292484267164 ], [ -49.471584815999961, -25.451296537267154 ], [ -49.471581140999952, -25.451300118267145 ], [ -49.471577276999938, -25.451304076267181 ], [ -49.471573695999957, -25.451308034267154 ], [ -49.471570585999984, -25.451312558267183 ], [ -49.471567380999943, -25.451316328267154 ], [ -49.471564270999977, -25.451320192267161 ], [ -49.471561631999982, -25.451324150267141 ], [ -49.471558804999972, -25.451327637267163 ], [ -49.471557202999982, -25.451330276267157 ], [ -49.471555412999976, -25.45133282126719 ], [ -49.471553904999951, -25.451334235267193 ], [ -49.471552867999947, -25.451335837267187 ], [ -49.471551925999954, -25.451337062267193 ], [ -49.471550795, -25.451338947267153 ], [ -49.471550417999936, -25.451340266267184 ], [ -49.471550417999943, -25.451341963267144 ], [ -49.471550417999943, -25.451343094267173 ], [ -49.471550417999936, -25.45134422526715 ], [ -49.471550228999945, -25.451346298267172 ], [ -49.471549663999951, -25.451348937267174 ], [ -49.471549286999959, -25.451351576267164 ], [ -49.471548909999967, -25.451354686267138 ], [ -49.471548343999984, -25.451357702267135 ], [ -49.471547778999934, -25.451360812267154 ], [ -49.471547401999949, -25.451363733267193 ], [ -49.47154702499995, -25.451366561267175 ], [ -49.471546835999959, -25.451369294267153 ], [ -49.471546835999959, -25.451372404267179 ], [ -49.471546835999959, -25.451375608267178 ], [ -49.471546647999965, -25.451378907267181 ], [ -49.471546458999967, -25.451382300267184 ], [ -49.471546458999967, -25.451385975267186 ], [ -49.471546458999967, -25.451389274267139 ], [ -49.471546458999967, -25.451392478267142 ], [ -49.471546458999967, -25.451395588267168 ], [ -49.471546553999985, -25.45139822726717 ], [ -49.47154674199993, -25.451401337267185 ], [ -49.47154702499995, -25.451404824267144 ], [ -49.471547495999971, -25.451408311267169 ], [ -49.471548249999955, -25.451411987267164 ], [ -49.471549191999941, -25.451415756267156 ], [ -49.471550322999967, -25.451418961267144 ], [ -49.471551830999935, -25.451422542267178 ], [ -49.471553527999959, -25.451426218267127 ], [ -49.471555317999957, -25.451429799267178 ], [ -49.471556731999954, -25.451433286267129 ], [ -49.471558050999938, -25.451436396267152 ], [ -49.471559181999964, -25.451439695267176 ], [ -49.471560501999939, -25.451443087267162 ], [ -49.471562009999957, -25.45144685726714 ], [ -49.471563422999964, -25.451449308267151 ], [ -49.471564742999931, -25.451451570267153 ], [ -49.471566155999938, -25.45145402026716 ], [ -49.471567474999972, -25.451456470267171 ], [ -49.471568794999939, -25.451458732267177 ], [ -49.471570208999935, -25.451461182267135 ], [ -49.471571433999941, -25.451463727267175 ], [ -49.471572752999968, -25.451466554267167 ], [ -49.471573977999981, -25.451468911267142 ], [ -49.471575108999957, -25.451471361267156 ], [ -49.471576239999933, -25.451474000267158 ], [ -49.471577182999965, -25.45147607326717 ], [ -49.471577935999953, -25.451478806267147 ], [ -49.47157850199995, -25.451481257267147 ], [ -49.471578972999964, -25.451484461267135 ], [ -49.471579443999985, -25.451487383267164 ], [ -49.471579726999948, -25.451490210267171 ], [ -49.471580009999961, -25.45149303726717 ], [ -49.471580292999931, -25.451495865267166 ], [ -49.471580292999931, -25.451499069267154 ], [ -49.471579726999948, -25.45150246226715 ], [ -49.471578972999964, -25.451506514267152 ], [ -49.471577747999959, -25.451509907267141 ], [ -49.471576051999932, -25.451513112267182 ], [ -49.471573977999981, -25.451516410267143 ], [ -49.471571998999927, -25.451518860267157 ], [ -49.471569925999972, -25.451521405267183 ], [ -49.471566815999957, -25.451523667267143 ], [ -49.471563422999964, -25.451525646267196 ], [ -49.471559464999984, -25.451527343267138 ], [ -49.471556071999942, -25.451529039267168 ], [ -49.471552867999947, -25.45153111226713 ], [ -49.471549568999933, -25.451533186267142 ], [ -49.471546647999958, -25.45153525926716 ], [ -49.471543443999956, -25.451536767267182 ], [ -49.471539956999948, -25.451538558267167 ], [ -49.471536186999977, -25.451541102267146 ], [ -49.471531945999971, -25.451543553267154 ], [ -49.47152751699997, -25.451545909267136 ], [ -49.471522898999979, -25.451548265267171 ], [ -49.471517243999983, -25.451550904267176 ], [ -49.471511966999969, -25.451553448267155 ], [ -49.471506311999974, -25.451555993267124 ], [ -49.471500185999957, -25.45155806626715 ], [ -49.471493965999969, -25.451560611267173 ], [ -49.471487840999941, -25.451563250267171 ], [ -49.471481525999934, -25.45156560626716 ], [ -49.471474834999981, -25.451567868267176 ], [ -49.471468331999972, -25.451569753267137 ], [ -49.471461829999953, -25.451571261267155 ], [ -49.471455232999972, -25.45157286326716 ], [ -49.471448823999935, -25.451574182267148 ], [ -49.47144175599994, -25.451575502267158 ], [ -49.471434121999948, -25.451576821267139 ], [ -49.471426865999952, -25.451577764267174 ], [ -49.47141923199996, -25.451578141267156 ], [ -49.471411786999965, -25.451578329267154 ], [ -49.471404718999963, -25.451578235267139 ], [ -49.471397273999969, -25.451577669267142 ], [ -49.471389639999984, -25.451576821267139 ], [ -49.471382100999961, -25.451575596267123 ], [ -49.471374372999946, -25.451573994267122 ], [ -49.471368057999932, -25.451572580267147 ], [ -49.471361932999969, -25.45157060126715 ], [ -49.471355617999961, -25.451567962267152 ], [ -49.471348926999951, -25.451565512267141 ], [ -49.471341952999985, -25.45156174226716 ], [ -49.471334884999976, -25.451558066267157 ], [ -49.471328853999978, -25.451554768267187 ], [ -49.471323292999955, -25.45155137526714 ], [ -49.471317166999938, -25.451547322267146 ], [ -49.471311983999954, -25.451542422267181 ], [ -49.471307365999962, -25.451536767267196 ], [ -49.471303313999954, -25.45153083026716 ], [ -49.471300109999952, -25.451525363267162 ], [ -49.471296622999944, -25.451520745267178 ], [ -49.47129304099996, -25.451514619267151 ], [ -49.471288611999967, -25.451508117267139 ], [ -49.471284936999943, -25.451500954267171 ], [ -49.471281072999943, -25.451493791267154 ], [ -49.471277396999938, -25.451487100267158 ], [ -49.471274098999963, -25.451480314267165 ], [ -49.471270894999982, -25.451473717267131 ], [ -49.471268349999946, -25.451467214267183 ], [ -49.471265804999973, -25.451460711267178 ], [ -49.471264768999959, -25.451454397267153 ], [ -49.471263543999953, -25.451448271267132 ], [ -49.471262789999962, -25.45144214526719 ], [ -49.471262412999977, -25.451435831267165 ], [ -49.471262035999985, -25.451429799267178 ], [ -49.471261846999937, -25.451424050267143 ], [ -49.471261469999952, -25.451418207267157 ], [ -49.471261281999944, -25.451413212267173 ], [ -49.471260715999961, -25.451406143267178 ], [ -49.471260150999974, -25.451400960267136 ], [ -49.471259207999935, -25.45139483426718 ], [ -49.471258642999935, -25.451388991267191 ], [ -49.471258453999951, -25.451382865267167 ], [ -49.471258076999966, -25.451376079267135 ], [ -49.471258076999959, -25.451369011267147 ], [ -49.471258076999959, -25.451361943267138 ], [ -49.471258171999978, -25.451354686267138 ], [ -49.471258830999943, -25.451347429267152 ], [ -49.471260150999967, -25.451340078267176 ], [ -49.471261752999965, -25.451332538267167 ], [ -49.471264391999966, -25.451324904267189 ], [ -49.471267312999942, -25.451316422267187 ], [ -49.471270611999955, -25.451307940267199 ], [ -49.471273815999943, -25.451299929267162 ], [ -49.471276642999953, -25.451292107267182 ], [ -49.471280035999939, -25.451284850267186 ], [ -49.471283333999963, -25.45127778226718 ], [ -49.471285689999945, -25.451270996267144 ], [ -49.471288234999975, -25.451264305267141 ], [ -49.471290213999964, -25.451257236267139 ], [ -49.471292098999982, -25.451250639267162 ], [ -49.471294171999944, -25.451244513267142 ], [ -49.471297093999965, -25.451236785267195 ], [ -49.471299920999968, -25.45123103626716 ], [ -49.471302653999942, -25.451225099267134 ], [ -49.471305480999938, -25.451219256267144 ], [ -49.471308779999958, -25.451212847267161 ], [ -49.471311700999934, -25.451206533267147 ], [ -49.471314810999957, -25.451199653267139 ], [ -49.471318392999933, -25.451192584267147 ], [ -49.471322821999934, -25.451185704267161 ], [ -49.471327345999953, -25.451178259267156 ], [ -49.471331303999932, -25.451169966267145 ], [ -49.47133592199998, -25.451161012267136 ], [ -49.471340821999945, -25.451152059267187 ], [ -49.47134628799995, -25.451142634267143 ], [ -49.471351659999982, -25.451132456267182 ], [ -49.471357785999942, -25.451122466267154 ], [ -49.471364005999931, -25.451112099267146 ], [ -49.471370225999976, -25.451101261267166 ], [ -49.471376916999986, -25.451090611267187 ], [ -49.471383984999932, -25.451079396267147 ], [ -49.471391430999972, -25.451068464267149 ], [ -49.471399252999959, -25.45105753126715 ], [ -49.471407168999967, -25.451046693267173 ], [ -49.471414990999961, -25.451036232267192 ], [ -49.471422812999947, -25.451026336267184 ], [ -49.471430163999976, -25.451015310267152 ], [ -49.471437891999983, -25.451005037267162 ], [ -49.471446373999989, -25.450994858267148 ], [ -49.471454666999925, -25.450984963267135 ], [ -49.471463996999937, -25.450975255267149 ], [ -49.471472855999934, -25.450965265267186 ], [ -49.471481148999942, -25.450955652267158 ], [ -49.471491232999931, -25.45094462626718 ], [ -49.471501599999961, -25.450933599267145 ], [ -49.47151253199997, -25.450922478267135 ], [ -49.471523935999983, -25.450911546267186 ], [ -49.471535621999976, -25.450900048267204 ], [ -49.471546647999958, -25.45088836226715 ], [ -49.471557768999965, -25.45087667526716 ], [ -49.471569831999936, -25.450865083267146 ], [ -49.471580857999982, -25.450853868267163 ], [ -49.471591695999955, -25.450843501267158 ], [ -49.471602533999942, -25.45083275726715 ], [ -49.471612522999976, -25.45082305026715 ], [ -49.471621852999938, -25.450813908267197 ], [ -49.471631277999961, -25.450804860267155 ], [ -49.471639853999932, -25.450796567267144 ], [ -49.471647392999955, -25.45078883926719 ], [ -49.471654178999984, -25.450781488267175 ], [ -49.471659644999932, -25.450773854267183 ], [ -49.471663979999967, -25.450767068267165 ], [ -49.47166869199998, -25.450760754267186 ], [ -49.471673215999942, -25.450754816267175 ], [ -49.47167736199998, -25.450749256267155 ], [ -49.471681414999985, -25.450743601267153 ], [ -49.471685089999937, -25.450738324267196 ], [ -49.47168819999996, -25.450732857267198 ], [ -49.471691403999955, -25.450727580267195 ], [ -49.471694419999949, -25.450721642267172 ], [ -49.471697623999937, -25.450715045267192 ], [ -49.471700828999985, -25.450708731267184 ], [ -49.471704126999953, -25.450702228267179 ], [ -49.471707896999931, -25.450695348267161 ], [ -49.471712325999931, -25.450688562267196 ], [ -49.471716660999952, -25.450681305267203 ], [ -49.471720901999959, -25.450674237267194 ], [ -49.47172523699993, -25.450667357267196 ], [ -49.471729666999977, -25.450659723267151 ], [ -49.471733718999985, -25.450652089267166 ], [ -49.471738242999947, -25.45064530426718 ], [ -49.471743143999959, -25.450638989267173 ], [ -49.471747855999979, -25.450632486267168 ], [ -49.471752096999978, -25.450625984267155 ], [ -49.471756148999987, -25.450619386267181 ], [ -49.471760012999937, -25.450612695267175 ], [ -49.471764253999936, -25.450606004267161 ], [ -49.47176755199996, -25.450598841267201 ], [ -49.471770944999946, -25.450592055267158 ], [ -49.471773771999949, -25.45058583526718 ], [ -49.471777258999964, -25.450579521267159 ], [ -49.471780840999941, -25.45057311226719 ], [ -49.471784892999942, -25.450566892267197 ], [ -49.47178951099994, -25.450560389267196 ], [ -49.471793939999941, -25.450554169267203 ], [ -49.47179874699998, -25.450548043267187 ], [ -49.471804023999937, -25.450542011267196 ], [ -49.471808264999936, -25.450536451267158 ], [ -49.471813070999978, -25.450530513267207 ], [ -49.471817688999977, -25.450524764267179 ], [ -49.471822024999938, -25.450518921267172 ], [ -49.471826924999966, -25.450512701267193 ], [ -49.471831919999943, -25.450506292267164 ], [ -49.471838045999952, -25.450499978267199 ], [ -49.471843794999984, -25.450494041267177 ], [ -49.471849825999989, -25.45048857426718 ], [ -49.471855668999979, -25.450483297267159 ], [ -49.471861511999975, -25.45047764226716 ], [ -49.471867260999943, -25.450472081267201 ], [ -49.471872443999985, -25.45046708626716 ], [ -49.471877627999959, -25.450461903267183 ], [ -49.471883093999963, -25.450457002267168 ], [ -49.47188846499995, -25.450452007267184 ], [ -49.471894213999974, -25.45044701226719 ], [ -49.471900622999954, -25.450442206267201 ], [ -49.471906747999981, -25.450438059267174 ], [ -49.471912779999968, -25.450434007267177 ], [ -49.471919093999986, -25.450431179267174 ], [ -49.471925973999923, -25.450427598267197 ], [ -49.471931910999949, -25.45042486526717 ], [ -49.47193765999998, -25.450422509267174 ], [ -49.471943596999949, -25.450420435267173 ], [ -49.471949345999974, -25.450417985267155 ], [ -49.471955094999942, -25.450415157267166 ], [ -49.471960560999946, -25.450412990267179 ], [ -49.471965932999979, -25.450411482267207 ], [ -49.471971209999936, -25.450409880267149 ], [ -49.471976393999967, -25.450408749267176 ], [ -49.471982047999973, -25.450407524267167 ], [ -49.471988173999932, -25.450406581267195 ], [ -49.471993451999928, -25.450405356267197 ], [ -49.471998163999956, -25.450404602267206 ], [ -49.472002875999976, -25.450403942267197 ], [ -49.47200758799994, -25.450403094267184 ], [ -49.472012205999931, -25.450403000267201 ], [ -49.472016728999968, -25.450402906267179 ], [ -49.472020687999986, -25.450403094267184 ], [ -49.472025022999951, -25.450403094267184 ], [ -49.472029545999931, -25.450403471267169 ], [ -49.47203378699993, -25.450404037267155 ], [ -49.472037839999984, -25.450404414267211 ], [ -49.472042457999976, -25.450404979267201 ], [ -49.472046886999976, -25.450405545267181 ], [ -49.472050279999962, -25.45040620426721 ], [ -49.472053200999937, -25.45040677026719 ], [ -49.472055933999968, -25.450407901267159 ], [ -49.47205857299997, -25.450409314267159 ], [ -49.472061022999981, -25.450410822267191 ], [ -49.472063473999981, -25.450412142267169 ], [ -49.472065640999972, -25.450414121267215 ], [ -49.472068373999946, -25.450415440267189 ], [ -49.472070635999948, -25.450416665267195 ], [ -49.472072803999936, -25.450418456267172 ], [ -49.472074499999962, -25.450421001267152 ], [ -49.472075818999933, -25.450422414267159 ], [ -49.472077326999965, -25.450424488267167 ], [ -49.47207864699994, -25.450427032267207 ], [ -49.472079965999967, -25.450428258267202 ], [ -49.472081473999935, -25.450430142267173 ], [ -49.472083075999933, -25.450431368267168 ], [ -49.472084772999949, -25.450433253267175 ], [ -49.472086374999954, -25.450434289267207 ], [ -49.472087787999953, -25.450435986267156 ], [ -49.472088730999985, -25.450437494267184 ], [ -49.472089766999943, -25.450439096267189 ], [ -49.472090709999975, -25.450440321267187 ], [ -49.472091934999987, -25.450441640267162 ], [ -49.472093065999964, -25.45044343126715 ], [ -49.472094102999961, -25.450445127267184 ], [ -49.472095138999975, -25.450446353267189 ], [ -49.472096269999952, -25.450448426267194 ], [ -49.472097588999986, -25.450449463267191 ], [ -49.472098814999981, -25.450450688267203 ], [ -49.472099945999958, -25.450451630267182 ], [ -49.472100698999952, -25.450452761267165 ], [ -49.472101358999957, -25.450453986267174 ], [ -49.472101829999986, -25.4504551172672 ], [ -49.472102678999924, -25.450456437267174 ], [ -49.472103808999975, -25.450457662267173 ], [ -49.472107242999982, -25.450460987267196 ], [ -49.472108521999978, -25.450457850267178 ], [ -49.472110500999975, -25.450462280267168 ], [ -49.472112950999986, -25.450467369267177 ], [ -49.472115777999925, -25.450472458267196 ], [ -49.472118793999982, -25.450477925267194 ], [ -49.472121997999977, -25.450483579267193 ], [ -49.472125296999941, -25.450488669267195 ], [ -49.472128123999944, -25.450493381267151 ], [ -49.472130856999975, -25.450498187267208 ], [ -49.47213377899994, -25.450502428267203 ], [ -49.472136039999953, -25.450507800267193 ], [ -49.472138395999934, -25.450512984267146 ], [ -49.472140563999972, -25.450518356267185 ], [ -49.472142825999981, -25.450523068267152 ], [ -49.472145369999964, -25.450527121267204 ], [ -49.472147914999937, -25.450531833267164 ], [ -49.472150553999938, -25.450536828267143 ], [ -49.472152720999986, -25.450542577267171 ], [ -49.472154794999938, -25.450548137267152 ], [ -49.472156961999985, -25.450553886267176 ], [ -49.472440239999976, -25.450605670267173 ], [ -49.472431246999975, -25.450656627267151 ], [ -49.472402, -25.450864999267182 ], [ -49.472216805999956, -25.450853585267151 ] ] ] } },
{ "type": "Feature", "properties": { "num_setor": "PR_CAMPOLA_SR_029_SGB", "munic": "CAMPO LARGO", "grau_risco": "Muito alto", "distancia_km": 1.57, "chuva_24h": 15.3, "chuva_72h": 24.9, "fonte_estacao": "openmeteo", "codigo_estacao": "openmeteo", "nome_estacao": "Open-Meteo (célula de grade)" }, "geometry": { "type": "Polygon", "coordinates": [ [ [ -49.473956599999958, -25.45237533026711 ], [ -49.473913113999977, -25.452506505267138 ], [ -49.473913779999975, -25.452514049267119 ], [ -49.473913779999975, -25.452522812267151 ], [ -49.473913446999973, -25.452530689267128 ], [ -49.473912781999957, -25.452537234267147 ], [ -49.473912670999937, -25.452542226267155 ], [ -49.473913113999977, -25.452546885267125 ], [ -49.473914001999958, -25.452552210267143 ], [ -49.473914888999957, -25.452558977267135 ], [ -49.473915554999962, -25.452565965267127 ], [ -49.473915776999945, -25.452572510267164 ], [ -49.473915997999939, -25.45257861226715 ], [ -49.473916885999984, -25.452584380267137 ], [ -49.473917550999943, -25.452591480267138 ], [ -49.473917440999969, -25.452599134267128 ], [ -49.473916885999984, -25.452605014267142 ], [ -49.473915776999945, -25.452610116267131 ], [ -49.473914555999954, -25.452614665267113 ], [ -49.473912781999957, -25.452619878267118 ], [ -49.473909896999942, -25.452625758267114 ], [ -49.473906790999941, -25.45263086126716 ], [ -49.47390446199995, -25.452635964267138 ], [ -49.473901688999952, -25.452641066267116 ], [ -49.47389880399993, -25.452646391267141 ], [ -49.473895586999959, -25.452651383267156 ], [ -49.473893146999956, -25.452656375267111 ], [ -49.47389070699996, -25.45266125626711 ], [ -49.473888487999936, -25.452664695267121 ], [ -49.473886490999973, -25.452668578267158 ], [ -49.473883384999958, -25.452672128267125 ], [ -49.473880389999977, -25.452674568267131 ], [ -49.473878281999937, -25.452675788267133 ], [ -49.47387628599995, -25.452676343267107 ], [ -49.473873955999977, -25.452676898267161 ], [ -49.473870627999986, -25.452677563267123 ], [ -49.473866745999942, -25.452678118267109 ], [ -49.473863750999961, -25.45267867326714 ], [ -49.473860644999945, -25.452678784267114 ], [ -49.47385787099995, -25.452679005267161 ], [ -49.473855763999957, -25.452679449267126 ], [ -49.473853433999977, -25.452679560267143 ], [ -49.473850660999965, -25.452679560267143 ], [ -49.473847332999981, -25.452679116267124 ], [ -49.473844226999972, -25.452678007267149 ], [ -49.473841453999967, -25.452676565267154 ], [ -49.473839123999944, -25.452674568267131 ], [ -49.473836794999954, -25.452672349267125 ], [ -49.473833355999943, -25.452670131267158 ], [ -49.473829472999974, -25.452668245267155 ], [ -49.473826477999978, -25.45266669226714 ], [ -49.473823482999926, -25.452664917267168 ], [ -49.473820820999947, -25.452663253267136 ], [ -49.473817714999932, -25.452661922267115 ], [ -49.473814941999933, -25.452660480267131 ], [ -49.473811502999979, -25.452658705267151 ], [ -49.473808174999931, -25.452656930267146 ], [ -49.473805734999985, -25.452655710267166 ], [ -49.473801962999971, -25.452654822267114 ], [ -49.473797968999975, -25.45265460026712 ], [ -49.47379453099996, -25.452653935267108 ], [ -49.473790536999957, -25.452652936267157 ], [ -49.473785877999944, -25.452651605267143 ], [ -49.473781773999967, -25.452650052267128 ], [ -49.473777446999975, -25.452648055267115 ], [ -49.473772898999982, -25.452645948267108 ], [ -49.47376823999997, -25.452644173267128 ], [ -49.473762582999939, -25.452642841267114 ], [ -49.473755815999937, -25.452642952267134 ], [ -49.473748272999956, -25.452643618267132 ], [ -49.473741394999934, -25.452644062267161 ], [ -49.473734184999955, -25.452644062267161 ], [ -49.473728748999974, -25.452643396267153 ], [ -49.473722093999989, -25.452642287267114 ], [ -49.473714660999974, -25.452640734267113 ], [ -49.473707450999939, -25.452639403267142 ], [ -49.47370001899997, -25.452638515267154 ], [ -49.47369247499995, -25.452637184267136 ], [ -49.473685486999948, -25.452635964267138 ], [ -49.473678830999972, -25.452634854267096 ], [ -49.473672618999956, -25.452633745267125 ], [ -49.473667183999964, -25.45263263626715 ], [ -49.473661747999984, -25.452631526267112 ], [ -49.473657643999957, -25.452630195267155 ], [ -49.473653427999977, -25.452628753267106 ], [ -49.473647881999966, -25.452627089267146 ], [ -49.473641669999949, -25.452626202267155 ], [ -49.473636012, -25.452624981267153 ], [ -49.473630354999962, -25.452623761267148 ], [ -49.473624697999981, -25.45262265226711 ], [ -49.47361903999996, -25.452621210267136 ], [ -49.47361293899997, -25.452620322267144 ], [ -49.47360672699994, -25.452619213267155 ], [ -49.47360029299994, -25.452617105267123 ], [ -49.473593193999932, -25.452615330267133 ], [ -49.47358653799995, -25.452612446267157 ], [ -49.47358021499997, -25.452610116267131 ], [ -49.473574445999986, -25.452607343267118 ], [ -49.473569232999978, -25.452605235267146 ], [ -49.473564795999955, -25.452603349267122 ], [ -49.473561023999927, -25.452601575267138 ], [ -49.473557695999943, -25.452600243267121 ], [ -49.473554478999972, -25.452599134267128 ], [ -49.473551483999984, -25.452598025267157 ], [ -49.473548488999938, -25.452597359267159 ], [ -49.473545937999972, -25.452596250267113 ], [ -49.473543607999943, -25.452595140267146 ], [ -49.473541056999977, -25.452593476267122 ], [ -49.473538504999965, -25.452592034267131 ], [ -49.473536175999982, -25.45259048126713 ], [ -49.473534067999935, -25.452589261267118 ], [ -49.473532181999985, -25.452588152267147 ], [ -49.473530074999985, -25.452586488267119 ], [ -49.473527966999939, -25.452585046267139 ], [ -49.473526413999934, -25.452584380267137 ], [ -49.473524527999984, -25.452583715267114 ], [ -49.47352286399996, -25.452583049267119 ], [ -49.473521532999932, -25.45258238326716 ], [ -49.473520312999938, -25.45258194026713 ], [ -49.473518759999941, -25.452581052267139 ], [ -49.473517428999969, -25.45258016526714 ], [ -49.473515209999952, -25.452579055267122 ], [ -49.473514100999978, -25.45257816826712 ], [ -49.47351276999995, -25.452577280267132 ], [ -49.473511216999952, -25.452576393267126 ], [ -49.473509441999965, -25.452574951267152 ], [ -49.47350700099998, -25.452573398267145 ], [ -49.473503672999989, -25.452571734267124 ], [ -49.47350034599998, -25.452568960267122 ], [ -49.473496240999957, -25.452565632267138 ], [ -49.473491692999964, -25.452562859267118 ], [ -49.473487033999959, -25.452560641267166 ], [ -49.473481819999961, -25.452559531267138 ], [ -49.473476827999953, -25.452558644267135 ], [ -49.473471503999981, -25.452557423267141 ], [ -49.473465402999985, -25.452555205267124 ], [ -49.473458968999978, -25.452552653267105 ], [ -49.473453199999945, -25.452550213267109 ], [ -49.473447764999946, -25.452547772267121 ], [ -49.473442772999924, -25.452543668267143 ], [ -49.473437891999936, -25.452539120267154 ], [ -49.473432567999964, -25.452534350267122 ], [ -49.473428129999945, -25.452529358267153 ], [ -49.473424136999938, -25.45252514226712 ], [ -49.473421252999962, -25.452520261267125 ], [ -49.473419255999943, -25.452516489267119 ], [ -49.473417369999929, -25.452512496267108 ], [ -49.473415816999932, -25.45250894626713 ], [ -49.473414596999937, -25.452506062267112 ], [ -49.473413487999949, -25.452503621267123 ], [ -49.473249561999978, -25.452381682267117 ], [ -49.47330951199995, -25.452248294267132 ], [ -49.47337626299997, -25.452173562267166 ], [ -49.47349017099998, -25.451920743267145 ], [ -49.473720642999986, -25.45199013226717 ], [ -49.47369, -25.452131999267131 ], [ -49.473993242999939, -25.452250342267131 ], [ -49.473956599999958, -25.45237533026711 ] ] ] } },
{ "type": "Feature", "properties": { "num_setor": "PR_CAMPOLA_SR_044_SGB", "munic": "CAMPO LARGO", "grau_risco": "Muito alto", "distancia_km": 1.29, "chuva_24h": 11.9, "chuva_72h": 26.0, "fonte_estacao": "openmeteo", "codigo_estacao": "openmeteo", "nome_estacao": "Open-Meteo (célula de grade)" }, "geometry": { "type": "Polygon", "coordinates": [ [ [ -49.387952653999946, -25.437431506267419 ], [ -49.387901302999978, -25.437654764267425 ], [ -49.387626325999975, -25.437591594267449 ], [ -49.387808405999976, -25.437383503267473 ], [ -49.387952653999946, -25.437431506267419 ] ] ] } },
{ "type": "Feature", "properties": { "num_setor": "PR_CAMPOLA_SR_017_SGB", "munic": "CAMPO LARGO", "grau_risco": "Alto", "distancia_km": 1.18, "chuva_24h": 11.9, "chuva_72h": 26.0, "fonte_estacao": "openmeteo", "codigo_estacao": "openmeteo", "nome_estacao": "Open-Meteo (célula de grade)" }, "geometry": { "type": "Polygon", "coordinates": [ [ [ -49.415772704999938, -25.429610483267616 ], [ -49.41565169699993, -25.429572667267593 ], [ -49.415538900999927, -25.429510839267635 ], [ -49.415646810999931, -25.429145145267604 ], [ -49.415768107999952, -25.429173948267632 ], [ -49.415914418999932, -25.429158550267612 ], [ -49.416216514999981, -25.429126758267593 ], [ -49.416327991999935, -25.429357144267644 ], [ -49.416354002999981, -25.429780757267579 ], [ -49.416036240999972, -25.429820616267616 ], [ -49.416050469999959, -25.429897945267633 ], [ -49.416048729999943, -25.42990589526763 ], [ -49.416049599999951, -25.43002801126763 ], [ -49.415734194999978, -25.430315597267583 ], [ -49.415433988999951, -25.430266206267579 ], [ -49.415538900999927, -25.429972452267602 ], [ -49.415646810999931, -25.429882528267587 ], [ -49.415772704999938, -25.429610483267616 ] ] ] } },
{ "type": "Feature", "properties": { "num_setor": "PR_CAMPOLA_SR_042_SGB", "munic": "CAMPO LARGO", "grau_risco": "Alto", "distancia_km": 1.39, "chuva_24h": 17.0, "chuva_72h": 35.1, "fonte_estacao": "openmeteo", "codigo_estacao": "openmeteo", "nome_estacao": "Open-Meteo (célula de grade)" }, "geometry": { "type": "Polygon", "coordinates": [ [ [ -49.561610524999935, -25.433249426267544 ], [ -49.561822233999976, -25.432903691267562 ], [ -49.562261001999957, -25.433306540267559 ], [ -49.562038105999932, -25.433575444267539 ], [ -49.561610524999935, -25.433249426267544 ] ] ] } },
{ "type": "Feature", "properties": { "num_setor": "PR_CAMPOLA_SR_043_SGB", "munic": "CAMPO LARGO", "grau_risco": "Muito alto", "distancia_km": 0.83, "chuva_24h": 14.3, "chuva_72h": 26.6, "fonte_estacao": "openmeteo", "codigo_estacao": "openmeteo", "nome_estacao": "Open-Meteo (célula de grade)" }, "geometry": { "type": "Polygon", "coordinates": [ [ [ -49.393075241999945, -25.454257749267097 ], [ -49.393272801999949, -25.454458942267102 ], [ -49.393215848999951, -25.454626802267082 ], [ -49.393041994999976, -25.454575844267094 ], [ -49.392905224999936, -25.454590980267106 ], [ -49.392304890999981, -25.454356941267086 ], [ -49.392557912999962, -25.453827719267082 ], [ -49.393075241999945, -25.454257749267097 ] ] ] } },
{ "type": "Feature", "properties": { "num_setor": "PR_CAMPOLA_SR_035_SGB", "munic": "CAMPO LARGO", "grau_risco": "Muito alto", "distancia_km": 1.83, "chuva_24h": 34.0, "chuva_72h": 45.1, "fonte_estacao": "openmeteo", "codigo_estacao": "openmeteo", "nome_estacao": "Open-Meteo (célula de grade)" }, "geometry": { "type": "Polygon", "coordinates": [ [ [ -49.554582528999958, -25.475228728266693 ], [ -49.554470507999952, -25.475173307266676 ], [ -49.55460847899996, -25.475029163266687 ], [ -49.554621548999926, -25.475044588266648 ], [ -49.554688653999953, -25.475123782266671 ], [ -49.554582528999958, -25.475228728266693 ] ] ] } },
{ "type": "Feature", "properties": { "num_setor": "PR_CAMPOLA_SR_036_SGB", "munic": "CAMPO LARGO", "grau_risco": "Alto", "distancia_km": 1.73, "chuva_24h": 34.0, "chuva_72h": 45.1, "fonte_estacao": "openmeteo", "codigo_estacao": "openmeteo", "nome_estacao": "Open-Meteo (célula de grade)" }, "geometry": { "type": "Polygon", "coordinates": [ [ [ -49.554851587999963, -25.472904430266716 ], [ -49.555087180999976, -25.473464167266712 ], [ -49.554902070999951, -25.473527330266705 ], [ -49.554661987999964, -25.472997560266695 ], [ -49.554655289999971, -25.472978422266731 ], [ -49.554851587999963, -25.472904430266716 ] ] ] } },
{ "type": "Feature", "properties": { "num_setor": "PR_CAMPOLA_SR_002_SGB", "munic": "CAMPO LARGO", "grau_risco": "Alto", "distancia_km": 0.63, "chuva_24h": 34.0, "chuva_72h": 45.1, "fonte_estacao": "openmeteo", "codigo_estacao": "openmeteo", "nome_estacao": "Open-Meteo (célula de grade)" }, "geometry": { "type": "Polygon", "coordinates": [ [ [ -49.551858394999961, -25.489492285266387 ], [ -49.551948015999983, -25.489335925266385 ], [ -49.552125349999983, -25.489261559266343 ], [ -49.55227408199994, -25.489484657266395 ], [ -49.552188274999935, -25.489677246266378 ], [ -49.55201475399997, -25.489831699266375 ], [ -49.551841233999937, -25.489574278266367 ], [ -49.551858394999961, -25.489492285266387 ] ] ] } },
{ "type": "Feature", "properties": { "num_setor": "PR_CAMPOLA_SR_034_SGB", "munic": "CAMPO LARGO", "grau_risco": "Alto", "distancia_km": 0.18, "chuva_24h": 34.0, "chuva_72h": 45.1, "fonte_estacao": "openmeteo", "codigo_estacao": "openmeteo", "nome_estacao": "Open-Meteo (célula de grade)" }, "geometry": { "type": "Polygon", "coordinates": [ [ [ -49.546995007999953, -25.490810578266348 ], [ -49.546902867999961, -25.490595587266355 ], [ -49.546927161999974, -25.490587544266379 ], [ -49.54722290199993, -25.490514741266352 ], [ -49.547293362999937, -25.490583521266341 ], [ -49.547283490999973, -25.490716245266366 ], [ -49.547238517999972, -25.490732699266353 ], [ -49.546995007999953, -25.490810578266348 ] ] ] } },
{ "type": "Feature", "properties": { "num_setor": "PR_CAMPOLA_SR_045_SGB", "munic": "CAMPO LARGO", "grau_risco": "Alto", "distancia_km": 1.49, "chuva_24h": 11.9, "chuva_72h": 26.0, "fonte_estacao": "openmeteo", "codigo_estacao": "openmeteo", "nome_estacao": "Open-Meteo (célula de grade)" }, "geometry": { "type": "Polygon", "coordinates": [ [ [ -49.41346662899997, -25.427359687267664 ], [ -49.413482623999982, -25.427373629267681 ], [ -49.413413680999952, -25.427508516267682 ], [ -49.413344377999977, -25.427663635267681 ], [ -49.413203446999937, -25.42764277626766 ], [ -49.413172844999956, -25.427641206267658 ], [ -49.413103440999976, -25.427611930267652 ], [ -49.413035997999934, -25.427617925267683 ], [ -49.413027004999947, -25.427589449267664 ], [ -49.412935581999932, -25.427593945267652 ], [ -49.413001526999949, -25.42724174026764 ], [ -49.413081037999973, -25.427247303267638 ], [ -49.413153227999942, -25.427252011267644 ], [ -49.413177119999936, -25.427296955267668 ], [ -49.413235658999952, -25.427323298267684 ], [ -49.413254454999958, -25.427374045267655 ], [ -49.413340809999973, -25.427406200267651 ], [ -49.413364599999966, -25.427365058267657 ], [ -49.413392060999968, -25.427341666267669 ], [ -49.413465525999989, -25.427358726267652 ], [ -49.41346662899997, -25.427359687267664 ] ] ] } },
{ "type": "Feature", "properties": { "num_setor": "PR_CAMPOLA_SR_040_SGB", "munic": "CAMPO LARGO", "grau_risco": "Muito alto", "distancia_km": 0.83, "chuva_24h": 34.0, "chuva_72h": 45.1, "fonte_estacao": "openmeteo", "codigo_estacao": "openmeteo", "nome_estacao": "Open-Meteo (célula de grade)" }, "geometry": { "type": "Polygon", "coordinates": [ [ [ -49.540178035999986, -25.465451237266876 ], [ -49.540007518999978, -25.465517589266838 ], [ -49.53994487399995, -25.46538788326685 ], [ -49.540121077999977, -25.465333855266888 ], [ -49.540178035999986, -25.465451237266876 ] ] ] } },
{ "type": "Feature", "properties": { "num_setor": "PR_CAMPOLA_SR_041_SGB", "munic": "CAMPO LARGO", "grau_risco": "Muito alto", "distancia_km": 0.95, "chuva_24h": 34.0, "chuva_72h": 45.1, "fonte_estacao": "openmeteo", "codigo_estacao": "openmeteo", "nome_estacao": "Open-Meteo (célula de grade)" }, "geometry": { "type": "Polygon", "coordinates": [ [ [ -49.537035506999985, -25.46306100626693 ], [ -49.536992786999967, -25.463065789266935 ], [ -49.536827167999945, -25.463079937266919 ], [ -49.536824857999932, -25.463060305266893 ], [ -49.536787904999983, -25.462882465266908 ], [ -49.536816675999944, -25.462875379266919 ], [ -49.536983586999959, -25.46288421926694 ], [ -49.537035506999985, -25.46306100626693 ] ] ] } },
{ "type": "Feature", "properties": { "num_setor": "PR_CAMPOLA_SR_004_SGB", "munic": "CAMPO LARGO", "grau_risco": "Muito alto", "distancia_km": 1.2, "chuva_24h": 17.0, "chuva_72h": 35.1, "fonte_estacao": "openmeteo", "codigo_estacao": "openmeteo", "nome_estacao": "Open-Meteo (célula de grade)" }, "geometry": { "type": "Polygon", "coordinates": [ [ [ -49.512644875999975, -25.361928029268995 ], [ -49.512826482999969, -25.36225822326902 ], [ -49.511807381999979, -25.362934769269028 ], [ -49.511692100999937, -25.362786670269028 ], [ -49.511171873999963, -25.36205835226902 ], [ -49.510614487999931, -25.362355625269011 ], [ -49.509945623999954, -25.361701625269024 ], [ -49.510053780999947, -25.361363878269032 ], [ -49.510012510999957, -25.36086926226907 ], [ -49.510294919999978, -25.360467944269082 ], [ -49.511791613999947, -25.360320344269038 ], [ -49.51216773699997, -25.360297012269079 ], [ -49.513029826999968, -25.360839534269051 ], [ -49.513341962999959, -25.361701625269024 ], [ -49.512644875999975, -25.361928029268995 ] ] ] } },
{ "type": "Feature", "properties": { "num_setor": "PR_CAMPOLA_SR_005_SGB", "munic": "CAMPO LARGO", "grau_risco": "Alto", "distancia_km": 1.01, "chuva_24h": 19.4, "chuva_72h": 38.3, "fonte_estacao": "openmeteo", "codigo_estacao": "openmeteo", "nome_estacao": "Open-Meteo (célula de grade)" }, "geometry": { "type": "Polygon", "coordinates": [ [ [ -49.520721106999986, -25.333680000269606 ], [ -49.520818367999937, -25.334226208269595 ], [ -49.519792777999953, -25.334768731269556 ], [ -49.519511542999965, -25.334476030269581 ], [ -49.518471833999968, -25.333105451269589 ], [ -49.51879744699994, -25.33243057226964 ], [ -49.52088600899998, -25.332372557269657 ], [ -49.52127914099998, -25.332353391269645 ], [ -49.521319374999962, -25.332832153269621 ], [ -49.520785435999983, -25.333600433269606 ], [ -49.520721106999986, -25.333680000269606 ] ] ] } },
{ "type": "Feature", "properties": { "num_setor": "PR_CAMPOLA_SR_010_SGB", "munic": "CAMPO LARGO", "grau_risco": "Muito alto", "distancia_km": 1.16, "chuva_24h": 11.9, "chuva_72h": 26.0, "fonte_estacao": "openmeteo", "codigo_estacao": "openmeteo", "nome_estacao": "Open-Meteo (célula de grade)" }, "geometry": { "type": "Polygon", "coordinates": [ [ [ -49.459588208999953, -25.440407312267411 ], [ -49.458752204999939, -25.440360252267375 ], [ -49.458770189999946, -25.440108462267375 ], [ -49.458790928999981, -25.439573792267417 ], [ -49.458908708999957, -25.439483192267389 ], [ -49.459280168999953, -25.43942883226741 ], [ -49.459542908999936, -25.439483192267389 ], [ -49.459733168999946, -25.439519432267375 ], [ -49.460014028999986, -25.439637212267417 ], [ -49.460434806999956, -25.439913561267399 ], [ -49.460639168999926, -25.440035852267417 ], [ -49.460901908999972, -25.440244232267361 ], [ -49.461110288999976, -25.440543212267382 ], [ -49.46121900899994, -25.440796892267393 ], [ -49.461213390999944, -25.440834744267374 ], [ -49.461054276999953, -25.441906956267356 ], [ -49.46061664299998, -25.441894966267334 ], [ -49.46064955199995, -25.441498586267357 ], [ -49.460422445999939, -25.441495956267381 ], [ -49.459675431999983, -25.44148730826738 ], [ -49.459724108999978, -25.44090561226735 ], [ -49.459606328999939, -25.440651932267389 ], [ -49.459588208999953, -25.440407312267411 ] ] ] } },
{ "type": "Feature", "properties": { "num_setor": "PR_CAMPOLA_SR_011_SGB", "munic": "CAMPO LARGO", "grau_risco": "Muito alto", "distancia_km": 1.1, "chuva_24h": 15.3, "chuva_72h": 24.9, "fonte_estacao": "openmeteo", "codigo_estacao": "openmeteo", "nome_estacao": "Open-Meteo (célula de grade)" }, "geometry": { "type": "Polygon", "coordinates": [ [ [ -49.508864986999981, -25.452797640267129 ], [ -49.50885092599998, -25.452814258267157 ], [ -49.508836864999978, -25.452830875267125 ], [ -49.508825360999936, -25.452848770267106 ], [ -49.508802352999965, -25.452853883267153 ], [ -49.50878317899997, -25.452835988267111 ], [ -49.508760550999966, -25.452808507267154 ], [ -49.508760510999942, -25.452783561267154 ], [ -49.508750101999965, -25.452761514267142 ], [ -49.508723100999923, -25.452704328267146 ], [ -49.508798517999942, -25.452659590267107 ], [ -49.508872655999937, -25.452724780267143 ], [ -49.508900777999941, -25.452742676267128 ], [ -49.508877768999987, -25.452775910267121 ], [ -49.508864986999981, -25.452797640267129 ] ] ] } },
{ "type": "Feature", "properties": { "num_setor": "PR_CAMPOLA_SR_037_SGB", "munic": "CAMPO LARGO", "grau_risco": "Muito alto", "distancia_km": 0.64, "chuva_24h": 34.0, "chuva_72h": 45.1, "fonte_estacao": "openmeteo", "codigo_estacao": "openmeteo", "nome_estacao": "Open-Meteo (célula de grade)" }, "geometry": { "type": "Polygon", "coordinates": [ [ [ -49.569634192999956, -25.487022963266412 ], [ -49.569636524999964, -25.487018744266397 ], [ -49.569704473999934, -25.486631273266408 ], [ -49.56987317199998, -25.486365781266432 ], [ -49.570006091999964, -25.48635019026641 ], [ -49.570022510999934, -25.486479168266428 ], [ -49.569911374999954, -25.48660849926641 ], [ -49.569760129999963, -25.487020969266414 ], [ -49.569759652999949, -25.48702501926644 ], [ -49.569634192999956, -25.487022963266412 ] ] ] } },
{ "type": "Feature", "properties": { "num_setor": "PR_CAMPOLA_SR_001_SGB", "munic": "CAMPO LARGO", "grau_risco": "Alto", "distancia_km": 1.55, "chuva_24h": 34.0, "chuva_72h": 45.1, "fonte_estacao": "openmeteo", "codigo_estacao": "openmeteo", "nome_estacao": "Open-Meteo (célula de grade)" }, "geometry": { "type": "Polygon", "coordinates": [ [ [ -49.551068129999976, -25.44456273126729 ], [ -49.550708, -25.444681999267292 ], [ -49.550804438999933, -25.444903441267282 ], [ -49.550960220999961, -25.445261146267278 ], [ -49.551334906999948, -25.445986539267299 ], [ -49.551394, -25.446343999267278 ], [ -49.551484780999942, -25.44681384626724 ], [ -49.551568, -25.447137999267234 ], [ -49.551211979999948, -25.44739257126724 ], [ -49.551121379999984, -25.44739257126724 ], [ -49.55103983999993, -25.447256671267272 ], [ -49.551003599999945, -25.447129832267251 ], [ -49.550958299999934, -25.446894272267237 ], [ -49.550864930999978, -25.446634111267272 ], [ -49.550831459999976, -25.446414092267243 ], [ -49.550704619999983, -25.446223832267286 ], [ -49.550678456999947, -25.446145406267267 ], [ -49.548511557999973, -25.44699233926724 ], [ -49.548692967999955, -25.448002573267207 ], [ -49.548197040999987, -25.448243594267222 ], [ -49.547701058999962, -25.448374311267216 ], [ -49.547567062999974, -25.448636319267198 ], [ -49.547063484999967, -25.448582365267253 ], [ -49.547009529999968, -25.448672289267197 ], [ -49.546585463, -25.448611249267206 ], [ -49.54641324399995, -25.448984877267232 ], [ -49.546385923999935, -25.449215001267209 ], [ -49.546247298999951, -25.449209405267226 ], [ -49.546212197999978, -25.449595516267223 ], [ -49.545840508999959, -25.449595516267216 ], [ -49.545684638999944, -25.449595516267223 ], [ -49.545573911999952, -25.449002536267201 ], [ -49.546056327999963, -25.448636319267198 ], [ -49.546732746999965, -25.448230414267226 ], [ -49.547393871999986, -25.448049178267233 ], [ -49.547579929999976, -25.448071351267217 ], [ -49.547796852999973, -25.447914333267239 ], [ -49.548026444999948, -25.446931661267236 ], [ -49.54838998799994, -25.446471891267283 ], [ -49.548776130999954, -25.446140487267282 ], [ -49.549514581, -25.445745897267248 ], [ -49.549673563999932, -25.445624571267256 ], [ -49.550251619999983, -25.445317832267257 ], [ -49.55033315999998, -25.445055092267275 ], [ -49.550251619999976, -25.444593032267274 ], [ -49.550153276999929, -25.444333174267289 ], [ -49.550013537999966, -25.444207206267333 ], [ -49.550006656999983, -25.444118602267292 ], [ -49.55005515299996, -25.443806165267304 ], [ -49.550091813999984, -25.443563120267321 ], [ -49.550136054999939, -25.44332013926735 ], [ -49.550187859999944, -25.443050562267306 ], [ -49.550249434999955, -25.44273014226733 ], [ -49.550274232999982, -25.442601098267332 ], [ -49.550396178999961, -25.442655818267358 ], [ -49.550476857999975, -25.44281891326731 ], [ -49.550557536999975, -25.442982009267354 ], [ -49.550613300999942, -25.443359999267305 ], [ -49.550614019999955, -25.443632672267334 ], [ -49.550623079999973, -25.443804812267292 ], [ -49.550960220999968, -25.443963234267315 ], [ -49.551068129999976, -25.44456273126729 ] ] ] } },
{ "type": "Feature", "properties": { "num_setor": "PR_FAZENDA_SR_008_CPRM", "munic": "FAZENDA RIO GRANDE", "grau_risco": "Alto", "distancia_km": 1.4, "chuva_24h": 15.7, "chuva_72h": 28.8, "fonte_estacao": "openmeteo", "codigo_estacao": "openmeteo", "nome_estacao": "Open-Meteo (célula de grade)" }, "geometry": { "type": "Polygon", "coordinates": [ [ [ -49.316756923999947, -25.656478848262907 ], [ -49.316733791999987, -25.656354111262946 ], [ -49.31690297199998, -25.656307996262914 ], [ -49.317211290999978, -25.656280757262955 ], [ -49.31730513399998, -25.656324174262924 ], [ -49.317549001999971, -25.656460553262953 ], [ -49.317646971999984, -25.656594967262944 ], [ -49.317534185999932, -25.656693547262932 ], [ -49.317353060999949, -25.656559738262889 ], [ -49.317132929999964, -25.656508785262929 ], [ -49.317036472, -25.656517554262898 ], [ -49.316785195999962, -25.656468718262939 ], [ -49.316756923999947, -25.656478848262907 ] ] ] } },
{ "type": "Feature", "properties": { "num_setor": "PR_SAOJOSE2_SR_003_CPRM", "munic": "SÃO JOSÉ DOS PINHAIS", "grau_risco": "Alto", "distancia_km": 1.75, "chuva_24h": 13.8, "chuva_72h": 25.5, "fonte_estacao": "openmeteo", "codigo_estacao": "openmeteo", "nome_estacao": "Open-Meteo (célula de grade)" }, "geometry": { "type": "Polygon", "coordinates": [ [ [ -49.123439426999937, -25.502689320266072 ], [ -49.122975253999982, -25.503613548266085 ], [ -49.12292920699997, -25.503653118266097 ], [ -49.122291489999952, -25.502842973266112 ], [ -49.122622611999986, -25.502620362266097 ], [ -49.12298844299994, -25.5024498172661 ], [ -49.123439426999937, -25.502689320266072 ] ] ] } },
{ "type": "Feature", "properties": { "num_setor": "PR_FAZENDA_SR_006_CPRM", "munic": "FAZENDA RIO GRANDE", "grau_risco": "Muito alto", "distancia_km": 1.38, "chuva_24h": 15.7, "chuva_72h": 28.8, "fonte_estacao": "openmeteo", "codigo_estacao": "openmeteo", "nome_estacao": "Open-Meteo (célula de grade)" }, "geometry": { "type": "Polygon", "coordinates": [ [ [ -49.318146844999944, -25.67634113326254 ], [ -49.318203039999958, -25.676152699262488 ], [ -49.318389931999945, -25.676183608262527 ], [ -49.318373583999971, -25.676222351262528 ], [ -49.318361322999976, -25.676270971262511 ], [ -49.318356895999955, -25.676325380262533 ], [ -49.318331948999962, -25.676394947262498 ], [ -49.318300104999935, -25.676440501262487 ], [ -49.318259916999978, -25.676480776262487 ], [ -49.318236160999959, -25.676506662262494 ], [ -49.31819571799997, -25.676500957262519 ], [ -49.318146504999959, -25.676494315262502 ], [ -49.318109466999942, -25.676482990262496 ], [ -49.318104868999967, -25.676453955262495 ], [ -49.318146844999944, -25.67634113326254 ] ] ] } },
{ "type": "Feature", "properties": { "num_setor": "PR_SAOJOSE2_SR_002_CPRM", "munic": "SÃO JOSÉ DOS PINHAIS", "grau_risco": "Muito alto", "distancia_km": 1.89, "chuva_24h": 14.8, "chuva_72h": 27.9, "fonte_estacao": "openmeteo", "codigo_estacao": "openmeteo", "nome_estacao": "Open-Meteo (célula de grade)" }, "geometry": { "type": "Polygon", "coordinates": [ [ [ -49.150856137999938, -25.504825579266026 ], [ -49.150860890999979, -25.504837387266036 ], [ -49.150890067999967, -25.50488574726603 ], [ -49.150993872999948, -25.50493922126606 ], [ -49.151195087999952, -25.504991416266019 ], [ -49.151353293999932, -25.504992230266055 ], [ -49.151419086999958, -25.505056864266063 ], [ -49.151378518999934, -25.505170671266054 ], [ -49.151328766999939, -25.505269715266017 ], [ -49.151302960999942, -25.505383638266032 ], [ -49.151222520999966, -25.505488262266045 ], [ -49.15112406399993, -25.505426534266054 ], [ -49.150654444999986, -25.505206592266052 ], [ -49.150592487999965, -25.505164277266033 ], [ -49.150500423999972, -25.50508557726608 ], [ -49.150464736999943, -25.504970375266051 ], [ -49.15045840199997, -25.504893330266039 ], [ -49.150724318999949, -25.50486807726605 ], [ -49.150856137999938, -25.504825579266026 ] ] ] } },
{ "type": "Feature", "properties": { "num_setor": "PR_SAOJOSE2_SR_001_CPRM", "munic": "SÃO JOSÉ DOS PINHAIS", "grau_risco": "Alto", "distancia_km": 0.87, "chuva_24h": 14.8, "chuva_72h": 27.9, "fonte_estacao": "openmeteo", "codigo_estacao": "openmeteo", "nome_estacao": "Open-Meteo (célula de grade)" }, "geometry": { "type": "Polygon", "coordinates": [ [ [ -49.163366404999977, -25.541837478265311 ], [ -49.163358348999964, -25.542098997265299 ], [ -49.163299809999955, -25.542092588265255 ], [ -49.163084156999957, -25.542068976265256 ], [ -49.162970457999961, -25.541989203265278 ], [ -49.162970457999968, -25.541647050265254 ], [ -49.162965489999976, -25.541531728265262 ], [ -49.162973504999961, -25.541488887265277 ], [ -49.163036853999984, -25.541126100265316 ], [ -49.162995162999948, -25.540800134265339 ], [ -49.162978106999958, -25.540546183265295 ], [ -49.162982438999961, -25.540270303265295 ], [ -49.162989206999953, -25.540091347265342 ], [ -49.162998411999979, -25.540009314265333 ], [ -49.163095871999985, -25.539948669265314 ], [ -49.163210657999969, -25.53994135926531 ], [ -49.163338438999965, -25.539957874265347 ], [ -49.163337473999945, -25.539963160265316 ], [ -49.163313009999968, -25.539957615265351 ], [ -49.163311395999983, -25.539965314265331 ], [ -49.163385767999962, -25.539967358265312 ], [ -49.16341685499998, -25.540009639265307 ], [ -49.163380793999977, -25.540582559265317 ], [ -49.163354302999942, -25.540771340265337 ], [ -49.163396959999943, -25.540859693265293 ], [ -49.163427513999977, -25.54096646126531 ], [ -49.163417920999969, -25.541266156265277 ], [ -49.163396603999956, -25.541472230265285 ], [ -49.163366404999977, -25.541837478265311 ] ] ] } },
{ "type": "Feature", "properties": { "num_setor": "PR_FAZENDA_SR_005_CPRM", "munic": "FAZENDA RIO GRANDE", "grau_risco": "Muito alto", "distancia_km": 0.96, "chuva_24h": 15.7, "chuva_72h": 28.8, "fonte_estacao": "openmeteo", "codigo_estacao": "openmeteo", "nome_estacao": "Open-Meteo (célula de grade)" }, "geometry": { "type": "Polygon", "coordinates": [ [ [ -49.308108679999975, -25.675784482262543 ], [ -49.30806115799993, -25.675802574262551 ], [ -49.30795668799994, -25.675732499262548 ], [ -49.307873111999982, -25.675664590262507 ], [ -49.307869535999941, -25.675660095262526 ], [ -49.30783680199994, -25.675652741262535 ], [ -49.307772972999942, -25.675618595262517 ], [ -49.307741765999936, -25.675572665262518 ], [ -49.307613215999936, -25.675513023262518 ], [ -49.307481885999948, -25.675434696262538 ], [ -49.307435345999984, -25.675407338262531 ], [ -49.307407581999939, -25.675412040262543 ], [ -49.30734655599997, -25.675430769262512 ], [ -49.307287695999946, -25.675438286262541 ], [ -49.307207432999974, -25.675462621262522 ], [ -49.307145387999974, -25.675490014262554 ], [ -49.307086272999982, -25.675490014262554 ], [ -49.307046777999972, -25.675448096262535 ], [ -49.30702830499996, -25.675350119262546 ], [ -49.307057097999973, -25.675268195262507 ], [ -49.307121562999953, -25.675187927262549 ], [ -49.307141484999924, -25.675164020262532 ], [ -49.307157617999955, -25.675129318262538 ], [ -49.307215586999973, -25.675055421262545 ], [ -49.307243886999963, -25.675045276262559 ], [ -49.307266419999962, -25.675026627262547 ], [ -49.307321712999965, -25.674991207262526 ], [ -49.307340588999978, -25.674998951262541 ], [ -49.307384283999966, -25.675000761262556 ], [ -49.307421203999979, -25.674942541262531 ], [ -49.307662905999962, -25.675055993262529 ], [ -49.307907637999961, -25.675188334262554 ], [ -49.307988410999933, -25.675228978262524 ], [ -49.308072496999955, -25.675276119262552 ], [ -49.308323499999972, -25.675428870262532 ], [ -49.308284426999933, -25.675529533262548 ], [ -49.308144666999965, -25.675758082262508 ], [ -49.308108679999975, -25.675784482262543 ] ] ] } },
{ "type": "Feature", "properties": { "num_setor": "PR_FAZENDA_SR_004_CPRM", "munic": "FAZENDA RIO GRANDE", "grau_risco": "Muito alto", "distancia_km": 1.31, "chuva_24h": 15.7, "chuva_72h": 28.8, "fonte_estacao": "openmeteo", "codigo_estacao": "openmeteo", "nome_estacao": "Open-Meteo (célula de grade)" }, "geometry": { "type": "Polygon", "coordinates": [ [ [ -49.296864779999964, -25.638310239263291 ], [ -49.296784482999954, -25.638527854263273 ], [ -49.296752566999942, -25.638507907263286 ], [ -49.296712672999945, -25.638499928263315 ], [ -49.295842979999982, -25.638110960263287 ], [ -49.295896913999968, -25.637998013263299 ], [ -49.295923881999947, -25.637984871263285 ], [ -49.29600910399995, -25.637868829263294 ], [ -49.296052424999971, -25.637889548263317 ], [ -49.296110270999975, -25.63796734126332 ], [ -49.296194048999951, -25.638009230263304 ], [ -49.296281815999983, -25.63807106626329 ], [ -49.296431418999937, -25.638148860263279 ], [ -49.296535143999961, -25.638206706263272 ], [ -49.296642857999984, -25.638220669263291 ], [ -49.296714667999936, -25.638248595263331 ], [ -49.296790466999937, -25.638288489263314 ], [ -49.296864779999964, -25.638310239263291 ] ] ] } },
{ "type": "Feature", "properties": { "num_setor": "PR_FAZENDA_SR_007_CPRM", "munic": "FAZENDA RIO GRANDE", "grau_risco": "Alto", "distancia_km": 1.47, "chuva_24h": 15.7, "chuva_72h": 28.8, "fonte_estacao": "openmeteo", "codigo_estacao": "openmeteo", "nome_estacao": "Open-Meteo (célula de grade)" }, "geometry": { "type": "Polygon", "coordinates": [ [ [ -49.318070897999966, -25.677244923262517 ], [ -49.318172747999938, -25.677247556262468 ], [ -49.318291698999985, -25.677263704262515 ], [ -49.318488963999982, -25.677274872262476 ], [ -49.318638190999934, -25.677263973262509 ], [ -49.318730184999943, -25.677283518262499 ], [ -49.318805448999967, -25.677266529262489 ], [ -49.318900209999981, -25.677276645262477 ], [ -49.318977684999936, -25.677262358262478 ], [ -49.319072991999967, -25.67720192026249 ], [ -49.319071297999983, -25.677195864262469 ], [ -49.319135616999972, -25.677146344262521 ], [ -49.319179887999951, -25.677125890262484 ], [ -49.319231019999968, -25.677068699262495 ], [ -49.319251338999948, -25.677041516262523 ], [ -49.319269100999968, -25.677060221262504 ], [ -49.319298165999953, -25.677185368262514 ], [ -49.319282287999947, -25.677245116262473 ], [ -49.319206126999973, -25.677344830262509 ], [ -49.319056361999969, -25.677449926262483 ], [ -49.318976836999987, -25.677482222262505 ], [ -49.318897849999985, -25.677468631262474 ], [ -49.318896564999932, -25.677461411262502 ], [ -49.318855504999931, -25.677477934262495 ], [ -49.318639401, -25.677484931262512 ], [ -49.318461109999923, -25.677456538262465 ], [ -49.318268419999981, -25.677444696262484 ], [ -49.31811111899998, -25.677428548262494 ], [ -49.318043091999975, -25.677401113262498 ], [ -49.317981388999954, -25.677402442262487 ], [ -49.317898768999953, -25.677386967262493 ], [ -49.317774435999986, -25.677384814262521 ], [ -49.31766799899998, -25.677349692262471 ], [ -49.31758309199995, -25.677269221262492 ], [ -49.317583898999935, -25.6771660082625 ], [ -49.317584840999977, -25.677056740262497 ], [ -49.317652255999967, -25.677033998262495 ], [ -49.317720342999969, -25.677086479262506 ], [ -49.317798656999969, -25.677154301262515 ], [ -49.317910206999954, -25.677211626262508 ], [ -49.318070897999966, -25.677244923262517 ] ] ] } },
{ "type": "Feature", "properties": { "num_setor": "PR_FAZENDA_SR_003_CPRM", "munic": "FAZENDA RIO GRANDE", "grau_risco": "Muito alto", "distancia_km": 0.74, "chuva_24h": 12.3, "chuva_72h": 28.4, "fonte_estacao": "openmeteo", "codigo_estacao": "openmeteo", "nome_estacao": "Open-Meteo (célula de grade)" }, "geometry": { "type": "Polygon", "coordinates": [ [ [ -49.287514814999945, -25.666560355262693 ], [ -49.287447492999952, -25.666853459262718 ], [ -49.287171770999983, -25.667255777262717 ], [ -49.287392888999932, -25.667887575262675 ], [ -49.287618631999969, -25.66837821526266 ], [ -49.287428186999932, -25.668495744262696 ], [ -49.28731736799994, -25.668450867262699 ], [ -49.287072744999932, -25.668231270262691 ], [ -49.286799800999972, -25.667984445262668 ], [ -49.286714838999956, -25.667773467262684 ], [ -49.286636991999956, -25.667392421262718 ], [ -49.286806093999985, -25.666929419262726 ], [ -49.287032520999958, -25.666803544262688 ], [ -49.287034809999966, -25.66681112826269 ], [ -49.287093845999948, -25.666770790262728 ], [ -49.28719611799994, -25.66654828626271 ], [ -49.287186387999952, -25.666206639262697 ], [ -49.28709319699994, -25.665955376262698 ], [ -49.287014491999969, -25.665714925262744 ], [ -49.287112872999955, -25.665613295262727 ], [ -49.287123808999979, -25.665106946262757 ], [ -49.287223487999938, -25.664998397262757 ], [ -49.287434519999984, -25.665074943262756 ], [ -49.287505440999951, -25.665292474262738 ], [ -49.287482675999961, -25.665343888262715 ], [ -49.287475660999981, -25.665463608262755 ], [ -49.287490580999986, -25.665663994262712 ], [ -49.287518457999973, -25.665788728262694 ], [ -49.28758952499993, -25.665990554262727 ], [ -49.287678129999961, -25.666211620262711 ], [ -49.287650383999953, -25.666370384262695 ], [ -49.287514814999945, -25.666560355262693 ] ] ] } },
{ "type": "Feature", "properties": { "num_setor": "PR_FAZENDA_SR_001_CPRM", "munic": "FAZENDA RIO GRANDE", "grau_risco": "Muito alto", "distancia_km": 0.95, "chuva_24h": 15.7, "chuva_72h": 28.8, "fonte_estacao": "openmeteo", "codigo_estacao": "openmeteo", "nome_estacao": "Open-Meteo (célula de grade)" }, "geometry": { "type": "Polygon", "coordinates": [ [ [ -49.300138628999946, -25.664397856262788 ], [ -49.300259430999965, -25.664160402262794 ], [ -49.300354995999953, -25.664010855262767 ], [ -49.300389540999966, -25.663976933262763 ], [ -49.300399675999984, -25.663987069262777 ], [ -49.30052544299997, -25.664059877262737 ], [ -49.30047600499995, -25.664143234262784 ], [ -49.300448079999967, -25.66421376726278 ], [ -49.300439598999958, -25.664318429262785 ], [ -49.300413534999961, -25.664401786262779 ], [ -49.300337413999948, -25.664524650262777 ], [ -49.300138628999946, -25.664397856262788 ] ] ] } },
{ "type": "Feature", "properties": { "num_setor": "PR_FAZENDA_SR_002_CPRM", "munic": "FAZENDA RIO GRANDE", "grau_risco": "Muito alto", "distancia_km": 1.24, "chuva_24h": 12.3, "chuva_72h": 28.4, "fonte_estacao": "openmeteo", "codigo_estacao": "openmeteo", "nome_estacao": "Open-Meteo (célula de grade)" }, "geometry": { "type": "Polygon", "coordinates": [ [ [ -49.292129210999974, -25.666558082262675 ], [ -49.292100715999936, -25.66651719126272 ], [ -49.29208693299995, -25.66646116126272 ], [ -49.292013406999956, -25.66635528726275 ], [ -49.291959365999958, -25.666229822262743 ], [ -49.292000409999957, -25.666015835262698 ], [ -49.291956218999985, -25.665824149262708 ], [ -49.292107534999957, -25.665744519262756 ], [ -49.292119984999943, -25.665771883262757 ], [ -49.292094923999969, -25.665907218262735 ], [ -49.292200841999943, -25.66610928326272 ], [ -49.292304626999957, -25.666320637262718 ], [ -49.292359978999968, -25.666411753262732 ], [ -49.29238773499997, -25.666400368262732 ], [ -49.292561684999953, -25.666647255262731 ], [ -49.292396912999955, -25.66678035226273 ], [ -49.292283213999951, -25.666852188262695 ], [ -49.292215862999967, -25.666734440262722 ], [ -49.29213504299998, -25.666582365262705 ], [ -49.292129210999974, -25.666558082262675 ] ] ] } },
{ "type": "Feature", "properties": { "num_setor": "PR_RIOBRAN1_SR_022_CPRM", "munic": "RIO BRANCO DO SUL", "grau_risco": "Muito alto", "distancia_km": 1.62, "chuva_24h": 19.0, "chuva_72h": 28.3, "fonte_estacao": "openmeteo", "codigo_estacao": "openmeteo", "nome_estacao": "Open-Meteo (célula de grade)" }, "geometry": { "type": "Polygon", "coordinates": [ [ [ -49.320517433999953, -25.175195484272926 ], [ -49.320676304999949, -25.175374774272928 ], [ -49.320740636999972, -25.175405472272917 ], [ -49.320699000999987, -25.175449723272941 ], [ -49.320575887999951, -25.175583457272904 ], [ -49.320491145999945, -25.175621176272937 ], [ -49.320427955999946, -25.175580681272937 ], [ -49.320346805999975, -25.175485647272907 ], [ -49.320244755999965, -25.175439763272941 ], [ -49.320125234999985, -25.175508671272937 ], [ -49.319959505999968, -25.175494301272913 ], [ -49.319917542999974, -25.175426373272945 ], [ -49.319705115999966, -25.175213609272923 ], [ -49.319754262999936, -25.175150906272901 ], [ -49.319834923999963, -25.175149110272912 ], [ -49.319911827999931, -25.175122167272946 ], [ -49.320018123999944, -25.175040850272929 ], [ -49.320082292999984, -25.1749729222729 ], [ -49.320063351999977, -25.174893400272932 ], [ -49.32012588799995, -25.174879194272933 ], [ -49.320290800999942, -25.174883603272924 ], [ -49.320429098999966, -25.175030889272932 ], [ -49.320517433999953, -25.175195484272926 ] ] ] } },
{ "type": "Feature", "properties": { "num_setor": "PR_RIOBRAN1_SR_023_CPRM", "munic": "RIO BRANCO DO SUL", "grau_risco": "Muito alto", "distancia_km": 0.31, "chuva_24h": 19.0, "chuva_72h": 28.3, "fonte_estacao": "openmeteo", "codigo_estacao": "openmeteo", "nome_estacao": "Open-Meteo (célula de grade)" }, "geometry": { "type": "Polygon", "coordinates": [ [ [ -49.310622455999976, -25.166978500273096 ], [ -49.310566175999952, -25.16691351327308 ], [ -49.310557907999964, -25.16670071027313 ], [ -49.310616653999944, -25.166609468273133 ], [ -49.31068584399997, -25.166563339273139 ], [ -49.310899505999934, -25.166571027273111 ], [ -49.311110556999949, -25.166588289273076 ], [ -49.311173074999942, -25.166626875273085 ], [ -49.311249806999967, -25.16663282227308 ], [ -49.311355550999963, -25.166612514273098 ], [ -49.311459117999959, -25.166645878273076 ], [ -49.311552241999941, -25.166621653273133 ], [ -49.311672489999971, -25.16661918727312 ], [ -49.311780988999942, -25.166697229273105 ], [ -49.311843361999934, -25.166758589273126 ], [ -49.311668863999955, -25.166946877273112 ], [ -49.311537735999934, -25.166886967273115 ], [ -49.311280703999948, -25.166850847273111 ], [ -49.311094600999979, -25.166859116273084 ], [ -49.31094664799997, -25.166931210273098 ], [ -49.310783608999934, -25.166892914273088 ], [ -49.310675254999985, -25.166941800273097 ], [ -49.310622455999976, -25.166978500273096 ] ] ] } },
{ "type": "Feature", "properties": { "num_setor": "PR_RIOBRAN1_SR_021_CPRM", "munic": "RIO BRANCO DO SUL", "grau_risco": "Alto", "distancia_km": 1.71, "chuva_24h": 15.2, "chuva_72h": 28.0, "fonte_estacao": "openmeteo", "codigo_estacao": "openmeteo", "nome_estacao": "Open-Meteo (célula de grade)" }, "geometry": { "type": "Polygon", "coordinates": [ [ [ -49.444965009999976, -25.143528835273614 ], [ -49.448657504999971, -25.146751083273521 ], [ -49.447395361999952, -25.149127329273458 ], [ -49.447334998999956, -25.149363304273471 ], [ -49.445716161999933, -25.148792571273457 ], [ -49.443427842999938, -25.146943163273498 ], [ -49.442116309999967, -25.145230952273554 ], [ -49.442248008999968, -25.144800127273545 ], [ -49.442703897999934, -25.144316884273582 ], [ -49.442740369999967, -25.143742463273586 ], [ -49.441728797999986, -25.142612978273629 ], [ -49.441254168999933, -25.142083024273646 ], [ -49.44070710099993, -25.140688001273631 ], [ -49.441627998999934, -25.140469174273662 ], [ -49.442539777999968, -25.142165084273596 ], [ -49.442760610999983, -25.142558167273588 ], [ -49.44299566799998, -25.142976568273578 ], [ -49.44377068099994, -25.143304809273594 ], [ -49.444490985999948, -25.143478047273604 ], [ -49.444965009999976, -25.143528835273614 ] ] ] } },
{ "type": "Feature", "properties": { "num_setor": "PR_RIOBRAN1_SR_024_CPRM", "munic": "RIO BRANCO DO SUL", "grau_risco": "Muito alto", "distancia_km": 1.55, "chuva_24h": 17.1, "chuva_72h": 30.5, "fonte_estacao": "openmeteo", "codigo_estacao": "openmeteo", "nome_estacao": "Open-Meteo (célula de grade)" }, "geometry": { "type": "Polygon", "coordinates": [ [ [ -49.31389463499994, -25.180581522272803 ], [ -49.31380758499995, -25.18061894627283 ], [ -49.313781216999985, -25.1805886612728 ], [ -49.313742642999955, -25.180584746272825 ], [ -49.313687487999978, -25.180614110272817 ], [ -49.313563014999943, -25.180714292272796 ], [ -49.313412634999963, -25.180847292272791 ], [ -49.313240836999967, -25.180689189272812 ], [ -49.313344007999945, -25.18056689827279 ], [ -49.313484830999982, -25.180499188272787 ], [ -49.313649259999977, -25.180448982272818 ], [ -49.313857212999949, -25.180387837272807 ], [ -49.313901658999953, -25.180458425272832 ], [ -49.31389463499994, -25.180581522272803 ] ] ] } },
{ "type": "Feature", "properties": { "num_setor": "PR_RIOBRAN1_SR_014_CPRM", "munic": "RIO BRANCO DO SUL", "grau_risco": "Alto", "distancia_km": 1.14, "chuva_24h": 17.1, "chuva_72h": 30.5, "fonte_estacao": "openmeteo", "codigo_estacao": "openmeteo", "nome_estacao": "Open-Meteo (célula de grade)" }, "geometry": { "type": "Polygon", "coordinates": [ [ [ -49.302900865999952, -25.215006713272107 ], [ -49.303129586999944, -25.214821070272095 ], [ -49.303147639999956, -25.214823454272068 ], [ -49.303227001999971, -25.214846958272073 ], [ -49.303439032999968, -25.214977249272085 ], [ -49.303220700999987, -25.215195762272067 ], [ -49.303149853999969, -25.215150288272088 ], [ -49.302900865999952, -25.215006713272107 ] ] ] } },
{ "type": "Feature", "properties": { "num_setor": "PR_RIOBRAN1_SR_016_CPRM", "munic": "RIO BRANCO DO SUL", "grau_risco": "Alto", "distancia_km": 0.39, "chuva_24h": 17.1, "chuva_72h": 30.5, "fonte_estacao": "openmeteo", "codigo_estacao": "openmeteo", "nome_estacao": "Open-Meteo (célula de grade)" }, "geometry": { "type": "Polygon", "coordinates": [ [ [ -49.313879473999968, -25.195218667272481 ], [ -49.313878375999934, -25.195220162272488 ], [ -49.313736264999925, -25.195413678272505 ], [ -49.313679929999971, -25.195488006272484 ], [ -49.313682059999962, -25.195490094272518 ], [ -49.31356472899995, -25.195686204272505 ], [ -49.313431247999972, -25.195853970272495 ], [ -49.313323804999989, -25.196050081272471 ], [ -49.31316824299995, -25.196300575272474 ], [ -49.313053877999955, -25.19654876327245 ], [ -49.312875244999987, -25.196792006272464 ], [ -49.312666948999947, -25.196596554272453 ], [ -49.312497214999951, -25.196484161272458 ], [ -49.312316933999973, -25.196498664272497 ], [ -49.311934289999954, -25.196715869272445 ], [ -49.31174873599997, -25.196571834272447 ], [ -49.311511766999956, -25.196222790272504 ], [ -49.311444531999932, -25.19602173527251 ], [ -49.311576034999973, -25.196046785272486 ], [ -49.311961974999974, -25.195799257272501 ], [ -49.312234867999962, -25.195541841272505 ], [ -49.312371973999973, -25.195199388272535 ], [ -49.312571370999933, -25.195014154272524 ], [ -49.312727591999931, -25.194969329272496 ], [ -49.313223941999979, -25.194729381272495 ], [ -49.313597356999935, -25.19466609827251 ], [ -49.313955611999972, -25.194841445272505 ], [ -49.313944735999939, -25.194985809272499 ], [ -49.313879473999968, -25.195218667272481 ] ] ] } },
{ "type": "Feature", "properties": { "num_setor": "PR_RIOBRAN1_SR_008_CPRM", "munic": "RIO BRANCO DO SUL", "grau_risco": "Muito alto", "distancia_km": 0.8, "chuva_24h": 19.0, "chuva_72h": 28.3, "fonte_estacao": "openmeteo", "codigo_estacao": "openmeteo", "nome_estacao": "Open-Meteo (célula de grade)" }, "geometry": { "type": "Polygon", "coordinates": [ [ [ -49.316853016999971, -25.170446887273023 ], [ -49.316931514999965, -25.170537512273015 ], [ -49.316939508999958, -25.17064237827303 ], [ -49.316973129999958, -25.170766525273024 ], [ -49.317036139999963, -25.170919591273016 ], [ -49.317114667999931, -25.171075950273035 ], [ -49.317082321999976, -25.171217595273014 ], [ -49.316992507999942, -25.171107791272981 ], [ -49.316932318999932, -25.171012565273006 ], [ -49.316846737999974, -25.17092533427299 ], [ -49.316730826999958, -25.170860439273014 ], [ -49.316591639999956, -25.170791312273 ], [ -49.316480665999968, -25.170750400273022 ], [ -49.316354879999949, -25.170703140272995 ], [ -49.316185832999963, -25.170616378273024 ], [ -49.316052993999961, -25.170537141273009 ], [ -49.315922270999977, -25.170471306273022 ], [ -49.315777675999982, -25.170399593273025 ], [ -49.315649610999969, -25.170357926273013 ], [ -49.315194174999931, -25.170277267273026 ], [ -49.314846713999948, -25.170063608273026 ], [ -49.314613106999957, -25.169900302273046 ], [ -49.314505148999956, -25.169913457273022 ], [ -49.314189438999968, -25.169784626273028 ], [ -49.313889151999945, -25.169544657273025 ], [ -49.31378618399998, -25.169280645273052 ], [ -49.31369727699996, -25.169008014273075 ], [ -49.313528082999937, -25.168858770273079 ], [ -49.31343282499995, -25.168671422273086 ], [ -49.313514019999957, -25.168481805273043 ], [ -49.313658266999937, -25.168253176273058 ], [ -49.313992120999956, -25.168261341273045 ], [ -49.314218469999965, -25.168231402273051 ], [ -49.314416694999977, -25.168039064273074 ], [ -49.314763702999983, -25.1676770682731 ], [ -49.314836279999952, -25.167590425273083 ], [ -49.314949227999925, -25.167646221273099 ], [ -49.315003660999935, -25.167909326273083 ], [ -49.315062629999943, -25.16808578727305 ], [ -49.315879572999961, -25.168363408273059 ], [ -49.316003406999982, -25.168523539273078 ], [ -49.315981633999968, -25.168717238273029 ], [ -49.316235652999978, -25.168974446273076 ], [ -49.316383074999976, -25.16912777227305 ], [ -49.316501919999958, -25.169270211273044 ], [ -49.316659774999948, -25.169472983273071 ], [ -49.316853917999936, -25.169754687273034 ], [ -49.317182327999937, -25.170009626273043 ], [ -49.316847566999961, -25.170421521273038 ], [ -49.316853016999971, -25.170446887273023 ] ] ] } },
{ "type": "Feature", "properties": { "num_setor": "PR_RIOBRAN1_SR_013_CPRM", "munic": "RIO BRANCO DO SUL", "grau_risco": "Alto", "distancia_km": 1.09, "chuva_24h": 17.1, "chuva_72h": 30.5, "fonte_estacao": "openmeteo", "codigo_estacao": "openmeteo", "nome_estacao": "Open-Meteo (célula de grade)" }, "geometry": { "type": "Polygon", "coordinates": [ [ [ -49.302401576999948, -25.187086222272654 ], [ -49.302369908999943, -25.187149557272654 ], [ -49.302264291999961, -25.187187371272699 ], [ -49.302226957999949, -25.187214878272677 ], [ -49.301995338999973, -25.187324401272658 ], [ -49.301855890999946, -25.187381203272679 ], [ -49.301525978999962, -25.187589365272657 ], [ -49.301345376999961, -25.187666915272665 ], [ -49.300945740999957, -25.187842764272673 ], [ -49.300774321999938, -25.18782847927265 ], [ -49.30055868799996, -25.187716575272667 ], [ -49.300635553999939, -25.18751657627266 ], [ -49.300836794999952, -25.187391767272661 ], [ -49.300956743999961, -25.18725792927264 ], [ -49.301007316999979, -25.187255039272685 ], [ -49.30110412899996, -25.187190016272684 ], [ -49.301235619999943, -25.187091759272647 ], [ -49.301398899999981, -25.186987723272669 ], [ -49.301429423999934, -25.187021022272656 ], [ -49.302217094999939, -25.186514883272697 ], [ -49.302517756999976, -25.186286993272684 ], [ -49.302581698999973, -25.186333252272664 ], [ -49.302765701999931, -25.186817942272661 ], [ -49.302401576999948, -25.187086222272654 ] ] ] } },
{ "type": "Feature", "properties": { "num_setor": "PR_RIOBRAN1_SR_019_CPRM", "munic": "RIO BRANCO DO SUL", "grau_risco": "Alto", "distancia_km": 1.41, "chuva_24h": 17.1, "chuva_72h": 30.5, "fonte_estacao": "openmeteo", "codigo_estacao": "openmeteo", "nome_estacao": "Open-Meteo (célula de grade)" }, "geometry": { "type": "Polygon", "coordinates": [ [ [ -49.322104886999959, -25.188729558272652 ], [ -49.322135513999967, -25.188734449272658 ], [ -49.322241136999942, -25.188735847272653 ], [ -49.322327428999984, -25.188754713272651 ], [ -49.322423152999932, -25.188808168272658 ], [ -49.322518643999956, -25.188859876272652 ], [ -49.322513054999945, -25.189024315272647 ], [ -49.322563478999939, -25.18912901227263 ], [ -49.322530521999965, -25.189193879272619 ], [ -49.322509444999973, -25.189241977272616 ], [ -49.322468685999979, -25.189351565272638 ], [ -49.322441552999976, -25.189465927272625 ], [ -49.322376338999959, -25.189634560272602 ], [ -49.322309494999956, -25.189729124272592 ], [ -49.322221106999962, -25.189704435272606 ], [ -49.322155194999937, -25.189600321272597 ], [ -49.322071231999985, -25.189502379272628 ], [ -49.321978768999941, -25.189405485272612 ], [ -49.32197317899994, -25.189307427272624 ], [ -49.322038741999961, -25.18915696227263 ], [ -49.322076006999964, -25.189055293272627 ], [ -49.322085672999954, -25.188914961272641 ], [ -49.322085322999953, -25.188838797272627 ], [ -49.322076705999962, -25.188775792272622 ], [ -49.322104886999959, -25.188729558272652 ] ] ] } },
{ "type": "Feature", "properties": { "num_setor": "PR_RIOBRAN1_SR_020_CPRM", "munic": "RIO BRANCO DO SUL", "grau_risco": "Alto", "distancia_km": 0.69, "chuva_24h": 15.2, "chuva_72h": 28.0, "fonte_estacao": "openmeteo", "codigo_estacao": "openmeteo", "nome_estacao": "Open-Meteo (célula de grade)" }, "geometry": { "type": "Polygon", "coordinates": [ [ [ -49.401959117999979, -25.159664407273262 ], [ -49.401837937999971, -25.159589192273231 ], [ -49.401762715999951, -25.159472940273243 ], [ -49.401738001999945, -25.159439503273273 ], [ -49.401844775999962, -25.159333893273235 ], [ -49.401949630999979, -25.159185729273247 ], [ -49.402211767999972, -25.159395439273279 ], [ -49.402109191999955, -25.159520808273257 ], [ -49.401959117999979, -25.159664407273262 ] ] ] } },
{ "type": "Feature", "properties": { "num_setor": "PR_RIOBRAN1_SR_017_CPRM", "munic": "RIO BRANCO DO SUL", "grau_risco": "Muito alto", "distancia_km": 0.65, "chuva_24h": 17.1, "chuva_72h": 30.5, "fonte_estacao": "openmeteo", "codigo_estacao": "openmeteo", "nome_estacao": "Open-Meteo (célula de grade)" }, "geometry": { "type": "Polygon", "coordinates": [ [ [ -49.316025801999963, -25.193623846272548 ], [ -49.316031079999959, -25.193627639272517 ], [ -49.316200789999982, -25.193604235272531 ], [ -49.316312800999988, -25.193687254272504 ], [ -49.316372853999958, -25.193806777272528 ], [ -49.316358134999973, -25.193818848272553 ], [ -49.316279388999938, -25.193864920272521 ], [ -49.316116891999961, -25.193954563272548 ], [ -49.316026811999961, -25.193963100272519 ], [ -49.31593643799993, -25.194064666272531 ], [ -49.315770849999986, -25.194195966272495 ], [ -49.315644119999952, -25.194221725272531 ], [ -49.315496488999941, -25.19416593827253 ], [ -49.315435257999972, -25.19405244927253 ], [ -49.315381091999932, -25.193857855272547 ], [ -49.315494133999955, -25.193801037272525 ], [ -49.315517246999939, -25.193761836272529 ], [ -49.315534966999962, -25.193782428272538 ], [ -49.315587660999938, -25.193808040272533 ], [ -49.315643739999985, -25.193841159272559 ], [ -49.315705559999969, -25.193812014272513 ], [ -49.315806530999964, -25.193796117272544 ], [ -49.315913390999981, -25.193736650272513 ], [ -49.315992136999967, -25.193664965272554 ], [ -49.316025801999963, -25.193623846272548 ] ] ] } },
{ "type": "Feature", "properties": { "num_setor": "PR_RIOBRAN1_SR_018_CPRM", "munic": "RIO BRANCO DO SUL", "grau_risco": "Alto", "distancia_km": 1.33, "chuva_24h": 17.1, "chuva_72h": 30.5, "fonte_estacao": "openmeteo", "codigo_estacao": "openmeteo", "nome_estacao": "Open-Meteo (célula de grade)" }, "geometry": { "type": "Polygon", "coordinates": [ [ [ -49.322108614999934, -25.189914325272611 ], [ -49.322094106999941, -25.189943544272612 ], [ -49.322004539999966, -25.190137196272609 ], [ -49.321918901999936, -25.19014092427263 ], [ -49.321903688999953, -25.190104854272615 ], [ -49.321801930999975, -25.190078859272631 ], [ -49.321720625999944, -25.190038859272615 ], [ -49.321512374999948, -25.189993922272635 ], [ -49.321508444999949, -25.189920773272629 ], [ -49.321560029999944, -25.189820925272649 ], [ -49.321818151999935, -25.189872713272596 ], [ -49.322028719999935, -25.189902134272618 ], [ -49.322108614999934, -25.189914325272611 ] ] ] } },
{ "type": "Feature", "properties": { "num_setor": "PR_RIOBRAN1_SR_002_CPRM", "munic": "RIO BRANCO DO SUL", "grau_risco": "Muito alto", "distancia_km": 1.34, "chuva_24h": 19.0, "chuva_72h": 28.3, "fonte_estacao": "openmeteo", "codigo_estacao": "openmeteo", "nome_estacao": "Open-Meteo (célula de grade)" }, "geometry": { "type": "Polygon", "coordinates": [ [ [ -49.312808086999951, -25.176376734272914 ], [ -49.312822192999924, -25.176331208272906 ], [ -49.313030790999967, -25.176060615272927 ], [ -49.313330649999955, -25.175909289272905 ], [ -49.313462519999973, -25.175784252272923 ], [ -49.313629440999925, -25.175594239272915 ], [ -49.313811322999982, -25.175435432272923 ], [ -49.314165254999978, -25.175395035272906 ], [ -49.314350128999934, -25.175251831272924 ], [ -49.314356112999974, -25.175113542272921 ], [ -49.31430033099997, -25.17497675027295 ], [ -49.314397362999955, -25.174855560272945 ], [ -49.314507859999935, -25.17474463027294 ], [ -49.314680123999942, -25.174583899272939 ], [ -49.314733127999951, -25.174554403272914 ], [ -49.315401880999957, -25.175021848272934 ], [ -49.315469204999943, -25.175243922272948 ], [ -49.315380721999986, -25.175470912272928 ], [ -49.31519370999996, -25.175819305272896 ], [ -49.31498789099993, -25.17608476827289 ], [ -49.314584800999967, -25.17630149827291 ], [ -49.314110967999966, -25.176449191272894 ], [ -49.313749341999937, -25.176509252272886 ], [ -49.313276149999972, -25.176487664272912 ], [ -49.312808086999951, -25.176376734272914 ] ] ] } },
{ "type": "Feature", "properties": { "num_setor": "PR_RIOBRAN1_SR_003_CPRM", "munic": "RIO BRANCO DO SUL", "grau_risco": "Muito alto", "distancia_km": 1.61, "chuva_24h": 17.1, "chuva_72h": 30.5, "fonte_estacao": "openmeteo", "codigo_estacao": "openmeteo", "nome_estacao": "Open-Meteo (célula de grade)" }, "geometry": { "type": "Polygon", "coordinates": [ [ [ -49.323682701999985, -25.185850195272678 ], [ -49.323922362999951, -25.186056570272683 ], [ -49.323853005999972, -25.186198176272683 ], [ -49.323818326999969, -25.186270423272667 ], [ -49.323746078999932, -25.186302212272714 ], [ -49.323613046999988, -25.186173768272671 ], [ -49.32317959799996, -25.186635206272673 ], [ -49.322993879999963, -25.186577710272655 ], [ -49.322820643999925, -25.186534209272661 ], [ -49.322824554999947, -25.186526097272676 ], [ -49.322810052999955, -25.186513405272695 ], [ -49.322594075, -25.186424512272691 ], [ -49.322505792999948, -25.186363714272712 ], [ -49.322500991999966, -25.186372247272672 ], [ -49.32227798599996, -25.186304648272703 ], [ -49.321876472999968, -25.186172831272685 ], [ -49.321503406999966, -25.185977819272686 ], [ -49.321469314999945, -25.185943290272682 ], [ -49.321985916999942, -25.185441428272732 ], [ -49.322203502999969, -25.185543929272686 ], [ -49.322372662999953, -25.185550444272682 ], [ -49.322694264999939, -25.18552373327271 ], [ -49.322799491999945, -25.185518358272716 ], [ -49.32320855599994, -25.185773359272677 ], [ -49.323321261999986, -25.185935194272698 ], [ -49.323494656999969, -25.186001662272695 ], [ -49.323604472999932, -25.18585716627268 ], [ -49.323682701999985, -25.185850195272678 ] ] ] } },
{ "type": "Feature", "properties": { "num_setor": "PR_RIOBRAN1_SR_012_CPRM", "munic": "RIO BRANCO DO SUL", "grau_risco": "Alto", "distancia_km": 1.09, "chuva_24h": 17.1, "chuva_72h": 30.5, "fonte_estacao": "openmeteo", "codigo_estacao": "openmeteo", "nome_estacao": "Open-Meteo (célula de grade)" }, "geometry": { "type": "Polygon", "coordinates": [ [ [ -49.30441434199998, -25.185351297272703 ], [ -49.30452766999997, -25.185525955272695 ], [ -49.304372115999968, -25.185584330272725 ], [ -49.304273845999944, -25.185595353272685 ], [ -49.304225253999959, -25.185635408272685 ], [ -49.304147010999941, -25.185680431272718 ], [ -49.304088018999948, -25.1857403592727 ], [ -49.304010395999967, -25.185787710272677 ], [ -49.303920819999973, -25.185830715272687 ], [ -49.303864931999946, -25.185768770272716 ], [ -49.303832020999948, -25.185678879272704 ], [ -49.303799263999956, -25.185595664272686 ], [ -49.30374787799996, -25.185483416272699 ], [ -49.303878748999978, -25.185391352272706 ], [ -49.303940225999945, -25.185325059272724 ], [ -49.304033527999941, -25.185234547272739 ], [ -49.304106802999968, -25.185221661272706 ], [ -49.304156015999986, -25.185321954272702 ], [ -49.304188926999984, -25.185365269272737 ], [ -49.304308154999944, -25.185400512272683 ], [ -49.30441434199998, -25.185351297272703 ] ] ] } },
{ "type": "Feature", "properties": { "num_setor": "PR_RIOBRAN1_SR_001_CPRM", "munic": "RIO BRANCO DO SUL", "grau_risco": "Muito alto", "distancia_km": 1.34, "chuva_24h": 19.0, "chuva_72h": 28.3, "fonte_estacao": "openmeteo", "codigo_estacao": "openmeteo", "nome_estacao": "Open-Meteo (célula de grade)" }, "geometry": { "type": "Polygon", "coordinates": [ [ [ -49.317306208999973, -25.173902825272954 ], [ -49.317578545999936, -25.173954601272978 ], [ -49.317373178999958, -25.174325831272952 ], [ -49.317218923999981, -25.174251788272969 ], [ -49.317229335999976, -25.174225286272954 ], [ -49.317232225999931, -25.174160263272952 ], [ -49.317238005999968, -25.174070676272962 ], [ -49.317243784999953, -25.174008543272933 ], [ -49.317284243999943, -25.173975309272951 ], [ -49.317306208999973, -25.173902825272954 ] ] ] } },
{ "type": "Feature", "properties": { "num_setor": "PR_RIOBRAN1_SR_006_CPRM", "munic": "RIO BRANCO DO SUL", "grau_risco": "Alto", "distancia_km": 0.54, "chuva_24h": 17.1, "chuva_72h": 30.5, "fonte_estacao": "openmeteo", "codigo_estacao": "openmeteo", "nome_estacao": "Open-Meteo (célula de grade)" }, "geometry": { "type": "Polygon", "coordinates": [ [ [ -49.313218140999936, -25.189530064272603 ], [ -49.313213171999962, -25.189586738272599 ], [ -49.31314714399997, -25.189703056272638 ], [ -49.31313333199995, -25.1896947882726 ], [ -49.312934737999967, -25.189637860272597 ], [ -49.312675873999979, -25.189657717272645 ], [ -49.31237398899998, -25.1897393522726 ], [ -49.311808091999978, -25.189861804272635 ], [ -49.311207997999986, -25.189982049272629 ], [ -49.310767855999977, -25.190007422272593 ], [ -49.309776525999951, -25.190035369272632 ], [ -49.309711809999953, -25.189752222272642 ], [ -49.31081749699996, -25.189764725272624 ], [ -49.311378244999958, -25.189675736272626 ], [ -49.31166615799998, -25.189590056272639 ], [ -49.312034229999938, -25.1895007002726 ], [ -49.312219184999947, -25.189234836272636 ], [ -49.312298976999955, -25.189203212272599 ], [ -49.312423628999966, -25.189039943272622 ], [ -49.312627703999965, -25.188965295272617 ], [ -49.312770373999967, -25.189100985272646 ], [ -49.31271742399997, -25.189380822272636 ], [ -49.312867079999933, -25.189414285272605 ], [ -49.312881945999948, -25.18940159527266 ], [ -49.313068295999976, -25.189487821272607 ], [ -49.313218140999936, -25.189530064272603 ] ] ] } },
{ "type": "Feature", "properties": { "num_setor": "PR_RIOBRAN1_SR_007_CPRM", "munic": "RIO BRANCO DO SUL", "grau_risco": "Alto", "distancia_km": 1.4, "chuva_24h": 19.0, "chuva_72h": 28.3, "fonte_estacao": "openmeteo", "codigo_estacao": "openmeteo", "nome_estacao": "Open-Meteo (célula de grade)" }, "geometry": { "type": "Polygon", "coordinates": [ [ [ -49.318444135999982, -25.174298771272923 ], [ -49.318094365999968, -25.174494226272962 ], [ -49.318100151999943, -25.174500277272969 ], [ -49.317982015999974, -25.174621415272963 ], [ -49.317725264999979, -25.174801500272913 ], [ -49.317346880999935, -25.175193890272908 ], [ -49.317298427999951, -25.17519788727293 ], [ -49.317336141999938, -25.174879678272941 ], [ -49.317381846999986, -25.174512266272941 ], [ -49.31751172099996, -25.174219284272937 ], [ -49.317755485999953, -25.174400618272958 ], [ -49.317914581999958, -25.17430620527298 ], [ -49.317924812999934, -25.174316905272935 ], [ -49.318028787999936, -25.174232831272963 ], [ -49.318366210999955, -25.173891395272925 ], [ -49.318630454999955, -25.17416189727296 ], [ -49.318444135999982, -25.174298771272923 ] ] ] } },
{ "type": "Feature", "properties": { "num_setor": "PR_RIOBRAN1_SR_004_CPRM", "munic": "RIO BRANCO DO SUL", "grau_risco": "Muito alto", "distancia_km": 0.64, "chuva_24h": 17.1, "chuva_72h": 30.5, "fonte_estacao": "openmeteo", "codigo_estacao": "openmeteo", "nome_estacao": "Open-Meteo (célula de grade)" }, "geometry": { "type": "Polygon", "coordinates": [ [ [ -49.304309277999948, -25.194854535272544 ], [ -49.304260149999948, -25.19518687427249 ], [ -49.304225470999938, -25.195305360272492 ], [ -49.304189776999969, -25.195380095272501 ], [ -49.30413865699996, -25.1956164572725 ], [ -49.304028935999952, -25.195920506272525 ], [ -49.303968512999965, -25.196280378272501 ], [ -49.303871260999983, -25.196528413272464 ], [ -49.303627841999969, -25.196575028272502 ], [ -49.30360967099994, -25.196539563272509 ], [ -49.30332061699994, -25.196502416272505 ], [ -49.303103578999973, -25.196420923272463 ], [ -49.302889971999939, -25.196505847272487 ], [ -49.302730123999936, -25.196311981272476 ], [ -49.302570561999971, -25.196355729272462 ], [ -49.302427299999977, -25.196305118272459 ], [ -49.302367248999985, -25.196197891272462 ], [ -49.302566844999944, -25.196103532272449 ], [ -49.302628610999932, -25.19598458127248 ], [ -49.302556263999975, -25.195810444272492 ], [ -49.302451891999965, -25.195505062272471 ], [ -49.302363531999951, -25.195259155272513 ], [ -49.302318064999952, -25.195020110272512 ], [ -49.302279461999944, -25.194786499272531 ], [ -49.302154499999979, -25.194493126272491 ], [ -49.30206213699995, -25.194361022272503 ], [ -49.302063488999977, -25.194343168272542 ], [ -49.301941379999953, -25.194273116272537 ], [ -49.302014745999941, -25.194080967272544 ], [ -49.302087462999964, -25.194026520272526 ], [ -49.302088158999936, -25.194017324272522 ], [ -49.30227688799993, -25.193882933272508 ], [ -49.302623177999976, -25.193856340272532 ], [ -49.302728121999962, -25.193816023272515 ], [ -49.302786170999973, -25.193849764272567 ], [ -49.302841810999958, -25.193893983272524 ], [ -49.302862098999981, -25.193884240272556 ], [ -49.30352445099993, -25.194348658272528 ], [ -49.303935230999969, -25.194647106272541 ], [ -49.304225470999938, -25.194777952272531 ], [ -49.304309277999948, -25.194854535272544 ] ] ] } },
{ "type": "Feature", "properties": { "num_setor": "PR_RIOBRAN1_SR_005_CPRM", "munic": "RIO BRANCO DO SUL", "grau_risco": "Muito alto", "distancia_km": 0.72, "chuva_24h": 17.1, "chuva_72h": 30.5, "fonte_estacao": "openmeteo", "codigo_estacao": "openmeteo", "nome_estacao": "Open-Meteo (célula de grade)" }, "geometry": { "type": "Polygon", "coordinates": [ [ [ -49.30277061399994, -25.191756489272557 ], [ -49.302863353999953, -25.191672840272577 ], [ -49.302955281999978, -25.191807815272561 ], [ -49.303034378999939, -25.191907707272598 ], [ -49.303116886999938, -25.192002563272556 ], [ -49.302902496999934, -25.192119347272563 ], [ -49.302799848999939, -25.192116423272562 ], [ -49.302571165999957, -25.19224798727257 ], [ -49.302368469999983, -25.192350640272572 ], [ -49.302174868999934, -25.192450694272548 ], [ -49.302172270999961, -25.19253661727257 ], [ -49.30210551699998, -25.192581284272563 ], [ -49.302086733999943, -25.192555596272573 ], [ -49.302097071999981, -25.192577385272585 ], [ -49.30208358699997, -25.192551292272547 ], [ -49.302040550999948, -25.192492437272538 ], [ -49.302042615999937, -25.192472013272582 ], [ -49.302042798999935, -25.192470208272567 ], [ -49.302059002999954, -25.192309970272543 ], [ -49.302550287999964, -25.192007493272548 ], [ -49.302604232999954, -25.191874557272559 ], [ -49.30277061399994, -25.191756489272557 ] ] ] } },
{ "type": "Feature", "properties": { "num_setor": "PR_RIOBRAN1_SR_010_CPRM", "munic": "RIO BRANCO DO SUL", "grau_risco": "Alto", "distancia_km": 0.96, "chuva_24h": 19.0, "chuva_72h": 28.3, "fonte_estacao": "openmeteo", "codigo_estacao": "openmeteo", "nome_estacao": "Open-Meteo (célula de grade)" }, "geometry": { "type": "Polygon", "coordinates": [ [ [ -49.313557210999932, -25.172573654272988 ], [ -49.313424763999933, -25.172617459272985 ], [ -49.31340566199998, -25.172599167273003 ], [ -49.313175148999967, -25.172689979273002 ], [ -49.313012819999983, -25.172791573272995 ], [ -49.312985434999973, -25.172795195273004 ], [ -49.312648778999979, -25.172903131272964 ], [ -49.31265807799997, -25.172910217272992 ], [ -49.31262789699997, -25.172913333272952 ], [ -49.312598632999944, -25.172916355272996 ], [ -49.312266312999945, -25.17295066827295 ], [ -49.312008619999972, -25.172829769272994 ], [ -49.311855004999984, -25.172843404272996 ], [ -49.311696843999982, -25.172578881273012 ], [ -49.312198139999964, -25.17241389527301 ], [ -49.312333047999971, -25.172402585273005 ], [ -49.312308145999964, -25.172369172272965 ], [ -49.312559118999957, -25.172292583272966 ], [ -49.313132646999975, -25.172059097273014 ], [ -49.313146440999958, -25.172087079273016 ], [ -49.313264933999953, -25.172035697272982 ], [ -49.313395223999976, -25.172037823273005 ], [ -49.313594758999955, -25.172082774273012 ], [ -49.313761908999936, -25.17221465527297 ], [ -49.313833583999944, -25.172341003273004 ], [ -49.313804731999937, -25.172421793272967 ], [ -49.313557210999932, -25.172573654272988 ] ] ] } },
{ "type": "Feature", "properties": { "num_setor": "PR_RIOBRAN1_SR_011_CPRM", "munic": "RIO BRANCO DO SUL", "grau_risco": "Muito alto", "distancia_km": 0.78, "chuva_24h": 17.1, "chuva_72h": 30.5, "fonte_estacao": "openmeteo", "codigo_estacao": "openmeteo", "nome_estacao": "Open-Meteo (célula de grade)" }, "geometry": { "type": "Polygon", "coordinates": [ [ [ -49.312398571999942, -25.187745328272634 ], [ -49.312431767999961, -25.187908856272671 ], [ -49.312444128999971, -25.18796812427264 ], [ -49.312721791999934, -25.187915103272665 ], [ -49.312798395999941, -25.188200501272672 ], [ -49.312473569999945, -25.188296159272632 ], [ -49.312243166999963, -25.187979923272632 ], [ -49.311993338999976, -25.187783690272642 ], [ -49.31166703699995, -25.187462536272644 ], [ -49.311536712999953, -25.187459093272665 ], [ -49.311324751999962, -25.18732507427265 ], [ -49.311181641999951, -25.187271466272662 ], [ -49.310987876999945, -25.18725056427267 ], [ -49.310931321999931, -25.187160808272701 ], [ -49.310874027999944, -25.186950558272699 ], [ -49.311126807999983, -25.186807932272679 ], [ -49.311327193999944, -25.186605571272697 ], [ -49.311379197999933, -25.186641656272666 ], [ -49.311490459999959, -25.186729798272701 ], [ -49.311575711999978, -25.186832390272667 ], [ -49.311269381999978, -25.18707225227265 ], [ -49.311436995999941, -25.187093927272688 ], [ -49.31152080399994, -25.187125716272675 ], [ -49.311790713999983, -25.186892166272667 ], [ -49.31183301599998, -25.186960148272675 ], [ -49.311816048999958, -25.18700982127266 ], [ -49.311950552999981, -25.187119742272696 ], [ -49.312012272999937, -25.187223022272658 ], [ -49.31198866699998, -25.187274171272662 ], [ -49.31206292699995, -25.187311549272657 ], [ -49.312139645999935, -25.187370321272656 ], [ -49.312209725999935, -25.187418764272675 ], [ -49.312276854999936, -25.187510733272653 ], [ -49.312300705999974, -25.187571964272674 ], [ -49.312291868999978, -25.187577856272668 ], [ -49.31214502399996, -25.187658904272688 ], [ -49.312233165999935, -25.187713812272673 ], [ -49.312327087999961, -25.187719592272654 ], [ -49.312367371999983, -25.187702630272685 ], [ -49.312398571999942, -25.187745328272634 ] ] ] } },
{ "type": "Feature", "properties": { "num_setor": "PR_RIOBRAN1_SR_009_CPRM", "munic": "RIO BRANCO DO SUL", "grau_risco": "Alto", "distancia_km": 1.05, "chuva_24h": 19.0, "chuva_72h": 28.3, "fonte_estacao": "openmeteo", "codigo_estacao": "openmeteo", "nome_estacao": "Open-Meteo (célula de grade)" }, "geometry": { "type": "Polygon", "coordinates": [ [ [ -49.312280226999974, -25.174942637272917 ], [ -49.311954048999944, -25.174737402272918 ], [ -49.311784280999973, -25.174509912272931 ], [ -49.311922143999944, -25.174357755272929 ], [ -49.312461202999941, -25.173816690272957 ], [ -49.312665789999983, -25.173626106272973 ], [ -49.312973418999945, -25.173307475272946 ], [ -49.313384242999973, -25.172874459272961 ], [ -49.313789534999955, -25.172468572272976 ], [ -49.314286947999967, -25.172267065272994 ], [ -49.314304939999943, -25.172259776272998 ], [ -49.31449588199996, -25.172215573272986 ], [ -49.314625744999944, -25.172158969272967 ], [ -49.314748282999972, -25.17203643827299 ], [ -49.314963389999939, -25.171931554272994 ], [ -49.315370626999943, -25.171785715272982 ], [ -49.315601050999931, -25.171545980273006 ], [ -49.315740903999938, -25.17112611027304 ], [ -49.316014947999975, -25.170602688273032 ], [ -49.316277337999963, -25.170716895272992 ], [ -49.316248368999936, -25.170873722273015 ], [ -49.316157464999947, -25.171047530273011 ], [ -49.316052574999958, -25.171276610272983 ], [ -49.315988975999971, -25.171503693273014 ], [ -49.315843128999973, -25.171818012273 ], [ -49.315773535999938, -25.172012464272996 ], [ -49.315638011999965, -25.172160634272977 ], [ -49.315467857999977, -25.172269181273002 ], [ -49.315326673999948, -25.172292488273005 ], [ -49.315016333999949, -25.172343099273011 ], [ -49.314853171999978, -25.172432334272973 ], [ -49.314656712999977, -25.172655421272957 ], [ -49.314552821999939, -25.172848208272953 ], [ -49.314346705999981, -25.173105590272986 ], [ -49.314151454999944, -25.17303312927298 ], [ -49.31405256499994, -25.173116698272949 ], [ -49.313786487999948, -25.173447648272969 ], [ -49.313557240999948, -25.173658829272973 ], [ -49.313192215999948, -25.174051936272932 ], [ -49.312280226999974, -25.174942637272917 ] ] ] } },
{ "type": "Feature", "properties": { "num_setor": "PR_RIOBRAN1_SR_015_CPRM", "munic": "RIO BRANCO DO SUL", "grau_risco": "Muito alto", "distancia_km": 0.69, "chuva_24h": 17.1, "chuva_72h": 30.5, "fonte_estacao": "openmeteo", "codigo_estacao": "openmeteo", "nome_estacao": "Open-Meteo (célula de grade)" }, "geometry": { "type": "Polygon", "coordinates": [ [ [ -49.308864430999961, -25.200142368272374 ], [ -49.309010344999933, -25.200291912272391 ], [ -49.309004911999985, -25.200271990272409 ], [ -49.309099600999957, -25.200291136272408 ], [ -49.309129869999936, -25.200408597272411 ], [ -49.309024832999974, -25.200413254272384 ], [ -49.308914879999975, -25.200385312272406 ], [ -49.308758876999946, -25.200383242272419 ], [ -49.308516203999943, -25.200452321272373 ], [ -49.308294228999955, -25.200591774272404 ], [ -49.30837054899996, -25.200358404272418 ], [ -49.308476362999947, -25.200110545272413 ], [ -49.308738696999967, -25.199895027272415 ], [ -49.308786299999952, -25.199998776272412 ], [ -49.308864430999961, -25.200142368272374 ] ] ] } },
{ "type": "Feature", "properties": { "num_setor": "PR_RIOBRAN1_SR_025_CPRM", "munic": "RIO BRANCO DO SUL", "grau_risco": "Alto", "distancia_km": 1.25, "chuva_24h": 17.1, "chuva_72h": 30.5, "fonte_estacao": "openmeteo", "codigo_estacao": "openmeteo", "nome_estacao": "Open-Meteo (célula de grade)" }, "geometry": { "type": "Polygon", "coordinates": [ [ [ -49.316316044999951, -25.18442817527276 ], [ -49.316333651999976, -25.184437596272726 ], [ -49.316470565999964, -25.184606026272743 ], [ -49.316247085999976, -25.184693523272724 ], [ -49.316115885999977, -25.184728815272738 ], [ -49.315957271999935, -25.184786889272718 ], [ -49.315838735999932, -25.184756539272733 ], [ -49.31570336599998, -25.184661860272698 ], [ -49.315651626999959, -25.184615138272729 ], [ -49.316037273999939, -25.184518838272734 ], [ -49.316316044999951, -25.18442817527276 ] ] ] } },
{ "type": "Feature", "properties": { "num_setor": "PR_UMUA_SR_02_CPRM", "munic": "UMUARAMA", "grau_risco": "Muito alto", "distancia_km": 0.74, "chuva_24h": 5.7, "chuva_72h": 6.2, "fonte_estacao": "openmeteo", "codigo_estacao": "openmeteo", "nome_estacao": "Open-Meteo (célula de grade)" }, "geometry": { "type": "Polygon", "coordinates": [ [ [ -53.30416754099997, -23.772632849303264 ], [ -53.304118457999948, -23.772301415303243 ], [ -53.304370694999925, -23.772128305303262 ], [ -53.304464737999979, -23.772056445303264 ], [ -53.304480369999965, -23.772042089303252 ], [ -53.304619998999954, -23.771855907303266 ], [ -53.304807513999947, -23.771712679303267 ], [ -53.304930856999931, -23.771455387303252 ], [ -53.305006872999975, -23.771270475303243 ], [ -53.30514319699995, -23.771130677303287 ], [ -53.305185783999946, -23.770876758303299 ], [ -53.305679081999983, -23.770168465303307 ], [ -53.305739648999975, -23.770155881303332 ], [ -53.305847841999942, -23.770355985303304 ], [ -53.305756622999979, -23.770681920303282 ], [ -53.305681034999964, -23.770865584303298 ], [ -53.30552663799994, -23.771035753303288 ], [ -53.305511265999947, -23.771064148303303 ], [ -53.305419730999972, -23.771248428303288 ], [ -53.30539005199995, -23.771304623303298 ], [ -53.305209285999979, -23.771500897303252 ], [ -53.30520947399998, -23.771515131303239 ], [ -53.305287462999956, -23.771816461303249 ], [ -53.305209897999987, -23.771988258303256 ], [ -53.305039417999986, -23.772188528303243 ], [ -53.304930670999966, -23.772331864303247 ], [ -53.304744013999937, -23.772460858303265 ], [ -53.304588712999987, -23.772604471303243 ], [ -53.304340992999983, -23.772733944303258 ], [ -53.30416754099997, -23.772632849303264 ] ] ] } },
{ "type": "Feature", "properties": { "num_setor": "PR_SAUDADE_SR_1_CPRM", "munic": "SAUDADE DO IGUAÇU", "grau_risco": "Muito alto", "distancia_km": 0.33, "chuva_24h": 7.7, "chuva_72h": 22.5, "fonte_estacao": "openmeteo", "codigo_estacao": "openmeteo", "nome_estacao": "Open-Meteo (célula de grade)" }, "geometry": { "type": "Polygon", "coordinates": [ [ [ -52.620474857999966, -25.692025830262207 ], [ -52.620591526999931, -25.69203936526219 ], [ -52.620876085999953, -25.6920693312622 ], [ -52.621245538999972, -25.692382183262165 ], [ -52.621409888999942, -25.692717884262198 ], [ -52.621558505999985, -25.693082066262189 ], [ -52.621729247999951, -25.693362014262153 ], [ -52.621935156999939, -25.693556220262135 ], [ -52.621908173999941, -25.693878104262154 ], [ -52.622032840999964, -25.694101659262142 ], [ -52.622150830999942, -25.694560118262135 ], [ -52.622074309999959, -25.694801773262107 ], [ -52.622144229999947, -25.694988131262114 ], [ -52.622331574, -25.695176035262143 ], [ -52.622655072999983, -25.695416903262124 ], [ -52.622925860999942, -25.695221321262121 ], [ -52.623236832999964, -25.695303881262138 ], [ -52.623456338999972, -25.695363959262128 ], [ -52.623760225999945, -25.695482840262105 ], [ -52.624187479999932, -25.695425664262128 ], [ -52.624666720999983, -25.695292271262126 ], [ -52.625039336, -25.695316666262102 ], [ -52.625056997999941, -25.695352949262134 ], [ -52.625086299999957, -25.695389227262126 ], [ -52.625224618999937, -25.695683536262134 ], [ -52.62522852799998, -25.695837744262111 ], [ -52.625658879999946, -25.696508133262085 ], [ -52.625731130999952, -25.697020709262084 ], [ -52.625259461999967, -25.697489776262056 ], [ -52.624929779999945, -25.697638490262086 ], [ -52.624650793999933, -25.697688147262056 ], [ -52.624408863999975, -25.697752966262058 ], [ -52.624091572999987, -25.697880853262067 ], [ -52.623858935999976, -25.698065177262084 ], [ -52.623708102999949, -25.698364550262049 ], [ -52.623705278999978, -25.698393254262033 ], [ -52.623526572999936, -25.698667798262072 ], [ -52.623499300999981, -25.698714907262033 ], [ -52.623474487999943, -25.698743038262062 ], [ -52.62345014899995, -25.698771032262059 ], [ -52.623415199999947, -25.698798920262028 ], [ -52.623368704999969, -25.698836025262075 ], [ -52.62323457399998, -25.698918760262053 ], [ -52.622970976999973, -25.699110314262018 ], [ -52.622835472999952, -25.699146075262075 ], [ -52.622079734999943, -25.699298531262031 ], [ -52.621904437999945, -25.698884919262046 ], [ -52.621620316999952, -25.698426614262061 ], [ -52.62153333699996, -25.698065192262046 ], [ -52.621304145999943, -25.697632665262066 ], [ -52.621104075999931, -25.697293958262108 ], [ -52.620972110999958, -25.696710968262121 ], [ -52.620740009999956, -25.695810523262129 ], [ -52.620474857999966, -25.692025830262207 ] ] ] } },
{ "type": "Feature", "properties": { "num_setor": "PR_UMUA_SR_01_CPRM", "munic": "UMUARAMA", "grau_risco": "Alto", "distancia_km": 1.18, "chuva_24h": 5.7, "chuva_72h": 6.2, "fonte_estacao": "openmeteo", "codigo_estacao": "openmeteo", "nome_estacao": "Open-Meteo (célula de grade)" }, "geometry": { "type": "Polygon", "coordinates": [ [ [ -53.310655900999961, -23.777524876303143 ], [ -53.310760032999944, -23.777479040303113 ], [ -53.310789940999939, -23.777472710303154 ], [ -53.311139023999942, -23.777516061303128 ], [ -53.311146598999983, -23.77751609530312 ], [ -53.312113111999963, -23.777776755303151 ], [ -53.312172000999972, -23.777874512303143 ], [ -53.312163366999982, -23.777895687303101 ], [ -53.312107156999957, -23.777966082303131 ], [ -53.312029676999934, -23.778015166303135 ], [ -53.311992201999942, -23.778015075303141 ], [ -53.311849354999929, -23.77802176830313 ], [ -53.311842179999985, -23.778014713303097 ], [ -53.311709170999961, -23.777965036303115 ], [ -53.311702887999957, -23.777936772303132 ], [ -53.311703197999975, -23.777929705303116 ], [ -53.311584746999984, -23.777879824303128 ], [ -53.311578082, -23.777858537303146 ], [ -53.311449875999983, -23.777753672303117 ], [ -53.311434683999948, -23.777725823303125 ], [ -53.311343841999985, -23.777683787303108 ], [ -53.31129845199996, -23.77768361730314 ], [ -53.311154551999948, -23.777662206303109 ], [ -53.311131822999982, -23.777662119303113 ], [ -53.310919298999977, -23.777584706303124 ], [ -53.310718022999936, -23.777643038303111 ], [ -53.310688087999957, -23.777649367303137 ], [ -53.310546403999979, -23.777743545303125 ], [ -53.310523811999978, -23.777750087303122 ], [ -53.310463367999944, -23.777762969303144 ], [ -53.310296488999938, -23.777844437303095 ], [ -53.310265839999943, -23.777858258303134 ], [ -53.310104380999974, -23.777934811303115 ], [ -53.310065906999967, -23.777941538303143 ], [ -53.309903989999953, -23.777954160303143 ], [ -53.309796003999963, -23.777973679303106 ], [ -53.309710690999964, -23.778029868303133 ], [ -53.309649902999979, -23.778111247303109 ], [ -53.309647258999973, -23.77811718230312 ], [ -53.309645475999957, -23.778121186303114 ], [ -53.30957873899996, -23.778271010303115 ], [ -53.309547754999983, -23.778406137303143 ], [ -53.309547763999944, -23.778413256303097 ], [ -53.30950108199994, -23.778498604303135 ], [ -53.309392119999984, -23.778648702303084 ], [ -53.309376950999926, -23.778776939303093 ], [ -53.309353806999979, -23.778833700303089 ], [ -53.309268612999965, -23.778940038303105 ], [ -53.309253103999929, -23.778954224303078 ], [ -53.309253201999979, -23.778975430303081 ], [ -53.309308305999934, -23.779151262303095 ], [ -53.309447673999955, -23.779290449303101 ], [ -53.309486240999945, -23.77936706230307 ], [ -53.309509331999948, -23.779408751303073 ], [ -53.309593716999984, -23.779547193303106 ], [ -53.309692927999947, -23.779670859303078 ], [ -53.309738533999962, -23.779739433303092 ], [ -53.309844528999967, -23.779875775303104 ], [ -53.309852058999972, -23.779896316303084 ], [ -53.309889809999952, -23.780013100303073 ], [ -53.309949849999953, -23.780114722303068 ], [ -53.309979666999936, -23.780182325303056 ], [ -53.309987035999931, -23.780209350303053 ], [ -53.309948744999986, -23.78028395330308 ], [ -53.309888228999974, -23.780297882303056 ], [ -53.309767500999946, -23.780237908303061 ], [ -53.309684626999967, -23.780048387303076 ], [ -53.309646912999938, -23.779884819303071 ], [ -53.309586011999954, -23.779810011303056 ], [ -53.309586027999956, -23.779796326303064 ], [ -53.309432827999949, -23.779632172303113 ], [ -53.309340282999983, -23.779521971303073 ], [ -53.309223962999958, -23.779390378303081 ], [ -53.309153520999985, -23.779264772303101 ], [ -53.309098462999941, -23.779166626303077 ], [ -53.309050804999977, -23.779032638303111 ], [ -53.309058536999942, -23.779025550303103 ], [ -53.30908095999996, -23.778897921303091 ], [ -53.309103297999961, -23.778741274303101 ], [ -53.309111098999949, -23.778734143303101 ], [ -53.309204026999964, -23.778555355303126 ], [ -53.309313366999959, -23.778384150303111 ], [ -53.30931333999996, -23.778362754303092 ], [ -53.309313133999979, -23.778198738303111 ], [ -53.309352140999977, -23.778113373303096 ], [ -53.30946142199997, -23.77803558730313 ], [ -53.309539280999964, -23.777929298303096 ], [ -53.309671583999943, -23.777880406303115 ], [ -53.309679360999951, -23.777880459303127 ], [ -53.309826605999945, -23.777811148303115 ], [ -53.309842085999946, -23.777811327303095 ], [ -53.310011568999983, -23.777764415303135 ], [ -53.310172321999978, -23.777703750303104 ], [ -53.310339807999981, -23.777643526303134 ], [ -53.31049872799997, -23.777590585303141 ], [ -53.310655900999961, -23.777524876303143 ] ] ] } },
{ "type": "Feature", "properties": { "num_setor": "PR_UMUA_SR_04_CPRM", "munic": "UMUARAMA", "grau_risco": "Muito alto", "distancia_km": 0.67, "chuva_24h": 5.7, "chuva_72h": 6.2, "fonte_estacao": "openmeteo", "codigo_estacao": "openmeteo", "nome_estacao": "Open-Meteo (célula de grade)" }, "geometry": { "type": "Polygon", "coordinates": [ [ [ -53.294680830999937, -23.779956513303052 ], [ -53.294722653999941, -23.779909370303102 ], [ -53.294745021, -23.779894806303076 ], [ -53.294748186999982, -23.779891905303053 ], [ -53.294789916999946, -23.779892094303101 ], [ -53.29481543299994, -23.779918880303086 ], [ -53.294865093999931, -23.779961370303067 ], [ -53.294909424999958, -23.779970573303071 ], [ -53.294959775999985, -23.779985783303083 ], [ -53.295003353999952, -23.78000691230309 ], [ -53.294985846999964, -23.780042674303061 ], [ -53.294985577999967, -23.780048628303092 ], [ -53.294968550999954, -23.780146248303105 ], [ -53.294945592999966, -23.780166775303048 ], [ -53.294927116999986, -23.780172440303044 ], [ -53.294908937999942, -23.78018094130308 ], [ -53.29488766999998, -23.780189431303043 ], [ -53.294826549999982, -23.780212154303072 ], [ -53.294805032999932, -23.780217809303071 ], [ -53.294786538999972, -23.780217639303046 ], [ -53.294771088999937, -23.780226311303082 ], [ -53.294758706999971, -23.780229145303071 ], [ -53.294755606999949, -23.780232060303049 ], [ -53.294687081999932, -23.780272872303058 ], [ -53.294668033999983, -23.780275772303071 ], [ -53.294639067999981, -23.780260959303082 ], [ -53.294622966999952, -23.780257987303077 ], [ -53.294577860999937, -23.780249065303064 ], [ -53.294516580999982, -23.780225309303045 ], [ -53.294468149999936, -23.780174876303089 ], [ -53.294484301999937, -23.780103801303039 ], [ -53.294574644999955, -23.780041863303058 ], [ -53.294571422999979, -23.780012253303049 ], [ -53.294597207999971, -23.779959071303054 ], [ -53.294642296999939, -23.779959248303062 ], [ -53.294680830999937, -23.779956513303052 ] ] ] } },
{ "type": "Feature", "properties": { "num_setor": "PR_SANTALU_SR_1_CPRM", "munic": "SANTA LÚCIA", "grau_risco": "Muito alto", "distancia_km": 0.62, "chuva_24h": 5.9, "chuva_72h": 7.6, "fonte_estacao": "openmeteo", "codigo_estacao": "openmeteo", "nome_estacao": "Open-Meteo (célula de grade)" }, "geometry": { "type": "Polygon", "coordinates": [ [ [ -53.568648308999968, -25.402754339268157 ], [ -53.56880215199994, -25.402795486268158 ], [ -53.569188389999965, -25.402803448268198 ], [ -53.569549927999958, -25.402846100268174 ], [ -53.56973839099993, -25.402834266268165 ], [ -53.570004064999978, -25.402912502268194 ], [ -53.570455111999934, -25.403183696268194 ], [ -53.570850397999948, -25.403400946268157 ], [ -53.571151081999972, -25.403479425268134 ], [ -53.571368115999974, -25.40358423926812 ], [ -53.571560775999956, -25.403653176268168 ], [ -53.571730358999964, -25.403781881268173 ], [ -53.571943503999933, -25.403852282268122 ], [ -53.572062264999943, -25.403985076268153 ], [ -53.57210540899996, -25.404080227268125 ], [ -53.572172985999941, -25.404179757268132 ], [ -53.572205695999962, -25.404346374268115 ], [ -53.572241557, -25.404486615268109 ], [ -53.572237222999945, -25.40461223226815 ], [ -53.572135738999975, -25.404770162268143 ], [ -53.571355051999952, -25.405006777268152 ], [ -53.570569929999976, -25.405113550268112 ], [ -53.568776748999944, -25.405316383268111 ], [ -53.568734153999969, -25.405053761268128 ], [ -53.568718811999986, -25.40492779026815 ], [ -53.568683024999984, -25.404667230268139 ], [ -53.568559035999954, -25.40388016426817 ], [ -53.568432322999975, -25.402913393268147 ], [ -53.568648308999968, -25.402754339268157 ] ] ] } },
{ "type": "Feature", "properties": { "num_setor": "PR_RIOBONI_SR_1_CPRM", "munic": "RIO BONITO DO IGUAÇU", "grau_risco": "Muito alto", "distancia_km": 1.04, "chuva_24h": 6.7, "chuva_72h": 17.6, "fonte_estacao": "openmeteo", "codigo_estacao": "openmeteo", "nome_estacao": "Open-Meteo (célula de grade)" }, "geometry": { "type": "Polygon", "coordinates": [ [ [ -52.708226197999977, -25.599140244264099 ], [ -52.708212783999954, -25.599030861264101 ], [ -52.708180278999976, -25.598928601264092 ], [ -52.708138122999962, -25.598784078264135 ], [ -52.708057131999958, -25.598574690264122 ], [ -52.707999154999982, -25.598447236264114 ], [ -52.707974804999935, -25.598391580264092 ], [ -52.70792567899997, -25.598266487264148 ], [ -52.707885774999959, -25.598122446264153 ], [ -52.707890577999933, -25.598091622264135 ], [ -52.707919608999987, -25.597968081264138 ], [ -52.707948843999986, -25.597901725264148 ], [ -52.708027176999963, -25.597843981264141 ], [ -52.708056598999974, -25.597808325264126 ], [ -52.708145226999932, -25.597741107264156 ], [ -52.708249240999976, -25.597651024264128 ], [ -52.708333717999956, -25.59758333526413 ], [ -52.708418450999943, -25.597524426264126 ], [ -52.708488640999981, -25.597474202264113 ], [ -52.708638197999967, -25.597424279264111 ], [ -52.708797408999942, -25.597365774264148 ], [ -52.708999159999955, -25.597354734264137 ], [ -52.709114398999986, -25.597385877264134 ], [ -52.709283513999928, -25.597494074264116 ], [ -52.709468491999978, -25.597625687264113 ], [ -52.70968445799997, -25.597805889264137 ], [ -52.709869416999943, -25.598033168264127 ], [ -52.710078570999933, -25.598261281264122 ], [ -52.710181494999965, -25.598421030264106 ], [ -52.710260735999952, -25.598612529264127 ], [ -52.710418811999944, -25.598850471264139 ], [ -52.710527577999983, -25.599212863264128 ], [ -52.71052466499998, -25.599284851264137 ], [ -52.710487656999931, -25.599328752264103 ], [ -52.710446388999969, -25.599324928264117 ], [ -52.710397020999949, -25.599309198264098 ], [ -52.710326683999938, -25.599269579264082 ], [ -52.710249935999961, -25.599245855264133 ], [ -52.710162252999964, -25.599238144264099 ], [ -52.710083102999931, -25.599238413264111 ], [ -52.709971257999939, -25.599234539264096 ], [ -52.709840240999945, -25.599234617264113 ], [ -52.70971947999994, -25.599222692264089 ], [ -52.709700752999943, -25.59922270326409 ], [ -52.709653935999938, -25.599222731264078 ], [ -52.709639890999938, -25.599222739264096 ], [ -52.709621163999941, -25.599222750264111 ], [ -52.70959775599993, -25.59922276426413 ], [ -52.709418876999962, -25.599238866264088 ], [ -52.709121704999973, -25.59930771326411 ], [ -52.708961169999952, -25.599363898264105 ], [ -52.708606692999986, -25.599346074264119 ], [ -52.708384085999967, -25.599265323264078 ], [ -52.708277052999961, -25.599224824264116 ], [ -52.708226197999977, -25.599140244264099 ] ] ] } },
{ "type": "Feature", "properties": { "num_setor": "PR_RIOBONI_SR_2_CPRM", "munic": "RIO BONITO DO IGUAÇU", "grau_risco": "Alto", "distancia_km": 0.83, "chuva_24h": 10.5, "chuva_72h": 39.9, "fonte_estacao": "openmeteo", "codigo_estacao": "openmeteo", "nome_estacao": "Open-Meteo (célula de grade)" }, "geometry": { "type": "Polygon", "coordinates": [ [ [ -52.523025085999961, -25.493703606266251 ], [ -52.523228660999962, -25.493477700266293 ], [ -52.523237134999931, -25.49348266426626 ], [ -52.523907231999949, -25.494057508266277 ], [ -52.52400275399998, -25.494094235266285 ], [ -52.52492024299994, -25.494449561266261 ], [ -52.525433032999956, -25.49507611026624 ], [ -52.525418842999954, -25.495108683266242 ], [ -52.525386280999953, -25.495140065266273 ], [ -52.525316746999977, -25.495169276266243 ], [ -52.525289981999947, -25.495177685266277 ], [ -52.523025085999961, -25.493703606266251 ] ] ] } },
{ "type": "Feature", "properties": { "num_setor": "PR_SMI_SR_03_CPRM", "munic": "SÃO MIGUEL DO IGUAÇU", "grau_risco": "Alto", "distancia_km": 0.52, "chuva_24h": 6.6, "chuva_72h": 9.8, "fonte_estacao": "openmeteo", "codigo_estacao": "openmeteo", "nome_estacao": "Open-Meteo (célula de grade)" }, "geometry": { "type": "Polygon", "coordinates": [ [ [ -54.21913884899994, -25.342677864269401 ], [ -54.21925162399998, -25.342610353269404 ], [ -54.219434514999932, -25.342508351269458 ], [ -54.219629700999974, -25.342384681269401 ], [ -54.219790987999943, -25.342307134269419 ], [ -54.22002232799997, -25.342512780269455 ], [ -54.220246050999947, -25.34268158426945 ], [ -54.220253849999949, -25.342694051269426 ], [ -54.220498695999936, -25.342832472269393 ], [ -54.220527558999947, -25.342831148269422 ], [ -54.220990469999947, -25.342967103269437 ], [ -54.221093455999949, -25.343002397269419 ], [ -54.221254545999955, -25.343042002269392 ], [ -54.221417437999946, -25.343113921269381 ], [ -54.221655303999967, -25.343228396269428 ], [ -54.221776329999962, -25.343314617269421 ], [ -54.221685037999976, -25.343424509269429 ], [ -54.221656362999965, -25.343459262269395 ], [ -54.221574329999953, -25.3436679582694 ], [ -54.221553211999947, -25.343688574269372 ], [ -54.221539299999961, -25.343708895269394 ], [ -54.221427014999961, -25.343818500269379 ], [ -54.221303279999972, -25.344012987269416 ], [ -54.221282587999944, -25.344039846269411 ], [ -54.221115868999959, -25.344182551269387 ], [ -54.220721289999972, -25.344274764269397 ], [ -54.220707062999963, -25.344275288269365 ], [ -54.220436085999957, -25.344285256269394 ], [ -54.220407485999942, -25.344286307269368 ], [ -54.220328148999954, -25.344276234269369 ], [ -54.220313820999934, -25.344276759269388 ], [ -54.220278599999965, -25.344291048269366 ], [ -54.220249938999984, -25.344292145269353 ], [ -54.220142781999982, -25.344302762269407 ], [ -54.220006668999986, -25.344307993269403 ], [ -54.219971503999943, -25.344322337269418 ], [ -54.219654590999937, -25.344165396269421 ], [ -54.219640247999962, -25.344165948269382 ], [ -54.219209001999957, -25.344131081269371 ], [ -54.219180512999969, -25.344132228269405 ], [ -54.218999203999942, -25.344080982269414 ], [ -54.218969990999945, -25.344069150269366 ], [ -54.218799099999956, -25.34395237826941 ], [ -54.218769885999961, -25.343940546269369 ], [ -54.218755674999954, -25.343941133269418 ], [ -54.218568450999953, -25.343792332269402 ], [ -54.21856094299995, -25.343786117269403 ], [ -54.218476253999938, -25.343685110269398 ], [ -54.218461636999962, -25.343679192269406 ], [ -54.218251915999986, -25.343517950269419 ], [ -54.21827193699994, -25.343497403269396 ], [ -54.218234929999937, -25.343342353269417 ], [ -54.218255305999946, -25.343315613269407 ], [ -54.218357653999938, -25.343194829269422 ], [ -54.218378511999958, -25.343180989269399 ], [ -54.218616676999943, -25.343067040269439 ], [ -54.218630680999986, -25.34305995326941 ], [ -54.218849272999933, -25.342985521269394 ], [ -54.21887017499995, -25.342971656269423 ], [ -54.218980793999947, -25.342876203269402 ], [ -54.21898767499993, -25.342869431269385 ], [ -54.21913884899994, -25.342677864269401 ] ] ] } },
{ "type": "Feature", "properties": { "num_setor": "PR_SMI_SR_01_CPRM", "munic": "SÃO MIGUEL DO IGUAÇU", "grau_risco": "Alto", "distancia_km": 1.14, "chuva_24h": 6.6, "chuva_72h": 9.8, "fonte_estacao": "openmeteo", "codigo_estacao": "openmeteo", "nome_estacao": "Open-Meteo (célula de grade)" }, "geometry": { "type": "Polygon", "coordinates": [ [ [ -54.242143381999938, -25.358113353269104 ], [ -54.242086314999938, -25.357993170269129 ], [ -54.242182564999951, -25.357802732269132 ], [ -54.242345089999951, -25.357611052269121 ], [ -54.242361165999966, -25.357579318269121 ], [ -54.242561807999948, -25.357398765269117 ], [ -54.242685927999958, -25.357164713269125 ], [ -54.242717056999936, -25.357117995269114 ], [ -54.242821711999966, -25.356886417269095 ], [ -54.243010442999946, -25.356588531269107 ], [ -54.243278783999976, -25.356148792269103 ], [ -54.243278106999981, -25.356133479269172 ], [ -54.243368756999985, -25.355884630269177 ], [ -54.243440413999963, -25.355590664269158 ], [ -54.243461572999934, -25.355267766269137 ], [ -54.243556685999977, -25.355141871269133 ], [ -54.243604256999966, -25.355078905269167 ], [ -54.24363545999995, -25.355016466269138 ], [ -54.243755648999972, -25.354614098269156 ], [ -54.243754266999979, -25.354568340269164 ], [ -54.243988062999961, -25.354268509269154 ], [ -54.244242745999941, -25.35395212226917 ], [ -54.244571592999932, -25.353417201269188 ], [ -54.244973524999985, -25.352999069269206 ], [ -54.245495359999957, -25.352543787269198 ], [ -54.245906221999974, -25.352216592269244 ], [ -54.246267648999947, -25.351906994269246 ], [ -54.246743604999949, -25.351505844269255 ], [ -54.247075869999954, -25.350989895269226 ], [ -54.247216289999983, -25.350723918269267 ], [ -54.247666550999952, -25.350453579269264 ], [ -54.247733566999962, -25.350419370269229 ], [ -54.248008701999936, -25.349849259269249 ], [ -54.248042510999944, -25.349831305269259 ], [ -54.248298348999981, -25.349432320269266 ], [ -54.248614240999984, -25.349173302269261 ], [ -54.248664881999964, -25.349155956269264 ], [ -54.24890999199993, -25.348899612269289 ], [ -54.248909179999941, -25.348884212269297 ], [ -54.249062640999966, -25.348492040269278 ], [ -54.249079229999957, -25.34847587726928 ], [ -54.249243258999975, -25.34797539026933 ], [ -54.249447041999979, -25.34758127126932 ], [ -54.249593825999966, -25.347049642269308 ], [ -54.249867671999944, -25.346570267269314 ], [ -54.249963173999966, -25.346055705269347 ], [ -54.250232048999976, -25.345806375269319 ], [ -54.250475337999944, -25.345744827269357 ], [ -54.250526280999964, -25.345727157269334 ], [ -54.250739667999937, -25.345874411269342 ], [ -54.250644339999951, -25.346406703269334 ], [ -54.250363531999938, -25.347040037269309 ], [ -54.250269698999944, -25.347587297269314 ], [ -54.250109490999932, -25.348199735269326 ], [ -54.249876128999972, -25.348799740269268 ], [ -54.249708032999933, -25.349410200269272 ], [ -54.249465647999955, -25.349804702269275 ], [ -54.248983890999959, -25.350145858269265 ], [ -54.248201712999951, -25.350944809269226 ], [ -54.247373229999937, -25.351810751269227 ], [ -54.246627578999949, -25.352622644269186 ], [ -54.246236407999959, -25.35281650426921 ], [ -54.24569245899994, -25.353286520269222 ], [ -54.24510044699997, -25.354015588269199 ], [ -54.244479184999932, -25.354757099269186 ], [ -54.244243076999972, -25.355407388269139 ], [ -54.244191162999982, -25.356066215269117 ], [ -54.244104279999924, -25.356369808269122 ], [ -54.244006062999979, -25.356630071269137 ], [ -54.243942114999982, -25.35667772826913 ], [ -54.243842834999953, -25.356969026269105 ], [ -54.243777720999965, -25.357048433269146 ], [ -54.243744565999975, -25.357080662269148 ], [ -54.243097757999976, -25.35742825826912 ], [ -54.243061929999946, -25.357734734269101 ], [ -54.242947348999962, -25.35792526826911 ], [ -54.242451519999975, -25.358230396269086 ], [ -54.24227821299997, -25.358302279269122 ], [ -54.242143381999938, -25.358113353269104 ] ] ] } },
{ "type": "Feature", "properties": { "num_setor": "PR_SMI_SR_02_CPRM", "munic": "SÃO MIGUEL DO IGUAÇU", "grau_risco": "Alto", "distancia_km": 0.52, "chuva_24h": 6.6, "chuva_72h": 9.8, "fonte_estacao": "openmeteo", "codigo_estacao": "openmeteo", "nome_estacao": "Open-Meteo (célula de grade)" }, "geometry": { "type": "Polygon", "coordinates": [ [ [ -54.245658796999983, -25.336454814269558 ], [ -54.245693423999967, -25.336453646269522 ], [ -54.245790180999961, -25.336357183269545 ], [ -54.246212041999968, -25.336436441269576 ], [ -54.246283432, -25.336465207269526 ], [ -54.246453674999941, -25.336460944269529 ], [ -54.24698400699998, -25.336630836269563 ], [ -54.247089666999962, -25.336658552269537 ], [ -54.24782915399993, -25.336884697269532 ], [ -54.247898666999959, -25.336882105269545 ], [ -54.248460927999986, -25.337359335269543 ], [ -54.248998157999957, -25.337590747269548 ], [ -54.249443391999932, -25.337640624269522 ], [ -54.249753786999975, -25.337693885269534 ], [ -54.250413897999977, -25.338321615269539 ], [ -54.250883879999947, -25.33886776926952 ], [ -54.250950839999966, -25.339242734269511 ], [ -54.250380756999959, -25.339798152269481 ], [ -54.250360623999939, -25.340116866269476 ], [ -54.250387599999954, -25.340688110269472 ], [ -54.251111951999974, -25.341677244269455 ], [ -54.251144310999962, -25.342375863269442 ], [ -54.250477520999937, -25.34259225426942 ], [ -54.249907552999957, -25.342359650269461 ], [ -54.249508438999953, -25.341677787269461 ], [ -54.249560189999954, -25.341009164269444 ], [ -54.249205016999952, -25.340485573269468 ], [ -54.249151809999944, -25.340011665269468 ], [ -54.249369968999986, -25.3394967492695 ], [ -54.249324348999956, -25.339212697269527 ], [ -54.248799629999951, -25.338760824269507 ], [ -54.248357885999951, -25.338591719269509 ], [ -54.247738574999978, -25.338399058269538 ], [ -54.247231166999939, -25.338136309269544 ], [ -54.246756178999931, -25.337777255269554 ], [ -54.246451915999955, -25.337526846269508 ], [ -54.245926290999932, -25.337256564269534 ], [ -54.245428495999931, -25.337085350269497 ], [ -54.245361883999976, -25.336807179269531 ], [ -54.245384306999938, -25.336619650269565 ], [ -54.245658796999983, -25.336454814269558 ] ] ] } },
{ "type": "Feature", "properties": { "num_setor": "PR_PTB_SR_01_CPRM", "munic": "PATO BRANCO", "grau_risco": "Alto", "distancia_km": 0.29, "chuva_24h": 8.5, "chuva_72h": 20.0, "fonte_estacao": "openmeteo", "codigo_estacao": "openmeteo", "nome_estacao": "Open-Meteo (célula de grade)" }, "geometry": { "type": "Polygon", "coordinates": [ [ [ -52.678926531999942, -26.230867145251281 ], [ -52.678943457999935, -26.23081000625125 ], [ -52.678989839999979, -26.230676368251284 ], [ -52.679031858999956, -26.230587125251233 ], [ -52.679092087999948, -26.230519232251243 ], [ -52.67909506999996, -26.230515165251283 ], [ -52.67918343499997, -26.230466123251283 ], [ -52.67924775399996, -26.230487208251251 ], [ -52.679322971999966, -26.230524506251236 ], [ -52.679493353999931, -26.23058574425124 ], [ -52.679599026999945, -26.230629695251249 ], [ -52.679699457999959, -26.230672829251244 ], [ -52.679771086999949, -26.23074122825124 ], [ -52.679811006999962, -26.230825559251269 ], [ -52.679836073999979, -26.230927585251241 ], [ -52.679838955999969, -26.230934464251256 ], [ -52.679860510999951, -26.231015354251248 ], [ -52.679856594999933, -26.231102864251266 ], [ -52.67985645199996, -26.231106039251234 ], [ -52.679829287999951, -26.231180800251231 ], [ -52.679773191999971, -26.231273600251235 ], [ -52.678926531999942, -26.230867145251281 ] ] ] } },
{ "type": "Feature", "properties": { "num_setor": "PR_PTB_SR_02_CPRM", "munic": "PATO BRANCO", "grau_risco": "Alto", "distancia_km": 1.2, "chuva_24h": 8.5, "chuva_72h": 20.0, "fonte_estacao": "openmeteo", "codigo_estacao": "openmeteo", "nome_estacao": "Open-Meteo (célula de grade)" }, "geometry": { "type": "Polygon", "coordinates": [ [ [ -52.684841286999983, -26.220070263251468 ], [ -52.68462490099995, -26.219965456251465 ], [ -52.684330571999972, -26.219787040251486 ], [ -52.68395570499996, -26.219575029251459 ], [ -52.68398948399993, -26.219511632251493 ], [ -52.684057649999936, -26.219425748251521 ], [ -52.684205665999968, -26.219156380251484 ], [ -52.684328460999957, -26.218901743251486 ], [ -52.684418071999971, -26.21874264225147 ], [ -52.684512395999946, -26.218459274251472 ], [ -52.684602009999935, -26.21833763725153 ], [ -52.684690223999951, -26.218255236251487 ], [ -52.684747300999959, -26.218197577251505 ], [ -52.685164287999953, -26.218534757251529 ], [ -52.685315340999985, -26.218658380251505 ], [ -52.685634522999983, -26.21893659125152 ], [ -52.685739172999945, -26.219027494251524 ], [ -52.685784880999968, -26.219071823251507 ], [ -52.685034808999944, -26.220177247251492 ], [ -52.684841286999983, -26.220070263251468 ] ] ] } },
{ "type": "Feature", "properties": { "num_setor": "PR_LOANDA_SR_1_CPRM", "munic": "LOANDA", "grau_risco": "Muito alto", "distancia_km": 1.27, "chuva_24h": 1.1, "chuva_72h": 4.7, "fonte_estacao": "openmeteo", "codigo_estacao": "openmeteo", "nome_estacao": "Open-Meteo (célula de grade)" }, "geometry": { "type": "Polygon", "coordinates": [ [ [ -53.148411704999937, -22.929555674322284 ], [ -53.14863818799995, -22.929378672322297 ], [ -53.149001389999967, -22.929166363322281 ], [ -53.149109959999976, -22.929089209322292 ], [ -53.149623266999981, -22.929687017322284 ], [ -53.150036689999986, -22.929493537322291 ], [ -53.150193424999941, -22.92980579232227 ], [ -53.149558689999935, -22.930160173322278 ], [ -53.149380637999968, -22.930265346322237 ], [ -53.149222387999941, -22.930347254322264 ], [ -53.149101191999932, -22.930417996322252 ], [ -53.148838253999948, -22.930096406322257 ], [ -53.148411704999937, -22.929555674322284 ] ] ] } },
{ "type": "Feature", "properties": { "num_setor": "PR_REALEZA_SR_2_CPRM", "munic": "REALEZA", "grau_risco": "Alto", "distancia_km": 1.5, "chuva_24h": 6.2, "chuva_72h": 14.1, "fonte_estacao": "openmeteo", "codigo_estacao": "openmeteo", "nome_estacao": "Open-Meteo (célula de grade)" }, "geometry": { "type": "Polygon", "coordinates": [ [ [ -53.530301290999944, -25.780092862260368 ], [ -53.530292667999959, -25.780091834260382 ], [ -53.530284176999942, -25.78009012926039 ], [ -53.530275882999945, -25.780087761260368 ], [ -53.530267846999955, -25.780084748260407 ], [ -53.530260131999967, -25.780081112260362 ], [ -53.530252796999946, -25.780076881260374 ], [ -53.530245896999986, -25.780072087260372 ], [ -53.530239816999938, -25.780067066260383 ], [ -53.53017138599995, -25.780005689260374 ], [ -53.530165176999958, -25.779999584260366 ], [ -53.530161186999969, -25.779994983260359 ], [ -53.530157533999954, -25.77999015926039 ], [ -53.530088644999985, -25.779892527260383 ], [ -53.530086318999963, -25.779889064260395 ], [ -53.530082303999961, -25.779882079260371 ], [ -53.530078974999981, -25.779874804260405 ], [ -53.530078147999966, -25.77987266326042 ], [ -53.530009073999956, -25.77968640726041 ], [ -53.529950026999977, -25.779544850260411 ], [ -53.529949608999971, -25.779543830260394 ], [ -53.529947076999974, -25.779536600260414 ], [ -53.52994522399996, -25.779529202260427 ], [ -53.529906946999972, -25.77933976526041 ], [ -53.529800447999946, -25.779288411260417 ], [ -53.529797464999945, -25.779286913260393 ], [ -53.529788816999933, -25.779281835260377 ], [ -53.52967960299997, -25.779210188260421 ], [ -53.529674015999944, -25.779206241260372 ], [ -53.529667603999933, -25.779200921260429 ], [ -53.529661727999951, -25.779195115260432 ], [ -53.529659871999968, -25.779193052260418 ], [ -53.529564974999971, -25.779084300260415 ], [ -53.529316520999934, -25.778975048260403 ], [ -53.529310226999947, -25.77897202426043 ], [ -53.529302891999976, -25.778967794260428 ], [ -53.529295990999969, -25.778963000260418 ], [ -53.529289578999958, -25.778957679260401 ], [ -53.529283702999983, -25.778951874260418 ], [ -53.529281473999966, -25.778949380260421 ], [ -53.529072580999987, -25.778706985260435 ], [ -53.529068511999981, -25.778701909260402 ], [ -53.529064840999979, -25.778696590260434 ], [ -53.529060825999977, -25.778689606260397 ], [ -53.52905749699994, -25.778682330260434 ], [ -53.529054880999979, -25.778674820260431 ], [ -53.529052998999987, -25.778667132260402 ], [ -53.529051863999939, -25.778659325260417 ], [ -53.529051484999975, -25.778651265260393 ], [ -53.529052944999933, -25.778341298260436 ], [ -53.52905347899997, -25.778127922260413 ], [ -53.52905369299998, -25.77812220926041 ], [ -53.529074349999973, -25.77783757326041 ], [ -53.529075648999935, -25.777827817260416 ], [ -53.529077274999963, -25.777821012260414 ], [ -53.529079475999936, -25.777814341260417 ], [ -53.52915287899998, -25.777619572260459 ], [ -53.529116206999959, -25.777273577260441 ], [ -53.529115750999949, -25.777264803260461 ], [ -53.529117385999939, -25.776823423260431 ], [ -53.529088929999944, -25.776544495260428 ], [ -53.529040769999945, -25.776255881260443 ], [ -53.528982680999952, -25.776037871260474 ], [ -53.528897454999942, -25.775772090260489 ], [ -53.528783778999973, -25.775583917260462 ], [ -53.528780409999968, -25.775577801260457 ], [ -53.528777560999977, -25.775571474260456 ], [ -53.528774945999942, -25.775563964260471 ], [ -53.528773062999953, -25.77555627426046 ], [ -53.528772636999975, -25.775553904260502 ], [ -53.528743179999935, -25.775374890260487 ], [ -53.528742363999982, -25.775368257260485 ], [ -53.528742091999959, -25.775361588260473 ], [ -53.52874260699997, -25.775352414260464 ], [ -53.528761240999984, -25.775187262260491 ], [ -53.528725046999966, -25.775030811260493 ], [ -53.52872444299993, -25.775027978260493 ], [ -53.52872330699995, -25.775020172260501 ], [ -53.528722928999962, -25.775012305260489 ], [ -53.528723051999975, -25.775007817260484 ], [ -53.528733007999953, -25.774826717260467 ], [ -53.528694435999967, -25.774502040260483 ], [ -53.528693958999952, -25.774496330260508 ], [ -53.528684175999963, -25.774293778260486 ], [ -53.528675953999937, -25.774234632260494 ], [ -53.528619273999944, -25.774081808260494 ], [ -53.528616050999972, -25.774070897260493 ], [ -53.528577709999979, -25.773898558260523 ], [ -53.528510414999971, -25.773734390260508 ], [ -53.528507799999943, -25.773726880260515 ], [ -53.528505754999969, -25.773718329260515 ], [ -53.528476083999976, -25.773556833260535 ], [ -53.528475070999953, -25.773549452260504 ], [ -53.528474732999939, -25.773542020260532 ], [ -53.528474808999931, -25.773538502260507 ], [ -53.528484565999975, -25.773312018260519 ], [ -53.528410171999951, -25.773103215260551 ], [ -53.528408292999984, -25.77309724626053 ], [ -53.528406870999959, -25.773091176260539 ], [ -53.528405735999968, -25.773083369260522 ], [ -53.52840535699994, -25.773075497260546 ], [ -53.52840535699994, -25.773067711260516 ], [ -53.528390695999974, -25.772560254260565 ], [ -53.528323711999967, -25.772345329260538 ], [ -53.528159263999953, -25.772009445260572 ], [ -53.52798247099998, -25.771670872260547 ], [ -53.527978917999974, -25.771663162260573 ], [ -53.527976301999949, -25.771655652260588 ], [ -53.527974418999975, -25.771647965260531 ], [ -53.527973365999976, -25.771640951260533 ], [ -53.527972920999957, -25.771633883260584 ], [ -53.52796372499995, -25.771162348260564 ], [ -53.527963708999948, -25.771160754260599 ], [ -53.527964087999976, -25.77115288726057 ], [ -53.527965223999956, -25.77114507926056 ], [ -53.527967105999942, -25.77113739226057 ], [ -53.52796972099997, -25.771129881260592 ], [ -53.527972020999982, -25.771124669260562 ], [ -53.528006476999963, -25.771053133260551 ], [ -53.527973433999939, -25.771017693260582 ], [ -53.52796804299993, -25.771011342260554 ], [ -53.527963369999952, -25.771004700260605 ], [ -53.527959973999941, -25.770998895260597 ], [ -53.527957052999973, -25.770992880260607 ], [ -53.527879491999954, -25.770816025260601 ], [ -53.527878466999944, -25.770813584260548 ], [ -53.527876272999947, -25.770807452260602 ], [ -53.527789490999965, -25.770531736260576 ], [ -53.527787187999934, -25.770522670260601 ], [ -53.527786352999954, -25.770517518260583 ], [ -53.527755184999933, -25.7702770582606 ], [ -53.527683901999971, -25.77003221226062 ], [ -53.527682123999966, -25.770024877260592 ], [ -53.527681150999967, -25.77001860326061 ], [ -53.527614486999937, -25.769442175260579 ], [ -53.527427364999937, -25.769093858260607 ], [ -53.527258580999955, -25.768798631260623 ], [ -53.527255818999947, -25.768793394260594 ], [ -53.527253221999963, -25.76878747226063 ], [ -53.527234740999965, -25.768740581260634 ], [ -53.526906029999964, -25.768301315260633 ], [ -53.526902224999958, -25.7682958142606 ], [ -53.526898209999963, -25.768288829260626 ], [ -53.526894880999976, -25.768281553260614 ], [ -53.526892024999938, -25.768273215260617 ], [ -53.526742636999984, -25.76774849726063 ], [ -53.526740995999944, -25.767741638260631 ], [ -53.526740609999933, -25.76773950926064 ], [ -53.526547091999987, -25.76658507826069 ], [ -53.526504591999981, -25.766427954260692 ], [ -53.526380218999975, -25.766183759260645 ], [ -53.526377067999924, -25.766176829260669 ], [ -53.526374452999967, -25.766169319260683 ], [ -53.526372570999968, -25.766161632260687 ], [ -53.52637143499993, -25.766153824260655 ], [ -53.526371055999959, -25.766145956260658 ], [ -53.526371434999923, -25.766138089260686 ], [ -53.526372569999978, -25.766130282260669 ], [ -53.52637445299996, -25.766122594260665 ], [ -53.526377067999924, -25.766115084260694 ], [ -53.526380394999933, -25.76610780926066 ], [ -53.52638441199997, -25.766100824260686 ], [ -53.526389083999959, -25.766094182260662 ], [ -53.526394377999964, -25.766087936260671 ], [ -53.526400252999963, -25.766082130260678 ], [ -53.526406665999957, -25.766076809260682 ], [ -53.526413563999938, -25.766072016260658 ], [ -53.526420898999959, -25.76606778526067 ], [ -53.52642861299995, -25.7660641492607 ], [ -53.526436647999958, -25.766061135260678 ], [ -53.526444941999948, -25.76605876726066 ], [ -53.526453431999983, -25.766057063260661 ], [ -53.526462053999978, -25.766056035260661 ], [ -53.526470741999958, -25.766055691260672 ], [ -53.526479430999984, -25.766056035260672 ], [ -53.526488051999934, -25.766057062260668 ], [ -53.526496542999951, -25.766058767260656 ], [ -53.526504835999958, -25.766061135260678 ], [ -53.526512871999948, -25.7660641492607 ], [ -53.526520583999968, -25.76606778526067 ], [ -53.526527918999932, -25.766072016260658 ], [ -53.526534818999956, -25.766076809260674 ], [ -53.526541229999971, -25.766082130260678 ], [ -53.52654710599996, -25.766087935260682 ], [ -53.526552399999957, -25.766094182260662 ], [ -53.526557072999935, -25.766100825260676 ], [ -53.526561264999941, -25.766108154260706 ], [ -53.526689655999974, -25.766360238260653 ], [ -53.526692806999961, -25.766367168260693 ], [ -53.526695956999959, -25.76637656726065 ], [ -53.526741802999936, -25.766546059260651 ], [ -53.526743149999959, -25.766551859260648 ], [ -53.526743535999969, -25.766553988260643 ], [ -53.526936964999955, -25.767707877260637 ], [ -53.527080774999945, -25.768212999260619 ], [ -53.52740689999996, -25.768648808260618 ], [ -53.527410704999973, -25.76865430926059 ], [ -53.527414720999957, -25.768661294260617 ], [ -53.527418262999959, -25.768669104260635 ], [ -53.527438735999958, -25.768721053260627 ], [ -53.527604996999969, -25.769011864260637 ], [ -53.527606111999951, -25.769013877260608 ], [ -53.527801451999949, -25.769377489260599 ], [ -53.527805483999941, -25.769386102260587 ], [ -53.527808098999962, -25.769393612260629 ], [ -53.527809980999962, -25.769401300260611 ], [ -53.52781095399996, -25.769407574260597 ], [ -53.527878646999966, -25.769992902260594 ], [ -53.527949771999943, -25.770237200260567 ], [ -53.527951549999955, -25.770244535260588 ], [ -53.527952383999946, -25.770249687260613 ], [ -53.527983436999932, -25.770489250260582 ], [ -53.528066644999967, -25.770753612260574 ], [ -53.528136360999952, -25.770912582260607 ], [ -53.52819889999995, -25.770979659260586 ], [ -53.528204290999945, -25.770986010260568 ], [ -53.52820896299994, -25.770992651260578 ], [ -53.528212977999942, -25.770999636260555 ], [ -53.52821630699998, -25.771006911260585 ], [ -53.528218921999951, -25.77101442226056 ], [ -53.528220803999943, -25.771022109260553 ], [ -53.52822193999998, -25.771029917260567 ], [ -53.528222318999958, -25.771037784260585 ], [ -53.528221938999934, -25.771045651260557 ], [ -53.528220803999943, -25.771053459260585 ], [ -53.528218921999951, -25.771061146260571 ], [ -53.52821630699998, -25.771068656260571 ], [ -53.528214006999974, -25.771073869260576 ], [ -53.528163456999941, -25.771178818260562 ], [ -53.528171892999978, -25.771611270260593 ], [ -53.528340033999939, -25.771933275260569 ], [ -53.52834104599998, -25.771935276260553 ], [ -53.528508863999953, -25.772278043260549 ], [ -53.52851140599995, -25.772283752260538 ], [ -53.528513671, -25.77229011026056 ], [ -53.528585970999977, -25.772522090260523 ], [ -53.528588203999959, -25.77253093126053 ], [ -53.528589216999933, -25.772537563260535 ], [ -53.52858968399994, -25.77254424526053 ], [ -53.52860461399996, -25.773060948260536 ], [ -53.528679747999945, -25.773271827260533 ], [ -53.528681626999969, -25.773277796260501 ], [ -53.528683046999959, -25.773283866260552 ], [ -53.528684182999939, -25.773291673260513 ], [ -53.528684562999956, -25.773299541260538 ], [ -53.528684486999971, -25.773303059260506 ], [ -53.528674438999978, -25.773536315260497 ], [ -53.528700872999934, -25.773680195260493 ], [ -53.528767573999964, -25.773842917260524 ], [ -53.528769869999962, -25.773849372260521 ], [ -53.528771623999944, -25.773855965260481 ], [ -53.528810274999955, -25.774029701260506 ], [ -53.528868131999964, -25.774185695260517 ], [ -53.528870235999932, -25.774192163260494 ], [ -53.528871802999966, -25.774198755260528 ], [ -53.528872536999984, -25.774203157260533 ], [ -53.528882507999981, -25.774274885260496 ], [ -53.528883193999945, -25.774282214260516 ], [ -53.52889301699998, -25.774485580260514 ], [ -53.528932088999966, -25.774814465260487 ], [ -53.528932660999935, -25.774824118260497 ], [ -53.528932536999946, -25.774828606260499 ], [ -53.528922830999932, -25.775005180260514 ], [ -53.528959566999958, -25.775163977260497 ], [ -53.528960170999937, -25.775166809260504 ], [ -53.528961305999985, -25.775174616260475 ], [ -53.528961684999963, -25.775182483260497 ], [ -53.528961168999949, -25.775191656260471 ], [ -53.528942233999942, -25.775359490260495 ], [ -53.528967230999967, -25.775511393260505 ], [ -53.52907761899997, -25.775694121260468 ], [ -53.529080987999968, -25.775700236260487 ], [ -53.529083835999984, -25.77570656526046 ], [ -53.529085893999934, -25.775712270260492 ], [ -53.529174798999975, -25.775989523260467 ], [ -53.529175971999962, -25.775993522260478 ], [ -53.529235611999979, -25.776217352260449 ], [ -53.529236877999949, -25.776222847260481 ], [ -53.529237272999978, -25.77622503726046 ], [ -53.529286510999952, -25.776520108260438 ], [ -53.529287207999964, -25.776525289260444 ], [ -53.529316367999968, -25.776811111260461 ], [ -53.529316790999985, -25.776819565260475 ], [ -53.529315157999974, -25.777260783260459 ], [ -53.529353409999942, -25.777621690260457 ], [ -53.529353865999958, -25.777630312260452 ], [ -53.52935348699998, -25.777638180260414 ], [ -53.529352351999933, -25.777645987260449 ], [ -53.529350725999961, -25.777652792260437 ], [ -53.529348524999939, -25.777659463260438 ], [ -53.529272444999947, -25.777861332260454 ], [ -53.529252863999936, -25.7781311912604 ], [ -53.529252334999967, -25.7783418872604 ], [ -53.529251022999972, -25.778620578260401 ], [ -53.529424441999936, -25.778821809260418 ], [ -53.529672611999949, -25.778930935260394 ], [ -53.529678904999969, -25.778933959260417 ], [ -53.529686240999979, -25.778938189260419 ], [ -53.529693140999939, -25.778942984260411 ], [ -53.529699552999944, -25.778948304260425 ], [ -53.529705428999925, -25.778954109260443 ], [ -53.529707284999972, -25.778956173260433 ], [ -53.529807771999977, -25.779071331260404 ], [ -53.529900243999975, -25.779131996260428 ], [ -53.530043208999984, -25.779200932260412 ], [ -53.530046191999986, -25.779202433260402 ], [ -53.530053526999943, -25.779206663260407 ], [ -53.530060427999956, -25.779211456260423 ], [ -53.53006684099995, -25.779216777260419 ], [ -53.53007271599995, -25.779222582260427 ], [ -53.530078010999944, -25.779228829260411 ], [ -53.530082683999986, -25.779235471260424 ], [ -53.53008669899998, -25.779242456260395 ], [ -53.530090028999957, -25.779249731260432 ], [ -53.530092559999957, -25.779256962260412 ], [ -53.530094412999965, -25.779264360260395 ], [ -53.53013974299995, -25.779488694260387 ], [ -53.530196263999983, -25.779624193260396 ], [ -53.530196681999939, -25.77962521226042 ], [ -53.530197508999947, -25.779627353260405 ], [ -53.530263270999974, -25.77980468426037 ], [ -53.530319593999934, -25.779884504260369 ], [ -53.530380145999978, -25.779938813260365 ], [ -53.530386353999972, -25.77994491826038 ], [ -53.530391648999966, -25.779951166260403 ], [ -53.530396321999945, -25.779957807260384 ], [ -53.530400337999943, -25.779964791260372 ], [ -53.530403664999938, -25.779972067260388 ], [ -53.530406281999944, -25.77997957726037 ], [ -53.530408163999937, -25.779987265260417 ], [ -53.530409299999974, -25.77999507326037 ], [ -53.530409677999955, -25.780002940260399 ], [ -53.530409299999974, -25.780010806260364 ], [ -53.530408163999937, -25.780018615260389 ], [ -53.530406281999944, -25.780026302260371 ], [ -53.530403664999938, -25.780033813260417 ], [ -53.530400336999953, -25.780041087260393 ], [ -53.530396321999945, -25.780048072260364 ], [ -53.530391647999977, -25.780054714260373 ], [ -53.530386353999972, -25.780060961260368 ], [ -53.530380477999984, -25.780066767260415 ], [ -53.530374064999933, -25.780072087260365 ], [ -53.530367165999962, -25.780076881260374 ], [ -53.530359828999963, -25.780081112260362 ], [ -53.530352114999971, -25.780084748260407 ], [ -53.530344078999974, -25.780087761260368 ], [ -53.530335784999977, -25.78009012926039 ], [ -53.530327292999971, -25.780091833260393 ], [ -53.530318670999982, -25.780092861260375 ], [ -53.53030997999997, -25.780093205260378 ], [ -53.530301290999944, -25.780092862260368 ] ] ] } },
{ "type": "Feature", "properties": { "num_setor": "PR_REALEZA_SR_1_CPRM", "munic": "REALEZA", "grau_risco": "Muito alto", "distancia_km": 1.66, "chuva_24h": 6.2, "chuva_72h": 14.1, "fonte_estacao": "openmeteo", "codigo_estacao": "openmeteo", "nome_estacao": "Open-Meteo (célula de grade)" }, "geometry": { "type": "Polygon", "coordinates": [ [ [ -53.538883668999972, -25.770036165260588 ], [ -53.538883225999939, -25.770029886260598 ], [ -53.538878886999953, -25.769893891260608 ], [ -53.538878845999939, -25.769891283260616 ], [ -53.538879223999977, -25.769883416260594 ], [ -53.538880359999951, -25.769875609260573 ], [ -53.538882242999932, -25.769867920260598 ], [ -53.538884856999971, -25.769860411260595 ], [ -53.538888185999951, -25.769853135260572 ], [ -53.538892200999953, -25.769846151260602 ], [ -53.538896873999931, -25.769839510260571 ], [ -53.538902168999982, -25.769833262260597 ], [ -53.538908043999982, -25.769827456260607 ], [ -53.538914455999986, -25.769822136260593 ], [ -53.538921355999946, -25.769817341260591 ], [ -53.538928689999985, -25.769813111260607 ], [ -53.538936403999969, -25.769809475260615 ], [ -53.538944438999977, -25.769806461260615 ], [ -53.538951536999946, -25.769804390260621 ], [ -53.539266729999952, -25.769724100260593 ], [ -53.539279424999961, -25.769614079260592 ], [ -53.539214938, -25.769577172260608 ], [ -53.539096413999971, -25.769527916260596 ], [ -53.539088152999959, -25.7695240512606 ], [ -53.539080817999945, -25.769519821260602 ], [ -53.539073919999971, -25.76951502626061 ], [ -53.53906750699997, -25.769509706260585 ], [ -53.539061492999963, -25.769503750260593 ], [ -53.538892935999968, -25.769320247260595 ], [ -53.538887793999947, -25.769314140260601 ], [ -53.538883245999955, -25.769307660260619 ], [ -53.538879230999953, -25.769300675260602 ], [ -53.538875901999972, -25.769293399260633 ], [ -53.538873286999944, -25.76928588926059 ], [ -53.538871404999952, -25.769278201260601 ], [ -53.538870318999955, -25.769270884260621 ], [ -53.538869896999977, -25.769263510260618 ], [ -53.538867052999933, -25.769027178260632 ], [ -53.538704924999941, -25.768805727260624 ], [ -53.538701682999942, -25.768800986260612 ], [ -53.538697666999951, -25.768794001260588 ], [ -53.538694337999971, -25.768786727260608 ], [ -53.538692502999936, -25.768781706260626 ], [ -53.538644077999948, -25.768635021260618 ], [ -53.538442482999983, -25.768482683260601 ], [ -53.538133144999961, -25.76830205826062 ], [ -53.537721970999939, -25.768066713260605 ], [ -53.537092522999956, -25.767705362260642 ], [ -53.537088610999938, -25.767702998260621 ], [ -53.536464314999925, -25.767306032260649 ], [ -53.536457525999928, -25.767301309260649 ], [ -53.536451113999924, -25.767295989260681 ], [ -53.536445238999924, -25.767290183260631 ], [ -53.536439945999973, -25.76728393626064 ], [ -53.536435271999942, -25.767277295260666 ], [ -53.536431255999958, -25.76727030926066 ], [ -53.536427928999956, -25.76726303526068 ], [ -53.536425312999938, -25.76725552426063 ], [ -53.536423430999946, -25.767247836260658 ], [ -53.536422295999962, -25.76724002826063 ], [ -53.536421916999984, -25.767232161260669 ], [ -53.536422295999962, -25.767224295260629 ], [ -53.536423430999946, -25.767216487260665 ], [ -53.536425312999938, -25.767208799260626 ], [ -53.536427928999956, -25.76720128926064 ], [ -53.536431255999958, -25.767194014260667 ], [ -53.536435271999942, -25.767187030260626 ], [ -53.536439944999984, -25.767180388260677 ], [ -53.536445238999931, -25.767174140260632 ], [ -53.536451113999931, -25.767168334260646 ], [ -53.536457525999936, -25.767163015260682 ], [ -53.536464424999963, -25.767158221260672 ], [ -53.536471760999973, -25.767153989260638 ], [ -53.536479473999975, -25.767150353260661 ], [ -53.536487508999983, -25.767147340260639 ], [ -53.536495802999973, -25.767144972260674 ], [ -53.53650429399994, -25.767143268260661 ], [ -53.536512915999936, -25.767142240260625 ], [ -53.536521602999983, -25.767141896260636 ], [ -53.536530291999952, -25.767142240260625 ], [ -53.536538913999948, -25.767143268260661 ], [ -53.536547403999975, -25.767144972260674 ], [ -53.536555697999972, -25.767147340260646 ], [ -53.53656373299998, -25.767150353260661 ], [ -53.536571446999972, -25.767153990260631 ], [ -53.536578892999962, -25.767158291260664 ], [ -53.537201264999965, -25.767554032260641 ], [ -53.537828613999977, -25.767914178260622 ], [ -53.538240816, -25.768150117260618 ], [ -53.538555680999934, -25.768333967260652 ], [ -53.538565527999936, -25.768340526260637 ], [ -53.538794969999969, -25.768513907260598 ], [ -53.538801483999976, -25.76851930426059 ], [ -53.538807358999975, -25.768525109260601 ], [ -53.538812652999972, -25.768531357260628 ], [ -53.538817325999958, -25.768537998260602 ], [ -53.538821340999959, -25.768544983260625 ], [ -53.538824669999947, -25.768552259260645 ], [ -53.538826504999975, -25.768557279260648 ], [ -53.53887928499995, -25.768717155260646 ], [ -53.539049502999944, -25.768949656260606 ], [ -53.539052746999971, -25.768954398260597 ], [ -53.53905676199998, -25.768961382260631 ], [ -53.539060090999953, -25.768968658260597 ], [ -53.539062704999935, -25.76897616826059 ], [ -53.539064587999974, -25.768983856260633 ], [ -53.539065673999971, -25.768991174260602 ], [ -53.539066096999925, -25.768998547260619 ], [ -53.539068875999931, -25.769229468260637 ], [ -53.53920016099994, -25.769372394260603 ], [ -53.539304154999968, -25.769415613260616 ], [ -53.539312416999962, -25.76941947826062 ], [ -53.539315834999968, -25.769421348260625 ], [ -53.539438266999987, -25.769491419260596 ], [ -53.539443807999938, -25.769494831260616 ], [ -53.539449083999955, -25.769498573260606 ], [ -53.539455495999967, -25.769503893260616 ], [ -53.539461370999959, -25.769509699260613 ], [ -53.539466664999956, -25.769515946260597 ], [ -53.539471337999942, -25.769522588260607 ], [ -53.539475352999943, -25.769529573260584 ], [ -53.539478680999935, -25.769536847260625 ], [ -53.539481296999952, -25.769544358260603 ], [ -53.539483178999944, -25.769552046260582 ], [ -53.539484313999935, -25.76955985326061 ], [ -53.539484693999952, -25.769567720260572 ], [ -53.539484153999979, -25.769577100260619 ], [ -53.539457997999932, -25.76980378326062 ], [ -53.539457023999944, -25.769810078260612 ], [ -53.539455140999962, -25.769817765260598 ], [ -53.539452525999934, -25.76982527626059 ], [ -53.539449197999943, -25.769832551260617 ], [ -53.539445181999952, -25.76983953626058 ], [ -53.539440509999963, -25.769846177260614 ], [ -53.539435214999969, -25.769852425260588 ], [ -53.539429339999963, -25.769858231260578 ], [ -53.539422927999965, -25.769863550260602 ], [ -53.539416027999948, -25.769868344260605 ], [ -53.539408693999974, -25.769872576260585 ], [ -53.539400979999982, -25.76987621126057 ], [ -53.539392943999985, -25.769879225260588 ], [ -53.539385846999949, -25.769881295260578 ], [ -53.539080428999966, -25.76995909626061 ], [ -53.539082420999932, -25.770021527260614 ], [ -53.539093268999977, -25.770120838260599 ], [ -53.539128938999959, -25.770118834260582 ], [ -53.539135112999979, -25.770118659260614 ], [ -53.539143800999966, -25.7701190042606 ], [ -53.539152422999962, -25.770120032260603 ], [ -53.539160914999975, -25.770121735260606 ], [ -53.539169207999969, -25.770124104260606 ], [ -53.539177242999983, -25.770127117260589 ], [ -53.539184957999964, -25.770130753260609 ], [ -53.539192291999939, -25.770134984260615 ], [ -53.539199191999948, -25.770139777260567 ], [ -53.53920560399996, -25.770145098260567 ], [ -53.53921147899996, -25.770150904260621 ], [ -53.539216773999954, -25.770157151260602 ], [ -53.539221445999942, -25.770163793260568 ], [ -53.539225461999926, -25.770170778260596 ], [ -53.539228789999981, -25.770178052260569 ], [ -53.53922995299996, -25.770181115260584 ], [ -53.539259786999935, -25.770264532260562 ], [ -53.539261684999985, -25.770270547260562 ], [ -53.539263120999976, -25.770276667260578 ], [ -53.539264255999967, -25.77028447426061 ], [ -53.539264634999945, -25.770292341260578 ], [ -53.539264255999967, -25.770300208260604 ], [ -53.539263121999966, -25.770308015260579 ], [ -53.539261238999984, -25.770315703260611 ], [ -53.539258622999959, -25.770323214260589 ], [ -53.539255295999965, -25.77033048826058 ], [ -53.539251278999984, -25.770337473260607 ], [ -53.539246606999939, -25.770344115260563 ], [ -53.539241312999934, -25.770350362260611 ], [ -53.539234871999945, -25.770356637260587 ], [ -53.539235429999962, -25.770357946260606 ], [ -53.539238043999944, -25.770365456260592 ], [ -53.539239926999983, -25.770373144260578 ], [ -53.539241061999974, -25.770380951260623 ], [ -53.539241441999934, -25.770388818260571 ], [ -53.539241061999974, -25.770396686260597 ], [ -53.539239927, -25.770404493260568 ], [ -53.539238044999941, -25.770412181260603 ], [ -53.539235429999962, -25.770419691260585 ], [ -53.539233686999985, -25.770423724260574 ], [ -53.539198023999973, -25.770500729260611 ], [ -53.539155888999971, -25.770867622260575 ], [ -53.53916394099997, -25.7711810342606 ], [ -53.539236023999933, -25.771458246260561 ], [ -53.539237164, -25.771463259260575 ], [ -53.539238298999983, -25.771471066260531 ], [ -53.539238678999936, -25.771478933260571 ], [ -53.539238299999965, -25.771486801260579 ], [ -53.539237163999985, -25.771494608260554 ], [ -53.539236541999962, -25.771497519260585 ], [ -53.53922377899994, -25.771552446260589 ], [ -53.539247886999938, -25.771681744260565 ], [ -53.53924895199998, -25.771689471260533 ], [ -53.53926638799993, -25.771884064260536 ], [ -53.539357744999961, -25.77196798126058 ], [ -53.539363114999958, -25.77197332726054 ], [ -53.539368408999962, -25.771979574260534 ], [ -53.539373082999987, -25.771986216260547 ], [ -53.539377097999932, -25.771993200260528 ], [ -53.539380426999969, -25.772000475260548 ], [ -53.53938304199994, -25.77200798626053 ], [ -53.539384922999943, -25.772015674260569 ], [ -53.539386057999941, -25.772023481260554 ], [ -53.539386438999941, -25.772031348260565 ], [ -53.53938605899998, -25.772039216260524 ], [ -53.539384922999943, -25.772047023260551 ], [ -53.53938304199994, -25.772054710260552 ], [ -53.53938042599998, -25.772062221260519 ], [ -53.539377097999932, -25.772069496260553 ], [ -53.53937308199994, -25.772076481260527 ], [ -53.539368409999952, -25.772083122260561 ], [ -53.539363115999947, -25.772089370260534 ], [ -53.539360134999981, -25.772092441260568 ], [ -53.539301373999933, -25.77215031126055 ], [ -53.539343931999952, -25.772170589260561 ], [ -53.539347353999972, -25.772172297260521 ], [ -53.539354688999929, -25.77217652826058 ], [ -53.539361587999963, -25.772181322260529 ], [ -53.539368000999957, -25.77218664126055 ], [ -53.539373875999956, -25.772192447260537 ], [ -53.539379169999961, -25.772198695260577 ], [ -53.539383841999943, -25.77220533726053 ], [ -53.53938785899993, -25.77221232226055 ], [ -53.539391186999978, -25.77221959726052 ], [ -53.539393802999939, -25.772227106260537 ], [ -53.539395683999942, -25.772234795260569 ], [ -53.539396819999979, -25.772242602260537 ], [ -53.539397199999939, -25.772250469260559 ], [ -53.539396819999979, -25.772258336260574 ], [ -53.539395683999942, -25.772266143260556 ], [ -53.53939380199995, -25.772273832260527 ], [ -53.539391186999985, -25.772281342260563 ], [ -53.539390615999935, -25.772282727260535 ], [ -53.539300177999962, -25.772496736260575 ], [ -53.539381427999956, -25.77262192526052 ], [ -53.539385442999951, -25.772628909260565 ], [ -53.539388770999956, -25.772636185260531 ], [ -53.539391386999966, -25.772643695260509 ], [ -53.539393267999962, -25.772651383260552 ], [ -53.539394402999967, -25.77265919026053 ], [ -53.539394782999977, -25.772667057260545 ], [ -53.53939440399995, -25.772674925260567 ], [ -53.539393267999969, -25.772682732260535 ], [ -53.539391386999966, -25.772690420260517 ], [ -53.539388769999967, -25.772697930260559 ], [ -53.539386238999953, -25.772703619260547 ], [ -53.539383285999975, -25.772709142260506 ], [ -53.539273762999983, -25.772897306260521 ], [ -53.539271905999946, -25.772900355260557 ], [ -53.53926901799997, -25.772904609260536 ], [ -53.539236378999931, -25.772949820260525 ], [ -53.539229615999943, -25.77295811226054 ], [ -53.539088912999944, -25.773111471260567 ], [ -53.539084496999969, -25.773121435260524 ], [ -53.539081630999924, -25.773127290260554 ], [ -53.539078314999983, -25.773132947260528 ], [ -53.53907750999997, -25.773134187260549 ], [ -53.538930707999953, -25.773356167260541 ], [ -53.538868434999976, -25.773571481260536 ], [ -53.538865674999954, -25.773579488260495 ], [ -53.53886234699997, -25.773586763260521 ], [ -53.538858330999972, -25.773593748260488 ], [ -53.538853658999983, -25.773600389260515 ], [ -53.538848362999943, -25.773606637260496 ], [ -53.538845182999978, -25.773609906260535 ], [ -53.538824415999962, -25.77363023626053 ], [ -53.538799301999973, -25.773728874260527 ], [ -53.538915905999943, -25.773859197260531 ], [ -53.539113672, -25.773821887260489 ], [ -53.539116695999951, -25.773821361260534 ], [ -53.539125318999943, -25.773820333260495 ], [ -53.539134007999962, -25.773819989260499 ], [ -53.539142695999942, -25.773820333260495 ], [ -53.539151318999984, -25.773821361260534 ], [ -53.539159809999944, -25.773823065260533 ], [ -53.539168103999941, -25.773825433260502 ], [ -53.539176138999949, -25.773828446260527 ], [ -53.539183853999987, -25.773832082260501 ], [ -53.539191188999943, -25.773836314260539 ], [ -53.539198087999978, -25.773841107260505 ], [ -53.539204499999975, -25.773846427260512 ], [ -53.539210375999971, -25.773852233260506 ], [ -53.539215669999976, -25.77385848026049 ], [ -53.539220343999943, -25.773865123260496 ], [ -53.539224359999935, -25.77387210726053 ], [ -53.539227687999983, -25.77387938226051 ], [ -53.539230302999954, -25.773886892260496 ], [ -53.539232184999946, -25.773894580260535 ], [ -53.539233319999937, -25.773902388260495 ], [ -53.539233699999954, -25.773910255260532 ], [ -53.539233319999937, -25.773918121260504 ], [ -53.539232184999946, -25.773925929260525 ], [ -53.539230302999954, -25.773933618260497 ], [ -53.539227687999983, -25.773941127260485 ], [ -53.539224359999935, -25.773948402260512 ], [ -53.539220343999943, -25.773955388260536 ], [ -53.539215670999965, -25.773962029260506 ], [ -53.539210375999978, -25.773968276260494 ], [ -53.539204499999975, -25.773974082260491 ], [ -53.539198087999978, -25.773979402260494 ], [ -53.539191188999951, -25.773984196260496 ], [ -53.539183854, -25.773988427260495 ], [ -53.539176138999949, -25.773992063260525 ], [ -53.539168103999941, -25.773995076260491 ], [ -53.539161293999939, -25.77399707326051 ], [ -53.53915434299995, -25.773998622260521 ], [ -53.538897052999971, -25.774047162260533 ], [ -53.538894027999959, -25.774047689260531 ], [ -53.538885405999963, -25.774048716260531 ], [ -53.538876716999937, -25.774049059260534 ], [ -53.53886802799996, -25.774048716260531 ], [ -53.538859405999972, -25.774047689260531 ], [ -53.538850915999951, -25.774045983260493 ], [ -53.538842619999961, -25.774043616260517 ], [ -53.53883458599995, -25.774040603260485 ], [ -53.538826870999969, -25.774036967260507 ], [ -53.538819535999956, -25.774032735260533 ], [ -53.538812635999932, -25.774027941260538 ], [ -53.538806223999977, -25.774022622260507 ], [ -53.538800348999985, -25.774016816260524 ], [ -53.538799254999958, -25.774015614260499 ], [ -53.538613774999931, -25.77380831226052 ], [ -53.538609082999983, -25.773802626260512 ], [ -53.538604900999985, -25.773796625260541 ], [ -53.538600884999937, -25.773789640260514 ], [ -53.538597556999946, -25.773782364260491 ], [ -53.538594941999975, -25.773774855260491 ], [ -53.538593058999936, -25.773767166260523 ], [ -53.538591923999938, -25.773759359260488 ], [ -53.538591543999985, -25.773751492260523 ], [ -53.538591923999945, -25.773743624260515 ], [ -53.538593058999936, -25.77373581726054 ], [ -53.538594092999972, -25.77373121526049 ], [ -53.538636081999982, -25.773566292260494 ], [ -53.538639545999956, -25.773555696260523 ], [ -53.538642874999937, -25.7735484202605 ], [ -53.538646889999939, -25.773541436260512 ], [ -53.538651563999963, -25.773534794260495 ], [ -53.53865685799996, -25.773528547260511 ], [ -53.538660038999971, -25.773525278260529 ], [ -53.538681872999973, -25.77350390426049 ], [ -53.538741430999949, -25.773297976260533 ], [ -53.538744191999967, -25.773289969260521 ], [ -53.538747519999959, -25.773282695260541 ], [ -53.53875153499996, -25.773275710260506 ], [ -53.538752340999963, -25.773274470260549 ], [ -53.538902396999958, -25.773047568260541 ], [ -53.538909707999949, -25.773031074260519 ], [ -53.538912573999937, -25.773025219260543 ], [ -53.538915890999931, -25.773019562260515 ], [ -53.538920422999979, -25.773013103260556 ], [ -53.538925542999948, -25.773007016260514 ], [ -53.539072605999934, -25.772846725260539 ], [ -53.539099560999944, -25.772809385260526 ], [ -53.539181012999961, -25.772669448260555 ], [ -53.539103596999944, -25.772550164260515 ], [ -53.539099580999959, -25.772543179260545 ], [ -53.539096252999968, -25.772535905260561 ], [ -53.539093637999947, -25.772528395260512 ], [ -53.539091755999948, -25.772520707260533 ], [ -53.539090620999957, -25.772512899260565 ], [ -53.53909024099994, -25.77250503226054 ], [ -53.539090620999957, -25.772497166260575 ], [ -53.539091755999955, -25.77248935826055 ], [ -53.539093638999987, -25.772481669260525 ], [ -53.539096252999968, -25.772474160260519 ], [ -53.539096823999955, -25.772472774260571 ], [ -53.539172778999955, -25.772293039260557 ], [ -53.539159049999967, -25.772286499260545 ], [ -53.539155628999943, -25.772284790260535 ], [ -53.539148293999972, -25.772280559260548 ], [ -53.539141393999955, -25.772275766260528 ], [ -53.53913498199995, -25.772270446260567 ], [ -53.539129106999951, -25.77226464026052 ], [ -53.539123811999957, -25.77225839226055 ], [ -53.539119138999979, -25.772251751260523 ], [ -53.539115365999969, -25.772245232260566 ], [ -53.539082504999953, -25.772182366260562 ], [ -53.539078933999974, -25.772174624260529 ], [ -53.539076319999936, -25.772167113260551 ], [ -53.539074437999943, -25.772159425260572 ], [ -53.539073301999956, -25.772151618260537 ], [ -53.539072922999928, -25.772143751260568 ], [ -53.539073302999959, -25.772135884260543 ], [ -53.539074436999954, -25.772128077260579 ], [ -53.539076318999946, -25.77212038826055 ], [ -53.539078934999957, -25.772112878260558 ], [ -53.539082262999955, -25.772105603260531 ], [ -53.539086278999953, -25.772098618260561 ], [ -53.539090951999981, -25.77209197726053 ], [ -53.539096245999986, -25.772085729260549 ], [ -53.539099226999951, -25.772082658260576 ], [ -53.539149124999938, -25.772033516260549 ], [ -53.539098956999965, -25.771987433260581 ], [ -53.539093585999979, -25.771982087260554 ], [ -53.539088292999963, -25.77197583926058 ], [ -53.539083618999939, -25.77196919926055 ], [ -53.539079602999948, -25.771962214260572 ], [ -53.539076275999946, -25.77195493826056 ], [ -53.539073659999985, -25.771947429260557 ], [ -53.539071777999936, -25.771939740260578 ], [ -53.539070589999938, -25.771931365260539 ], [ -53.539050570999962, -25.771707956260528 ], [ -53.539024033999965, -25.77156563026054 ], [ -53.539022990999968, -25.771558142260549 ], [ -53.539022643999942, -25.771550603260575 ], [ -53.539023021999981, -25.77154273626056 ], [ -53.539024156999972, -25.771534928260593 ], [ -53.539024779999977, -25.771532016260579 ], [ -53.539036858999957, -25.771480036260556 ], [ -53.538967481999983, -25.771213238260568 ], [ -53.538966343999967, -25.771208225260565 ], [ -53.538965316999963, -25.771201463260564 ], [ -53.53896485599995, -25.771194650260593 ], [ -53.538956415999962, -25.7708660882606 ], [ -53.538956388999964, -25.770863989260572 ], [ -53.53895692399994, -25.770854652260581 ], [ -53.539001239999948, -25.770468790260562 ], [ -53.53900221899994, -25.770462451260574 ], [ -53.539004101999986, -25.770454764260592 ], [ -53.53900671599996, -25.770447253260617 ], [ -53.539008459999934, -25.770443220260574 ], [ -53.539033885999977, -25.770388315260615 ], [ -53.539019964999966, -25.77035736226059 ], [ -53.539018612999939, -25.770354188260566 ], [ -53.539015998999957, -25.770346679260566 ], [ -53.539014116999958, -25.770338991260576 ], [ -53.539012981999981, -25.770331183260566 ], [ -53.539012601999964, -25.770323315260615 ], [ -53.539012981999981, -25.770315449260568 ], [ -53.539014116999965, -25.770307641260615 ], [ -53.539014483999949, -25.770306142260608 ], [ -53.539009697, -25.770306411260599 ], [ -53.539003523999952, -25.770306583260595 ], [ -53.538994834999983, -25.770306241260577 ], [ -53.538986212999987, -25.770305213260595 ], [ -53.53897772199997, -25.7703035082606 ], [ -53.53896942799998, -25.77030114126056 ], [ -53.538961393999948, -25.77029812726061 ], [ -53.538953677999977, -25.770294491260575 ], [ -53.53894634399996, -25.770290260260587 ], [ -53.538939443999929, -25.770285466260582 ], [ -53.538933032999978, -25.770280146260582 ], [ -53.538927156999932, -25.770274340260578 ], [ -53.538921861999938, -25.770268092260604 ], [ -53.53891718999995, -25.770261452260563 ], [ -53.538913174999948, -25.770254466260603 ], [ -53.538909845999967, -25.770247191260577 ], [ -53.538907230999939, -25.770239681260588 ], [ -53.538905348999947, -25.770231993260598 ], [ -53.538904318999982, -25.770225204260608 ], [ -53.538883668999972, -25.770036165260588 ] ] ] } },
{ "type": "Feature", "properties": { "num_setor": "PR_UMUA_SR_03_CPRM", "munic": "UMUARAMA", "grau_risco": "Muito alto", "distancia_km": 1.76, "chuva_24h": 5.7, "chuva_72h": 6.2, "fonte_estacao": "openmeteo", "codigo_estacao": "openmeteo", "nome_estacao": "Open-Meteo (célula de grade)" }, "geometry": { "type": "Polygon", "coordinates": [ [ [ -53.313374182999951, -23.784220673303011 ], [ -53.313383243999965, -23.784167612302991 ], [ -53.313568835999945, -23.784126752302978 ], [ -53.313612091999971, -23.784205180302976 ], [ -53.313615397999975, -23.784209809302965 ], [ -53.313614797999946, -23.784214312302975 ], [ -53.313602576999983, -23.784222340302996 ], [ -53.313593792999939, -23.784226489303016 ], [ -53.313583974999972, -23.784230700302981 ], [ -53.313566186999935, -23.784238663302954 ], [ -53.313538956999942, -23.784245833302968 ], [ -53.313528398999949, -23.784251412302964 ], [ -53.313514450999953, -23.784262518303009 ], [ -53.313501966999979, -23.784266174302996 ], [ -53.313477308999943, -23.784264244302999 ], [ -53.31344304199996, -23.78425548630296 ], [ -53.313389983999969, -23.784251387302998 ], [ -53.313374182999951, -23.784220673303011 ] ] ] } },
{ "type": "Feature", "properties": { "num_setor": "PR_GUARANI_SR_2_CPRM", "munic": "GUARANIAÇU", "grau_risco": "Alto", "distancia_km": 1.51, "chuva_24h": 14.8, "chuva_72h": 24.1, "fonte_estacao": "openmeteo", "codigo_estacao": "openmeteo", "nome_estacao": "Open-Meteo (célula de grade)" }, "geometry": { "type": "Polygon", "coordinates": [ [ [ -52.866565007999952, -25.096450238274606 ], [ -52.866603690999966, -25.096436628274603 ], [ -52.866838188999964, -25.09640506627461 ], [ -52.867143701999971, -25.096353822274594 ], [ -52.867447603999949, -25.096284066274578 ], [ -52.867657560999938, -25.09631424827457 ], [ -52.867719995999948, -25.0964624022746 ], [ -52.867260839999965, -25.096594411274562 ], [ -52.866682474999948, -25.09673025127455 ], [ -52.866565007999952, -25.096450238274606 ] ] ] } },
{ "type": "Feature", "properties": { "num_setor": "PR_GUARANI_SR_3_CPRM", "munic": "GUARANIAÇU", "grau_risco": "Alto", "distancia_km": 1.82, "chuva_24h": 14.3, "chuva_72h": 21.0, "fonte_estacao": "openmeteo", "codigo_estacao": "openmeteo", "nome_estacao": "Open-Meteo (célula de grade)" }, "geometry": { "type": "Polygon", "coordinates": [ [ [ -52.871696831999934, -25.094979893274605 ], [ -52.87192931799995, -25.09467464127464 ], [ -52.871822485999985, -25.094565890274609 ], [ -52.871805407999943, -25.094436556274605 ], [ -52.871778452999934, -25.094262738274601 ], [ -52.871723499999973, -25.093915929274658 ], [ -52.871662527999945, -25.093541431274623 ], [ -52.872144832999929, -25.093519845274621 ], [ -52.872515800999963, -25.093545360274625 ], [ -52.872608061999983, -25.093780392274653 ], [ -52.872649678999956, -25.094050165274609 ], [ -52.872593678999976, -25.094430785274643 ], [ -52.872436037999933, -25.094624590274623 ], [ -52.872310376999963, -25.094733740274627 ], [ -52.872160333999943, -25.094893807274591 ], [ -52.871818852999979, -25.095093161274612 ], [ -52.871696831999934, -25.094979893274605 ] ] ] } },
{ "type": "Feature", "properties": { "num_setor": "PR-GNC-SR-04-CPRM", "munic": "GENERAL CARNEIRO", "grau_risco": "Muito alto", "distancia_km": 1.62, "chuva_24h": 16.6, "chuva_72h": 30.7, "fonte_estacao": "openmeteo", "codigo_estacao": "openmeteo", "nome_estacao": "Open-Meteo (célula de grade)" }, "geometry": { "type": "Polygon", "coordinates": [ [ [ -51.332431573999948, -26.427273937247303 ], [ -51.332322824999949, -26.427212106247321 ], [ -51.332322395999938, -26.42720601924735 ], [ -51.332232288999933, -26.427096252247324 ], [ -51.33223861099998, -26.427090446247345 ], [ -51.33213015299998, -26.426955633247346 ], [ -51.332129813999984, -26.426949700247345 ], [ -51.332031761999986, -26.426862765247321 ], [ -51.332031499999964, -26.426856824247348 ], [ -51.331958100999941, -26.426706317247351 ], [ -51.331957393999971, -26.426688751247351 ], [ -51.331949985999977, -26.42667088624734 ], [ -51.331912417999945, -26.42655841124736 ], [ -51.331904953999981, -26.426534779247334 ], [ -51.331833775999939, -26.426398245247366 ], [ -51.331696438999984, -26.426282009247362 ], [ -51.331707618999978, -26.426167670247374 ], [ -51.331739868999932, -26.426106522247327 ], [ -51.331805803999941, -26.426082046247373 ], [ -51.331903041999965, -26.426264678247328 ], [ -51.331986094999934, -26.426371489247348 ], [ -51.332056000999955, -26.42647233124735 ], [ -51.33214606599995, -26.426574479247332 ], [ -51.332228436999969, -26.426647532247333 ], [ -51.332326982999973, -26.426755108247335 ], [ -51.332384845999968, -26.426838582247345 ], [ -51.332645744999979, -26.427078056247346 ], [ -51.332716489999946, -26.427174077247344 ], [ -51.332735059999948, -26.427282701247339 ], [ -51.332594897999975, -26.427317943247363 ], [ -51.332431573999948, -26.427273937247303 ] ] ] } },
{ "type": "Feature", "properties": { "num_setor": "PR_GUARANI_SR_1_CPRM", "munic": "GUARANIAÇU", "grau_risco": "Alto", "distancia_km": 1.69, "chuva_24h": 14.8, "chuva_72h": 24.1, "fonte_estacao": "openmeteo", "codigo_estacao": "openmeteo", "nome_estacao": "Open-Meteo (célula de grade)" }, "geometry": { "type": "Polygon", "coordinates": [ [ [ -52.867285240999934, -25.095820230274583 ], [ -52.867493338999964, -25.09567312627458 ], [ -52.867910864999942, -25.095485926274623 ], [ -52.868659445999981, -25.095264031274585 ], [ -52.868725791999964, -25.095256645274588 ], [ -52.868915802999936, -25.095702107274597 ], [ -52.868986700999983, -25.0959362762746 ], [ -52.869375910999963, -25.095804323274603 ], [ -52.870021602999934, -25.095543568274614 ], [ -52.87018360999997, -25.095473421274598 ], [ -52.870275086999982, -25.095679060274581 ], [ -52.870592409999979, -25.095716250274577 ], [ -52.870683836999945, -25.095916586274608 ], [ -52.869380983999982, -25.096237387274591 ], [ -52.869006174999981, -25.096306380274601 ], [ -52.868767812999977, -25.09635461927456 ], [ -52.868398899999931, -25.096216624274582 ], [ -52.868037602999948, -25.096111625274613 ], [ -52.867285240999934, -25.095820230274583 ] ] ] } },
{ "type": "Feature", "properties": { "num_setor": "PR_GUARANI_SR_6_CPRM", "munic": "GUARANIAÇU", "grau_risco": "Alto", "distancia_km": 1.42, "chuva_24h": 14.3, "chuva_72h": 21.0, "fonte_estacao": "openmeteo", "codigo_estacao": "openmeteo", "nome_estacao": "Open-Meteo (célula de grade)" }, "geometry": { "type": "Polygon", "coordinates": [ [ [ -52.872183353999951, -25.100482327274481 ], [ -52.872349741999983, -25.100418603274505 ], [ -52.872431175999964, -25.100588903274485 ], [ -52.872267767999972, -25.100652751274509 ], [ -52.872183353999951, -25.100482327274481 ] ] ] } },
{ "type": "Feature", "properties": { "num_setor": "PR_GUARANI_SR_7_CPRM", "munic": "GUARANIAÇU", "grau_risco": "Alto", "distancia_km": 0.52, "chuva_24h": 14.8, "chuva_72h": 24.1, "fonte_estacao": "openmeteo", "codigo_estacao": "openmeteo", "nome_estacao": "Open-Meteo (célula de grade)" }, "geometry": { "type": "Polygon", "coordinates": [ [ [ -52.850121461999947, -25.106635968274386 ], [ -52.850331369999935, -25.106575474274351 ], [ -52.85048158099994, -25.106545786274364 ], [ -52.851159303999957, -25.106402749274388 ], [ -52.851346879999937, -25.106820673274353 ], [ -52.85144219099994, -25.106966948274376 ], [ -52.851532315999968, -25.10699644527438 ], [ -52.851598490999947, -25.106997255274347 ], [ -52.85175587599997, -25.106955012274348 ], [ -52.852112373999944, -25.10687420527433 ], [ -52.852166577999981, -25.106978976274387 ], [ -52.851870585999961, -25.107070587274343 ], [ -52.851667883999944, -25.107115433274377 ], [ -52.85156, -25.107107803274349 ], [ -52.851340611999944, -25.10710196527436 ], [ -52.851245528999975, -25.10693359027438 ], [ -52.851149912999972, -25.106803096274369 ], [ -52.851054456999975, -25.106663169274345 ], [ -52.850893767999935, -25.106695886274352 ], [ -52.85074360599998, -25.106722429274338 ], [ -52.850593815999957, -25.106723748274376 ], [ -52.850335139999977, -25.106783658274384 ], [ -52.850097627999965, -25.106824910274341 ], [ -52.849807301999931, -25.10689707027435 ], [ -52.849588342999937, -25.106862841274356 ], [ -52.849534294999955, -25.106758078274389 ], [ -52.849583565999978, -25.106727140274373 ], [ -52.849782449999964, -25.106707499274378 ], [ -52.849946601999939, -25.106681128274392 ], [ -52.850121461999947, -25.106635968274386 ] ] ] } },
{ "type": "Feature", "properties": { "num_setor": "PR_GUARANI_SR_4_CPRM", "munic": "GUARANIAÇU", "grau_risco": "Alto", "distancia_km": 0.8, "chuva_24h": 14.8, "chuva_72h": 24.1, "fonte_estacao": "openmeteo", "codigo_estacao": "openmeteo", "nome_estacao": "Open-Meteo (célula de grade)" }, "geometry": { "type": "Polygon", "coordinates": [ [ [ -52.863180858999954, -25.104057865274427 ], [ -52.863763423999963, -25.103982200274423 ], [ -52.864023476999925, -25.10398509227441 ], [ -52.864760954999952, -25.104034721274413 ], [ -52.865478157999974, -25.104124212274442 ], [ -52.866053359999967, -25.104184153274403 ], [ -52.866489422999962, -25.104222855274433 ], [ -52.866906914999959, -25.104261764274391 ], [ -52.867156011999946, -25.104233268274424 ], [ -52.86737360799998, -25.104165944274438 ], [ -52.86753263099996, -25.104082676274416 ], [ -52.867673783999976, -25.104011352274444 ], [ -52.867755453999962, -25.104145048274411 ], [ -52.867483036999936, -25.104391289274417 ], [ -52.867155139999966, -25.104460299274432 ], [ -52.866998171999967, -25.104513150274393 ], [ -52.866883504999976, -25.104509217274433 ], [ -52.866775738999941, -25.104492708274392 ], [ -52.86647844099997, -25.104448725274391 ], [ -52.866234226999943, -25.104415999274426 ], [ -52.866063761999953, -25.104369093274386 ], [ -52.865941323999948, -25.104371503274429 ], [ -52.865909187999932, -25.104453697274391 ], [ -52.865569123999933, -25.104429094274401 ], [ -52.865451549999932, -25.104381142274423 ], [ -52.865308692999974, -25.104383949274403 ], [ -52.865200192999971, -25.104392376274411 ], [ -52.864993326999979, -25.104352295274396 ], [ -52.864934304999963, -25.104221278274398 ], [ -52.864732486999969, -25.104188138274445 ], [ -52.864513321999937, -25.104247385274402 ], [ -52.864370617999953, -25.104262938274431 ], [ -52.864199302999964, -25.104195920274389 ], [ -52.864093153999939, -25.104101332274432 ], [ -52.863895685999978, -25.104066333274449 ], [ -52.863525696999943, -25.104151317274397 ], [ -52.863392556999941, -25.104163148274395 ], [ -52.863227956999935, -25.104166392274422 ], [ -52.86324874099995, -25.104300535274437 ], [ -52.863300109999955, -25.104516229274399 ], [ -52.863396873999932, -25.104509875274413 ], [ -52.863502875999977, -25.104494442274422 ], [ -52.863523511999979, -25.104606346274412 ], [ -52.863553230999969, -25.104832461274384 ], [ -52.863357182999948, -25.104866610274431 ], [ -52.863056328999953, -25.1049063342744 ], [ -52.862885971999965, -25.104962298274415 ], [ -52.862643619999965, -25.104967085274378 ], [ -52.862440366999984, -25.104948586274411 ], [ -52.862145234999957, -25.104999418274414 ], [ -52.861848899999977, -25.105035181274385 ], [ -52.861644892999948, -25.105069060274378 ], [ -52.861382951999985, -25.104734590274404 ], [ -52.861071498999934, -25.104392446274407 ], [ -52.86136554899997, -25.104300171274424 ], [ -52.861684383999943, -25.104246499274392 ], [ -52.861974184999958, -25.104224974274423 ], [ -52.862575998999944, -25.104141643274442 ], [ -52.863180858999954, -25.104057865274427 ] ] ] } },
{ "type": "Feature", "properties": { "num_setor": "PR_GUARANI_SR_5_CPRM", "munic": "GUARANIAÇU", "grau_risco": "Alto", "distancia_km": 0.34, "chuva_24h": 14.8, "chuva_72h": 24.1, "fonte_estacao": "openmeteo", "codigo_estacao": "openmeteo", "nome_estacao": "Open-Meteo (célula de grade)" }, "geometry": { "type": "Polygon", "coordinates": [ [ [ -52.858681221999973, -25.10416897827443 ], [ -52.858910685999945, -25.104151604274428 ], [ -52.85888543599998, -25.103873922274445 ], [ -52.859064072999949, -25.1038617362744 ], [ -52.859312184999972, -25.103844647274428 ], [ -52.859491283999944, -25.103865217274421 ], [ -52.85968478999996, -25.104019630274436 ], [ -52.859831468999971, -25.10411156627443 ], [ -52.859712954999964, -25.104354118274397 ], [ -52.859359392999977, -25.104379864274403 ], [ -52.859128952999981, -25.104460496274399 ], [ -52.858783540999973, -25.104465877274393 ], [ -52.858579307999946, -25.104416877274392 ], [ -52.858372145999958, -25.104339046274404 ], [ -52.858177755999975, -25.104319402274434 ], [ -52.858155292999982, -25.10453386027439 ], [ -52.85783960599997, -25.10451047727441 ], [ -52.857750603999939, -25.104487393274386 ], [ -52.857774904999985, -25.104311876274398 ], [ -52.857889770999975, -25.104326703274413 ], [ -52.858049847999951, -25.104336314274416 ], [ -52.85805844999993, -25.104235460274449 ], [ -52.858076746999977, -25.103988876274414 ], [ -52.858303776999946, -25.103981840274415 ], [ -52.858307312999948, -25.104186763274427 ], [ -52.858681221999973, -25.10416897827443 ] ] ] } },
{ "type": "Feature", "properties": { "num_setor": "PR_FB_SR_09_CPRM", "munic": "FRANCISCO BELTRÃO", "grau_risco": "Muito alto", "distancia_km": 1.33, "chuva_24h": 10.5, "chuva_72h": 29.5, "fonte_estacao": "openmeteo", "codigo_estacao": "openmeteo", "nome_estacao": "Open-Meteo (célula de grade)" }, "geometry": { "type": "Polygon", "coordinates": [ [ [ -53.071037347999948, -26.067323647254543 ], [ -53.072202014999959, -26.067568742254572 ], [ -53.073493885999937, -26.068153887254564 ], [ -53.074580485999945, -26.068470466254503 ], [ -53.073706741999956, -26.069083535254499 ], [ -53.073196000999985, -26.068604815254506 ], [ -53.072250056999962, -26.067862414254567 ], [ -53.071507686999951, -26.068496085254552 ], [ -53.071188849999949, -26.068767538254523 ], [ -53.070735147999983, -26.069136050254485 ], [ -53.070280474999954, -26.069493493254523 ], [ -53.06942844799994, -26.070183617254465 ], [ -53.068532617999949, -26.070887732254469 ], [ -53.067972162999972, -26.071342105254494 ], [ -53.066924183999959, -26.072156827254439 ], [ -53.066121322999948, -26.072849861254419 ], [ -53.065722752999932, -26.073126174254451 ], [ -53.065126223999982, -26.072980543254431 ], [ -53.06432106699998, -26.0728082002544 ], [ -53.065238141999941, -26.072050077254456 ], [ -53.066799859999946, -26.070776734254498 ], [ -53.068375666999941, -26.069512622254525 ], [ -53.069957520999942, -26.068238242254523 ], [ -53.071037347999948, -26.067323647254543 ] ] ] } },
{ "type": "Feature", "properties": { "num_setor": "PR_FB_SR_10_CPRM", "munic": "FRANCISCO BELTRÃO", "grau_risco": "Muito alto", "distancia_km": 0.99, "chuva_24h": 10.5, "chuva_72h": 29.5, "fonte_estacao": "openmeteo", "codigo_estacao": "openmeteo", "nome_estacao": "Open-Meteo (célula de grade)" }, "geometry": { "type": "Polygon", "coordinates": [ [ [ -53.072736299999974, -26.07361574525444 ], [ -53.073534772999949, -26.072908093254444 ], [ -53.07396376699996, -26.072393165254482 ], [ -53.074180521999949, -26.072410923254434 ], [ -53.074473139999952, -26.072513000254432 ], [ -53.074729254999966, -26.072631934254431 ], [ -53.074737661999961, -26.073021990254432 ], [ -53.074758008999936, -26.073428462254441 ], [ -53.075151464999976, -26.073553532254401 ], [ -53.075421161999941, -26.073728308254392 ], [ -53.075968623999984, -26.074063282254382 ], [ -53.076218185999949, -26.074204256254422 ], [ -53.076928020999958, -26.073973426254398 ], [ -53.077340179999958, -26.073866721254394 ], [ -53.07783921999993, -26.073885034254396 ], [ -53.077984565999941, -26.074145676254396 ], [ -53.078158969999947, -26.074449607254401 ], [ -53.077983177999954, -26.07467813025437 ], [ -53.075962820999962, -26.075198412254387 ], [ -53.075236014, -26.075837651254385 ], [ -53.074494860999948, -26.076517864254374 ], [ -53.074511753999964, -26.07708788525435 ], [ -53.073877480999954, -26.077699987254334 ], [ -53.073423665999933, -26.078922324254311 ], [ -53.073109601999924, -26.078848082254328 ], [ -53.072506180999937, -26.078730730254311 ], [ -53.071946988999969, -26.078562357254306 ], [ -53.071611335999933, -26.07901971825433 ], [ -53.07072950099996, -26.079007302254336 ], [ -53.070214157999942, -26.079090450254313 ], [ -53.070007976999939, -26.078824930254289 ], [ -53.069629220999957, -26.078698239254294 ], [ -53.068321405999939, -26.078382754254321 ], [ -53.066929860999956, -26.07808133525435 ], [ -53.065403433999961, -26.077645920254337 ], [ -53.066708001999984, -26.073511244254416 ], [ -53.066978789999951, -26.073395313254444 ], [ -53.067739209999957, -26.073493742254445 ], [ -53.068428107999978, -26.073563225254439 ], [ -53.069489623999971, -26.073620154254421 ], [ -53.072242934999963, -26.073668913254405 ], [ -53.072736299999974, -26.07361574525444 ] ] ] } },
{ "type": "Feature", "properties": { "num_setor": "PR_FB_SR_07_CPRM", "munic": "FRANCISCO BELTRÃO", "grau_risco": "Alto", "distancia_km": 1.97, "chuva_24h": 10.5, "chuva_72h": 29.5, "fonte_estacao": "openmeteo", "codigo_estacao": "openmeteo", "nome_estacao": "Open-Meteo (célula de grade)" }, "geometry": { "type": "Polygon", "coordinates": [ [ [ -53.077112415999977, -26.069370893254519 ], [ -53.077009614999945, -26.069418296254526 ], [ -53.076881730999958, -26.069340357254518 ], [ -53.076029094999967, -26.068540273254492 ], [ -53.076177176999977, -26.068341467254541 ], [ -53.076588963999946, -26.068031274254533 ], [ -53.07672705799996, -26.067840817254559 ], [ -53.076886592999983, -26.06767400225457 ], [ -53.077036731999954, -26.067805214254541 ], [ -53.077083043999941, -26.06778385425455 ], [ -53.077283372999943, -26.067796339254546 ], [ -53.077470379999973, -26.067944609254564 ], [ -53.077620723999985, -26.068008031254553 ], [ -53.077743244999965, -26.068055512254503 ], [ -53.07769114499996, -26.068198018254531 ], [ -53.077794952999966, -26.06836968425451 ], [ -53.077947865999931, -26.068572789254532 ], [ -53.077843826999988, -26.068761306254505 ], [ -53.077684505999962, -26.068898994254546 ], [ -53.077623754999934, -26.068953256254538 ], [ -53.077283371999954, -26.069231265254516 ], [ -53.077268323999931, -26.069243555254495 ], [ -53.077112415999977, -26.069370893254519 ] ] ] } },
{ "type": "Feature", "properties": { "num_setor": "PR_FB_SR_08_CPRM", "munic": "FRANCISCO BELTRÃO", "grau_risco": "Alto", "distancia_km": 1.95, "chuva_24h": 10.5, "chuva_72h": 29.5, "fonte_estacao": "openmeteo", "codigo_estacao": "openmeteo", "nome_estacao": "Open-Meteo (célula de grade)" }, "geometry": { "type": "Polygon", "coordinates": [ [ [ -53.074650979999944, -26.068367564254547 ], [ -53.073469255999946, -26.068074341254512 ], [ -53.074420693999961, -26.066919152254563 ], [ -53.075351672999943, -26.066363946254562 ], [ -53.077778574999961, -26.06671261925457 ], [ -53.077800744999941, -26.06683966325453 ], [ -53.077701883999964, -26.066962476254556 ], [ -53.077679578999948, -26.06698712425457 ], [ -53.077311552999959, -26.06729203625456 ], [ -53.076828981999938, -26.067639794254529 ], [ -53.07655393899995, -26.067980702254516 ], [ -53.076030340999978, -26.06828692725454 ], [ -53.075893361999924, -26.068384416254514 ], [ -53.075596374999975, -26.068615108254523 ], [ -53.075385008999952, -26.068776606254517 ], [ -53.075376924999937, -26.0688127342545 ], [ -53.075153888999978, -26.068995933254488 ], [ -53.074650979999944, -26.068367564254547 ] ] ] } },
{ "type": "Feature", "properties": { "num_setor": "PR-GNC-SR-02-CPRM", "munic": "GENERAL CARNEIRO", "grau_risco": "Alto", "distancia_km": 0.83, "chuva_24h": 20.0, "chuva_72h": 37.4, "fonte_estacao": "openmeteo", "codigo_estacao": "openmeteo", "nome_estacao": "Open-Meteo (célula de grade)" }, "geometry": { "type": "Polygon", "coordinates": [ [ [ -51.317516968999939, -26.413389962247592 ], [ -51.317502815999944, -26.413377130247611 ], [ -51.317361663999982, -26.413210056247607 ], [ -51.317333297999937, -26.413171577247613 ], [ -51.317147465999938, -26.413069586247595 ], [ -51.316991300999973, -26.41295366824761 ], [ -51.31699178599996, -26.412799623247611 ], [ -51.317034872999955, -26.412684195247603 ], [ -51.317409991999966, -26.412427733247625 ], [ -51.317529081999965, -26.412664144247618 ], [ -51.317643375999985, -26.412791398247631 ], [ -51.317783231999954, -26.412844398247604 ], [ -51.317842933999941, -26.412995432247605 ], [ -51.317887052999943, -26.413083886247637 ], [ -51.318001412999926, -26.413160304247622 ], [ -51.318058122999958, -26.413237074247647 ], [ -51.318182261999937, -26.413341060247642 ], [ -51.318222151999976, -26.413495074247617 ], [ -51.318081194999934, -26.413596492247592 ], [ -51.318066996999967, -26.413609221247587 ], [ -51.31791159199998, -26.413698027247587 ], [ -51.317728324999962, -26.413633610247619 ], [ -51.317714014999979, -26.413633638247607 ], [ -51.317516968999939, -26.413389962247592 ] ] ] } },
{ "type": "Feature", "properties": { "num_setor": "PR-GNC-SR-03-CPRM", "munic": "GENERAL CARNEIRO", "grau_risco": "Alto", "distancia_km": 0.97, "chuva_24h": 16.6, "chuva_72h": 30.7, "fonte_estacao": "openmeteo", "codigo_estacao": "openmeteo", "nome_estacao": "Open-Meteo (célula de grade)" }, "geometry": { "type": "Polygon", "coordinates": [ [ [ -51.315386101999934, -26.424499619247381 ], [ -51.315628944999965, -26.42460936324737 ], [ -51.315762195999973, -26.425528466247354 ], [ -51.316191094999972, -26.425740803247333 ], [ -51.31671819099995, -26.425920869247385 ], [ -51.316735755999957, -26.425920766247391 ], [ -51.317403668999987, -26.426146077247338 ], [ -51.317455031999941, -26.426161000247369 ], [ -51.317825116999984, -26.426373187247361 ], [ -51.318451123999978, -26.426644735247354 ], [ -51.318836883999943, -26.42681339424734 ], [ -51.319612414999938, -26.427151593247338 ], [ -51.31982890299998, -26.427484871247366 ], [ -51.319810021999956, -26.427629318247323 ], [ -51.319810003999976, -26.427644718247315 ], [ -51.319671045999939, -26.427927632247329 ], [ -51.319634468999936, -26.428228036247297 ], [ -51.319736874999933, -26.428463376247322 ], [ -51.319649904999949, -26.428729253247315 ], [ -51.319494385999974, -26.428930974247308 ], [ -51.319259856999956, -26.428835676247292 ], [ -51.318845231999944, -26.428725893247318 ], [ -51.318776151999934, -26.428725449247295 ], [ -51.31841425999994, -26.428308443247339 ], [ -51.317983617999971, -26.428077090247342 ], [ -51.317811326999966, -26.427784056247301 ], [ -51.31743232599996, -26.427706914247306 ], [ -51.316932926999982, -26.427537135247334 ], [ -51.316571203999956, -26.427537127247358 ], [ -51.316158238999947, -26.427429062247352 ], [ -51.316141017999946, -26.42742906124731 ], [ -51.315780099999984, -26.427274763247329 ], [ -51.315727878999951, -26.427243976247325 ], [ -51.315346782999946, -26.427043500247347 ], [ -51.31534675499995, -26.427028067247356 ], [ -51.314986171, -26.426642391247352 ], [ -51.314969361999943, -26.426657866247357 ], [ -51.314632770999928, -26.426381634247324 ], [ -51.31459925399998, -26.426381787247369 ], [ -51.314398172999972, -26.426275075247375 ], [ -51.314381499999968, -26.426259805247376 ], [ -51.314294666999956, -26.426013685247383 ], [ -51.31433730599997, -26.425703283247369 ], [ -51.314282158999958, -26.425378306247378 ], [ -51.314196025999934, -26.425116165247371 ], [ -51.314307776999954, -26.424741018247381 ], [ -51.314632161999953, -26.424646020247369 ], [ -51.314873973999966, -26.424692434247373 ], [ -51.315079357999942, -26.424706527247388 ], [ -51.315386101999934, -26.424499619247381 ] ] ] } },
{ "type": "Feature", "properties": { "num_setor": "PR_FB_SR_11_CPRM", "munic": "FRANCISCO BELTRÃO", "grau_risco": "Alto", "distancia_km": 0.78, "chuva_24h": 10.5, "chuva_72h": 29.5, "fonte_estacao": "openmeteo", "codigo_estacao": "openmeteo", "nome_estacao": "Open-Meteo (célula de grade)" }, "geometry": { "type": "Polygon", "coordinates": [ [ [ -53.058708915999944, -26.04269527325507 ], [ -53.058560935999935, -26.041716772255061 ], [ -53.058460128999968, -26.040989553255095 ], [ -53.059058620999963, -26.040946255255101 ], [ -53.059452737999948, -26.041096517255081 ], [ -53.059706598999981, -26.041155450255076 ], [ -53.05998319199994, -26.041342247255098 ], [ -53.060361806999936, -26.041742004255049 ], [ -53.060844798999938, -26.042198648255045 ], [ -53.061021692999986, -26.042554214255041 ], [ -53.061604188999979, -26.043484115255023 ], [ -53.062071688999936, -26.043860550255033 ], [ -53.063149765999981, -26.044261626255032 ], [ -53.064547687999948, -26.044880446255018 ], [ -53.065642013999927, -26.045356546255022 ], [ -53.066279787999974, -26.045555390254968 ], [ -53.066328006999981, -26.046544197254953 ], [ -53.06622036999994, -26.046937374254981 ], [ -53.065843629999961, -26.046851953254983 ], [ -53.064922998999975, -26.04654026225495 ], [ -53.06348323699995, -26.046011773255 ], [ -53.062159942999983, -26.045259349255016 ], [ -53.061422299999947, -26.044627035255004 ], [ -53.060623267999979, -26.043883484255058 ], [ -53.059980497999959, -26.043547982255017 ], [ -53.059461280999983, -26.043451521255012 ], [ -53.058884293999938, -26.043467139255039 ], [ -53.058708915999944, -26.04269527325507 ] ] ] } },
{ "type": "Feature", "properties": { "num_setor": "PR-GNC-SR-01-CPRM", "munic": "GENERAL CARNEIRO", "grau_risco": "Muito alto", "distancia_km": 1.81, "chuva_24h": 20.0, "chuva_72h": 37.4, "fonte_estacao": "openmeteo", "codigo_estacao": "openmeteo", "nome_estacao": "Open-Meteo (célula de grade)" }, "geometry": { "type": "Polygon", "coordinates": [ [ [ -51.308712588999981, -26.419711895247506 ], [ -51.308513384999969, -26.419570049247479 ], [ -51.308348324999933, -26.419448937247495 ], [ -51.308203483999932, -26.419339591247518 ], [ -51.307953663999967, -26.419315632247478 ], [ -51.307929420999976, -26.419306146247465 ], [ -51.307745221999937, -26.419229186247485 ], [ -51.307617745999949, -26.41910895124747 ], [ -51.307419691999939, -26.419048790247512 ], [ -51.307306800999982, -26.418987202247518 ], [ -51.307341000999934, -26.418851809247538 ], [ -51.307495689999939, -26.418758225247522 ], [ -51.307606023999938, -26.418686016247527 ], [ -51.307715682999962, -26.418562709247499 ], [ -51.307862597999986, -26.418482386247536 ], [ -51.307946940999955, -26.418411953247524 ], [ -51.308091676999936, -26.418364043247493 ], [ -51.308246357999955, -26.418337248247489 ], [ -51.308397099999979, -26.418289656247509 ], [ -51.308573179999939, -26.418415253247524 ], [ -51.308857985999957, -26.418647513247485 ], [ -51.309302578999954, -26.419103191247512 ], [ -51.309291780999956, -26.419103225247483 ], [ -51.30912916099993, -26.419366782247472 ], [ -51.309107416999943, -26.419366917247523 ], [ -51.309071564999954, -26.419684200247477 ], [ -51.30893634499995, -26.419790716247498 ], [ -51.308712588999981, -26.419711895247506 ] ] ] } },
{ "type": "Feature", "properties": { "num_setor": "PR_FOZ_SR_12_CPRM", "munic": "FOZ DO IGUAÇU", "grau_risco": "Alto", "distancia_km": 0.26, "chuva_24h": 17.9, "chuva_72h": 25.8, "fonte_estacao": "openmeteo", "codigo_estacao": "openmeteo", "nome_estacao": "Open-Meteo (célula de grade)" }, "geometry": { "type": "Polygon", "coordinates": [ [ [ -54.563716912999951, -25.575846759264564 ], [ -54.563878350999971, -25.575779855264571 ], [ -54.56408077899993, -25.575806296264549 ], [ -54.564385012999935, -25.575823507264555 ], [ -54.564608825999983, -25.575862774264589 ], [ -54.564941689999955, -25.575883828264594 ], [ -54.565211008999938, -25.57590820226461 ], [ -54.565625399999931, -25.575910936264581 ], [ -54.565908657999948, -25.575937022264565 ], [ -54.566260317999934, -25.575914809264599 ], [ -54.566530078999961, -25.5759310522646 ], [ -54.56685801899993, -25.575903370264612 ], [ -54.567093378999971, -25.575928149264602 ], [ -54.567584608999937, -25.575961623264575 ], [ -54.568355978999932, -25.57599378626459 ], [ -54.568738702999951, -25.576003894264563 ], [ -54.569005876999938, -25.575964971264575 ], [ -54.569602972999974, -25.57594909826458 ], [ -54.570061392999946, -25.575855989264607 ], [ -54.570804239999966, -25.575669385264597 ], [ -54.571158601999976, -25.575514620264592 ], [ -54.57153948499996, -25.575444182264587 ], [ -54.571825403999981, -25.575437381264599 ], [ -54.571931721999931, -25.57545090426461 ], [ -54.572050015999935, -25.5754682182646 ], [ -54.57216321799995, -25.575472162264617 ], [ -54.572323731, -25.575457894264581 ], [ -54.572659729999948, -25.575437555264575 ], [ -54.572788142999968, -25.575516237264598 ], [ -54.572862902999987, -25.575532760264618 ], [ -54.572941635999939, -25.575555961264591 ], [ -54.572982321, -25.575567561264577 ], [ -54.573057846999973, -25.575599014264604 ], [ -54.573145968999938, -25.575664346264567 ], [ -54.573166366999949, -25.575710131264604 ], [ -54.573008660999953, -25.575898635264604 ], [ -54.572965279999949, -25.575947002264584 ], [ -54.572922907999953, -25.576016493264557 ], [ -54.572863549999965, -25.576083192264555 ], [ -54.572815673999976, -25.576166794264569 ], [ -54.572800582999946, -25.576240792264574 ], [ -54.572682327999985, -25.576284513264561 ], [ -54.572559944999966, -25.57632990226455 ], [ -54.572442215999956, -25.576361488264581 ], [ -54.57232199699996, -25.576292134264584 ], [ -54.572155713999962, -25.576268692264591 ], [ -54.571685516999942, -25.576339341264603 ], [ -54.571100844999933, -25.576361780264573 ], [ -54.571004164999977, -25.576329484264587 ], [ -54.570779387999949, -25.576272456264569 ], [ -54.570565915999964, -25.576224966264594 ], [ -54.570373590999964, -25.5762502012646 ], [ -54.57019230599996, -25.576266159264559 ], [ -54.570088679999976, -25.576308805264549 ], [ -54.569991697999974, -25.576369635264594 ], [ -54.569991870999949, -25.576374244264571 ], [ -54.569797026999943, -25.576486489264596 ], [ -54.569661703999941, -25.57658128726456 ], [ -54.569530936999968, -25.576587514264592 ], [ -54.569359155999955, -25.576614958264596 ], [ -54.56924624599997, -25.576605784264572 ], [ -54.569034750999947, -25.576601050264575 ], [ -54.568846335999986, -25.576597300264552 ], [ -54.568662342999964, -25.576572779264552 ], [ -54.568455642999936, -25.576564900264597 ], [ -54.568275668999945, -25.576566107264565 ], [ -54.568148182999956, -25.5765866262646 ], [ -54.567915114999948, -25.576585212264551 ], [ -54.567692951999959, -25.576571447264591 ], [ -54.567393674999956, -25.576547039264597 ], [ -54.56722525899994, -25.576544921264599 ], [ -54.567135405999977, -25.576494544264559 ], [ -54.567003528999976, -25.576525126264581 ], [ -54.566895564999982, -25.576511577264561 ], [ -54.566795354999947, -25.576502802264599 ], [ -54.566692703999927, -25.576502833264556 ], [ -54.566653367999947, -25.576510191264571 ], [ -54.566648736999987, -25.576510015264542 ], [ -54.566566180999985, -25.576466478264596 ], [ -54.56650614899997, -25.576423370264592 ], [ -54.566475158999936, -25.5763947312646 ], [ -54.566470465999942, -25.576394554264589 ], [ -54.566331773999934, -25.576380057264544 ], [ -54.56619501199998, -25.576332455264545 ], [ -54.566089457999958, -25.57631388326455 ], [ -54.566084750999956, -25.576313679264562 ], [ -54.566026661999956, -25.576320495264561 ], [ -54.565926727999965, -25.576353272264555 ], [ -54.565790262999947, -25.576319553264565 ], [ -54.565638587999956, -25.576285085264555 ], [ -54.565443275999939, -25.576296460264579 ], [ -54.565245137999966, -25.576298335264603 ], [ -54.565057131999943, -25.576300051264585 ], [ -54.56480434499997, -25.576260165264564 ], [ -54.564691317999973, -25.576254654264574 ], [ -54.564592269999935, -25.576245205264577 ], [ -54.564413956999935, -25.576264163264582 ], [ -54.564249294999961, -25.576252434264575 ], [ -54.56410056999993, -25.576260730264554 ], [ -54.563982712999973, -25.576292987264587 ], [ -54.563912759999937, -25.576331179264571 ], [ -54.563823095999965, -25.576350284264553 ], [ -54.563733351999986, -25.57632893126458 ], [ -54.563603459999968, -25.576125459264581 ], [ -54.563583285999982, -25.575984715264553 ], [ -54.563716912999951, -25.575846759264564 ] ] ] } },
{ "type": "Feature", "properties": { "num_setor": "PR_FOZ_SR_13_CPRM", "munic": "FOZ DO IGUAÇU", "grau_risco": "Alto", "distancia_km": 1.14, "chuva_24h": 17.9, "chuva_72h": 25.8, "fonte_estacao": "openmeteo", "codigo_estacao": "openmeteo", "nome_estacao": "Open-Meteo (célula de grade)" }, "geometry": { "type": "Polygon", "coordinates": [ [ [ -54.578942412999929, -25.571367130264651 ], [ -54.579237664999937, -25.571215075264657 ], [ -54.579582918999961, -25.571057947264705 ], [ -54.579785355999952, -25.570976007264676 ], [ -54.57997951699997, -25.570887704264695 ], [ -54.580347997999979, -25.57078942526471 ], [ -54.581334165999976, -25.570648971264696 ], [ -54.581941947999958, -25.570668412264702 ], [ -54.582039846999976, -25.570881621264679 ], [ -54.582035189999942, -25.571315956264694 ], [ -54.580310047999944, -25.571468251264648 ], [ -54.580123191, -25.571541364264693 ], [ -54.580003679999955, -25.571577996264683 ], [ -54.57990123999997, -25.571532401264665 ], [ -54.579755241999976, -25.571606322264685 ], [ -54.579657008999959, -25.571637837264682 ], [ -54.579429261999969, -25.571799874264666 ], [ -54.579190677999975, -25.571933614264687 ], [ -54.579033356999958, -25.57203965126465 ], [ -54.578814743999942, -25.572204425264637 ], [ -54.578604783999936, -25.572311735264663 ], [ -54.578411162999942, -25.57237897126468 ], [ -54.578321221999943, -25.572403933264656 ], [ -54.578297678999952, -25.572408133264648 ], [ -54.578140392999963, -25.572425308264684 ], [ -54.577664053999968, -25.572445618264645 ], [ -54.577088470999968, -25.572609319264679 ], [ -54.575466966999954, -25.573813944264653 ], [ -54.575515831999951, -25.572992817264616 ], [ -54.577006981999943, -25.571968170264689 ], [ -54.577588812999984, -25.571881485264644 ], [ -54.577922200999978, -25.571930045264683 ], [ -54.578084206999968, -25.571895911264651 ], [ -54.57823843399995, -25.571842310264675 ], [ -54.578608562999939, -25.571630012264663 ], [ -54.578942412999929, -25.571367130264651 ] ] ] } },
{ "type": "Feature", "properties": { "num_setor": "PR_FOZ_SR_09_CPRM", "munic": "FOZ DO IGUAÇU", "grau_risco": "Muito alto", "distancia_km": 1.57, "chuva_24h": 1.8, "chuva_72h": 20.0, "fonte_estacao": "openmeteo", "codigo_estacao": "openmeteo", "nome_estacao": "Open-Meteo (célula de grade)" }, "geometry": { "type": "Polygon", "coordinates": [ [ [ -54.584262129999949, -25.554187196265055 ], [ -54.584371913999973, -25.554014988265017 ], [ -54.584770915999968, -25.553959705265033 ], [ -54.585078529999976, -25.553856341265043 ], [ -54.585326429999952, -25.553874268265034 ], [ -54.585601863999955, -25.554126137265044 ], [ -54.585692075999987, -25.554460427265035 ], [ -54.58555360899993, -25.554594116265029 ], [ -54.585563086999969, -25.554813219265036 ], [ -54.585686258999935, -25.555026015265003 ], [ -54.585825284999949, -25.555050544265036 ], [ -54.586155937999933, -25.555032595264993 ], [ -54.586187206999966, -25.555231852265006 ], [ -54.586021716999937, -25.555276981265006 ], [ -54.585688275999985, -25.555287164265039 ], [ -54.585118981999983, -25.555265547265023 ], [ -54.584985823999943, -25.554767205265016 ], [ -54.584762073999961, -25.554416370265013 ], [ -54.584236852999936, -25.554508559264999 ], [ -54.584262129999949, -25.554187196265055 ] ] ] } },
{ "type": "Feature", "properties": { "num_setor": "PR_FOZ_SR_11_CPRM", "munic": "FOZ DO IGUAÇU", "grau_risco": "Alto", "distancia_km": 1.65, "chuva_24h": 12.8, "chuva_72h": 34.9, "fonte_estacao": "openmeteo", "codigo_estacao": "openmeteo", "nome_estacao": "Open-Meteo (célula de grade)" }, "geometry": { "type": "Polygon", "coordinates": [ [ [ -54.547274895999976, -25.504100067266069 ], [ -54.547429761999986, -25.503591743266064 ], [ -54.547545526999961, -25.503231904266077 ], [ -54.547655812999956, -25.502897069266094 ], [ -54.547975583999964, -25.501271466266147 ], [ -54.549196541999947, -25.501362448266111 ], [ -54.54923871799997, -25.502250705266086 ], [ -54.548654735999953, -25.502631117266098 ], [ -54.548649345999934, -25.502733966266124 ], [ -54.548637739999947, -25.502798970266081 ], [ -54.548584045, -25.502847951266098 ], [ -54.548446148999979, -25.502859436266121 ], [ -54.548158456999943, -25.502898704266087 ], [ -54.547686588999966, -25.504154009266092 ], [ -54.547852629999966, -25.504811747266054 ], [ -54.547234648999961, -25.50481994926605 ], [ -54.547274895999976, -25.504100067266069 ] ] ] } },
{ "type": "Feature", "properties": { "num_setor": "PR_FB_SR_05_CPRM", "munic": "FRANCISCO BELTRÃO", "grau_risco": "Muito alto", "distancia_km": 1.59, "chuva_24h": 10.5, "chuva_72h": 29.5, "fonte_estacao": "openmeteo", "codigo_estacao": "openmeteo", "nome_estacao": "Open-Meteo (célula de grade)" }, "geometry": { "type": "Polygon", "coordinates": [ [ [ -53.063205004999979, -26.065906723254567 ], [ -53.063303810999962, -26.065817641254579 ], [ -53.063398791999987, -26.06568520725456 ], [ -53.063501579999979, -26.065510915254563 ], [ -53.063590075999976, -26.065320562254584 ], [ -53.063673154999947, -26.065143279254613 ], [ -53.063763712999958, -26.064906380254598 ], [ -53.063841269999955, -26.06467089025459 ], [ -53.063920981999949, -26.06451585825463 ], [ -53.063978480999936, -26.064452091254605 ], [ -53.064228938999975, -26.064578365254619 ], [ -53.064318172999947, -26.064620678254609 ], [ -53.063845364999963, -26.066045509254607 ], [ -53.063682766999932, -26.066038269254605 ], [ -53.063539319999954, -26.066060959254582 ], [ -53.063284932999977, -26.06622894325454 ], [ -53.063099656999952, -26.066213668254598 ], [ -53.063105939999957, -26.066081327254565 ], [ -53.063205004999979, -26.065906723254567 ] ] ] } },
{ "type": "Feature", "properties": { "num_setor": "PR_FB_SR_06_CPRM", "munic": "FRANCISCO BELTRÃO", "grau_risco": "Alto", "distancia_km": 1.87, "chuva_24h": 10.5, "chuva_72h": 29.5, "fonte_estacao": "openmeteo", "codigo_estacao": "openmeteo", "nome_estacao": "Open-Meteo (célula de grade)" }, "geometry": { "type": "Polygon", "coordinates": [ [ [ -53.077486619999945, -26.070119097254505 ], [ -53.077431357999956, -26.069969036254506 ], [ -53.076963814999935, -26.0694922642545 ], [ -53.077112415999977, -26.069370893254519 ], [ -53.077268323999931, -26.069243555254495 ], [ -53.077283371999954, -26.069231265254516 ], [ -53.077623754999934, -26.068953256254538 ], [ -53.078094230999966, -26.068568993254544 ], [ -53.078337922999935, -26.068549387254524 ], [ -53.078725848999966, -26.068188604254509 ], [ -53.078976754999985, -26.067858945254521 ], [ -53.07932130599994, -26.067510260254526 ], [ -53.079429168999972, -26.067398550254534 ], [ -53.079735820999979, -26.068262570254504 ], [ -53.07978701199994, -26.068427116254508 ], [ -53.079830670999968, -26.068589179254516 ], [ -53.079779826999975, -26.068834710254521 ], [ -53.079673768999953, -26.069049941254494 ], [ -53.079583763999956, -26.069110918254523 ], [ -53.079484960999928, -26.069162894254536 ], [ -53.079398642999934, -26.069215535254497 ], [ -53.079272515999946, -26.069309175254478 ], [ -53.079203276999976, -26.069443581254511 ], [ -53.079197330999932, -26.069458605254496 ], [ -53.079186250999953, -26.069483331254496 ], [ -53.079123107999969, -26.069642966254481 ], [ -53.079087299999969, -26.069774155254478 ], [ -53.079083135999959, -26.069778407254475 ], [ -53.07902252599996, -26.069865820254492 ], [ -53.079006945999936, -26.070065652254506 ], [ -53.078950088999932, -26.07018487325449 ], [ -53.078890128999952, -26.070249906254482 ], [ -53.078837044999943, -26.07024630925449 ], [ -53.078719394999958, -26.070190781254475 ], [ -53.078616042999954, -26.070174248254474 ], [ -53.078545327999962, -26.070182738254498 ], [ -53.07853811199994, -26.070186604254484 ], [ -53.078481581999938, -26.070191678254485 ], [ -53.078474547999974, -26.070191237254488 ], [ -53.078407323999954, -26.070195659254502 ], [ -53.078357807999964, -26.07019208125449 ], [ -53.078350719999946, -26.070191509254506 ], [ -53.078300964999983, -26.07018749125448 ], [ -53.078229401999977, -26.070177357254487 ], [ -53.078131973999973, -26.070169470254463 ], [ -53.078110195999955, -26.07016770625447 ], [ -53.078095818999941, -26.07017092625447 ], [ -53.078088543999968, -26.070170338254496 ], [ -53.078016695999963, -26.070186429254512 ], [ -53.078009683999937, -26.070190878254472 ], [ -53.077875460999962, -26.070236464254474 ], [ -53.077861018999954, -26.070236367254466 ], [ -53.077843379999933, -26.070240861254465 ], [ -53.07770198999998, -26.0702674802545 ], [ -53.077698381999937, -26.070267458254516 ], [ -53.077567501999965, -26.070259955254507 ], [ -53.077562500999932, -26.070250822254522 ], [ -53.077486619999945, -26.070119097254505 ] ] ] } },
{ "type": "Feature", "properties": { "num_setor": "PR_FB_SR_03_CPRM", "munic": "FRANCISCO BELTRÃO", "grau_risco": "Alto", "distancia_km": 1.41, "chuva_24h": 8.1, "chuva_72h": 25.4, "fonte_estacao": "openmeteo", "codigo_estacao": "openmeteo", "nome_estacao": "Open-Meteo (célula de grade)" }, "geometry": { "type": "Polygon", "coordinates": [ [ [ -53.045085200999956, -26.077226201254359 ], [ -53.043885923999945, -26.075980338254372 ], [ -53.042761938999945, -26.074589698254389 ], [ -53.042382620999938, -26.072435159254436 ], [ -53.042697256999986, -26.071824337254448 ], [ -53.043563061999976, -26.070885577254469 ], [ -53.04410476299995, -26.070259744254461 ], [ -53.044931320999986, -26.069468984254499 ], [ -53.047183591999953, -26.067829669254571 ], [ -53.047735905999957, -26.068393665254543 ], [ -53.045360973999955, -26.071106121254463 ], [ -53.044602292999976, -26.07218295625443 ], [ -53.044322379999983, -26.073076140254425 ], [ -53.044334933999949, -26.07415738025442 ], [ -53.045340660999955, -26.075259979254376 ], [ -53.046100645999957, -26.076010668254391 ], [ -53.046719253999981, -26.076654505254361 ], [ -53.047225869999977, -26.077189910254344 ], [ -53.047788321999967, -26.077487433254369 ], [ -53.048091547999945, -26.077720360254318 ], [ -53.04810135699995, -26.078334506254336 ], [ -53.048136330999967, -26.078800432254337 ], [ -53.04807982899996, -26.079543349254283 ], [ -53.047970200999941, -26.080272460254271 ], [ -53.047852270999954, -26.080824497254287 ], [ -53.04661260499995, -26.0795233742543 ], [ -53.046673364999947, -26.079280755254302 ], [ -53.046713661999945, -26.079149053254319 ], [ -53.04677369999996, -26.078996362254291 ], [ -53.046650073999956, -26.078412937254306 ], [ -53.046480090999985, -26.078115164254296 ], [ -53.046403446999932, -26.078014917254325 ], [ -53.04628775499998, -26.077874140254323 ], [ -53.046034189999943, -26.077711811254346 ], [ -53.045975501999976, -26.077630328254312 ], [ -53.045916597999963, -26.077590010254315 ], [ -53.04581821499994, -26.077529461254343 ], [ -53.045739294999976, -26.077468654254343 ], [ -53.045660278999947, -26.077428177254319 ], [ -53.04562048799994, -26.077367001254348 ], [ -53.045481941999981, -26.077326768254355 ], [ -53.045382948999986, -26.077306795254355 ], [ -53.04532366799998, -26.077307131254312 ], [ -53.045264944999985, -26.07734849825437 ], [ -53.045085200999956, -26.077226201254359 ] ] ] } },
{ "type": "Feature", "properties": { "num_setor": "PR_FB_SR_04_CPRM", "munic": "FRANCISCO BELTRÃO", "grau_risco": "Alto", "distancia_km": 2.01, "chuva_24h": 8.1, "chuva_72h": 25.4, "fonte_estacao": "openmeteo", "codigo_estacao": "openmeteo", "nome_estacao": "Open-Meteo (célula de grade)" }, "geometry": { "type": "Polygon", "coordinates": [ [ [ -53.047977056999969, -26.064253058254618 ], [ -53.048043541999959, -26.065007365254615 ], [ -53.047832299999982, -26.065543322254562 ], [ -53.047206717999984, -26.066161971254594 ], [ -53.047137756, -26.066226321254597 ], [ -53.04710038199994, -26.066319451254579 ], [ -53.047001979999948, -26.06671464125457 ], [ -53.047123692999939, -26.067560711254515 ], [ -53.046462816999956, -26.068191515254526 ], [ -53.045712046999938, -26.06748116625457 ], [ -53.045202358999973, -26.067097035254552 ], [ -53.044889441999949, -26.066965378254562 ], [ -53.044722314999945, -26.066902677254564 ], [ -53.044626479999977, -26.066974648254568 ], [ -53.044565527999971, -26.066923358254531 ], [ -53.04450954899994, -26.066955258254534 ], [ -53.044476853999974, -26.06696111025455 ], [ -53.044421396999951, -26.066967958254558 ], [ -53.044300586999952, -26.066950577254534 ], [ -53.04421337399998, -26.066916250254565 ], [ -53.044182724999985, -26.066904313254547 ], [ -53.044167696999978, -26.066879413254568 ], [ -53.044123725999953, -26.066862325254579 ], [ -53.044043188999979, -26.066840582254532 ], [ -53.043946469999987, -26.06671518225453 ], [ -53.041467445999956, -26.065913981254585 ], [ -53.042188519999968, -26.065321574254554 ], [ -53.042689817999985, -26.064864720254583 ], [ -53.045326499999931, -26.065737530254594 ], [ -53.045770230999949, -26.06612619025459 ], [ -53.047977056999969, -26.064253058254618 ] ] ] } },
{ "type": "Feature", "properties": { "num_setor": "PR_FB_SR_02_CPRM", "munic": "FRANCISCO BELTRÃO", "grau_risco": "Alto", "distancia_km": 1.4, "chuva_24h": 8.1, "chuva_72h": 25.4, "fonte_estacao": "openmeteo", "codigo_estacao": "openmeteo", "nome_estacao": "Open-Meteo (célula de grade)" }, "geometry": { "type": "Polygon", "coordinates": [ [ [ -53.047624318999965, -26.089114768254088 ], [ -53.046928768999976, -26.088189288254128 ], [ -53.044700997999939, -26.084000293254221 ], [ -53.04507358799998, -26.080714153254299 ], [ -53.046649704999936, -26.07985285625427 ], [ -53.047229967999954, -26.080428194254303 ], [ -53.047803735999928, -26.081061416254261 ], [ -53.046869624999943, -26.08326583825426 ], [ -53.046470836999958, -26.083466477254198 ], [ -53.046328452999944, -26.084168684254205 ], [ -53.046661050999944, -26.085033676254181 ], [ -53.047872210999962, -26.086220937254151 ], [ -53.047807064999972, -26.087091735254127 ], [ -53.047430328999951, -26.087794414254137 ], [ -53.048028547999934, -26.088547534254129 ], [ -53.049028027999952, -26.089789986254104 ], [ -53.048120621999942, -26.09045823425409 ], [ -53.047624318999965, -26.089114768254088 ] ] ] } },
{ "type": "Feature", "properties": { "num_setor": "PR_FOZ_SR_04_CPRM", "munic": "FOZ DO IGUAÇU", "grau_risco": "Alto", "distancia_km": 1.35, "chuva_24h": 12.8, "chuva_72h": 34.9, "fonte_estacao": "openmeteo", "codigo_estacao": "openmeteo", "nome_estacao": "Open-Meteo (célula de grade)" }, "geometry": { "type": "Polygon", "coordinates": [ [ [ -54.563696510999939, -25.52903354026553 ], [ -54.563095837999974, -25.528483802265583 ], [ -54.563693956999941, -25.527908256265597 ], [ -54.565524183999969, -25.530212113265499 ], [ -54.56681840899995, -25.5324358042655 ], [ -54.565677001999973, -25.532463355265463 ], [ -54.565309630999934, -25.532442724265483 ], [ -54.565151088999976, -25.531810366265475 ], [ -54.565037589999974, -25.531039094265541 ], [ -54.564892049999969, -25.531049608265526 ], [ -54.564811764999945, -25.530603595265504 ], [ -54.564775387999987, -25.5301355732655 ], [ -54.564521272999976, -25.530127760265533 ], [ -54.564429095999969, -25.529882960265521 ], [ -54.564356041999986, -25.529894320265548 ], [ -54.563696510999939, -25.52903354026553 ] ] ] } },
{ "type": "Feature", "properties": { "num_setor": "PR_FOZ_SR_02_CPRM", "munic": "FOZ DO IGUAÇU", "grau_risco": "Muito alto", "distancia_km": 0.51, "chuva_24h": 20.4, "chuva_72h": 31.3, "fonte_estacao": "openmeteo", "codigo_estacao": "openmeteo", "nome_estacao": "Open-Meteo (célula de grade)" }, "geometry": { "type": "Polygon", "coordinates": [ [ [ -54.54431606199995, -25.517585533265812 ], [ -54.544588211999951, -25.51732447826581 ], [ -54.544530630999986, -25.51725465426577 ], [ -54.544756993999947, -25.51675133626582 ], [ -54.545081324999956, -25.516517903265804 ], [ -54.545436257999938, -25.516964117265818 ], [ -54.545294116999969, -25.517250047265769 ], [ -54.545339322999951, -25.517316205265821 ], [ -54.545194098999957, -25.517707124265797 ], [ -54.544838497999933, -25.518038695265787 ], [ -54.54431606199995, -25.517585533265812 ] ] ] } },
{ "type": "Feature", "properties": { "num_setor": "PR_FOZ_SR_03_CPRM", "munic": "FOZ DO IGUAÇU", "grau_risco": "Alto", "distancia_km": 1.45, "chuva_24h": 12.8, "chuva_72h": 34.9, "fonte_estacao": "openmeteo", "codigo_estacao": "openmeteo", "nome_estacao": "Open-Meteo (célula de grade)" }, "geometry": { "type": "Polygon", "coordinates": [ [ [ -54.555638114999965, -25.525321716265612 ], [ -54.557497811999951, -25.525522520265643 ], [ -54.557783733999941, -25.525333646265633 ], [ -54.559070369, -25.525529695265643 ], [ -54.559036252999931, -25.526256978265639 ], [ -54.558201419999925, -25.526076564265637 ], [ -54.556877485999962, -25.525946069265633 ], [ -54.556424854999932, -25.526002503265616 ], [ -54.555541717999965, -25.525916190265626 ], [ -54.555638114999965, -25.525321716265612 ] ] ] } },
{ "type": "Feature", "properties": { "num_setor": "PR_FOZ_SR_07_CPRM", "munic": "FOZ DO IGUAÇU", "grau_risco": "Muito alto", "distancia_km": 1.49, "chuva_24h": 1.8, "chuva_72h": 20.0, "fonte_estacao": "openmeteo", "codigo_estacao": "openmeteo", "nome_estacao": "Open-Meteo (célula de grade)" }, "geometry": { "type": "Polygon", "coordinates": [ [ [ -54.58570193799995, -25.554984548265033 ], [ -54.585615075999954, -25.554819098264989 ], [ -54.585575638999956, -25.554637205265003 ], [ -54.585708755999981, -25.554504585265011 ], [ -54.586004676999949, -25.554501219265031 ], [ -54.586246572999976, -25.554442955265024 ], [ -54.586483410999968, -25.554403419265043 ], [ -54.586741780999937, -25.554364333265017 ], [ -54.586773276999963, -25.554506578265023 ], [ -54.58671398499996, -25.554525354265024 ], [ -54.586404620999986, -25.554825174265034 ], [ -54.586173763999966, -25.555005303265023 ], [ -54.58589957099997, -25.555029008265013 ], [ -54.58570193799995, -25.554984548265033 ] ] ] } },
{ "type": "Feature", "properties": { "num_setor": "PR_FOZ_SR_08_CPRM", "munic": "FOZ DO IGUAÇU", "grau_risco": "Muito alto", "distancia_km": 0.65, "chuva_24h": 20.4, "chuva_72h": 31.3, "fonte_estacao": "openmeteo", "codigo_estacao": "openmeteo", "nome_estacao": "Open-Meteo (célula de grade)" }, "geometry": { "type": "Polygon", "coordinates": [ [ [ -54.570703551999941, -25.543489862265236 ], [ -54.570689938999976, -25.542193782265269 ], [ -54.571219171999985, -25.542183374265299 ], [ -54.571326650999936, -25.543524012265262 ], [ -54.570703551999941, -25.543489862265236 ] ] ] } },
{ "type": "Feature", "properties": { "num_setor": "PR_FOZ_SR_05_CPRM", "munic": "FOZ DO IGUAÇU", "grau_risco": "Alto", "distancia_km": 0.88, "chuva_24h": 20.4, "chuva_72h": 31.3, "fonte_estacao": "openmeteo", "codigo_estacao": "openmeteo", "nome_estacao": "Open-Meteo (célula de grade)" }, "geometry": { "type": "Polygon", "coordinates": [ [ [ -54.577610325999963, -25.545703997265214 ], [ -54.577600946999951, -25.545510042265231 ], [ -54.577637375999984, -25.545357822265224 ], [ -54.577819832999978, -25.545157916265246 ], [ -54.578046175999987, -25.545148405265216 ], [ -54.578051527999946, -25.545194976265208 ], [ -54.578082682999934, -25.545331885265185 ], [ -54.578065021, -25.545464134265238 ], [ -54.578027062999979, -25.545715936265214 ], [ -54.577610325999963, -25.545703997265214 ] ] ] } },
{ "type": "Feature", "properties": { "num_setor": "PR_FOZ_SR_06_CPRM", "munic": "FOZ DO IGUAÇU", "grau_risco": "Alto", "distancia_km": 1.12, "chuva_24h": 20.4, "chuva_72h": 31.3, "fonte_estacao": "openmeteo", "codigo_estacao": "openmeteo", "nome_estacao": "Open-Meteo (célula de grade)" }, "geometry": { "type": "Polygon", "coordinates": [ [ [ -54.581073737999986, -25.549713747265105 ], [ -54.580974662999949, -25.549618945265117 ], [ -54.58089337499996, -25.549537722265121 ], [ -54.580809501999966, -25.54947388226514 ], [ -54.580713938999956, -25.549369837265136 ], [ -54.580598651999935, -25.549287900265135 ], [ -54.580549686999973, -25.549225774265146 ], [ -54.580557435999935, -25.549207371265144 ], [ -54.580770824999952, -25.54919417326515 ], [ -54.58096022999996, -25.549180980265128 ], [ -54.581128041999932, -25.549168657265103 ], [ -54.581137282999975, -25.54917778126514 ], [ -54.581114514999967, -25.549717012265138 ], [ -54.581073737999986, -25.549713747265105 ] ] ] } },
{ "type": "Feature", "properties": { "num_setor": "PR_BOAVIST_SR_1_CPRM", "munic": "BOA VISTA DA APARECIDA", "grau_risco": "Muito alto", "distancia_km": 1.22, "chuva_24h": 7.7, "chuva_72h": 10.1, "fonte_estacao": "openmeteo", "codigo_estacao": "openmeteo", "nome_estacao": "Open-Meteo (célula de grade)" }, "geometry": { "type": "Polygon", "coordinates": [ [ [ -53.410329539999964, -25.442262457267354 ], [ -53.410934914999984, -25.441763632267342 ], [ -53.411498828999981, -25.441290458267375 ], [ -53.411507011999959, -25.440617579267403 ], [ -53.41157463199994, -25.440303165267412 ], [ -53.411865001999956, -25.439779499267381 ], [ -53.411942888999931, -25.439588331267416 ], [ -53.412070693999958, -25.43934945026739 ], [ -53.412328507999973, -25.439067161267424 ], [ -53.412532100999954, -25.438830971267411 ], [ -53.412538057999939, -25.438807122267413 ], [ -53.412886816999951, -25.43843017426742 ], [ -53.413052629999974, -25.438127236267427 ], [ -53.413346248999964, -25.437806779267447 ], [ -53.413503943999949, -25.437621941267462 ], [ -53.413740362999931, -25.43739216526744 ], [ -53.413976437999963, -25.437386326267443 ], [ -53.413843983999982, -25.437652108267432 ], [ -53.413754052999934, -25.437805026267458 ], [ -53.413764823999948, -25.437976566267452 ], [ -53.413701995999986, -25.438115962267457 ], [ -53.413599301999966, -25.438298534267417 ], [ -53.413502488999939, -25.438346387267437 ], [ -53.413380280999945, -25.438406333267455 ], [ -53.413282936999956, -25.438481035267397 ], [ -53.413192465999941, -25.438561971267411 ], [ -53.413096311999936, -25.438698600267415 ], [ -53.413020741999958, -25.438785483267392 ], [ -53.412969930999957, -25.438903372267429 ], [ -53.412937957999986, -25.439037919267431 ], [ -53.412937844999924, -25.439049644267413 ], [ -53.412870386999941, -25.43916742926741 ], [ -53.412773434999963, -25.439259428267405 ], [ -53.412640458999931, -25.439338784267413 ], [ -53.412593867999931, -25.439487094267399 ], [ -53.412608569999975, -25.439682787267415 ], [ -53.412587974999951, -25.43991407526741 ], [ -53.412530141999987, -25.439990557267418 ], [ -53.412363493999976, -25.44000311326743 ], [ -53.412215223999965, -25.440910977267389 ], [ -53.41212958899996, -25.441583912267337 ], [ -53.411675355999932, -25.442120375267333 ], [ -53.410940335999953, -25.442293907267356 ], [ -53.410603385999934, -25.442636678267363 ], [ -53.409951392999972, -25.442744899267367 ], [ -53.410329539999964, -25.442262457267354 ] ] ] } },
{ "type": "Feature", "properties": { "num_setor": "PR_BOAVIST_SR_2_CPRM", "munic": "BOA VISTA DA APARECIDA", "grau_risco": "Alto", "distancia_km": 1.6, "chuva_24h": 7.7, "chuva_72h": 10.1, "fonte_estacao": "openmeteo", "codigo_estacao": "openmeteo", "nome_estacao": "Open-Meteo (célula de grade)" }, "geometry": { "type": "Polygon", "coordinates": [ [ [ -53.402351633999956, -25.436335068267457 ], [ -53.402268696999954, -25.436309997267479 ], [ -53.402163134999974, -25.436235228267496 ], [ -53.402097488999971, -25.436099726267468 ], [ -53.402099367999938, -25.436076820267502 ], [ -53.402120392999961, -25.435966156267465 ], [ -53.402153455999951, -25.435857740267465 ], [ -53.402199610999958, -25.435717344267466 ], [ -53.402219667999979, -25.435645370267505 ], [ -53.402266985999972, -25.435552924267501 ], [ -53.402540348999935, -25.435496691267495 ], [ -53.402722766999943, -25.435422251267504 ], [ -53.402982633999954, -25.435299635267501 ], [ -53.403006373999972, -25.435335208267496 ], [ -53.403082234999943, -25.435468806267494 ], [ -53.403010848999948, -25.435597863267471 ], [ -53.402984820999968, -25.435683928267458 ], [ -53.402921482999943, -25.435774011267505 ], [ -53.402855770999963, -25.435899215267458 ], [ -53.40279959999998, -25.435953877267487 ], [ -53.40276232799993, -25.436049670267504 ], [ -53.402749191999931, -25.436188125267453 ], [ -53.402677031999986, -25.43626003626747 ], [ -53.402552266999976, -25.436342408267478 ], [ -53.402351633999956, -25.436335068267457 ] ] ] } },
{ "type": "Feature", "properties": { "num_setor": "PR_BARRACA_SR_1_CPRM", "munic": "BARRACÃO", "grau_risco": "Alto", "distancia_km": 2.01, "chuva_24h": 12.0, "chuva_72h": 38.2, "fonte_estacao": "openmeteo", "codigo_estacao": "openmeteo", "nome_estacao": "Open-Meteo (célula de grade)" }, "geometry": { "type": "Polygon", "coordinates": [ [ [ -53.641233824999972, -26.244127301251012 ], [ -53.641202055999941, -26.244108252251017 ], [ -53.641337441999944, -26.243956602250996 ], [ -53.641411164999965, -26.243872097250982 ], [ -53.641463235999936, -26.243785418250994 ], [ -53.641584051999985, -26.243515799251011 ], [ -53.641582540999927, -26.243402059250997 ], [ -53.64157740099995, -26.243319950250982 ], [ -53.641585540999984, -26.243193437250998 ], [ -53.641576995999969, -26.24312520725103 ], [ -53.641582033999953, -26.242950386251003 ], [ -53.64159490499997, -26.242660663251037 ], [ -53.641593649999955, -26.24250347625102 ], [ -53.641585068, -26.242420910251028 ], [ -53.641620548999981, -26.242392942251037 ], [ -53.641646316999982, -26.242370446251002 ], [ -53.641684571999974, -26.242358012251024 ], [ -53.641703795999945, -26.242341213251031 ], [ -53.641741927999931, -26.242322821251012 ], [ -53.64177939099995, -26.242337699251024 ], [ -53.641969434999965, -26.24244411825104 ], [ -53.642086322999951, -26.242514040251006 ], [ -53.642191258999965, -26.242612077251049 ], [ -53.642254283999932, -26.242674992251043 ], [ -53.642286985999931, -26.242713592251029 ], [ -53.642355173999931, -26.24278757225099 ], [ -53.642414172999956, -26.243576715250999 ], [ -53.642310003999967, -26.243646977250997 ], [ -53.642218114999928, -26.243686511251003 ], [ -53.642118707999941, -26.243728874250973 ], [ -53.642031083999939, -26.243805706251017 ], [ -53.642006748999961, -26.243831365250987 ], [ -53.641982333999977, -26.243859888251006 ], [ -53.641823552999938, -26.243969976250991 ], [ -53.641678744999979, -26.244039238250998 ], [ -53.641574497999954, -26.244085583250978 ], [ -53.64155225899998, -26.24409994025098 ], [ -53.641444452999963, -26.244152094250975 ], [ -53.641384958999936, -26.244165167250973 ], [ -53.64131273299995, -26.244167551250996 ], [ -53.641233824999972, -26.244127301251012 ] ] ] } },
{ "type": "Feature", "properties": { "num_setor": "PR_BARRACA_SR_2_CPRM", "munic": "BARRACÃO", "grau_risco": "Alto", "distancia_km": 1.87, "chuva_24h": 12.0, "chuva_72h": 38.2, "fonte_estacao": "openmeteo", "codigo_estacao": "openmeteo", "nome_estacao": "Open-Meteo (célula de grade)" }, "geometry": { "type": "Polygon", "coordinates": [ [ [ -53.637165596999978, -26.246500242250939 ], [ -53.636846266999953, -26.246157827250975 ], [ -53.637441022999951, -26.245544906250956 ], [ -53.637496862999974, -26.245495410250992 ], [ -53.637623552999969, -26.245575754250957 ], [ -53.637682749999961, -26.245817072250958 ], [ -53.637688994999969, -26.245857380250943 ], [ -53.637686835999943, -26.245893497250925 ], [ -53.63767583799995, -26.245933463250957 ], [ -53.637665812999956, -26.245957370250977 ], [ -53.637651274999939, -26.24598519725097 ], [ -53.637631712999962, -26.246017033250979 ], [ -53.637621933999981, -26.246032920250926 ], [ -53.637601878999931, -26.246072542250975 ], [ -53.637203307999982, -26.246511613250924 ], [ -53.637165596999978, -26.246500242250939 ] ] ] } },
{ "type": "Feature", "properties": { "num_setor": "PR_CLM_SR_03_CPRM", "munic": "CAPITÃO LEÔNIDAS MARQUES", "grau_risco": "Alto", "distancia_km": 1.44, "chuva_24h": 5.1, "chuva_72h": 8.1, "fonte_estacao": "openmeteo", "codigo_estacao": "openmeteo", "nome_estacao": "Open-Meteo (célula de grade)" }, "geometry": { "type": "Polygon", "coordinates": [ [ [ -53.609860169999934, -25.48808384126643 ], [ -53.609860276999939, -25.488033663266389 ], [ -53.609904400999937, -25.487944681266427 ], [ -53.609985293999955, -25.48799174626641 ], [ -53.609976468999946, -25.48802778026641 ], [ -53.609971736999967, -25.488056820266376 ], [ -53.609971744999932, -25.488061843266401 ], [ -53.609929509999972, -25.488081721266386 ], [ -53.609879453999952, -25.488093867266411 ], [ -53.609860169999934, -25.48808384126643 ] ] ] } },
{ "type": "Feature", "properties": { "num_setor": "PR_FOZ_SR_01_CPRM", "munic": "FOZ DO IGUAÇU", "grau_risco": "Muito alto", "distancia_km": 0.98, "chuva_24h": 20.4, "chuva_72h": 31.3, "fonte_estacao": "openmeteo", "codigo_estacao": "openmeteo", "nome_estacao": "Open-Meteo (célula de grade)" }, "geometry": { "type": "Polygon", "coordinates": [ [ [ -54.537953295999955, -25.507858153265996 ], [ -54.538592127999948, -25.50816322926601 ], [ -54.538632851999978, -25.508095380266006 ], [ -54.538736665999977, -25.508058675265985 ], [ -54.539205362999951, -25.508209753265987 ], [ -54.539543671999979, -25.50853063226598 ], [ -54.539360875999932, -25.508790514265939 ], [ -54.540020407999975, -25.509198141265951 ], [ -54.539958751999961, -25.509337827265963 ], [ -54.540348733999963, -25.509618906265946 ], [ -54.541033551999924, -25.510094913265966 ], [ -54.540892456999977, -25.510386164265928 ], [ -54.542591375999962, -25.511543812265902 ], [ -54.542910606999953, -25.511779891265896 ], [ -54.543715545999987, -25.512353561265865 ], [ -54.54335492499996, -25.513102485265911 ], [ -54.541008598999952, -25.511207361265896 ], [ -54.540551580999924, -25.510677336265921 ], [ -54.538202281999986, -25.508966130265975 ], [ -54.537666136999967, -25.508506336265999 ], [ -54.537953295999955, -25.507858153265996 ] ] ] } },
{ "type": "Feature", "properties": { "num_setor": "PR_CLM_SR_01_CPRM", "munic": "CAPITÃO LEÔNIDAS MARQUES", "grau_risco": "Muito alto", "distancia_km": 1.11, "chuva_24h": 5.1, "chuva_72h": 8.1, "fonte_estacao": "openmeteo", "codigo_estacao": "openmeteo", "nome_estacao": "Open-Meteo (célula de grade)" }, "geometry": { "type": "Polygon", "coordinates": [ [ [ -53.605411100999959, -25.487870602266433 ], [ -53.605389212999967, -25.487804938266393 ], [ -53.605367324999975, -25.487765539266391 ], [ -53.605340888999933, -25.487711906266398 ], [ -53.605330040999945, -25.487689958266419 ], [ -53.605302290999987, -25.487623700266422 ], [ -53.60526215799996, -25.487520612266422 ], [ -53.605279993999943, -25.487467095266389 ], [ -53.605344318999983, -25.487428254266405 ], [ -53.605389315999957, -25.48741602426642 ], [ -53.605430112999954, -25.487430695266394 ], [ -53.605446294999979, -25.487462480266423 ], [ -53.605463632999943, -25.48750725926643 ], [ -53.605489898999963, -25.487572923266406 ], [ -53.605511785999965, -25.487612322266404 ], [ -53.605533674999947, -25.487642965266403 ], [ -53.605559940999967, -25.487691120266415 ], [ -53.60557307299996, -25.487734896266385 ], [ -53.605590583999977, -25.487761161266416 ], [ -53.605612471999962, -25.487800560266422 ], [ -53.605633112999953, -25.487846764266425 ], [ -53.605557413999968, -25.487888844266376 ], [ -53.605437366999986, -25.487927511266388 ], [ -53.605411100999959, -25.487870602266433 ] ] ] } },
{ "type": "Feature", "properties": { "num_setor": "PR_CLM_SR_02_CPRM", "munic": "CAPITÃO LEÔNIDAS MARQUES", "grau_risco": "Alto", "distancia_km": 1.78, "chuva_24h": 5.1, "chuva_72h": 8.1, "fonte_estacao": "openmeteo", "codigo_estacao": "openmeteo", "nome_estacao": "Open-Meteo (célula de grade)" }, "geometry": { "type": "Polygon", "coordinates": [ [ [ -53.609655700999951, -25.477434939266622 ], [ -53.60983549599996, -25.477398998266612 ], [ -53.609938137999961, -25.477238817266606 ], [ -53.609937899999977, -25.477230670266643 ], [ -53.609962783999947, -25.477116781266602 ], [ -53.610147325999947, -25.477010554266606 ], [ -53.610156435999954, -25.47700243226662 ], [ -53.610287981999932, -25.476942462266617 ], [ -53.610307053999975, -25.476933552266651 ], [ -53.610441568999931, -25.476912466266647 ], [ -53.610557847999985, -25.476967617266613 ], [ -53.610633468999936, -25.477017988266603 ], [ -53.610671959999934, -25.477076482266629 ], [ -53.610710994999977, -25.47716004626659 ], [ -53.610777599999956, -25.47721883526663 ], [ -53.610815127999956, -25.477346312266604 ], [ -53.610793756999954, -25.477441546266611 ], [ -53.610809455999963, -25.477545351266603 ], [ -53.610705072999963, -25.477664669266627 ], [ -53.610695824999929, -25.477664589266617 ], [ -53.610517192999957, -25.477791861266599 ], [ -53.610365774999934, -25.477852021266642 ], [ -53.610216771999944, -25.477834499266621 ], [ -53.610039554999958, -25.477825349266588 ], [ -53.609861912, -25.477867194266587 ], [ -53.609748845999945, -25.477943878266593 ], [ -53.609561326999938, -25.477986177266629 ], [ -53.609326777999968, -25.477901701266596 ], [ -53.609195379999967, -25.477817376266611 ], [ -53.609063897999931, -25.47778441226659 ], [ -53.608829597999943, -25.477701938266591 ], [ -53.608661392999977, -25.477627378266604 ], [ -53.608577424999964, -25.477594337266616 ], [ -53.608437553999977, -25.477670757266587 ], [ -53.608168131999946, -25.477866539266639 ], [ -53.607825794999947, -25.478187648266594 ], [ -53.607624637999947, -25.478432168266611 ], [ -53.607531596999934, -25.478599302266595 ], [ -53.607430328999953, -25.478741578266611 ], [ -53.607312226999959, -25.478933808266589 ], [ -53.607311592999956, -25.479059086266567 ], [ -53.607301528999976, -25.479209576266577 ], [ -53.607161754999936, -25.479393691266608 ], [ -53.607049256999971, -25.479569802266575 ], [ -53.606993300999932, -25.479687097266559 ], [ -53.606974641999955, -25.479846167266558 ], [ -53.606945727999971, -25.480030988266552 ], [ -53.606855449999955, -25.480154941266566 ], [ -53.606795383999952, -25.480318709266559 ], [ -53.606553337999969, -25.480369947266578 ], [ -53.606365138999941, -25.48033849826659 ], [ -53.606355951999944, -25.480338452266558 ], [ -53.606223822999937, -25.480256179266572 ], [ -53.606121261999938, -25.480222997266534 ], [ -53.605985825999944, -25.48027139626657 ], [ -53.605793539999986, -25.480387323266534 ], [ -53.605599980999955, -25.48058242226654 ], [ -53.605347762999941, -25.480931304266552 ], [ -53.605203273999969, -25.481037589266563 ], [ -53.605008150999936, -25.481105286266526 ], [ -53.604838874999984, -25.481060958266525 ], [ -53.604838551999933, -25.481052858266519 ], [ -53.604664322999952, -25.480878991266518 ], [ -53.604650059999983, -25.480699103266534 ], [ -53.604722539999948, -25.480624924266571 ], [ -53.604934516999947, -25.480562300266566 ], [ -53.605047209999952, -25.480515501266545 ], [ -53.605139439999959, -25.480432248266535 ], [ -53.605240891999976, -25.480348995266581 ], [ -53.605340002999981, -25.480275016266546 ], [ -53.605436478999934, -25.480227061266582 ], [ -53.605543284999953, -25.480212067266564 ], [ -53.605684747999931, -25.48014794226658 ], [ -53.60584882399997, -25.480098902266558 ], [ -53.605947180999976, -25.480016605266542 ], [ -53.606020855999986, -25.479932950266573 ], [ -53.606113, -25.479824122266567 ], [ -53.606253115999948, -25.479672792266573 ], [ -53.606253189999961, -25.479664374266587 ], [ -53.606319216999964, -25.479554988266568 ], [ -53.606413206999946, -25.479428877266589 ], [ -53.606517377999971, -25.479336223266582 ], [ -53.606605640999931, -25.47920146026657 ], [ -53.606676119999975, -25.47902550226658 ], [ -53.606752091999965, -25.478867084266565 ], [ -53.606771038999966, -25.478758819266574 ], [ -53.606846690999987, -25.478584220266587 ], [ -53.606871031999951, -25.478319782266613 ], [ -53.606937091999953, -25.478162897266593 ], [ -53.607057526999945, -25.477981198266594 ], [ -53.607241190999957, -25.477807445266588 ], [ -53.607366407999962, -25.477813214266632 ], [ -53.60747399699995, -25.477827511266632 ], [ -53.607591429999957, -25.477825335266619 ], [ -53.607654771999933, -25.477824071266625 ], [ -53.607809434999986, -25.477796134266601 ], [ -53.607893374999946, -25.477688142266619 ], [ -53.608114994999937, -25.477569718266626 ], [ -53.608216325999933, -25.47749265826662 ], [ -53.60836407499994, -25.477414223266628 ], [ -53.608531128999971, -25.477361141266613 ], [ -53.608792124999979, -25.477417090266606 ], [ -53.609016660999941, -25.477456781266593 ], [ -53.609288435999979, -25.477463744266636 ], [ -53.609448104999956, -25.477488061266619 ], [ -53.609655700999951, -25.477434939266622 ] ] ] } },
{ "type": "Feature", "properties": { "num_setor": "PR_FOZ_SR_10_CPRM", "munic": "FOZ DO IGUAÇU", "grau_risco": "Alto", "distancia_km": 1.54, "chuva_24h": 20.4, "chuva_72h": 31.3, "fonte_estacao": "openmeteo", "codigo_estacao": "openmeteo", "nome_estacao": "Open-Meteo (célula de grade)" }, "geometry": { "type": "Polygon", "coordinates": [ [ [ -54.547548527999936, -25.506757854265985 ], [ -54.547791797999935, -25.506761540266002 ], [ -54.547922540999934, -25.50685305526601 ], [ -54.547980558999939, -25.507087441266002 ], [ -54.547975882999935, -25.507251039266013 ], [ -54.547822937999968, -25.507292677265998 ], [ -54.547548527999936, -25.506757854265985 ] ] ] } },
{ "type": "Feature", "properties": { "num_setor": "PR_FB_SR_01_CPRM", "munic": "FRANCISCO BELTRÃO", "grau_risco": "Alto", "distancia_km": 1.89, "chuva_24h": 10.5, "chuva_72h": 29.5, "fonte_estacao": "openmeteo", "codigo_estacao": "openmeteo", "nome_estacao": "Open-Meteo (célula de grade)" }, "geometry": { "type": "Polygon", "coordinates": [ [ [ -53.047066467999969, -26.093003881254024 ], [ -53.048119981999953, -26.090579654254064 ], [ -53.049140413999964, -26.089761530254101 ], [ -53.049540445999988, -26.091877534254078 ], [ -53.049182081999959, -26.092902574254058 ], [ -53.047633395999981, -26.09365399225404 ], [ -53.047066467999969, -26.093003881254024 ] ] ] } },
{ "type": "Feature", "properties": { "num_setor": "PR_ARAUCAR_SR_4_CPRM", "munic": "ARAUCÁRIA", "grau_risco": "Alto", "distancia_km": 1.21, "chuva_24h": 21.0, "chuva_72h": 36.8, "fonte_estacao": "openmeteo", "codigo_estacao": "openmeteo", "nome_estacao": "Open-Meteo (célula de grade)" }, "geometry": { "type": "Polygon", "coordinates": [ [ [ -49.386378947999965, -25.604486478263983 ], [ -49.386440856999961, -25.60441991126401 ], [ -49.386521923999965, -25.604360131263999 ], [ -49.386582708999981, -25.604348706263973 ], [ -49.386626355999965, -25.604449985263997 ], [ -49.386641475999966, -25.604491738264009 ], [ -49.386611369999969, -25.604533351264003 ], [ -49.386550351999979, -25.604574688263984 ], [ -49.386508033999974, -25.604607694264008 ], [ -49.386462280999979, -25.60463048426401 ], [ -49.386378947999965, -25.604486478263983 ] ] ] } },
{ "type": "Feature", "properties": { "num_setor": "PR_ARAUCAR_SR_5_CPRM", "munic": "ARAUCÁRIA", "grau_risco": "Alto", "distancia_km": 1.31, "chuva_24h": 21.0, "chuva_72h": 36.8, "fonte_estacao": "openmeteo", "codigo_estacao": "openmeteo", "nome_estacao": "Open-Meteo (célula de grade)" }, "geometry": { "type": "Polygon", "coordinates": [ [ [ -49.385231527999963, -25.604756276264013 ], [ -49.385208875999979, -25.604697005264008 ], [ -49.385235340999948, -25.604650526263971 ], [ -49.385278800999977, -25.604601168264008 ], [ -49.385342706999957, -25.60456591526399 ], [ -49.385413339999964, -25.604573236263985 ], [ -49.385454726999967, -25.604624569263983 ], [ -49.385506998999972, -25.604700312263997 ], [ -49.385568504999981, -25.604793591263999 ], [ -49.385572683999953, -25.604793412264016 ], [ -49.38558534699996, -25.604871199263968 ], [ -49.385404254999969, -25.604993173263999 ], [ -49.385384859999931, -25.604970886264002 ], [ -49.385307595999961, -25.604865675264008 ], [ -49.385242203999944, -25.60479521626398 ], [ -49.385231527999963, -25.604756276264013 ] ] ] } },
{ "type": "Feature", "properties": { "num_setor": "PR-UNV-SR-03-CPRM", "munic": "UNIÃO DA VITÓRIA", "grau_risco": "Alto", "distancia_km": 1.16, "chuva_24h": 22.4, "chuva_72h": 50.1, "fonte_estacao": "openmeteo", "codigo_estacao": "openmeteo", "nome_estacao": "Open-Meteo (célula de grade)" }, "geometry": { "type": "Polygon", "coordinates": [ [ [ -51.105036670999937, -26.267008912250567 ], [ -51.104982931999977, -26.266983717250522 ], [ -51.104943162, -26.266908859250524 ], [ -51.104979027999946, -26.266645933250523 ], [ -51.104971784999975, -26.266575577250542 ], [ -51.104976893999947, -26.266495013250516 ], [ -51.10500591999994, -26.266230178250531 ], [ -51.105005935999934, -26.266223722250526 ], [ -51.105020515999961, -26.266068601250563 ], [ -51.104963984999983, -26.26592643625057 ], [ -51.104992801999963, -26.265790318250566 ], [ -51.105043352999985, -26.265688131250595 ], [ -51.105149173999962, -26.265697751250546 ], [ -51.105206893999934, -26.265726611250592 ], [ -51.105298283999957, -26.265750661250564 ], [ -51.105389674999969, -26.265784332250536 ], [ -51.105427388999942, -26.265861671250587 ], [ -51.105330458999958, -26.265912985250537 ], [ -51.105309262999981, -26.265996435250567 ], [ -51.105309212999941, -26.266009262250542 ], [ -51.105322687999944, -26.266130948250545 ], [ -51.105273147999974, -26.266310722250537 ], [ -51.105258468999978, -26.266502868250548 ], [ -51.105187774999933, -26.266715311250547 ], [ -51.105166225999945, -26.266875627250556 ], [ -51.105116934999955, -26.267043771250549 ], [ -51.105036670999937, -26.267008912250567 ] ] ] } },
{ "type": "Feature", "properties": { "num_setor": "PR_ALMIRAN_SR_12_CPRM", "munic": "ALMIRANTE TAMANDARÉ", "grau_risco": "Alto", "distancia_km": 1.04, "chuva_24h": 12.9, "chuva_72h": 27.1, "fonte_estacao": "openmeteo", "codigo_estacao": "openmeteo", "nome_estacao": "Open-Meteo (célula de grade)" }, "geometry": { "type": "Polygon", "coordinates": [ [ [ -49.30507070699997, -25.303598074270248 ], [ -49.305360877999938, -25.303336192270233 ], [ -49.305167884999946, -25.302647830270246 ], [ -49.306130792999966, -25.302443653270242 ], [ -49.306248773999982, -25.303148061270228 ], [ -49.305140861999973, -25.303879713270224 ], [ -49.305066433999968, -25.304496009270245 ], [ -49.305423123999958, -25.304490116270202 ], [ -49.305424822999953, -25.304557566270226 ], [ -49.305339529999969, -25.304795123270207 ], [ -49.304851481999947, -25.30491795127023 ], [ -49.303885751999985, -25.304843652270232 ], [ -49.303726749999953, -25.30490472527022 ], [ -49.303612245999943, -25.304890283270211 ], [ -49.303652291999981, -25.304747802270196 ], [ -49.303690460999974, -25.3046187742702 ], [ -49.303161141999965, -25.304382025270186 ], [ -49.303266246999954, -25.30417182827026 ], [ -49.30365601699998, -25.304317239270201 ], [ -49.303770374999942, -25.303849708270249 ], [ -49.303625259999926, -25.303762333270232 ], [ -49.303501909999966, -25.303669473270219 ], [ -49.303539857999965, -25.303598458270219 ], [ -49.303703574999986, -25.303662653270216 ], [ -49.304615206999976, -25.303701437270245 ], [ -49.30507070699997, -25.303598074270248 ] ] ] } },
{ "type": "Feature", "properties": { "num_setor": "PR_ALMIRAN_SR_14_CPRM", "munic": "ALMIRANTE TAMANDARÉ", "grau_risco": "Alto", "distancia_km": 0.24, "chuva_24h": 12.9, "chuva_72h": 27.1, "fonte_estacao": "openmeteo", "codigo_estacao": "openmeteo", "nome_estacao": "Open-Meteo (célula de grade)" }, "geometry": { "type": "Polygon", "coordinates": [ [ [ -49.280223052999986, -25.339827458269461 ], [ -49.280329676999941, -25.339750977269514 ], [ -49.280288556999949, -25.33959132726952 ], [ -49.28027880999997, -25.339494163269514 ], [ -49.280662754999973, -25.339506938269466 ], [ -49.280566753999949, -25.339747313269491 ], [ -49.280603183999979, -25.339927545269486 ], [ -49.280607767999982, -25.339974455269456 ], [ -49.280802318999974, -25.340120728269508 ], [ -49.280908552999954, -25.340183709269482 ], [ -49.280891874999952, -25.340280568269485 ], [ -49.281300539999961, -25.340554915269482 ], [ -49.281596190999949, -25.340685872269436 ], [ -49.28169730999997, -25.340860544269447 ], [ -49.281819538999969, -25.340823023269476 ], [ -49.281816427999956, -25.340932159269464 ], [ -49.281782048999958, -25.340999949269467 ], [ -49.281580266999981, -25.341112594269475 ], [ -49.281537771999979, -25.341278415269464 ], [ -49.281627072999981, -25.341398765269428 ], [ -49.281793568999944, -25.341459055269453 ], [ -49.281984625999939, -25.341324046269438 ], [ -49.28208553099995, -25.341323749269449 ], [ -49.282252921999948, -25.341393903269463 ], [ -49.282466931999977, -25.341500952269474 ], [ -49.28254222299995, -25.341608277269451 ], [ -49.283155440999963, -25.341734981269422 ], [ -49.282958465999968, -25.34540967026938 ], [ -49.282530452999936, -25.345391168269391 ], [ -49.282574972999953, -25.344868346269351 ], [ -49.282152676999935, -25.344896858269383 ], [ -49.28208269199996, -25.344319677269414 ], [ -49.281893571999944, -25.344188869269409 ], [ -49.281766480999977, -25.343726398269389 ], [ -49.281526258999975, -25.343692530269379 ], [ -49.281442387999959, -25.343582787269387 ], [ -49.281179434999956, -25.343468307269404 ], [ -49.281041060999939, -25.343695750269386 ], [ -49.281009098999959, -25.34401921526938 ], [ -49.281184141999972, -25.344166486269373 ], [ -49.281123425999965, -25.34426573326941 ], [ -49.280828890999942, -25.344182608269406 ], [ -49.280850562999944, -25.3444384452694 ], [ -49.280979983999941, -25.344696804269383 ], [ -49.281007649999935, -25.345042461269397 ], [ -49.280690739999962, -25.345039743269385 ], [ -49.280670892999979, -25.345149080269341 ], [ -49.280415964999982, -25.345140443269397 ], [ -49.280424750999941, -25.345230919269358 ], [ -49.280225029999933, -25.345198537269393 ], [ -49.280209413999955, -25.344944252269361 ], [ -49.280146018999972, -25.344702810269354 ], [ -49.279994354999978, -25.344479190269379 ], [ -49.279872648999977, -25.344299740269367 ], [ -49.279978470999936, -25.343957594269394 ], [ -49.280015448999961, -25.343852094269376 ], [ -49.280244551999949, -25.343896385269428 ], [ -49.280351200999974, -25.343554002269393 ], [ -49.280701643999976, -25.343639469269409 ], [ -49.28092012999997, -25.342922667269441 ], [ -49.281111783999961, -25.342064739269436 ], [ -49.28127199499994, -25.341582636269422 ], [ -49.281225255999971, -25.34153079626946 ], [ -49.281251080999944, -25.341481967269477 ], [ -49.281392230999984, -25.341233958269456 ], [ -49.281418066999954, -25.340949371269453 ], [ -49.281257281999963, -25.340928223269483 ], [ -49.281232170999942, -25.340924920269458 ], [ -49.281028411999955, -25.340741853269439 ], [ -49.280905229999973, -25.340637500269445 ], [ -49.280884371999939, -25.340618873269474 ], [ -49.280822011999931, -25.34056318426946 ], [ -49.280916538, -25.34042326226945 ], [ -49.280223052999986, -25.339827458269461 ] ] ] } },
{ "type": "Feature", "properties": { "num_setor": "PR_ALMIRAN_SR_10_CPRM", "munic": "ALMIRANTE TAMANDARÉ", "grau_risco": "Alto", "distancia_km": 1.67, "chuva_24h": 17.1, "chuva_72h": 30.5, "fonte_estacao": "openmeteo", "codigo_estacao": "openmeteo", "nome_estacao": "Open-Meteo (célula de grade)" }, "geometry": { "type": "Polygon", "coordinates": [ [ [ -49.303416857999935, -25.237331252271659 ], [ -49.303522388999959, -25.237329998271601 ], [ -49.303516448999972, -25.237414904271642 ], [ -49.303641294999977, -25.23754511027165 ], [ -49.304063194999969, -25.237644857271604 ], [ -49.304034201999961, -25.237733506271631 ], [ -49.304002827999966, -25.23782159127158 ], [ -49.304002626999932, -25.237930059271587 ], [ -49.303771340999958, -25.237980043271637 ], [ -49.303746168999965, -25.237868887271631 ], [ -49.303523509999934, -25.237899445271626 ], [ -49.303416179999942, -25.237903016271609 ], [ -49.30329394599994, -25.2378477342716 ], [ -49.303137725999932, -25.237871889271602 ], [ -49.303088826999954, -25.237674859271628 ], [ -49.303086224999959, -25.237614006271595 ], [ -49.302976875999938, -25.237601967271637 ], [ -49.303001320999954, -25.237377162271628 ], [ -49.303112806999934, -25.237395898271643 ], [ -49.303200110999967, -25.237508480271622 ], [ -49.303295718999941, -25.237548710271597 ], [ -49.303307773999961, -25.237491591271631 ], [ -49.303303301999961, -25.237395685271622 ], [ -49.303410732999971, -25.237399025271596 ], [ -49.303416857999935, -25.237331252271659 ] ] ] } },
{ "type": "Feature", "properties": { "num_setor": "PR_ALMIRAN_SR_11_CPRM", "munic": "ALMIRANTE TAMANDARÉ", "grau_risco": "Alto", "distancia_km": 0.64, "chuva_24h": 14.8, "chuva_72h": 27.0, "fonte_estacao": "openmeteo", "codigo_estacao": "openmeteo", "nome_estacao": "Open-Meteo (célula de grade)" }, "geometry": { "type": "Polygon", "coordinates": [ [ [ -49.310020244999976, -25.288504203270531 ], [ -49.310330628999964, -25.287977710270546 ], [ -49.310822538999957, -25.28823605527057 ], [ -49.31077632399996, -25.288369095270546 ], [ -49.310629868999968, -25.288491549270542 ], [ -49.310871959999986, -25.288559844270544 ], [ -49.310804419999961, -25.288775139270513 ], [ -49.31076890199995, -25.288807791270539 ], [ -49.310020244999976, -25.288504203270531 ] ] ] } },
{ "type": "Feature", "properties": { "num_setor": "PR_ALMIRAN_SR_17_CPRM", "munic": "ALMIRANTE TAMANDARÉ", "grau_risco": "Alto", "distancia_km": 0.39, "chuva_24h": 12.9, "chuva_72h": 27.1, "fonte_estacao": "openmeteo", "codigo_estacao": "openmeteo", "nome_estacao": "Open-Meteo (célula de grade)" }, "geometry": { "type": "Polygon", "coordinates": [ [ [ -49.309247745999983, -25.367437672268924 ], [ -49.309284765999962, -25.367427982268921 ], [ -49.309348557999954, -25.367424596268918 ], [ -49.30941691299995, -25.367609430268903 ], [ -49.309574236999936, -25.367612063268904 ], [ -49.309570774999933, -25.36747141126888 ], [ -49.309726936999937, -25.367406667268895 ], [ -49.309906913999953, -25.367288437268897 ], [ -49.310006671999986, -25.367242514268881 ], [ -49.31017357099995, -25.367138463268891 ], [ -49.31026660699996, -25.367247849268907 ], [ -49.31037712899996, -25.367217640268926 ], [ -49.31032945, -25.367125029268916 ], [ -49.310408281999969, -25.367001979268906 ], [ -49.310357208999953, -25.366935366268901 ], [ -49.310420419999957, -25.366850700268937 ], [ -49.310331847999976, -25.366790458268937 ], [ -49.310395297999946, -25.366704190268901 ], [ -49.310322169999949, -25.366615317268923 ], [ -49.310149258999957, -25.366409118268944 ], [ -49.310093983999934, -25.366335261268922 ], [ -49.310255794999932, -25.366245767268918 ], [ -49.310244838999949, -25.366178889268934 ], [ -49.310302591999971, -25.366101889268954 ], [ -49.310390778999931, -25.366065459268938 ], [ -49.310520216999976, -25.365910649268923 ], [ -49.31055287899995, -25.365464694268955 ], [ -49.31058571799997, -25.36532727526895 ], [ -49.310661643999936, -25.365214640268963 ], [ -49.310754125999949, -25.365192001268944 ], [ -49.310754162999956, -25.365184105268956 ], [ -49.310772386999986, -25.365022311268955 ], [ -49.31085533199996, -25.364945241268977 ], [ -49.310927299999939, -25.365021227268929 ], [ -49.310840121999952, -25.36693744526891 ], [ -49.310819595999931, -25.367208093268935 ], [ -49.310423874999969, -25.367337683268911 ], [ -49.310142829999954, -25.367414192268896 ], [ -49.309851779, -25.367629187268903 ], [ -49.309894103999966, -25.367842787268906 ], [ -49.309508463999975, -25.367882237268876 ], [ -49.30964843199996, -25.368583346268892 ], [ -49.309621668999966, -25.36883529726888 ], [ -49.309558848999984, -25.369326639268852 ], [ -49.309389585999945, -25.36938712626889 ], [ -49.30938420199994, -25.369851882268865 ], [ -49.309422249999955, -25.37031855326882 ], [ -49.309146221999981, -25.370450531268833 ], [ -49.308777164999981, -25.370452133268827 ], [ -49.308565098999971, -25.370458512268851 ], [ -49.308435541999977, -25.370545339268862 ], [ -49.308428852999945, -25.370417427268823 ], [ -49.308311028999988, -25.370405257268832 ], [ -49.308302158999929, -25.370337324268863 ], [ -49.308766016999982, -25.37028627426885 ], [ -49.309004705999939, -25.370107878268826 ], [ -49.30909119599994, -25.369902646268855 ], [ -49.309063917999936, -25.369670983268879 ], [ -49.309063962999971, -25.369404383268851 ], [ -49.30901178199997, -25.369386488268869 ], [ -49.308915199999944, -25.369046267268896 ], [ -49.30898297799996, -25.369021772268837 ], [ -49.308896281999978, -25.368725785268889 ], [ -49.308772727999951, -25.368122538268889 ], [ -49.308758875999956, -25.368066501268906 ], [ -49.309020653999937, -25.368021474268915 ], [ -49.309064342999932, -25.367887829268906 ], [ -49.309058909999983, -25.367629498268922 ], [ -49.309034697999941, -25.36753238626893 ], [ -49.309027654999966, -25.367515941268902 ], [ -49.309247745999983, -25.367437672268924 ] ] ] } },
{ "type": "Feature", "properties": { "num_setor": "PR_ALMIRAN_SR_18_CPRM", "munic": "ALMIRANTE TAMANDARÉ", "grau_risco": "Alto", "distancia_km": 0.59, "chuva_24h": 14.8, "chuva_72h": 27.0, "fonte_estacao": "openmeteo", "codigo_estacao": "openmeteo", "nome_estacao": "Open-Meteo (célula de grade)" }, "geometry": { "type": "Polygon", "coordinates": [ [ [ -49.30915750999997, -25.287697112270589 ], [ -49.309245320999935, -25.287740811270595 ], [ -49.309888736999937, -25.287981312270546 ], [ -49.309832508999932, -25.288098874270553 ], [ -49.309686653999954, -25.28803465427054 ], [ -49.309434938999978, -25.287954941270549 ], [ -49.309373690999955, -25.288061017270554 ], [ -49.309281445999943, -25.288063238270546 ], [ -49.309227650999958, -25.288042048270562 ], [ -49.309162868999977, -25.288153623270556 ], [ -49.309078663999969, -25.288308064270563 ], [ -49.308966960999946, -25.288242443270537 ], [ -49.308739765999967, -25.288178769270555 ], [ -49.308763097999986, -25.288128973270567 ], [ -49.308861508999946, -25.288159825270569 ], [ -49.308901347999949, -25.288083878270552 ], [ -49.308961884999967, -25.288092477270567 ], [ -49.309028631999986, -25.288060664270542 ], [ -49.309091515999967, -25.287893276270569 ], [ -49.309070514999974, -25.287828446270591 ], [ -49.308944323999981, -25.287752444270577 ], [ -49.308962815999962, -25.287703988270582 ], [ -49.309097592999933, -25.287769779270572 ], [ -49.30915750999997, -25.287697112270589 ] ] ] } },
{ "type": "Feature", "properties": { "num_setor": "PR_ALMIRAN_SR_15_CPRM", "munic": "ALMIRANTE TAMANDARÉ", "grau_risco": "Muito alto", "distancia_km": 0.23, "chuva_24h": 12.9, "chuva_72h": 27.1, "fonte_estacao": "openmeteo", "codigo_estacao": "openmeteo", "nome_estacao": "Open-Meteo (célula de grade)" }, "geometry": { "type": "Polygon", "coordinates": [ [ [ -49.277882990999956, -25.342640280269404 ], [ -49.278371233999962, -25.342991968269427 ], [ -49.278702979999927, -25.343068506269415 ], [ -49.278747922999969, -25.342962235269408 ], [ -49.27916978199994, -25.34303706026942 ], [ -49.279491904999986, -25.343074388269439 ], [ -49.279537796999932, -25.343015072269406 ], [ -49.279698023999977, -25.343034859269391 ], [ -49.279769213999941, -25.34306257926945 ], [ -49.279888000999968, -25.343085672269417 ], [ -49.28009578099995, -25.343137606269408 ], [ -49.280064267999926, -25.343335253269402 ], [ -49.279999869999983, -25.343502892269388 ], [ -49.279730882999957, -25.343493296269401 ], [ -49.279371001999948, -25.343516072269384 ], [ -49.279167684999948, -25.343522202269419 ], [ -49.278911406999953, -25.343599817269425 ], [ -49.278731736999937, -25.343640661269379 ], [ -49.278766202, -25.343787846269368 ], [ -49.278544373999978, -25.343953857269398 ], [ -49.278300901999962, -25.344152713269391 ], [ -49.27822659299995, -25.344063746269391 ], [ -49.27809425199996, -25.344135411269395 ], [ -49.278049765999981, -25.344051991269382 ], [ -49.27790436399993, -25.344176517269432 ], [ -49.277648217999968, -25.344295396269377 ], [ -49.277320143999923, -25.344041538269366 ], [ -49.277760559999933, -25.343588056269429 ], [ -49.27759821199993, -25.343533842269391 ], [ -49.277228045999955, -25.343258879269396 ], [ -49.277882990999956, -25.342640280269404 ] ] ] } },
{ "type": "Feature", "properties": { "num_setor": "PR_ALMIRAN_SR_16_CPRM", "munic": "ALMIRANTE TAMANDARÉ", "grau_risco": "Alto", "distancia_km": 0.38, "chuva_24h": 12.9, "chuva_72h": 27.1, "fonte_estacao": "openmeteo", "codigo_estacao": "openmeteo", "nome_estacao": "Open-Meteo (célula de grade)" }, "geometry": { "type": "Polygon", "coordinates": [ [ [ -49.306602336999966, -25.370997271268831 ], [ -49.30625383499995, -25.370744784268823 ], [ -49.305990724999951, -25.370548918268824 ], [ -49.305812858999957, -25.370189902268883 ], [ -49.305343868999955, -25.369436240268861 ], [ -49.305093561999968, -25.368897174268895 ], [ -49.304940831999943, -25.368312105268895 ], [ -49.306005248999952, -25.367569980268922 ], [ -49.30626934199995, -25.367762920268891 ], [ -49.306424908999986, -25.367919765268883 ], [ -49.306568376999969, -25.368095282268875 ], [ -49.306382744999951, -25.368195233268857 ], [ -49.306123296999935, -25.368271492268878 ], [ -49.306132079999941, -25.368353604268908 ], [ -49.306003173999954, -25.368410702268861 ], [ -49.306032799999969, -25.368668443268895 ], [ -49.306182456999977, -25.368937119268853 ], [ -49.30625218299997, -25.369175191268848 ], [ -49.306379644999936, -25.369213594268871 ], [ -49.306434460999981, -25.369513478268878 ], [ -49.30630770099998, -25.369599656268875 ], [ -49.306094465999934, -25.369667038268883 ], [ -49.306165386999965, -25.370077463268849 ], [ -49.306441097999937, -25.370300707268832 ], [ -49.306796199999944, -25.370670825268856 ], [ -49.307348929999932, -25.371179184268826 ], [ -49.30752939599995, -25.371074231268828 ], [ -49.307768265999989, -25.371511130268846 ], [ -49.307683278999946, -25.371567617268841 ], [ -49.307411138999946, -25.371662639268813 ], [ -49.307292697999969, -25.37152329426884 ], [ -49.307229868999968, -25.371548577268793 ], [ -49.307244142999942, -25.371675967268835 ], [ -49.307025883999984, -25.371774711268788 ], [ -49.306954068999971, -25.371864743268794 ], [ -49.306791587999946, -25.37209342626884 ], [ -49.306771049999945, -25.372195709268833 ], [ -49.306554361999986, -25.372058226268816 ], [ -49.306447422999952, -25.372008334268838 ], [ -49.306653824999955, -25.37171339626881 ], [ -49.306767529999945, -25.371496558268849 ], [ -49.306806255999959, -25.371245556268818 ], [ -49.306602336999966, -25.370997271268831 ] ] ] } },
{ "type": "Feature", "properties": { "num_setor": "PR_ALMIRAN_SR_05_CPRM", "munic": "ALMIRANTE TAMANDARÉ", "grau_risco": "Muito alto", "distancia_km": 1.19, "chuva_24h": 12.9, "chuva_72h": 27.1, "fonte_estacao": "openmeteo", "codigo_estacao": "openmeteo", "nome_estacao": "Open-Meteo (célula de grade)" }, "geometry": { "type": "Polygon", "coordinates": [ [ [ -49.290276500999937, -25.345708905269372 ], [ -49.290952981999965, -25.34575401326936 ], [ -49.290907708999953, -25.346175771269369 ], [ -49.291191447999957, -25.346162693269317 ], [ -49.291122331999986, -25.34640874526934 ], [ -49.291135469999972, -25.346605386269342 ], [ -49.290648395999938, -25.346773303269334 ], [ -49.290466834999961, -25.346882503269331 ], [ -49.290366521999943, -25.346965167269307 ], [ -49.290205696999976, -25.347108132269319 ], [ -49.289954339999952, -25.347072293269292 ], [ -49.289962236999941, -25.346705794269308 ], [ -49.289955994999957, -25.346620782269316 ], [ -49.289915288999964, -25.346420740269373 ], [ -49.290110609999942, -25.346386436269373 ], [ -49.290124217999967, -25.34619244626936 ], [ -49.290276500999937, -25.345708905269372 ] ] ] } },
{ "type": "Feature", "properties": { "num_setor": "PR_ALMIRAN_SR_06_CPRM", "munic": "ALMIRANTE TAMANDARÉ", "grau_risco": "Alto", "distancia_km": 0.61, "chuva_24h": 12.9, "chuva_72h": 27.1, "fonte_estacao": "openmeteo", "codigo_estacao": "openmeteo", "nome_estacao": "Open-Meteo (célula de grade)" }, "geometry": { "type": "Polygon", "coordinates": [ [ [ -49.309027654999966, -25.367515941268902 ], [ -49.308854535999963, -25.367577505268915 ], [ -49.308818076999955, -25.367257030268913 ], [ -49.308745138999946, -25.367069098268892 ], [ -49.30890556199995, -25.366992836268903 ], [ -49.308898498999959, -25.366920287268918 ], [ -49.308956585999965, -25.366882051268892 ], [ -49.308988030999949, -25.366824251268916 ], [ -49.308887181999978, -25.366751587268908 ], [ -49.308692726999936, -25.366678696268913 ], [ -49.308611170999939, -25.366633607268934 ], [ -49.308680177999967, -25.366384378268926 ], [ -49.308916224999962, -25.366415641268908 ], [ -49.308959099999981, -25.36642439426894 ], [ -49.309081362999969, -25.366557903268909 ], [ -49.309238961999938, -25.36652253926891 ], [ -49.309283574999938, -25.366566353268894 ], [ -49.309373261999959, -25.366479384268903 ], [ -49.309416391999946, -25.36642611926894 ], [ -49.309140892999949, -25.366168973268927 ], [ -49.308919037999935, -25.365950968268965 ], [ -49.309113515999968, -25.365888530268922 ], [ -49.309359110999928, -25.365829820268964 ], [ -49.309319935999952, -25.365662951268966 ], [ -49.309320182999954, -25.36546962926894 ], [ -49.309629828999959, -25.365407093268981 ], [ -49.309801218999951, -25.365335908268936 ], [ -49.309940747999974, -25.365215741268972 ], [ -49.310123174999944, -25.365008849268982 ], [ -49.310229615999958, -25.364767137268942 ], [ -49.310223182999941, -25.364566367268953 ], [ -49.310209750999952, -25.36437542326896 ], [ -49.309977303999972, -25.364315164268952 ], [ -49.309753981999961, -25.36425626226897 ], [ -49.309876281999948, -25.363882596268962 ], [ -49.30992707799993, -25.363673925268962 ], [ -49.310057685999936, -25.363710973268983 ], [ -49.310005402999941, -25.363918203268984 ], [ -49.31005065599993, -25.364015350269 ], [ -49.310138513999959, -25.364224532268988 ], [ -49.310407753999989, -25.364231738268945 ], [ -49.310522208999942, -25.364153581268994 ], [ -49.310619487999979, -25.36428892526899 ], [ -49.310751037999971, -25.364397324268985 ], [ -49.310695076999934, -25.364537934268949 ], [ -49.31054821299994, -25.364476422268936 ], [ -49.310561937999971, -25.364760064268928 ], [ -49.310641811999972, -25.364788203268986 ], [ -49.310450723999963, -25.365082986268948 ], [ -49.310320196999953, -25.365024729268956 ], [ -49.310137586999986, -25.365306422268933 ], [ -49.310126536999974, -25.365373735268975 ], [ -49.31008225599993, -25.365491924268948 ], [ -49.310222175999961, -25.365581019268973 ], [ -49.310470201999976, -25.365592890268939 ], [ -49.310407527999985, -25.365763221268921 ], [ -49.310210027999979, -25.366009998268943 ], [ -49.310116552999943, -25.366244954268932 ], [ -49.310037226999953, -25.366297940268943 ], [ -49.309973214999957, -25.366352616268927 ], [ -49.310010299999924, -25.366412991268902 ], [ -49.309679091999946, -25.366665745268929 ], [ -49.309507492999956, -25.366860452268924 ], [ -49.309588902999963, -25.367051815268923 ], [ -49.309416252999938, -25.367120309268916 ], [ -49.309150924999976, -25.367204645268913 ], [ -49.309247745999983, -25.367437672268924 ], [ -49.309027654999966, -25.367515941268902 ] ] ] } },
{ "type": "Feature", "properties": { "num_setor": "PR_ALMIRAN_SR_24_CPRM", "munic": "ALMIRANTE TAMANDARÉ", "grau_risco": "Alto", "distancia_km": 1.15, "chuva_24h": 12.9, "chuva_72h": 27.1, "fonte_estacao": "openmeteo", "codigo_estacao": "openmeteo", "nome_estacao": "Open-Meteo (célula de grade)" }, "geometry": { "type": "Polygon", "coordinates": [ [ [ -49.268461409999986, -25.339197800269488 ], [ -49.268803359999936, -25.339382555269513 ], [ -49.268911487999965, -25.339207039269503 ], [ -49.26916597699995, -25.339251500269516 ], [ -49.269262316999971, -25.339328212269457 ], [ -49.269507034999954, -25.339520258269513 ], [ -49.269471489999944, -25.339596151269479 ], [ -49.269399723999989, -25.339607683269463 ], [ -49.26933465999997, -25.33969694426948 ], [ -49.269326860999968, -25.339706338269494 ], [ -49.26922577199997, -25.339870839269473 ], [ -49.269093688999931, -25.34007153226948 ], [ -49.268992318999949, -25.340183669269454 ], [ -49.268848321999933, -25.340287796269493 ], [ -49.268607675999931, -25.340637301269457 ], [ -49.267876225999942, -25.340297418269476 ], [ -49.267802665999966, -25.340261102269441 ], [ -49.268461409999986, -25.339197800269488 ] ] ] } },
{ "type": "Feature", "properties": { "num_setor": "PR_ALMIRAN_SR_04_CPRM", "munic": "ALMIRANTE TAMANDARÉ", "grau_risco": "Alto", "distancia_km": 1.4, "chuva_24h": 12.9, "chuva_72h": 27.1, "fonte_estacao": "openmeteo", "codigo_estacao": "openmeteo", "nome_estacao": "Open-Meteo (célula de grade)" }, "geometry": { "type": "Polygon", "coordinates": [ [ [ -49.292146070999934, -25.33521884126959 ], [ -49.291953612999976, -25.335111319269583 ], [ -49.292014289999941, -25.335002874269549 ], [ -49.29238808599996, -25.335195903269554 ], [ -49.292262954999956, -25.335358883269588 ], [ -49.292624192999931, -25.33548753126956 ], [ -49.29271593499994, -25.33551864626957 ], [ -49.292663144999942, -25.335622884269586 ], [ -49.292323177999947, -25.335498484269568 ], [ -49.292162130999941, -25.335696368269566 ], [ -49.292389155999956, -25.335808920269567 ], [ -49.292260662999979, -25.335995813269548 ], [ -49.292107130999966, -25.33619194426953 ], [ -49.292327, -25.336312747269552 ], [ -49.292214755999964, -25.336443270269548 ], [ -49.291540794999946, -25.335980913269559 ], [ -49.291627451999943, -25.335863257269569 ], [ -49.291744849999986, -25.335441700269591 ], [ -49.291866306999964, -25.335382081269582 ], [ -49.291981135999947, -25.335448471269558 ], [ -49.292146070999934, -25.33521884126959 ] ] ] } },
{ "type": "Feature", "properties": { "num_setor": "PR_ALMIRAN_SR_08_CPRM", "munic": "ALMIRANTE TAMANDARÉ", "grau_risco": "Alto", "distancia_km": 0.21, "chuva_24h": 12.9, "chuva_72h": 27.1, "fonte_estacao": "openmeteo", "codigo_estacao": "openmeteo", "nome_estacao": "Open-Meteo (célula de grade)" }, "geometry": { "type": "Polygon", "coordinates": [ [ [ -49.309317545999932, -25.310333348270106 ], [ -49.30943777899995, -25.310307689270083 ], [ -49.309454544999937, -25.310215299270126 ], [ -49.309578207999948, -25.310206496270109 ], [ -49.309581265999952, -25.310321198270071 ], [ -49.309571532999939, -25.310326615270078 ], [ -49.309582699999964, -25.310410760270088 ], [ -49.309449425999965, -25.310421287270071 ], [ -49.309456953999984, -25.310464891270108 ], [ -49.309327153999959, -25.310475804270091 ], [ -49.309352758999978, -25.310538479270075 ], [ -49.309226345999946, -25.310560742270077 ], [ -49.309127279999984, -25.31057688227008 ], [ -49.309161252999957, -25.310756825270058 ], [ -49.308557942999975, -25.310846819270065 ], [ -49.308542418999934, -25.310650602270087 ], [ -49.307670174999942, -25.31069093927011 ], [ -49.30769220399997, -25.310510257270096 ], [ -49.307927109999987, -25.310522749270103 ], [ -49.307894130999955, -25.310332052270102 ], [ -49.308138686999939, -25.310266733270133 ], [ -49.308480504999977, -25.310271499270083 ], [ -49.309121737999931, -25.310232715270111 ], [ -49.309125689999973, -25.310380852270114 ], [ -49.309317545999932, -25.310333348270106 ] ] ] } },
{ "type": "Feature", "properties": { "num_setor": "PR_ALMIRAN_SR_09_CPRM", "munic": "ALMIRANTE TAMANDARÉ", "grau_risco": "Alto", "distancia_km": 0.59, "chuva_24h": 12.9, "chuva_72h": 27.1, "fonte_estacao": "openmeteo", "codigo_estacao": "openmeteo", "nome_estacao": "Open-Meteo (célula de grade)" }, "geometry": { "type": "Polygon", "coordinates": [ [ [ -49.303489015999951, -25.311965652270068 ], [ -49.30344561499993, -25.31192804027004 ], [ -49.30347071999995, -25.311830181270039 ], [ -49.303451876999986, -25.311736443270078 ], [ -49.303446096999949, -25.311687082270087 ], [ -49.303408019999949, -25.311608750270047 ], [ -49.303407608999983, -25.311528558270069 ], [ -49.303448858999957, -25.311405468270085 ], [ -49.303456162999964, -25.311319834270069 ], [ -49.303380740999955, -25.311282380270079 ], [ -49.303453539999964, -25.311154802270082 ], [ -49.303507866999951, -25.311098903270068 ], [ -49.303455982999942, -25.31103966327009 ], [ -49.303504356999952, -25.310961636270058 ], [ -49.303636421999954, -25.311032931270056 ], [ -49.303654059999978, -25.311118906270117 ], [ -49.303666126999985, -25.311386394270055 ], [ -49.303626953999988, -25.311578008270079 ], [ -49.303602857999977, -25.311766862270058 ], [ -49.303625562999969, -25.311865400270086 ], [ -49.303610184999968, -25.311983683270089 ], [ -49.303489015999951, -25.311965652270068 ] ] ] } },
{ "type": "Feature", "properties": { "num_setor": "PR_ARAUCAR_SR_1_CPRM", "munic": "ARAUCÁRIA", "grau_risco": "Muito alto", "distancia_km": 1.44, "chuva_24h": 21.0, "chuva_72h": 36.8, "fonte_estacao": "openmeteo", "codigo_estacao": "openmeteo", "nome_estacao": "Open-Meteo (célula de grade)" }, "geometry": { "type": "Polygon", "coordinates": [ [ [ -49.367334134999965, -25.624550220263561 ], [ -49.367267654999978, -25.624535649263549 ], [ -49.367267371999958, -25.624516813263568 ], [ -49.367275780999933, -25.62447864826359 ], [ -49.36727996299993, -25.624452829263568 ], [ -49.367288692999978, -25.624424068263551 ], [ -49.367306702999947, -25.624394772263571 ], [ -49.36732496999997, -25.624362765263566 ], [ -49.367376073999935, -25.624334464263576 ], [ -49.367436239999961, -25.624349848263563 ], [ -49.367373812999965, -25.624558503263554 ], [ -49.367334134999965, -25.624550220263561 ] ] ] } },
{ "type": "Feature", "properties": { "num_setor": "PR_ALMIRAN_SR_07_CPRM", "munic": "ALMIRANTE TAMANDARÉ", "grau_risco": "Alto", "distancia_km": 0.3, "chuva_24h": 12.9, "chuva_72h": 27.1, "fonte_estacao": "openmeteo", "codigo_estacao": "openmeteo", "nome_estacao": "Open-Meteo (célula de grade)" }, "geometry": { "type": "Polygon", "coordinates": [ [ [ -49.311835565999949, -25.308910058270143 ], [ -49.311765939999987, -25.308796753270123 ], [ -49.311748963999946, -25.308617591270131 ], [ -49.31194934399997, -25.308635415270135 ], [ -49.312034832999984, -25.308772223270111 ], [ -49.312071921999973, -25.308861392270142 ], [ -49.312207139999941, -25.308930683270127 ], [ -49.31240506599994, -25.30906919027009 ], [ -49.31254989599995, -25.309030476270124 ], [ -49.312600225999979, -25.308800792270102 ], [ -49.312958822999974, -25.308837162270144 ], [ -49.313181031999932, -25.308898418270115 ], [ -49.313394537999955, -25.308979473270121 ], [ -49.313451070999974, -25.309028581270098 ], [ -49.313324211999941, -25.309202709270135 ], [ -49.313354962999938, -25.309394382270142 ], [ -49.31339782699996, -25.309509246270089 ], [ -49.313374610999979, -25.309665610270102 ], [ -49.313257663999934, -25.309817109270142 ], [ -49.313304571999936, -25.309906848270106 ], [ -49.313291504999938, -25.309973920270089 ], [ -49.313109820999955, -25.309906634270099 ], [ -49.312914501999956, -25.310199436270079 ], [ -49.31270401799997, -25.310121239270082 ], [ -49.312445913999966, -25.310444253270092 ], [ -49.312523089999949, -25.31052296327011 ], [ -49.312631340999985, -25.310656427270086 ], [ -49.31277085399995, -25.310672490270068 ], [ -49.31263501899997, -25.311229768270088 ], [ -49.312879860999942, -25.311175665270067 ], [ -49.312926528999981, -25.311269860270095 ], [ -49.313347780999948, -25.311365596270083 ], [ -49.313667377999934, -25.311295768270089 ], [ -49.313764345999971, -25.311386765270061 ], [ -49.313597115999976, -25.311479163270047 ], [ -49.313352653999971, -25.311552295270062 ], [ -49.312637935999931, -25.311488593270077 ], [ -49.312704714999938, -25.311779739270069 ], [ -49.312811434999958, -25.311842980270018 ], [ -49.312782600999981, -25.311964420270073 ], [ -49.312715138999977, -25.312266956270065 ], [ -49.312492536999969, -25.312249191270073 ], [ -49.312463064999967, -25.312568482270045 ], [ -49.31214512199994, -25.312507763270073 ], [ -49.312065883999935, -25.312544883270064 ], [ -49.312077167, -25.312599240270014 ], [ -49.311809106999931, -25.312655112270043 ], [ -49.311785039999961, -25.312542966270055 ], [ -49.311789464999947, -25.312144387270077 ], [ -49.311994134999971, -25.311893250270071 ], [ -49.312026701999969, -25.311817729270079 ], [ -49.312112137999975, -25.311798687270059 ], [ -49.312123530999934, -25.311648455270053 ], [ -49.312199771999978, -25.3116372232701 ], [ -49.312202645999953, -25.311567316270089 ], [ -49.312476170999958, -25.311562500270082 ], [ -49.312385710999934, -25.311168399270056 ], [ -49.312305730999981, -25.311114241270097 ], [ -49.312404643999969, -25.310933474270076 ], [ -49.312168380999942, -25.310930632270072 ], [ -49.312118884999954, -25.310805569270091 ], [ -49.311952140999949, -25.310777402270105 ], [ -49.311950575999958, -25.310870055270072 ], [ -49.312019526999961, -25.310996000270102 ], [ -49.312055955999938, -25.311274167270071 ], [ -49.31202945299998, -25.31135758227008 ], [ -49.31190318199998, -25.311341751270103 ], [ -49.311720483999977, -25.311356420270091 ], [ -49.311721339999963, -25.31170105727011 ], [ -49.311565624999957, -25.311697010270102 ], [ -49.311635795999969, -25.311328895270087 ], [ -49.311401263999976, -25.311463684270095 ], [ -49.311226059999967, -25.311721624270078 ], [ -49.311105383999973, -25.311866975270092 ], [ -49.310926654999946, -25.311822159270072 ], [ -49.310937950999971, -25.311603688270097 ], [ -49.310994948999969, -25.311445980270086 ], [ -49.310982396999975, -25.311327559270058 ], [ -49.310988, -25.31121004327008 ], [ -49.310711574999978, -25.311254258270079 ], [ -49.310685963999958, -25.311113475270076 ], [ -49.310602423999967, -25.311128677270055 ], [ -49.310571109999955, -25.311004523270068 ], [ -49.310451202999957, -25.311013449270096 ], [ -49.310431636999965, -25.310928770270095 ], [ -49.310394005999967, -25.310487287270075 ], [ -49.310272499999947, -25.310488201270061 ], [ -49.310230550999961, -25.310238112270106 ], [ -49.310116476999944, -25.310256828270116 ], [ -49.310092356999981, -25.310037616270126 ], [ -49.310191470999939, -25.310018198270097 ], [ -49.31014678799994, -25.309689611270098 ], [ -49.31022823099994, -25.309653619270101 ], [ -49.31021212099995, -25.309382385270144 ], [ -49.310848129999961, -25.309325803270127 ], [ -49.310844724999981, -25.309533499270092 ], [ -49.310866338999965, -25.309974652270135 ], [ -49.311036041999955, -25.309943914270118 ], [ -49.311081234999968, -25.310349897270111 ], [ -49.311217544999977, -25.310339591270079 ], [ -49.311377275999973, -25.310321897270075 ], [ -49.311767565999958, -25.310299217270099 ], [ -49.311830578999945, -25.310348627270063 ], [ -49.312039442999946, -25.310455964270098 ], [ -49.312291087999938, -25.310200225270094 ], [ -49.312367266999956, -25.310097323270117 ], [ -49.312454394999975, -25.309986202270085 ], [ -49.312619550999962, -25.309801726270134 ], [ -49.31282417999995, -25.309639380270109 ], [ -49.313052409999948, -25.309491426270117 ], [ -49.313134828999978, -25.309276703270115 ], [ -49.313185635999965, -25.309179560270113 ], [ -49.313225846999956, -25.309079298270131 ], [ -49.313106446999939, -25.309036305270109 ], [ -49.312716531999968, -25.308993137270118 ], [ -49.312591424999937, -25.309116122270126 ], [ -49.312408404999985, -25.30917766127013 ], [ -49.312244014999976, -25.309036556270129 ], [ -49.312180772999959, -25.309008758270107 ], [ -49.312054279999984, -25.309080027270145 ], [ -49.312160776999974, -25.309233561270137 ], [ -49.312073397999939, -25.309272031270126 ], [ -49.312021229999971, -25.309231627270126 ], [ -49.311967864999978, -25.309083074270102 ], [ -49.311835565999949, -25.308910058270143 ] ] ] } },
{ "type": "Feature", "properties": { "num_setor": "PR_ALMIRAN_SR_13_CPRM", "munic": "ALMIRANTE TAMANDARÉ", "grau_risco": "Alto", "distancia_km": 1.51, "chuva_24h": 12.9, "chuva_72h": 27.1, "fonte_estacao": "openmeteo", "codigo_estacao": "openmeteo", "nome_estacao": "Open-Meteo (célula de grade)" }, "geometry": { "type": "Polygon", "coordinates": [ [ [ -49.294561579999936, -25.346016469269333 ], [ -49.293864536999934, -25.345972991269324 ], [ -49.293445597999941, -25.34588400626934 ], [ -49.293368104999956, -25.345583043269372 ], [ -49.293325589999938, -25.345492114269355 ], [ -49.293263583999931, -25.345396810269346 ], [ -49.293482849999975, -25.344944475269383 ], [ -49.29370492299995, -25.345082341269375 ], [ -49.294844655999952, -25.345162486269398 ], [ -49.295251618999941, -25.345253850269348 ], [ -49.29520768499998, -25.346045384269367 ], [ -49.294561579999936, -25.346016469269333 ] ] ] } },
{ "type": "Feature", "properties": { "num_setor": "PR_ALMIRAN_SR_03_CPRM", "munic": "ALMIRANTE TAMANDARÉ", "grau_risco": "Alto", "distancia_km": 1.44, "chuva_24h": 12.9, "chuva_72h": 27.1, "fonte_estacao": "openmeteo", "codigo_estacao": "openmeteo", "nome_estacao": "Open-Meteo (célula de grade)" }, "geometry": { "type": "Polygon", "coordinates": [ [ [ -49.27817035299995, -25.322890361269835 ], [ -49.27831301599997, -25.322876222269862 ], [ -49.27832084399995, -25.322942371269821 ], [ -49.27822284299998, -25.323063786269834 ], [ -49.278152596999981, -25.323234432269849 ], [ -49.278333378999946, -25.323238515269814 ], [ -49.278403867999941, -25.323723798269793 ], [ -49.278234345999969, -25.323998722269785 ], [ -49.278176859999974, -25.324139427269824 ], [ -49.278178826999977, -25.324346012269817 ], [ -49.278074442999987, -25.32448428926978 ], [ -49.277832591999982, -25.324353650269799 ], [ -49.277726045999941, -25.324507026269821 ], [ -49.277628657999976, -25.324472674269831 ], [ -49.277521846999946, -25.324557003269767 ], [ -49.277416679999924, -25.32464175726977 ], [ -49.277307980999979, -25.324704832269784 ], [ -49.277167452999954, -25.324696202269806 ], [ -49.277106909999979, -25.324672809269828 ], [ -49.27701628899996, -25.324855519269811 ], [ -49.276858595999954, -25.324739015269813 ], [ -49.276689302999948, -25.324757168269798 ], [ -49.276619923999931, -25.325840454269748 ], [ -49.275972507999938, -25.325915937269787 ], [ -49.275514694999977, -25.326222913269774 ], [ -49.274638197999941, -25.326358733269746 ], [ -49.274353855999948, -25.326385293269784 ], [ -49.274267809999976, -25.326069813269743 ], [ -49.274437896999977, -25.325736644269764 ], [ -49.274438294999982, -25.325718774269749 ], [ -49.274372163999949, -25.325404645269806 ], [ -49.274374602999956, -25.325391894269767 ], [ -49.274206585999934, -25.325033292269769 ], [ -49.274097503999933, -25.324606727269778 ], [ -49.27390423799995, -25.324509131269785 ], [ -49.273917158999943, -25.324210303269815 ], [ -49.27392660299995, -25.324043142269844 ], [ -49.274052395999952, -25.324054573269798 ], [ -49.274028825999949, -25.324280534269807 ], [ -49.275127635999979, -25.3244962572698 ], [ -49.275116589999975, -25.324673780269791 ], [ -49.275346320999972, -25.325045999269765 ], [ -49.275384005999967, -25.325925628269797 ], [ -49.275669248999975, -25.325866993269777 ], [ -49.275745637999933, -25.32476956326979 ], [ -49.276769836999961, -25.324520978269785 ], [ -49.276641228999949, -25.324378654269829 ], [ -49.276897045999931, -25.324286984269811 ], [ -49.276798253999964, -25.324162709269793 ], [ -49.276845083999945, -25.323820020269817 ], [ -49.277012217999982, -25.323779643269816 ], [ -49.277036428999956, -25.323649264269829 ], [ -49.277205174999949, -25.323569028269802 ], [ -49.277436827999956, -25.323424959269826 ], [ -49.277498669999943, -25.323393588269848 ], [ -49.277368612999965, -25.323090882269838 ], [ -49.277466980999975, -25.323034463269806 ], [ -49.277534648999961, -25.323106961269811 ], [ -49.277711976999974, -25.323118189269824 ], [ -49.277787426999964, -25.323019826269817 ], [ -49.277883093999939, -25.322963631269861 ], [ -49.278020630999947, -25.323033219269835 ], [ -49.27817035299995, -25.322890361269835 ] ] ] } },
{ "type": "Feature", "properties": { "num_setor": "PR_ALMIRAN_SR_01_CPRM", "munic": "ALMIRANTE TAMANDARÉ", "grau_risco": "Alto", "distancia_km": 0.38, "chuva_24h": 12.9, "chuva_72h": 27.1, "fonte_estacao": "openmeteo", "codigo_estacao": "openmeteo", "nome_estacao": "Open-Meteo (célula de grade)" }, "geometry": { "type": "Polygon", "coordinates": [ [ [ -49.280225029999933, -25.345198537269393 ], [ -49.280160532999957, -25.345200662269367 ], [ -49.280147437999972, -25.34529731626937 ], [ -49.280179314999948, -25.345473712269342 ], [ -49.279962618999946, -25.345776290269328 ], [ -49.279861427999947, -25.346017432269331 ], [ -49.279970638999941, -25.346062861269342 ], [ -49.279955591999965, -25.346172658269325 ], [ -49.279899902999944, -25.346315293269353 ], [ -49.279705591999971, -25.346528889269333 ], [ -49.279514608999939, -25.346427301269333 ], [ -49.279122580999967, -25.346203176269345 ], [ -49.279169662999941, -25.346147944269322 ], [ -49.279205515999934, -25.346100423269323 ], [ -49.279037838999947, -25.346006907269334 ], [ -49.27920240299995, -25.34570332926933 ], [ -49.279336981999954, -25.345765619269354 ], [ -49.279454360999978, -25.345823055269371 ], [ -49.279636692999986, -25.345506546269363 ], [ -49.279416221999952, -25.345454846269341 ], [ -49.279342901999946, -25.3451879262694 ], [ -49.279441367999944, -25.345156730269387 ], [ -49.27940673399997, -25.345058716269389 ], [ -49.279350238999939, -25.34489207526936 ], [ -49.279258062999979, -25.344785090269369 ], [ -49.279135802999981, -25.344878862269375 ], [ -49.279016657999932, -25.344769929269351 ], [ -49.278879460999974, -25.344659715269394 ], [ -49.278834369999977, -25.344610775269398 ], [ -49.278711605999952, -25.344517442269396 ], [ -49.278785624999955, -25.344473460269388 ], [ -49.278928598999983, -25.344505070269388 ], [ -49.278688862999957, -25.344142406269363 ], [ -49.278791659999968, -25.34404811726937 ], [ -49.278983704, -25.343996869269397 ], [ -49.279121864999979, -25.343979235269366 ], [ -49.279402087999983, -25.343991005269395 ], [ -49.279410156999973, -25.344130580269386 ], [ -49.279349355999955, -25.34428848426937 ], [ -49.279289901999952, -25.344514089269399 ], [ -49.279408236999984, -25.344554273269392 ], [ -49.27953393599995, -25.344466730269378 ], [ -49.279739871999944, -25.344613641269387 ], [ -49.279934725999965, -25.344521492269369 ], [ -49.279994354999978, -25.344479190269379 ], [ -49.280146018999972, -25.344702810269354 ], [ -49.280209413999955, -25.344944252269361 ], [ -49.280225029999933, -25.345198537269393 ] ] ] } },
{ "type": "Feature", "properties": { "num_setor": "PR_ALMIRAN_SR_02_CPRM", "munic": "ALMIRANTE TAMANDARÉ", "grau_risco": "Muito alto", "distancia_km": 0.13, "chuva_24h": 12.9, "chuva_72h": 27.1, "fonte_estacao": "openmeteo", "codigo_estacao": "openmeteo", "nome_estacao": "Open-Meteo (célula de grade)" }, "geometry": { "type": "Polygon", "coordinates": [ [ [ -49.281225255999971, -25.34153079626946 ], [ -49.28120606799996, -25.341567076269474 ], [ -49.281113110999961, -25.34161342826944 ], [ -49.280927322999965, -25.341680807269473 ], [ -49.280455505999953, -25.341863582269443 ], [ -49.279931062999935, -25.341708733269435 ], [ -49.279969154999947, -25.341407331269448 ], [ -49.28003108199993, -25.341355780269446 ], [ -49.280148599999954, -25.341043861269426 ], [ -49.279961595999964, -25.340900710269466 ], [ -49.27961221299995, -25.340791469269448 ], [ -49.279052526999983, -25.340662530269469 ], [ -49.279045340999978, -25.340305062269479 ], [ -49.278945793999981, -25.340039623269451 ], [ -49.278992607999953, -25.339793060269496 ], [ -49.279328086999953, -25.339528446269501 ], [ -49.279440894999937, -25.339557123269493 ], [ -49.27980058199995, -25.339603989269484 ], [ -49.280044209999978, -25.339682786269485 ], [ -49.280205108999951, -25.339812041269475 ], [ -49.280223052999986, -25.339827458269461 ], [ -49.280916538, -25.34042326226945 ], [ -49.280822011999931, -25.34056318426946 ], [ -49.280884371999939, -25.340618873269474 ], [ -49.280905229999973, -25.340637500269445 ], [ -49.281028411999955, -25.340741853269439 ], [ -49.281232170999942, -25.340924920269458 ], [ -49.281257281999963, -25.340928223269483 ], [ -49.281418066999954, -25.340949371269453 ], [ -49.281392230999984, -25.341233958269456 ], [ -49.281251080999944, -25.341481967269477 ], [ -49.281225255999971, -25.34153079626946 ] ] ] } },
{ "type": "Feature", "properties": { "num_setor": "PR_ARAUCAR_SR_3_CPRM", "munic": "ARAUCÁRIA", "grau_risco": "Muito alto", "distancia_km": 0.79, "chuva_24h": 21.0, "chuva_72h": 36.8, "fonte_estacao": "openmeteo", "codigo_estacao": "openmeteo", "nome_estacao": "Open-Meteo (célula de grade)" }, "geometry": { "type": "Polygon", "coordinates": [ [ [ -49.367760414999964, -25.630568784263481 ], [ -49.367614045999971, -25.630522880263445 ], [ -49.367858898999941, -25.62977501826348 ], [ -49.368039706999987, -25.629872380263443 ], [ -49.368120456999975, -25.629936379263459 ], [ -49.36818368499997, -25.629974640263452 ], [ -49.36822038899993, -25.630059408263463 ], [ -49.368217312999946, -25.630137716263487 ], [ -49.368193249999933, -25.630252934263439 ], [ -49.368170784999954, -25.63030818726347 ], [ -49.368147104999935, -25.630378369263461 ], [ -49.368106504999965, -25.630470460263457 ], [ -49.368028790999972, -25.630564113263478 ], [ -49.367962844999973, -25.630588117263439 ], [ -49.367854055999942, -25.630589130263466 ], [ -49.367760414999964, -25.630568784263481 ] ] ] } },
{ "type": "Feature", "properties": { "num_setor": "PR_CRZ_SR05A_CPRM", "munic": "CERRO AZUL", "grau_risco": "Alto", "distancia_km": 0.83, "chuva_24h": 20.6, "chuva_72h": 22.3, "fonte_estacao": "openmeteo", "codigo_estacao": "openmeteo", "nome_estacao": "Open-Meteo (célula de grade)" }, "geometry": { "type": "Polygon", "coordinates": [ [ [ -49.272832662999974, -24.835630383280101 ], [ -49.272759581999935, -24.835515714280078 ], [ -49.272714665999956, -24.835455763280113 ], [ -49.272714305999955, -24.835430759280108 ], [ -49.272592005999968, -24.835365678280105 ], [ -49.272596733999933, -24.835315548280125 ], [ -49.272838659999934, -24.835074797280093 ], [ -49.272932854999972, -24.835084920280135 ], [ -49.273076609999976, -24.835145118280103 ], [ -49.273170483999941, -24.835240332280105 ], [ -49.27325918899993, -24.835325577280145 ], [ -49.273232380999957, -24.835420751280108 ], [ -49.273232463999925, -24.835430757280122 ], [ -49.273178188999964, -24.83552569528009 ], [ -49.273096484999932, -24.835615442280098 ], [ -49.273014358999944, -24.8356502932801 ], [ -49.27291551299993, -24.835660245280124 ], [ -49.272832662999974, -24.835630383280101 ] ] ] } },
{ "type": "Feature", "properties": { "num_setor": "PR_PINHAIS_SR_02_CPRM", "munic": "PINHAIS", "grau_risco": "Alto", "distancia_km": 1.1, "chuva_24h": 9.2, "chuva_72h": 21.1, "fonte_estacao": "openmeteo", "codigo_estacao": "openmeteo", "nome_estacao": "Open-Meteo (célula de grade)" }, "geometry": { "type": "Polygon", "coordinates": [ [ [ -49.196098723999967, -25.420941042267799 ], [ -49.196434703999955, -25.420909107267764 ], [ -49.196448135999951, -25.421059249267763 ], [ -49.197376823999946, -25.42100461526778 ], [ -49.197428877999982, -25.421276562267767 ], [ -49.197339925999984, -25.421500241267804 ], [ -49.197401252999953, -25.421612044267782 ], [ -49.197291740999965, -25.4218433962678 ], [ -49.197309665999967, -25.422074901267777 ], [ -49.197393922999929, -25.422146782267781 ], [ -49.197345429999984, -25.422438250267763 ], [ -49.197486824999942, -25.422565959267736 ], [ -49.197343844999985, -25.422968158267725 ], [ -49.196508601999938, -25.423075063267717 ], [ -49.196392448999966, -25.422149329267786 ], [ -49.196260205999977, -25.421097054267793 ], [ -49.196107593999955, -25.421092780267809 ], [ -49.196098723999967, -25.420941042267799 ] ] ] } },
{ "type": "Feature", "properties": { "num_setor": "PR_PINHAIS_SR_03_CPRM", "munic": "PINHAIS", "grau_risco": "Alto", "distancia_km": 0.41, "chuva_24h": 9.2, "chuva_72h": 21.1, "fonte_estacao": "openmeteo", "codigo_estacao": "openmeteo", "nome_estacao": "Open-Meteo (célula de grade)" }, "geometry": { "type": "Polygon", "coordinates": [ [ [ -49.194148318999964, -25.401328252268218 ], [ -49.194094340999982, -25.401160493268204 ], [ -49.194033511999983, -25.401146095268185 ], [ -49.193999906999977, -25.401026730268185 ], [ -49.193975413999965, -25.400901490268208 ], [ -49.193948653999939, -25.400810665268182 ], [ -49.193908854999961, -25.400604894268216 ], [ -49.193908859999965, -25.400599692268205 ], [ -49.193845626999973, -25.400370926268241 ], [ -49.193827822999943, -25.400248039268224 ], [ -49.193877050999951, -25.40024327126822 ], [ -49.194387547999952, -25.401539012268177 ], [ -49.194484020999937, -25.402143835268173 ], [ -49.194490304999931, -25.402473935268191 ], [ -49.194451998999973, -25.402476527268181 ], [ -49.194544286999985, -25.403512148268131 ], [ -49.194544090999955, -25.404147547268153 ], [ -49.194500461999951, -25.404199333268135 ], [ -49.194554804999932, -25.405004193268134 ], [ -49.194592860999933, -25.405038602268146 ], [ -49.194610472999955, -25.4054242342681 ], [ -49.194545775999984, -25.405618389268135 ], [ -49.194593280999982, -25.405941006268119 ], [ -49.194587641999924, -25.40599044726811 ], [ -49.194598198999984, -25.406116345268121 ], [ -49.194676340999926, -25.406448432268117 ], [ -49.194720186, -25.406441178268089 ], [ -49.194728100999953, -25.406514816268103 ], [ -49.194689738999955, -25.406524516268121 ], [ -49.194607991999924, -25.406513676268101 ], [ -49.194588506999935, -25.406399541268112 ], [ -49.194542139999953, -25.406306537268108 ], [ -49.19454504599998, -25.406203432268114 ], [ -49.194532232999968, -25.406138046268101 ], [ -49.194501782999957, -25.406128093268077 ], [ -49.194490973999955, -25.405931835268124 ], [ -49.194485324999953, -25.405866433268113 ], [ -49.194458606999952, -25.405828830268106 ], [ -49.194450811999964, -25.405746876268111 ], [ -49.194478648999969, -25.405660319268137 ], [ -49.194467081999953, -25.40557920826809 ], [ -49.194491284999962, -25.405515175268089 ], [ -49.194490998999981, -25.405412316268119 ], [ -49.194458836999956, -25.405399087268133 ], [ -49.194455258999938, -25.405316322268131 ], [ -49.19455725399996, -25.405316732268119 ], [ -49.194544008999969, -25.405139257268122 ], [ -49.194480257999942, -25.405074587268107 ], [ -49.194483778999938, -25.404932247268135 ], [ -49.19445323399998, -25.404928941268142 ], [ -49.194453216999939, -25.404867203268147 ], [ -49.194402866999951, -25.404870325268149 ], [ -49.194393840999972, -25.404769505268156 ], [ -49.194447796999945, -25.404769701268123 ], [ -49.19443698799995, -25.404690038268114 ], [ -49.194303193999986, -25.404692458268112 ], [ -49.194296753999936, -25.40459403126815 ], [ -49.194426958999941, -25.404582661268122 ], [ -49.194420540999943, -25.404492040268156 ], [ -49.194409875999952, -25.404468863268139 ], [ -49.194418401999933, -25.404412930268144 ], [ -49.194377859999975, -25.404399288268152 ], [ -49.194383660999954, -25.404333435268125 ], [ -49.194412084999954, -25.404314759268164 ], [ -49.194412081999985, -25.404307762268147 ], [ -49.194422379999928, -25.404226115268145 ], [ -49.194404284999962, -25.404219097268129 ], [ -49.194404234999979, -25.404132686268145 ], [ -49.194382847, -25.404129472268146 ], [ -49.194390325999954, -25.40404628926812 ], [ -49.194481727999971, -25.404040599268161 ], [ -49.194477275999979, -25.403947384268172 ], [ -49.194438115999958, -25.403942337268166 ], [ -49.194438117999937, -25.403938535268136 ], [ -49.194435423999948, -25.403780043268164 ], [ -49.194427007999934, -25.403753407268148 ], [ -49.194370923999941, -25.40375589126813 ], [ -49.194375109999953, -25.403681049268133 ], [ -49.194415771999957, -25.403677303268118 ], [ -49.194411540999965, -25.40358471526816 ], [ -49.194430937999982, -25.403567833268145 ], [ -49.194421323999961, -25.403478975268172 ], [ -49.194375756999932, -25.403483327268145 ], [ -49.194374532999973, -25.403394426268161 ], [ -49.194411707999954, -25.403387936268128 ], [ -49.194397295999977, -25.403307716268163 ], [ -49.194447636999939, -25.403294768268157 ], [ -49.194436829999972, -25.403216736268188 ], [ -49.194367283999952, -25.403216608268174 ], [ -49.194357627999977, -25.403119021268143 ], [ -49.194357650999962, -25.403034978268188 ], [ -49.194293697999967, -25.403032264268191 ], [ -49.194294482999965, -25.40295016726818 ], [ -49.194294475999989, -25.402947459268155 ], [ -49.194277275999973, -25.402880570268181 ], [ -49.194268182999963, -25.402853417268165 ], [ -49.194291222999937, -25.402852557268165 ], [ -49.194287116999938, -25.40281544326815 ], [ -49.194337168999937, -25.402802890268177 ], [ -49.194330930999975, -25.402700484268188 ], [ -49.194330935999972, -25.402702298268157 ], [ -49.194316465999982, -25.402685559268157 ], [ -49.194284489999966, -25.402685548268181 ], [ -49.194274708999956, -25.402601793268186 ], [ -49.194251197999954, -25.402590202268154 ], [ -49.194242414999962, -25.402494679268187 ], [ -49.194367188999927, -25.40248866026818 ], [ -49.194357074999971, -25.402375900268201 ], [ -49.194362102999946, -25.402378166268164 ], [ -49.19442362999996, -25.402366822268196 ], [ -49.194398691999936, -25.402137092268198 ], [ -49.194352171999981, -25.40202949726817 ], [ -49.194352176999985, -25.402024159268159 ], [ -49.194328731999974, -25.401820410268193 ], [ -49.19427692499994, -25.401813700268217 ], [ -49.194276933999959, -25.401808375268192 ], [ -49.194269589999976, -25.40172849326818 ], [ -49.194263657999954, -25.401721813268157 ], [ -49.194260691999943, -25.401719139268202 ], [ -49.194222067999938, -25.401626996268185 ], [ -49.194254771999965, -25.401615257268173 ], [ -49.194232563999954, -25.401548573268183 ], [ -49.194132665999973, -25.40154625126819 ], [ -49.194137144999956, -25.401546289268193 ], [ -49.194126806999975, -25.401456805268186 ], [ -49.194114893999938, -25.40137388726821 ], [ -49.194116391999955, -25.401379257268218 ], [ -49.194148318999964, -25.401328252268218 ] ] ] } },
{ "type": "Feature", "properties": { "num_setor": "PR_JGA_SR_03_CPRM", "munic": "JAGUARIAÍVA", "grau_risco": "Muito alto", "distancia_km": 1.01, "chuva_24h": 10.8, "chuva_72h": 12.5, "fonte_estacao": "openmeteo", "codigo_estacao": "openmeteo", "nome_estacao": "Open-Meteo (célula de grade)" }, "geometry": { "type": "Polygon", "coordinates": [ [ [ -49.724686554999941, -24.270038002292306 ], [ -49.724597873999983, -24.269979605292278 ], [ -49.724622288999967, -24.269823910292285 ], [ -49.724657070999967, -24.269736579292321 ], [ -49.724780726999938, -24.269565329292323 ], [ -49.724844515999962, -24.26942620029228 ], [ -49.724814475999949, -24.269183441292277 ], [ -49.724838123999973, -24.269049958292332 ], [ -49.724892114999932, -24.268958337292311 ], [ -49.725033370999938, -24.268607102292336 ], [ -49.725229916999979, -24.268294903292336 ], [ -49.725251926999931, -24.267992629292362 ], [ -49.725208471999956, -24.267762885292345 ], [ -49.725189219999947, -24.267560881292344 ], [ -49.725316547999967, -24.267599076292335 ], [ -49.725359238999943, -24.26780082229234 ], [ -49.725404664999978, -24.267965411292366 ], [ -49.725389700999983, -24.268275336292362 ], [ -49.725264340999949, -24.268816317292313 ], [ -49.725009172999933, -24.26967873229232 ], [ -49.724877958999961, -24.270074476292322 ], [ -49.724686554999941, -24.270038002292306 ] ] ] } },
{ "type": "Feature", "properties": { "num_setor": "PR_PGUA_SR_01_CPRM", "munic": "PARANAGUÁ", "grau_risco": "Muito alto", "distancia_km": 0.7, "chuva_24h": 21.7, "chuva_72h": 33.5, "fonte_estacao": "openmeteo", "codigo_estacao": "openmeteo", "nome_estacao": "Open-Meteo (célula de grade)" }, "geometry": { "type": "Polygon", "coordinates": [ [ [ -48.632969427999967, -25.543816358265236 ], [ -48.633130108999978, -25.54366135126525 ], [ -48.633258550999976, -25.543554238265234 ], [ -48.633489742999977, -25.543497524265259 ], [ -48.633708552999956, -25.543436896265234 ], [ -48.634025131999977, -25.543400278265278 ], [ -48.634276624999984, -25.543304627265233 ], [ -48.634614205999988, -25.543288807265242 ], [ -48.634900526999957, -25.543286884265232 ], [ -48.635245944999951, -25.543234327265274 ], [ -48.635470400999964, -25.543253161265238 ], [ -48.635568942999953, -25.543318040265262 ], [ -48.636084582999956, -25.543742677265229 ], [ -48.636249867999943, -25.544189900265259 ], [ -48.635734658999986, -25.54427422826522 ], [ -48.635527006999958, -25.543939121265268 ], [ -48.63526092799998, -25.543895549265237 ], [ -48.634557650999966, -25.543935007265226 ], [ -48.63397298499995, -25.54397607026527 ], [ -48.633860102999961, -25.544093915265226 ], [ -48.633602804999953, -25.54437018626524 ], [ -48.633417888999986, -25.544583440265207 ], [ -48.633167503999971, -25.544706350265219 ], [ -48.63297714599998, -25.544819073265248 ], [ -48.632625920999942, -25.544809511265246 ], [ -48.632339044999981, -25.544565858265212 ], [ -48.632471601999946, -25.544376098265253 ], [ -48.632528019999931, -25.544275664265211 ], [ -48.632640383999956, -25.54413688626526 ], [ -48.632766265999969, -25.544004054265251 ], [ -48.632871451999961, -25.543899375265248 ], [ -48.632969427999967, -25.543816358265236 ] ] ] } },
{ "type": "Feature", "properties": { "num_setor": "PR_PINHAIS_SR_06_CPRM", "munic": "PINHAIS", "grau_risco": "Alto", "distancia_km": 0.78, "chuva_24h": 10.8, "chuva_72h": 20.3, "fonte_estacao": "openmeteo", "codigo_estacao": "openmeteo", "nome_estacao": "Open-Meteo (célula de grade)" }, "geometry": { "type": "Polygon", "coordinates": [ [ [ -49.18912013399995, -25.464979729266897 ], [ -49.188823063999962, -25.464309709266889 ], [ -49.189996515999951, -25.463814331266914 ], [ -49.188859342999933, -25.461641884266943 ], [ -49.190250893999973, -25.461117212266963 ], [ -49.189596058999939, -25.459723968267024 ], [ -49.19079300899994, -25.459195407267018 ], [ -49.190319421999959, -25.458075771267048 ], [ -49.191566759999944, -25.457612044267037 ], [ -49.191060191999959, -25.45660471726703 ], [ -49.192245305999961, -25.456140367267093 ], [ -49.192978837999924, -25.457661306267045 ], [ -49.192115972999943, -25.458592680267035 ], [ -49.190896196999979, -25.459164346266995 ], [ -49.19078092899997, -25.459335861266972 ], [ -49.191379816999977, -25.460610255266943 ], [ -49.191552469999976, -25.460984130266976 ], [ -49.191259404999983, -25.461873149266957 ], [ -49.191036249999968, -25.46246995426694 ], [ -49.190450662999979, -25.462864227266909 ], [ -49.190691797999932, -25.46305724526691 ], [ -49.190340829999968, -25.46370507726693 ], [ -49.190110047999951, -25.464194033266885 ], [ -49.190213865999965, -25.464474861266908 ], [ -49.189969692999966, -25.464842037266898 ], [ -49.190084896999963, -25.465070719266901 ], [ -49.189663576999976, -25.466012926266853 ], [ -49.188756548999947, -25.46718317626685 ], [ -49.187501939999947, -25.467932226266804 ], [ -49.186397691999957, -25.468618161266775 ], [ -49.184754479999974, -25.469263250266817 ], [ -49.184898191999928, -25.469472835266799 ], [ -49.184435931999985, -25.469749332266808 ], [ -49.184304926999978, -25.469550662266773 ], [ -49.184190475999969, -25.469592018266766 ], [ -49.182872378999939, -25.467785480266819 ], [ -49.182817710999984, -25.467532405266837 ], [ -49.182032079999942, -25.466051291266876 ], [ -49.181724503999924, -25.465381069266897 ], [ -49.18126858699997, -25.465618445266866 ], [ -49.180118814999958, -25.464897402266882 ], [ -49.178777816999968, -25.464111383266928 ], [ -49.177145576999976, -25.463024345266906 ], [ -49.176453362999951, -25.462512996266952 ], [ -49.177211495999984, -25.462244107266919 ], [ -49.176581725999938, -25.461117319266979 ], [ -49.175596807999966, -25.461514126266923 ], [ -49.175042591999954, -25.460504097266959 ], [ -49.176443220999936, -25.459923444266988 ], [ -49.177236093999966, -25.459662549266987 ], [ -49.178348214999978, -25.461829670266962 ], [ -49.17932835299996, -25.463887080266879 ], [ -49.180573039999956, -25.463401218266885 ], [ -49.180757438999933, -25.463696638266924 ], [ -49.181412304999981, -25.463384362266883 ], [ -49.181261670999952, -25.463085268266944 ], [ -49.183115401999942, -25.46237873626692 ], [ -49.18525592299995, -25.466635459266854 ], [ -49.18912013399995, -25.464979729266897 ] ] ] } },
{ "type": "Feature", "properties": { "num_setor": "PR_PQRA_SR_01_CPRM", "munic": "PIRAQUARA", "grau_risco": "Alto", "distancia_km": 1.54, "chuva_24h": 13.8, "chuva_72h": 25.5, "fonte_estacao": "openmeteo", "codigo_estacao": "openmeteo", "nome_estacao": "Open-Meteo (célula de grade)" }, "geometry": { "type": "Polygon", "coordinates": [ [ [ -49.073072322999955, -25.44541047626727 ], [ -49.073057276999975, -25.445286378267312 ], [ -49.073445939999942, -25.445126473267283 ], [ -49.073576374999959, -25.444973656267265 ], [ -49.073810643999934, -25.444824891267263 ], [ -49.074001707999969, -25.444573853267279 ], [ -49.074016816999972, -25.444602517267292 ], [ -49.07439551899995, -25.444886662267312 ], [ -49.07503853999998, -25.445124740267307 ], [ -49.075108250999961, -25.445163012267287 ], [ -49.075136251999936, -25.44517522126727 ], [ -49.075614480999945, -25.445290071267308 ], [ -49.075655139999981, -25.445315706267287 ], [ -49.076144380999949, -25.445410025267265 ], [ -49.076514111999984, -25.445411132267264 ], [ -49.076938263999985, -25.445408082267289 ], [ -49.077183619999971, -25.44546870326727 ], [ -49.077194182999961, -25.44660580926724 ], [ -49.077215864999978, -25.446697334267245 ], [ -49.076700718999973, -25.447155772267255 ], [ -49.07649068999995, -25.447301396267225 ], [ -49.076385879999975, -25.447389275267263 ], [ -49.076006267999958, -25.447400373267271 ], [ -49.075282828999946, -25.447524845267246 ], [ -49.074606910999933, -25.447639143267217 ], [ -49.073457723999979, -25.447821477267247 ], [ -49.073451499999976, -25.44773528426725 ], [ -49.073387614999945, -25.447464959267219 ], [ -49.073255855999946, -25.446632860267261 ], [ -49.073242400999959, -25.446460644267255 ], [ -49.073072322999955, -25.44541047626727 ] ] ] } },
{ "type": "Feature", "properties": { "num_setor": "PR_PINHAIS_SR_04_CPRM", "munic": "PINHAIS", "grau_risco": "Alto", "distancia_km": 0.63, "chuva_24h": 9.2, "chuva_72h": 21.1, "fonte_estacao": "openmeteo", "codigo_estacao": "openmeteo", "nome_estacao": "Open-Meteo (célula de grade)" }, "geometry": { "type": "Polygon", "coordinates": [ [ [ -49.193076011999949, -25.39396660926835 ], [ -49.193075995999941, -25.393958415268376 ], [ -49.193080796999929, -25.393817095268361 ], [ -49.193094965999933, -25.393813715268358 ], [ -49.193129164999959, -25.393811760268338 ], [ -49.193160915999954, -25.393937389268356 ], [ -49.193164455999977, -25.394137531268338 ], [ -49.193199320999959, -25.394234737268352 ], [ -49.193180483999988, -25.394306354268366 ], [ -49.193168045999982, -25.39448679926836 ], [ -49.193184014999986, -25.394624306268337 ], [ -49.193143004999968, -25.39470708826833 ], [ -49.19311143699997, -25.39482732526837 ], [ -49.19311478099997, -25.394996336268335 ], [ -49.193107701999963, -25.395113706268329 ], [ -49.193135658999942, -25.395210999268336 ], [ -49.193160064, -25.395264373268336 ], [ -49.193076842999972, -25.395317732268325 ], [ -49.19307351499998, -25.39539627526829 ], [ -49.193108364999951, -25.39545598526831 ], [ -49.193181319999951, -25.395465400268336 ], [ -49.193247745999948, -25.395663452268309 ], [ -49.193265455999949, -25.395808192268294 ], [ -49.193304201999979, -25.396022324268284 ], [ -49.193349659999967, -25.396145150268282 ], [ -49.19339137399993, -25.396261474268307 ], [ -49.193405546999934, -25.396453627268304 ], [ -49.193426555999956, -25.396585749268272 ], [ -49.19349570899994, -25.396862509268296 ], [ -49.193554368999969, -25.397016355268264 ], [ -49.193493013999962, -25.397111458268302 ], [ -49.193493051999951, -25.397249969268287 ], [ -49.19338634099995, -25.39728262826829 ], [ -49.193369189999942, -25.396993896268292 ], [ -49.193349176999952, -25.396647053268321 ], [ -49.193350736999939, -25.396641270268301 ], [ -49.193334306999986, -25.396474760268333 ], [ -49.19331630399995, -25.39633890326829 ], [ -49.193316295999978, -25.396336015268304 ], [ -49.19331146199994, -25.396323008268311 ], [ -49.19328719799995, -25.396223383268293 ], [ -49.193284021999936, -25.396230582268323 ], [ -49.193202080999988, -25.396126796268316 ], [ -49.193202053999983, -25.396110582268289 ], [ -49.193202042999985, -25.396103633268289 ], [ -49.193163449999986, -25.395992480268312 ], [ -49.193160875999979, -25.395983221268281 ], [ -49.193137562999937, -25.395795862268294 ], [ -49.193132424999931, -25.3957819882683 ], [ -49.193119422999985, -25.395629520268294 ], [ -49.193114287999947, -25.395615660268337 ], [ -49.193104034999976, -25.395599482268324 ], [ -49.193091153999944, -25.395525614268308 ], [ -49.193029664999983, -25.395435513268296 ], [ -49.193039870999939, -25.395410180268296 ], [ -49.19304488299997, -25.395313407268308 ], [ -49.19304931399995, -25.395108700268342 ], [ -49.193035330999976, -25.394994065268364 ], [ -49.193038067999964, -25.394984107268328 ], [ -49.193038054999931, -25.394976638268304 ], [ -49.193025400999943, -25.39476890026835 ], [ -49.193025397999968, -25.394765171268332 ], [ -49.193023857999947, -25.394604916268374 ], [ -49.193021578999947, -25.394517425268322 ], [ -49.193029300999967, -25.394514647268373 ], [ -49.193050919999962, -25.394510507268325 ], [ -49.193050911999933, -25.394504915268346 ], [ -49.193046070999969, -25.394359601268341 ], [ -49.193050606999975, -25.394288412268359 ], [ -49.193040293999964, -25.394230549268357 ], [ -49.193044176999933, -25.394223490268327 ], [ -49.192942793999983, -25.394209410268349 ], [ -49.192950450999945, -25.394052956268318 ], [ -49.192951745999949, -25.394049435268325 ], [ -49.19299327799996, -25.394041331268365 ], [ -49.193007442999942, -25.393975692268352 ], [ -49.193019103, -25.39397574026836 ], [ -49.193076011999949, -25.39396660926835 ] ] ] } },
{ "type": "Feature", "properties": { "num_setor": "PR_PINHAIS_SR_05_CPRM", "munic": "PINHAIS", "grau_risco": "Alto", "distancia_km": 1.4, "chuva_24h": 9.2, "chuva_72h": 21.1, "fonte_estacao": "openmeteo", "codigo_estacao": "openmeteo", "nome_estacao": "Open-Meteo (célula de grade)" }, "geometry": { "type": "Polygon", "coordinates": [ [ [ -49.168234301999973, -25.440672007267409 ], [ -49.168345065999972, -25.440552398267375 ], [ -49.168408565999982, -25.440450009267376 ], [ -49.168376217999942, -25.440360049267415 ], [ -49.168353998999976, -25.440249703267369 ], [ -49.168403659999967, -25.440207467267417 ], [ -49.168403732999934, -25.440094164267386 ], [ -49.168389199999979, -25.439949256267408 ], [ -49.168494267999961, -25.439896830267383 ], [ -49.168438874999943, -25.439773037267376 ], [ -49.16852062199996, -25.439712431267413 ], [ -49.168424339999945, -25.439549104267417 ], [ -49.168532272999983, -25.439514847267382 ], [ -49.168608120999977, -25.439491135267406 ], [ -49.168631474999984, -25.439585973267395 ], [ -49.168567252999935, -25.439891562267377 ], [ -49.168558494999957, -25.439907367267427 ], [ -49.168514714999965, -25.440104907267404 ], [ -49.168505699999969, -25.440413887267397 ], [ -49.168396051999935, -25.440681661267401 ], [ -49.168432251999953, -25.440763459267391 ], [ -49.168414693999985, -25.440906734267372 ], [ -49.168344850999972, -25.44104340926738 ], [ -49.168397249999941, -25.441193218267376 ], [ -49.168650492999973, -25.441248408267388 ], [ -49.168662117999979, -25.441371924267344 ], [ -49.168673767999962, -25.441487567267362 ], [ -49.168664804999935, -25.441697548267371 ], [ -49.168606476999969, -25.44176623026738 ], [ -49.168327285999965, -25.441813577267339 ], [ -49.168327144999978, -25.442039243267338 ], [ -49.168277701999955, -25.44217386426736 ], [ -49.168239898999957, -25.442221117267366 ], [ -49.168268953999984, -25.44229197026737 ], [ -49.168207976999952, -25.442363021267322 ], [ -49.168231261999949, -25.442441838267357 ], [ -49.168158605999963, -25.44249458026734 ], [ -49.168225542999956, -25.442691636267323 ], [ -49.168152833999955, -25.442715424267345 ], [ -49.168164495999974, -25.442786916267369 ], [ -49.168155790999947, -25.442955156267349 ], [ -49.168123840999961, -25.443086810267324 ], [ -49.168051092999981, -25.443263435267312 ], [ -49.168001573999959, -25.443384819267326 ], [ -49.167960763999986, -25.443485169267337 ], [ -49.167895884999943, -25.443504662267312 ], [ -49.167838356999944, -25.443369227267311 ], [ -49.167957857999966, -25.443313814267327 ], [ -49.167940382999973, -25.443237336267348 ], [ -49.167981167999983, -25.44321360826731 ], [ -49.167931653999979, -25.443158262267307 ], [ -49.168019018999985, -25.443102931267301 ], [ -49.168010273999982, -25.443021297267343 ], [ -49.168083028999952, -25.442960756267357 ], [ -49.167960775, -25.442789924267331 ], [ -49.16803353499995, -25.442750496267344 ], [ -49.168021886999945, -25.44267427326734 ], [ -49.168112083999972, -25.442650599267363 ], [ -49.16810043199996, -25.442490323267336 ], [ -49.168100417999938, -25.442398371267348 ], [ -49.168091665999945, -25.442288069267352 ], [ -49.168097474999968, -25.442204021267344 ], [ -49.168271914999927, -25.442109605267373 ], [ -49.168164383999965, -25.441826250267365 ], [ -49.168196405999936, -25.441744792267347 ], [ -49.168167326999935, -25.441665943267374 ], [ -49.168298290999985, -25.44163177026736 ], [ -49.168231365999986, -25.441405720267387 ], [ -49.168312855999943, -25.441337095267343 ], [ -49.168312854999954, -25.441329210267391 ], [ -49.168286641999948, -25.441042734267363 ], [ -49.168280813999957, -25.440934973267382 ], [ -49.168231329999969, -25.440887665267404 ], [ -49.168356530999972, -25.440816650267401 ], [ -49.168327459999944, -25.44074037126736 ], [ -49.168266314999983, -25.440740386267382 ], [ -49.168234301999973, -25.440672007267409 ] ] ] } },
{ "type": "Feature", "properties": { "num_setor": "PR_PINHAIS_SR_01_CPRM", "munic": "PINHAIS", "grau_risco": "Alto", "distancia_km": 0.78, "chuva_24h": 9.2, "chuva_72h": 21.1, "fonte_estacao": "openmeteo", "codigo_estacao": "openmeteo", "nome_estacao": "Open-Meteo (célula de grade)" }, "geometry": { "type": "Polygon", "coordinates": [ [ [ -49.154545741999975, -25.433585977267512 ], [ -49.154556206999985, -25.433516244267537 ], [ -49.154714271999978, -25.433529778267548 ], [ -49.154709087999947, -25.433602621267536 ], [ -49.154545741999975, -25.433585977267512 ] ] ] } },
{ "type": "Feature", "properties": { "num_setor": "PR_GUARAQU_SR_9_CPRM", "munic": "GUARAQUEÇABA", "grau_risco": "Alto", "distancia_km": 1.01, "chuva_24h": 15.0, "chuva_72h": 23.4, "fonte_estacao": "openmeteo", "codigo_estacao": "openmeteo", "nome_estacao": "Open-Meteo (célula de grade)" }, "geometry": { "type": "Polygon", "coordinates": [ [ [ -48.094553522999945, -25.292187463270455 ], [ -48.094264533999933, -25.29196377027046 ], [ -48.093838817999938, -25.291796999270499 ], [ -48.092874178999985, -25.291367506270493 ], [ -48.09262341699997, -25.290580681270487 ], [ -48.092454349999976, -25.290230899270544 ], [ -48.091124062999938, -25.288110653270586 ], [ -48.091376554999961, -25.287758064270545 ], [ -48.091800194999962, -25.287575431270604 ], [ -48.092066313999965, -25.287600398270538 ], [ -48.09240973999993, -25.28781967527058 ], [ -48.092423667999981, -25.287833681270541 ], [ -48.092916421, -25.288352363270526 ], [ -48.09360489299997, -25.288948942270569 ], [ -48.09420543899995, -25.289490391270522 ], [ -48.094470066999975, -25.289643141270506 ], [ -48.094668144999957, -25.289996760270512 ], [ -48.094689382999945, -25.290007984270495 ], [ -48.094966578999959, -25.290246661270519 ], [ -48.094998257999983, -25.290278571270537 ], [ -48.095060914999976, -25.290331737270524 ], [ -48.095359060999961, -25.290614149270507 ], [ -48.095389005999955, -25.290624626270493 ], [ -48.095793292999986, -25.290950765270534 ], [ -48.096164955999939, -25.291192737270489 ], [ -48.096183543999985, -25.291211638270521 ], [ -48.096426992999973, -25.291544209270516 ], [ -48.096472937999984, -25.291562518270499 ], [ -48.096509446999967, -25.291580724270496 ], [ -48.096795561999954, -25.291627576270464 ], [ -48.096831404999932, -25.291646012270455 ], [ -48.096886242999972, -25.291655842270472 ], [ -48.096940340999936, -25.291674516270469 ], [ -48.097098113999948, -25.291774080270496 ], [ -48.097124083999972, -25.29179200127049 ], [ -48.097362747999966, -25.291874063270491 ], [ -48.097532015999953, -25.292141297270462 ], [ -48.097553886999947, -25.292183485270467 ], [ -48.097632356999952, -25.29234169827048 ], [ -48.097654597999963, -25.292374748270493 ], [ -48.097661295999963, -25.292391168270449 ], [ -48.097690368999963, -25.292504916270484 ], [ -48.098019778999969, -25.292683023270435 ], [ -48.098140497999964, -25.29299135927047 ], [ -48.098292843999957, -25.293220824270431 ], [ -48.098785200999941, -25.293628886270447 ], [ -48.099105349999945, -25.293964502270409 ], [ -48.099139160999982, -25.293986428270458 ], [ -48.099266822999944, -25.294170368270443 ], [ -48.099282855999945, -25.294213055270411 ], [ -48.099513173999981, -25.294517156270445 ], [ -48.09958879299996, -25.294568731270431 ], [ -48.09987755599996, -25.294788796270435 ], [ -48.099918446999943, -25.294808594270414 ], [ -48.099950514999932, -25.294838073270455 ], [ -48.10036426299996, -25.295183244270437 ], [ -48.10037583299993, -25.295211193270394 ], [ -48.100621559999979, -25.295513302270397 ], [ -48.100660337999955, -25.295540322270394 ], [ -48.100890650999986, -25.295709260270396 ], [ -48.100938938999946, -25.295762432270383 ], [ -48.101027572999961, -25.2959271332704 ], [ -48.10124439599997, -25.296293429270364 ], [ -48.101363843999934, -25.296579642270409 ], [ -48.10134935699994, -25.296748695270374 ], [ -48.101052198999987, -25.296614953270371 ], [ -48.100529732999981, -25.29622700627041 ], [ -48.100144937999971, -25.296032038270386 ], [ -48.100113129999954, -25.295981438270378 ], [ -48.099904928999933, -25.295723322270398 ], [ -48.099498738999955, -25.295507980270415 ], [ -48.099118936999957, -25.29522215427043 ], [ -48.099095571999953, -25.295193970270404 ], [ -48.098828422999986, -25.29484835427041 ], [ -48.098421582999947, -25.294555646270457 ], [ -48.098166358999947, -25.294154523270446 ], [ -48.097608100999935, -25.293605322270444 ], [ -48.097483931999932, -25.293254229270456 ], [ -48.097164959999986, -25.292737212270456 ], [ -48.09633766099995, -25.292421695270477 ], [ -48.095551425999986, -25.292310129270483 ], [ -48.09552985299996, -25.292309898270496 ], [ -48.094990870999936, -25.292314035270454 ], [ -48.094936664999985, -25.29231319527047 ], [ -48.094553522999945, -25.292187463270455 ] ] ] } },
{ "type": "Feature", "properties": { "num_setor": "PR_GUARAQU_SR_7_CPRM", "munic": "GUARAQUEÇABA", "grau_risco": "Alto", "distancia_km": 1.44, "chuva_24h": 19.7, "chuva_72h": 29.3, "fonte_estacao": "openmeteo", "codigo_estacao": "openmeteo", "nome_estacao": "Open-Meteo (célula de grade)" }, "geometry": { "type": "Polygon", "coordinates": [ [ [ -48.409397005999956, -25.169730894273009 ], [ -48.409766041999937, -25.169841490273026 ], [ -48.410307442999965, -25.169892389273063 ], [ -48.410749966999958, -25.169737950273028 ], [ -48.411132413999951, -25.169740709273007 ], [ -48.411507505999971, -25.17099177227303 ], [ -48.411432969999964, -25.171484376272996 ], [ -48.411428459999961, -25.171869111273011 ], [ -48.411463495999953, -25.171931980272984 ], [ -48.411475524999965, -25.171944523273005 ], [ -48.41158817599996, -25.172204938273016 ], [ -48.411597463999954, -25.172266130272984 ], [ -48.412145803999977, -25.172718692273001 ], [ -48.412840670999969, -25.173155531272979 ], [ -48.413337223999974, -25.173243429272976 ], [ -48.413877361999937, -25.173556765272938 ], [ -48.413947539999988, -25.173901062272961 ], [ -48.413622137999937, -25.174502312272939 ], [ -48.413062606999972, -25.174507147272955 ], [ -48.412630555999954, -25.174260013272967 ], [ -48.412436531999958, -25.174224103272948 ], [ -48.412290757999983, -25.174176335272954 ], [ -48.411901463999982, -25.173955111272928 ], [ -48.411534234999976, -25.173850780272947 ], [ -48.411170389999931, -25.173554276272938 ], [ -48.410931299999966, -25.173089039272988 ], [ -48.410555087999974, -25.172363324272961 ], [ -48.410210462999942, -25.171780886272995 ], [ -48.410046192999971, -25.171377905273019 ], [ -48.410032292999972, -25.171347581273004 ], [ -48.409640071999938, -25.171099531273029 ], [ -48.408897678999949, -25.171090557273008 ], [ -48.408716979999951, -25.170836142273032 ], [ -48.408863012999973, -25.170300046273038 ], [ -48.409110296999984, -25.169949426273028 ], [ -48.409397005999956, -25.169730894273009 ] ] ] } },
{ "type": "Feature", "properties": { "num_setor": "PR_GUARAQU_SR_8_CPRM", "munic": "GUARAQUEÇABA", "grau_risco": "Alto", "distancia_km": 0.81, "chuva_24h": 19.7, "chuva_72h": 33.8, "fonte_estacao": "openmeteo", "codigo_estacao": "openmeteo", "nome_estacao": "Open-Meteo (célula de grade)" }, "geometry": { "type": "Polygon", "coordinates": [ [ [ -48.298380807999933, -25.212798391272148 ], [ -48.29834701599998, -25.21225167727216 ], [ -48.298475171999939, -25.211349862272158 ], [ -48.299124910999979, -25.210645991272191 ], [ -48.299311910999961, -25.209342807272229 ], [ -48.299634189999949, -25.207771574272272 ], [ -48.300087116999975, -25.206386102272262 ], [ -48.300169983999986, -25.203497607272343 ], [ -48.300083153999942, -25.201912708272353 ], [ -48.30022528599995, -25.200006392272414 ], [ -48.300320828999986, -25.199825129272419 ], [ -48.300770687999943, -25.19853769327246 ], [ -48.30127225899998, -25.197405296272436 ], [ -48.301700077999953, -25.196013187272481 ], [ -48.302043849999961, -25.194585697272537 ], [ -48.30131304799994, -25.193683769272532 ], [ -48.300420307999957, -25.192962667272546 ], [ -48.299657864999972, -25.192398970272542 ], [ -48.298943664999975, -25.191336666272605 ], [ -48.298361093999972, -25.190560932272621 ], [ -48.297871580999981, -25.1890002122726 ], [ -48.298477645999981, -25.188555299272647 ], [ -48.299863879999982, -25.189649951272635 ], [ -48.300728192999941, -25.190749508272578 ], [ -48.301879241999984, -25.191563093272574 ], [ -48.303005079999942, -25.192597497272548 ], [ -48.30369342299997, -25.194131056272514 ], [ -48.303943740999962, -25.196145992272481 ], [ -48.303360770999966, -25.197297024272451 ], [ -48.302535959999943, -25.198041010272416 ], [ -48.302201245999981, -25.199248770272401 ], [ -48.302588602999947, -25.200521056272379 ], [ -48.303025285999979, -25.20153514827236 ], [ -48.30301623899993, -25.20244653327233 ], [ -48.302650759999949, -25.203467434272305 ], [ -48.302282973999979, -25.204704847272296 ], [ -48.302270466999971, -25.204948976272302 ], [ -48.301992824999957, -25.207022090272247 ], [ -48.301988871999988, -25.207099842272285 ], [ -48.301802843999951, -25.208358368272215 ], [ -48.301338493999936, -25.209644654272228 ], [ -48.300687690999943, -25.210760454272183 ], [ -48.300685103999967, -25.210831656272191 ], [ -48.300205329999983, -25.21205699427215 ], [ -48.299750673999938, -25.212808406272135 ], [ -48.298380807999933, -25.212798391272148 ] ] ] } },
{ "type": "Feature", "properties": { "num_setor": "PR_JGA_SR_01_CPRM", "munic": "JAGUARIAÍVA", "grau_risco": "Alto", "distancia_km": 0.5, "chuva_24h": 9.1, "chuva_72h": 12.1, "fonte_estacao": "openmeteo", "codigo_estacao": "openmeteo", "nome_estacao": "Open-Meteo (célula de grade)" }, "geometry": { "type": "Polygon", "coordinates": [ [ [ -49.697069503999955, -24.244937560292858 ], [ -49.697149377999942, -24.245002111292838 ], [ -49.697240424999961, -24.245002449292858 ], [ -49.697376873999985, -24.244993835292814 ], [ -49.697413357999949, -24.245021277292857 ], [ -49.697490143999971, -24.245084658292807 ], [ -49.697583933999958, -24.245138397292813 ], [ -49.697644861999947, -24.245217581292838 ], [ -49.697644665999974, -24.245226273292825 ], [ -49.697651108999935, -24.245329351292817 ], [ -49.697646328999959, -24.245346290292847 ], [ -49.697580087999938, -24.245379819292864 ], [ -49.697575722999943, -24.245379806292824 ], [ -49.69755384299998, -24.245383941292804 ], [ -49.697471025999953, -24.245358449292848 ], [ -49.697466648999971, -24.245358436292815 ], [ -49.697409578999952, -24.245298789292811 ], [ -49.697374323999952, -24.24529868129283 ], [ -49.697369915999957, -24.245298667292865 ], [ -49.697276461999934, -24.245246764292801 ], [ -49.697200416999976, -24.245220491292809 ], [ -49.697084582999942, -24.245215762292858 ], [ -49.697071226999981, -24.245215719292865 ], [ -49.696959669999956, -24.245210997292826 ], [ -49.696873662999963, -24.245188856292845 ], [ -49.696751996999978, -24.245175250292856 ], [ -49.696662393999986, -24.245174879292854 ], [ -49.69655860599994, -24.245213982292807 ], [ -49.696554144999936, -24.245213969292827 ], [ -49.696470731999966, -24.245226809292848 ], [ -49.696371177999936, -24.245213463292838 ], [ -49.696302268999943, -24.245160594292845 ], [ -49.696303944999947, -24.24506244929286 ], [ -49.696454270999936, -24.244981081292874 ], [ -49.696589861999939, -24.244963179292846 ], [ -49.69674988699996, -24.244959252292819 ], [ -49.69685414199995, -24.244941298292829 ], [ -49.696906659999968, -24.244978353292836 ], [ -49.697069503999955, -24.244937560292858 ] ] ] } },
{ "type": "Feature", "properties": { "num_setor": "PR_JGA_SR_02_CPRM", "munic": "JAGUARIAÍVA", "grau_risco": "Alto", "distancia_km": 1.3, "chuva_24h": 9.1, "chuva_72h": 12.1, "fonte_estacao": "openmeteo", "codigo_estacao": "openmeteo", "nome_estacao": "Open-Meteo (célula de grade)" }, "geometry": { "type": "Polygon", "coordinates": [ [ [ -49.710106708999945, -24.247599200292786 ], [ -49.709975535999945, -24.247570938292785 ], [ -49.709891890999984, -24.247503970292794 ], [ -49.710030303999986, -24.247286207292763 ], [ -49.71031029799996, -24.2468898152928 ], [ -49.710609121999937, -24.24645885629279 ], [ -49.710797285999945, -24.246300484292806 ], [ -49.710871251999947, -24.246355891292797 ], [ -49.710820353999964, -24.246512626292812 ], [ -49.710804843999945, -24.24670477829282 ], [ -49.710774142999988, -24.246884269292799 ], [ -49.710732941999936, -24.247062726292796 ], [ -49.710658093999932, -24.247219308292788 ], [ -49.710592188999954, -24.247360862292812 ], [ -49.710530440999946, -24.247522350292762 ], [ -49.710444133999943, -24.247645688292788 ], [ -49.71037141499994, -24.247659735292771 ], [ -49.710220995999975, -24.247636644292768 ], [ -49.71021589999998, -24.247636655292766 ], [ -49.710106708999945, -24.247599200292786 ] ] ] } },
{ "type": "Feature", "properties": { "num_setor": "PR_GUARATU_SR_1_CPRM", "munic": "GUARATUBA", "grau_risco": "Muito alto", "distancia_km": 1.61, "chuva_24h": 12.1, "chuva_72h": 30.4, "fonte_estacao": "openmeteo", "codigo_estacao": "openmeteo", "nome_estacao": "Open-Meteo (célula de grade)" }, "geometry": { "type": "Polygon", "coordinates": [ [ [ -48.764603740999974, -25.831390688259312 ], [ -48.76466985199994, -25.830575700259324 ], [ -48.765043080999931, -25.829671303259349 ], [ -48.765743377999961, -25.828975754259361 ], [ -48.766179338999962, -25.828561177259417 ], [ -48.766741503999981, -25.827890844259418 ], [ -48.766410193999945, -25.827222986259436 ], [ -48.765987406999955, -25.826552435259419 ], [ -48.765737812999937, -25.825668168259494 ], [ -48.766587211999941, -25.825287795259452 ], [ -48.76758168899994, -25.825204990259479 ], [ -48.768624820999946, -25.825291705259474 ], [ -48.769443586999955, -25.825587379259442 ], [ -48.770127376999937, -25.826049779259435 ], [ -48.770308460999956, -25.826091973259437 ], [ -48.770539561999954, -25.826512961259468 ], [ -48.770184044999944, -25.826889551259431 ], [ -48.769601979999955, -25.827098353259402 ], [ -48.768659769999942, -25.827304534259401 ], [ -48.768175589999942, -25.827806261259422 ], [ -48.768148212999968, -25.828718797259384 ], [ -48.768785628999979, -25.829377574259382 ], [ -48.769419177999964, -25.829871539259369 ], [ -48.769609963999983, -25.830611761259338 ], [ -48.770691822999936, -25.831712982259301 ], [ -48.771403800999963, -25.831916141259335 ], [ -48.772022693999979, -25.831712317259356 ], [ -48.772549876999967, -25.83101654125932 ], [ -48.772631819999958, -25.829869873259359 ], [ -48.772714916999981, -25.828759063259373 ], [ -48.773069954999983, -25.828097559259398 ], [ -48.773742173999949, -25.827973780259427 ], [ -48.774370245999933, -25.8282221582594 ], [ -48.774952667999969, -25.828673607259415 ], [ -48.775265128999933, -25.829251336259389 ], [ -48.775574905999974, -25.830362931259359 ], [ -48.776016754999944, -25.831181865259342 ], [ -48.776455698999939, -25.832078113259325 ], [ -48.777070807999962, -25.832805132259324 ], [ -48.777068003999943, -25.833208117259311 ], [ -48.776975553999932, -25.833811148259255 ], [ -48.77657543599998, -25.834373062259253 ], [ -48.775913044999982, -25.835052311259268 ], [ -48.773104177999983, -25.834975306259288 ], [ -48.772403572999963, -25.835136136259244 ], [ -48.770908175999978, -25.834857105259275 ], [ -48.769851016999951, -25.834618679259265 ], [ -48.76799172099993, -25.834018691259303 ], [ -48.767684089999932, -25.834019369259288 ], [ -48.767419916999984, -25.83401952525929 ], [ -48.766578668999962, -25.833898533259287 ], [ -48.765692920999982, -25.833738395259278 ], [ -48.764972436999983, -25.833176773259325 ], [ -48.764764765999985, -25.832245502259322 ], [ -48.764603740999974, -25.831390688259312 ] ] ] } },
{ "type": "Feature", "properties": { "num_setor": "PR_ITC_SR_01_CPRM", "munic": "ITAPERUÇU", "grau_risco": "Muito alto", "distancia_km": 1.03, "chuva_24h": 14.7, "chuva_72h": 25.3, "fonte_estacao": "openmeteo", "codigo_estacao": "openmeteo", "nome_estacao": "Open-Meteo (célula de grade)" }, "geometry": { "type": "Polygon", "coordinates": [ [ [ -49.536573534999938, -25.05109372527556 ], [ -49.536565973999984, -25.051093451275559 ], [ -49.536502312999971, -25.051067180275531 ], [ -49.536454509999942, -25.050992858275546 ], [ -49.536424692999958, -25.050949825275552 ], [ -49.536375401999976, -25.050905751275529 ], [ -49.536325587999954, -25.050879134275533 ], [ -49.536279486999945, -25.050827509275578 ], [ -49.536275623999984, -25.050823784275561 ], [ -49.536260188999961, -25.050758208275571 ], [ -49.536260202999983, -25.050739996275539 ], [ -49.536264123999956, -25.050725515275541 ], [ -49.536268037999946, -25.05072199027553 ], [ -49.536315512999977, -25.050634977275539 ], [ -49.536347456999977, -25.05059492227555 ], [ -49.53640334499994, -25.050566585275533 ], [ -49.536411459999961, -25.050555475275537 ], [ -49.536468872999933, -25.050473136275574 ], [ -49.53648543099996, -25.050450461275553 ], [ -49.536527668999959, -25.050373685275545 ], [ -49.536574533999946, -25.05029982927557 ], [ -49.536587164999951, -25.050288226275562 ], [ -49.536646516999951, -25.050233706275566 ], [ -49.536651378999984, -25.050213585275529 ], [ -49.536659932999953, -25.050205716275581 ], [ -49.536670540999978, -25.050144679275569 ], [ -49.536671172999952, -25.050128215275567 ], [ -49.536686436999958, -25.05005809227557 ], [ -49.53664834399995, -25.049951306275563 ], [ -49.536598973999951, -25.049906992275577 ], [ -49.536575641999946, -25.049832764275582 ], [ -49.536580035999975, -25.049828543275588 ], [ -49.536577144999967, -25.049780323275598 ], [ -49.536577270999942, -25.049775930275541 ], [ -49.536630083999967, -25.04973778427555 ], [ -49.536655928999949, -25.049738556275571 ], [ -49.53666454599994, -25.049738814275571 ], [ -49.536724136999965, -25.049758425275588 ], [ -49.536770058999942, -25.049790750275545 ], [ -49.536832861999983, -25.049823547275551 ], [ -49.536913703999971, -25.049835083275553 ], [ -49.536926278999942, -25.049839884275588 ], [ -49.537010960999964, -25.049855888275566 ], [ -49.537042989999975, -25.049887397275551 ], [ -49.537065390999942, -25.049931321275569 ], [ -49.537074693999948, -25.050033817275583 ], [ -49.537057106999953, -25.050100262275535 ], [ -49.537056182999947, -25.050112711275524 ], [ -49.537030529999981, -25.050235110275555 ], [ -49.537012648999955, -25.050311210275549 ], [ -49.536978744999942, -25.050444545275532 ], [ -49.536957334999954, -25.050521251275544 ], [ -49.536942013999976, -25.050570354275525 ], [ -49.536933531999978, -25.050577634275566 ], [ -49.53689599299998, -25.050666561275548 ], [ -49.536858453999969, -25.050764906275564 ], [ -49.536858236999933, -25.050768555275575 ], [ -49.536800897999974, -25.050885617275519 ], [ -49.536758655999961, -25.050954920275551 ], [ -49.536746443999959, -25.05096852427555 ], [ -49.536709067999929, -25.051029878275525 ], [ -49.536684858999934, -25.051060051275563 ], [ -49.536676676999939, -25.051073496275531 ], [ -49.536641473999964, -25.051099600275556 ], [ -49.536573534999938, -25.05109372527556 ] ] ] } },
{ "type": "Feature", "properties": { "num_setor": "PR_GUARAQU_SR_1_CPRM", "munic": "GUARAQUEÇABA", "grau_risco": "Alto", "distancia_km": 1.05, "chuva_24h": 17.2, "chuva_72h": 40.3, "fonte_estacao": "openmeteo", "codigo_estacao": "openmeteo", "nome_estacao": "Open-Meteo (célula de grade)" }, "geometry": { "type": "Polygon", "coordinates": [ [ [ -48.330247985999968, -25.296750307270383 ], [ -48.33001167599997, -25.296048557270382 ], [ -48.330062908999942, -25.295262446270417 ], [ -48.329915137999933, -25.295032437270415 ], [ -48.329789722999976, -25.294899662270424 ], [ -48.329593072999948, -25.294786651270432 ], [ -48.329585323999936, -25.29477973027042 ], [ -48.329582329999944, -25.294610425270438 ], [ -48.329416828999967, -25.294384896270405 ], [ -48.329285801999958, -25.294044255270435 ], [ -48.329200770999933, -25.293709325270434 ], [ -48.329084749999936, -25.293366719270438 ], [ -48.32900737999995, -25.292980912270462 ], [ -48.32898460399997, -25.292947520270484 ], [ -48.328997965999974, -25.292613355270451 ], [ -48.329079967999981, -25.292384319270461 ], [ -48.329175259999943, -25.292260638270474 ], [ -48.329218654999977, -25.292079398270463 ], [ -48.329044153999973, -25.291824746270489 ], [ -48.328925694999953, -25.291573903270489 ], [ -48.328699870999969, -25.291235315270459 ], [ -48.328565817999959, -25.29093565627052 ], [ -48.328563907999978, -25.290547648270522 ], [ -48.328461216999983, -25.290261723270515 ], [ -48.328446026999984, -25.290254278270503 ], [ -48.328167867999973, -25.290040858270487 ], [ -48.328049741999962, -25.289807459270534 ], [ -48.327999208999984, -25.289509126270556 ], [ -48.327978685999938, -25.289167969270519 ], [ -48.327987133999947, -25.288961570270548 ], [ -48.327979876999962, -25.28892010527057 ], [ -48.327936618999956, -25.288622519270522 ], [ -48.327727040999946, -25.288360961270548 ], [ -48.327561857999967, -25.28814659527054 ], [ -48.327314873999974, -25.287975623270562 ], [ -48.327037798999974, -25.287769473270568 ], [ -48.326839299999961, -25.287558564270597 ], [ -48.326450235999971, -25.287332506270598 ], [ -48.326273117999961, -25.287259491270586 ], [ -48.326140199999941, -25.287238837270571 ], [ -48.325977428999977, -25.287115738270568 ], [ -48.325762302999983, -25.286917570270578 ], [ -48.325526372999938, -25.286713107270593 ], [ -48.325394164999977, -25.28649909127056 ], [ -48.325346199999949, -25.286322950270584 ], [ -48.325430769999969, -25.286153583270618 ], [ -48.32566618699996, -25.286261346270585 ], [ -48.325818405999939, -25.28639418627057 ], [ -48.326012268999932, -25.286524974270598 ], [ -48.326109214999967, -25.286586923270587 ], [ -48.326191465999955, -25.286621261270618 ], [ -48.326281837999943, -25.286669842270619 ], [ -48.326380801999953, -25.286746901270586 ], [ -48.326501733, -25.286816587270593 ], [ -48.326644537999975, -25.28685782627058 ], [ -48.326788118999957, -25.286906368270586 ], [ -48.326886085999945, -25.286912705270577 ], [ -48.327038668999933, -25.286989957270563 ], [ -48.327191415999948, -25.287053158270602 ], [ -48.327260225999964, -25.287074191270605 ], [ -48.327360341999956, -25.287173318270597 ], [ -48.327498735999946, -25.287321713270597 ], [ -48.32759821999997, -25.287363977270594 ], [ -48.32768241499997, -25.287532910270585 ], [ -48.327819933999926, -25.287701552270597 ], [ -48.327949499999939, -25.287869999270551 ], [ -48.328091876999963, -25.288259896270539 ], [ -48.328212274999942, -25.28851040527055 ], [ -48.328284069999938, -25.288938418270561 ], [ -48.328251724999973, -25.289059123270533 ], [ -48.328387779999957, -25.289310930270506 ], [ -48.328539474999957, -25.289534833270519 ], [ -48.328577992999953, -25.289556100270531 ], [ -48.328743800999973, -25.289884314270505 ], [ -48.328826338999932, -25.290065545270497 ], [ -48.328867873999968, -25.290355779270516 ], [ -48.329125359999978, -25.291030539270487 ], [ -48.329196761999988, -25.291274840270496 ], [ -48.32931646399993, -25.29147017727048 ], [ -48.329406168999981, -25.291686055270482 ], [ -48.329517007999982, -25.291771646270501 ], [ -48.32956208599996, -25.292075301270469 ], [ -48.329490408999959, -25.292480118270454 ], [ -48.329446252999951, -25.292654625270451 ], [ -48.32950653499995, -25.293070416270471 ], [ -48.329724794999947, -25.293903488270427 ], [ -48.329980329999948, -25.294742174270425 ], [ -48.330227109999953, -25.295214272270403 ], [ -48.330404091999988, -25.296090327270367 ], [ -48.330353187999947, -25.296876941270398 ], [ -48.330247985999968, -25.296750307270383 ] ] ] } },
{ "type": "Feature", "properties": { "num_setor": "PR_GUARAQU_SR_2_CPRM", "munic": "GUARAQUEÇABA", "grau_risco": "Muito alto", "distancia_km": 0.37, "chuva_24h": 21.3, "chuva_72h": 43.5, "fonte_estacao": "openmeteo", "codigo_estacao": "openmeteo", "nome_estacao": "Open-Meteo (célula de grade)" }, "geometry": { "type": "Polygon", "coordinates": [ [ [ -48.248262120999982, -25.162846674273197 ], [ -48.246812433999935, -25.162074190273177 ], [ -48.245566225999937, -25.16136522627324 ], [ -48.244081105999953, -25.160400529273229 ], [ -48.243714928999957, -25.160092612273253 ], [ -48.243403528999977, -25.15992131127323 ], [ -48.243161823999969, -25.15964435027324 ], [ -48.243410151999967, -25.159450994273229 ], [ -48.243368216999954, -25.159084623273255 ], [ -48.243662742999959, -25.159324597273248 ], [ -48.243903988999932, -25.159538268273245 ], [ -48.244248137999932, -25.159729953273242 ], [ -48.244743078999932, -25.160068810273266 ], [ -48.245335933999968, -25.160386376273234 ], [ -48.24607520099994, -25.161020939273218 ], [ -48.246811213999926, -25.161377858273223 ], [ -48.247492437999938, -25.161635866273226 ], [ -48.247895702999983, -25.161896489273197 ], [ -48.248521865999976, -25.162109653273191 ], [ -48.248545944999933, -25.16210985827318 ], [ -48.248710554999946, -25.162285233273209 ], [ -48.248722034999957, -25.162306951273173 ], [ -48.248878672999979, -25.162693110273182 ], [ -48.248789941999974, -25.162913185273194 ], [ -48.24843679199995, -25.162962789273173 ], [ -48.248262120999982, -25.162846674273197 ] ] ] } },
{ "type": "Feature", "properties": { "num_setor": "PR_CBA_SR_02_CPRM", "munic": "CURITIBA", "grau_risco": "Alto", "distancia_km": 1.45, "chuva_24h": 12.4, "chuva_72h": 26.7, "fonte_estacao": "openmeteo", "codigo_estacao": "openmeteo", "nome_estacao": "Open-Meteo (célula de grade)" }, "geometry": { "type": "Polygon", "coordinates": [ [ [ -49.357983476999948, -25.392971616268355 ], [ -49.357550714999945, -25.392747214268351 ], [ -49.357171932999961, -25.392705511268382 ], [ -49.356854500999987, -25.392680595268363 ], [ -49.356674790999932, -25.392597540268351 ], [ -49.35661698399997, -25.392505857268361 ], [ -49.35669349799997, -25.392410944268359 ], [ -49.356683939999982, -25.392132461268393 ], [ -49.356815277999949, -25.391979469268403 ], [ -49.356791077999965, -25.391855801268402 ], [ -49.357133357999942, -25.391731525268387 ], [ -49.357273705999944, -25.39171659026842 ], [ -49.357574845999984, -25.391694193268414 ], [ -49.357914543999989, -25.39175250926839 ], [ -49.357896994, -25.392084611268398 ], [ -49.357992955999975, -25.392128330268413 ], [ -49.358246846999968, -25.392183488268362 ], [ -49.358371480999942, -25.392302117268407 ], [ -49.358389938999949, -25.392418088268361 ], [ -49.358354123999959, -25.392512802268357 ], [ -49.358514690999982, -25.392600592268359 ], [ -49.358508533999952, -25.392681141268376 ], [ -49.358547731999984, -25.392696640268355 ], [ -49.358768615999963, -25.392825270268354 ], [ -49.358814921999958, -25.392915124268356 ], [ -49.358785036999961, -25.39293836726835 ], [ -49.358169302999947, -25.392986928268378 ], [ -49.357983476999948, -25.392971616268355 ] ] ] } },
{ "type": "Feature", "properties": { "num_setor": "PR_CBA_SR_03_CPRM", "munic": "CURITIBA", "grau_risco": "Alto", "distancia_km": 1.33, "chuva_24h": 12.4, "chuva_72h": 26.7, "fonte_estacao": "openmeteo", "codigo_estacao": "openmeteo", "nome_estacao": "Open-Meteo (célula de grade)" }, "geometry": { "type": "Polygon", "coordinates": [ [ [ -49.356533475999989, -25.393507596268336 ], [ -49.356624237999938, -25.393521244268335 ], [ -49.356646739999974, -25.393520133268364 ], [ -49.35670737099997, -25.393527987268357 ], [ -49.356733739999989, -25.393526714268358 ], [ -49.356783222999987, -25.393541646268357 ], [ -49.356905461999986, -25.393580713268339 ], [ -49.356982124999945, -25.393601317268384 ], [ -49.357088700999952, -25.393574957268342 ], [ -49.357107890999941, -25.39357398926834 ], [ -49.357204447999941, -25.393583195268356 ], [ -49.35721610599996, -25.393586131268336 ], [ -49.357294700999944, -25.393642123268343 ], [ -49.357428506999952, -25.393720404268358 ], [ -49.357447966999985, -25.393715984268379 ], [ -49.357550241999945, -25.393758938268352 ], [ -49.357554260999962, -25.393765885268387 ], [ -49.357629298999932, -25.393813228268332 ], [ -49.357711400999968, -25.393824985268367 ], [ -49.357799950999947, -25.393779731268332 ], [ -49.35794202899995, -25.39384289026836 ], [ -49.358031924999977, -25.393950370268367 ], [ -49.358131246999967, -25.394018385268371 ], [ -49.358186995999972, -25.394037945268362 ], [ -49.358270918999949, -25.39412390026834 ], [ -49.358326857999934, -25.394164729268336 ], [ -49.358409893999983, -25.394237102268356 ], [ -49.358505546999936, -25.394248926268364 ], [ -49.358572455999941, -25.394279472268373 ], [ -49.358643874999984, -25.394299150268314 ], [ -49.358688394999945, -25.394294440268332 ], [ -49.358707328999962, -25.394239996268333 ], [ -49.358807546999962, -25.39425901126835 ], [ -49.35891379599996, -25.394249503268352 ], [ -49.358940244999985, -25.394303207268333 ], [ -49.358990174999974, -25.394366880268333 ], [ -49.359029508999988, -25.39438394026833 ], [ -49.359087666999983, -25.394399435268355 ], [ -49.359127738999973, -25.394449752268336 ], [ -49.359136319999948, -25.394514436268327 ], [ -49.358822270999951, -25.39463033026836 ], [ -49.358681857999947, -25.394657120268345 ], [ -49.358642293999942, -25.394657826268325 ], [ -49.358485504999976, -25.394701906268331 ], [ -49.358395279999961, -25.394693243268321 ], [ -49.358387411999956, -25.394693383268311 ], [ -49.358242741999959, -25.394689161268349 ], [ -49.358203769999925, -25.394689866268344 ], [ -49.358115174999966, -25.394677843268319 ], [ -49.358088397999957, -25.394678294268321 ], [ -49.358016774999953, -25.394635228268339 ], [ -49.357907322999949, -25.394544537268324 ], [ -49.357823000999986, -25.394542655268321 ], [ -49.357777019999965, -25.394540098268365 ], [ -49.357722969999948, -25.394534577268317 ], [ -49.357699823999951, -25.39453518626836 ], [ -49.357546713999966, -25.394549529268339 ], [ -49.357523931999935, -25.394546687268317 ], [ -49.357436331999963, -25.39448711326834 ], [ -49.357280940999942, -25.394436839268359 ], [ -49.357116950999966, -25.394425268268343 ], [ -49.357091483999966, -25.394433041268332 ], [ -49.357018491999952, -25.394439007268325 ], [ -49.35692152699994, -25.394394524268314 ], [ -49.356910071999955, -25.394384649268336 ], [ -49.356868842999972, -25.394303263268366 ], [ -49.356830578999961, -25.394217290268355 ], [ -49.356812748999971, -25.394135706268365 ], [ -49.356820307999961, -25.394042251268363 ], [ -49.356770981999937, -25.39400002226833 ], [ -49.356526619999954, -25.393912307268387 ], [ -49.356389770999954, -25.393886909268343 ], [ -49.356295191999941, -25.39388100926837 ], [ -49.356235847999976, -25.393856076268357 ], [ -49.356233092999958, -25.393814395268389 ], [ -49.356191928999976, -25.393792051268381 ], [ -49.356166815999977, -25.393793345268335 ], [ -49.356064445999948, -25.393767207268329 ], [ -49.356046762999938, -25.39372264226833 ], [ -49.356058288999982, -25.393683487268373 ], [ -49.356086587999982, -25.393625602268376 ], [ -49.356170122999963, -25.393571523268388 ], [ -49.35624532199995, -25.393536146268364 ], [ -49.356420187999959, -25.393552484268337 ], [ -49.356533475999989, -25.393507596268336 ] ] ] } },
{ "type": "Feature", "properties": { "num_setor": "PR_GUARAQU_SR_5_CPRM", "munic": "GUARAQUEÇABA", "grau_risco": "Muito alto", "distancia_km": 0.92, "chuva_24h": 22.5, "chuva_72h": 44.6, "fonte_estacao": "openmeteo", "codigo_estacao": "openmeteo", "nome_estacao": "Open-Meteo (célula de grade)" }, "geometry": { "type": "Polygon", "coordinates": [ [ [ -48.529636413999981, -25.194050852272539 ], [ -48.531329813999946, -25.19331060627254 ], [ -48.532252580999959, -25.193762791272544 ], [ -48.531806215999943, -25.194887003272509 ], [ -48.531113561999973, -25.196003025272507 ], [ -48.530556787999956, -25.196716824272468 ], [ -48.530136138999971, -25.196940538272489 ], [ -48.529760715999942, -25.196641725272457 ], [ -48.528972502999977, -25.196335599272466 ], [ -48.528590493999957, -25.196891639272451 ], [ -48.527699342999938, -25.197206122272458 ], [ -48.527483114999939, -25.197203875272464 ], [ -48.526542756999959, -25.196838976272492 ], [ -48.526515984999939, -25.196806306272489 ], [ -48.525865200999931, -25.196508779272449 ], [ -48.52571229199998, -25.196474870272496 ], [ -48.525680903999955, -25.196474655272493 ], [ -48.52487666199994, -25.196317357272459 ], [ -48.524255364999924, -25.196217776272491 ], [ -48.524233325999944, -25.196116986272518 ], [ -48.523611433999974, -25.195221674272521 ], [ -48.523177129999972, -25.195458310272524 ], [ -48.522348994999959, -25.195413684272499 ], [ -48.520977973999948, -25.196232461272491 ], [ -48.519061070999953, -25.197278564272484 ], [ -48.517555700999935, -25.198486080272424 ], [ -48.514680228999964, -25.199443447272426 ], [ -48.514593783999942, -25.19947179927243 ], [ -48.514477848999945, -25.199500001272426 ], [ -48.51292336399996, -25.199863281272417 ], [ -48.512754386999973, -25.19991972327243 ], [ -48.511733076999981, -25.200317811272424 ], [ -48.510749873999941, -25.200775236272385 ], [ -48.51068476699993, -25.200744563272366 ], [ -48.509722264999937, -25.200891825272404 ], [ -48.508981253999934, -25.201052781272409 ], [ -48.507842454999945, -25.200782565272359 ], [ -48.50769499699993, -25.200779366272368 ], [ -48.507606497999966, -25.200777453272373 ], [ -48.506922121999935, -25.200441332272398 ], [ -48.507016132999979, -25.199499192272413 ], [ -48.507043235999959, -25.19873180027243 ], [ -48.507381898999938, -25.198372041272457 ], [ -48.508236079999953, -25.198003581272456 ], [ -48.509539922999977, -25.198469729272428 ], [ -48.51014936699994, -25.199014189272429 ], [ -48.510124615999985, -25.199043614272401 ], [ -48.510345665999978, -25.199456884272426 ], [ -48.51104072, -25.199523656272383 ], [ -48.511535464999959, -25.199059807272434 ], [ -48.511286190999954, -25.198212712272461 ], [ -48.511624833999974, -25.198031814272476 ], [ -48.511712091999982, -25.198001881272472 ], [ -48.512910470999941, -25.197800547272479 ], [ -48.514199509999962, -25.197527316272478 ], [ -48.514663240999937, -25.197905427272453 ], [ -48.515168517999932, -25.198123652272471 ], [ -48.515820662999943, -25.197852146272432 ], [ -48.515879782999946, -25.197821265272442 ], [ -48.515962477999949, -25.197189960272443 ], [ -48.516258487999949, -25.196938106272459 ], [ -48.517068936999983, -25.196949600272497 ], [ -48.518272674999935, -25.196440312272511 ], [ -48.518548998999961, -25.195978452272488 ], [ -48.51953288499994, -25.195600372272473 ], [ -48.520531419999941, -25.195152802272482 ], [ -48.52122710499998, -25.19456594827254 ], [ -48.521738363999923, -25.194007164272545 ], [ -48.522089755999957, -25.193513645272503 ], [ -48.522562552999943, -25.193338715272567 ], [ -48.524560952999934, -25.193998997272566 ], [ -48.525195227, -25.194216586272542 ], [ -48.527118364999978, -25.194485597272539 ], [ -48.529636413999981, -25.194050852272539 ] ] ] } },
{ "type": "Feature", "properties": { "num_setor": "PR_GUARAQU_SR_6_CPRM", "munic": "GUARAQUEÇABA", "grau_risco": "Muito alto", "distancia_km": 1.47, "chuva_24h": 19.7, "chuva_72h": 29.3, "fonte_estacao": "openmeteo", "codigo_estacao": "openmeteo", "nome_estacao": "Open-Meteo (célula de grade)" }, "geometry": { "type": "Polygon", "coordinates": [ [ [ -48.431215190999978, -25.186090832272725 ], [ -48.431114548999972, -25.185812536272699 ], [ -48.431557684999973, -25.184797562272728 ], [ -48.431921823999971, -25.18409592227275 ], [ -48.431901957999969, -25.183361561272751 ], [ -48.431912300999954, -25.182135493272792 ], [ -48.432100349999985, -25.181315625272802 ], [ -48.432423575999955, -25.181277973272792 ], [ -48.43279036499996, -25.181738188272767 ], [ -48.43274846199995, -25.182331836272766 ], [ -48.432750804999962, -25.183096518272755 ], [ -48.432647792999944, -25.183876588272764 ], [ -48.432540033999942, -25.184585406272706 ], [ -48.432430299999965, -25.185163454272715 ], [ -48.432313229999977, -25.185627444272722 ], [ -48.431942136999972, -25.186036955272705 ], [ -48.431404526999984, -25.186149940272671 ], [ -48.431215190999978, -25.186090832272725 ] ] ] } },
{ "type": "Feature", "properties": { "num_setor": "PR_GUARAQU_SR_3_CPRM", "munic": "GUARAQUEÇABA", "grau_risco": "Muito alto", "distancia_km": 0.78, "chuva_24h": 19.4, "chuva_72h": 39.8, "fonte_estacao": "openmeteo", "codigo_estacao": "openmeteo", "nome_estacao": "Open-Meteo (célula de grade)" }, "geometry": { "type": "Polygon", "coordinates": [ [ [ -48.457772222999949, -25.22275229627191 ], [ -48.458055526999942, -25.222476672271945 ], [ -48.458568470999978, -25.222277190271917 ], [ -48.459529946999965, -25.222062217271958 ], [ -48.461190771999952, -25.222009431271932 ], [ -48.464441616999977, -25.221840321271927 ], [ -48.466794037999932, -25.221835719271944 ], [ -48.466796912999939, -25.221755156271954 ], [ -48.469000021999939, -25.222031230271948 ], [ -48.468864787999969, -25.223023092271902 ], [ -48.468504383999971, -25.223278682271893 ], [ -48.468403325999986, -25.223332033271909 ], [ -48.467543807999959, -25.223421082271901 ], [ -48.467449767999931, -25.223418213271895 ], [ -48.466638580999984, -25.223182593271943 ], [ -48.465367848999961, -25.223411187271914 ], [ -48.46463349499993, -25.223404052271921 ], [ -48.463780067999949, -25.223342426271937 ], [ -48.463159730999969, -25.223157961271919 ], [ -48.462703678999958, -25.223048375271919 ], [ -48.462609753999978, -25.22309961527192 ], [ -48.461961813999942, -25.223530983271932 ], [ -48.461894537999967, -25.223606433271936 ], [ -48.461424648999987, -25.224030130271888 ], [ -48.461044753999943, -25.224596517271877 ], [ -48.460728810999967, -25.225582733271857 ], [ -48.460668562999949, -25.225674403271878 ], [ -48.460372817999939, -25.226359069271844 ], [ -48.460295626999937, -25.226471625271877 ], [ -48.460197051999955, -25.226583562271855 ], [ -48.460157787999947, -25.226628149271846 ], [ -48.46003336299998, -25.227128915271852 ], [ -48.459955529999945, -25.227213999271829 ], [ -48.459852012999932, -25.227255922271855 ], [ -48.459691020999976, -25.227361054271839 ], [ -48.458867654999949, -25.227796466271823 ], [ -48.45868721599993, -25.227877566271822 ], [ -48.458562273999974, -25.227896754271821 ], [ -48.458735850999972, -25.22898259427178 ], [ -48.458741345999947, -25.229021649271775 ], [ -48.458951643999974, -25.229655170271762 ], [ -48.458956819999962, -25.229692838271767 ], [ -48.459240156999947, -25.230594834271781 ], [ -48.459247492999964, -25.230648606271782 ], [ -48.458859261999983, -25.231391402271765 ], [ -48.458101709999937, -25.232088832271764 ], [ -48.458041053999978, -25.232108589271714 ], [ -48.457093406999945, -25.233141298271711 ], [ -48.457035030999975, -25.233160172271681 ], [ -48.456922265999935, -25.23321733327171 ], [ -48.456303111999937, -25.232719958271719 ], [ -48.456299053999942, -25.23270007327174 ], [ -48.456233392999934, -25.232480026271716 ], [ -48.45690000899998, -25.23187605127174 ], [ -48.457321872999955, -25.231245900271762 ], [ -48.457357421999973, -25.23120293227176 ], [ -48.457175830999965, -25.230279134271754 ], [ -48.456573759999962, -25.229559707271786 ], [ -48.456568897999944, -25.229535754271808 ], [ -48.455974662999949, -25.229054782271813 ], [ -48.455354355999923, -25.228511530271831 ], [ -48.45477392399993, -25.227779023271847 ], [ -48.454559605, -25.227237798271837 ], [ -48.455038867, -25.226356890271855 ], [ -48.45574333899998, -25.225310407271845 ], [ -48.456467842999984, -25.224466811271888 ], [ -48.456968869999969, -25.223780272271881 ], [ -48.457772222999949, -25.22275229627191 ] ] ] } },
{ "type": "Feature", "properties": { "num_setor": "PR_GUARAQU_SR_4_CPRM", "munic": "GUARAQUEÇABA", "grau_risco": "Muito alto", "distancia_km": 1.78, "chuva_24h": 22.5, "chuva_72h": 44.6, "fonte_estacao": "openmeteo", "codigo_estacao": "openmeteo", "nome_estacao": "Open-Meteo (célula de grade)" }, "geometry": { "type": "Polygon", "coordinates": [ [ [ -48.548904380999943, -25.236501165271665 ], [ -48.549118758999953, -25.236758704271626 ], [ -48.549290212999949, -25.237053968271599 ], [ -48.549638491999985, -25.237471762271646 ], [ -48.549957018999983, -25.237756762271591 ], [ -48.550225259999941, -25.23799070927161 ], [ -48.550307246999985, -25.238028853271587 ], [ -48.550699964999978, -25.238316361271618 ], [ -48.551034347999966, -25.238599253271595 ], [ -48.551477994999964, -25.238988304271587 ], [ -48.551594, -25.238990630271608 ], [ -48.551595332999966, -25.239444894271589 ], [ -48.551579597999925, -25.240144478271592 ], [ -48.551263934999952, -25.240355848271573 ], [ -48.550352737999958, -25.23964964127158 ], [ -48.549683086999949, -25.239223313271587 ], [ -48.54916852499997, -25.239088445271612 ], [ -48.548601842999972, -25.239148548271565 ], [ -48.547938626999951, -25.239188895271599 ], [ -48.547507909999979, -25.239216695271598 ], [ -48.547174402999985, -25.239352800271568 ], [ -48.546745457999975, -25.23948870027159 ], [ -48.546303057999978, -25.239455018271549 ], [ -48.545674350999946, -25.239186269271578 ], [ -48.545488808999949, -25.239007252271588 ], [ -48.545372982999943, -25.238586212271596 ], [ -48.545375428999932, -25.237926205271588 ], [ -48.545679920999923, -25.237128545271634 ], [ -48.546045241999941, -25.236669161271621 ], [ -48.546765978999986, -25.236636155271643 ], [ -48.547617319999965, -25.236517414271674 ], [ -48.548230757999931, -25.236560905271645 ], [ -48.548904380999943, -25.236501165271665 ] ] ] } },
{ "type": "Feature", "properties": { "num_setor": "PR_CRZ_SR04A_CPRM", "munic": "CERRO AZUL", "grau_risco": "Muito alto", "distancia_km": 2.17, "chuva_24h": 7.8, "chuva_72h": 9.4, "fonte_estacao": "openmeteo", "codigo_estacao": "openmeteo", "nome_estacao": "Open-Meteo (célula de grade)" }, "geometry": { "type": "Polygon", "coordinates": [ [ [ -49.264900919999938, -24.824512435280361 ], [ -49.264839280999972, -24.824506523280345 ], [ -49.264998201999958, -24.823576179280391 ], [ -49.265043332999944, -24.823553284280347 ], [ -49.26511983599994, -24.823563265280367 ], [ -49.265189140999951, -24.823591410280347 ], [ -49.265240030999962, -24.823691797280386 ], [ -49.265247476999946, -24.823802349280349 ], [ -49.265229383999959, -24.82386321128034 ], [ -49.265199100999951, -24.82396721528038 ], [ -49.265142538999953, -24.824146270280359 ], [ -49.265097578999978, -24.824289351280328 ], [ -49.265062728999965, -24.824389949280345 ], [ -49.265048862999947, -24.824529802280349 ], [ -49.264962518999937, -24.824537397280356 ], [ -49.264900919999938, -24.824512435280361 ] ] ] } },
{ "type": "Feature", "properties": { "num_setor": "PR_CRZ_SR05B_CPRM", "munic": "CERRO AZUL", "grau_risco": "Alto", "distancia_km": 0.65, "chuva_24h": 20.6, "chuva_72h": 22.3, "fonte_estacao": "openmeteo", "codigo_estacao": "openmeteo", "nome_estacao": "Open-Meteo (célula de grade)" }, "geometry": { "type": "Polygon", "coordinates": [ [ [ -49.275272730999973, -24.835076312280115 ], [ -49.275340306999965, -24.835063578280113 ], [ -49.275406809999936, -24.835089031280091 ], [ -49.275476831999981, -24.835156923280099 ], [ -49.275476523999941, -24.835180564280144 ], [ -49.275531937999972, -24.835238002280136 ], [ -49.275573173999931, -24.835285436280145 ], [ -49.275688774999935, -24.835235406280123 ], [ -49.275727751999966, -24.83521705428009 ], [ -49.275814239999939, -24.835213048280103 ], [ -49.275839723999979, -24.835259773280121 ], [ -49.275851866999972, -24.835319944280144 ], [ -49.275879652999947, -24.83536150328009 ], [ -49.275897291999975, -24.835481062280138 ], [ -49.275860000999963, -24.835540986280112 ], [ -49.275841308999986, -24.835550294280111 ], [ -49.275761515999932, -24.835555354280089 ], [ -49.275591690999931, -24.835566158280098 ], [ -49.275522030999987, -24.835548032280105 ], [ -49.275437544999932, -24.835525104280091 ], [ -49.275375912999948, -24.835553987280111 ], [ -49.275313758999978, -24.835540225280138 ], [ -49.275256292999984, -24.83558377128011 ], [ -49.274880559999986, -24.83563109328011 ], [ -49.274859754999959, -24.835626364280081 ], [ -49.274770805999928, -24.835543573280084 ], [ -49.274686659999986, -24.835509478280088 ], [ -49.274633709999932, -24.835445507280109 ], [ -49.274612495999975, -24.8354307112801 ], [ -49.274543204999979, -24.835316914280124 ], [ -49.274691085999969, -24.835204522280122 ], [ -49.274800771999942, -24.835132167280129 ], [ -49.274957441999959, -24.835089809280099 ], [ -49.27497318799994, -24.835085056280111 ], [ -49.275145988999952, -24.835063596280094 ], [ -49.275209477999965, -24.83508445028011 ], [ -49.275272730999973, -24.835076312280115 ] ] ] } },
{ "type": "Feature", "properties": { "num_setor": "PR_CRZ_SR03_CPRM", "munic": "CERRO AZUL", "grau_risco": "Alto", "distancia_km": 1.68, "chuva_24h": 20.6, "chuva_72h": 22.3, "fonte_estacao": "openmeteo", "codigo_estacao": "openmeteo", "nome_estacao": "Open-Meteo (célula de grade)" }, "geometry": { "type": "Polygon", "coordinates": [ [ [ -49.259186774999932, -24.827766848280266 ], [ -49.259143887999983, -24.827588695280291 ], [ -49.259190442999966, -24.82745850028029 ], [ -49.259363576999931, -24.827335766280303 ], [ -49.259420578999944, -24.827179436280261 ], [ -49.259420646999956, -24.827171212280259 ], [ -49.259547126999955, -24.827097417280275 ], [ -49.259592441999985, -24.827056360280292 ], [ -49.259784059999959, -24.826948954280311 ], [ -49.259929197999952, -24.826899531280301 ], [ -49.260175606999958, -24.826824789280273 ], [ -49.260341731999972, -24.826741310280322 ], [ -49.260449824999966, -24.826733398280325 ], [ -49.26057610099997, -24.82671721128029 ], [ -49.260676779999976, -24.826725120280322 ], [ -49.260818126999936, -24.826764636280281 ], [ -49.260960540999967, -24.826795936280273 ], [ -49.26109306099994, -24.826844342280285 ], [ -49.261226485999941, -24.826851310280261 ], [ -49.261311701999944, -24.826867281280308 ], [ -49.261367041999961, -24.82695867028028 ], [ -49.261237515999944, -24.827060135280277 ], [ -49.260741351999968, -24.827212029280268 ], [ -49.260741982999946, -24.827261197280308 ], [ -49.26068578099995, -24.827359822280275 ], [ -49.260657413999979, -24.827384494280253 ], [ -49.260378110999966, -24.827466443280311 ], [ -49.260368842999981, -24.827474646280301 ], [ -49.260192674999985, -24.827523780280284 ], [ -49.259944114999939, -24.827588877280295 ], [ -49.259834296999941, -24.827710754280261 ], [ -49.259753113999984, -24.827743191280273 ], [ -49.25961931299998, -24.827792121280261 ], [ -49.259565213999963, -24.827792036280254 ], [ -49.259421495999959, -24.827808186280276 ], [ -49.259232449999956, -24.827848396280288 ], [ -49.259186774999932, -24.827766848280266 ] ] ] } },
{ "type": "Feature", "properties": { "num_setor": "PR_CRZ_SR04_CPRM", "munic": "CERRO AZUL", "grau_risco": "Alto", "distancia_km": 1.98, "chuva_24h": 20.6, "chuva_72h": 22.3, "fonte_estacao": "openmeteo", "codigo_estacao": "openmeteo", "nome_estacao": "Open-Meteo (célula de grade)" }, "geometry": { "type": "Polygon", "coordinates": [ [ [ -49.26367143899995, -24.827315972280264 ], [ -49.263750955999967, -24.82726816528028 ], [ -49.263844086999939, -24.827255615280283 ], [ -49.264144253999973, -24.827119942280287 ], [ -49.264640264999962, -24.8264539572803 ], [ -49.264661412999942, -24.825873805280317 ], [ -49.264001253999936, -24.825022090280317 ], [ -49.263987988999986, -24.824741192280349 ], [ -49.264447267999969, -24.824203054280336 ], [ -49.264806494999959, -24.824529554280371 ], [ -49.264804516999959, -24.824683069280319 ], [ -49.264359217999981, -24.824774963280344 ], [ -49.264504604999956, -24.82514048428034 ], [ -49.26475709999994, -24.825394455280346 ], [ -49.264855541999964, -24.825557226280303 ], [ -49.264943669999987, -24.825901936280317 ], [ -49.264956760999951, -24.825967832280291 ], [ -49.264923801999942, -24.826349629280337 ], [ -49.264830228999983, -24.826609500280295 ], [ -49.26456716499996, -24.82704518128028 ], [ -49.263882069999966, -24.827463540280259 ], [ -49.263553108999986, -24.827593680280266 ], [ -49.263296828999955, -24.827646416280302 ], [ -49.263115531999972, -24.827694171280278 ], [ -49.263057550999974, -24.827821239280254 ], [ -49.263361571999944, -24.828591531280257 ], [ -49.263238342999955, -24.828679811280264 ], [ -49.263079657999981, -24.828672234280255 ], [ -49.26291185599996, -24.828584519280241 ], [ -49.262858760999961, -24.828320093280237 ], [ -49.262743574999945, -24.828151670280253 ], [ -49.262611120999964, -24.828015298280278 ], [ -49.262584622999945, -24.827878924280263 ], [ -49.262593369999934, -24.827830723280286 ], [ -49.262628581999941, -24.827654020280274 ], [ -49.262637365999979, -24.827621842280301 ], [ -49.262628581999934, -24.827517569280268 ], [ -49.262637366999968, -24.8274773442803 ], [ -49.262716653999973, -24.827396398280275 ], [ -49.262743211999975, -24.827356225280287 ], [ -49.262867147999941, -24.827275881280315 ], [ -49.262999901999933, -24.827243388280262 ], [ -49.263194810999948, -24.827226569280263 ], [ -49.263230279999959, -24.827226444280285 ], [ -49.26342535099996, -24.827194068280296 ], [ -49.263451844999963, -24.827194358280305 ], [ -49.26358105099996, -24.827321948280272 ], [ -49.26367143899995, -24.827315972280264 ] ] ] } },
{ "type": "Feature", "properties": { "num_setor": "PR_CBO_SR_03_CPRM", "munic": "COLOMBO", "grau_risco": "Alto", "distancia_km": 1.49, "chuva_24h": 9.9, "chuva_72h": 21.4, "fonte_estacao": "openmeteo", "codigo_estacao": "openmeteo", "nome_estacao": "Open-Meteo (célula de grade)" }, "geometry": { "type": "Polygon", "coordinates": [ [ [ -49.170605233999936, -25.365245369268962 ], [ -49.170642808999958, -25.364259757268965 ], [ -49.170865849999977, -25.362938606268976 ], [ -49.171289069999943, -25.358540250269105 ], [ -49.171668691999969, -25.358156834269078 ], [ -49.172605157999953, -25.358124727269107 ], [ -49.173192246999974, -25.358061270269083 ], [ -49.172988597999961, -25.359045616269061 ], [ -49.172624071999962, -25.359904370269078 ], [ -49.172565431999942, -25.359994836269042 ], [ -49.172421598999961, -25.360115081269036 ], [ -49.171987176999949, -25.361059861269005 ], [ -49.171986852999964, -25.361088879269044 ], [ -49.171921180999959, -25.362085608269027 ], [ -49.171886980999943, -25.362803010269026 ], [ -49.17179777399997, -25.363844173268976 ], [ -49.171809892999931, -25.365492041268972 ], [ -49.171426546999953, -25.365541111268946 ], [ -49.170915993999976, -25.365541127268962 ], [ -49.170605233999936, -25.365245369268962 ] ] ] } },
{ "type": "Feature", "properties": { "num_setor": "PR_CBA_SR_01_CPRM", "munic": "CURITIBA", "grau_risco": "Alto", "distancia_km": 1.24, "chuva_24h": 12.4, "chuva_72h": 26.7, "fonte_estacao": "openmeteo", "codigo_estacao": "openmeteo", "nome_estacao": "Open-Meteo (célula de grade)" }, "geometry": { "type": "Polygon", "coordinates": [ [ [ -49.359086692999938, -25.394119877268366 ], [ -49.358982974999947, -25.394074285268367 ], [ -49.358807207999973, -25.39399859626835 ], [ -49.35869859099995, -25.393945926268348 ], [ -49.358585785999935, -25.393905610268376 ], [ -49.358473447999984, -25.393877400268341 ], [ -49.358397305999972, -25.393851871268382 ], [ -49.35828554699998, -25.393811589268321 ], [ -49.35837381999994, -25.393728281268388 ], [ -49.358476794999945, -25.393699971268379 ], [ -49.358539581999935, -25.393648812268378 ], [ -49.358553084999983, -25.393640139268353 ], [ -49.358807363999972, -25.393556089268348 ], [ -49.358825662999948, -25.393547114268337 ], [ -49.358927080999941, -25.393542158268339 ], [ -49.358987766999974, -25.393526340268384 ], [ -49.359131356999967, -25.393573358268355 ], [ -49.359219941999989, -25.393594003268365 ], [ -49.359308292999977, -25.393631569268361 ], [ -49.359321791999946, -25.393651905268346 ], [ -49.359383557999941, -25.393778690268377 ], [ -49.359382828999976, -25.393799559268327 ], [ -49.359400807999968, -25.393956229268362 ], [ -49.359390825999981, -25.393973107268344 ], [ -49.359395561999975, -25.394120125268358 ], [ -49.359204182999974, -25.394157137268355 ], [ -49.359086692999938, -25.394119877268366 ] ] ] } },
{ "type": "Feature", "properties": { "num_setor": "PR_CBO_SR_01_CPRM", "munic": "COLOMBO", "grau_risco": "Alto", "distancia_km": 1.63, "chuva_24h": 9.2, "chuva_72h": 21.1, "fonte_estacao": "openmeteo", "codigo_estacao": "openmeteo", "nome_estacao": "Open-Meteo (célula de grade)" }, "geometry": { "type": "Polygon", "coordinates": [ [ [ -49.191531891999944, -25.388917428268449 ], [ -49.190679934999935, -25.38800542726845 ], [ -49.18981152799995, -25.386976300268493 ], [ -49.190043267999954, -25.386797586268479 ], [ -49.191415414999938, -25.385883614268518 ], [ -49.191813410999941, -25.385604326268528 ], [ -49.193590879999931, -25.384313290268562 ], [ -49.193798014999963, -25.383368970268599 ], [ -49.193917882999983, -25.382628160268585 ], [ -49.19398285099993, -25.382429639268583 ], [ -49.194025600999964, -25.382240093268589 ], [ -49.194034794999936, -25.382047827268579 ], [ -49.194072533999986, -25.381975027268595 ], [ -49.194126069999982, -25.381592377268596 ], [ -49.194157624999946, -25.381428634268623 ], [ -49.194466570999964, -25.380907719268652 ], [ -49.194745229999967, -25.38087361626863 ], [ -49.194972377999932, -25.380919011268606 ], [ -49.195091333999983, -25.381549118268598 ], [ -49.195067645999984, -25.381962710268628 ], [ -49.194953994999935, -25.382138741268573 ], [ -49.194827741999973, -25.38245321426858 ], [ -49.194691745999933, -25.382681432268591 ], [ -49.194508318999965, -25.382895756268599 ], [ -49.194324207999955, -25.383153615268583 ], [ -49.19432263799996, -25.383172496268593 ], [ -49.194167456999935, -25.383488866268603 ], [ -49.194166033999977, -25.383507210268561 ], [ -49.194099671999936, -25.384114064268552 ], [ -49.194123586999972, -25.384807829268535 ], [ -49.194276871999932, -25.385646742268509 ], [ -49.194563964999986, -25.386574337268495 ], [ -49.194619139999986, -25.387094594268497 ], [ -49.194520763999947, -25.387419731268476 ], [ -49.194333178999955, -25.387953475268478 ], [ -49.194020329999944, -25.388717191268455 ], [ -49.193911040999978, -25.388954993268463 ], [ -49.192394351999951, -25.388964414268468 ], [ -49.191531891999944, -25.388917428268449 ] ] ] } },
{ "type": "Feature", "properties": { "num_setor": "PR_CBO_SR_02_CPRM", "munic": "COLOMBO", "grau_risco": "Alto", "distancia_km": 1.92, "chuva_24h": 9.9, "chuva_72h": 21.4, "fonte_estacao": "openmeteo", "codigo_estacao": "openmeteo", "nome_estacao": "Open-Meteo (célula de grade)" }, "geometry": { "type": "Polygon", "coordinates": [ [ [ -49.174315575999969, -25.380717505268606 ], [ -49.17494910299996, -25.380701048268648 ], [ -49.175242539999942, -25.380717706268648 ], [ -49.175623821999977, -25.383323665268588 ], [ -49.175632861999986, -25.383378089268568 ], [ -49.17564293899995, -25.384065699268561 ], [ -49.175705176999948, -25.384984713268512 ], [ -49.175962537999965, -25.385174827268536 ], [ -49.175986275999946, -25.385186612268548 ], [ -49.176273899999956, -25.385396825268561 ], [ -49.176284936999942, -25.385408399268535 ], [ -49.176650667999979, -25.385728051268508 ], [ -49.176954773999967, -25.385984429268518 ], [ -49.177277565999987, -25.386523404268488 ], [ -49.177200482999986, -25.386711523268509 ], [ -49.177036570999974, -25.386866004268491 ], [ -49.176737686999957, -25.386845541268496 ], [ -49.175999841999953, -25.386576026268482 ], [ -49.175276311999937, -25.386192266268509 ], [ -49.174333528999966, -25.385817830268508 ], [ -49.173322705999965, -25.385350271268567 ], [ -49.173293033999983, -25.384803562268527 ], [ -49.173348138999984, -25.383552977268575 ], [ -49.173492846999977, -25.382081261268574 ], [ -49.173564296999977, -25.381250542268624 ], [ -49.173623411999984, -25.38088133326865 ], [ -49.17368295099994, -25.380701335268622 ], [ -49.173947468999984, -25.38073410626864 ], [ -49.174315575999969, -25.380717505268606 ] ] ] } },
{ "type": "Feature", "properties": { "num_setor": "PR_CM_SR_01_CPRM", "munic": "CAMPO MAGRO", "grau_risco": "Alto", "distancia_km": 0.64, "chuva_24h": 19.4, "chuva_72h": 38.3, "fonte_estacao": "openmeteo", "codigo_estacao": "openmeteo", "nome_estacao": "Open-Meteo (célula de grade)" }, "geometry": { "type": "Polygon", "coordinates": [ [ [ -49.450632156999973, -25.371427689268824 ], [ -49.450573278999975, -25.371401960268816 ], [ -49.450569565999956, -25.371400659268822 ], [ -49.450554712999974, -25.371395456268811 ], [ -49.450493015999932, -25.371297293268807 ], [ -49.450488323999942, -25.371286536268812 ], [ -49.450475857999947, -25.371234447268812 ], [ -49.450455768, -25.371161630268819 ], [ -49.450463736999943, -25.371115490268831 ], [ -49.450459966999972, -25.371060060268857 ], [ -49.450454691999937, -25.370982494268844 ], [ -49.450447727999972, -25.370880096268824 ], [ -49.450446330999966, -25.370812363268843 ], [ -49.450444408999942, -25.370719159268855 ], [ -49.450442705999933, -25.370636604268835 ], [ -49.450441809999973, -25.370536653268854 ], [ -49.450440904999937, -25.370435674268833 ], [ -49.450434375999968, -25.370337338268826 ], [ -49.450427173999977, -25.37022884826883 ], [ -49.450440415999935, -25.37013224926887 ], [ -49.450462307999942, -25.370033918268874 ], [ -49.450489410999978, -25.369946109268842 ], [ -49.450512744999962, -25.369870509268836 ], [ -49.450603082999983, -25.36980585926883 ], [ -49.450708745999982, -25.36974558326882 ], [ -49.450833926999962, -25.369684676268854 ], [ -49.450962611999955, -25.369625210268872 ], [ -49.451077623999936, -25.369572063268851 ], [ -49.451152767999986, -25.369541771268846 ], [ -49.451226137999981, -25.369553589268861 ], [ -49.451322180999959, -25.36961588026886 ], [ -49.451481418999947, -25.369719156268875 ], [ -49.451527687999942, -25.369846584268846 ], [ -49.451529232999967, -25.369858492268886 ], [ -49.451532309999948, -25.369882201268826 ], [ -49.451539458999946, -25.369907453268826 ], [ -49.451557363999939, -25.37004594326887 ], [ -49.45155608999994, -25.370050789268831 ], [ -49.451563016999955, -25.37007500426882 ], [ -49.451535387999961, -25.370179238268864 ], [ -49.45152502499996, -25.370185199268867 ], [ -49.451513459999944, -25.370195743268837 ], [ -49.451487713999946, -25.370210389268841 ], [ -49.451472330999934, -25.370219141268848 ], [ -49.451462102999983, -25.370224959268864 ], [ -49.451398708999925, -25.370302538268856 ], [ -49.451386930999945, -25.370331615268817 ], [ -49.451379707999934, -25.370343116268838 ], [ -49.451319168999923, -25.370464716268827 ], [ -49.45127391699998, -25.370674701268864 ], [ -49.451261520999942, -25.37073812326884 ], [ -49.45124325099993, -25.37082843526883 ], [ -49.451237382999977, -25.370847541268859 ], [ -49.451101671999943, -25.371044319268822 ], [ -49.45109763499994, -25.37105698726884 ], [ -49.451093607999951, -25.37106961926883 ], [ -49.451017454999942, -25.371163224268834 ], [ -49.451007190999974, -25.371183860268836 ], [ -49.450880452999961, -25.371286567268836 ], [ -49.450875793999948, -25.371303516268814 ], [ -49.450830033999978, -25.371345672268813 ], [ -49.450704529999939, -25.371461288268829 ], [ -49.450654884999949, -25.371474833268842 ], [ -49.450632156999973, -25.371427689268824 ] ] ] } },
{ "type": "Feature", "properties": { "num_setor": "PR_CM_SR_02_CPRM", "munic": "CAMPO MAGRO", "grau_risco": "Alto", "distancia_km": 0.5, "chuva_24h": 14.9, "chuva_72h": 28.6, "fonte_estacao": "openmeteo", "codigo_estacao": "openmeteo", "nome_estacao": "Open-Meteo (célula de grade)" }, "geometry": { "type": "Polygon", "coordinates": [ [ [ -49.399858088999963, -25.374687456268738 ], [ -49.400010488999953, -25.374696647268738 ], [ -49.400033923999956, -25.374697378268735 ], [ -49.400056605999964, -25.374699834268739 ], [ -49.400155011999971, -25.37475420426874 ], [ -49.400262491999968, -25.374790684268735 ], [ -49.400341392999962, -25.374873194268758 ], [ -49.400408650999964, -25.374880466268763 ], [ -49.400407160999983, -25.375043536268752 ], [ -49.400382395999941, -25.375132453268773 ], [ -49.400342175999981, -25.375236960268712 ], [ -49.400335365999972, -25.375261514268761 ], [ -49.400249842999983, -25.375397243268726 ], [ -49.400135115999952, -25.375506857268718 ], [ -49.39998431999993, -25.375617063268763 ], [ -49.399976368999937, -25.375627716268713 ], [ -49.399801295999964, -25.375816911268728 ], [ -49.39962447299996, -25.376014081268757 ], [ -49.399451165999942, -25.376231269268718 ], [ -49.399239469999934, -25.376498788268737 ], [ -49.399097797999957, -25.376707910268742 ], [ -49.398980342999948, -25.376856681268741 ], [ -49.398854599999936, -25.376898277268683 ], [ -49.398772804999965, -25.376859722268701 ], [ -49.398720342999979, -25.37680265626868 ], [ -49.398624954999946, -25.376749634268712 ], [ -49.398519802999942, -25.37664865826871 ], [ -49.398475820999977, -25.376523770268708 ], [ -49.398478016999945, -25.376399306268702 ], [ -49.398539304999986, -25.376120611268735 ], [ -49.39852910999997, -25.375922218268734 ], [ -49.398570273999951, -25.375708681268762 ], [ -49.398607205999951, -25.375442354268749 ], [ -49.398636773999954, -25.375255400268731 ], [ -49.398704842999955, -25.375169624268743 ], [ -49.398836796999944, -25.375151600268754 ], [ -49.399026790999983, -25.375155548268733 ], [ -49.399150768999959, -25.375054231268763 ], [ -49.39927737499994, -25.374986907268784 ], [ -49.399452096999944, -25.374908615268765 ], [ -49.39951040699998, -25.374827456268786 ], [ -49.399580854999947, -25.37478010126874 ], [ -49.399736497999982, -25.374742391268772 ], [ -49.399742209999943, -25.374742683268749 ], [ -49.399858088999963, -25.374687456268738 ] ] ] } },
{ "type": "Feature", "properties": { "num_setor": "PR_CGS_SR_02_CPRM", "munic": "CAMPINA GRANDE DO SUL", "grau_risco": "Muito alto", "distancia_km": 1.81, "chuva_24h": 9.3, "chuva_72h": 22.1, "fonte_estacao": "openmeteo", "codigo_estacao": "openmeteo", "nome_estacao": "Open-Meteo (célula de grade)" }, "geometry": { "type": "Polygon", "coordinates": [ [ [ -49.114251735999979, -25.354157375269153 ], [ -49.114183757999967, -25.354130884269193 ], [ -49.114137034999942, -25.354106991269191 ], [ -49.114142611999966, -25.354065086269209 ], [ -49.114169560999983, -25.354052192269197 ], [ -49.114204238999946, -25.354044661269203 ], [ -49.114251768999964, -25.354045235269162 ], [ -49.11429004699994, -25.354050989269183 ], [ -49.114325021999953, -25.354059327269177 ], [ -49.114360515999969, -25.35408076526922 ], [ -49.114366055999938, -25.354080829269162 ], [ -49.114355013999955, -25.354181424269207 ], [ -49.114344738999939, -25.354194033269163 ], [ -49.114251735999979, -25.354157375269153 ] ] ] } },
{ "type": "Feature", "properties": { "num_setor": "PR_CM_SR_03_CPRM", "munic": "CAMPO MAGRO", "grau_risco": "Alto", "distancia_km": 0.46, "chuva_24h": 14.9, "chuva_72h": 28.6, "fonte_estacao": "openmeteo", "codigo_estacao": "openmeteo", "nome_estacao": "Open-Meteo (célula de grade)" }, "geometry": { "type": "Polygon", "coordinates": [ [ [ -49.397243741999944, -25.377375502268681 ], [ -49.396974333999935, -25.377226168268731 ], [ -49.396759379999935, -25.377113195268727 ], [ -49.396967029999985, -25.376381828268741 ], [ -49.397016091999944, -25.376217370268705 ], [ -49.397018718999959, -25.376205463268725 ], [ -49.397053740999986, -25.375927141268736 ], [ -49.397031213999981, -25.375727601268764 ], [ -49.397052541999983, -25.375690891268739 ], [ -49.397170803999984, -25.375409368268731 ], [ -49.397354353999965, -25.375204143268743 ], [ -49.39736069199995, -25.375177429268753 ], [ -49.397410699999959, -25.375139240268737 ], [ -49.39746715699993, -25.374954322268739 ], [ -49.397438070999954, -25.374712710268771 ], [ -49.397623981999978, -25.374429197268775 ], [ -49.397647159999963, -25.374054015268758 ], [ -49.397716576999983, -25.373786600268769 ], [ -49.397647777999964, -25.373573201268755 ], [ -49.397586973999985, -25.373298398268791 ], [ -49.397732849999947, -25.373202539268789 ], [ -49.398136458999943, -25.373319412268767 ], [ -49.398360599999933, -25.373735003268781 ], [ -49.398600737999971, -25.374033915268782 ], [ -49.398825447999975, -25.374149941268783 ], [ -49.398803287999954, -25.374297526268752 ], [ -49.398315439999976, -25.375290743268767 ], [ -49.398161348999963, -25.375764444268725 ], [ -49.397997442999952, -25.3764934382687 ], [ -49.397690089999969, -25.377670219268708 ], [ -49.397243741999944, -25.377375502268681 ] ] ] } },
{ "type": "Feature", "properties": { "num_setor": "PR_CRZ_SR01_CPRM", "munic": "CERRO AZUL", "grau_risco": "Alto", "distancia_km": 1.73, "chuva_24h": 7.8, "chuva_72h": 9.4, "fonte_estacao": "openmeteo", "codigo_estacao": "openmeteo", "nome_estacao": "Open-Meteo (célula de grade)" }, "geometry": { "type": "Polygon", "coordinates": [ [ [ -49.259221239999924, -24.82359794828038 ], [ -49.25911107099995, -24.823462995280348 ], [ -49.259091192999961, -24.823453177280378 ], [ -49.259021744999984, -24.823381277280358 ], [ -49.258996090999972, -24.823282229280387 ], [ -49.258965582999963, -24.823192611280373 ], [ -49.258891353999957, -24.823088822280404 ], [ -49.25883214299995, -24.822999621280367 ], [ -49.25878288499996, -24.822920095280391 ], [ -49.258814634999958, -24.822835274280358 ], [ -49.258894963999978, -24.822749229280372 ], [ -49.258913462999942, -24.822701462280353 ], [ -49.258947210999963, -24.822681830280377 ], [ -49.259055003999947, -24.822679792280393 ], [ -49.259094109999978, -24.822669364280401 ], [ -49.259172807999967, -24.82264351128039 ], [ -49.259287933999985, -24.822631211280399 ], [ -49.259343756999954, -24.822629997280398 ], [ -49.25944637799995, -24.822642522280386 ], [ -49.259456835999977, -24.822652141280404 ], [ -49.259587263999947, -24.82270390228036 ], [ -49.259698244999974, -24.822766508280388 ], [ -49.259714518999942, -24.822805948280347 ], [ -49.259736287999942, -24.822865139280406 ], [ -49.25972118499994, -24.822949141280393 ], [ -49.25972145999998, -24.823008193280373 ], [ -49.259705978999932, -24.823072057280399 ], [ -49.259722625999984, -24.823258487280377 ], [ -49.259717462999951, -24.82327800028035 ], [ -49.259666011999975, -24.823423395280358 ], [ -49.25964559199997, -24.823476296280361 ], [ -49.259614793999958, -24.823514204280396 ], [ -49.259491931999946, -24.823549168280344 ], [ -49.259441491999951, -24.823585894280363 ], [ -49.259416351999953, -24.823599394280393 ], [ -49.259345990999975, -24.823620967280352 ], [ -49.259221239999924, -24.82359794828038 ] ] ] } },
{ "type": "Feature", "properties": { "num_setor": "PR_CRZ_SR02_CPRM", "munic": "CERRO AZUL", "grau_risco": "Alto", "distancia_km": 1.51, "chuva_24h": 20.6, "chuva_72h": 22.3, "fonte_estacao": "openmeteo", "codigo_estacao": "openmeteo", "nome_estacao": "Open-Meteo (célula de grade)" }, "geometry": { "type": "Polygon", "coordinates": [ [ [ -49.257353481999985, -24.82772503528027 ], [ -49.257330619999948, -24.827625114280256 ], [ -49.257176088999984, -24.827604806280263 ], [ -49.257005590999938, -24.827579489280279 ], [ -49.256989205999957, -24.827579452280258 ], [ -49.256867977999946, -24.827524289280252 ], [ -49.256858915999949, -24.827378651280263 ], [ -49.256858396999974, -24.827353420280261 ], [ -49.256838282999979, -24.827181019280289 ], [ -49.256835194999951, -24.82703781928026 ], [ -49.256834322999971, -24.827017044280272 ], [ -49.256904897999959, -24.826974952280263 ], [ -49.257009796999967, -24.826942907280316 ], [ -49.257138866999981, -24.826952645280276 ], [ -49.25716703299998, -24.826957733280299 ], [ -49.257279678999964, -24.826988264280288 ], [ -49.257342234999953, -24.82704524728026 ], [ -49.25743824999995, -24.827137654280271 ], [ -49.257455608999976, -24.827219919280282 ], [ -49.257450877999986, -24.827362908280264 ], [ -49.257490372999939, -24.827474395280287 ], [ -49.25749601699993, -24.827494606280279 ], [ -49.257529753999961, -24.827610460280269 ], [ -49.257530051999936, -24.827705624280284 ], [ -49.257480308999966, -24.827750653280255 ], [ -49.257353481999985, -24.82772503528027 ] ] ] } },
{ "type": "Feature", "properties": { "num_setor": "PR_CM_SR_04_CPRM", "munic": "CAMPO MAGRO", "grau_risco": "Muito alto", "distancia_km": 0.9, "chuva_24h": 14.9, "chuva_72h": 28.6, "fonte_estacao": "openmeteo", "codigo_estacao": "openmeteo", "nome_estacao": "Open-Meteo (célula de grade)" }, "geometry": { "type": "Polygon", "coordinates": [ [ [ -49.39095574299995, -25.376857675268688 ], [ -49.390809294999933, -25.376701360268722 ], [ -49.390632571999959, -25.376645312268742 ], [ -49.390459127999975, -25.376401814268711 ], [ -49.39035021799998, -25.376273839268716 ], [ -49.390254237999955, -25.376126447268746 ], [ -49.390201447999971, -25.375904507268736 ], [ -49.390114585999982, -25.375677750268729 ], [ -49.390148036999967, -25.37540177626876 ], [ -49.390035198999954, -25.375278323268752 ], [ -49.389900884, -25.375077656268751 ], [ -49.389715328999955, -25.374901104268734 ], [ -49.389468606999969, -25.374827677268769 ], [ -49.389221963999944, -25.374604240268731 ], [ -49.389205403999938, -25.374594386268743 ], [ -49.389258587999961, -25.374442624268777 ], [ -49.389383416999976, -25.374373548268782 ], [ -49.389420334999961, -25.37436594026876 ], [ -49.389484175999939, -25.374359672268763 ], [ -49.389493133999963, -25.374360122268783 ], [ -49.38967777199997, -25.374397899268754 ], [ -49.389702130999979, -25.374418089268755 ], [ -49.389898234999983, -25.37455975126878 ], [ -49.389914580999971, -25.374570818268722 ], [ -49.390057368999976, -25.374611534268741 ], [ -49.390316600999938, -25.374640454268761 ], [ -49.390344599999935, -25.374642455268742 ], [ -49.390516514999945, -25.374778698268731 ], [ -49.390693238999972, -25.375013350268738 ], [ -49.390826387999937, -25.375289203268739 ], [ -49.390973596999977, -25.375396919268741 ], [ -49.391005878999977, -25.375412667268755 ], [ -49.39107519199996, -25.375576869268762 ], [ -49.391081473, -25.375587994268713 ], [ -49.391098011999986, -25.375630930268727 ], [ -49.391018398999961, -25.375982034268702 ], [ -49.391173987999935, -25.376191554268694 ], [ -49.391325024999951, -25.376325996268744 ], [ -49.391453059999947, -25.376495509268683 ], [ -49.39141430899997, -25.376788207268689 ], [ -49.391284334999973, -25.376918268268675 ], [ -49.391171663999955, -25.376954668268674 ], [ -49.39095574299995, -25.376857675268688 ] ] ] } },
{ "type": "Feature", "properties": { "num_setor": "PR_CM_SR_05_CPRM", "munic": "CAMPO MAGRO", "grau_risco": "Muito alto", "distancia_km": 1.01, "chuva_24h": 14.9, "chuva_72h": 28.6, "fonte_estacao": "openmeteo", "codigo_estacao": "openmeteo", "nome_estacao": "Open-Meteo (célula de grade)" }, "geometry": { "type": "Polygon", "coordinates": [ [ [ -49.390499091999963, -25.378064569268659 ], [ -49.390405094999949, -25.378004001268685 ], [ -49.390319315999932, -25.37787028926871 ], [ -49.39029660999995, -25.37772992026871 ], [ -49.390300942999943, -25.377602974268694 ], [ -49.390309982999959, -25.377596536268666 ], [ -49.39039540999994, -25.377487461268721 ], [ -49.390397007999979, -25.377480263268673 ], [ -49.390443403999939, -25.377337843268691 ], [ -49.390310600999953, -25.377023995268676 ], [ -49.390433698999971, -25.376952309268734 ], [ -49.390584107999977, -25.376904468268702 ], [ -49.390671044999976, -25.376730412268724 ], [ -49.390751770999941, -25.376758413268703 ], [ -49.39080958999994, -25.376815264268703 ], [ -49.390857534999952, -25.376878294268735 ], [ -49.390743436999976, -25.377802340268683 ], [ -49.39067116699993, -25.377981915268688 ], [ -49.390584353999941, -25.378071555268683 ], [ -49.390499091999963, -25.378064569268659 ] ] ] } },
{ "type": "Feature", "properties": { "num_setor": "PR_CM_SR_01A_CPRM", "munic": "CAMPO MAGRO", "grau_risco": "Alto", "distancia_km": 0.62, "chuva_24h": 19.4, "chuva_72h": 38.3, "fonte_estacao": "openmeteo", "codigo_estacao": "openmeteo", "nome_estacao": "Open-Meteo (célula de grade)" }, "geometry": { "type": "Polygon", "coordinates": [ [ [ -49.451566097999944, -25.374295777268784 ], [ -49.451504048999944, -25.374287533268763 ], [ -49.45148580099994, -25.374262931268774 ], [ -49.451467850999961, -25.374238730268736 ], [ -49.451447902999973, -25.374211835268781 ], [ -49.451435653999958, -25.374195321268754 ], [ -49.451427016999958, -25.374186014268776 ], [ -49.451400946999968, -25.374073048268759 ], [ -49.451430787999982, -25.373962419268757 ], [ -49.451445233999948, -25.373908865268788 ], [ -49.451451106999968, -25.373866657268746 ], [ -49.451456216999986, -25.373829936268795 ], [ -49.451467372999957, -25.37374976926878 ], [ -49.451473074999967, -25.373699033268789 ], [ -49.451468470999941, -25.373649586268751 ], [ -49.451464469999955, -25.373606624268795 ], [ -49.451561019999986, -25.373580894268798 ], [ -49.45162043199997, -25.373565061268774 ], [ -49.45169683599994, -25.373554247268771 ], [ -49.451767684999936, -25.373544218268762 ], [ -49.451922772999978, -25.373565214268748 ], [ -49.451980331999948, -25.373677211268781 ], [ -49.45203537499998, -25.373770125268774 ], [ -49.452050661999976, -25.373886270268752 ], [ -49.452036093999943, -25.373965705268787 ], [ -49.452025592999973, -25.374035335268779 ], [ -49.45199337899993, -25.374099717268781 ], [ -49.451952892999934, -25.374173118268786 ], [ -49.451917189999961, -25.374230634268752 ], [ -49.451881471999968, -25.374287357268749 ], [ -49.451812847999967, -25.37428738726878 ], [ -49.451727067999968, -25.374287426268761 ], [ -49.451640891999951, -25.37430571426874 ], [ -49.451566097999944, -25.374295777268784 ] ] ] } },
{ "type": "Feature", "properties": { "num_setor": "PR_BOCAIUV_SR_1_CPRM", "munic": "BOCAIÚVA DO SUL", "grau_risco": "Muito alto", "distancia_km": 1.72, "chuva_24h": 16.0, "chuva_72h": 25.9, "fonte_estacao": "openmeteo", "codigo_estacao": "openmeteo", "nome_estacao": "Open-Meteo (célula de grade)" }, "geometry": { "type": "Polygon", "coordinates": [ [ [ -49.120763892999946, -25.206316796272265 ], [ -49.120937770999944, -25.20590303027226 ], [ -49.121386897999969, -25.204991475272315 ], [ -49.121669814999962, -25.204422248272301 ], [ -49.121746242999961, -25.204387525272306 ], [ -49.121908161999954, -25.204463143272285 ], [ -49.122054688999988, -25.204559699272313 ], [ -49.122171948999956, -25.204687616272285 ], [ -49.122285480999949, -25.204801802272303 ], [ -49.122266237999952, -25.204918526272316 ], [ -49.122252915999979, -25.205057767272301 ], [ -49.122253383999976, -25.205137916272289 ], [ -49.122297411999966, -25.20530784327228 ], [ -49.122259847999942, -25.205397361272269 ], [ -49.122171888999958, -25.205474739272276 ], [ -49.122255511999981, -25.205589847272272 ], [ -49.122204510999957, -25.205668832272281 ], [ -49.122130669999933, -25.205760918272269 ], [ -49.122049000999937, -25.205784682272267 ], [ -49.122013808999952, -25.205856504272255 ], [ -49.121916923999947, -25.205975530272308 ], [ -49.121859542999971, -25.206053264272303 ], [ -49.121789107999973, -25.206115695272302 ], [ -49.121687828999939, -25.206205725272273 ], [ -49.121629501999962, -25.206317119272249 ], [ -49.121732440999949, -25.206382752272269 ], [ -49.121788159999937, -25.206487112272299 ], [ -49.121688398999936, -25.206697846272238 ], [ -49.12151761299998, -25.206759126272257 ], [ -49.121436829999936, -25.20682923027228 ], [ -49.12129933999995, -25.206924369272269 ], [ -49.121120011999949, -25.207063132272257 ], [ -49.120939892999957, -25.207087154272248 ], [ -49.120724611999947, -25.207034896272273 ], [ -49.120562744999965, -25.207014022272247 ], [ -49.120381021999954, -25.207021049272292 ], [ -49.120321488999934, -25.207090581272279 ], [ -49.120315464999976, -25.207109338272243 ], [ -49.120213393999961, -25.207146520272278 ], [ -49.120129725999959, -25.207146108272237 ], [ -49.12004944399996, -25.207090101272239 ], [ -49.12002757799997, -25.207077550272242 ], [ -49.119928446999957, -25.20697019727227 ], [ -49.119913765999968, -25.206963756272284 ], [ -49.119841723999969, -25.206854755272236 ], [ -49.119839998999964, -25.206737546272233 ], [ -49.119846232, -25.20672442827227 ], [ -49.119831462999969, -25.206505358272263 ], [ -49.119711758999983, -25.206464811272291 ], [ -49.119565019999982, -25.206458088272274 ], [ -49.119457313999931, -25.206472260272236 ], [ -49.119864224999951, -25.206334869272293 ], [ -49.12043824999995, -25.206343099272289 ], [ -49.120763892999946, -25.206316796272265 ] ] ] } },
{ "type": "Feature", "properties": { "num_setor": "PR_ARAUCAR_SR_8_CPRM", "munic": "ARAUCÁRIA", "grau_risco": "Muito alto", "distancia_km": 0.68, "chuva_24h": 15.8, "chuva_72h": 28.1, "fonte_estacao": "openmeteo", "codigo_estacao": "openmeteo", "nome_estacao": "Open-Meteo (célula de grade)" }, "geometry": { "type": "Polygon", "coordinates": [ [ [ -49.430443439999976, -25.584194558264421 ], [ -49.429874788999946, -25.584175491264382 ], [ -49.429738450999935, -25.584162712264416 ], [ -49.42972911399994, -25.58396770526441 ], [ -49.42974443799995, -25.583859917264437 ], [ -49.429761635999967, -25.583734826264408 ], [ -49.429786683999964, -25.583583371264432 ], [ -49.429759239999953, -25.58342241526443 ], [ -49.429963801999975, -25.583382102264434 ], [ -49.430484173999965, -25.583381250264402 ], [ -49.430859369999951, -25.583386633264443 ], [ -49.43105719699998, -25.583419060264436 ], [ -49.431032757999958, -25.584152696264432 ], [ -49.430865537999978, -25.584199849264408 ], [ -49.430443439999976, -25.584194558264421 ] ] ] } },
{ "type": "Feature", "properties": { "num_setor": "PR_ARAUCAR_SR_9_CPRM", "munic": "ARAUCÁRIA", "grau_risco": "Alto", "distancia_km": 1.19, "chuva_24h": 15.8, "chuva_72h": 28.1, "fonte_estacao": "openmeteo", "codigo_estacao": "openmeteo", "nome_estacao": "Open-Meteo (célula de grade)" }, "geometry": { "type": "Polygon", "coordinates": [ [ [ -49.415916195999955, -25.575336101264579 ], [ -49.415742287999933, -25.575160664264583 ], [ -49.415629092999943, -25.574972724264605 ], [ -49.415481109999973, -25.574782342264633 ], [ -49.415433539999981, -25.574607180264639 ], [ -49.415442031999937, -25.574449449264627 ], [ -49.415444830999952, -25.574228392264601 ], [ -49.415578953999955, -25.57394691026461 ], [ -49.415654942999936, -25.573895980264624 ], [ -49.417070151999951, -25.573779079264622 ], [ -49.417195384999957, -25.574093363264623 ], [ -49.417369667999928, -25.574491252264622 ], [ -49.417492169999946, -25.574857778264612 ], [ -49.417548529999976, -25.575116741264633 ], [ -49.417459645999934, -25.57522811526459 ], [ -49.417245388999959, -25.57536094626461 ], [ -49.416826441999945, -25.575455908264608 ], [ -49.416475347999949, -25.575559589264589 ], [ -49.416207694999969, -25.575607396264569 ], [ -49.415916195999955, -25.575336101264579 ] ] ] } },
{ "type": "Feature", "properties": { "num_setor": "PR_BOCAIUV_SR_4_CPRM", "munic": "BOCAIÚVA DO SUL", "grau_risco": "Muito alto", "distancia_km": 1.53, "chuva_24h": 10.5, "chuva_72h": 19.5, "fonte_estacao": "openmeteo", "codigo_estacao": "openmeteo", "nome_estacao": "Open-Meteo (célula de grade)" }, "geometry": { "type": "Polygon", "coordinates": [ [ [ -49.136352520999935, -25.266499251271021 ], [ -49.13625392299997, -25.266461620271016 ], [ -49.136245718999938, -25.266387191271022 ], [ -49.136287307999964, -25.266268474271005 ], [ -49.136327967999932, -25.266155408271029 ], [ -49.136362433999984, -25.266061146271024 ], [ -49.136447128999976, -25.265992114271029 ], [ -49.136512987999943, -25.265948431271028 ], [ -49.136592335999978, -25.265956025271031 ], [ -49.136666020999932, -25.265980553271014 ], [ -49.136743267999975, -25.266030249271036 ], [ -49.136801545999958, -25.266103286271033 ], [ -49.136856968999943, -25.266215316271001 ], [ -49.13689044299997, -25.266293742271007 ], [ -49.136912711999969, -25.266390143271011 ], [ -49.136915420999969, -25.266500029271029 ], [ -49.136765147999931, -25.266506563271001 ], [ -49.136352520999935, -25.266499251271021 ] ] ] } },
{ "type": "Feature", "properties": { "num_setor": "PR_CGS_SR_01_CPRM", "munic": "CAMPINA GRANDE DO SUL", "grau_risco": "Muito alto", "distancia_km": 1.7, "chuva_24h": 9.3, "chuva_72h": 22.1, "fonte_estacao": "openmeteo", "codigo_estacao": "openmeteo", "nome_estacao": "Open-Meteo (célula de grade)" }, "geometry": { "type": "Polygon", "coordinates": [ [ [ -49.112422850999955, -25.353717873269222 ], [ -49.112473997999984, -25.35364154126918 ], [ -49.112542530999974, -25.353612636269208 ], [ -49.112548704999938, -25.353612713269186 ], [ -49.112649282999946, -25.353643649269209 ], [ -49.112655608999944, -25.35364668326919 ], [ -49.112736567999946, -25.353671219269206 ], [ -49.112796104999973, -25.353704241269163 ], [ -49.112899528999954, -25.353711439269215 ], [ -49.112975445999943, -25.353721275269166 ], [ -49.113056879999938, -25.353721948269211 ], [ -49.113129151999942, -25.353716888269179 ], [ -49.113691305999964, -25.35381870826917 ], [ -49.113704983999988, -25.353911735269161 ], [ -49.113549047999982, -25.353893523269171 ], [ -49.113344439999935, -25.353894352269155 ], [ -49.113168443999939, -25.353870242269196 ], [ -49.113124342999981, -25.353884471269176 ], [ -49.113074430999973, -25.353890149269162 ], [ -49.113030229999943, -25.353884479269212 ], [ -49.11301552499998, -25.353884480269194 ], [ -49.112918007999944, -25.353877924269188 ], [ -49.112843379999958, -25.353862912269186 ], [ -49.112718069999971, -25.353853050269166 ], [ -49.112453769999945, -25.353835961269183 ], [ -49.11242120299994, -25.353812445269181 ], [ -49.112403109999939, -25.353785882269179 ], [ -49.112400751999985, -25.353765216269167 ], [ -49.112422850999955, -25.353717873269222 ] ] ] } },
{ "type": "Feature", "properties": { "num_setor": "PR_BOCAIUV_SR_2_CPRM", "munic": "BOCAIÚVA DO SUL", "grau_risco": "Muito alto", "distancia_km": 0.62, "chuva_24h": 13.8, "chuva_72h": 20.7, "fonte_estacao": "openmeteo", "codigo_estacao": "openmeteo", "nome_estacao": "Open-Meteo (célula de grade)" }, "geometry": { "type": "Polygon", "coordinates": [ [ [ -49.106941203999952, -25.218707770272019 ], [ -49.107089502999941, -25.218813957272001 ], [ -49.107217327999933, -25.218972938272024 ], [ -49.107229507999939, -25.219102589272026 ], [ -49.10726935699995, -25.219173658272023 ], [ -49.107148420999984, -25.219276546271978 ], [ -49.107069462999952, -25.219314158272006 ], [ -49.107006574999957, -25.219346483272012 ], [ -49.106930618999968, -25.219346037272011 ], [ -49.10684756999995, -25.219397500271995 ], [ -49.106788853999944, -25.219464484271978 ], [ -49.106750878999939, -25.219631490272008 ], [ -49.10668787099997, -25.219679104271989 ], [ -49.106483017999956, -25.219823224272005 ], [ -49.106326994999961, -25.219937510271983 ], [ -49.106240680999974, -25.219992810271975 ], [ -49.10616889399995, -25.219977925271984 ], [ -49.106016625999985, -25.219856652271996 ], [ -49.10586911799993, -25.219740050272009 ], [ -49.105757876999967, -25.219663442271976 ], [ -49.106941203999952, -25.218707770272019 ] ] ] } },
{ "type": "Feature", "properties": { "num_setor": "PR_BOCAIUV_SR_3_CPRM", "munic": "BOCAIÚVA DO SUL", "grau_risco": "Alto", "distancia_km": 1.07, "chuva_24h": 13.8, "chuva_72h": 20.7, "fonte_estacao": "openmeteo", "codigo_estacao": "openmeteo", "nome_estacao": "Open-Meteo (célula de grade)" }, "geometry": { "type": "Polygon", "coordinates": [ [ [ -49.107991870999967, -25.215754035272081 ], [ -49.108012483999971, -25.215643038272052 ], [ -49.108177808999983, -25.215455736272091 ], [ -49.108510711999941, -25.215177074272063 ], [ -49.108682664999947, -25.215140130272072 ], [ -49.108688521999966, -25.215140455272103 ], [ -49.108760057999973, -25.215294894272073 ], [ -49.108762228999979, -25.215314305272116 ], [ -49.108655645999931, -25.215423205272099 ], [ -49.108541173999974, -25.215509065272101 ], [ -49.108423504999962, -25.215587846272054 ], [ -49.108415663999949, -25.215600099272088 ], [ -49.108429204999936, -25.215686579272077 ], [ -49.108499123999941, -25.21576726027206 ], [ -49.108508041999983, -25.215779496272077 ], [ -49.108584310999959, -25.215846756272065 ], [ -49.108334911999975, -25.216052778272058 ], [ -49.107991870999967, -25.215754035272081 ] ] ] } },
{ "type": "Feature", "properties": { "num_setor": "PR_ANTONIN_SR_05_CPRM", "munic": "ANTONINA", "grau_risco": "Alto", "distancia_km": 1.38, "chuva_24h": 22.0, "chuva_72h": 38.2, "fonte_estacao": "openmeteo", "codigo_estacao": "openmeteo", "nome_estacao": "Open-Meteo (célula de grade)" }, "geometry": { "type": "Polygon", "coordinates": [ [ [ -48.706839969999976, -25.319133100269937 ], [ -48.70683760199995, -25.319063609269904 ], [ -48.706917856999958, -25.319053867269929 ], [ -48.70693334799995, -25.319145218269906 ], [ -48.707007655999973, -25.319143523269929 ], [ -48.707035711999936, -25.319203282269942 ], [ -48.707025603999966, -25.31925391326989 ], [ -48.70705768299996, -25.319337299269929 ], [ -48.707132608999984, -25.3193664502699 ], [ -48.707126547999962, -25.319420951269919 ], [ -48.707203138999944, -25.319482935269878 ], [ -48.707229369999936, -25.319568406269905 ], [ -48.707188998999982, -25.319586441269895 ], [ -48.707253546999937, -25.319744589269924 ], [ -48.70736837499993, -25.319846308269906 ], [ -48.70735427999994, -25.319875314269868 ], [ -48.707398522999945, -25.31995506426987 ], [ -48.707388458999958, -25.319991323269882 ], [ -48.70747694399995, -25.320085255269912 ], [ -48.707561231999932, -25.320169597269885 ], [ -48.707675005999931, -25.320221193269866 ], [ -48.707742630999974, -25.320251328269919 ], [ -48.708171461999939, -25.320175245269905 ], [ -48.708454151999952, -25.3201747992699 ], [ -48.708483329999986, -25.320336505269871 ], [ -48.707683877999955, -25.320331175269892 ], [ -48.707653754999967, -25.320323895269873 ], [ -48.707456047999983, -25.320181147269899 ], [ -48.707320652999954, -25.320032276269874 ], [ -48.70716566699997, -25.319827530269869 ], [ -48.707088173999971, -25.319592506269931 ], [ -48.706991205999941, -25.319434818269936 ], [ -48.706905906999964, -25.319237655269884 ], [ -48.706878578999977, -25.319165504269897 ], [ -48.706839969999976, -25.319133100269937 ] ] ] } },
{ "type": "Feature", "properties": { "num_setor": "PR_ANTONIN_SR_06_CPRM", "munic": "ANTONINA", "grau_risco": "Alto", "distancia_km": 0.97, "chuva_24h": 10.6, "chuva_72h": 31.5, "fonte_estacao": "openmeteo", "codigo_estacao": "openmeteo", "nome_estacao": "Open-Meteo (célula de grade)" }, "geometry": { "type": "Polygon", "coordinates": [ [ [ -48.713047544999938, -25.422099329267787 ], [ -48.713348872999973, -25.421860678267784 ], [ -48.71376288099998, -25.42225033026774 ], [ -48.714147876999959, -25.422190209267747 ], [ -48.714714354999948, -25.422141876267748 ], [ -48.714717362999977, -25.422251767267774 ], [ -48.714596235999977, -25.422251948267746 ], [ -48.714384477999943, -25.422298781267731 ], [ -48.71432133899998, -25.422346933267768 ], [ -48.714152088999981, -25.422347326267754 ], [ -48.714089355999931, -25.422322501267743 ], [ -48.713894314999955, -25.422395130267788 ], [ -48.713786836999986, -25.422542600267775 ], [ -48.713691002999958, -25.422663152267774 ], [ -48.713537619999961, -25.422599451267732 ], [ -48.71333984599994, -25.42271371826774 ], [ -48.713326593999966, -25.422837770267734 ], [ -48.713125643999952, -25.422946941267742 ], [ -48.712976580999964, -25.423062136267728 ], [ -48.71287472299997, -25.423123817267751 ], [ -48.712781913999954, -25.423292679267757 ], [ -48.712709337999968, -25.423274249267759 ], [ -48.712593199999958, -25.423357398267729 ], [ -48.712546658999933, -25.423446965267757 ], [ -48.712524043999963, -25.42355983526776 ], [ -48.712512257999947, -25.423661157267738 ], [ -48.712498938999943, -25.423676888267764 ], [ -48.712444600999959, -25.423726696267728 ], [ -48.712061577999982, -25.423916687267734 ], [ -48.711814462999939, -25.424124125267753 ], [ -48.71173487599998, -25.424337723267705 ], [ -48.711714591999971, -25.4244985932677 ], [ -48.711674654999975, -25.424695310267698 ], [ -48.711588721999938, -25.424931217267734 ], [ -48.711556733999942, -25.425172385267675 ], [ -48.711564436999943, -25.425426272267714 ], [ -48.711506270999962, -25.425696421267666 ], [ -48.711453626999976, -25.425820236267722 ], [ -48.711538734999976, -25.425978473267705 ], [ -48.711711511999965, -25.425994915267712 ], [ -48.711727326999949, -25.426069653267678 ], [ -48.711448658999984, -25.426140445267702 ], [ -48.711261775999958, -25.426142323267687 ], [ -48.711286644999973, -25.425769026267687 ], [ -48.711310665999974, -25.425622903267701 ], [ -48.711248151999939, -25.425614220267672 ], [ -48.711273498999965, -25.425399340267688 ], [ -48.711338708999961, -25.425176848267718 ], [ -48.711362513999966, -25.42494775226772 ], [ -48.711423579999973, -25.424853092267718 ], [ -48.711483518999955, -25.424602168267729 ], [ -48.711216502999946, -25.424460351267754 ], [ -48.711224540999979, -25.424396225267699 ], [ -48.711208789999944, -25.424325289267721 ], [ -48.711269948999984, -25.424231631267709 ], [ -48.711188206999964, -25.42421040626774 ], [ -48.711196914999967, -25.424033280267704 ], [ -48.711197574999971, -25.423974696267724 ], [ -48.711439836999944, -25.423771383267734 ], [ -48.711540803999981, -25.423671338267724 ], [ -48.711720535, -25.42357093826773 ], [ -48.711771913999939, -25.423464411267719 ], [ -48.711885700999972, -25.423444556267771 ], [ -48.712060832999953, -25.423375366267734 ], [ -48.712028583999938, -25.423275699267769 ], [ -48.712089487999947, -25.42318887426773 ], [ -48.712106917999961, -25.423118606267728 ], [ -48.712180230999934, -25.423043315267748 ], [ -48.712188673999947, -25.423038423267762 ], [ -48.712194129999943, -25.423020937267772 ], [ -48.712311233999976, -25.422885008267766 ], [ -48.712357894999968, -25.422718609267751 ], [ -48.71244362799996, -25.422686253267724 ], [ -48.712397116999966, -25.422633722267729 ], [ -48.712471039999969, -25.422576172267778 ], [ -48.712714622999947, -25.422464879267757 ], [ -48.712858496999949, -25.422541444267782 ], [ -48.712944794999942, -25.42251263126775 ], [ -48.713115070999955, -25.422657202267771 ], [ -48.713414421999971, -25.422389892267748 ], [ -48.713047544999938, -25.422099329267787 ] ] ] } },
{ "type": "Feature", "properties": { "num_setor": "PR_ANTONIN_SR_03_CPRM", "munic": "ANTONINA", "grau_risco": "Alto", "distancia_km": 0.67, "chuva_24h": 10.6, "chuva_72h": 31.5, "fonte_estacao": "openmeteo", "codigo_estacao": "openmeteo", "nome_estacao": "Open-Meteo (célula de grade)" }, "geometry": { "type": "Polygon", "coordinates": [ [ [ -48.719360543999983, -25.434160297267507 ], [ -48.719354026999945, -25.43406294926751 ], [ -48.719448519999951, -25.434099942267537 ], [ -48.71951566499996, -25.434128636267509 ], [ -48.719585755999951, -25.434170785267536 ], [ -48.719663178999951, -25.434179131267502 ], [ -48.71975241399997, -25.434186413267511 ], [ -48.719768782999942, -25.434156089267496 ], [ -48.719862908999971, -25.434181060267502 ], [ -48.719842711999938, -25.434226593267496 ], [ -48.719893646999935, -25.43424598426752 ], [ -48.720123937999972, -25.434364678267492 ], [ -48.720278402999952, -25.434459216267538 ], [ -48.720586030999975, -25.434519851267495 ], [ -48.72059176099998, -25.434519871267515 ], [ -48.720763504999979, -25.434554463267531 ], [ -48.720922142999946, -25.434637923267505 ], [ -48.721015614999935, -25.434599753267527 ], [ -48.721193967999966, -25.434623655267476 ], [ -48.721297348999947, -25.434660589267509 ], [ -48.721351305, -25.434758350267522 ], [ -48.721456199999977, -25.434785864267528 ], [ -48.721489178999946, -25.434838842267521 ], [ -48.721390284999984, -25.434915182267478 ], [ -48.721344694999971, -25.435117949267489 ], [ -48.721446034999985, -25.435164270267506 ], [ -48.721533835999935, -25.435273487267494 ], [ -48.72156581399998, -25.435377526267487 ], [ -48.721654601999944, -25.435457617267467 ], [ -48.721821293999938, -25.43542869726749 ], [ -48.721897202999969, -25.435518431267518 ], [ -48.721725761999942, -25.435591594267486 ], [ -48.721746760999963, -25.435719938267496 ], [ -48.721623360999963, -25.435812526267462 ], [ -48.721428350999986, -25.435934779267491 ], [ -48.72143009399997, -25.436012230267472 ], [ -48.721508285999967, -25.436026789267494 ], [ -48.721564720999936, -25.436021764267494 ], [ -48.721677847999963, -25.436091782267471 ], [ -48.721870564999968, -25.43610477926746 ], [ -48.721915500999955, -25.436109676267453 ], [ -48.722067744999947, -25.436195526267461 ], [ -48.722076694999942, -25.43619555326746 ], [ -48.722157470999939, -25.436199003267465 ], [ -48.72214668099997, -25.436080077267494 ], [ -48.722189992999972, -25.436064836267477 ], [ -48.722382313999958, -25.435997079267448 ], [ -48.722389699999944, -25.435997080267502 ], [ -48.722442738999973, -25.436048651267477 ], [ -48.722576981999971, -25.436040417267467 ], [ -48.722687547999946, -25.43599375826745 ], [ -48.722851516999974, -25.435943229267487 ], [ -48.722847545999969, -25.435863452267483 ], [ -48.722867083999972, -25.435735878267472 ], [ -48.722845186999962, -25.435632563267475 ], [ -48.722837070999965, -25.435569364267469 ], [ -48.722913310999957, -25.43551834026751 ], [ -48.722909507999987, -25.435455801267512 ], [ -48.722863036999968, -25.435392734267467 ], [ -48.722856916999945, -25.435320148267483 ], [ -48.722910118999941, -25.435220386267492 ], [ -48.723050975999968, -25.435262020267519 ], [ -48.723069876999944, -25.435389227267503 ], [ -48.723170972999974, -25.435480050267493 ], [ -48.723099364999939, -25.435554893267486 ], [ -48.723031033999973, -25.435578459267461 ], [ -48.723042809999981, -25.435730560267487 ], [ -48.723161798999968, -25.435781493267502 ], [ -48.723067067999978, -25.435930400267473 ], [ -48.723084551999932, -25.436003607267487 ], [ -48.72317168099994, -25.436073675267494 ], [ -48.723266728999931, -25.436069539267464 ], [ -48.723419591999964, -25.436019286267488 ], [ -48.723566616999953, -25.435978846267467 ], [ -48.723693823999952, -25.435958420267468 ], [ -48.723904144999949, -25.435887566267475 ], [ -48.72405486699995, -25.435819825267476 ], [ -48.724295400999949, -25.435757825267462 ], [ -48.724313927999958, -25.435621885267516 ], [ -48.724362267999936, -25.435523286267504 ], [ -48.724328793999973, -25.435442617267512 ], [ -48.724363576999963, -25.43534020826748 ], [ -48.724390998999979, -25.435268578267507 ], [ -48.724494767999943, -25.435095879267486 ], [ -48.724550675999978, -25.434974757267504 ], [ -48.724615641999947, -25.434891750267496 ], [ -48.724518301999979, -25.434841173267479 ], [ -48.724538836999962, -25.434797000267483 ], [ -48.724372499999966, -25.434770392267495 ], [ -48.72443670499996, -25.434596154267499 ], [ -48.724645435999953, -25.434634355267494 ], [ -48.724839386999975, -25.434678961267522 ], [ -48.724559888999977, -25.435342932267488 ], [ -48.724343880999982, -25.435875014267481 ], [ -48.724125978999943, -25.435946349267464 ], [ -48.723910903999979, -25.436013581267453 ], [ -48.723709309999947, -25.436053340267456 ], [ -48.723503469999969, -25.436137030267449 ], [ -48.723249597999946, -25.436219483267447 ], [ -48.723105258999965, -25.43621801126751 ], [ -48.723098229999941, -25.436214793267492 ], [ -48.723003294999955, -25.436150238267491 ], [ -48.722830900999952, -25.436102932267492 ], [ -48.722748361999948, -25.43611429026749 ], [ -48.722556582999971, -25.436167415267448 ], [ -48.722543821999977, -25.436167401267486 ], [ -48.722335748999967, -25.43625117726749 ], [ -48.72218589899996, -25.436301359267482 ], [ -48.722055470999976, -25.436310817267493 ], [ -48.721967337999956, -25.436288543267491 ], [ -48.721791327999938, -25.436214545267497 ], [ -48.721588113999985, -25.436154020267455 ], [ -48.721418745999983, -25.43614705726748 ], [ -48.721296368999951, -25.436173069267454 ], [ -48.721196414999952, -25.436186522267469 ], [ -48.72116708599998, -25.436078393267465 ], [ -48.721221523999986, -25.435965874267495 ], [ -48.721335670999963, -25.435817070267493 ], [ -48.72145028299996, -25.435590572267486 ], [ -48.721403076999934, -25.43538204326747 ], [ -48.721249073999957, -25.435130602267488 ], [ -48.721124621999941, -25.434962784267533 ], [ -48.720893453999963, -25.434823024267509 ], [ -48.720648226999977, -25.434714364267482 ], [ -48.72063475899995, -25.434707401267513 ], [ -48.720356591999973, -25.434662150267499 ], [ -48.720215780999979, -25.43457693426749 ], [ -48.719907691999936, -25.434407344267512 ], [ -48.719675137999957, -25.434361164267489 ], [ -48.719663255999933, -25.434355762267476 ], [ -48.719460335999941, -25.434260493267509 ], [ -48.719360543999983, -25.434160297267507 ] ] ] } },
{ "type": "Feature", "properties": { "num_setor": "PR_ANTONIN_SR_04_CPRM", "munic": "ANTONINA", "grau_risco": "Alto", "distancia_km": 0.37, "chuva_24h": 10.6, "chuva_72h": 31.5, "fonte_estacao": "openmeteo", "codigo_estacao": "openmeteo", "nome_estacao": "Open-Meteo (célula de grade)" }, "geometry": { "type": "Polygon", "coordinates": [ [ [ -48.722206639999968, -25.430144235267587 ], [ -48.722121234999975, -25.430028691267605 ], [ -48.721934913999974, -25.4298868542676 ], [ -48.721805722999932, -25.429695659267594 ], [ -48.721690931999937, -25.429586683267615 ], [ -48.721591853999939, -25.429537950267587 ], [ -48.721581443999987, -25.42953422226762 ], [ -48.721471709999946, -25.429508086267592 ], [ -48.721318806999932, -25.429487590267602 ], [ -48.721139276999963, -25.429471002267608 ], [ -48.72091777199995, -25.429403783267595 ], [ -48.720974593999983, -25.429311238267619 ], [ -48.721139052999938, -25.429300590267623 ], [ -48.721338271999961, -25.42926742426765 ], [ -48.721397427999932, -25.429213915267646 ], [ -48.721489546999976, -25.429114773267635 ], [ -48.721848992999981, -25.429106338267601 ], [ -48.722210838999956, -25.429229708267634 ], [ -48.722259744999974, -25.429389445267617 ], [ -48.722238437999977, -25.429464616267616 ], [ -48.722244826999948, -25.429512505267635 ], [ -48.722249091999963, -25.429564313267605 ], [ -48.722206510999968, -25.429654888267592 ], [ -48.722157750999934, -25.429672383267608 ], [ -48.722080434999953, -25.429832906267588 ], [ -48.722210762999964, -25.429949043267609 ], [ -48.722366736999959, -25.430090141267634 ], [ -48.722472722999953, -25.430164099267611 ], [ -48.72238970099994, -25.4302629032676 ], [ -48.722278821999964, -25.430312270267581 ], [ -48.722206639999968, -25.430144235267587 ] ] ] } },
{ "type": "Feature", "properties": { "num_setor": "PR_ARAUCAR_SR_6_CPRM", "munic": "ARAUCÁRIA", "grau_risco": "Alto", "distancia_km": 1.42, "chuva_24h": 21.0, "chuva_72h": 36.8, "fonte_estacao": "openmeteo", "codigo_estacao": "openmeteo", "nome_estacao": "Open-Meteo (célula de grade)" }, "geometry": { "type": "Polygon", "coordinates": [ [ [ -49.407691905999968, -25.598577713264088 ], [ -49.407696691999938, -25.59856498726413 ], [ -49.407792924999967, -25.598364725264105 ], [ -49.407895007999976, -25.59815397726414 ], [ -49.407904806999966, -25.598144302264146 ], [ -49.40799100199996, -25.597948206264121 ], [ -49.408304963999967, -25.598160793264135 ], [ -49.408409373999973, -25.598246173264108 ], [ -49.408507694999969, -25.598357153264086 ], [ -49.408505782999953, -25.598370799264096 ], [ -49.40846898399996, -25.598539520264122 ], [ -49.408472160999956, -25.598548196264112 ], [ -49.408414002999955, -25.598688458264125 ], [ -49.408398918999985, -25.598705100264105 ], [ -49.408398370999976, -25.598709250264104 ], [ -49.408346217999963, -25.598783133264135 ], [ -49.40833571099995, -25.598799349264137 ], [ -49.408227888999932, -25.598927251264108 ], [ -49.40822328999996, -25.598931165264101 ], [ -49.408156124999948, -25.599016329264131 ], [ -49.408151214999968, -25.599023972264085 ], [ -49.408003624999935, -25.598980846264098 ], [ -49.407907571999942, -25.598941322264118 ], [ -49.407827453999971, -25.598893439264138 ], [ -49.407699565999962, -25.5988526622641 ], [ -49.407666353999957, -25.598840357264116 ], [ -49.407519510999975, -25.59877714426408 ], [ -49.407511046999957, -25.598773263264086 ], [ -49.407336854999983, -25.598767106264113 ], [ -49.40698259699996, -25.598794445264101 ], [ -49.406692942999932, -25.598871017264106 ], [ -49.406605207999974, -25.598818485264125 ], [ -49.406690630999947, -25.598702781264137 ], [ -49.406799791999966, -25.598589299264116 ], [ -49.406811622999953, -25.598576391264082 ], [ -49.406939591999965, -25.598488549264118 ], [ -49.406957047999988, -25.598488330264104 ], [ -49.407060405999971, -25.598452972264116 ], [ -49.407099421999931, -25.598439623264142 ], [ -49.407116861999953, -25.598435107264098 ], [ -49.40713432299998, -25.598430584264129 ], [ -49.407195448999971, -25.598411800264103 ], [ -49.407368306999949, -25.598449945264125 ], [ -49.407555508999963, -25.598653322264106 ], [ -49.407691905999968, -25.598577713264088 ] ] ] } },
{ "type": "Feature", "properties": { "num_setor": "PR_ARAUCAR_SR_7_CPRM", "munic": "ARAUCÁRIA", "grau_risco": "Alto", "distancia_km": 1.0, "chuva_24h": 26.8, "chuva_72h": 39.6, "fonte_estacao": "openmeteo", "codigo_estacao": "openmeteo", "nome_estacao": "Open-Meteo (célula de grade)" }, "geometry": { "type": "Polygon", "coordinates": [ [ [ -49.515290450999942, -25.598326043264144 ], [ -49.516168491999956, -25.59803307126414 ], [ -49.51641658799997, -25.598348350264139 ], [ -49.512956745999986, -25.600375960264074 ], [ -49.512724525999943, -25.600178273264103 ], [ -49.512519888999975, -25.599961155264079 ], [ -49.51227911899997, -25.59967831826409 ], [ -49.512288413999954, -25.599397547264093 ], [ -49.512605623999946, -25.599191836264126 ], [ -49.512879518999966, -25.599256056264075 ], [ -49.513090053999974, -25.599054132264133 ], [ -49.513123767999957, -25.598901732264082 ], [ -49.513140215999954, -25.598884588264117 ], [ -49.513126278999948, -25.598570676264099 ], [ -49.513229076999949, -25.598184067264125 ], [ -49.513564294999981, -25.598081735264149 ], [ -49.513896576999969, -25.598174349264134 ], [ -49.514159990999985, -25.598272846264138 ], [ -49.514427487999967, -25.598265933264159 ], [ -49.514789830999966, -25.598346239264121 ], [ -49.515290450999942, -25.598326043264144 ] ] ] } },
{ "type": "Feature", "properties": { "num_setor": "PR_ANTONIN_SR_07_CPRM", "munic": "ANTONINA", "grau_risco": "Alto", "distancia_km": 1.22, "chuva_24h": 10.6, "chuva_72h": 31.5, "fonte_estacao": "openmeteo", "codigo_estacao": "openmeteo", "nome_estacao": "Open-Meteo (célula de grade)" }, "geometry": { "type": "Polygon", "coordinates": [ [ [ -48.717662175999969, -25.419256496267803 ], [ -48.717788113999973, -25.419259030267835 ], [ -48.717803970999967, -25.419331335267842 ], [ -48.71795142499996, -25.419325386267829 ], [ -48.717967072999954, -25.41935068626783 ], [ -48.718045653999972, -25.419338475267832 ], [ -48.718161472999952, -25.419308177267805 ], [ -48.718278949999956, -25.419306126267845 ], [ -48.718315397999959, -25.419491819267829 ], [ -48.718528773999935, -25.419516659267806 ], [ -48.718560031999978, -25.419591014267844 ], [ -48.718463499999984, -25.419762709267786 ], [ -48.718375619999968, -25.419846773267814 ], [ -48.718306858999931, -25.419776746267821 ], [ -48.718354183999956, -25.419595651267805 ], [ -48.718194830999948, -25.419615110267792 ], [ -48.717962514999954, -25.419660606267829 ], [ -48.71782342299997, -25.419682179267806 ], [ -48.717830073999949, -25.419822228267837 ], [ -48.717770646999952, -25.419827369267811 ], [ -48.717681900999935, -25.41967267726784 ], [ -48.717764063999937, -25.419595530267841 ], [ -48.717706199999952, -25.419372639267824 ], [ -48.717662175999969, -25.419256496267803 ] ] ] } },
{ "type": "Feature", "properties": { "num_setor": "PR_ALMIRAN_SR_21_CPRM", "munic": "ALMIRANTE TAMANDARÉ", "grau_risco": "Alto", "distancia_km": 0.68, "chuva_24h": 12.9, "chuva_72h": 27.1, "fonte_estacao": "openmeteo", "codigo_estacao": "openmeteo", "nome_estacao": "Open-Meteo (célula de grade)" }, "geometry": { "type": "Polygon", "coordinates": [ [ [ -49.282135912999941, -25.318485916269957 ], [ -49.282040024999958, -25.318447857269927 ], [ -49.281770062999954, -25.31793077026995 ], [ -49.282376630999977, -25.317576050269935 ], [ -49.282597624999937, -25.317445216269938 ], [ -49.283040468999957, -25.317160602269933 ], [ -49.283109753999959, -25.317115336269957 ], [ -49.283541898999943, -25.317655208269944 ], [ -49.282814194999958, -25.318076563269951 ], [ -49.282477041999982, -25.31834512026991 ], [ -49.282235225999955, -25.318565680269906 ], [ -49.282135912999941, -25.318485916269957 ] ] ] } },
{ "type": "Feature", "properties": { "num_setor": "PR_ALMIRAN_SR_22_CPRM", "munic": "ALMIRANTE TAMANDARÉ", "grau_risco": "Alto", "distancia_km": 0.33, "chuva_24h": 12.9, "chuva_72h": 27.1, "fonte_estacao": "openmeteo", "codigo_estacao": "openmeteo", "nome_estacao": "Open-Meteo (célula de grade)" }, "geometry": { "type": "Polygon", "coordinates": [ [ [ -49.278802532999975, -25.314555784270038 ], [ -49.278662683999976, -25.314174012270019 ], [ -49.279178392999938, -25.313957263270019 ], [ -49.279367551999947, -25.314253146269991 ], [ -49.279474518999962, -25.314367268269997 ], [ -49.279658469999951, -25.314616699269987 ], [ -49.279928036999934, -25.314968054269993 ], [ -49.280074182999954, -25.31487909826998 ], [ -49.280205432999935, -25.314795910270021 ], [ -49.280352425999979, -25.314986753269999 ], [ -49.280569929999956, -25.315205512270008 ], [ -49.280540723999934, -25.315262491269973 ], [ -49.280708735999944, -25.315475366270014 ], [ -49.280973282999987, -25.315779075269983 ], [ -49.281201406999969, -25.316054818269947 ], [ -49.281319154999949, -25.316190416269997 ], [ -49.281148264999956, -25.316301209269959 ], [ -49.280822544999978, -25.316517383269964 ], [ -49.28073218499997, -25.316364038269967 ], [ -49.280639913999948, -25.316217840269985 ], [ -49.280582027999969, -25.316060809269974 ], [ -49.280456380999958, -25.315917454270007 ], [ -49.280333084999938, -25.315773008269964 ], [ -49.280258383999978, -25.315732060269973 ], [ -49.280096779999958, -25.31563980426996 ], [ -49.279945697999949, -25.31557582627001 ], [ -49.279890809999984, -25.315516362270017 ], [ -49.279775902999972, -25.315441126269967 ], [ -49.279766261999953, -25.315357497270004 ], [ -49.279778604999933, -25.315293237270019 ], [ -49.279647889999978, -25.315304350269987 ], [ -49.279596461999965, -25.315236735270016 ], [ -49.27948709899993, -25.315221982269989 ], [ -49.279483533999951, -25.315190016270012 ], [ -49.279528899999946, -25.315056431269984 ], [ -49.279384340999975, -25.314928906270012 ], [ -49.279351224999978, -25.314887101269989 ], [ -49.279185612999981, -25.314980292269993 ], [ -49.279068865999932, -25.315028938269982 ], [ -49.278802532999975, -25.314555784270038 ] ] ] } },
{ "type": "Feature", "properties": { "num_setor": "PR_ALMIRAN_SR_19_CPRM", "munic": "ALMIRANTE TAMANDARÉ", "grau_risco": "Alto", "distancia_km": 0.83, "chuva_24h": 14.8, "chuva_72h": 27.0, "fonte_estacao": "openmeteo", "codigo_estacao": "openmeteo", "nome_estacao": "Open-Meteo (célula de grade)" }, "geometry": { "type": "Polygon", "coordinates": [ [ [ -49.308308101999955, -25.289850041270519 ], [ -49.308568926999946, -25.290022648270543 ], [ -49.308522723999943, -25.290089985270509 ], [ -49.308393585999966, -25.290286848270554 ], [ -49.308452107999983, -25.290345815270509 ], [ -49.308387756999934, -25.290442535270497 ], [ -49.308143582999946, -25.290275553270501 ], [ -49.307911491999953, -25.290091138270533 ], [ -49.307991349999952, -25.290009754270535 ], [ -49.308109975999969, -25.290097957270497 ], [ -49.308308101999955, -25.289850041270519 ] ] ] } },
{ "type": "Feature", "properties": { "num_setor": "PR_ALMIRAN_SR_20_CPRM", "munic": "ALMIRANTE TAMANDARÉ", "grau_risco": "Alto", "distancia_km": 1.4, "chuva_24h": 12.9, "chuva_72h": 27.1, "fonte_estacao": "openmeteo", "codigo_estacao": "openmeteo", "nome_estacao": "Open-Meteo (célula de grade)" }, "geometry": { "type": "Polygon", "coordinates": [ [ [ -49.294226343999988, -25.306530664270195 ], [ -49.294458098999939, -25.30646058427018 ], [ -49.294834766999948, -25.306375972270164 ], [ -49.295407207999972, -25.306752163270151 ], [ -49.295594385999948, -25.306523903270175 ], [ -49.296087135999983, -25.306738740270166 ], [ -49.297236382999976, -25.307683491270154 ], [ -49.299121446999948, -25.309687108270133 ], [ -49.297401924999974, -25.310218476270126 ], [ -49.297613087999927, -25.310535187270094 ], [ -49.29640289799994, -25.311255420270065 ], [ -49.297626278999985, -25.312810548270036 ], [ -49.296546662999958, -25.313453212270026 ], [ -49.296154834999982, -25.313000654270024 ], [ -49.295950212999969, -25.312740923270063 ], [ -49.295501817999927, -25.312886549270068 ], [ -49.295216832999984, -25.312845872270042 ], [ -49.294840088999926, -25.312721280270029 ], [ -49.29463982, -25.312441869270021 ], [ -49.294178856999963, -25.312741633270051 ], [ -49.292972922999979, -25.311306840270095 ], [ -49.293730406999941, -25.310799779270109 ], [ -49.293617213999937, -25.310591203270064 ], [ -49.29391595, -25.310366542270067 ], [ -49.294037796999923, -25.31052257427007 ], [ -49.294847491999974, -25.309845662270131 ], [ -49.295104329999951, -25.309676431270109 ], [ -49.294655925999962, -25.309192943270123 ], [ -49.294207528999948, -25.308874184270142 ], [ -49.294207523999944, -25.308679747270155 ], [ -49.293445694999946, -25.308329563270153 ], [ -49.29357628799994, -25.308132790270122 ], [ -49.293428274999933, -25.308034407270156 ], [ -49.293107587999941, -25.307754606270134 ], [ -49.294226343999988, -25.306530664270195 ] ] ] } },
{ "type": "Feature", "properties": { "num_setor": "PR_ANTONIN_SR_02_CPRM", "munic": "ANTONINA", "grau_risco": "Alto", "distancia_km": 1.71, "chuva_24h": 22.0, "chuva_72h": 38.2, "fonte_estacao": "openmeteo", "codigo_estacao": "openmeteo", "nome_estacao": "Open-Meteo (célula de grade)" }, "geometry": { "type": "Polygon", "coordinates": [ [ [ -48.701360165999972, -25.272151588270908 ], [ -48.701287837999985, -25.272090090270883 ], [ -48.701205404999939, -25.272010265270886 ], [ -48.701086636999939, -25.2719546632709 ], [ -48.701019275999961, -25.271932453270907 ], [ -48.700974599999938, -25.271915930270907 ], [ -48.700848463999925, -25.271886491270916 ], [ -48.700655040999948, -25.271856995270888 ], [ -48.700349376999952, -25.271755615270894 ], [ -48.700259553999956, -25.271692908270921 ], [ -48.700192075999951, -25.271624625270903 ], [ -48.700212360999956, -25.271591399270928 ], [ -48.70008962299994, -25.271491604270889 ], [ -48.70005684299997, -25.271458315270902 ], [ -48.700142361999958, -25.271402840270891 ], [ -48.700119784999963, -25.271369520270898 ], [ -48.699941871999954, -25.271145798270915 ], [ -48.700013386999956, -25.271068236270914 ], [ -48.700074646999944, -25.27113105427091 ], [ -48.700197155999945, -25.271299173270936 ], [ -48.700268791999974, -25.271352895270901 ], [ -48.700224042999935, -25.271410261270919 ], [ -48.700265047999949, -25.271473158270929 ], [ -48.700308029999974, -25.271523076270931 ], [ -48.700467394999968, -25.271667134270924 ], [ -48.700982676999956, -25.271847833270918 ], [ -48.701068154999973, -25.271864417270891 ], [ -48.701532285999974, -25.272001782270898 ], [ -48.701463007999962, -25.272118540270878 ], [ -48.701502735999952, -25.272185664270864 ], [ -48.701395481999953, -25.272198212270904 ], [ -48.701360165999972, -25.272151588270908 ] ] ] } },
{ "type": "Feature", "properties": { "num_setor": "PR_ARAUCAR_SR_2_CPRM", "munic": "ARAUCÁRIA", "grau_risco": "Muito alto", "distancia_km": 1.01, "chuva_24h": 21.0, "chuva_72h": 36.8, "fonte_estacao": "openmeteo", "codigo_estacao": "openmeteo", "nome_estacao": "Open-Meteo (célula de grade)" }, "geometry": { "type": "Polygon", "coordinates": [ [ [ -49.363489231999949, -25.629886698263459 ], [ -49.36400741299996, -25.628780660263484 ], [ -49.364061240999945, -25.628691793263503 ], [ -49.364675722999948, -25.626573930263522 ], [ -49.364883701999986, -25.626618817263527 ], [ -49.365217473999955, -25.626689596263528 ], [ -49.365823411999934, -25.626832077263522 ], [ -49.367741538999951, -25.62733226726354 ], [ -49.367215575999978, -25.629127940263505 ], [ -49.366807920999975, -25.630418919263466 ], [ -49.365924942999982, -25.630378251263465 ], [ -49.36535860999993, -25.630142059263484 ], [ -49.364968147999953, -25.629975850263495 ], [ -49.364383646999954, -25.630268071263487 ], [ -49.363743837999941, -25.630401775263433 ], [ -49.363566756999944, -25.630228390263458 ], [ -49.363489231999949, -25.629886698263459 ] ] ] } },
{ "type": "Feature", "properties": { "num_setor": "PR_ALMIRAN_SR_23_CPRM", "munic": "ALMIRANTE TAMANDARÉ", "grau_risco": "Alto", "distancia_km": 0.53, "chuva_24h": 12.9, "chuva_72h": 27.1, "fonte_estacao": "openmeteo", "codigo_estacao": "openmeteo", "nome_estacao": "Open-Meteo (célula de grade)" }, "geometry": { "type": "Polygon", "coordinates": [ [ [ -49.277247794999937, -25.31614955726997 ], [ -49.277506646999946, -25.315985223269998 ], [ -49.277738621999958, -25.316226923269998 ], [ -49.277846374999974, -25.316157482269997 ], [ -49.278046908999954, -25.316045244269944 ], [ -49.278288612999972, -25.316338578269953 ], [ -49.277853696999955, -25.316674992269956 ], [ -49.277755394999986, -25.316780467269947 ], [ -49.277520752999976, -25.316898139269984 ], [ -49.277310777999958, -25.316682571269933 ], [ -49.277182753999966, -25.316663632269968 ], [ -49.277098477999978, -25.316732697269963 ], [ -49.276954781999962, -25.316511842269961 ], [ -49.27692712299995, -25.31654013026996 ], [ -49.276884908999932, -25.316663428269969 ], [ -49.276697695999985, -25.316713373269973 ], [ -49.276379786999939, -25.316643888269986 ], [ -49.276620292999944, -25.316149512269991 ], [ -49.277073650999974, -25.316147088269986 ], [ -49.277144151999948, -25.316223445270001 ], [ -49.277247794999937, -25.31614955726997 ] ] ] } },
{ "type": "Feature", "properties": { "num_setor": "PR_ANTONIN_SR_01_CPRM", "munic": "ANTONINA", "grau_risco": "Alto", "distancia_km": 0.56, "chuva_24h": 10.6, "chuva_72h": 31.5, "fonte_estacao": "openmeteo", "codigo_estacao": "openmeteo", "nome_estacao": "Open-Meteo (célula de grade)" }, "geometry": { "type": "Polygon", "coordinates": [ [ [ -48.713418489999988, -25.427633084267669 ], [ -48.713591067999971, -25.42751443626765 ], [ -48.713541482999972, -25.427453417267678 ], [ -48.713664641999969, -25.427377080267675 ], [ -48.713792337999969, -25.427302445267646 ], [ -48.714057035999986, -25.427063924267685 ], [ -48.71410476099993, -25.427111204267671 ], [ -48.714104735999967, -25.42711395826764 ], [ -48.713791955999966, -25.427379549267652 ], [ -48.713686091999925, -25.427484497267649 ], [ -48.713718446999955, -25.427535207267635 ], [ -48.713759856999957, -25.427631158267623 ], [ -48.713804170999936, -25.427768886267653 ], [ -48.713853895999925, -25.42786840326767 ], [ -48.713768517999938, -25.42791863126763 ], [ -48.713693968999962, -25.427844132267637 ], [ -48.713603602999974, -25.427907062267654 ], [ -48.713418489999988, -25.427633084267669 ] ] ] } },
{ "type": "Feature", "properties": { "num_setor": "PR_CRZ_SR05_CPRM", "munic": "CERRO AZUL", "grau_risco": "Alto", "distancia_km": 0.77, "chuva_24h": 20.6, "chuva_72h": 22.3, "fonte_estacao": "openmeteo", "codigo_estacao": "openmeteo", "nome_estacao": "Open-Meteo (célula de grade)" }, "geometry": { "type": "Polygon", "coordinates": [ [ [ -49.273562130999949, -24.834841587280124 ], [ -49.273955439999952, -24.834496643280133 ], [ -49.273972164999975, -24.834452034280147 ], [ -49.274082046999986, -24.834358416280146 ], [ -49.274136686999952, -24.834304395280125 ], [ -49.274359413999946, -24.834192007280127 ], [ -49.274413294999931, -24.834153370280141 ], [ -49.27451009199995, -24.834154337280143 ], [ -49.274569444999948, -24.834218201280112 ], [ -49.274618215999965, -24.834301474280142 ], [ -49.274512112999957, -24.834516951280115 ], [ -49.274469076999935, -24.834665222280119 ], [ -49.274469005999947, -24.834694865280124 ], [ -49.274512305999963, -24.834823191280101 ], [ -49.274662879999937, -24.835137101280136 ], [ -49.274545345999968, -24.835219079280108 ], [ -49.274502303999945, -24.835245026280091 ], [ -49.274388493999936, -24.835247991280106 ], [ -49.274355725999953, -24.835233618280107 ], [ -49.27430636899993, -24.835188993280138 ], [ -49.274240503999977, -24.835104449280124 ], [ -49.27411959799997, -24.835125087280094 ], [ -49.274015005999956, -24.835045580280141 ], [ -49.273932339999931, -24.834970887280104 ], [ -49.27383846999993, -24.834961206280109 ], [ -49.273622714999924, -24.83496181328011 ], [ -49.273562130999949, -24.834841587280124 ] ] ] } },
{ "type": "Feature", "properties": { "num_setor": "PR_SMS_SR_04_CPRM", "munic": "SÃO MATEUS DO SUL", "grau_risco": "Muito alto", "distancia_km": 1.17, "chuva_24h": 6.0, "chuva_72h": 14.5, "fonte_estacao": "openmeteo", "codigo_estacao": "openmeteo", "nome_estacao": "Open-Meteo (célula de grade)" }, "geometry": { "type": "Polygon", "coordinates": [ [ [ -50.406738941999947, -25.870986240258539 ], [ -50.40785420699995, -25.869222153258544 ], [ -50.408062398999952, -25.868670336258592 ], [ -50.40836551599994, -25.868383865258565 ], [ -50.408917818999953, -25.867959846258582 ], [ -50.408936966999931, -25.867942818258584 ], [ -50.409032372999938, -25.867891694258603 ], [ -50.40924004499994, -25.867836134258585 ], [ -50.409498964999955, -25.867714223258577 ], [ -50.409644824999987, -25.867583852258573 ], [ -50.409708941999952, -25.867205405258638 ], [ -50.410059550999961, -25.866876436258639 ], [ -50.410584180999933, -25.866580317258599 ], [ -50.410623476999952, -25.866545402258648 ], [ -50.41085992099994, -25.866335323258653 ], [ -50.41086041899996, -25.86631779225862 ], [ -50.411086614999931, -25.865842175258624 ], [ -50.411137511999982, -25.865451511258627 ], [ -50.411158031999953, -25.865415846258646 ], [ -50.411251302999972, -25.864932177258645 ], [ -50.411463419999954, -25.864426036258646 ], [ -50.411587853999947, -25.863946979258706 ], [ -50.411826116, -25.86358780725871 ], [ -50.412187155999952, -25.863525485258691 ], [ -50.412639089999971, -25.863492720258666 ], [ -50.41297624699996, -25.863455672258709 ], [ -50.413094681999951, -25.863455614258694 ], [ -50.41322076199998, -25.863518184258702 ], [ -50.413117924999938, -25.863751231258693 ], [ -50.412967346999949, -25.863879427258684 ], [ -50.413058924999973, -25.86438508325865 ], [ -50.413011181999934, -25.86520787125863 ], [ -50.412931207, -25.865355812258645 ], [ -50.412741878999952, -25.865557865258644 ], [ -50.411782367999933, -25.866352743258656 ], [ -50.411723418999941, -25.866387783258656 ], [ -50.410933364999941, -25.867101484258637 ], [ -50.409522551999942, -25.867999342258585 ], [ -50.409015539999984, -25.868135461258571 ], [ -50.408703896999953, -25.868502005258602 ], [ -50.408403856999939, -25.869008977258574 ], [ -50.408275800999945, -25.8692431772586 ], [ -50.407924280999964, -25.869779932258556 ], [ -50.407779357999971, -25.870021357258572 ], [ -50.407668291999983, -25.870143804258525 ], [ -50.407598532999941, -25.870250782258552 ], [ -50.407450296999968, -25.870510570258531 ], [ -50.407329821999959, -25.870737354258541 ], [ -50.407147174999977, -25.87104593025855 ], [ -50.406738941999947, -25.870986240258539 ] ] ] } },
{ "type": "Feature", "properties": { "num_setor": "PR-UNV-SR-01-CPRM", "munic": "UNIÃO DA VITÓRIA", "grau_risco": "Alto", "distancia_km": 1.98, "chuva_24h": 22.4, "chuva_72h": 50.1, "fonte_estacao": "openmeteo", "codigo_estacao": "openmeteo", "nome_estacao": "Open-Meteo (célula de grade)" }, "geometry": { "type": "Polygon", "coordinates": [ [ [ -51.101502892999974, -26.256634606250746 ], [ -51.101206983999987, -26.256349772250754 ], [ -51.100836785999945, -26.255933304250728 ], [ -51.100663194999981, -26.255734879250785 ], [ -51.100638394, -26.255690959250792 ], [ -51.100489224999926, -26.255208958250773 ], [ -51.10053763999997, -26.2551207892508 ], [ -51.100607226999948, -26.254089738250769 ], [ -51.10124475899994, -26.253473716250813 ], [ -51.101269311999943, -26.25345168825082 ], [ -51.101260411999931, -26.252899504250824 ], [ -51.101205800999935, -26.252810033250796 ], [ -51.10092524899995, -26.252108077250814 ], [ -51.100126612999986, -26.251542722250836 ], [ -51.099682310999981, -26.250753657250861 ], [ -51.099657691999937, -26.250731793250836 ], [ -51.099287508999964, -26.250161806250905 ], [ -51.099262717999977, -26.250095919250896 ], [ -51.098669423999972, -26.249042261250878 ], [ -51.098644399999955, -26.24893219625087 ], [ -51.09817273699997, -26.24776514525092 ], [ -51.098147971999943, -26.247721111250925 ], [ -51.097774218999973, -26.246715346250941 ], [ -51.097604155999932, -26.245541350250946 ], [ -51.097603679999963, -26.245453413250953 ], [ -51.097403718999942, -26.244663736250967 ], [ -51.097058111999957, -26.244203970250965 ], [ -51.097033350999936, -26.244160103250987 ], [ -51.096638747999982, -26.243787548250967 ], [ -51.095851375999985, -26.243218643251023 ], [ -51.095826650999982, -26.243174776251035 ], [ -51.095115913999962, -26.24287023525099 ], [ -51.094354150999948, -26.24241228625106 ], [ -51.093547287999975, -26.241802552251052 ], [ -51.093546573999951, -26.241736612251024 ], [ -51.09358809899993, -26.241141651251052 ], [ -51.093611623999948, -26.241075271251038 ], [ -51.09363515899998, -26.241008865251061 ], [ -51.093682211999976, -26.240854046251069 ], [ -51.094070840999954, -26.240171170251042 ], [ -51.094119445999979, -26.240104966251103 ], [ -51.094828252999946, -26.239228676251113 ], [ -51.094877051999958, -26.239141417251101 ], [ -51.095264677999978, -26.238480824251106 ], [ -51.095676520999966, -26.23779669225112 ], [ -51.096007680999946, -26.237536722251125 ], [ -51.096180215999937, -26.237182806251131 ], [ -51.09703615799998, -26.234579124251201 ], [ -51.098565150999946, -26.234635730251203 ], [ -51.098067707999974, -26.24039298525107 ], [ -51.098024413999951, -26.24120541925107 ], [ -51.098105582999949, -26.24272485225103 ], [ -51.098186780999981, -26.243694154250999 ], [ -51.098434184999974, -26.244440682250971 ], [ -51.098586974999932, -26.245430968250997 ], [ -51.098840663999965, -26.246490761250943 ], [ -51.099338362999958, -26.247765771250936 ], [ -51.099903489999974, -26.248861655250916 ], [ -51.100645351999958, -26.249915052250863 ], [ -51.101537543999939, -26.250882620250845 ], [ -51.10277710299993, -26.251434299250871 ], [ -51.103035256999931, -26.251698402250859 ], [ -51.103103695999948, -26.251881938250815 ], [ -51.103135573999964, -26.252187670250816 ], [ -51.10319977599994, -26.252558217250797 ], [ -51.103362714999946, -26.253634179250795 ], [ -51.103487119999954, -26.254225327250797 ], [ -51.103692054999954, -26.25469754025076 ], [ -51.10330696799997, -26.255219523250798 ], [ -51.103071780999983, -26.255643641250742 ], [ -51.103046713999959, -26.256059365250731 ], [ -51.102996123999958, -26.256495662250742 ], [ -51.102851129999976, -26.256629374250721 ], [ -51.102208906999977, -26.256735550250749 ], [ -51.102063808999958, -26.256738241250765 ], [ -51.101502892999974, -26.256634606250746 ] ] ] } },
{ "type": "Feature", "properties": { "num_setor": "PR_SMS_SR_02_CPRM", "munic": "SÃO MATEUS DO SUL", "grau_risco": "Muito alto", "distancia_km": 0.96, "chuva_24h": 6.0, "chuva_72h": 14.5, "fonte_estacao": "openmeteo", "codigo_estacao": "openmeteo", "nome_estacao": "Open-Meteo (célula de grade)" }, "geometry": { "type": "Polygon", "coordinates": [ [ [ -50.375273605999951, -25.872965515258493 ], [ -50.37539043299995, -25.872475481258512 ], [ -50.375856267999957, -25.872224341258523 ], [ -50.37617299599998, -25.872820811258471 ], [ -50.376459090999958, -25.873111927258478 ], [ -50.376626468999966, -25.873300796258476 ], [ -50.376705892999958, -25.874164484258447 ], [ -50.376956395999969, -25.875015160258453 ], [ -50.377399546999982, -25.875202583258449 ], [ -50.377750387999988, -25.875558858258454 ], [ -50.37810011199997, -25.875779819258415 ], [ -50.378581154999949, -25.875988795258419 ], [ -50.378994012999954, -25.876150305258406 ], [ -50.379393861999972, -25.876327693258407 ], [ -50.380014840999934, -25.87638051625844 ], [ -50.380631762999947, -25.876336605258402 ], [ -50.381114927999931, -25.876292681258398 ], [ -50.381588098999941, -25.876398427258422 ], [ -50.382240319999937, -25.87651220925839 ], [ -50.38279063799996, -25.876650974258418 ], [ -50.383393678999937, -25.876779921258429 ], [ -50.383846000999938, -25.876839612258408 ], [ -50.384197623999967, -25.876745519258378 ], [ -50.385141912999984, -25.87649439225844 ], [ -50.386371284999939, -25.87613891925843 ], [ -50.387062817999954, -25.875905841258422 ], [ -50.387035080999965, -25.875888437258432 ], [ -50.387825127999974, -25.875791209258406 ], [ -50.387890701999936, -25.876110664258412 ], [ -50.387890092999953, -25.876119442258407 ], [ -50.387900093999974, -25.876389048258421 ], [ -50.387898883999981, -25.87640627725839 ], [ -50.387920837999957, -25.876500686258439 ], [ -50.387890311999968, -25.876797173258392 ], [ -50.387888530999938, -25.876822315258416 ], [ -50.387883796999972, -25.8768891502584 ], [ -50.387806901999966, -25.877186221258423 ], [ -50.387713969999929, -25.877324443258399 ], [ -50.387348962999965, -25.877218852258377 ], [ -50.387349834999952, -25.877202541258416 ], [ -50.386925642999977, -25.877104286258405 ], [ -50.386553948999961, -25.87703842325843 ], [ -50.386076739999965, -25.877046669258426 ], [ -50.385591021999971, -25.877137078258418 ], [ -50.385117750999939, -25.877235062258396 ], [ -50.384641808999959, -25.877421077258383 ], [ -50.384501580999938, -25.877380830258428 ], [ -50.384347508999959, -25.877063095258425 ], [ -50.384337763999952, -25.87705485825839 ], [ -50.384071813999981, -25.876980533258443 ], [ -50.383699957999966, -25.877021883258383 ], [ -50.383681247999959, -25.877021883258383 ], [ -50.383244542999925, -25.876947384258397 ], [ -50.383243837999942, -25.8769390842584 ], [ -50.382926871999985, -25.876864111258421 ], [ -50.382344053999986, -25.876788700258405 ], [ -50.381805100999941, -25.876636882258413 ], [ -50.381289787999947, -25.876551817258402 ], [ -50.381115849999958, -25.87649443025844 ], [ -50.38108694999994, -25.8764857042584 ], [ -50.380779632999975, -25.876520460258394 ], [ -50.380760413999951, -25.876520459258394 ], [ -50.380712366999944, -25.876520454258394 ], [ -50.380645099999981, -25.876520448258411 ], [ -50.38060666299998, -25.87652044425845 ], [ -50.380453366999973, -25.876537824258421 ], [ -50.380434159999936, -25.876537822258449 ], [ -50.38038614, -25.876537817258434 ], [ -50.38004215199993, -25.876581219258405 ], [ -50.379994569999951, -25.876589891258437 ], [ -50.379861170999959, -25.876607222258407 ], [ -50.379832424999968, -25.876607219258442 ], [ -50.379793681999963, -25.876598559258394 ], [ -50.379477394999988, -25.876598525258412 ], [ -50.379043475999936, -25.876563744258402 ], [ -50.37900442199998, -25.876555042258403 ], [ -50.378674153999945, -25.876511397258394 ], [ -50.37851318699996, -25.876432731258415 ], [ -50.378512397999941, -25.876423971258401 ], [ -50.378435131999936, -25.876318430258429 ], [ -50.378230336999934, -25.876105168258448 ], [ -50.378033036999959, -25.875988387258417 ], [ -50.377747436999982, -25.875797840258425 ], [ -50.377590439999949, -25.875549424258452 ], [ -50.377347406999945, -25.875268683258419 ], [ -50.377173608999954, -25.875180326258434 ], [ -50.376665556999967, -25.875149463258431 ], [ -50.376409946999956, -25.875039189258434 ], [ -50.37640580599998, -25.874614125258486 ], [ -50.376189493999959, -25.873142429258507 ], [ -50.375774118999971, -25.873172745258504 ], [ -50.375273605999951, -25.872965515258493 ] ] ] } },
{ "type": "Feature", "properties": { "num_setor": "PR_SMS_SR_03_CPRM", "munic": "SÃO MATEUS DO SUL", "grau_risco": "Muito alto", "distancia_km": 0.8, "chuva_24h": 6.0, "chuva_72h": 14.5, "fonte_estacao": "openmeteo", "codigo_estacao": "openmeteo", "nome_estacao": "Open-Meteo (célula de grade)" }, "geometry": { "type": "Polygon", "coordinates": [ [ [ -50.391337037999961, -25.874949766258464 ], [ -50.391938363999941, -25.874420917258444 ], [ -50.392953369999987, -25.874396168258475 ], [ -50.392885063999984, -25.875536103258426 ], [ -50.393230226999947, -25.875560214258432 ], [ -50.39399943799998, -25.875512015258447 ], [ -50.39429746199994, -25.877680802258411 ], [ -50.396448736999957, -25.877657253258366 ], [ -50.396335810999972, -25.875391374258424 ], [ -50.396813300999952, -25.875439648258414 ], [ -50.397211229999982, -25.875463768258442 ], [ -50.397581827999936, -25.875536082258414 ], [ -50.39794341399994, -25.875427979258465 ], [ -50.398049899999933, -25.875380263258421 ], [ -50.401428550999981, -25.875403923258443 ], [ -50.403460113999984, -25.875427667258414 ], [ -50.404051255999946, -25.875656084258427 ], [ -50.404351324999936, -25.875546773258407 ], [ -50.40438021399995, -25.875499122258436 ], [ -50.405121734999966, -25.875451395258452 ], [ -50.405231387999947, -25.875379833258435 ], [ -50.406108466999967, -25.875284299258464 ], [ -50.407346616999973, -25.875331978258433 ], [ -50.408184618999933, -25.87542736725846 ], [ -50.408367584999951, -25.875451202258436 ], [ -50.408529463999969, -25.875403497258457 ], [ -50.408646129999966, -25.875559455258447 ], [ -50.407923067999945, -25.875655855258458 ], [ -50.407018367999974, -25.875704041258427 ], [ -50.405796038999938, -25.875752216258444 ], [ -50.404517512999973, -25.875872473258426 ], [ -50.403238353999939, -25.876040571258436 ], [ -50.402105822999935, -25.87589667925846 ], [ -50.400489340999975, -25.875920799258441 ], [ -50.399345300999975, -25.876136704258453 ], [ -50.39844408099998, -25.876232497258449 ], [ -50.398406677999958, -25.876804981258406 ], [ -50.398398995999962, -25.877208361258425 ], [ -50.398567980999985, -25.877962983258396 ], [ -50.398653291999949, -25.878897758258397 ], [ -50.398071294999966, -25.879384747258346 ], [ -50.397001605999947, -25.879707935258335 ], [ -50.397052661999957, -25.879777045258358 ], [ -50.39699370899995, -25.880373843258347 ], [ -50.396647148999939, -25.881420279258293 ], [ -50.396002039999978, -25.881804017258329 ], [ -50.395155593999966, -25.881781539258327 ], [ -50.394925050999973, -25.881171170258316 ], [ -50.394744503999959, -25.880305217258318 ], [ -50.394588192999947, -25.879407872258337 ], [ -50.393418836999956, -25.879430970258376 ], [ -50.392634563999934, -25.879037143258344 ], [ -50.392268358999956, -25.878920985258379 ], [ -50.391792062999968, -25.878478261258358 ], [ -50.391817805999949, -25.878454903258387 ], [ -50.391462559999979, -25.877586440258394 ], [ -50.391475266999976, -25.876828754258419 ], [ -50.391356246999976, -25.876088857258424 ], [ -50.391323966999956, -25.875776804258411 ], [ -50.390267903999984, -25.875642290258448 ], [ -50.391337037999961, -25.874949766258464 ] ] ] } },
{ "type": "Feature", "properties": { "num_setor": "PR-UNV-SR-05-CPRM", "munic": "UNIÃO DA VITÓRIA", "grau_risco": "Alto", "distancia_km": 1.42, "chuva_24h": 22.4, "chuva_72h": 50.1, "fonte_estacao": "openmeteo", "codigo_estacao": "openmeteo", "nome_estacao": "Open-Meteo (célula de grade)" }, "geometry": { "type": "Polygon", "coordinates": [ [ [ -51.055251071999969, -26.220372246251447 ], [ -51.054532536999943, -26.220026729251497 ], [ -51.054198234999944, -26.2193001612515 ], [ -51.054292178999965, -26.219085852251503 ], [ -51.054545444999967, -26.21850184025153 ], [ -51.054644960999958, -26.218377950251533 ], [ -51.05536658699998, -26.218046017251496 ], [ -51.055604720999952, -26.218046883251496 ], [ -51.056651392999981, -26.218092451251497 ], [ -51.057574922999947, -26.218272861251489 ], [ -51.058039206999979, -26.218447284251521 ], [ -51.059125914999981, -26.218897349251499 ], [ -51.059983916999961, -26.2190996022515 ], [ -51.06031263999995, -26.220937084251453 ], [ -51.061172607999929, -26.221777157251434 ], [ -51.062260315999936, -26.222251762251457 ], [ -51.063593564999962, -26.2229736412514 ], [ -51.064774471999947, -26.223394804251392 ], [ -51.066118227999937, -26.223745834251378 ], [ -51.067206208999956, -26.223303612251378 ], [ -51.068565646999957, -26.222786708251402 ], [ -51.069473342999977, -26.222324749251396 ], [ -51.070310739999968, -26.222853330251414 ], [ -51.071369391999951, -26.222976766251445 ], [ -51.072414945999981, -26.222868236251401 ], [ -51.073035954999973, -26.223071712251429 ], [ -51.07386731299993, -26.224020766251396 ], [ -51.075299305999977, -26.223678128251404 ], [ -51.075755740999966, -26.222228279251453 ], [ -51.076099794999948, -26.221766772251453 ], [ -51.076327873999958, -26.221848372251429 ], [ -51.076543705999939, -26.221780265251422 ], [ -51.077283273999974, -26.220909568251454 ], [ -51.078215450999949, -26.220448776251459 ], [ -51.078521296999952, -26.220706392251451 ], [ -51.078319250999982, -26.221258143251426 ], [ -51.078120386999956, -26.222673655251455 ], [ -51.077307157999932, -26.223871499251416 ], [ -51.077357269999936, -26.225277310251371 ], [ -51.077222308999978, -26.226340354251327 ], [ -51.077367635999963, -26.226809002251358 ], [ -51.07722249699998, -26.228090651251293 ], [ -51.077273400999957, -26.228815895251302 ], [ -51.076412248999986, -26.230267963251269 ], [ -51.075073989999972, -26.231718104251257 ], [ -51.070983083999977, -26.235341046251175 ], [ -51.06732173499995, -26.238422969251086 ], [ -51.066703113999942, -26.238122853251149 ], [ -51.066655909999945, -26.237608858251161 ], [ -51.067179623999948, -26.237095252251134 ], [ -51.068273898999955, -26.236582005251115 ], [ -51.06836903499994, -26.236582029251153 ], [ -51.069034809999948, -26.23602611525115 ], [ -51.070271139999925, -26.235002003251182 ], [ -51.070698069999935, -26.234360567251176 ], [ -51.071267747999968, -26.233805545251172 ], [ -51.071981030999943, -26.232484448251256 ], [ -51.072837036999942, -26.231418906251267 ], [ -51.073502904999934, -26.230736850251269 ], [ -51.073550466999961, -26.230651580251273 ], [ -51.074026081999932, -26.229969405251264 ], [ -51.074026082999978, -26.229926766251264 ], [ -51.074215122999931, -26.229202121251287 ], [ -51.074216239999942, -26.229074010251303 ], [ -51.074027433999952, -26.228519317251301 ], [ -51.075499897999975, -26.227155274251352 ], [ -51.076217493999934, -26.226470930251324 ], [ -51.076316172999952, -26.225444944251354 ], [ -51.076268775999949, -26.225444837251334 ], [ -51.074600210999968, -26.225617816251347 ], [ -51.074552965999942, -26.225574926251372 ], [ -51.073700680999934, -26.225102126251379 ], [ -51.07360603799998, -26.225016230251406 ], [ -51.072749119999969, -26.224632203251357 ], [ -51.071987231999969, -26.224504693251394 ], [ -51.071891953999966, -26.224547527251396 ], [ -51.071176937999951, -26.225616376251349 ], [ -51.070702423999926, -26.22505934925141 ], [ -51.069703008999966, -26.224803345251356 ], [ -51.069035976999942, -26.224381709251364 ], [ -51.068465596999943, -26.224379282251402 ], [ -51.068227763999971, -26.224719672251407 ], [ -51.067419102999963, -26.225104483251354 ], [ -51.065945004999953, -26.224763885251374 ], [ -51.064090384999986, -26.224422423251387 ], [ -51.062711762999974, -26.224209461251409 ], [ -51.060859502999961, -26.22374194225138 ], [ -51.059437954999964, -26.223532042251417 ], [ -51.058962493999957, -26.223190676251384 ], [ -51.059195908999982, -26.222206405251413 ], [ -51.059243461999984, -26.222121121251462 ], [ -51.059336362999936, -26.221436486251449 ], [ -51.059190590999947, -26.220921190251449 ], [ -51.058189300999963, -26.220662615251474 ], [ -51.056579776999961, -26.220541157251446 ], [ -51.056532498999957, -26.220541378251443 ], [ -51.055251071999969, -26.220372246251447 ] ] ] } },
{ "type": "Feature", "properties": { "num_setor": "PR-UNV-SR-06-CPRM", "munic": "UNIÃO DA VITÓRIA", "grau_risco": "Alto", "distancia_km": 1.2, "chuva_24h": 13.5, "chuva_72h": 52.9, "fonte_estacao": "openmeteo", "codigo_estacao": "openmeteo", "nome_estacao": "Open-Meteo (célula de grade)" }, "geometry": { "type": "Polygon", "coordinates": [ [ [ -51.089350637999985, -26.203348855251797 ], [ -51.089499702999944, -26.203134764251814 ], [ -51.089670124999941, -26.202920805251814 ], [ -51.090182178999953, -26.202598306251815 ], [ -51.090660826999958, -26.2025501592518 ], [ -51.090894912999943, -26.202884526251847 ], [ -51.091212633999923, -26.203109230251791 ], [ -51.091568139999936, -26.203346761251815 ], [ -51.091724446999926, -26.203816178251799 ], [ -51.091925110999966, -26.204049690251807 ], [ -51.092558573999952, -26.20439818425179 ], [ -51.093015674999947, -26.204386500251772 ], [ -51.093107387999964, -26.204565433251787 ], [ -51.093183960999959, -26.20471947425176 ], [ -51.09314627599997, -26.204860898251805 ], [ -51.093209201999969, -26.205015984251755 ], [ -51.093217641999949, -26.205249713251753 ], [ -51.092807467999933, -26.205576990251732 ], [ -51.092440199999942, -26.206313379251778 ], [ -51.092239572999972, -26.206871203251769 ], [ -51.092160735999983, -26.20728200125172 ], [ -51.092160447999959, -26.207342487251704 ], [ -51.092175919999924, -26.207614487251711 ], [ -51.092176116999951, -26.207644880251728 ], [ -51.091911736999975, -26.208069594251747 ], [ -51.091878967999953, -26.208100980251732 ], [ -51.091700685999967, -26.208520841251683 ], [ -51.091717685999981, -26.208566697251715 ], [ -51.091653294999958, -26.208953302251665 ], [ -51.091466620999938, -26.209215237251694 ], [ -51.091466600999979, -26.209230542251674 ], [ -51.091400439999973, -26.209570769251691 ], [ -51.091383806999943, -26.209632787251696 ], [ -51.091366357999959, -26.209801041251708 ], [ -51.091450902999952, -26.209937675251702 ], [ -51.091416484999968, -26.209998668251686 ], [ -51.091398336999937, -26.210150325251668 ], [ -51.091274324999972, -26.210449009251647 ], [ -51.091034878999949, -26.210524239251683 ], [ -51.090354651999974, -26.210728624251658 ], [ -51.089755087999947, -26.210816246251667 ], [ -51.089310599999976, -26.210828432251656 ], [ -51.088850113999968, -26.210973619251646 ], [ -51.087639709999962, -26.210994043251659 ], [ -51.086121616999947, -26.210761491251663 ], [ -51.086180817999946, -26.210526772251683 ], [ -51.086540550999985, -26.21031097425168 ], [ -51.086557907, -26.210295465251651 ], [ -51.087223584999947, -26.209744748251715 ], [ -51.087241565999925, -26.209713696251708 ], [ -51.087559141999975, -26.209458483251716 ], [ -51.087592844999961, -26.209413092251694 ], [ -51.088280962999939, -26.209007145251718 ], [ -51.088907893999931, -26.208551133251696 ], [ -51.089197487999968, -26.20821477425169 ], [ -51.089453455999937, -26.207709486251701 ], [ -51.089470588999973, -26.207678740251701 ], [ -51.089265338999944, -26.207160517251744 ], [ -51.089265340999987, -26.207145214251742 ], [ -51.088857225999959, -26.206845784251716 ], [ -51.088738513999942, -26.206572236251723 ], [ -51.088670435999973, -26.206205759251727 ], [ -51.088907882999933, -26.205822256251775 ], [ -51.089316147999966, -26.205206249251763 ], [ -51.089316129999986, -26.205175896251774 ], [ -51.089145875999968, -26.20488613025179 ], [ -51.089111811999949, -26.204871952251782 ], [ -51.088958761999947, -26.204693069251789 ], [ -51.08895875199994, -26.20464697925178 ], [ -51.089282422999986, -26.204221967251794 ], [ -51.08933362099998, -26.204190680251781 ], [ -51.089538372999982, -26.203898784251827 ], [ -51.089419042999957, -26.203545493251813 ], [ -51.089401979999927, -26.203545495251802 ], [ -51.089350637999985, -26.203348855251797 ] ] ] } },
{ "type": "Feature", "properties": { "num_setor": "PR-UNV-SR-02-CPRM", "munic": "UNIÃO DA VITÓRIA", "grau_risco": "Alto", "distancia_km": 0.8, "chuva_24h": 22.4, "chuva_72h": 50.1, "fonte_estacao": "openmeteo", "codigo_estacao": "openmeteo", "nome_estacao": "Open-Meteo (célula de grade)" }, "geometry": { "type": "Polygon", "coordinates": [ [ [ -51.104142171999968, -26.256820149250732 ], [ -51.104163873999937, -26.256707462250723 ], [ -51.10415863399998, -26.256548619250722 ], [ -51.104149136999986, -26.256478290250744 ], [ -51.104170558999954, -26.256401830250734 ], [ -51.104186695999942, -26.256335749250745 ], [ -51.104151956999935, -26.256224776250747 ], [ -51.104079614999925, -26.256184561250716 ], [ -51.104027370999972, -26.256148859250732 ], [ -51.103969427999971, -26.256092051250722 ], [ -51.103911375999978, -26.255966672250736 ], [ -51.103863231999973, -26.255787495250797 ], [ -51.10386923599998, -26.255650983250742 ], [ -51.103875031999962, -26.255567048250793 ], [ -51.103858073999959, -26.255367049250783 ], [ -51.103852596999957, -26.255356175250771 ], [ -51.103895468999958, -26.255244803250793 ], [ -51.103900846999977, -26.255234824250756 ], [ -51.103933004999931, -26.255196014250782 ], [ -51.103943677999951, -26.255181399250795 ], [ -51.103970262999951, -26.255173541250784 ], [ -51.104090735999932, -26.255210717250758 ], [ -51.10416280599997, -26.255293606250753 ], [ -51.104173053999943, -26.255304594250745 ], [ -51.104244413999936, -26.255411075250784 ], [ -51.104249553999978, -26.255431554250791 ], [ -51.104304635999945, -26.255550754250759 ], [ -51.104309657999977, -26.255576098250739 ], [ -51.10434408499998, -26.255663057250796 ], [ -51.104420889999972, -26.255726588250759 ], [ -51.104430444999934, -26.255741853250754 ], [ -51.10446877399994, -26.255846842250779 ], [ -51.10447359099993, -26.255866666250768 ], [ -51.104524845999947, -26.255970962250785 ], [ -51.104538436999974, -26.25598099925076 ], [ -51.104640761999974, -26.256064739250746 ], [ -51.104705928999977, -26.256117646250733 ], [ -51.104816182999969, -26.256202052250771 ], [ -51.104824442999984, -26.256211314250763 ], [ -51.104822207999966, -26.256295437250735 ], [ -51.104822083999977, -26.256300105250769 ], [ -51.104785291999974, -26.256403905250743 ], [ -51.104785047999933, -26.256413249250762 ], [ -51.104760954999961, -26.256559271250737 ], [ -51.104760795999937, -26.256568625250722 ], [ -51.104760400999965, -26.256592003250759 ], [ -51.104762495999978, -26.256697135250736 ], [ -51.104726184999954, -26.256722488250755 ], [ -51.104710790999945, -26.256750736250737 ], [ -51.104619059999948, -26.25686230225071 ], [ -51.104618272999971, -26.25687134125074 ], [ -51.104550041999978, -26.257017399250717 ], [ -51.104540261999944, -26.257031984250755 ], [ -51.104463857999967, -26.257179943250755 ], [ -51.104380923999933, -26.257289713250746 ], [ -51.10426285099993, -26.257448004250719 ], [ -51.104221110999958, -26.257416940250753 ], [ -51.104198524999958, -26.257354134250726 ], [ -51.104174197999953, -26.257216850250721 ], [ -51.10414962599998, -26.257042982250731 ], [ -51.104179737999971, -26.256955863250738 ], [ -51.104169671999955, -26.256956630250762 ], [ -51.104142171999968, -26.256820149250732 ] ] ] } },
{ "type": "Feature", "properties": { "num_setor": "PR-UNV-SR-04-CPRM", "munic": "UNIÃO DA VITÓRIA", "grau_risco": "Alto", "distancia_km": 1.18, "chuva_24h": 22.4, "chuva_72h": 50.1, "fonte_estacao": "openmeteo", "codigo_estacao": "openmeteo", "nome_estacao": "Open-Meteo (célula de grade)" }, "geometry": { "type": "Polygon", "coordinates": [ [ [ -51.09333020899993, -26.21618593025152 ], [ -51.093365254999981, -26.216185848251545 ], [ -51.094416685999924, -26.216309802251534 ], [ -51.095290902999984, -26.216628285251534 ], [ -51.095987518999948, -26.217232447251511 ], [ -51.097071176999975, -26.218081358251496 ], [ -51.098097591999931, -26.219639951251487 ], [ -51.099394548999953, -26.221086021251448 ], [ -51.10016053399994, -26.222973842251438 ], [ -51.100683027999935, -26.225236072251374 ], [ -51.10050031399993, -26.227432837251342 ], [ -51.099219361999985, -26.232748425251206 ], [ -51.098902996999982, -26.233595839251212 ], [ -51.098729140999978, -26.234383060251179 ], [ -51.098447968999949, -26.2342562992512 ], [ -51.098026728999969, -26.2341295822512 ], [ -51.097112111999927, -26.234186469251188 ], [ -51.097413328999941, -26.233354094251236 ], [ -51.096959, -26.233605923251204 ], [ -51.096114426999975, -26.233821725251218 ], [ -51.095974018999982, -26.233758518251182 ], [ -51.095833512999945, -26.233726565251214 ], [ -51.095657911999979, -26.233725813251215 ], [ -51.09548250499995, -26.233725202251186 ], [ -51.095342658999982, -26.233693856251183 ], [ -51.095307698999932, -26.233693860251197 ], [ -51.094887501999949, -26.233442269251203 ], [ -51.094817507999942, -26.233348129251215 ], [ -51.094713278999961, -26.232502333251219 ], [ -51.094783283999966, -26.232408338251243 ], [ -51.094888282999932, -26.232282998251222 ], [ -51.095238459999962, -26.231530660251256 ], [ -51.095308484999968, -26.231436608251236 ], [ -51.095308511, -26.231373889251227 ], [ -51.095693707999949, -26.230903548251252 ], [ -51.095728727999983, -26.230872188251272 ], [ -51.096149099999934, -26.230307588251254 ], [ -51.09614914499997, -26.230213465251271 ], [ -51.096252660999937, -26.229617182251285 ], [ -51.096252308999965, -26.229523059251285 ], [ -51.095832646999952, -26.229209433251306 ], [ -51.095797657999981, -26.229178070251312 ], [ -51.095096315999967, -26.228394440251328 ], [ -51.095479273999956, -26.227799244251333 ], [ -51.095618893999983, -26.227611228251302 ], [ -51.096598726999964, -26.226011613251352 ], [ -51.096703717999958, -26.225886090251343 ], [ -51.097124312999938, -26.22503854425138 ], [ -51.096914529999935, -26.224191789251403 ], [ -51.096949503999952, -26.224160405251393 ], [ -51.096354925999947, -26.223533520251426 ], [ -51.096320416999966, -26.22350163025143 ], [ -51.095481607999943, -26.223219085251429 ], [ -51.09541139199996, -26.223188172251437 ], [ -51.094499543999973, -26.222849298251415 ], [ -51.094581992999963, -26.221729505251464 ], [ -51.094546986999944, -26.221666982251467 ], [ -51.093988751999973, -26.221227878251465 ], [ -51.09367492399997, -26.220756960251457 ], [ -51.092801856999984, -26.220819518251478 ], [ -51.091998599999954, -26.220662042251458 ], [ -51.091893810999977, -26.220599060251473 ], [ -51.090810402999978, -26.22022075025146 ], [ -51.089866270999956, -26.219968661251453 ], [ -51.089061195999932, -26.219872505251463 ], [ -51.088991488999966, -26.219904363251462 ], [ -51.087520501999961, -26.220246705251473 ], [ -51.087380150999941, -26.220309018251477 ], [ -51.085665466999949, -26.220999642251467 ], [ -51.085182286999952, -26.22156865625147 ], [ -51.085147698999947, -26.221600231251447 ], [ -51.083689901999946, -26.222857849251422 ], [ -51.083213421999972, -26.223956040251394 ], [ -51.083109434999983, -26.224081222251371 ], [ -51.083040312999977, -26.224175117251381 ], [ -51.082557889999975, -26.225457075251356 ], [ -51.081821005999977, -26.227395641251352 ], [ -51.081085903999963, -26.228365802251322 ], [ -51.080506175999972, -26.229361998251257 ], [ -51.079321838999931, -26.231001955251234 ], [ -51.078544087999944, -26.231298969251242 ], [ -51.078433240999971, -26.231341300251223 ], [ -51.078434207999976, -26.231339448251251 ], [ -51.078843287999966, -26.23049703525129 ], [ -51.078946707999926, -26.230372322251295 ], [ -51.079047449999962, -26.230217308251266 ], [ -51.079810643999963, -26.22918543425131 ], [ -51.079809205999943, -26.229154563251274 ], [ -51.080364568999983, -26.227802937251329 ], [ -51.080401268999935, -26.2277136172513 ], [ -51.080400968999982, -26.227682340251299 ], [ -51.080861298999935, -26.225989723251335 ], [ -51.080859309999944, -26.225801880251343 ], [ -51.081382762999958, -26.223697270251385 ], [ -51.08176995599996, -26.222000453251439 ], [ -51.082086635999985, -26.220869700251477 ], [ -51.082580223999969, -26.220337274251477 ], [ -51.083206363999977, -26.219737680251498 ], [ -51.083313087999954, -26.219675935251459 ], [ -51.08426790999993, -26.218961163251489 ], [ -51.08573392999994, -26.218329677251532 ], [ -51.087306841, -26.217697975251522 ], [ -51.088672231999965, -26.217194658251557 ], [ -51.08870718299994, -26.217163056251518 ], [ -51.090213641999981, -26.216695537251539 ], [ -51.091473685999972, -26.216284119251554 ], [ -51.091613752999933, -26.216284410251536 ], [ -51.09333020899993, -26.21618593025152 ] ] ] } },
{ "type": "Feature", "properties": { "num_setor": "PR_RNG_SR_01_CPRM", "munic": "RIO NEGRO", "grau_risco": "Muito alto", "distancia_km": 1.49, "chuva_24h": 19.4, "chuva_72h": 33.0, "fonte_estacao": "openmeteo", "codigo_estacao": "openmeteo", "nome_estacao": "Open-Meteo (célula de grade)" }, "geometry": { "type": "Polygon", "coordinates": [ [ [ -49.783886250999949, -26.094866202254021 ], [ -49.783951538999986, -26.094832149253985 ], [ -49.783988265999938, -26.094780554253997 ], [ -49.784015501999932, -26.094720228254008 ], [ -49.784043664999956, -26.094673366253964 ], [ -49.784051443999942, -26.094641711253988 ], [ -49.784074203999978, -26.09460249425398 ], [ -49.784114193999983, -26.094544197253978 ], [ -49.784126408999953, -26.094495278253994 ], [ -49.784138256999938, -26.09448192225398 ], [ -49.784139709999977, -26.094547296254003 ], [ -49.784101749999934, -26.094615222253985 ], [ -49.784090439999943, -26.094679527254016 ], [ -49.784089823999977, -26.094739117254001 ], [ -49.784117330999955, -26.094858538254012 ], [ -49.784146587999942, -26.094911651253991 ], [ -49.78418252299997, -26.094954121253963 ], [ -49.78421938799994, -26.094974743253985 ], [ -49.784222058999951, -26.094976247253999 ], [ -49.78427579099997, -26.09500789325396 ], [ -49.784303343999973, -26.095017281253984 ], [ -49.784403216999969, -26.095080855254015 ], [ -49.784428929999933, -26.095095578254014 ], [ -49.784445310999956, -26.095121255254004 ], [ -49.784471809999957, -26.09514666325401 ], [ -49.784498104999955, -26.095204010253994 ], [ -49.78457089799997, -26.095318113253978 ], [ -49.784611297999959, -26.09536226025396 ], [ -49.784670774999938, -26.09541388525399 ], [ -49.784741717999957, -26.09551707225398 ], [ -49.784787641999969, -26.095563695253976 ], [ -49.784849731999941, -26.095594561253996 ], [ -49.784926281999958, -26.095619770253993 ], [ -49.785002174999939, -26.095708548253953 ], [ -49.78506940799997, -26.095706224253984 ], [ -49.785074401999964, -26.095687483253965 ], [ -49.785120863999964, -26.095682095253981 ], [ -49.785341278999965, -26.095720417253951 ], [ -49.785467647999951, -26.09572691725398 ], [ -49.78560480699997, -26.095771419253968 ], [ -49.785667209999978, -26.095771944253983 ], [ -49.785740574999977, -26.095795681253978 ], [ -49.785791746999962, -26.095799001254001 ], [ -49.78586161599997, -26.095795540253985 ], [ -49.785946267999975, -26.095776281254 ], [ -49.78593268099997, -26.095728960253986 ], [ -49.785983282999958, -26.095696705253975 ], [ -49.786071279999931, -26.095692986253972 ], [ -49.78614160799998, -26.095700802253962 ], [ -49.786196337999975, -26.095669475253974 ], [ -49.786244430999936, -26.095661211254011 ], [ -49.786241722999932, -26.095613506253969 ], [ -49.786191250999934, -26.095542282253948 ], [ -49.786135903999934, -26.095478240253986 ], [ -49.786067592999977, -26.095429983253993 ], [ -49.786005756999941, -26.095374556253979 ], [ -49.785912009999947, -26.095310192253962 ], [ -49.785848602999977, -26.095251862253956 ], [ -49.785764768999961, -26.095157238253979 ], [ -49.785758607999981, -26.095134068254012 ], [ -49.785784163999949, -26.095138617254001 ], [ -49.785932387999935, -26.095196216254003 ], [ -49.785997737999942, -26.095221330253977 ], [ -49.786027900999962, -26.095244701253975 ], [ -49.786100742999963, -26.09531900525398 ], [ -49.786240882999948, -26.095539809253953 ], [ -49.786318316999946, -26.095634379254005 ], [ -49.786367471999938, -26.095678140253977 ], [ -49.786400968999942, -26.095688537253952 ], [ -49.786465091999965, -26.095677516253975 ], [ -49.786584093999977, -26.095620721254008 ], [ -49.786655346999957, -26.095538961254004 ], [ -49.786707502999946, -26.095446927253978 ], [ -49.786741864999954, -26.095373526253965 ], [ -49.786773443999948, -26.095259645253964 ], [ -49.786798418999972, -26.095320540254008 ], [ -49.786837734999956, -26.095387337253992 ], [ -49.786913987999981, -26.095441439253978 ], [ -49.78697628599997, -26.09545207725396 ], [ -49.787025917999983, -26.09544960525395 ], [ -49.786982342999977, -26.095485361253992 ], [ -49.786919522999938, -26.095525290253963 ], [ -49.786900097999933, -26.095546800253985 ], [ -49.786763123999947, -26.09563956725399 ], [ -49.786700407999945, -26.095669382253991 ], [ -49.786640831999932, -26.09570500325399 ], [ -49.786587949999962, -26.095752630254001 ], [ -49.786641336999935, -26.095840229253977 ], [ -49.78674399099998, -26.095830199253989 ], [ -49.786870452999949, -26.095851235253953 ], [ -49.786934099999939, -26.095918947253974 ], [ -49.786971795999925, -26.09596828625396 ], [ -49.787021177999982, -26.096021636253997 ], [ -49.787046195999949, -26.096043773253964 ], [ -49.787104432999961, -26.096087024253993 ], [ -49.787234365999943, -26.09616620325394 ], [ -49.787268633999986, -26.096137674253978 ], [ -49.78731468999996, -26.096164090253943 ], [ -49.787370049999936, -26.096186865253998 ], [ -49.787455310999967, -26.096205245253962 ], [ -49.787527352, -26.096207710253989 ], [ -49.787594159999969, -26.096218496253954 ], [ -49.787668318999977, -26.096247362253987 ], [ -49.78780797099995, -26.09627765825396 ], [ -49.787999472999957, -26.096328572253942 ], [ -49.788141849999931, -26.096359570253941 ], [ -49.78817916099996, -26.096358992253975 ], [ -49.788204516999933, -26.096334769253954 ], [ -49.788255991999961, -26.096339029253979 ], [ -49.788319246999947, -26.09637076825398 ], [ -49.788388144999949, -26.096487640253965 ], [ -49.788434923999944, -26.09653631725395 ], [ -49.788463318999959, -26.09659691025395 ], [ -49.78850185999994, -26.096653762253954 ], [ -49.788543369999957, -26.096707399253955 ], [ -49.788580312999954, -26.096761293253973 ], [ -49.78857486499993, -26.09682511925395 ], [ -49.788525815999947, -26.096864380253923 ], [ -49.788456468999975, -26.096893553253956 ], [ -49.788444469999945, -26.096921665253959 ], [ -49.788472692999967, -26.096994289253931 ], [ -49.788421088999939, -26.097041051253935 ], [ -49.788360907999959, -26.097030190253932 ], [ -49.788308233999949, -26.097015847253953 ], [ -49.788268991999978, -26.097027858253973 ], [ -49.788242442999945, -26.097042955253929 ], [ -49.788243444999978, -26.097082966253947 ], [ -49.788251012999979, -26.097126012253963 ], [ -49.788272957999936, -26.097189562253959 ], [ -49.788299416999962, -26.09725089825394 ], [ -49.788353979999961, -26.097366767253966 ], [ -49.788359806999942, -26.097370938253974 ], [ -49.788406094999971, -26.097372210253916 ], [ -49.78849602799994, -26.097346468253942 ], [ -49.78859834799993, -26.097257826253944 ], [ -49.78865614799998, -26.09721768225393 ], [ -49.788722865999937, -26.097198222253944 ], [ -49.788792210999986, -26.097205259253943 ], [ -49.788787723999974, -26.097232624253937 ], [ -49.788774750999949, -26.09725754125396 ], [ -49.788717626999976, -26.097295335253936 ], [ -49.788676751999958, -26.097338270253942 ], [ -49.78864395599993, -26.097388340253939 ], [ -49.788633526999945, -26.097419460253942 ], [ -49.788628034999931, -26.097446205253966 ], [ -49.788578392999959, -26.097505959253962 ], [ -49.788560262999958, -26.097581531253915 ], [ -49.788567182999948, -26.097611618253953 ], [ -49.788640886999985, -26.097755853253929 ], [ -49.788739764999946, -26.09784592725395 ], [ -49.789004863999935, -26.098076170253925 ], [ -49.789128184999981, -26.098176431253922 ], [ -49.789299031, -26.098295370253918 ], [ -49.789317624999967, -26.098315110253949 ], [ -49.789364356999954, -26.098410811253906 ], [ -49.789393004999972, -26.098437163253926 ], [ -49.789436111999976, -26.098463638253897 ], [ -49.789582330999963, -26.098446586253917 ], [ -49.789722018999953, -26.09836158925393 ], [ -49.789769543999967, -26.098380266253958 ], [ -49.78981259699998, -26.098411962253905 ], [ -49.78983235499993, -26.098459129253953 ], [ -49.789849146999984, -26.098582320253943 ], [ -49.789833002999956, -26.098677170253929 ], [ -49.78981125599995, -26.09882321425394 ], [ -49.789782083999967, -26.098847776253905 ], [ -49.789737167999924, -26.098856539253877 ], [ -49.789721183999973, -26.09886423825392 ], [ -49.78970024299997, -26.098931953253921 ], [ -49.789668218999957, -26.098952575253882 ], [ -49.789763513999958, -26.099247134253872 ], [ -49.789841511999953, -26.099536326253901 ], [ -49.78986880399998, -26.099694533253924 ], [ -49.789894406999963, -26.099876226253915 ], [ -49.789929454999935, -26.100264284253914 ], [ -49.789984248999986, -26.100700814253905 ], [ -49.789998048999962, -26.100764904253872 ], [ -49.790040045999945, -26.100758728253862 ], [ -49.790051164999966, -26.100827804253857 ], [ -49.790067273999966, -26.100945211253858 ], [ -49.790082592999966, -26.101120737253868 ], [ -49.790092243999936, -26.101166514253837 ], [ -49.790114988999967, -26.10120456725387 ], [ -49.79011793799998, -26.101352527253852 ], [ -49.790139858999972, -26.101504405253845 ], [ -49.790135556999985, -26.102236304253847 ], [ -49.790174706999942, -26.102797235253835 ], [ -49.790160445999959, -26.102867730253813 ], [ -49.790157865999959, -26.102972273253837 ], [ -49.79014743099998, -26.103109341253855 ], [ -49.790141996999985, -26.103198922253846 ], [ -49.790108988999975, -26.103337158253844 ], [ -49.790029507999975, -26.103606729253833 ], [ -49.789999591999958, -26.103736844253813 ], [ -49.789963513999965, -26.104027149253834 ], [ -49.789879271999951, -26.104613088253775 ], [ -49.789847123999948, -26.10481379825378 ], [ -49.789857869999942, -26.104938823253764 ], [ -49.789856583999949, -26.105063746253812 ], [ -49.789844140999946, -26.105249684253756 ], [ -49.789851379999959, -26.105276905253799 ], [ -49.789887474999951, -26.105277207253785 ], [ -49.789917637999963, -26.105269313253757 ], [ -49.789950933999926, -26.105249223253811 ], [ -49.789982908999946, -26.10521146825382 ], [ -49.790005983999947, -26.105161416253807 ], [ -49.790113147999932, -26.104978988253791 ], [ -49.79015217999995, -26.104986106253776 ], [ -49.790241498999926, -26.104929820253766 ], [ -49.790300180999964, -26.104927597253798 ], [ -49.79035301399994, -26.10490902725379 ], [ -49.79041088699995, -26.104881282253768 ], [ -49.790449880999972, -26.104850089253787 ], [ -49.790523978999943, -26.104811330253789 ], [ -49.790608688999953, -26.104764511253816 ], [ -49.790647915999962, -26.104752618253787 ], [ -49.790691670999934, -26.104739405253802 ], [ -49.790727946999937, -26.104722056253781 ], [ -49.790787018999936, -26.104681812253794 ], [ -49.790829505999966, -26.104645503253796 ], [ -49.790861493999955, -26.104606389253796 ], [ -49.790889823999976, -26.104547121253773 ], [ -49.790898677999962, -26.104500779253804 ], [ -49.790928048999945, -26.104423620253815 ], [ -49.790963029999951, -26.104385891253823 ], [ -49.790976955999952, -26.104347984253796 ], [ -49.791012132999988, -26.104291244253808 ], [ -49.791040903999949, -26.104272473253825 ], [ -49.791073296999976, -26.104276697253823 ], [ -49.79112362099994, -26.104278723253834 ], [ -49.791152189999934, -26.104265059253773 ], [ -49.791185756999937, -26.104226303253792 ], [ -49.791235993999976, -26.104179130253815 ], [ -49.791283905999926, -26.104127660253805 ], [ -49.791309553999952, -26.104110228253813 ], [ -49.79129737899995, -26.104142211253791 ], [ -49.791279243999952, -26.104177888253819 ], [ -49.791209022999972, -26.104267674253812 ], [ -49.791189652999947, -26.104287300253787 ], [ -49.791084736999949, -26.104397775253776 ], [ -49.791036603999942, -26.104470531253785 ], [ -49.790969860999951, -26.104599150253787 ], [ -49.790945197999974, -26.104657337253808 ], [ -49.790921841999932, -26.104734545253812 ], [ -49.790891064999983, -26.104802186253803 ], [ -49.790848437999948, -26.104852074253781 ], [ -49.79075883999996, -26.104935517253772 ], [ -49.79072111499994, -26.104947423253765 ], [ -49.790693485999952, -26.105001510253786 ], [ -49.790662945999941, -26.105046067253806 ], [ -49.790643296999974, -26.105055408253758 ], [ -49.790494430999956, -26.105198106253802 ], [ -49.79047049899998, -26.105258547253758 ], [ -49.790455518999977, -26.105325429253774 ], [ -49.790452681999966, -26.105373531253747 ], [ -49.790468427999933, -26.105459763253762 ], [ -49.790469186999985, -26.105493809253758 ], [ -49.790460971999956, -26.10553779125377 ], [ -49.790429493999966, -26.105579575253792 ], [ -49.790384874999972, -26.105605231253783 ], [ -49.790353818999961, -26.105605972253784 ], [ -49.79030961199993, -26.105591585253762 ], [ -49.790275465999969, -26.105569273253771 ], [ -49.79024013999998, -26.105553959253761 ], [ -49.790193385999942, -26.105571588253792 ], [ -49.790158839999947, -26.105588318253758 ], [ -49.790138623999951, -26.105613177253762 ], [ -49.790125726999975, -26.105681148253773 ], [ -49.790071292999983, -26.105690703253799 ], [ -49.790032382999982, -26.105700388253748 ], [ -49.789996716999951, -26.105718110253751 ], [ -49.789940220999945, -26.105712629253791 ], [ -49.789920551999963, -26.105684432253781 ], [ -49.789896971999951, -26.10566460825379 ], [ -49.789855266999943, -26.1056708692538 ], [ -49.789823911999974, -26.105700640253762 ], [ -49.789794712999935, -26.105736438253757 ], [ -49.789786508999953, -26.10577941825375 ], [ -49.789788550999958, -26.105796455253774 ], [ -49.789813136999953, -26.10610101525377 ], [ -49.789799991999978, -26.106193011253751 ], [ -49.789755456999949, -26.10642590825374 ], [ -49.78971278299997, -26.106585735253738 ], [ -49.789691195999978, -26.106743737253773 ], [ -49.789680783999984, -26.106785699253734 ], [ -49.789636076999955, -26.106927488253714 ], [ -49.78961963699993, -26.107016454253749 ], [ -49.789621632999967, -26.107145620253764 ], [ -49.789592, -26.107223461253767 ], [ -49.789587307999966, -26.107248452253746 ], [ -49.789543352999942, -26.107317163253718 ], [ -49.789511472999948, -26.10739233525376 ], [ -49.789496552999935, -26.107446921253732 ], [ -49.789454361999958, -26.107559697253716 ], [ -49.789417101999959, -26.107624460253724 ], [ -49.789385415999959, -26.107686266253747 ], [ -49.78936946999994, -26.10772718025375 ], [ -49.789284882999944, -26.107972755253762 ], [ -49.789252036999983, -26.10803955725375 ], [ -49.78920597299998, -26.108205363253724 ], [ -49.789174059999937, -26.108289192253721 ], [ -49.789036872999979, -26.108581380253732 ], [ -49.788976342999945, -26.108752070253729 ], [ -49.788958598999955, -26.108753028253709 ], [ -49.788933465999946, -26.108823793253688 ], [ -49.788935445999982, -26.108846837253726 ], [ -49.788910129999977, -26.108941747253699 ], [ -49.788893815999984, -26.109012680253716 ], [ -49.788844321999932, -26.109188468253699 ], [ -49.788813300999955, -26.109293329253699 ], [ -49.788767658999973, -26.109418091253694 ], [ -49.788707302999967, -26.109571762253701 ], [ -49.788541339999938, -26.109965826253678 ], [ -49.788502391999941, -26.110086639253698 ], [ -49.788472059999947, -26.110339678253659 ], [ -49.788442499999974, -26.110506691253669 ], [ -49.788414476999947, -26.110788635253652 ], [ -49.788419413999975, -26.110986453253648 ], [ -49.78842954199996, -26.111222108253692 ], [ -49.788454206999972, -26.111401197253652 ], [ -49.788487112999974, -26.111592953253652 ], [ -49.788515451999956, -26.111686410253636 ], [ -49.788570065999977, -26.111802764253628 ], [ -49.78865015699995, -26.111884060253651 ], [ -49.788719942999933, -26.111882127253629 ], [ -49.788747094999962, -26.111955419253658 ], [ -49.788774544999967, -26.111999740253673 ], [ -49.788834188999942, -26.112034254253665 ], [ -49.788967660999958, -26.112080726253659 ], [ -49.788957244999949, -26.112143625253655 ], [ -49.78916707999997, -26.112227270253623 ], [ -49.789325407999968, -26.11229914425364 ], [ -49.78952804599993, -26.112404143253663 ], [ -49.789654374999941, -26.112466931253639 ], [ -49.789832235999938, -26.112538968253642 ], [ -49.789975438999925, -26.112589300253632 ], [ -49.790105154999935, -26.112594168253647 ], [ -49.790248758999944, -26.112605451253661 ], [ -49.790339318999941, -26.112618807253661 ], [ -49.790691091999982, -26.112740174253616 ], [ -49.790860647999978, -26.112805842253611 ], [ -49.790945574999967, -26.11282419025363 ], [ -49.791040333999945, -26.112836323253617 ], [ -49.79118893899993, -26.112836103253613 ], [ -49.791207432999954, -26.112806696253614 ], [ -49.791132812999933, -26.112456242253625 ], [ -49.791111356999984, -26.112419930253655 ], [ -49.791097040999951, -26.112396817253657 ], [ -49.791084712999975, -26.112357296253645 ], [ -49.79108630099995, -26.112202926253623 ], [ -49.791078979999945, -26.112030414253624 ], [ -49.791103674999924, -26.111928794253675 ], [ -49.791178338999941, -26.111921208253648 ], [ -49.791174148999971, -26.11179799425366 ], [ -49.791184121999947, -26.111712674253681 ], [ -49.791193470999985, -26.111688116253678 ], [ -49.791226652999967, -26.111645692253656 ], [ -49.791272550999963, -26.111605018253659 ], [ -49.791434459999955, -26.111604733253667 ], [ -49.791490680999971, -26.111621628253655 ], [ -49.791512153999975, -26.111656298253642 ], [ -49.791526114999954, -26.111713899253679 ], [ -49.791554876999953, -26.111924364253628 ], [ -49.791536398999938, -26.111952130253634 ], [ -49.791505289999968, -26.111969936253665 ], [ -49.79145065199998, -26.111976047253666 ], [ -49.791281398999956, -26.111982840253621 ], [ -49.791253014999931, -26.112089357253627 ], [ -49.791380041999957, -26.112119985253674 ], [ -49.79145086699998, -26.112132075253651 ], [ -49.791521436999979, -26.112168799253638 ], [ -49.791597430999957, -26.112208853253648 ], [ -49.791645935999952, -26.112268386253657 ], [ -49.791665682999955, -26.112333229253629 ], [ -49.791733092999948, -26.112461275253651 ], [ -49.791790288999948, -26.11256029725363 ], [ -49.791837110999943, -26.112606676253648 ], [ -49.791885886999978, -26.11263993225365 ], [ -49.791942057999968, -26.112661754253651 ], [ -49.792011044999981, -26.11267547125366 ], [ -49.792225640999959, -26.112682196253651 ], [ -49.792325805999951, -26.112671538253647 ], [ -49.79243083599993, -26.112636425253619 ], [ -49.792488205999966, -26.112623628253655 ], [ -49.792570568999963, -26.112575046253628 ], [ -49.792594519999966, -26.112545684253611 ], [ -49.792607523999948, -26.112519514253655 ], [ -49.79271652999995, -26.112533566253635 ], [ -49.792714390999947, -26.112564754253604 ], [ -49.792730542999948, -26.112586239253613 ], [ -49.79276853999994, -26.112606266253607 ], [ -49.792928310999969, -26.112637167253613 ], [ -49.793055794999987, -26.112623453253633 ], [ -49.793165408999982, -26.112598136253641 ], [ -49.793367321999938, -26.112580074253657 ], [ -49.793420056999942, -26.112582157253634 ], [ -49.793510940999965, -26.112589488253636 ], [ -49.793618230999982, -26.112593670253638 ], [ -49.793680111999947, -26.112590903253622 ], [ -49.793723868999962, -26.112581415253629 ], [ -49.793762069999957, -26.112581735253663 ], [ -49.793920712999977, -26.112545287253663 ], [ -49.794095338999966, -26.1125467482536 ], [ -49.794188363999979, -26.112522890253654 ], [ -49.794237405999979, -26.112498612253635 ], [ -49.794268703999933, -26.112493999253658 ], [ -49.794319788999985, -26.112479645253615 ], [ -49.794343812999955, -26.112467778253613 ], [ -49.794352903999936, -26.112457043253631 ], [ -49.794368546999983, -26.112449606253655 ], [ -49.794396895999967, -26.112429303253609 ], [ -49.794407737999968, -26.11236453025365 ], [ -49.794410398999958, -26.112338607253637 ], [ -49.794432155999971, -26.112318789253639 ], [ -49.794448319999958, -26.112318925253632 ], [ -49.79446257799998, -26.112329854253616 ], [ -49.794481983999958, -26.112364070253626 ], [ -49.794579322999937, -26.112330291253656 ], [ -49.79457546499998, -26.112297826253652 ], [ -49.794585004999931, -26.112301689253663 ], [ -49.794593136999943, -26.112326082253656 ], [ -49.794597737999936, -26.112344498253641 ], [ -49.794614754999934, -26.112378153253626 ], [ -49.794634266999935, -26.112402100253615 ], [ -49.794664089999969, -26.112413159253645 ], [ -49.794699444999928, -26.112410212253661 ], [ -49.794733157999985, -26.112392115253648 ], [ -49.794822708999959, -26.112358811253653 ], [ -49.794933078999975, -26.112311073253622 ], [ -49.794986982999944, -26.11229212725366 ], [ -49.79505051499995, -26.112277141253667 ], [ -49.795243556999935, -26.112203109253628 ], [ -49.795303736999976, -26.112200703253666 ], [ -49.79534358899997, -26.112190369253639 ], [ -49.795396478999976, -26.112165595253643 ], [ -49.795605398999953, -26.11204878225367 ], [ -49.795811094999976, -26.111892907253655 ], [ -49.795862611999958, -26.111844847253668 ], [ -49.795923539999933, -26.111795653253633 ], [ -49.795977580999924, -26.111763373253659 ], [ -49.796042238999974, -26.111743305253629 ], [ -49.796172081999941, -26.111641403253664 ], [ -49.796215826999962, -26.111583333253634 ], [ -49.796299436999966, -26.111545074253684 ], [ -49.796377026999949, -26.111492851253665 ], [ -49.796466160999955, -26.111384125253668 ], [ -49.796473723999945, -26.111355079253663 ], [ -49.79647529999994, -26.111334183253636 ], [ -49.796471477999944, -26.111308322253659 ], [ -49.796452961999933, -26.111298327253682 ], [ -49.796404496999969, -26.111286034253677 ], [ -49.796356394999982, -26.111282762253669 ], [ -49.796325933999974, -26.111286197253669 ], [ -49.796124808999942, -26.111370205253653 ], [ -49.79605055899998, -26.111392544253647 ], [ -49.795994707999959, -26.111392078253679 ], [ -49.795962248999956, -26.111368848253676 ], [ -49.795945296999946, -26.11133918725363 ], [ -49.795939657999952, -26.111313311253646 ], [ -49.795920085999967, -26.11127337925365 ], [ -49.795826916999943, -26.111226562253663 ], [ -49.795758483999975, -26.111219641253697 ], [ -49.795698232999946, -26.111237705253643 ], [ -49.795221506999951, -26.111436245253685 ], [ -49.795169430999977, -26.11133408925366 ], [ -49.79499323899995, -26.111399369253665 ], [ -49.794970681999985, -26.111405948253665 ], [ -49.794964539999974, -26.111395746253653 ], [ -49.794984759999977, -26.111373354253669 ], [ -49.794988865999983, -26.111338420253681 ], [ -49.794974186999987, -26.11130784025363 ], [ -49.794948228999942, -26.111280551253689 ], [ -49.794917191999957, -26.111261116253676 ], [ -49.794850769999989, -26.111280865253665 ], [ -49.794823260999976, -26.111282891253666 ], [ -49.794785584999936, -26.111301752253667 ], [ -49.79475550799998, -26.111310525253664 ], [ -49.794716524999963, -26.111335015253651 ], [ -49.794687442999987, -26.111368613253667 ], [ -49.794655989999967, -26.111389782253635 ], [ -49.794614647999936, -26.111400716253687 ], [ -49.794548432999932, -26.111400163253677 ], [ -49.794513509999945, -26.111394231253652 ], [ -49.794477522999955, -26.111370242253663 ], [ -49.794432060999952, -26.111295413253689 ], [ -49.794423523999967, -26.111275037253691 ], [ -49.794404945999986, -26.111259089253682 ], [ -49.79438211199993, -26.111207333253681 ], [ -49.794357136999963, -26.111169577253634 ], [ -49.79435, -26.111134548253638 ], [ -49.794345302999943, -26.111105181253663 ], [ -49.794350600999962, -26.111075897253688 ], [ -49.794369536999966, -26.111056879253692 ], [ -49.79441842399995, -26.111041495253637 ], [ -49.794542151999963, -26.111038019253673 ], [ -49.794632380999985, -26.111011700253652 ], [ -49.794770361999959, -26.110958709253694 ], [ -49.794865951999945, -26.110903906253672 ], [ -49.794949164999935, -26.110823715253687 ], [ -49.79501530899995, -26.110709210253681 ], [ -49.795041659999974, -26.110698150253665 ], [ -49.795121732, -26.110687539253682 ], [ -49.79517566099998, -26.110667686253649 ], [ -49.795240949999936, -26.110636647253681 ], [ -49.79529310099997, -26.110610780253655 ], [ -49.795347800999927, -26.110573243253683 ], [ -49.795371641999957, -26.110563290253676 ], [ -49.795351374999939, -26.110468367253663 ], [ -49.795302558999936, -26.110476984253658 ], [ -49.795287647999942, -26.110468964253656 ], [ -49.795289012999945, -26.110457694253704 ], [ -49.795396916999955, -26.110413476253679 ], [ -49.795457091999936, -26.110393674253682 ], [ -49.79549704599998, -26.110396264253691 ], [ -49.79554318899995, -26.110282720253696 ], [ -49.795559499999968, -26.110276089253681 ], [ -49.795598216999963, -26.110277539253701 ], [ -49.795630802999938, -26.110267659253704 ], [ -49.795650918999968, -26.110255420253704 ], [ -49.795658542999945, -26.110243076253678 ], [ -49.795681468999923, -26.110200403253675 ], [ -49.795772599999971, -26.110207932253694 ], [ -49.795779690999957, -26.110247471253693 ], [ -49.795780523999952, -26.110288087253675 ], [ -49.795795319999968, -26.110307386253698 ], [ -49.795822654999938, -26.110322279253651 ], [ -49.796064743999985, -26.110351373253664 ], [ -49.796138464999956, -26.110350860253703 ], [ -49.796181069999932, -26.110338808253655 ], [ -49.796231876999968, -26.110317358253681 ], [ -49.79633090599998, -26.110282700253698 ], [ -49.796367287999942, -26.110261237253685 ], [ -49.796386530999932, -26.110231858253677 ], [ -49.796386887999979, -26.110208032253666 ], [ -49.796375348999959, -26.11017663525368 ], [ -49.796364830999948, -26.11016482625368 ], [ -49.796301207999932, -26.110110943253655 ], [ -49.796270561999961, -26.110074444253691 ], [ -49.796231112999976, -26.110006570253656 ], [ -49.796198667999931, -26.10996758425367 ], [ -49.796137281999961, -26.109903647253681 ], [ -49.796220204999941, -26.109824439253693 ], [ -49.796206832999985, -26.109793851253681 ], [ -49.796233955999973, -26.109729004253708 ], [ -49.796243272999959, -26.10971013625371 ], [ -49.796255613999953, -26.10966328825371 ], [ -49.796263636999981, -26.109592516253695 ], [ -49.796264784999948, -26.109480501253685 ], [ -49.796276998999986, -26.109337377253713 ], [ -49.796275069999986, -26.109277955253724 ], [ -49.796269950999942, -26.109243315253689 ], [ -49.79626746699995, -26.109218584253707 ], [ -49.796282738999935, -26.109152815253697 ], [ -49.796294851999953, -26.109128204253683 ], [ -49.796315030999949, -26.109117665253716 ], [ -49.79638254799994, -26.109117405253688 ], [ -49.796432613999968, -26.109128530253702 ], [ -49.796564413999924, -26.109176582253703 ], [ -49.796586880999939, -26.109120758253706 ], [ -49.796644295999954, -26.1091270032537 ], [ -49.796695408999938, -26.10912495825368 ], [ -49.796714701999974, -26.109111940253733 ], [ -49.796744147999959, -26.109087475253702 ], [ -49.796781997999979, -26.109044134253725 ], [ -49.796888606999964, -26.108968418253703 ], [ -49.796958345999947, -26.109018423253698 ], [ -49.797059695999963, -26.108930125253721 ], [ -49.797089810999978, -26.108914599253691 ], [ -49.79725665999996, -26.108832599253734 ], [ -49.797277922999967, -26.108828268253717 ], [ -49.797312730999977, -26.108842082253705 ], [ -49.797367507999979, -26.108856062253722 ], [ -49.797412174999977, -26.108882354253694 ], [ -49.79743340299995, -26.108881403253683 ], [ -49.797473698999966, -26.108846805253734 ], [ -49.79751731399994, -26.108853931253684 ], [ -49.797641407999947, -26.108924834253738 ], [ -49.797716119999961, -26.108942361253686 ], [ -49.797803127999941, -26.108978021253726 ], [ -49.797870040999953, -26.109025910253699 ], [ -49.797983086999977, -26.109078690253721 ], [ -49.798137065999981, -26.109156604253702 ], [ -49.798209143999941, -26.109187631253679 ], [ -49.798271445999944, -26.109198293253705 ], [ -49.79831884999993, -26.109200942253711 ], [ -49.798413968999967, -26.109175816253693 ], [ -49.798465428999975, -26.109148072253728 ], [ -49.79850668499995, -26.109141653253666 ], [ -49.79855772999997, -26.10915447525371 ], [ -49.798567553999931, -26.10917033425368 ], [ -49.798586193999931, -26.109178378253709 ], [ -49.798590863999948, -26.109209970253676 ], [ -49.798600710999949, -26.109223575253722 ], [ -49.798641643999986, -26.109248709253723 ], [ -49.798682381999974, -26.109292998253672 ], [ -49.798674570999935, -26.109324486253726 ], [ -49.798679390999951, -26.109341431253696 ], [ -49.798760516999948, -26.109342106253731 ], [ -49.798775723999938, -26.109319695253689 ], [ -49.798813557999949, -26.109281695253738 ], [ -49.798832521999941, -26.109258188253694 ], [ -49.798882441999979, -26.109256996253688 ], [ -49.798916212999984, -26.109252123253714 ], [ -49.799018636999968, -26.109245088253701 ], [ -49.799044915999957, -26.109238545253717 ], [ -49.799068870999974, -26.109215079253708 ], [ -49.799087914999973, -26.109183684253686 ], [ -49.79909846399994, -26.109128553253687 ], [ -49.79908622499994, -26.109104786253724 ], [ -49.799018351999962, -26.109028717253686 ], [ -49.798998990999962, -26.108984553253709 ], [ -49.798995072999958, -26.108935776253698 ], [ -49.798962647999986, -26.108879145253695 ], [ -49.798957370999972, -26.108785257253714 ], [ -49.798931613999969, -26.108661167253729 ], [ -49.798982613999954, -26.108552733253699 ], [ -49.799010154999962, -26.108502287253717 ], [ -49.799040234999957, -26.108406816253712 ], [ -49.798996773999932, -26.108387685253728 ], [ -49.799040576999971, -26.108283030253691 ], [ -49.798997639999975, -26.108240660253728 ], [ -49.799068505999962, -26.108158451253704 ], [ -49.799061389999963, -26.108147378253715 ], [ -49.799080419999939, -26.108097775253736 ], [ -49.799105087999976, -26.108071060253749 ], [ -49.799128202999952, -26.108063910253691 ], [ -49.799145799999962, -26.108066097253705 ], [ -49.799164237999946, -26.108074408253756 ], [ -49.79916419999995, -26.108078078253715 ], [ -49.79918367199997, -26.108117806253688 ], [ -49.79917665499994, -26.108141404253729 ], [ -49.799139758999956, -26.108170873253709 ], [ -49.799208212999986, -26.108236296253725 ], [ -49.799238741999943, -26.108210854253755 ], [ -49.799279610999974, -26.108190392253746 ], [ -49.799315874999934, -26.1081784582537 ], [ -49.79935729999994, -26.108147804253701 ], [ -49.799401948999957, -26.108111057253737 ], [ -49.799431499999962, -26.10809294925372 ], [ -49.799452710999951, -26.108095164253715 ], [ -49.799492155999978, -26.108125677253742 ], [ -49.799527869999963, -26.10816757825371 ], [ -49.799542825999936, -26.108179749253743 ], [ -49.799569881999957, -26.108193245253698 ], [ -49.799595401999966, -26.108213365253736 ], [ -49.799622961999944, -26.108249428253721 ], [ -49.799636531999973, -26.108288028253703 ], [ -49.799644889999968, -26.108333220253712 ], [ -49.799646803999963, -26.108361769253698 ], [ -49.799639857999971, -26.108394227253715 ], [ -49.799627853999944, -26.108418015253736 ], [ -49.799604787999954, -26.108445693253724 ], [ -49.799602917999948, -26.108484828253737 ], [ -49.799612908999961, -26.108514108253701 ], [ -49.799609568999983, -26.108553231253723 ], [ -49.799586099999935, -26.108548390253695 ], [ -49.799515508999946, -26.108623450253724 ], [ -49.79951895399995, -26.108646040253685 ], [ -49.799536253, -26.108679362253724 ], [ -49.799661729999968, -26.108771316253684 ], [ -49.799755230999949, -26.108827835253681 ], [ -49.799800565999931, -26.108850773253721 ], [ -49.799817325999982, -26.108864847253692 ], [ -49.799834598999951, -26.108900824253734 ], [ -49.799834299999986, -26.108930019253698 ], [ -49.799828014999946, -26.108969781253723 ], [ -49.799780436999981, -26.109022471253681 ], [ -49.79976695199997, -26.109047573253683 ], [ -49.799769585999968, -26.109077456253704 ], [ -49.799789143999931, -26.10910548925369 ], [ -49.799802850999981, -26.109130819253718 ], [ -49.799802632999956, -26.109152051253705 ], [ -49.799764468999967, -26.109206646253689 ], [ -49.799757077999971, -26.109222674253711 ], [ -49.799749205999944, -26.109228479253701 ], [ -49.799742217999949, -26.109238476253715 ], [ -49.799795690999986, -26.109301143253717 ], [ -49.799787960999936, -26.109324744253719 ], [ -49.799791393999953, -26.10935519925372 ], [ -49.799822032999941, -26.109410673253688 ], [ -49.799881085999971, -26.109491285253718 ], [ -49.799884005999957, -26.109512667253728 ], [ -49.799875792999956, -26.109536789253671 ], [ -49.799866817999941, -26.109541073253681 ], [ -49.799859906999984, -26.109556054253673 ], [ -49.79985660799997, -26.109571717253726 ], [ -49.799861735999968, -26.109589631253691 ], [ -49.799897183, -26.109612911253674 ], [ -49.799911831999964, -26.109625347253687 ], [ -49.799919629999977, -26.109640805253704 ], [ -49.799963723999952, -26.109663748253681 ], [ -49.800002438999975, -26.109656887253696 ], [ -49.800023199999941, -26.109627300253674 ], [ -49.800037985999943, -26.109626397253681 ], [ -49.80004343699995, -26.109649018253691 ], [ -49.800039713999979, -26.10967977325371 ], [ -49.800050868999961, -26.109700389253675 ], [ -49.800186298999961, -26.109794898253689 ], [ -49.800280022999971, -26.10985519625368 ], [ -49.800330301999963, -26.109828934253674 ], [ -49.800355368999931, -26.109822986253711 ], [ -49.800389212999953, -26.109847895253701 ], [ -49.800419751999989, -26.109862516253688 ], [ -49.800481894999969, -26.109898949253683 ], [ -49.800504562999947, -26.109905295253697 ], [ -49.800543193999943, -26.109906643253712 ], [ -49.800577383999951, -26.109897691253678 ], [ -49.800611468999932, -26.109899001253691 ], [ -49.800668410999947, -26.109888187253684 ], [ -49.800694539999938, -26.109889431253666 ], [ -49.800777516999972, -26.10988909425371 ], [ -49.800819484999977, -26.109897653253675 ], [ -49.800862527999982, -26.109912892253679 ], [ -49.800907975999962, -26.109913782253702 ], [ -49.800948801999937, -26.109895155253664 ], [ -49.800969882999937, -26.109861961253692 ], [ -49.800971730999947, -26.109792197253711 ], [ -49.800962098999946, -26.109733624253671 ], [ -49.800947460999964, -26.109720162253705 ], [ -49.80094080899994, -26.109703688253699 ], [ -49.801041890999954, -26.109599859253688 ], [ -49.801129009999954, -26.109527724253706 ], [ -49.80114849499995, -26.109512679253701 ], [ -49.801196535999964, -26.10948210825368 ], [ -49.801225799999941, -26.10946935825368 ], [ -49.801253648999925, -26.109453642253683 ], [ -49.801285781999972, -26.109439254253669 ], [ -49.801299506999953, -26.1094510062537 ], [ -49.801324721999947, -26.109506775253667 ], [ -49.801363311999978, -26.109561015253675 ], [ -49.801389718999985, -26.109597620253716 ], [ -49.80141251699996, -26.109651507253691 ], [ -49.801420933999964, -26.10966881825372 ], [ -49.801441621999963, -26.109700023253684 ], [ -49.801506289999963, -26.1097400282537 ], [ -49.801623191999965, -26.109756098253715 ], [ -49.801713387999939, -26.109814007253682 ], [ -49.801748835999952, -26.109852049253703 ], [ -49.801779802999931, -26.109860934253707 ], [ -49.801855119999971, -26.109855089253671 ], [ -49.801899423999942, -26.109844672253679 ], [ -49.802035036999939, -26.109741597253706 ], [ -49.802084787999952, -26.109684115253724 ], [ -49.802143086999934, -26.109626704253721 ], [ -49.802169129999982, -26.109588322253703 ], [ -49.802199602999963, -26.109534539253715 ], [ -49.802227821999971, -26.109492316253672 ], [ -49.802277473999936, -26.109444482253696 ], [ -49.802328409999973, -26.109406308253689 ], [ -49.802365602999942, -26.109384139253724 ], [ -49.802404276999944, -26.109364708253718 ], [ -49.802429254999936, -26.10935674225372 ], [ -49.80245644699994, -26.109353562253702 ], [ -49.802539552999974, -26.109317358253676 ], [ -49.802572254999973, -26.109316381253727 ], [ -49.802612304999968, -26.109309902253688 ], [ -49.802664272999948, -26.109318507253693 ], [ -49.802719363999984, -26.109316921253697 ], [ -49.80285465299994, -26.109234775253682 ], [ -49.80284349599998, -26.109187388253691 ], [ -49.802816168999982, -26.109138015253723 ], [ -49.802772197999957, -26.109083378253715 ], [ -49.802752715999986, -26.109028946253709 ], [ -49.802752879999957, -26.109012867253728 ], [ -49.802773159999958, -26.108988915253679 ], [ -49.802795544999981, -26.108977041253688 ], [ -49.802802571999962, -26.108942929253697 ], [ -49.802851853999982, -26.10891318825372 ], [ -49.802936713999948, -26.108887762253687 ], [ -49.803001394999967, -26.108876239253721 ], [ -49.803043773999946, -26.108868551253689 ], [ -49.803070609999963, -26.108856713253704 ], [ -49.803113215999986, -26.108707484253721 ], [ -49.80312300799995, -26.108674722253735 ], [ -49.803178965999962, -26.108609499253717 ], [ -49.803240730999967, -26.108545638253698 ], [ -49.803346460999933, -26.108451270253742 ], [ -49.803435467999968, -26.108381689253708 ], [ -49.803557977999951, -26.108238287253705 ], [ -49.803623277999975, -26.10819394225372 ], [ -49.803684413999974, -26.108133950253723 ], [ -49.80372385499993, -26.108081584253753 ], [ -49.803795520999977, -26.10804900125375 ], [ -49.803813844999979, -26.107947670253747 ], [ -49.803868416999933, -26.107895430253748 ], [ -49.80390555799994, -26.107856706253717 ], [ -49.803951880999932, -26.107765365253744 ], [ -49.804006591999958, -26.107699465253706 ], [ -49.804050932999985, -26.107590542253739 ], [ -49.804083929999933, -26.107534220253754 ], [ -49.804152568999939, -26.107469378253732 ], [ -49.804237312999938, -26.10733057325373 ], [ -49.804289722999947, -26.107278316253733 ], [ -49.804305150999937, -26.107249170253759 ], [ -49.804325680999966, -26.107232490253718 ], [ -49.80434245899994, -26.107218857253741 ], [ -49.804202951999976, -26.107096097253727 ], [ -49.804211994999946, -26.107057140253715 ], [ -49.804251613999952, -26.106987210253724 ], [ -49.804230357999977, -26.106951906253734 ], [ -49.804159686999981, -26.106886917253721 ], [ -49.804199524999945, -26.106795522253762 ], [ -49.804150188999976, -26.106759981253763 ], [ -49.804133930999967, -26.106656415253763 ], [ -49.804115132999982, -26.106591856253761 ], [ -49.804158678999954, -26.106560991253772 ], [ -49.80419804099995, -26.10651643125377 ], [ -49.804230759999946, -26.106487428253761 ], [ -49.804326079999953, -26.106466751253766 ], [ -49.804382791999956, -26.10641647925376 ], [ -49.80444111099996, -26.106420866253739 ], [ -49.804516758999959, -26.106421494253755 ], [ -49.804594787999974, -26.106400673253731 ], [ -49.804631729999983, -26.106381463253779 ], [ -49.804652021999978, -26.106347656253767 ], [ -49.804673225999977, -26.106312333253733 ], [ -49.80468257299998, -26.106270643253758 ], [ -49.804694134999977, -26.106196579253766 ], [ -49.804719253999963, -26.106160992253756 ], [ -49.804755347999958, -26.106128780253748 ], [ -49.804855565999958, -26.106051546253745 ], [ -49.804899348999982, -26.105997265253791 ], [ -49.805018722999932, -26.105736739253761 ], [ -49.805083227999937, -26.105557726253775 ], [ -49.805081939999987, -26.10547184625376 ], [ -49.805104147999941, -26.105413481253791 ], [ -49.805150033999951, -26.105365072253804 ], [ -49.805226553999951, -26.105279835253793 ], [ -49.80521834599994, -26.105024107253779 ], [ -49.805246819999979, -26.104987263253772 ], [ -49.805262445999972, -26.104938603253814 ], [ -49.805260561999944, -26.104911264253776 ], [ -49.805211405999955, -26.104856212253782 ], [ -49.80525744899996, -26.104792190253786 ], [ -49.805334564999953, -26.104648411253802 ], [ -49.805384930999928, -26.104584425253826 ], [ -49.805402934999961, -26.104514317253766 ], [ -49.805390680999949, -26.104443957253775 ], [ -49.805369741999982, -26.104377430253784 ], [ -49.805313744999978, -26.104357450253783 ], [ -49.805231493999941, -26.104368478253804 ], [ -49.805118309999955, -26.104445604253808 ], [ -49.804923091999967, -26.104725017253795 ], [ -49.80491841199995, -26.104760107253767 ], [ -49.804812721999951, -26.104950488253809 ], [ -49.804803838999931, -26.104973833253794 ], [ -49.804688510999938, -26.105048990253756 ], [ -49.804644311999944, -26.105144252253758 ], [ -49.804585894999946, -26.105149623253812 ], [ -49.804555774999983, -26.105135712253809 ], [ -49.804518931999951, -26.105133133253798 ], [ -49.804443125999967, -26.105160149253784 ], [ -49.804306759999982, -26.105178534253778 ], [ -49.804207098999939, -26.1052011272538 ], [ -49.804097067999976, -26.105180698253786 ], [ -49.803987519999964, -26.105147578253781 ], [ -49.803886710999954, -26.105131289253801 ], [ -49.803852106999955, -26.105118553253781 ], [ -49.803829109999988, -26.105099433253777 ], [ -49.803809655999942, -26.10509011925377 ], [ -49.803796690999945, -26.105083474253796 ], [ -49.80376995599994, -26.105078023253796 ], [ -49.80374461699995, -26.1050778132538 ], [ -49.803728037999974, -26.105070485253762 ], [ -49.803722379999961, -26.105057363253774 ], [ -49.803729453999942, -26.105045185253761 ], [ -49.803732423, -26.104995343253812 ], [ -49.803749313999965, -26.104971948253784 ], [ -49.803843499999971, -26.104894937253814 ], [ -49.803877799999952, -26.104868419253787 ], [ -49.80391291799998, -26.104832756253778 ], [ -49.803926108, -26.104804981253796 ], [ -49.803965045999966, -26.104761933253787 ], [ -49.803977732999954, -26.104724775253793 ], [ -49.803974883999956, -26.104648920253812 ], [ -49.803977992999933, -26.104628026253767 ], [ -49.803983220999946, -26.104612381253816 ], [ -49.803990670999951, -26.104599403253779 ], [ -49.804019818999969, -26.104573461253803 ], [ -49.80403370099998, -26.104561155253776 ], [ -49.804051308999931, -26.104538420253814 ], [ -49.804063292999963, -26.104499297253788 ], [ -49.804064275999963, -26.104473810253783 ], [ -49.804075782999981, -26.104453512253791 ], [ -49.804099399999984, -26.104437492253819 ], [ -49.804135724999981, -26.1044253732538 ], [ -49.804151752999985, -26.104415700253771 ], [ -49.804168636999975, -26.104392960253819 ], [ -49.804182724999976, -26.104360391253763 ], [ -49.804189632999957, -26.104321878253781 ], [ -49.80419136699993, -26.104293782253791 ], [ -49.804182025999978, -26.104266102253774 ], [ -49.804110114999958, -26.104246011253817 ], [ -49.804062662999975, -26.104209844253798 ], [ -49.80403701999996, -26.104178792253808 ], [ -49.804006099999981, -26.10412919325379 ], [ -49.803998432999954, -26.103942861253785 ], [ -49.804007005999942, -26.10390592525383 ], [ -49.804026244999939, -26.103894982253831 ], [ -49.804060536999941, -26.103881697253804 ], [ -49.80414383699997, -26.103886046253798 ], [ -49.804192889999968, -26.103898831253822 ], [ -49.804236569999944, -26.103902894253839 ], [ -49.804313092999962, -26.103906137253816 ], [ -49.804348630999989, -26.103900122253812 ], [ -49.804370589999962, -26.10389043525382 ], [ -49.804380328999969, -26.103873247253826 ], [ -49.804413190999981, -26.10386611825383 ], [ -49.804447382999967, -26.103862700253817 ], [ -49.804481611999968, -26.103855582253836 ], [ -49.804590051999988, -26.103805906253832 ], [ -49.804808543999975, -26.103732123253842 ], [ -49.804897530999938, -26.1036702972538 ], [ -49.804945161999967, -26.103607558253813 ], [ -49.804950270999939, -26.10348539325383 ], [ -49.805051589999948, -26.103409418253815 ], [ -49.805049071999974, -26.103276716253848 ], [ -49.805103597999967, -26.10323876025382 ], [ -49.805154784999957, -26.103084925253825 ], [ -49.805191603999958, -26.103082210253827 ], [ -49.80519759699996, -26.103040988253834 ], [ -49.805211087999972, -26.103030027253858 ], [ -49.805233678999969, -26.103024420253806 ], [ -49.80531386399997, -26.103009739253821 ], [ -49.805334154999969, -26.103003241253809 ], [ -49.805331423999966, -26.102891487253835 ], [ -49.80530401499994, -26.102881817253841 ], [ -49.805204152999977, -26.102834685253811 ], [ -49.805181018999974, -26.102807315253827 ], [ -49.805166608999969, -26.102689421253846 ], [ -49.805166301999975, -26.10260989525381 ], [ -49.805181407999946, -26.102549624253818 ], [ -49.805196278999972, -26.102512501253855 ], [ -49.805214339999964, -26.102490506253854 ], [ -49.805242343999964, -26.102477652253825 ], [ -49.805252437999975, -26.102471696253815 ], [ -49.805262644999971, -26.102454668253827 ], [ -49.805264066999939, -26.102424481253827 ], [ -49.805278762999933, -26.102404470253827 ], [ -49.805315939999957, -26.102366526253835 ], [ -49.805344321999939, -26.102316430253847 ], [ -49.805367656999977, -26.102243869253826 ], [ -49.805375494999964, -26.102210994253834 ], [ -49.805388368999957, -26.102197057253836 ], [ -49.805422512999939, -26.10217972225384 ], [ -49.805514332999962, -26.102152753253865 ], [ -49.805517989999942, -26.102029776253829 ], [ -49.805543389999968, -26.102019545253842 ], [ -49.805568165999944, -26.101999522253845 ], [ -49.805579933999972, -26.101979391253874 ], [ -49.805610497999965, -26.101958762253869 ], [ -49.805630221999934, -26.101938044253838 ], [ -49.805683605999953, -26.101853842253856 ], [ -49.805758758999957, -26.101750911253841 ], [ -49.805765977999954, -26.101619614253853 ], [ -49.805735721999945, -26.101205527253889 ], [ -49.805741454999975, -26.101171347253892 ], [ -49.805763346999981, -26.101136523253889 ], [ -49.805772059999974, -26.100914896253858 ], [ -49.805753722999953, -26.100811675253897 ], [ -49.805698024999977, -26.100782042253897 ], [ -49.805690535999986, -26.100671131253861 ], [ -49.805697608999928, -26.10061090325388 ], [ -49.805689843999978, -26.100527216253909 ], [ -49.805722661999937, -26.100476925253872 ], [ -49.805635407999951, -26.100161157253854 ], [ -49.80552150799997, -26.100131232253894 ], [ -49.805412971999942, -26.100159231253887 ], [ -49.805290678999938, -26.100212818253915 ], [ -49.805243881999957, -26.100333450253913 ], [ -49.805157162999933, -26.100494210253881 ], [ -49.80510791699998, -26.100523532253867 ], [ -49.805038079999974, -26.100537476253852 ], [ -49.804973502999985, -26.100561144253902 ], [ -49.804908705999942, -26.100606594253861 ], [ -49.804889695999975, -26.100630640253879 ], [ -49.804870219999948, -26.100700670253886 ], [ -49.804709172999935, -26.100721118253876 ], [ -49.804674499999976, -26.100703888253857 ], [ -49.804540430999964, -26.100443798253867 ], [ -49.804517020999981, -26.100373413253866 ], [ -49.804493191999939, -26.10034417125388 ], [ -49.804463879999957, -26.100326985253908 ], [ -49.804359416999944, -26.100318858253896 ], [ -49.804322063999969, -26.100301606253876 ], [ -49.804296341999986, -26.100194896253864 ], [ -49.804338517999952, -26.100172957253911 ], [ -49.804329193999934, -26.100157906253912 ], [ -49.804288944999939, -26.100155434253921 ], [ -49.80409433799997, -26.100189115253901 ], [ -49.804046932999945, -26.100191395253884 ], [ -49.804029127999968, -26.100194991253886 ], [ -49.80401197599997, -26.100192710253911 ], [ -49.803994500999977, -26.1001831752539 ], [ -49.803981425999943, -26.10016839225386 ], [ -49.803932428999985, -26.100152477253861 ], [ -49.803912912999976, -26.100149642253889 ], [ -49.803899628999943, -26.100116377253865 ], [ -49.803881259999969, -26.100059004253865 ], [ -49.80386700899993, -26.100004340253861 ], [ -49.803863684999953, -26.099981851253855 ], [ -49.803844830999935, -26.099972070253909 ], [ -49.803796269999971, -26.0999716672539 ], [ -49.80369183199997, -26.099991122253879 ], [ -49.80367769999998, -26.099982983253884 ], [ -49.803682074999983, -26.099960559253876 ], [ -49.803707740999982, -26.099940985253909 ], [ -49.803756140999944, -26.099899141253911 ], [ -49.803773434999982, -26.099887520253908 ], [ -49.803789017999975, -26.099869467253889 ], [ -49.80379689599993, -26.099851885253894 ], [ -49.803807642999963, -26.099843418253901 ], [ -49.803831434999942, -26.099833454253886 ], [ -49.80384698499995, -26.099818610253859 ], [ -49.803840660999981, -26.099799840253866 ], [ -49.803824861999949, -26.099780993253887 ], [ -49.803778988999966, -26.099749061253885 ], [ -49.803752410999955, -26.099741889253899 ], [ -49.803718104999973, -26.099737326253898 ], [ -49.80371882299994, -26.099725033253904 ], [ -49.803711998999979, -26.099697168253904 ], [ -49.803768308999963, -26.099692822253882 ], [ -49.803787362999962, -26.099682820253872 ], [ -49.803799380999976, -26.099665807253878 ], [ -49.803785863999963, -26.099655534253898 ], [ -49.803748091999978, -26.099642387253894 ], [ -49.803663986999936, -26.099642759253882 ], [ -49.803549176999979, -26.099633785253911 ], [ -49.803524950999986, -26.099628236253871 ], [ -49.803559435999944, -26.099615153253879 ], [ -49.803891605999979, -26.099566036253876 ], [ -49.803913044999945, -26.099554449253912 ], [ -49.803922727, -26.099534209253882 ], [ -49.80391222999998, -26.099518078253894 ], [ -49.803861967999978, -26.099510175253904 ], [ -49.803852475999975, -26.099511700253924 ], [ -49.803848547999962, -26.099490277253906 ], [ -49.803842577999944, -26.099436751253926 ], [ -49.803841664999936, -26.099414716253882 ], [ -49.803943989999937, -26.099408307253917 ], [ -49.803958776999934, -26.099403188253874 ], [ -49.80396121899998, -26.099382646253915 ], [ -49.803949355999976, -26.099363597253909 ], [ -49.803945984999984, -26.099343813253899 ], [ -49.803950791999966, -26.099294449253893 ], [ -49.803955412999983, -26.099267044253931 ], [ -49.803974711999956, -26.099247994253879 ], [ -49.804049887999952, -26.099242344253884 ], [ -49.804078085999947, -26.099244930253878 ], [ -49.804101215999935, -26.099233360253905 ], [ -49.804114894999941, -26.099211910253892 ], [ -49.804174448999959, -26.099162614253906 ], [ -49.804201973999966, -26.099145984253905 ], [ -49.804225502999941, -26.099137946253926 ], [ -49.804265418999933, -26.099098286253898 ], [ -49.80428435999994, -26.099071784253926 ], [ -49.804293748999953, -26.099045202253901 ], [ -49.804291860999967, -26.099017350253881 ], [ -49.804332181999939, -26.0989044402539 ], [ -49.804367080999953, -26.098860461253903 ], [ -49.804395367999973, -26.098815230253894 ], [ -49.804407572999935, -26.098787813253892 ], [ -49.804432103999943, -26.098721015253926 ], [ -49.804429830999936, -26.098683905253932 ], [ -49.804390883999986, -26.098604616253933 ], [ -49.80438440599994, -26.098590205253952 ], [ -49.804397776999963, -26.098578352253902 ], [ -49.804464464999967, -26.098589391253917 ], [ -49.804481699999947, -26.098596290253941 ], [ -49.804498568999975, -26.098593052253911 ], [ -49.804503828999941, -26.098581693253927 ], [ -49.804468115999953, -26.098552260253921 ], [ -49.804419781999975, -26.098522300253919 ], [ -49.804397438999956, -26.098511981253893 ], [ -49.804373820999949, -26.098488981253894 ], [ -49.804384310999978, -26.098469221253911 ], [ -49.80442058999995, -26.098442918253941 ], [ -49.804440727999975, -26.09844012925393 ], [ -49.804465499999942, -26.098441601253946 ], [ -49.804500508999979, -26.098448226253915 ], [ -49.804539648999935, -26.098462486253915 ], [ -49.804586177999965, -26.098486096253943 ], [ -49.804642022999985, -26.098540586253907 ], [ -49.804718430999969, -26.098525782253926 ], [ -49.804767461999973, -26.098499282253933 ], [ -49.804811124999958, -26.098467846253907 ], [ -49.804832122999983, -26.098445191253887 ], [ -49.804859392999958, -26.098427479253903 ], [ -49.80491126499993, -26.098387959253927 ], [ -49.804961274999989, -26.098308875253945 ], [ -49.805019241999965, -26.098336672253915 ], [ -49.80500899599997, -26.098367569253909 ], [ -49.805016002999928, -26.098388827253906 ], [ -49.805031293999946, -26.098394660253895 ], [ -49.805052930999977, -26.098398100253895 ], [ -49.80508278599995, -26.098392641253934 ], [ -49.805134516999942, -26.098366979253942 ], [ -49.805185369999954, -26.098338864253915 ], [ -49.805218909999951, -26.098326096253952 ], [ -49.805299160999937, -26.098248490253908 ], [ -49.805312149999963, -26.098214354253955 ], [ -49.805316034999983, -26.098187480253941 ], [ -49.805326206999958, -26.098163920253953 ], [ -49.805374348999976, -26.098128838253942 ], [ -49.805421579999972, -26.098102374253912 ], [ -49.805536692999965, -26.098019933253944 ], [ -49.805569132999949, -26.097908539253908 ], [ -49.805558692999966, -26.097857568253897 ], [ -49.805579773999966, -26.097785658253933 ], [ -49.805606727999987, -26.09775195725393 ], [ -49.805622035999932, -26.097631941253937 ], [ -49.805606987999958, -26.097577452253915 ], [ -49.805503625999961, -26.097425034253948 ], [ -49.805422726999943, -26.097333426253957 ], [ -49.805189749999954, -26.09713446625393 ], [ -49.805120784999986, -26.097107371253966 ], [ -49.805042984999943, -26.097123777253959 ], [ -49.804959197999956, -26.09710982225398 ], [ -49.804886055999987, -26.09708079725397 ], [ -49.804787911999931, -26.097034515253945 ], [ -49.804717098999959, -26.096982776253927 ], [ -49.804671654999936, -26.096912302253955 ], [ -49.804645247999986, -26.096826829253942 ], [ -49.804643861999971, -26.096756721253954 ], [ -49.80454521799993, -26.096553188253964 ], [ -49.804484183999932, -26.096365124253982 ], [ -49.804477216999935, -26.096224872253991 ], [ -49.804452696999931, -26.096160254253981 ], [ -49.80438207599996, -26.096089571253994 ], [ -49.804309204999981, -26.096034026253989 ], [ -49.804288937999956, -26.095963761253945 ], [ -49.804275928999964, -26.095592325253996 ], [ -49.804324355999938, -26.095575675253972 ], [ -49.804397747999985, -26.095580073253966 ], [ -49.804493908999973, -26.095614972253969 ], [ -49.804865541999959, -26.095796137253981 ], [ -49.805153217999937, -26.095980395253974 ], [ -49.805270089999965, -26.096041988253965 ], [ -49.806127022999931, -26.096575763253966 ], [ -49.806706241999962, -26.096955481253939 ], [ -49.806929537999963, -26.097088355253966 ], [ -49.807037775999959, -26.097147204253929 ], [ -49.807125276999955, -26.097186983253952 ], [ -49.807256092999978, -26.097220822253924 ], [ -49.807325667999976, -26.097168204253936 ], [ -49.807495863999975, -26.097267064253963 ], [ -49.807437912999944, -26.097375615253945 ], [ -49.807429079999963, -26.097453136253922 ], [ -49.807422342999985, -26.097475430253962 ], [ -49.807384956999954, -26.09758473025396 ], [ -49.807350960999941, -26.097634844253939 ], [ -49.807266596999966, -26.097698399253932 ], [ -49.807239742999975, -26.097732194253915 ], [ -49.807233996999969, -26.097748525253959 ], [ -49.807247705999949, -26.097772575253924 ], [ -49.807261133999987, -26.097824341253943 ], [ -49.807255028999975, -26.097875945253907 ], [ -49.807205902999954, -26.097936710253911 ], [ -49.807197047999978, -26.097995241253937 ], [ -49.807111026999962, -26.098150433253902 ], [ -49.807031305999942, -26.098416667253929 ], [ -49.806956214999957, -26.098921457253905 ], [ -49.806944976999944, -26.099684555253877 ], [ -49.80691778399995, -26.099866450253902 ], [ -49.806916878999971, -26.100167874253884 ], [ -49.806907820999982, -26.100401161253888 ], [ -49.806916289999947, -26.100438186253875 ], [ -49.806904576999955, -26.10048475125388 ], [ -49.806891356999984, -26.100560498253913 ], [ -49.80690068399997, -26.100702539253849 ], [ -49.806904319999951, -26.100768691253901 ], [ -49.806888711999939, -26.100821069253861 ], [ -49.806898887999985, -26.100879494253878 ], [ -49.806894016999934, -26.100951316253862 ], [ -49.806899601999923, -26.101021466253872 ], [ -49.806876345999967, -26.101211856253869 ], [ -49.806836514999986, -26.101401332253864 ], [ -49.806747073999986, -26.102010396253853 ], [ -49.806715188999924, -26.102150213253839 ], [ -49.806705499999957, -26.102293499253868 ], [ -49.806685771999987, -26.102427841253832 ], [ -49.806633304999934, -26.102643887253805 ], [ -49.806553841999978, -26.10285272625384 ], [ -49.80651368499997, -26.102999041253831 ], [ -49.806394808999983, -26.103280878253823 ], [ -49.806253828999949, -26.103454291253847 ], [ -49.806245066999963, -26.103555476253785 ], [ -49.806232685999937, -26.103632189253783 ], [ -49.806196558999943, -26.103704559253849 ], [ -49.806172697999955, -26.103827222253795 ], [ -49.805916598999943, -26.104292977253792 ], [ -49.805853787999979, -26.104391197253825 ], [ -49.805828326999972, -26.104556873253802 ], [ -49.805796918999931, -26.104669805253785 ], [ -49.805762777999973, -26.104770821253819 ], [ -49.805723670999953, -26.104858504253819 ], [ -49.805703345999973, -26.104944206253791 ], [ -49.80568928699995, -26.105051428253784 ], [ -49.805647606999969, -26.105111582253773 ], [ -49.80561248399993, -26.105192613253806 ], [ -49.805589523999977, -26.105245583253751 ], [ -49.805591469999968, -26.105317987253787 ], [ -49.805575646999955, -26.105386162253755 ], [ -49.805551136999952, -26.105458168253794 ], [ -49.805513619999942, -26.105533970253774 ], [ -49.805489269999946, -26.105590365253757 ], [ -49.805440886999975, -26.105671931253767 ], [ -49.805375350999945, -26.105739694253771 ], [ -49.805307693999964, -26.105803536253749 ], [ -49.805182698999943, -26.106089775253778 ], [ -49.805133214999955, -26.106168992253789 ], [ -49.805102419999962, -26.106221430253751 ], [ -49.80502409199994, -26.106484247253761 ], [ -49.804880565999952, -26.10678165225373 ], [ -49.80479016299995, -26.106956547253759 ], [ -49.804784946999966, -26.107044326253764 ], [ -49.804743542999972, -26.107077160253741 ], [ -49.80472345499993, -26.107139444253761 ], [ -49.804692638999931, -26.107193834253753 ], [ -49.804683635999936, -26.107228888253729 ], [ -49.80469949899998, -26.107369535253742 ], [ -49.804679053999962, -26.107466946253759 ], [ -49.804619385999956, -26.10759525725372 ], [ -49.804546899999934, -26.107682299253728 ], [ -49.804477265999935, -26.107754109253747 ], [ -49.804391798999966, -26.10786854525373 ], [ -49.804356143999939, -26.107973635253703 ], [ -49.804333516999968, -26.108072980253738 ], [ -49.804254614999927, -26.108179664253729 ], [ -49.804100542999947, -26.108321487253708 ], [ -49.803979493999975, -26.108450605253726 ], [ -49.803913141999949, -26.108542101253704 ], [ -49.803777895999986, -26.108705801253731 ], [ -49.80356170899995, -26.108947220253697 ], [ -49.803466860999947, -26.109059875253692 ], [ -49.803370467999969, -26.109166145253695 ], [ -49.803236371999958, -26.10925962125371 ], [ -49.803180699999984, -26.109296601253714 ], [ -49.803144650999968, -26.109335714253682 ], [ -49.80308182999994, -26.109431752253716 ], [ -49.803061986999978, -26.10945129425367 ], [ -49.802949329999926, -26.10955245825367 ], [ -49.802888563999943, -26.109592822253699 ], [ -49.802858865999951, -26.109619820253702 ], [ -49.802848385999944, -26.109636421253683 ], [ -49.802766103999943, -26.109739951253669 ], [ -49.802742376999966, -26.109760982253675 ], [ -49.802643387999979, -26.109825776253711 ], [ -49.802565930999954, -26.109875309253678 ], [ -49.802485442999973, -26.10991369325367 ], [ -49.802396368999958, -26.109943376253707 ], [ -49.802309873999945, -26.109966724253674 ], [ -49.80224414099996, -26.109988428253676 ], [ -49.802190490999969, -26.110009211253697 ], [ -49.802151918999982, -26.110018540253659 ], [ -49.80205499199996, -26.110051954253699 ], [ -49.801990326999949, -26.110067594253707 ], [ -49.801869610999972, -26.110074140253666 ], [ -49.801786108999977, -26.110062662253686 ], [ -49.801719339999977, -26.110050243253713 ], [ -49.801645206999972, -26.110057177253701 ], [ -49.801560353999946, -26.110103271253674 ], [ -49.801521139999977, -26.110109245253717 ], [ -49.801489434999951, -26.110101281253691 ], [ -49.801441455999964, -26.110092483253684 ], [ -49.801400956999942, -26.110112305253686 ], [ -49.801361461999939, -26.110106167253679 ], [ -49.801305623999951, -26.11010780225368 ], [ -49.801257276999934, -26.110097251253674 ], [ -49.801209253999957, -26.110115786253704 ], [ -49.801193812999941, -26.110124372253694 ], [ -49.801186839999957, -26.110123964253688 ], [ -49.80113758799996, -26.110135293253702 ], [ -49.801078425999947, -26.110140958253698 ], [ -49.800923773999955, -26.11014788125371 ], [ -49.800848805999976, -26.110143153253681 ], [ -49.800777413999981, -26.110122036253667 ], [ -49.800742484999944, -26.110091986253703 ], [ -49.800612244999961, -26.11004575125369 ], [ -49.800552029999949, -26.110043198253688 ], [ -49.800440471999934, -26.110059715253691 ], [ -49.800404008999976, -26.110068647253705 ], [ -49.80036876599997, -26.110069380253687 ], [ -49.800310834999948, -26.110065819253659 ], [ -49.800267751999968, -26.110055199253704 ], [ -49.800245167999947, -26.110040644253697 ], [ -49.800193337999978, -26.109996088253663 ], [ -49.800165091999986, -26.109979434253688 ], [ -49.800125807999962, -26.109959871253672 ], [ -49.800053137999953, -26.109936099253698 ], [ -49.799997441999956, -26.109923651253702 ], [ -49.799835452999965, -26.109869968253669 ], [ -49.799803769999976, -26.109854526253717 ], [ -49.799730315999966, -26.109835884253666 ], [ -49.799629541999927, -26.109830003253688 ], [ -49.799498687999971, -26.109811585253713 ], [ -49.799440383999979, -26.109821609253725 ], [ -49.799364323999953, -26.109860385253707 ], [ -49.799185534999943, -26.109985008253688 ], [ -49.799021160999978, -26.11012288725372 ], [ -49.798898140999931, -26.110200682253687 ], [ -49.798842478, -26.110237002253683 ], [ -49.798657075999984, -26.110360948253714 ], [ -49.798593178999965, -26.110426719253688 ], [ -49.798506234999934, -26.110495473253668 ], [ -49.798419885999976, -26.110582915253659 ], [ -49.798354981999985, -26.110669075253682 ], [ -49.798294331999955, -26.110757713253655 ], [ -49.798144769999958, -26.110901055253642 ], [ -49.797967577999941, -26.111051937253652 ], [ -49.797898208999975, -26.111099555253656 ], [ -49.797750924999946, -26.111188500253672 ], [ -49.797641602999931, -26.11126998725365 ], [ -49.797526923999953, -26.111370086253661 ], [ -49.797476765999939, -26.111391433253694 ], [ -49.797426336999933, -26.111439208253667 ], [ -49.79710400099998, -26.111133353253653 ], [ -49.797081166999931, -26.111153679253675 ], [ -49.79739751499995, -26.111465192253661 ], [ -49.797350829999978, -26.111509325253689 ], [ -49.797298066999986, -26.111545059253665 ], [ -49.797186690999986, -26.111585870253624 ], [ -49.797112639999966, -26.11159360025367 ], [ -49.797059903999987, -26.11162655225365 ], [ -49.797016642999949, -26.11163732225366 ], [ -49.796926269999972, -26.111733961253659 ], [ -49.796864147999941, -26.111780747253636 ], [ -49.796789839999974, -26.111813519253641 ], [ -49.796724235999925, -26.111899234253642 ], [ -49.79664609799994, -26.111956476253674 ], [ -49.79651960199994, -26.112017180253641 ], [ -49.796372345999941, -26.112157016253647 ], [ -49.796180138999937, -26.112306944253632 ], [ -49.796113914999978, -26.112348820253644 ], [ -49.796030173999952, -26.112396611253626 ], [ -49.795918050999944, -26.112462349253615 ], [ -49.795831712999984, -26.11250163225365 ], [ -49.795572943999957, -26.11259523925364 ], [ -49.795265775999951, -26.112694502253632 ], [ -49.795219062999941, -26.11270623425364 ], [ -49.795084360999965, -26.112747779253617 ], [ -49.794909916999977, -26.112788992253662 ], [ -49.794849840999973, -26.112794460253632 ], [ -49.79483020199995, -26.112810632253655 ], [ -49.794792349999966, -26.112835531253637 ], [ -49.794704162999949, -26.112845461253613 ], [ -49.794674196999949, -26.112834543253634 ], [ -49.79465289399996, -26.112816908253624 ], [ -49.794634715999955, -26.112814040253657 ], [ -49.79461443699995, -26.112840149253636 ], [ -49.794604937999964, -26.112879487253647 ], [ -49.79457374499998, -26.112905504253629 ], [ -49.794542934999981, -26.112910931253651 ], [ -49.794431707999934, -26.112919097253634 ], [ -49.794185598999945, -26.112969595253638 ], [ -49.794092506999959, -26.113000022253651 ], [ -49.793957813999953, -26.113007108253637 ], [ -49.793791860999931, -26.113046779253594 ], [ -49.793646033999948, -26.113075122253601 ], [ -49.793551442999956, -26.113074329253635 ], [ -49.793416463999961, -26.113109333253625 ], [ -49.793372569999967, -26.11313195925365 ], [ -49.79331417599996, -26.113149536253633 ], [ -49.793232081999975, -26.113171842253639 ], [ -49.793166579999934, -26.113172936253612 ], [ -49.793117515999938, -26.113167598253625 ], [ -49.793042884999977, -26.113171900253601 ], [ -49.792975461999966, -26.113182833253592 ], [ -49.792853265999952, -26.113213015253653 ], [ -49.792794796999942, -26.113219443253648 ], [ -49.792656387999955, -26.113252426253627 ], [ -49.792521710999949, -26.113257867253616 ], [ -49.792412550999984, -26.113258596253633 ], [ -49.792228574999974, -26.113281690253615 ], [ -49.792144864999962, -26.11328427325363 ], [ -49.792052110999968, -26.113281854253639 ], [ -49.79200311499995, -26.113269947253645 ], [ -49.791923143999959, -26.113262719253633 ], [ -49.791777350999951, -26.113287764253606 ], [ -49.791720960999946, -26.113287291253606 ], [ -49.791649815999961, -26.113306403253624 ], [ -49.791562485, -26.113307314253586 ], [ -49.79108416899993, -26.113186895253609 ], [ -49.790914365999981, -26.113145160253652 ], [ -49.790768112999956, -26.113119998253605 ], [ -49.79058850499996, -26.113081959253602 ], [ -49.790324058999936, -26.113016754253607 ], [ -49.790026479999945, -26.112917258253649 ], [ -49.789759309999972, -26.112845731253653 ], [ -49.789645303999983, -26.112805722253626 ], [ -49.789475916999947, -26.112723676253633 ], [ -49.789409153999934, -26.112702961253639 ], [ -49.789228761999937, -26.112605706253621 ], [ -49.789141472999965, -26.11254576525366 ], [ -49.78889713399996, -26.112425298253619 ], [ -49.788555779999967, -26.112241030253628 ], [ -49.788504376999988, -26.112219183253661 ], [ -49.788232330999961, -26.112079586253675 ], [ -49.78805028499994, -26.112007511253626 ], [ -49.787976871999945, -26.111955244253622 ], [ -49.787882854999957, -26.111871313253623 ], [ -49.787835898999958, -26.111824308253624 ], [ -49.787804327999936, -26.111773653253632 ], [ -49.787768909999954, -26.111690213253659 ], [ -49.787730008999972, -26.111538718253655 ], [ -49.78773349599993, -26.111335932253663 ], [ -49.787741290999975, -26.111256634253671 ], [ -49.787763192999932, -26.111162338253674 ], [ -49.787804589999944, -26.111071986253659 ], [ -49.787829217999956, -26.110984013253653 ], [ -49.787891328999933, -26.110779198253692 ], [ -49.787940744999958, -26.110722926253693 ], [ -49.787970680999933, -26.110661451253655 ], [ -49.788047099999972, -26.110557536253694 ], [ -49.788084348999973, -26.110463370253704 ], [ -49.788089851999985, -26.110411553253655 ], [ -49.78816081799993, -26.110196900253666 ], [ -49.788259596999978, -26.109973470253664 ], [ -49.788298545999965, -26.109852657253708 ], [ -49.788402991999931, -26.109617262253693 ], [ -49.788482807999969, -26.1094046842537 ], [ -49.788547026999936, -26.109198985253716 ], [ -49.78861558899996, -26.109002333253713 ], [ -49.788656557999957, -26.108900559253691 ], [ -49.788682502999968, -26.108857727253724 ], [ -49.788727732999973, -26.108773009253699 ], [ -49.788767752999945, -26.108763333253702 ], [ -49.788800682999977, -26.108688523253701 ], [ -49.788904404999982, -26.108523201253721 ], [ -49.78897077299996, -26.108431652253724 ], [ -49.789029400999937, -26.10833803525372 ], [ -49.789049925999961, -26.10828314325375 ], [ -49.78906668299993, -26.108233123253754 ], [ -49.789105504999959, -26.108162471253721 ], [ -49.789198792999962, -26.107825862253733 ], [ -49.789237554999943, -26.107723068253744 ], [ -49.789290977999933, -26.10759637025372 ], [ -49.78929264299996, -26.107542322253746 ], [ -49.789321652999938, -26.107417420253761 ], [ -49.789378287999966, -26.107301761253744 ], [ -49.789419513999967, -26.10717495925374 ], [ -49.789445164999961, -26.107053033253724 ], [ -49.789479505999964, -26.106841075253762 ], [ -49.789504908999952, -26.106743175253754 ], [ -49.789528332999964, -26.106622231253755 ], [ -49.789553296999941, -26.106459252253774 ], [ -49.789559830999963, -26.10636319525377 ], [ -49.789576982999954, -26.106205156253786 ], [ -49.789610646999961, -26.105951143253762 ], [ -49.789641175999975, -26.105786208253786 ], [ -49.789710626999977, -26.105507937253783 ], [ -49.789733024999975, -26.105377759253766 ], [ -49.789732029999982, -26.10518220325379 ], [ -49.789751018999929, -26.104944716253794 ], [ -49.789754992999974, -26.104851049253821 ], [ -49.789748255999939, -26.104774946253798 ], [ -49.789763887999982, -26.104571381253805 ], [ -49.789798651999945, -26.104408715253808 ], [ -49.789852432999965, -26.104005846253795 ], [ -49.789885167999955, -26.1037481062538 ], [ -49.789892760999969, -26.103546502253828 ], [ -49.789906831999978, -26.103120873253822 ], [ -49.789935847999971, -26.102812013253821 ], [ -49.789956335999932, -26.10270428925384 ], [ -49.789973472999975, -26.102608203253862 ], [ -49.789961575999939, -26.102508956253828 ], [ -49.789993772999942, -26.102383950253859 ], [ -49.790017328999966, -26.10211283725388 ], [ -49.789989914999978, -26.101952223253825 ], [ -49.789999763999965, -26.101622789253859 ], [ -49.789972552999984, -26.101275180253847 ], [ -49.789927173999956, -26.100766921253861 ], [ -49.789870491999977, -26.100373459253884 ], [ -49.78981645399994, -26.100144526253874 ], [ -49.789764015999943, -26.099760240253893 ], [ -49.789720220999982, -26.099519641253906 ], [ -49.789689553999949, -26.099408408253915 ], [ -49.789576948999979, -26.099109786253916 ], [ -49.789477983999973, -26.098890920253918 ], [ -49.789369993999969, -26.098705924253899 ], [ -49.789293113999975, -26.098589080253909 ], [ -49.78922027599998, -26.098500994253897 ], [ -49.789118629999962, -26.098402220253924 ], [ -49.789027345999955, -26.098280033253932 ], [ -49.788882699999931, -26.098144341253928 ], [ -49.788782283999979, -26.098066467253926 ], [ -49.788721948999978, -26.098028099253938 ], [ -49.788657194999985, -26.097997526253938 ], [ -49.788621263999971, -26.097976335253904 ], [ -49.788470566999933, -26.097921846253929 ], [ -49.788433909999981, -26.097916009253925 ], [ -49.788360477999966, -26.097916334253945 ], [ -49.788340068999958, -26.097911372253908 ], [ -49.788321266999958, -26.09789753025391 ], [ -49.788302563999942, -26.09787411025393 ], [ -49.788229670999954, -26.097670146253947 ], [ -49.788204249999978, -26.09761118025391 ], [ -49.788193282999941, -26.097566852253909 ], [ -49.788168054999971, -26.09750529725391 ], [ -49.78815242799994, -26.097485995253912 ], [ -49.788153247999958, -26.097518765253941 ], [ -49.78817473099997, -26.097629561253932 ], [ -49.78820858399996, -26.097866478253923 ], [ -49.788198055999942, -26.097924323253938 ], [ -49.788178044999938, -26.097938505253911 ], [ -49.788167734999952, -26.097941183253955 ], [ -49.787885556999974, -26.097873262253923 ], [ -49.787899157999959, -26.097864823253925 ], [ -49.787870749999968, -26.097849598253951 ], [ -49.78779693499996, -26.097798339253913 ], [ -49.787758081999982, -26.097732586253915 ], [ -49.787718845999962, -26.097644424253915 ], [ -49.787728200999943, -26.097523209253936 ], [ -49.787712098999982, -26.097437681253947 ], [ -49.787695104999955, -26.097412455253956 ], [ -49.787662828999949, -26.097388488253948 ], [ -49.787635330999933, -26.097374390253947 ], [ -49.787603719999936, -26.097382956253966 ], [ -49.787586126999933, -26.097402438253944 ], [ -49.787561330999949, -26.097382600253919 ], [ -49.787530488999948, -26.097316582253942 ], [ -49.787480907999964, -26.097275925253939 ], [ -49.787419227999976, -26.097248907253977 ], [ -49.787350833999945, -26.097240480253955 ], [ -49.78727928099994, -26.097222212253939 ], [ -49.787222020999934, -26.097188360253934 ], [ -49.78717654299993, -26.097171293253954 ], [ -49.787086694999971, -26.097135204253963 ], [ -49.786970984999982, -26.09707730625394 ], [ -49.786771064999989, -26.096976884253937 ], [ -49.786676625999974, -26.096972340253959 ], [ -49.786440223999932, -26.096940350253934 ], [ -49.786364443999958, -26.096938775253939 ], [ -49.786238217999937, -26.096910391253928 ], [ -49.786150377999945, -26.096907763253974 ], [ -49.786076947999959, -26.096927923253944 ], [ -49.785946587999945, -26.096991052253941 ], [ -49.785778261999951, -26.097084085253933 ], [ -49.785707020999958, -26.097094819253929 ], [ -49.785468486999946, -26.097098478253955 ], [ -49.785345279999945, -26.09707666125394 ], [ -49.785209853999959, -26.09702262925396 ], [ -49.78517206399993, -26.097035533253923 ], [ -49.785126314999957, -26.097008702253969 ], [ -49.785024671999963, -26.096924730253939 ], [ -49.784933545999934, -26.096835179253969 ], [ -49.784890201999985, -26.096778144253978 ], [ -49.784778079999967, -26.096695973253947 ], [ -49.784699922999948, -26.096679685253957 ], [ -49.784723806999978, -26.096650606253956 ], [ -49.784880721999969, -26.096585384253974 ], [ -49.784895734999964, -26.096558891253967 ], [ -49.784855265999973, -26.09648135825395 ], [ -49.784819810999977, -26.096489046253986 ], [ -49.784497137999942, -26.09661941725393 ], [ -49.784542040999952, -26.096553250253937 ], [ -49.784542616999943, -26.096521314253966 ], [ -49.784584297999963, -26.096457781253957 ], [ -49.784656115999944, -26.096354575253969 ], [ -49.784562834999974, -26.096252642253972 ], [ -49.78448977599993, -26.09619080425394 ], [ -49.784431537999986, -26.096121107253992 ], [ -49.784385282999956, -26.096032877253968 ], [ -49.784323904999951, -26.095981786253983 ], [ -49.784266024999965, -26.095877488253993 ], [ -49.784290238999972, -26.095816470253997 ], [ -49.784296738999956, -26.09575796525397 ], [ -49.784282496999936, -26.095709932253985 ], [ -49.784304614999947, -26.095566382253974 ], [ -49.784273402999986, -26.095448999254 ], [ -49.784253684999953, -26.095400777253971 ], [ -49.784248441999978, -26.095297066253956 ], [ -49.784223888999982, -26.095245707253969 ], [ -49.784207917999936, -26.095224856253974 ], [ -49.784071086999973, -26.095212834253964 ], [ -49.784006533999964, -26.095175764253995 ], [ -49.783991253999943, -26.095109311254014 ], [ -49.783990914999947, -26.095039141253988 ], [ -49.783958065999968, -26.095024446253994 ], [ -49.783919577999939, -26.095040462254008 ], [ -49.783879836999972, -26.095074730253984 ], [ -49.78383525899995, -26.095061858253974 ], [ -49.783769950999954, -26.094994985254008 ], [ -49.783724986999964, -26.094959648254004 ], [ -49.783604375999971, -26.094844601254014 ], [ -49.783408928999954, -26.094700694254012 ], [ -49.783335035999983, -26.094640477254025 ], [ -49.783235616999946, -26.094578120254031 ], [ -49.783259043999976, -26.094577357254018 ], [ -49.783325853999941, -26.094601951253999 ], [ -49.783445298999936, -26.094683699253991 ], [ -49.78369089399996, -26.094816495254005 ], [ -49.783767154999964, -26.094853664254 ], [ -49.783825508999939, -26.094872418253988 ], [ -49.783886250999949, -26.094866202254021 ] ] ] } },
{ "type": "Feature", "properties": { "num_setor": "PR_RNG_SR_02_CPRM", "munic": "RIO NEGRO", "grau_risco": "Alto", "distancia_km": 1.66, "chuva_24h": 19.4, "chuva_72h": 33.0, "fonte_estacao": "openmeteo", "codigo_estacao": "openmeteo", "nome_estacao": "Open-Meteo (célula de grade)" }, "geometry": { "type": "Polygon", "coordinates": [ [ [ -49.772976743999955, -26.098060293253912 ], [ -49.772959946999954, -26.098005143253928 ], [ -49.772955122999974, -26.097970167253933 ], [ -49.772965828999986, -26.097914528253959 ], [ -49.772965274999933, -26.097887837253946 ], [ -49.772943913999939, -26.097821559253926 ], [ -49.772924507999967, -26.097748188253938 ], [ -49.772906946999967, -26.097689200253956 ], [ -49.772878404999972, -26.09757538425395 ], [ -49.772887388999948, -26.097479056253917 ], [ -49.772970145999984, -26.097298179253926 ], [ -49.773014476999947, -26.097228869253971 ], [ -49.773101932999957, -26.097189377253933 ], [ -49.773163525999962, -26.097216723253958 ], [ -49.77324404999996, -26.097240746253934 ], [ -49.773322259999986, -26.097281179253962 ], [ -49.773390235999955, -26.097361372253946 ], [ -49.773422495999966, -26.09743870225395 ], [ -49.773457081999936, -26.09747206525395 ], [ -49.773503137999967, -26.097534615253934 ], [ -49.773512864999987, -26.097579965253932 ], [ -49.773510699999967, -26.097592801253942 ], [ -49.773483901999946, -26.097649989253959 ], [ -49.773458482999956, -26.097718941253955 ], [ -49.773456169999974, -26.097728268253949 ], [ -49.773430922999978, -26.097792942253914 ], [ -49.773422803999956, -26.097805132253932 ], [ -49.773417223999957, -26.09781120525394 ], [ -49.773380948999943, -26.097883149253949 ], [ -49.773375639999983, -26.097891948253949 ], [ -49.773316181999974, -26.097970226253945 ], [ -49.773270349999954, -26.098024491253952 ], [ -49.77324368699994, -26.098055776253926 ], [ -49.77321646799993, -26.098106755253905 ], [ -49.77314163799997, -26.098153669253893 ], [ -49.773072340999931, -26.098191858253902 ], [ -49.772976743999955, -26.098060293253912 ] ] ] } },
{ "type": "Feature", "properties": { "num_setor": "PR_PQRA_SR_02_CPRM", "munic": "PIRAQUARA", "grau_risco": "Alto", "distancia_km": 0.93, "chuva_24h": 13.8, "chuva_72h": 25.5, "fonte_estacao": "openmeteo", "codigo_estacao": "openmeteo", "nome_estacao": "Open-Meteo (célula de grade)" }, "geometry": { "type": "Polygon", "coordinates": [ [ [ -49.128549427999985, -25.454017959267077 ], [ -49.143745473999964, -25.449041490267192 ], [ -49.155734695999968, -25.456798276267055 ], [ -49.132502072999955, -25.46444170226691 ], [ -49.128549427999985, -25.454017959267077 ] ] ] } },
{ "type": "Feature", "properties": { "num_setor": "PR_PQRA_SR_03_CPRM", "munic": "PIRAQUARA", "grau_risco": "Alto", "distancia_km": 0.96, "chuva_24h": 10.8, "chuva_72h": 20.3, "fonte_estacao": "openmeteo", "codigo_estacao": "openmeteo", "nome_estacao": "Open-Meteo (célula de grade)" }, "geometry": { "type": "Polygon", "coordinates": [ [ [ -49.166704207999942, -25.455380563267067 ], [ -49.164289301999986, -25.454279581267112 ], [ -49.163030770999967, -25.453583364267097 ], [ -49.161641165999988, -25.452861609267128 ], [ -49.160280257999943, -25.452150706267123 ], [ -49.159373183999946, -25.451572631267172 ], [ -49.159971200999962, -25.45059739926716 ], [ -49.159343411999942, -25.450283286267158 ], [ -49.158369274999984, -25.449727472267178 ], [ -49.157209640999952, -25.449045055267181 ], [ -49.157084360999932, -25.448778100267223 ], [ -49.15772901199994, -25.447586422267239 ], [ -49.157872241999939, -25.446987811267267 ], [ -49.157892795999942, -25.44639337326727 ], [ -49.159179494999933, -25.447165866267255 ], [ -49.159999397999968, -25.447583512267268 ], [ -49.16119359399994, -25.448208885267245 ], [ -49.162544040999933, -25.448936796267191 ], [ -49.164518212999951, -25.450042944267182 ], [ -49.166223540999965, -25.450926923267144 ], [ -49.168553057999986, -25.452081580267148 ], [ -49.169006288999981, -25.452315388267163 ], [ -49.170009913999934, -25.452932646267129 ], [ -49.170289289999971, -25.453276765267098 ], [ -49.170517557999972, -25.453838751267114 ], [ -49.170739721999951, -25.454292314267128 ], [ -49.167136896999978, -25.455684892267058 ], [ -49.166704207999942, -25.455380563267067 ] ] ] } },
{ "type": "Feature", "properties": { "num_setor": "PR_RNG_SR_05_CPRM", "munic": "RIO NEGRO", "grau_risco": "Alto", "distancia_km": 1.33, "chuva_24h": 19.4, "chuva_72h": 33.0, "fonte_estacao": "openmeteo", "codigo_estacao": "openmeteo", "nome_estacao": "Open-Meteo (célula de grade)" }, "geometry": { "type": "Polygon", "coordinates": [ [ [ -49.793672555999926, -26.084985095254204 ], [ -49.793822362999947, -26.08500287125419 ], [ -49.794035443999974, -26.085005782254171 ], [ -49.794205675999933, -26.08498824825417 ], [ -49.794387597999958, -26.0851568882542 ], [ -49.794611035999935, -26.085365668254163 ], [ -49.794818749999941, -26.085655317254183 ], [ -49.795002118999953, -26.08580158725421 ], [ -49.794940139999937, -26.085959646254189 ], [ -49.794679548999966, -26.08619268125415 ], [ -49.794015109999975, -26.086409309254165 ], [ -49.79395985799993, -26.086182782254177 ], [ -49.793888803999948, -26.085882518254152 ], [ -49.793769425999983, -26.085436611254195 ], [ -49.793672555999926, -26.084985095254204 ] ] ] } },
{ "type": "Feature", "properties": { "num_setor": "PR_SMS_SR_01_CPRM", "munic": "SÃO MATEUS DO SUL", "grau_risco": "Muito alto", "distancia_km": 1.22, "chuva_24h": 6.0, "chuva_72h": 14.5, "fonte_estacao": "openmeteo", "codigo_estacao": "openmeteo", "nome_estacao": "Open-Meteo (célula de grade)" }, "geometry": { "type": "Polygon", "coordinates": [ [ [ -50.394352047999966, -25.863731888258673 ], [ -50.394974943999955, -25.864188461258674 ], [ -50.39517430899997, -25.867588365258598 ], [ -50.395191683999933, -25.867812521258593 ], [ -50.395150478999938, -25.868053993258609 ], [ -50.395008275999949, -25.868206562258575 ], [ -50.395047504999987, -25.868481314258563 ], [ -50.395242693999933, -25.869004909258557 ], [ -50.395254406999982, -25.869751185258583 ], [ -50.395041130999971, -25.870027992258549 ], [ -50.395002535999936, -25.870062559258546 ], [ -50.394864655999982, -25.870511233258519 ], [ -50.394728794999935, -25.870769497258543 ], [ -50.394574175999935, -25.871010185258548 ], [ -50.394190467999977, -25.871319134258538 ], [ -50.393809030999925, -25.871370565258516 ], [ -50.393428003999986, -25.871353424258515 ], [ -50.393427929999973, -25.871370565258509 ], [ -50.392816915999958, -25.871866875258519 ], [ -50.392664091999961, -25.872174145258519 ], [ -50.392188658999935, -25.872650939258516 ], [ -50.391657862999978, -25.873177133258476 ], [ -50.391620013999962, -25.873211016258484 ], [ -50.391317822999952, -25.873617058258485 ], [ -50.391375277999934, -25.873937735258465 ], [ -50.391451491999931, -25.87425775825843 ], [ -50.391187998999953, -25.874577210258476 ], [ -50.390661956999956, -25.875063523258479 ], [ -50.390662105999979, -25.875097001258457 ], [ -50.390174483999942, -25.87543138025843 ], [ -50.390136963999964, -25.87544808025843 ], [ -50.389648528999942, -25.875531552258465 ], [ -50.388576880999949, -25.875565028258457 ], [ -50.388539271999946, -25.875565027258467 ], [ -50.387838705999968, -25.875197330258466 ], [ -50.387800391999974, -25.875147124258451 ], [ -50.387775225999981, -25.874677867258434 ], [ -50.387774536999984, -25.874627512258446 ], [ -50.387844713999982, -25.874240959258465 ], [ -50.387844260999941, -25.874207296258451 ], [ -50.387843370999981, -25.874139941258449 ], [ -50.387910655999974, -25.873498602258497 ], [ -50.388036325999963, -25.87295653825851 ], [ -50.388203704999974, -25.872684809258491 ], [ -50.388676031999978, -25.872497757258504 ], [ -50.389031908999975, -25.869958896258549 ], [ -50.38904897599997, -25.869733958258571 ], [ -50.38909530799998, -25.869443520258535 ], [ -50.389197038999953, -25.869265383258561 ], [ -50.389330642999937, -25.869088039258564 ], [ -50.389436649999936, -25.86882391525856 ], [ -50.389588239999973, -25.868617423258598 ], [ -50.389754360999973, -25.868453584258564 ], [ -50.389928951999934, -25.868117559258611 ], [ -50.390144173999943, -25.867954259258617 ], [ -50.390105712999969, -25.867039380258635 ], [ -50.39008311099996, -25.865826221258633 ], [ -50.390100092999944, -25.864792546258691 ], [ -50.390079958999934, -25.863790281258687 ], [ -50.390759418999949, -25.863772475258667 ], [ -50.392050508999944, -25.863795804258668 ], [ -50.394352047999966, -25.863731888258673 ] ] ] } },
{ "type": "Feature", "properties": { "num_setor": "PR_RNG_SR_03_CPRM", "munic": "RIO NEGRO", "grau_risco": "Muito alto", "distancia_km": 0.45, "chuva_24h": 19.4, "chuva_72h": 33.0, "fonte_estacao": "openmeteo", "codigo_estacao": "openmeteo", "nome_estacao": "Open-Meteo (célula de grade)" }, "geometry": { "type": "Polygon", "coordinates": [ [ [ -49.783173122999983, -26.105046388253765 ], [ -49.78319016599994, -26.10503389925379 ], [ -49.783359166999958, -26.104868752253786 ], [ -49.78354767899998, -26.104797806253782 ], [ -49.783724437999979, -26.104818996253776 ], [ -49.784063117999949, -26.104986296253816 ], [ -49.784250065999977, -26.105167833253752 ], [ -49.784526868999933, -26.105398310253751 ], [ -49.784531332999954, -26.105404310253789 ], [ -49.784549116999983, -26.105428327253794 ], [ -49.784796701999937, -26.105765190253745 ], [ -49.784772189999963, -26.106064752253754 ], [ -49.784549050999949, -26.10677862825375 ], [ -49.784557045999975, -26.106813075253779 ], [ -49.784465327999953, -26.107169815253744 ], [ -49.784301245999977, -26.107719430253741 ], [ -49.784192134999955, -26.108110074253716 ], [ -49.78408961699995, -26.108222604253754 ], [ -49.784081244999982, -26.108222596253718 ], [ -49.783980463999967, -26.108196469253699 ], [ -49.783952190999969, -26.108188985253726 ], [ -49.783622935999972, -26.10785170525374 ], [ -49.783367811999938, -26.107584576253732 ], [ -49.783078664999948, -26.107213563253747 ], [ -49.782419785999942, -26.106418027253749 ], [ -49.782171864999953, -26.106128693253762 ], [ -49.781968448999976, -26.105934765253782 ], [ -49.781963092999945, -26.10582109925377 ], [ -49.781962280999949, -26.105803863253751 ], [ -49.781998430999977, -26.105697302253759 ], [ -49.782061382999984, -26.1055929372538 ], [ -49.782081300999948, -26.105568111253767 ], [ -49.782145455999967, -26.105440715253796 ], [ -49.782155656, -26.105428263253774 ], [ -49.782165545999931, -26.105403754253771 ], [ -49.78231770799993, -26.105300706253804 ], [ -49.782339028999964, -26.10529389125378 ], [ -49.782349739999965, -26.105293515253781 ], [ -49.782494516999975, -26.10526443725378 ], [ -49.782770158999938, -26.105217572253775 ], [ -49.78294413499998, -26.105188113253757 ], [ -49.782954973999949, -26.105188196253785 ], [ -49.783173122999983, -26.105046388253765 ] ] ] } },
{ "type": "Feature", "properties": { "num_setor": "PR_RNG_SR_04_CPRM", "munic": "RIO NEGRO", "grau_risco": "Alto", "distancia_km": 1.64, "chuva_24h": 20.3, "chuva_72h": 44.2, "fonte_estacao": "openmeteo", "codigo_estacao": "openmeteo", "nome_estacao": "Open-Meteo (célula de grade)" }, "geometry": { "type": "Polygon", "coordinates": [ [ [ -49.797247655999968, -26.089879756254085 ], [ -49.798596667999966, -26.088104935254158 ], [ -49.799796608999941, -26.088651562254089 ], [ -49.798344721999968, -26.090584218254065 ], [ -49.797247655999968, -26.089879756254085 ] ] ] } }
]
}
