{
"type": "FeatureCollection",
"name": "setores_pb",
"crs": { "type": "name", "properties": { "name": "urn:ogc:def:crs:OGC:1.3:CRS84" } },
"features": [
{ "type": "Feature", "properties": { "num_setor": "PB_SO_SR_03_CPRM", "munic": "SOUSA", "grau_risco": "Alto", "distancia_km": 1.23, "chuva_24h": 0.0, "chuva_72h": 0.0, "fonte_estacao": "openmeteo", "codigo_estacao": "openmeteo", "nome_estacao": "Open-Meteo (célula de grade)" }, "geometry": { "type": "Polygon", "coordinates": [ [ [ -38.211900740999965, -6.747863084779461 ], [ -38.213520142999982, -6.747148536779473 ], [ -38.215008406999971, -6.747306078779473 ], [ -38.215776102999946, -6.747701107779468 ], [ -38.217703510999968, -6.748205375779437 ], [ -38.22081228899998, -6.751573068779357 ], [ -38.221237795999969, -6.752156105779345 ], [ -38.222207075999968, -6.752547704779293 ], [ -38.22353985999996, -6.752641555779322 ], [ -38.223052737999978, -6.753382850779309 ], [ -38.22287081099995, -6.754212406779271 ], [ -38.222202077999953, -6.754071674779293 ], [ -38.221613587999968, -6.754955904779261 ], [ -38.220659165999962, -6.754746032779235 ], [ -38.220122641999986, -6.754586521779255 ], [ -38.219114628999932, -6.754292235779278 ], [ -38.218604695999943, -6.754080645779289 ], [ -38.217511939999959, -6.753698717779282 ], [ -38.21654172999996, -6.753401968779318 ], [ -38.215847060999977, -6.753191843779305 ], [ -38.214763517999984, -6.752984631779285 ], [ -38.213553981999951, -6.752701629779293 ], [ -38.210957570999938, -6.75098533677939 ], [ -38.209694458999934, -6.750843416779359 ], [ -38.209667918999976, -6.747861228779481 ], [ -38.210672184999964, -6.748105459779486 ], [ -38.211900740999965, -6.747863084779461 ] ] ] } },
{ "type": "Feature", "properties": { "num_setor": "PB_SO_SR_01_CPRM", "munic": "SOUSA", "grau_risco": "Alto", "distancia_km": 1.38, "chuva_24h": 0.0, "chuva_72h": 0.0, "fonte_estacao": "openmeteo", "codigo_estacao": "openmeteo", "nome_estacao": "Open-Meteo (célula de grade)" }, "geometry": { "type": "Polygon", "coordinates": [ [ [ -38.235367998999948, -6.748890034779413 ], [ -38.236073038999962, -6.748845040779465 ], [ -38.236933714999964, -6.748628683779416 ], [ -38.237884199999939, -6.748411062779437 ], [ -38.237928990999933, -6.748660499779465 ], [ -38.238441542999965, -6.750429739779391 ], [ -38.238887190999947, -6.75085220177939 ], [ -38.239153196999951, -6.750820971779353 ], [ -38.241210908999967, -6.75100317977936 ], [ -38.24250374099995, -6.753086799779295 ], [ -38.246177374999945, -6.759352129779119 ], [ -38.241496099999949, -6.76376656177895 ], [ -38.239770844999953, -6.763477373778949 ], [ -38.238308115999985, -6.763287379778971 ], [ -38.236604623999938, -6.763125673779001 ], [ -38.236125372999936, -6.763121579778989 ], [ -38.23566817699998, -6.762249870778995 ], [ -38.235240867999948, -6.761538054779035 ], [ -38.234448509999936, -6.761174451779064 ], [ -38.233560004999958, -6.760967497779051 ], [ -38.233652202999963, -6.760252427779064 ], [ -38.233299586999976, -6.759402320779071 ], [ -38.233267766999965, -6.758951323779114 ], [ -38.233258147999948, -6.757981445779163 ], [ -38.233083778999969, -6.757313267779176 ], [ -38.233974373999956, -6.755953408779232 ], [ -38.233775399999956, -6.755008194779246 ], [ -38.23373050999993, -6.753297275779298 ], [ -38.233477323999978, -6.752143113779356 ], [ -38.233430857999963, -6.750928260779371 ], [ -38.235367998999948, -6.748890034779413 ] ] ] } },
{ "type": "Feature", "properties": { "num_setor": "PB_SO_SR_02_CPRM", "munic": "SOUSA", "grau_risco": "Alto", "distancia_km": 0.32, "chuva_24h": 0.0, "chuva_72h": 0.0, "fonte_estacao": "openmeteo", "codigo_estacao": "openmeteo", "nome_estacao": "Open-Meteo (célula de grade)" }, "geometry": { "type": "Polygon", "coordinates": [ [ [ -38.231281966999973, -6.753358473779322 ], [ -38.231285705999937, -6.752337519779341 ], [ -38.230863558999943, -6.750947760779378 ], [ -38.231206330999946, -6.749350859779401 ], [ -38.231719969999972, -6.748846537779438 ], [ -38.232325687999939, -6.747548845779497 ], [ -38.232614558999956, -6.747396737779492 ], [ -38.232894638999937, -6.747789282779496 ], [ -38.232942660999989, -6.748728878779428 ], [ -38.232985510999988, -6.75030382277941 ], [ -38.233140921999968, -6.751649536779326 ], [ -38.233400316999962, -6.752978349779332 ], [ -38.233557958999945, -6.753726925779283 ], [ -38.233485472999973, -6.754661672779231 ], [ -38.233602126999983, -6.755111153779243 ], [ -38.233899505999943, -6.755958704779212 ], [ -38.233495600999952, -6.756562833779206 ], [ -38.231583631999968, -6.756895626779179 ], [ -38.231464782999979, -6.756128278779189 ], [ -38.230310492999934, -6.756318159779218 ], [ -38.230218005999973, -6.755489583779251 ], [ -38.230166065999981, -6.754955425779266 ], [ -38.229416298999979, -6.755062591779227 ], [ -38.228915626999935, -6.754598821779233 ], [ -38.227605190999959, -6.754723953779223 ], [ -38.227214566999976, -6.755046228779244 ], [ -38.223860272999957, -6.754034560779285 ], [ -38.224119402999982, -6.75252486077929 ], [ -38.224508261999972, -6.751836987779368 ], [ -38.225652588999935, -6.75163137077937 ], [ -38.227144210999938, -6.751818318779331 ], [ -38.228563154999961, -6.7524635417793 ], [ -38.229251976999933, -6.753127544779272 ], [ -38.22979877399996, -6.753696333779255 ], [ -38.230472865999957, -6.753881590779304 ], [ -38.231281966999973, -6.753358473779322 ] ] ] } },
{ "type": "Feature", "properties": { "num_setor": "PB_SO_SR_04_CPRM", "munic": "SOUSA", "grau_risco": "Alto", "distancia_km": 1.5, "chuva_24h": 0.0, "chuva_72h": 0.0, "fonte_estacao": "openmeteo", "codigo_estacao": "openmeteo", "nome_estacao": "Open-Meteo (célula de grade)" }, "geometry": { "type": "Polygon", "coordinates": [ [ [ -38.24268553099995, -6.810389802777475 ], [ -38.242232202999965, -6.810342419777439 ], [ -38.242184876999943, -6.808356372777561 ], [ -38.241486252999948, -6.807515342777583 ], [ -38.24082525099994, -6.80660765477757 ], [ -38.240602520999978, -6.805985517777597 ], [ -38.240368234999941, -6.805417143777604 ], [ -38.239904007999939, -6.805087798777657 ], [ -38.239780924999934, -6.804270284777679 ], [ -38.240461694999965, -6.804259901777668 ], [ -38.241887851999934, -6.803482087777687 ], [ -38.242533337999923, -6.803083664777714 ], [ -38.244742544999951, -6.80287744677771 ], [ -38.247808384999985, -6.802933973777674 ], [ -38.247804741999971, -6.804385700777651 ], [ -38.248014787999978, -6.805089798777653 ], [ -38.246949733999934, -6.807209994777549 ], [ -38.246800144999952, -6.810469331777478 ], [ -38.24268553099995, -6.810389802777475 ] ] ] } },
{ "type": "Feature", "properties": { "num_setor": "PB_SO_SR_05_CPRM", "munic": "SOUSA", "grau_risco": "Alto", "distancia_km": 0.62, "chuva_24h": 0.0, "chuva_72h": 0.0, "fonte_estacao": "openmeteo", "codigo_estacao": "openmeteo", "nome_estacao": "Open-Meteo (célula de grade)" }, "geometry": { "type": "Polygon", "coordinates": [ [ [ -38.311285720999933, -6.837198593776624 ], [ -38.313458149999974, -6.83803793977656 ], [ -38.31296563099994, -6.839327609776528 ], [ -38.313205117999985, -6.840268944776488 ], [ -38.313339834999965, -6.841040602776481 ], [ -38.313590887999965, -6.841321453776487 ], [ -38.314406142999985, -6.842820177776431 ], [ -38.314194277999938, -6.843593344776379 ], [ -38.313420329999929, -6.841990731776447 ], [ -38.31306985599997, -6.84193992477646 ], [ -38.312484198999982, -6.842077815776472 ], [ -38.311188157999936, -6.842524636776418 ], [ -38.310976858999936, -6.84377737977639 ], [ -38.31185525799998, -6.845198846776348 ], [ -38.310221315999968, -6.845796298776352 ], [ -38.309735913999937, -6.845193782776357 ], [ -38.309274379999977, -6.844826345776341 ], [ -38.308653723999953, -6.844449285776352 ], [ -38.307867425, -6.843907835776409 ], [ -38.307281252999985, -6.843478296776381 ], [ -38.306091119999962, -6.843132706776403 ], [ -38.306216507999984, -6.842116636776439 ], [ -38.306773822999958, -6.84170639277649 ], [ -38.308194534999984, -6.840783005776516 ], [ -38.30466015099995, -6.837856259776597 ], [ -38.304891119999979, -6.837534852776606 ], [ -38.306105902999946, -6.838339374776588 ], [ -38.306994416999942, -6.838891491776557 ], [ -38.308346644999972, -6.839821414776526 ], [ -38.309004538999943, -6.837517199776618 ], [ -38.309436027999936, -6.837262431776581 ], [ -38.310699302999978, -6.83732197877662 ], [ -38.311285720999933, -6.837198593776624 ] ] ] } },
{ "type": "Feature", "properties": { "num_setor": "PB_SA_SR_03_CPRM", "munic": "SAPÉ", "grau_risco": "Alto", "distancia_km": 1.52, "chuva_24h": 0.0, "chuva_72h": 0.1, "fonte_estacao": "openmeteo", "codigo_estacao": "openmeteo", "nome_estacao": "Open-Meteo (célula de grade)" }, "geometry": { "type": "Polygon", "coordinates": [ [ [ -35.223723819999975, -7.102279370768121 ], [ -35.22362460599993, -7.102119952768122 ], [ -35.224304248999935, -7.101638745768124 ], [ -35.224994036999931, -7.101246027768134 ], [ -35.225703199999941, -7.10089004876814 ], [ -35.225712373999954, -7.10138801376815 ], [ -35.225489120999953, -7.101825216768122 ], [ -35.22495175499995, -7.102064246768104 ], [ -35.224254254999948, -7.102297977768139 ], [ -35.224006441999954, -7.102309921768125 ], [ -35.223723819999975, -7.102279370768121 ] ] ] } },
{ "type": "Feature", "properties": { "num_setor": "PB_SA_SR_04_CPRM", "munic": "SAPÉ", "grau_risco": "Muito alto", "distancia_km": 1.43, "chuva_24h": 0.0, "chuva_72h": 0.0, "fonte_estacao": "openmeteo", "codigo_estacao": "openmeteo", "nome_estacao": "Open-Meteo (célula de grade)" }, "geometry": { "type": "Polygon", "coordinates": [ [ [ -35.235261003999945, -7.088961720768572 ], [ -35.235303972999922, -7.088823872768566 ], [ -35.235318579999962, -7.088742003768527 ], [ -35.235309051999934, -7.088517540768541 ], [ -35.235273951999943, -7.088423569768584 ], [ -35.235239797999952, -7.088316104768553 ], [ -35.235253202999957, -7.088248672768571 ], [ -35.235257803999964, -7.088096283768587 ], [ -35.235391122999943, -7.088038738768578 ], [ -35.235521323999933, -7.088091337768592 ], [ -35.235663276999958, -7.08822698776859 ], [ -35.235785355999951, -7.088370345768586 ], [ -35.235817122999947, -7.088488855768581 ], [ -35.235642922999943, -7.088796300768546 ], [ -35.235512887999967, -7.088916692768529 ], [ -35.235397643999931, -7.088969996768526 ], [ -35.235261003999945, -7.088961720768572 ] ] ] } },
{ "type": "Feature", "properties": { "num_setor": "PB_SA_SR_02_CPRM", "munic": "SAPÉ", "grau_risco": "Alto", "distancia_km": 1.3, "chuva_24h": 0.0, "chuva_72h": 0.1, "fonte_estacao": "openmeteo", "codigo_estacao": "openmeteo", "nome_estacao": "Open-Meteo (célula de grade)" }, "geometry": { "type": "Polygon", "coordinates": [ [ [ -35.221218714999956, -7.159921620766296 ], [ -35.220879380999975, -7.159716269766272 ], [ -35.220975935999945, -7.159438949766315 ], [ -35.221017870999958, -7.159341192766281 ], [ -35.221111070999939, -7.15926474476632 ], [ -35.221290942999929, -7.159179434766289 ], [ -35.221507313999943, -7.159122073766332 ], [ -35.221737005999955, -7.159119913766327 ], [ -35.221946285999934, -7.159213733766287 ], [ -35.222105628999941, -7.159335865766279 ], [ -35.222229038999956, -7.159468427766312 ], [ -35.222285988999943, -7.159560022766267 ], [ -35.222292351999954, -7.159882659766268 ], [ -35.222113423999929, -7.159947182766255 ], [ -35.221684484999969, -7.159952299766255 ], [ -35.221218714999956, -7.159921620766296 ] ] ] } },
{ "type": "Feature", "properties": { "num_setor": "PB_SOLANEA_SR_2_CPRM", "munic": "SOLÂNEA", "grau_risco": "Alto", "distancia_km": 1.59, "chuva_24h": 0.0, "chuva_72h": 0.0, "fonte_estacao": "openmeteo", "codigo_estacao": "openmeteo", "nome_estacao": "Open-Meteo (célula de grade)" }, "geometry": { "type": "Polygon", "coordinates": [ [ [ -35.670763202999979, -6.754163327779258 ], [ -35.670943856999941, -6.754288887779271 ], [ -35.67107098699995, -6.754298723779275 ], [ -35.671105079999968, -6.754295389779232 ], [ -35.671181028999968, -6.754287964779258 ], [ -35.671245766999967, -6.754278076779292 ], [ -35.671311581999923, -6.75426802277926 ], [ -35.671387423999931, -6.754325965779264 ], [ -35.671478939999922, -6.754361921779241 ], [ -35.6715392, -6.754438623779231 ], [ -35.671441191999975, -6.754525812779235 ], [ -35.671341697999935, -6.754441010779232 ], [ -35.67125203899996, -6.754434184779282 ], [ -35.671139059, -6.754520376779257 ], [ -35.671037143999968, -6.754348994779236 ], [ -35.670799734999946, -6.754333046779244 ], [ -35.67065689799994, -6.754410912779266 ], [ -35.67056325599998, -6.754307388779273 ], [ -35.670763202999979, -6.754163327779258 ] ] ] } },
{ "type": "Feature", "properties": { "num_setor": "PB_SERRARE_SR_1_CPRM", "munic": "SERRA REDONDA", "grau_risco": "Alto", "distancia_km": 1.43, "chuva_24h": 0.1, "chuva_72h": 0.1, "fonte_estacao": "openmeteo", "codigo_estacao": "openmeteo", "nome_estacao": "Open-Meteo (célula de grade)" }, "geometry": { "type": "Polygon", "coordinates": [ [ [ -35.678888795999967, -7.185194181765498 ], [ -35.678923020999946, -7.185088537765471 ], [ -35.678930626999943, -7.185016850765468 ], [ -35.679021895999938, -7.184918751765456 ], [ -35.679147390999958, -7.184888567765492 ], [ -35.679272885999985, -7.184918751765456 ], [ -35.679390774999945, -7.185009304765467 ], [ -35.679542890999983, -7.185167771765463 ], [ -35.67973303399998, -7.185360194765444 ], [ -35.679888951999942, -7.18554884476548 ], [ -35.679847120999966, -7.185662035765444 ], [ -35.67973303399998, -7.18577899876548 ], [ -35.679729230999953, -7.18577899876548 ], [ -35.679729230999953, -7.18577522576548 ], [ -35.679436409999937, -7.185507341765448 ], [ -35.679181616999983, -7.185243231765463 ], [ -35.679075135999938, -7.185265869765486 ], [ -35.678919218999965, -7.18525077776547 ], [ -35.678888795999967, -7.185194181765498 ] ] ] } },
{ "type": "Feature", "properties": { "num_setor": "PB_SOLANEA_SR_1_CPRM", "munic": "SOLÂNEA", "grau_risco": "Alto", "distancia_km": 1.15, "chuva_24h": 0.0, "chuva_72h": 0.0, "fonte_estacao": "openmeteo", "codigo_estacao": "openmeteo", "nome_estacao": "Open-Meteo (célula de grade)" }, "geometry": { "type": "Polygon", "coordinates": [ [ [ -35.660724961999961, -6.761459444779036 ], [ -35.660780328999977, -6.761582772779011 ], [ -35.660653101999969, -6.761629991779015 ], [ -35.660544010999956, -6.761606347779003 ], [ -35.66046649499998, -6.761638547779025 ], [ -35.66040217699998, -6.761701494779026 ], [ -35.66041404099996, -6.761796314779036 ], [ -35.66015723299995, -6.761955746779011 ], [ -35.660064007999949, -6.762064545779035 ], [ -35.659907947999955, -6.762213448778994 ], [ -35.659754128999957, -6.762294022779031 ], [ -35.659695734999957, -6.762290107778997 ], [ -35.659636341999935, -6.762200123779 ], [ -35.65964822799998, -6.762180476779013 ], [ -35.659701986999949, -6.762124453779006 ], [ -35.659832432999963, -6.762014504779028 ], [ -35.660050142999978, -6.761814446779014 ], [ -35.660197586999971, -6.76173022477902 ], [ -35.66018592599994, -6.761703472779031 ], [ -35.660724961999961, -6.761459444779036 ] ] ] } },
{ "type": "Feature", "properties": { "num_setor": "PB_SANTARI_SR_4_CPRM", "munic": "SANTA RITA", "grau_risco": "Alto", "distancia_km": 1.67, "chuva_24h": 0.1, "chuva_72h": 0.7, "fonte_estacao": "openmeteo", "codigo_estacao": "openmeteo", "nome_estacao": "Open-Meteo (célula de grade)" }, "geometry": { "type": "Polygon", "coordinates": [ [ [ -34.974684471999979, -7.122586702767487 ], [ -34.974457848999975, -7.12253081476747 ], [ -34.974272324999959, -7.122484358767462 ], [ -34.974128585999949, -7.122445145767487 ], [ -34.973921076999943, -7.122398411767465 ], [ -34.973830075999956, -7.122376625767475 ], [ -34.97358053399995, -7.12231158876746 ], [ -34.973251258999937, -7.122253024767493 ], [ -34.973108322999963, -7.122108790767492 ], [ -34.973051595999948, -7.121997272767517 ], [ -34.972995498999978, -7.121772095767517 ], [ -34.972941454999955, -7.121529097767498 ], [ -34.972927038999956, -7.121319521767523 ], [ -34.973021634999952, -7.121136415767519 ], [ -34.973176465999977, -7.120852523767503 ], [ -34.973237350999966, -7.120718831767548 ], [ -34.973305874999944, -7.120697070767515 ], [ -34.973450795999959, -7.120707791767545 ], [ -34.973571333999978, -7.120741502767557 ], [ -34.973736301999963, -7.120767085767523 ], [ -34.974264517999984, -7.120817691767523 ], [ -34.974253300999976, -7.121196196767527 ], [ -34.974336221999977, -7.121209570767511 ], [ -34.97458265299997, -7.121226839767522 ], [ -34.975112850999942, -7.1213579987675 ], [ -34.975243009999929, -7.121520015767528 ], [ -34.975431310999966, -7.121680999767518 ], [ -34.97533195799997, -7.12184797376748 ], [ -34.975138253999944, -7.122161041767492 ], [ -34.975039801999969, -7.122305245767468 ], [ -34.974924416999954, -7.12246550176748 ], [ -34.974824133999959, -7.122622977767501 ], [ -34.974684471999979, -7.122586702767487 ] ] ] } },
{ "type": "Feature", "properties": { "num_setor": "PB_RIOTINT_SR_3_CPRM", "munic": "RIO TINTO", "grau_risco": "Alto", "distancia_km": 1.25, "chuva_24h": 0.0, "chuva_72h": 0.3, "fonte_estacao": "openmeteo", "codigo_estacao": "openmeteo", "nome_estacao": "Open-Meteo (célula de grade)" }, "geometry": { "type": "Polygon", "coordinates": [ [ [ -35.075605677999931, -6.814384993777346 ], [ -35.075526237999945, -6.813753319777336 ], [ -35.075317498999937, -6.813072552777353 ], [ -35.075207895999938, -6.81248028077742 ], [ -35.075068769999973, -6.812421078777381 ], [ -35.074949436999923, -6.81227297377739 ], [ -35.074621301999969, -6.811838538777415 ], [ -35.074502184999979, -6.811759710777445 ], [ -35.07439270499998, -6.811463439777439 ], [ -35.074472498999967, -6.811157702777427 ], [ -35.074473018999981, -6.810852454777475 ], [ -35.07400694599994, -6.810311058777467 ], [ -35.075467205999978, -6.809058734777504 ], [ -35.076221682999972, -6.809747749777461 ], [ -35.076390486999962, -6.809925206777458 ], [ -35.076628877999951, -6.810201100777483 ], [ -35.076827814999938, -6.810437264777474 ], [ -35.077215384999931, -6.81067388277744 ], [ -35.077533530999972, -6.810762523777425 ], [ -35.077613461999931, -6.811226064777455 ], [ -35.077634109999963, -6.811689795777406 ], [ -35.077634506999971, -6.812065007777396 ], [ -35.077654979999977, -6.812647899777384 ], [ -35.077556493999964, -6.813162319777372 ], [ -35.077268981999964, -6.813717349777337 ], [ -35.077179303999969, -6.813994352777332 ], [ -35.076900205999948, -6.814439275777356 ], [ -35.076272690999929, -6.814855602777325 ], [ -35.075854139999933, -6.81504438677731 ], [ -35.075545358999932, -6.815100510777328 ], [ -35.075605677999931, -6.814384993777346 ] ] ] } },
{ "type": "Feature", "properties": { "num_setor": "PB_SANTARI_SR_3_CPRM", "munic": "SANTA RITA", "grau_risco": "Alto", "distancia_km": 1.19, "chuva_24h": 0.1, "chuva_72h": 0.7, "fonte_estacao": "openmeteo", "codigo_estacao": "openmeteo", "nome_estacao": "Open-Meteo (célula de grade)" }, "geometry": { "type": "Polygon", "coordinates": [ [ [ -34.979104679999978, -7.116166253767677 ], [ -34.979140680999933, -7.116166251767694 ], [ -34.979149682999946, -7.116166250767712 ], [ -34.979167682999957, -7.116166249767661 ], [ -34.979203683999962, -7.116166246767692 ], [ -34.97922168599996, -7.116166245767703 ], [ -34.979229402999977, -7.11617346676768 ], [ -34.979258265999924, -7.116187870767687 ], [ -34.979270418999931, -7.116195053767668 ], [ -34.979285709999942, -7.116209388767672 ], [ -34.979313022999975, -7.116230802767676 ], [ -34.979332641999974, -7.116245019767671 ], [ -34.979347746999963, -7.116259191767697 ], [ -34.979362802999958, -7.116273318767679 ], [ -34.979392767999975, -7.116301433767704 ], [ -34.979406061999953, -7.116301432767652 ], [ -34.979425376999977, -7.116315424767645 ], [ -34.979434223999931, -7.116315422767665 ], [ -34.979456346999939, -7.116315421767679 ], [ -34.979482891999965, -7.116315420767693 ], [ -34.979519720999974, -7.116329364767676 ], [ -34.979527056999984, -7.116336320767669 ], [ -34.979567778999979, -7.116391571767658 ], [ -34.979595394999926, -7.116405272767662 ], [ -34.979621362999978, -7.116425744767675 ], [ -34.979631011999963, -7.116459651767657 ], [ -34.979631918999928, -7.116493291767687 ], [ -34.979645767999962, -7.11652666776766 ], [ -34.979648525999949, -7.116533310767669 ], [ -34.979642285999937, -7.116721559767678 ], [ -34.979631707999943, -7.116765753767678 ], [ -34.979588250999946, -7.11689555376764 ], [ -34.979558621999956, -7.116985792767664 ], [ -34.979539101999933, -7.117068225767651 ], [ -34.979525400999933, -7.117126075767672 ], [ -34.979478851999943, -7.117255985767669 ], [ -34.979436563999968, -7.117403131767621 ], [ -34.979412961999969, -7.117487723767626 ], [ -34.97938230699998, -7.117570454767643 ], [ -34.97934597699998, -7.117646378767622 ], [ -34.979329720999942, -7.117701080767622 ], [ -34.979305595999961, -7.117774374767627 ], [ -34.979289240999947, -7.117846215767653 ], [ -34.979238117999955, -7.11794442976763 ], [ -34.979204993999929, -7.1180129487676 ], [ -34.979172074999951, -7.118146077767598 ], [ -34.979110437999964, -7.118270040767616 ], [ -34.979056976999971, -7.118361136767619 ], [ -34.979039191999959, -7.118397697767621 ], [ -34.979014134999943, -7.118453776767606 ], [ -34.978995216999969, -7.118497177767574 ], [ -34.978981420999958, -7.118532261767623 ], [ -34.978964496999936, -7.118566969767604 ], [ -34.978921927999977, -7.118616453767593 ], [ -34.978887909999969, -7.1186577337676 ], [ -34.978866781999955, -7.118683727767595 ], [ -34.97885362899995, -7.118702163767599 ], [ -34.978839181999945, -7.118727794767574 ], [ -34.97883210599997, -7.118731438767575 ], [ -34.978808404999938, -7.118738717767612 ], [ -34.978787946999944, -7.118745977767578 ], [ -34.978770721999979, -7.118753220767601 ], [ -34.978756715999964, -7.118760447767576 ], [ -34.978740813999941, -7.118760447767576 ], [ -34.978692704999951, -7.118782027767582 ], [ -34.978649790999953, -7.11879276176758 ], [ -34.978615949999948, -7.118807017767569 ], [ -34.978577538999957, -7.118831805767591 ], [ -34.978553996999949, -7.118842369767565 ], [ -34.978533169999928, -7.118856397767576 ], [ -34.978519663999975, -7.118863387767606 ], [ -34.978503544999967, -7.118866876767601 ], [ -34.978480726999976, -7.118873842767601 ], [ -34.978457961999936, -7.11888079376759 ], [ -34.978441921999945, -7.118884264767597 ], [ -34.978413437999961, -7.11888773076761 ], [ -34.978391213999942, -7.118891191767617 ], [ -34.978372128999979, -7.118894650767585 ], [ -34.978353063999968, -7.118898103767567 ], [ -34.97833363899997, -7.118904999767562 ], [ -34.978318104999971, -7.118905000767609 ], [ -34.978299462999978, -7.118905000767609 ], [ -34.978276668999968, -7.118915316767598 ], [ -34.978254958999969, -7.118915316767598 ], [ -34.978238795999964, -7.118922173767608 ], [ -34.978217110999935, -7.118922174767607 ], [ -34.978198521999957, -7.118922174767607 ], [ -34.978163873999961, -7.118929016767608 ], [ -34.978132661999943, -7.118932431767589 ], [ -34.978120290999982, -7.118932431767589 ], [ -34.978104325999936, -7.118939251767599 ], [ -34.97808887799993, -7.118939251767599 ], [ -34.97806725199996, -7.11893925276759 ], [ -34.978054895999946, -7.11893925276759 ], [ -34.978036358999937, -7.11893925276759 ], [ -34.978024000999937, -7.11893925276759 ], [ -34.978011643999942, -7.11893925376758 ], [ -34.977992732999951, -7.118946055767606 ], [ -34.977977302999932, -7.118946055767606 ], [ -34.97796187299997, -7.118946056767599 ], [ -34.977940112999931, -7.118949453767597 ], [ -34.977924692999977, -7.118949453767597 ], [ -34.977906186999974, -7.11894945476758 ], [ -34.977893850999976, -7.11894945476758 ], [ -34.977878430999965, -7.11894945476758 ], [ -34.977860151999948, -7.118942659767595 ], [ -34.977841831999967, -7.118935848767603 ], [ -34.977826659999948, -7.118925604767597 ], [ -34.977808251999932, -7.118918755767608 ], [ -34.977796007999984, -7.11891188976757 ], [ -34.97777765799998, -7.118898114767616 ], [ -34.977749871999947, -7.118884276767586 ], [ -34.97773129199993, -7.118873858767603 ], [ -34.977715745999944, -7.118866892767599 ], [ -34.977690809999956, -7.118852912767593 ], [ -34.977668895999955, -7.118842386767612 ], [ -34.977665766999962, -7.118835348767578 ], [ -34.977646893999975, -7.118824762767603 ], [ -34.977631077999945, -7.118807035767603 ], [ -34.977618361999923, -7.118792782767589 ], [ -34.977602413999932, -7.118778463767589 ], [ -34.977583128999981, -7.118756860767593 ], [ -34.977560571999959, -7.11873874376757 ], [ -34.977537815999938, -7.118716862767618 ], [ -34.977508384999958, -7.11869114276762 ], [ -34.977482043999942, -7.118668928767611 ], [ -34.977452036999985, -7.118639065767602 ], [ -34.977425276999952, -7.118616483767615 ], [ -34.977398328999982, -7.11859374176762 ], [ -34.977381183999967, -7.118574666767613 ], [ -34.977357185999949, -7.118551623767613 ], [ -34.977336315999928, -7.118528416767586 ], [ -34.977325623999953, -7.118512853767609 ], [ -34.977297225999962, -7.118477558767578 ], [ -34.97728279699993, -7.118457784767632 ], [ -34.977271624999958, -7.118437889767588 ], [ -34.977260625999982, -7.118421886767609 ], [ -34.977248825999936, -7.118393694767603 ], [ -34.977229633999968, -7.118357088767624 ], [ -34.977217583999959, -7.118328338767618 ], [ -34.977209120999923, -7.118303494767618 ], [ -34.977197455999942, -7.118282652767589 ], [ -34.977192875999947, -7.118265883767589 ], [ -34.977187980999929, -7.118244804767618 ], [ -34.977182754999944, -7.118219336767627 ], [ -34.977178094999942, -7.118202250767616 ], [ -34.977176582999959, -7.118180772767608 ], [ -34.977167154999961, -7.118146123767621 ], [ -34.977164966999965, -7.118115514767605 ], [ -34.977155709999977, -7.118084632767626 ], [ -34.977150562999952, -7.118062405767649 ], [ -34.977148928999952, -7.1180400337676 ], [ -34.977138154999977, -7.117990305767633 ], [ -34.977135101999977, -7.117949088767642 ], [ -34.977114300999972, -7.117912043767643 ], [ -34.97711215299995, -7.11788400276764 ], [ -34.977110349999975, -7.11786046676763 ], [ -34.977108899999962, -7.117841523767646 ], [ -34.977107076999971, -7.117817705767595 ], [ -34.977104870999931, -7.117788913767633 ], [ -34.977114444999977, -7.117769589767635 ], [ -34.977119290999951, -7.117735524767625 ], [ -34.977119737999942, -7.117691252767655 ], [ -34.977121285999942, -7.11766143676766 ], [ -34.977126237999983, -7.117626342767607 ], [ -34.977124051999965, -7.117595995767657 ], [ -34.977129789999935, -7.117570513767644 ], [ -34.977132129999973, -7.117550003767636 ], [ -34.977138288999981, -7.117529378767642 ], [ -34.977144127999964, -7.117503437767652 ], [ -34.97715035899995, -7.117482553767619 ], [ -34.977160119999951, -7.117456286767613 ], [ -34.977162580999959, -7.117435139767625 ], [ -34.977171078999959, -7.117387123767632 ], [ -34.977177482999934, -7.117365587767612 ], [ -34.977176462999985, -7.117349355767668 ], [ -34.977174752999929, -7.11732214776766 ], [ -34.977179175999936, -7.117267149767661 ], [ -34.977185365999965, -7.117239353767632 ], [ -34.977195235999943, -7.117205734767665 ], [ -34.977197547999943, -7.117177494767663 ], [ -34.977194529999963, -7.117126147767648 ], [ -34.977196861999964, -7.117097328767628 ], [ -34.977206963999954, -7.117062467767669 ], [ -34.977210020999962, -7.117044920767643 ], [ -34.977209030999973, -7.117027296767636 ], [ -34.97721992399994, -7.117003675767667 ], [ -34.977226477999977, -7.11697395376765 ], [ -34.977244775999964, -7.116931969767641 ], [ -34.977247969999951, -7.11691384176768 ], [ -34.977259732999983, -7.116901709767681 ], [ -34.977278942999924, -7.116871224767659 ], [ -34.97729441499996, -7.116846670767666 ], [ -34.977309717999958, -7.11681576776768 ], [ -34.977329572999963, -7.116790877767667 ], [ -34.977357709999978, -7.116759550767675 ], [ -34.977378059999978, -7.116740639767637 ], [ -34.97739428899996, -7.116721641767662 ], [ -34.977423272999943, -7.116702555767657 ], [ -34.97744782999996, -7.116670551767669 ], [ -34.977481232999935, -7.116644768767658 ], [ -34.977493876999972, -7.116638298767636 ], [ -34.977514621999951, -7.116605795767641 ], [ -34.977531531999944, -7.116592723767643 ], [ -34.97754832399994, -7.11656645676769 ], [ -34.977573906999964, -7.116546649767687 ], [ -34.977586659999929, -7.116526749767649 ], [ -34.977608047999979, -7.11649337276768 ], [ -34.977625252999935, -7.116459732767654 ], [ -34.977638242999944, -7.11643262776764 ], [ -34.977655694999953, -7.116405351767678 ], [ -34.977677633999967, -7.116384780767683 ], [ -34.977686411999969, -7.116384780767683 ], [ -34.97770851699994, -7.116357197767663 ], [ -34.977721777999932, -7.116350274767669 ], [ -34.977752926999983, -7.116322469767666 ], [ -34.977770791999944, -7.116308500767655 ], [ -34.977810886999983, -7.116294486767667 ], [ -34.977837785999952, -7.116280427767652 ], [ -34.977869220999942, -7.116266322767657 ], [ -34.977905414999952, -7.116245078767677 ], [ -34.977927933999979, -7.116237975767699 ], [ -34.977941324999961, -7.116237974767659 ], [ -34.977963641999963, -7.116237974767659 ], [ -34.977985960999945, -7.116237973767666 ], [ -34.978012741999976, -7.116237972767679 ], [ -34.97804398899995, -7.116237972767679 ], [ -34.978066306999949, -7.116237971767688 ], [ -34.978088624999941, -7.116237970767703 ], [ -34.97811094399998, -7.116237970767703 ], [ -34.978142189999964, -7.11623796976765 ], [ -34.978177897999956, -7.116237967767675 ], [ -34.978200216999937, -7.116237966767688 ], [ -34.978218524999932, -7.116230851767669 ], [ -34.978254263999922, -7.116230850767674 ], [ -34.978281067999937, -7.116230848767698 ], [ -34.978316806999942, -7.116230847767654 ], [ -34.978339141999989, -7.116230846767662 ], [ -34.978361479999933, -7.116230846767662 ], [ -34.978383814999965, -7.116230846767662 ], [ -34.97841955399997, -7.116230844767686 ], [ -34.978455292999968, -7.116230843767699 ], [ -34.97846935299998, -7.116223716767688 ], [ -34.978482765999956, -7.116223715767702 ], [ -34.978510282999942, -7.116216576767656 ], [ -34.97856096899995, -7.116202262767662 ], [ -34.978583378999929, -7.116202261767663 ], [ -34.978616311999936, -7.116187902767695 ], [ -34.978639556999951, -7.116180704767704 ], [ -34.97866202199998, -7.116180703767657 ], [ -34.978680826999948, -7.116173494767669 ], [ -34.978712302999952, -7.11617349376768 ], [ -34.978740164999977, -7.116166271767659 ], [ -34.978749165999936, -7.116166271767659 ], [ -34.978776165999932, -7.116166269767675 ], [ -34.978789666999944, -7.116166269767675 ], [ -34.978825667999949, -7.116166267767691 ], [ -34.978852669999981, -7.11616626576766 ], [ -34.978933672999972, -7.116166262767691 ], [ -34.979005675999929, -7.116166258767676 ], [ -34.979068678999965, -7.116166254767662 ], [ -34.979091179999955, -7.116166254767662 ], [ -34.979104679999978, -7.116166253767677 ] ] ] } },
{ "type": "Feature", "properties": { "num_setor": "PB_SAOJOAO1_SR_2_CPRM", "munic": "SÃO JOÃO DO RIO DO PEIXE", "grau_risco": "Alto", "distancia_km": 1.47, "chuva_24h": 0.0, "chuva_72h": 0.0, "fonte_estacao": "openmeteo", "codigo_estacao": "openmeteo", "nome_estacao": "Open-Meteo (célula de grade)" }, "geometry": { "type": "Polygon", "coordinates": [ [ [ -38.443199661999984, -6.730054285780015 ], [ -38.442865476999941, -6.729893790780028 ], [ -38.442957095999937, -6.729417919780047 ], [ -38.443062790999932, -6.729084561780086 ], [ -38.443271016999979, -6.728737679780066 ], [ -38.443349165999955, -6.72858010378008 ], [ -38.443698809999944, -6.728368151780113 ], [ -38.44409617599996, -6.728263965780067 ], [ -38.444552903999977, -6.728030473780128 ], [ -38.445327933999984, -6.727855131780106 ], [ -38.445822440999962, -6.727998293780125 ], [ -38.446096386999955, -6.728330817780101 ], [ -38.446895400999949, -6.728451735780093 ], [ -38.446839659999966, -6.729082403780057 ], [ -38.446875298999942, -6.72941612378006 ], [ -38.448000116999935, -6.729617531780064 ], [ -38.447834786999977, -6.730484094780025 ], [ -38.447759034999933, -6.730710338779992 ], [ -38.447631042999937, -6.730997385780011 ], [ -38.447662270999956, -6.731390339780006 ], [ -38.446295746999965, -6.731152475780029 ], [ -38.446397780999973, -6.730772599780035 ], [ -38.445745305999935, -6.730708488780004 ], [ -38.44571784599998, -6.731096678780013 ], [ -38.445480392999968, -6.731145161780014 ], [ -38.445396264999943, -6.730201515780053 ], [ -38.444878942999928, -6.730159151780022 ], [ -38.444099652999967, -6.730483317779996 ], [ -38.443565468999964, -6.730663887780046 ], [ -38.443164549999949, -6.730572967780004 ], [ -38.443199661999984, -6.730054285780015 ] ] ] } },
{ "type": "Feature", "properties": { "num_setor": "PB_SA_SR_01_CPRM", "munic": "SAPÉ", "grau_risco": "Alto", "distancia_km": 1.5, "chuva_24h": 0.0, "chuva_72h": 0.1, "fonte_estacao": "openmeteo", "codigo_estacao": "openmeteo", "nome_estacao": "Open-Meteo (célula de grade)" }, "geometry": { "type": "Polygon", "coordinates": [ [ [ -35.223356965999983, -7.159674712766295 ], [ -35.223109049999948, -7.159393113766295 ], [ -35.22327366199994, -7.159226159766298 ], [ -35.223428450999961, -7.15906568576631 ], [ -35.223619971999938, -7.158906113766291 ], [ -35.223752269999977, -7.158914302766319 ], [ -35.223894083999937, -7.158948719766317 ], [ -35.224064947999977, -7.159141588766293 ], [ -35.224130656999925, -7.159385185766297 ], [ -35.224137282999948, -7.159639093766279 ], [ -35.224078086999945, -7.159818721766284 ], [ -35.224400063999944, -7.160135152766261 ], [ -35.224521600999935, -7.160076475766291 ], [ -35.224639623999963, -7.160210041766282 ], [ -35.224944881999932, -7.160408703766274 ], [ -35.225315805999976, -7.160402147766258 ], [ -35.225520702999965, -7.160536112766284 ], [ -35.225428854999969, -7.160900129766255 ], [ -35.22496418999998, -7.160877149766269 ], [ -35.224566643999943, -7.160790503766277 ], [ -35.224111045999962, -7.160531260766271 ], [ -35.22363671599993, -7.160230123766265 ], [ -35.223356965999983, -7.159674712766295 ] ] ] } },
{ "type": "Feature", "properties": { "num_setor": "PB_SB_SR_02_CPRM", "munic": "SÃO BENTO", "grau_risco": "Alto", "distancia_km": 1.28, "chuva_24h": 0.0, "chuva_72h": 0.0, "fonte_estacao": "openmeteo", "codigo_estacao": "openmeteo", "nome_estacao": "Open-Meteo (célula de grade)" }, "geometry": { "type": "Polygon", "coordinates": [ [ [ -37.436232080999957, -6.483010292787971 ], [ -37.435215161999956, -6.48270466378795 ], [ -37.434778359999939, -6.482481226787972 ], [ -37.434905054999945, -6.479991930788088 ], [ -37.435109200999925, -6.478712676788133 ], [ -37.43585993399995, -6.476643938788148 ], [ -37.440246308, -6.478382968788103 ], [ -37.441703607999962, -6.478780069788124 ], [ -37.443180678999965, -6.479297798788071 ], [ -37.442459420999967, -6.481018342788045 ], [ -37.441947284999969, -6.482095469787978 ], [ -37.441514695999949, -6.482518759787979 ], [ -37.440804749999977, -6.482553304787988 ], [ -37.440213068999981, -6.483454246787944 ], [ -37.439543836999967, -6.483596359787979 ], [ -37.438414788999978, -6.483690620787932 ], [ -37.43781727399994, -6.483551880787925 ], [ -37.437774884999953, -6.483138408787953 ], [ -37.43735438899995, -6.483151445787979 ], [ -37.436232080999957, -6.483010292787971 ] ] ] } },
{ "type": "Feature", "properties": { "num_setor": "PB_SAOJOAO1_SR_1_CPRM", "munic": "SÃO JOÃO DO RIO DO PEIXE", "grau_risco": "Alto", "distancia_km": 1.67, "chuva_24h": 0.0, "chuva_72h": 0.0, "fonte_estacao": "openmeteo", "codigo_estacao": "openmeteo", "nome_estacao": "Open-Meteo (célula de grade)" }, "geometry": { "type": "Polygon", "coordinates": [ [ [ -38.450488769999936, -6.733267458779913 ], [ -38.449780413, -6.733149597779943 ], [ -38.448709705999924, -6.73286951177997 ], [ -38.44883138199998, -6.731868350779978 ], [ -38.448998019999976, -6.730625876780036 ], [ -38.44952941899993, -6.730574225779997 ], [ -38.450176223999961, -6.727998975780139 ], [ -38.450351295999951, -6.727130161780162 ], [ -38.450427375999936, -6.727001715780148 ], [ -38.450625076999984, -6.726956488780159 ], [ -38.450792725, -6.727092273780152 ], [ -38.451089384999932, -6.727417249780144 ], [ -38.451325311999938, -6.727591039780104 ], [ -38.451440014999953, -6.727863136780088 ], [ -38.451540325999929, -6.728097800780083 ], [ -38.451471734999984, -6.728396620780085 ], [ -38.451364600999959, -6.728948579780072 ], [ -38.451450632999979, -6.729361831780051 ], [ -38.451450575999957, -6.729846625780015 ], [ -38.451442912999937, -6.730543421779993 ], [ -38.451367127999958, -6.731361236779978 ], [ -38.451353617999985, -6.731997949779968 ], [ -38.451351514999942, -6.732451953779951 ], [ -38.451273875999959, -6.732806830779948 ], [ -38.451041356999951, -6.733361084779935 ], [ -38.45067837299996, -6.733537939779937 ], [ -38.450488769999936, -6.733267458779913 ] ] ] } },
{ "type": "Feature", "properties": { "num_setor": "PB_SANTARI_SR_1_CPRM", "munic": "SANTA RITA", "grau_risco": "Alto", "distancia_km": 1.66, "chuva_24h": 0.1, "chuva_72h": 0.7, "fonte_estacao": "openmeteo", "codigo_estacao": "openmeteo", "nome_estacao": "Open-Meteo (célula de grade)" }, "geometry": { "type": "Polygon", "coordinates": [ [ [ -34.975547434999953, -7.121712223767514 ], [ -34.975581485999953, -7.121677622767477 ], [ -34.975610115999977, -7.121638682767507 ], [ -34.975671699999964, -7.121563733767499 ], [ -34.975723111999969, -7.121549744767481 ], [ -34.975768121999977, -7.121538345767517 ], [ -34.975813869999968, -7.121541379767497 ], [ -34.975861124999945, -7.121566858767481 ], [ -34.975929623999953, -7.121609008767491 ], [ -34.976006493999932, -7.121641904767483 ], [ -34.976062885999958, -7.121698188767519 ], [ -34.976141525999935, -7.121750147767477 ], [ -34.976228392999928, -7.121810714767527 ], [ -34.976297108999972, -7.121911926767468 ], [ -34.97639490399996, -7.122021473767492 ], [ -34.976522554999974, -7.122118018767508 ], [ -34.976639104999947, -7.12217155676748 ], [ -34.976736220999953, -7.122201240767501 ], [ -34.97680412099993, -7.12224160376748 ], [ -34.976952453999957, -7.122304342767468 ], [ -34.977180093999948, -7.122420823767483 ], [ -34.977345409999934, -7.122559202767501 ], [ -34.977457146999939, -7.122628274767476 ], [ -34.977555765999966, -7.12269010776749 ], [ -34.977641706999975, -7.122753942767476 ], [ -34.977795275999938, -7.122871687767482 ], [ -34.977930442999934, -7.122952658767478 ], [ -34.978008963999969, -7.123002729767445 ], [ -34.978129217999943, -7.12308379476746 ], [ -34.978229236999937, -7.123170729767473 ], [ -34.97828569099994, -7.123247978767419 ], [ -34.97823847899997, -7.123352726767429 ], [ -34.978185609999969, -7.123518870767419 ], [ -34.97821117899997, -7.12358838576743 ], [ -34.978254656999979, -7.123717283767433 ], [ -34.97837627499996, -7.124045003767455 ], [ -34.978338507999979, -7.124128942767432 ], [ -34.978276601999937, -7.12418924076742 ], [ -34.977557912999934, -7.124101377767449 ], [ -34.977364186999971, -7.124061406767417 ], [ -34.977237009999946, -7.123777035767454 ], [ -34.976179972999944, -7.123148173767442 ], [ -34.975916794999925, -7.12301978276747 ], [ -34.975535107999974, -7.122928425767442 ], [ -34.975430655999965, -7.122877062767486 ], [ -34.975306294999939, -7.122824277767453 ], [ -34.97514946299998, -7.122750910767482 ], [ -34.975027419999947, -7.122720789767475 ], [ -34.974851204999936, -7.122637816767457 ], [ -34.974870412999955, -7.122586747767465 ], [ -34.974889850999944, -7.122542978767466 ], [ -34.974922002999961, -7.122501584767475 ], [ -34.974944161999922, -7.122459750767477 ], [ -34.974970619999965, -7.122425045767458 ], [ -34.975012550999963, -7.122368432767486 ], [ -34.975164921999976, -7.122140814767505 ], [ -34.975254246999953, -7.122004714767482 ], [ -34.975444580999977, -7.121684824767475 ], [ -34.97547370399996, -7.1217089517675 ], [ -34.975513502999945, -7.121717244767503 ], [ -34.975547434999953, -7.121712223767514 ] ] ] } },
{ "type": "Feature", "properties": { "num_setor": "PB_POMBAL_SR_1_CPRM", "munic": "POMBAL", "grau_risco": "Alto", "distancia_km": 1.65, "chuva_24h": 0.0, "chuva_72h": 0.0, "fonte_estacao": "openmeteo", "codigo_estacao": "openmeteo", "nome_estacao": "Open-Meteo (célula de grade)" }, "geometry": { "type": "Polygon", "coordinates": [ [ [ -37.797169547999943, -6.762809077779012 ], [ -37.797654987999977, -6.762642033778998 ], [ -37.797919218999937, -6.762334602778993 ], [ -37.798369477999977, -6.762220134779008 ], [ -37.798940759999937, -6.762103662779012 ], [ -37.799282195999979, -6.761775268779011 ], [ -37.799578837999945, -6.76201594177901 ], [ -37.800604901999975, -6.762381914778982 ], [ -37.801882671999977, -6.762439497778987 ], [ -37.803805735999958, -6.762899293779 ], [ -37.805399970999929, -6.763244695778986 ], [ -37.80605021599996, -6.763979554778937 ], [ -37.806314712999949, -6.765950320778876 ], [ -37.80707210099996, -6.767296673778856 ], [ -37.808007562999926, -6.769801557778739 ], [ -37.811340958999949, -6.773433775778627 ], [ -37.813400310999953, -6.775813268778585 ], [ -37.808715100999954, -6.777761619778532 ], [ -37.808253808999943, -6.777239916778554 ], [ -37.807826901999931, -6.776754806778563 ], [ -37.807512398999968, -6.776796540778544 ], [ -37.807079792999957, -6.777056381778534 ], [ -37.80681894199995, -6.777322211778519 ], [ -37.806449734999944, -6.777534869778518 ], [ -37.805793883999968, -6.777610476778496 ], [ -37.805365437999967, -6.777636045778505 ], [ -37.804728191999978, -6.777596682778523 ], [ -37.804481016999937, -6.77746203377851 ], [ -37.804292603999954, -6.777146461778536 ], [ -37.804250507999932, -6.776931593778544 ], [ -37.804401216999963, -6.776704703778536 ], [ -37.804606303999947, -6.776292273778557 ], [ -37.80488780699995, -6.775768060778569 ], [ -37.805294533999984, -6.775010261778611 ], [ -37.805362223999964, -6.774723308778622 ], [ -37.805372419999969, -6.774304797778617 ], [ -37.805230880999943, -6.774060316778641 ], [ -37.805046390999962, -6.773848512778643 ], [ -37.804557588999955, -6.773087284778682 ], [ -37.804349555999977, -6.772872082778637 ], [ -37.80414465399997, -6.773015698778638 ], [ -37.803926667999974, -6.772840115778659 ], [ -37.804116717999932, -6.772558965778687 ], [ -37.804028056999982, -6.772421604778708 ], [ -37.804285039999968, -6.772185800778712 ], [ -37.803904116999945, -6.771436482778703 ], [ -37.802998500999934, -6.769840448778766 ], [ -37.802668336999943, -6.769178124778774 ], [ -37.80152284199994, -6.768396057778808 ], [ -37.801424753999989, -6.767892915778811 ], [ -37.801200467999934, -6.767366110778837 ], [ -37.801136785999972, -6.766889753778884 ], [ -37.801143059999951, -6.766631917778891 ], [ -37.801164713999988, -6.766422654778854 ], [ -37.801091794999934, -6.765966243778903 ], [ -37.800363335999975, -6.766001584778909 ], [ -37.800049980999972, -6.764657108778905 ], [ -37.799358225999981, -6.764772426778944 ], [ -37.799119042999962, -6.763355345778991 ], [ -37.797293330999935, -6.763487532778945 ], [ -37.797169547999943, -6.762809077779012 ] ] ] } },
{ "type": "Feature", "properties": { "num_setor": "PB_PI_SR_03_CPRM", "munic": "PITIMBU", "grau_risco": "Alto", "distancia_km": 2.23, "chuva_24h": 0.0, "chuva_72h": 2.2, "fonte_estacao": "openmeteo", "codigo_estacao": "openmeteo", "nome_estacao": "Open-Meteo (célula de grade)" }, "geometry": { "type": "Polygon", "coordinates": [ [ [ -34.812042946999945, -7.477612824756132 ], [ -34.811978960999966, -7.477553655756129 ], [ -34.811905318999948, -7.477448089756134 ], [ -34.81188383999995, -7.477422281756156 ], [ -34.811836971999981, -7.477383556756136 ], [ -34.81178601299996, -7.477319738756137 ], [ -34.811744922999935, -7.477274606756175 ], [ -34.811699380999983, -7.477235218756168 ], [ -34.811659144999972, -7.477178975756157 ], [ -34.811642841999969, -7.47714026475615 ], [ -34.811626870999923, -7.477097022756149 ], [ -34.811620281999986, -7.477054264756142 ], [ -34.811625700999969, -7.477026391756183 ], [ -34.811639408999952, -7.476996329756176 ], [ -34.811652594999941, -7.47698024075619 ], [ -34.811685561999987, -7.476943285756149 ], [ -34.811729153999977, -7.47692702175614 ], [ -34.811753815999964, -7.476916789756179 ], [ -34.811801359999947, -7.476902155756148 ], [ -34.811806790999981, -7.476898055756138 ], [ -34.811832556999946, -7.476875121756184 ], [ -34.811870611999943, -7.476853319756188 ], [ -34.81187783799993, -7.476851070756154 ], [ -34.811907380999969, -7.476852791756142 ], [ -34.811954705999938, -7.476908128756195 ], [ -34.811959145999936, -7.476912068756195 ], [ -34.812027129999933, -7.476985019756182 ], [ -34.812091483999943, -7.477059572756168 ], [ -34.812150791999954, -7.477106232756177 ], [ -34.812179589999971, -7.47714155975616 ], [ -34.81220684699997, -7.477204879756132 ], [ -34.812254586999984, -7.477272912756181 ], [ -34.812312737999939, -7.477317151756162 ], [ -34.812324621999949, -7.477376532756129 ], [ -34.812323922999951, -7.477381984756165 ], [ -34.812313490999948, -7.47743631175615 ], [ -34.812311523999938, -7.477442743756172 ], [ -34.812289401999976, -7.477502566756124 ], [ -34.812259372999961, -7.477552122756149 ], [ -34.812221165999965, -7.47758589275616 ], [ -34.812168824999958, -7.477607550756145 ], [ -34.812165397999934, -7.477610809756118 ], [ -34.812103712999942, -7.477626502756149 ], [ -34.812042946999945, -7.477612824756132 ] ] ] } },
{ "type": "Feature", "properties": { "num_setor": "PB_PI_SR_04_CPRM", "munic": "PITIMBU", "grau_risco": "Alto", "distancia_km": 1.63, "chuva_24h": 0.0, "chuva_72h": 2.2, "fonte_estacao": "openmeteo", "codigo_estacao": "openmeteo", "nome_estacao": "Open-Meteo (célula de grade)" }, "geometry": { "type": "Polygon", "coordinates": [ [ [ -34.814739113999963, -7.483765141755976 ], [ -34.814786620999939, -7.483746803755962 ], [ -34.814713345999962, -7.483541791755925 ], [ -34.814737888999957, -7.483374326755985 ], [ -34.814944473999951, -7.483300382755983 ], [ -34.814800443999957, -7.482881033755966 ], [ -34.814711554, -7.482581513755983 ], [ -34.814602208999929, -7.48229694975602 ], [ -34.814518087999943, -7.482020151756013 ], [ -34.814431724999963, -7.481766940755989 ], [ -34.814318452999942, -7.481539360756005 ], [ -34.814269680999985, -7.481278962756045 ], [ -34.814158236999958, -7.481107454756049 ], [ -34.814065941999949, -7.481003604756038 ], [ -34.81415672199995, -7.480958999756016 ], [ -34.814275670999955, -7.480927253756018 ], [ -34.814422905999947, -7.480937628756009 ], [ -34.814581856999943, -7.480962599756024 ], [ -34.814741219999974, -7.48107861475602 ], [ -34.814887929999941, -7.481162394756037 ], [ -34.815023658999962, -7.48142417575603 ], [ -34.815125635999948, -7.48164635775604 ], [ -34.815212298999938, -7.481854605756012 ], [ -34.815288013999968, -7.482155557755977 ], [ -34.815344638999932, -7.482312498755971 ], [ -34.815383089999955, -7.482482666755979 ], [ -34.815455702999941, -7.482681122755991 ], [ -34.815596651999954, -7.482790066755959 ], [ -34.815660356999956, -7.482877991755963 ], [ -34.815734256999974, -7.483147277755946 ], [ -34.815722827999934, -7.483287124755958 ], [ -34.815716363999968, -7.483350839755965 ], [ -34.815734005999957, -7.483491577755934 ], [ -34.815909428999923, -7.483661084755934 ], [ -34.816067353999983, -7.483863074755926 ], [ -34.816230840999935, -7.484117433755914 ], [ -34.816475325999932, -7.48428986875593 ], [ -34.816615440999954, -7.484413926755907 ], [ -34.816730800999949, -7.484593968755916 ], [ -34.816727975999989, -7.484710886755909 ], [ -34.81683897399995, -7.484861899755901 ], [ -34.816857994999964, -7.485055497755904 ], [ -34.816860559999952, -7.485247068755917 ], [ -34.816802035999949, -7.485361304755911 ], [ -34.816978315999961, -7.485702951755872 ], [ -34.817199156999948, -7.485842082755895 ], [ -34.81744354999995, -7.486040559755859 ], [ -34.817453416999967, -7.486326117755874 ], [ -34.817272484999933, -7.486555087755835 ], [ -34.817222731999948, -7.486789031755831 ], [ -34.817205189999981, -7.487144053755828 ], [ -34.817082272999983, -7.48731002975583 ], [ -34.816883145999952, -7.487366148755848 ], [ -34.816682818999936, -7.487419824755833 ], [ -34.816558176999933, -7.487097962755825 ], [ -34.816366862999978, -7.486469288755869 ], [ -34.816170879999959, -7.486362037755891 ], [ -34.816014467999935, -7.486404752755844 ], [ -34.815921721999985, -7.48608258175586 ], [ -34.815887894999946, -7.485766050755867 ], [ -34.815886435999964, -7.485537815755912 ], [ -34.81585305699997, -7.485419674755895 ], [ -34.81584437999993, -7.485222723755871 ], [ -34.815629467999941, -7.484918164755913 ], [ -34.815574440999967, -7.484683629755918 ], [ -34.81540012499994, -7.484500241755937 ], [ -34.815312050999978, -7.484309162755953 ], [ -34.81521837799994, -7.484254578755962 ], [ -34.815116716999967, -7.484253452755933 ], [ -34.814943942999946, -7.484305623755918 ], [ -34.814739113999963, -7.483765141755976 ] ] ] } },
{ "type": "Feature", "properties": { "num_setor": "PB_RIOTINT_SR_1_CPRM", "munic": "RIO TINTO", "grau_risco": "Alto", "distancia_km": 1.64, "chuva_24h": 0.0, "chuva_72h": 0.3, "fonte_estacao": "openmeteo", "codigo_estacao": "openmeteo", "nome_estacao": "Open-Meteo (célula de grade)" }, "geometry": { "type": "Polygon", "coordinates": [ [ [ -35.091487150999967, -6.824005952777001 ], [ -35.091881064999939, -6.823445272777045 ], [ -35.092445947999977, -6.823190306777049 ], [ -35.093129711999943, -6.823156261777042 ], [ -35.093696722999944, -6.822741668777096 ], [ -35.093812454999977, -6.822548158777072 ], [ -35.09434578299993, -6.822106312777087 ], [ -35.09518107599996, -6.822220154777098 ], [ -35.095796603999929, -6.822763387777061 ], [ -35.095932741999945, -6.823647019777039 ], [ -35.095402867999951, -6.824427732777 ], [ -35.09490751299996, -6.824545992777014 ], [ -35.094308947999934, -6.824733254777009 ], [ -35.093659460999959, -6.825293417776985 ], [ -35.093266557999989, -6.826379481776934 ], [ -35.093198085999973, -6.827652060776938 ], [ -35.093300625999973, -6.828534392776858 ], [ -35.093300466999942, -6.829281957776872 ], [ -35.093214639999928, -6.830132993776819 ], [ -35.089143475999947, -6.828230716776884 ], [ -35.089196289999961, -6.827517021776897 ], [ -35.089162564999981, -6.827160392776906 ], [ -35.088854760999936, -6.826769921776911 ], [ -35.088649105999934, -6.82643037677695 ], [ -35.088818371999935, -6.825840466776995 ], [ -35.089366145999975, -6.825024987776978 ], [ -35.090017650999982, -6.824378878777007 ], [ -35.090701386999967, -6.824311065777017 ], [ -35.091196826999976, -6.824396243777026 ], [ -35.091487150999967, -6.824005952777001 ] ] ] } },
{ "type": "Feature", "properties": { "num_setor": "PB_RIOTINT_SR_2_CPRM", "munic": "RIO TINTO", "grau_risco": "Alto", "distancia_km": 1.94, "chuva_24h": 0.0, "chuva_72h": 0.3, "fonte_estacao": "openmeteo", "codigo_estacao": "openmeteo", "nome_estacao": "Open-Meteo (célula de grade)" }, "geometry": { "type": "Polygon", "coordinates": [ [ [ -35.073343922999982, -6.816498592777264 ], [ -35.073474665999981, -6.816173317777249 ], [ -35.07384564299997, -6.8161082107773 ], [ -35.074411733999966, -6.816150544777304 ], [ -35.075263275999923, -6.816172187777263 ], [ -35.075896944999954, -6.816194249777293 ], [ -35.076531044999967, -6.816411968777264 ], [ -35.077120858999933, -6.816629202777242 ], [ -35.077600939999968, -6.816737436777275 ], [ -35.078343263999955, -6.816716080777292 ], [ -35.078626823999969, -6.817084194777245 ], [ -35.079281665999929, -6.817669421777219 ], [ -35.080285733999972, -6.818687574777202 ], [ -35.081573453999958, -6.820292027777116 ], [ -35.082140422999942, -6.820876990777148 ], [ -35.083035259999974, -6.821440415777132 ], [ -35.085237751999955, -6.822024911777103 ], [ -35.086459297999959, -6.823151239777063 ], [ -35.086722525999967, -6.824278513777024 ], [ -35.086659615999963, -6.825103772777012 ], [ -35.086572304999954, -6.825580609776999 ], [ -35.085612503999982, -6.826513400776943 ], [ -35.073562527999968, -6.820768632777125 ], [ -35.073562561999942, -6.819858326777173 ], [ -35.073561489999975, -6.819207942777213 ], [ -35.073667425999929, -6.818491747777185 ], [ -35.073797962999947, -6.817840911777223 ], [ -35.073798962999945, -6.817429224777245 ], [ -35.073626410999964, -6.817018204777251 ], [ -35.073343922999982, -6.816498592777264 ] ] ] } },
{ "type": "Feature", "properties": { "num_setor": "PB_POMBAL_SR_2_CPRM", "munic": "POMBAL", "grau_risco": "Alto", "distancia_km": 1.64, "chuva_24h": 0.0, "chuva_72h": 0.0, "fonte_estacao": "openmeteo", "codigo_estacao": "openmeteo", "nome_estacao": "Open-Meteo (célula de grade)" }, "geometry": { "type": "Polygon", "coordinates": [ [ [ -37.789747887999965, -6.764857680778937 ], [ -37.789875920999968, -6.76468577877891 ], [ -37.791630883999972, -6.766596056778872 ], [ -37.790979818999972, -6.767008760778845 ], [ -37.790521578999972, -6.767349248778842 ], [ -37.790165873999968, -6.767427062778847 ], [ -37.78971026399995, -6.767432716778846 ], [ -37.789345884999925, -6.767502605778822 ], [ -37.78918993199995, -6.767624447778819 ], [ -37.789066287999958, -6.767726723778825 ], [ -37.788464793999935, -6.767612397778811 ], [ -37.787673763999976, -6.767440104778824 ], [ -37.787043932999943, -6.76726635977885 ], [ -37.786726109999954, -6.767220972778849 ], [ -37.786320376999981, -6.767199784778836 ], [ -37.786147583999934, -6.767179421778869 ], [ -37.785918709999976, -6.765598161778896 ], [ -37.786682815999939, -6.765495078778897 ], [ -37.787609331999931, -6.765360168778924 ], [ -37.787920272999941, -6.765301982778928 ], [ -37.788062681999975, -6.765154717778925 ], [ -37.788295546999954, -6.765078226778907 ], [ -37.788586480999982, -6.765001630778928 ], [ -37.789117395999938, -6.764981897778939 ], [ -37.789500191999934, -6.764987537778923 ], [ -37.789747887999965, -6.764857680778937 ] ] ] } },
{ "type": "Feature", "properties": { "num_setor": "PB_SB_SR_01_CPRM", "munic": "SÃO BENTO", "grau_risco": "Alto", "distancia_km": 0.56, "chuva_24h": 0.0, "chuva_72h": 0.0, "fonte_estacao": "openmeteo", "codigo_estacao": "openmeteo", "nome_estacao": "Open-Meteo (célula de grade)" }, "geometry": { "type": "Polygon", "coordinates": [ [ [ -37.447929997999957, -6.482700514788006 ], [ -37.446818935999943, -6.482528054787968 ], [ -37.446558951999975, -6.480679862788067 ], [ -37.446415921999979, -6.478621187788139 ], [ -37.450145099999936, -6.477137298788146 ], [ -37.452884981999944, -6.478385062788126 ], [ -37.455341405999945, -6.478836305788103 ], [ -37.457855045999963, -6.4794640737881 ], [ -37.463171698999936, -6.481387168788025 ], [ -37.46631935299996, -6.483273713787956 ], [ -37.468463457999974, -6.485755272787865 ], [ -37.467408967999972, -6.48686982378783 ], [ -37.455884538999946, -6.485796929787861 ], [ -37.454283359999977, -6.486364939787838 ], [ -37.453977284999951, -6.486334975787882 ], [ -37.453104265999968, -6.485749095787878 ], [ -37.452202489999934, -6.485128770787903 ], [ -37.452162649999934, -6.484746766787892 ], [ -37.451370460999954, -6.484764604787911 ], [ -37.451386233999983, -6.484244267787924 ], [ -37.451022949999981, -6.48416889878792 ], [ -37.451048826999966, -6.483725233787956 ], [ -37.450422956999944, -6.483644822787964 ], [ -37.450230100999931, -6.483565362787972 ], [ -37.449783633999978, -6.483571780787966 ], [ -37.449542852999969, -6.48362694478797 ], [ -37.448747105999985, -6.483595059787972 ], [ -37.447929997999957, -6.482700514788006 ] ] ] } },
{ "type": "Feature", "properties": { "num_setor": "PB_PA_SR_01_CPRM", "munic": "PATOS", "grau_risco": "Alto", "distancia_km": 0.31, "chuva_24h": 0.0, "chuva_72h": 0.0, "fonte_estacao": "openmeteo", "codigo_estacao": "openmeteo", "nome_estacao": "Open-Meteo (célula de grade)" }, "geometry": { "type": "Polygon", "coordinates": [ [ [ -37.276889636999961, -7.019683379770756 ], [ -37.277281076999941, -7.019496306770757 ], [ -37.277467016999935, -7.019358885770787 ], [ -37.277639901999976, -7.019143306770807 ], [ -37.277907300999971, -7.018819898770778 ], [ -37.278157594999982, -7.017825118770819 ], [ -37.278380633, -7.017219005770836 ], [ -37.279430433999948, -7.017272784770823 ], [ -37.279153402999945, -7.018340064770817 ], [ -37.27903983799996, -7.018820082770817 ], [ -37.279142849999971, -7.019316496770803 ], [ -37.279089314999965, -7.019858364770759 ], [ -37.278434423999954, -7.02061796077075 ], [ -37.278530016999987, -7.020756044770697 ], [ -37.279291348999948, -7.021284683770724 ], [ -37.279665678999947, -7.021618678770718 ], [ -37.28010347399993, -7.021986173770683 ], [ -37.280604109999956, -7.022459783770702 ], [ -37.280607515999982, -7.022890417770686 ], [ -37.280857153999932, -7.023139727770631 ], [ -37.281326808999943, -7.023195798770647 ], [ -37.281331005999959, -7.023458289770641 ], [ -37.281606596999957, -7.023483367770658 ], [ -37.281596422999939, -7.023796129770616 ], [ -37.281545061999964, -7.024358223770629 ], [ -37.281231361999971, -7.024480488770587 ], [ -37.281048871999928, -7.024404456770608 ], [ -37.28107205699996, -7.023942431770632 ], [ -37.280631114999949, -7.023716306770652 ], [ -37.280482072999973, -7.023280439770649 ], [ -37.280165438999973, -7.022984474770633 ], [ -37.280062720999979, -7.022753303770649 ], [ -37.27976267799994, -7.022460706770657 ], [ -37.279738576999932, -7.022296574770648 ], [ -37.279495390999955, -7.02205965577069 ], [ -37.27931716899996, -7.021972466770692 ], [ -37.279075152999951, -7.02179929077072 ], [ -37.278838074999953, -7.02165004677073 ], [ -37.278779393999976, -7.021557560770701 ], [ -37.278630213999975, -7.021426880770719 ], [ -37.278393874999949, -7.021220805770735 ], [ -37.278331680999941, -7.021121419770692 ], [ -37.278278993999947, -7.020996724770741 ], [ -37.277948890999944, -7.020764134770757 ], [ -37.277562320999948, -7.020522207770714 ], [ -37.27715627699996, -7.020635892770747 ], [ -37.276889636999961, -7.019683379770756 ] ] ] } },
{ "type": "Feature", "properties": { "num_setor": "PB_PA_SR_02_CPRM", "munic": "PATOS", "grau_risco": "Alto", "distancia_km": 1.52, "chuva_24h": 0.0, "chuva_72h": 0.0, "fonte_estacao": "openmeteo", "codigo_estacao": "openmeteo", "nome_estacao": "Open-Meteo (célula de grade)" }, "geometry": { "type": "Polygon", "coordinates": [ [ [ -37.291264394999985, -7.029613614770451 ], [ -37.290719952999957, -7.029416286770438 ], [ -37.29059233299995, -7.029197705770438 ], [ -37.290464032999978, -7.029154621770474 ], [ -37.290351835999957, -7.029149727770445 ], [ -37.290102580999985, -7.02913974977046 ], [ -37.29005495499996, -7.029009028770465 ], [ -37.289950144999978, -7.02891831077044 ], [ -37.289627348999943, -7.0288901727705 ], [ -37.289517427999954, -7.028750486770487 ], [ -37.289432896999983, -7.028744924770478 ], [ -37.289271766999946, -7.028646397770497 ], [ -37.289068157999957, -7.028631484770476 ], [ -37.289073223999935, -7.028423853770453 ], [ -37.288788058999963, -7.028305315770479 ], [ -37.288522109999974, -7.028059667770512 ], [ -37.288178685999988, -7.027814849770524 ], [ -37.28802011099998, -7.027799294770519 ], [ -37.288023702999965, -7.027692283770508 ], [ -37.288115498999957, -7.027653475770512 ], [ -37.288204, -7.027707366770508 ], [ -37.288745046999964, -7.027747772770486 ], [ -37.289292586999977, -7.028107129770506 ], [ -37.289411028999957, -7.028159929770498 ], [ -37.289422712999972, -7.028218123770513 ], [ -37.289562485999966, -7.028363547770496 ], [ -37.289770134999969, -7.028583498770507 ], [ -37.290047077999922, -7.028596891770462 ], [ -37.290246676999971, -7.028711211770485 ], [ -37.290377315999933, -7.028729689770494 ], [ -37.290485931999967, -7.028866891770456 ], [ -37.290645053999974, -7.028890101770453 ], [ -37.29105458399993, -7.029008178770474 ], [ -37.291282163999938, -7.029067193770445 ], [ -37.29161054399998, -7.029329755770487 ], [ -37.291974917999937, -7.029433863770442 ], [ -37.292514634999975, -7.029677955770434 ], [ -37.292165014999966, -7.029866843770458 ], [ -37.291858358999946, -7.029733401770464 ], [ -37.291649973999938, -7.029742652770461 ], [ -37.291264394999985, -7.029613614770451 ] ] ] } },
{ "type": "Feature", "properties": { "num_setor": "PB_NAT_SR_02_CPRM", "munic": "NATUBA", "grau_risco": "Alto", "distancia_km": 1.53, "chuva_24h": 0.5, "chuva_72h": 1.2, "fonte_estacao": "openmeteo", "codigo_estacao": "openmeteo", "nome_estacao": "Open-Meteo (célula de grade)" }, "geometry": { "type": "Polygon", "coordinates": [ [ [ -35.550840022999971, -7.641208185750951 ], [ -35.550917, -7.641199999750953 ], [ -35.551854246999937, -7.641307207750918 ], [ -35.551841477999972, -7.641483771750928 ], [ -35.551748678999957, -7.641514704750935 ], [ -35.551620187999958, -7.641512325750911 ], [ -35.551413174999936, -7.641462356750946 ], [ -35.551291821999939, -7.641452839750915 ], [ -35.551172848999954, -7.641488530750913 ], [ -35.551122880999969, -7.641493289750947 ], [ -35.551080050999929, -7.641424284750946 ], [ -35.55104911799998, -7.641407629750926 ], [ -35.550939661999962, -7.641405249750912 ], [ -35.550858760999972, -7.641367177750919 ], [ -35.550815930999939, -7.641345763750912 ], [ -35.550830206999933, -7.641238687750914 ], [ -35.550840022999971, -7.641208185750951 ] ] ] } },
{ "type": "Feature", "properties": { "num_setor": "PB_NAT_SR_03_CPRM", "munic": "NATUBA", "grau_risco": "Alto", "distancia_km": 1.41, "chuva_24h": 0.2, "chuva_72h": 0.3, "fonte_estacao": "openmeteo", "codigo_estacao": "openmeteo", "nome_estacao": "Open-Meteo (célula de grade)" }, "geometry": { "type": "Polygon", "coordinates": [ [ [ -35.554787605999934, -7.643473575750872 ], [ -35.554807646999961, -7.643194191750871 ], [ -35.555267379999975, -7.64324772175088 ], [ -35.555248220999943, -7.643537427750853 ], [ -35.554787605999934, -7.643473575750872 ] ] ] } },
{ "type": "Feature", "properties": { "num_setor": "PB_PI_SR_01_CPRM", "munic": "PITIMBU", "grau_risco": "Alto", "distancia_km": 1.94, "chuva_24h": 0.0, "chuva_72h": 2.2, "fonte_estacao": "openmeteo", "codigo_estacao": "openmeteo", "nome_estacao": "Open-Meteo (célula de grade)" }, "geometry": { "type": "Polygon", "coordinates": [ [ [ -34.809575179999968, -7.473162229756292 ], [ -34.809584467999969, -7.47316349575626 ], [ -34.809737911999946, -7.473184409756265 ], [ -34.809753114999978, -7.47318648175629 ], [ -34.809771325999975, -7.473188963756308 ], [ -34.809868393999977, -7.473239638756263 ], [ -34.809886902999956, -7.473245837756299 ], [ -34.809895818999969, -7.473247032756285 ], [ -34.810013374999983, -7.473374940756298 ], [ -34.810017328999955, -7.473382534756252 ], [ -34.810189940999983, -7.473536488756291 ], [ -34.810443251999963, -7.473665390756258 ], [ -34.810583161999951, -7.473712874756246 ], [ -34.810672026999953, -7.473777129756289 ], [ -34.81073435199994, -7.473871715756274 ], [ -34.81077733199993, -7.473957630756271 ], [ -34.81083055199997, -7.474049971756236 ], [ -34.810915983999955, -7.474134861756271 ], [ -34.810987484999941, -7.47420499575627 ], [ -34.811116130999942, -7.474331915756223 ], [ -34.811184523999948, -7.474424058756234 ], [ -34.811319893999958, -7.47451045875622 ], [ -34.811451040999941, -7.474572575756246 ], [ -34.811563651999961, -7.474624555756264 ], [ -34.811730342999965, -7.47467474575623 ], [ -34.811892347999958, -7.474649580756228 ], [ -34.812059245999933, -7.47464942475622 ], [ -34.812206686999957, -7.47465448975626 ], [ -34.812321374999954, -7.474637729756214 ], [ -34.812464193999965, -7.474629401756232 ], [ -34.812567052999952, -7.474623111756247 ], [ -34.812678950999953, -7.474616877756239 ], [ -34.812756689999958, -7.474633344756256 ], [ -34.812820056999954, -7.474667894756209 ], [ -34.812822837999931, -7.474789457756255 ], [ -34.812801542999978, -7.474906776756225 ], [ -34.812777767999933, -7.474989798756232 ], [ -34.812763823999944, -7.475067733756211 ], [ -34.812695013999928, -7.475080791756245 ], [ -34.81255398299993, -7.475055062756228 ], [ -34.812428742999941, -7.475026823756214 ], [ -34.812313385999971, -7.475012208756219 ], [ -34.812185202999956, -7.475007842756229 ], [ -34.812111302999938, -7.475001896756248 ], [ -34.812006149999938, -7.475010303756245 ], [ -34.811999525999965, -7.475012707756229 ], [ -34.811862433999977, -7.475030687756222 ], [ -34.811760819999961, -7.475027478756226 ], [ -34.811685147999981, -7.475025729756246 ], [ -34.811554289999947, -7.474966630756247 ], [ -34.811433324999939, -7.474912600756251 ], [ -34.811373744999969, -7.474888718756252 ], [ -34.811252105999984, -7.474825142756258 ], [ -34.811097904999933, -7.474731218756259 ], [ -34.810890387999962, -7.474644331756253 ], [ -34.810780628999964, -7.474535652756258 ], [ -34.810722201999958, -7.474479464756234 ], [ -34.810659984999972, -7.474446579756235 ], [ -34.810572476999937, -7.474426743756261 ], [ -34.810496285999932, -7.474385590756222 ], [ -34.810416890999932, -7.474338509756232 ], [ -34.810335244999976, -7.474245337756246 ], [ -34.810230272999945, -7.474223923756238 ], [ -34.810172918999967, -7.474189059756255 ], [ -34.810151219999959, -7.47415572875626 ], [ -34.810110288999965, -7.474109871756229 ], [ -34.810031118, -7.474115465756242 ], [ -34.809962821999932, -7.474127047756254 ], [ -34.809879158999941, -7.474087374756257 ], [ -34.809736774999976, -7.473839282756276 ], [ -34.809564938999983, -7.473651942756255 ], [ -34.809416830999965, -7.473486445756305 ], [ -34.809408083999983, -7.473475044756248 ], [ -34.809319750999983, -7.4733817397563 ], [ -34.809363073999975, -7.473261948756279 ], [ -34.80946747399998, -7.473228081756266 ], [ -34.809479640999939, -7.473229366756258 ], [ -34.809575179999968, -7.473162229756292 ] ] ] } },
{ "type": "Feature", "properties": { "num_setor": "PB_PI_SR_02_CPRM", "munic": "PITIMBU", "grau_risco": "Alto", "distancia_km": 2.16, "chuva_24h": 0.0, "chuva_72h": 2.2, "fonte_estacao": "openmeteo", "codigo_estacao": "openmeteo", "nome_estacao": "Open-Meteo (célula de grade)" }, "geometry": { "type": "Polygon", "coordinates": [ [ [ -34.813221140999929, -7.479807297756087 ], [ -34.813043654999944, -7.47948989675608 ], [ -34.813190307999939, -7.479429949756073 ], [ -34.813079247999944, -7.47925137475607 ], [ -34.813175631999975, -7.479205175756076 ], [ -34.813124760999983, -7.479103973756081 ], [ -34.813144750999982, -7.47908848075611 ], [ -34.813131410999972, -7.478950648756101 ], [ -34.813142916999936, -7.47889645875609 ], [ -34.81307647999995, -7.47876639475614 ], [ -34.812967651999941, -7.478593077756121 ], [ -34.812913301999963, -7.478398413756135 ], [ -34.812886699999979, -7.478280445756091 ], [ -34.813054119999947, -7.478182348756126 ], [ -34.813206598999948, -7.478193086756138 ], [ -34.813278009999976, -7.478228100756131 ], [ -34.813312389999965, -7.478346128756096 ], [ -34.813568259999947, -7.478554497756097 ], [ -34.81371065299993, -7.478790277756116 ], [ -34.813770481999939, -7.479037039756124 ], [ -34.813720118999981, -7.47923281975608 ], [ -34.813877766999958, -7.479467217756099 ], [ -34.813893149999949, -7.479612642756068 ], [ -34.813827724999953, -7.479784953756091 ], [ -34.813924158999953, -7.479868774756069 ], [ -34.813998298999941, -7.479794764756071 ], [ -34.81416601199993, -7.479762165756068 ], [ -34.814344897999945, -7.479929267756093 ], [ -34.814399493999929, -7.480204070756053 ], [ -34.81432929999994, -7.480389792756073 ], [ -34.814380704999962, -7.480623216756052 ], [ -34.814300331999959, -7.480664938756044 ], [ -34.814156522999951, -7.480744691756069 ], [ -34.813945107999984, -7.480795865756025 ], [ -34.813809362999955, -7.480612061756067 ], [ -34.813593709999957, -7.480265860756067 ], [ -34.813471292999957, -7.480156991756048 ], [ -34.813221140999929, -7.479807297756087 ] ] ] } },
{ "type": "Feature", "properties": { "num_setor": "PB_PA_SR_03_CPRM", "munic": "PATOS", "grau_risco": "Alto", "distancia_km": 0.95, "chuva_24h": 0.0, "chuva_72h": 0.0, "fonte_estacao": "openmeteo", "codigo_estacao": "openmeteo", "nome_estacao": "Open-Meteo (célula de grade)" }, "geometry": { "type": "Polygon", "coordinates": [ [ [ -37.282357973999979, -7.040121637770118 ], [ -37.282378263999931, -7.039853796770142 ], [ -37.282556546999956, -7.039557591770109 ], [ -37.283022317999951, -7.039351645770124 ], [ -37.283371311999922, -7.039244400770148 ], [ -37.284049334999963, -7.039468075770113 ], [ -37.284933581999951, -7.039944570770142 ], [ -37.285769454999979, -7.040746348770093 ], [ -37.286186743999963, -7.041119137770067 ], [ -37.286555234999987, -7.041365474770084 ], [ -37.287226705999956, -7.041899351770075 ], [ -37.28772700199994, -7.04199132677005 ], [ -37.288157443999978, -7.04227161877005 ], [ -37.288196199999959, -7.042483530770039 ], [ -37.28711728299993, -7.042674647770021 ], [ -37.286449304999962, -7.042531496770051 ], [ -37.285844498999943, -7.042421964770041 ], [ -37.285522441999944, -7.042511124770052 ], [ -37.285351250999945, -7.041881663770057 ], [ -37.284487555999931, -7.041438905770053 ], [ -37.28432063199994, -7.040853003770061 ], [ -37.283661404999975, -7.040444673770101 ], [ -37.283574162999976, -7.040206371770095 ], [ -37.283343446999929, -7.040141730770107 ], [ -37.282607791999965, -7.04050947377012 ], [ -37.282395092999927, -7.040460254770117 ], [ -37.282357973999979, -7.040121637770118 ] ] ] } },
{ "type": "Feature", "properties": { "num_setor": "PB_PA_SR_04_CPRM", "munic": "PATOS", "grau_risco": "Alto", "distancia_km": 1.77, "chuva_24h": 0.0, "chuva_72h": 0.0, "fonte_estacao": "openmeteo", "codigo_estacao": "openmeteo", "nome_estacao": "Open-Meteo (célula de grade)" }, "geometry": { "type": "Polygon", "coordinates": [ [ [ -37.276278766999951, -7.03845695277019 ], [ -37.275937471999953, -7.037647755770193 ], [ -37.27555276399994, -7.037551977770194 ], [ -37.275117094999985, -7.03675612877023 ], [ -37.274906398999974, -7.035927796770234 ], [ -37.274145524999938, -7.035481847770264 ], [ -37.273523753999939, -7.035012339770296 ], [ -37.273480681999956, -7.033912929770282 ], [ -37.272977403999967, -7.033063340770328 ], [ -37.272974270999953, -7.032431646770361 ], [ -37.271814299999967, -7.031266723770417 ], [ -37.271152580999967, -7.03049183477043 ], [ -37.270537637999951, -7.029760244770468 ], [ -37.269389555999965, -7.028921556770451 ], [ -37.268603847999941, -7.028039879770479 ], [ -37.268527640999935, -7.027458264770511 ], [ -37.269649416999975, -7.027123286770515 ], [ -37.270268668999961, -7.027356806770495 ], [ -37.270967815999938, -7.027513734770511 ], [ -37.271555483999968, -7.027626200770528 ], [ -37.272289549999982, -7.028129073770476 ], [ -37.272754811999953, -7.02863997177048 ], [ -37.273054116999958, -7.028743463770466 ], [ -37.273781934999931, -7.029202118770439 ], [ -37.273762397999974, -7.029332219770465 ], [ -37.27415352099996, -7.029366077770455 ], [ -37.274151629999949, -7.030222566770426 ], [ -37.27441960699997, -7.030583459770412 ], [ -37.274872714999958, -7.031045618770385 ], [ -37.275040367999971, -7.031386386770376 ], [ -37.27507852399998, -7.031708650770399 ], [ -37.274508683999954, -7.032167349770357 ], [ -37.275090293999931, -7.033212959770335 ], [ -37.275215681999953, -7.033603550770311 ], [ -37.275467310999936, -7.034204355770322 ], [ -37.275915075999933, -7.035104964770278 ], [ -37.276244363999979, -7.035423019770253 ], [ -37.276842537999975, -7.036224732770203 ], [ -37.276923612999951, -7.036461663770215 ], [ -37.276972989999933, -7.036779101770231 ], [ -37.277270994999981, -7.037165916770173 ], [ -37.277589322999972, -7.037313055770207 ], [ -37.277762976999952, -7.037625304770185 ], [ -37.277936389999979, -7.038053364770156 ], [ -37.278279276999967, -7.038067408770175 ], [ -37.278151570999974, -7.038990135770129 ], [ -37.27746672599995, -7.038785283770167 ], [ -37.276966714999958, -7.038627266770185 ], [ -37.276550869999937, -7.038635621770165 ], [ -37.276278766999951, -7.03845695277019 ] ] ] } },
{ "type": "Feature", "properties": { "num_setor": "PB_JOAOPES_SR_15_CPRM", "munic": "JOÃO PESSOA", "grau_risco": "Alto", "distancia_km": 1.31, "chuva_24h": 0.0, "chuva_72h": 0.9, "fonte_estacao": "openmeteo", "codigo_estacao": "openmeteo", "nome_estacao": "Open-Meteo (célula de grade)" }, "geometry": { "type": "Polygon", "coordinates": [ [ [ -34.888005981999981, -7.148346196766659 ], [ -34.887951145999978, -7.148189748766627 ], [ -34.888256765999984, -7.148109076766662 ], [ -34.888422416999958, -7.148075460766663 ], [ -34.888481997999982, -7.14835105376663 ], [ -34.888241427999965, -7.148400132766635 ], [ -34.888120638999958, -7.148416525766638 ], [ -34.888046837999987, -7.148425295766667 ], [ -34.888005981999981, -7.148346196766659 ] ] ] } },
{ "type": "Feature", "properties": { "num_setor": "PB_JOAOPES_SR_16_CPRM", "munic": "JOÃO PESSOA", "grau_risco": "Alto", "distancia_km": 1.59, "chuva_24h": 0.0, "chuva_72h": 0.8, "fonte_estacao": "openmeteo", "codigo_estacao": "openmeteo", "nome_estacao": "Open-Meteo (célula de grade)" }, "geometry": { "type": "Polygon", "coordinates": [ [ [ -34.885643524999978, -7.153270902766508 ], [ -34.885581849999937, -7.153172989766515 ], [ -34.885618344999948, -7.15314624076649 ], [ -34.885682369999984, -7.153082743766505 ], [ -34.885590337999929, -7.152924055766511 ], [ -34.885723987999938, -7.152830806766486 ], [ -34.885809593999966, -7.15301435676651 ], [ -34.88583153999997, -7.153351135766505 ], [ -34.885717582, -7.153418767766472 ], [ -34.885643524999978, -7.153270902766508 ] ] ] } },
{ "type": "Feature", "properties": { "num_setor": "PB_JOAOPES_SR_13_CPRM", "munic": "JOÃO PESSOA", "grau_risco": "Alto", "distancia_km": 0.84, "chuva_24h": 0.0, "chuva_72h": 0.8, "fonte_estacao": "openmeteo", "codigo_estacao": "openmeteo", "nome_estacao": "Open-Meteo (célula de grade)" }, "geometry": { "type": "Polygon", "coordinates": [ [ [ -34.888583934999929, -7.159839286766279 ], [ -34.888591493999968, -7.1597797247663 ], [ -34.888527259999933, -7.159489716766265 ], [ -34.888454315999979, -7.159104250766327 ], [ -34.888516678999963, -7.159091435766277 ], [ -34.888588052999978, -7.159069504766288 ], [ -34.888936581999928, -7.15895748076632 ], [ -34.889181478999944, -7.159281563766316 ], [ -34.889104139999979, -7.159331054766288 ], [ -34.88921320399993, -7.159561698766276 ], [ -34.888947867999946, -7.159657460766279 ], [ -34.889096620999972, -7.160088406766249 ], [ -34.888594118999947, -7.160276435766256 ], [ -34.888583934999929, -7.159839286766279 ] ] ] } },
{ "type": "Feature", "properties": { "num_setor": "PB_JOAOPES_SR_14_CPRM", "munic": "JOÃO PESSOA", "grau_risco": "Alto", "distancia_km": 1.47, "chuva_24h": 0.0, "chuva_72h": 0.9, "fonte_estacao": "openmeteo", "codigo_estacao": "openmeteo", "nome_estacao": "Open-Meteo (célula de grade)" }, "geometry": { "type": "Polygon", "coordinates": [ [ [ -34.885962450999962, -7.148871837766613 ], [ -34.886018466999928, -7.148935132766629 ], [ -34.886041511999963, -7.148919734766614 ], [ -34.88627097899996, -7.149169366766634 ], [ -34.886314363999929, -7.149146605766602 ], [ -34.88642014699996, -7.149266569766621 ], [ -34.886508933999949, -7.149385765766629 ], [ -34.886628365999968, -7.149544857766617 ], [ -34.886570299999967, -7.149585010766602 ], [ -34.886620198999935, -7.149671767766618 ], [ -34.886783302999959, -7.149912125766595 ], [ -34.886721706999936, -7.149967237766575 ], [ -34.886847044999968, -7.150113206766591 ], [ -34.886785032999967, -7.150171759766618 ], [ -34.88667165499993, -7.150270972766613 ], [ -34.886454971999967, -7.150146729766604 ], [ -34.886294752999959, -7.150070807766594 ], [ -34.88612401499995, -7.149904567766603 ], [ -34.885981651999941, -7.149785167766592 ], [ -34.885793962999969, -7.149681379766597 ], [ -34.885893696999972, -7.149564612766594 ], [ -34.88595860099997, -7.149494741766602 ], [ -34.886084411999938, -7.14935602976664 ], [ -34.885635364999985, -7.149127381766631 ], [ -34.885850189999921, -7.148947256766649 ], [ -34.88587212099997, -7.148955909766604 ], [ -34.885962450999962, -7.148871837766613 ] ] ] } },
{ "type": "Feature", "properties": { "num_setor": "PB_JOAOPES_SR_19_CPRM", "munic": "JOÃO PESSOA", "grau_risco": "Alto", "distancia_km": 1.13, "chuva_24h": 0.0, "chuva_72h": 0.9, "fonte_estacao": "openmeteo", "codigo_estacao": "openmeteo", "nome_estacao": "Open-Meteo (célula de grade)" }, "geometry": { "type": "Polygon", "coordinates": [ [ [ -34.876494193999974, -7.138735375766949 ], [ -34.876786403999972, -7.138644220766938 ], [ -34.877203459999976, -7.138544043766963 ], [ -34.87743616299997, -7.138548525766977 ], [ -34.877490481999985, -7.138730433766973 ], [ -34.878862712999933, -7.139507006766946 ], [ -34.878643806999946, -7.139830277766944 ], [ -34.878634182999974, -7.13985216076693 ], [ -34.877102351999952, -7.141018034766871 ], [ -34.876892847999954, -7.140795240766918 ], [ -34.876749722999932, -7.140637280766898 ], [ -34.87661693299998, -7.140506421766874 ], [ -34.877634059999934, -7.139777459766919 ], [ -34.877278161999982, -7.139410903766915 ], [ -34.877433903999929, -7.139008221766971 ], [ -34.877237870999977, -7.138822478766941 ], [ -34.876171872999976, -7.139116270766968 ], [ -34.876101479999932, -7.138831647766952 ], [ -34.876494193999974, -7.138735375766949 ] ] ] } },
{ "type": "Feature", "properties": { "num_setor": "PB_JOAOPES_SR_20_CPRM", "munic": "JOÃO PESSOA", "grau_risco": "Alto", "distancia_km": 1.7, "chuva_24h": 0.0, "chuva_72h": 0.9, "fonte_estacao": "openmeteo", "codigo_estacao": "openmeteo", "nome_estacao": "Open-Meteo (célula de grade)" }, "geometry": { "type": "Polygon", "coordinates": [ [ [ -34.873693165999953, -7.142584112766827 ], [ -34.873884886999974, -7.142651141766856 ], [ -34.873751751999983, -7.143056851766836 ], [ -34.873712571999931, -7.143046689766815 ], [ -34.873683263999958, -7.143140695766793 ], [ -34.873645320999969, -7.143343489766808 ], [ -34.873596168999939, -7.143509034766818 ], [ -34.87386708799994, -7.143642423766799 ], [ -34.873923521999984, -7.143662432766819 ], [ -34.873845504999963, -7.143866963766766 ], [ -34.873442788999967, -7.143704047766803 ], [ -34.873308456999958, -7.143633789766816 ], [ -34.87335369099997, -7.143309441766837 ], [ -34.873087030999955, -7.143218607766783 ], [ -34.873150498999962, -7.142982568766837 ], [ -34.873484959999985, -7.143037656766846 ], [ -34.873693165999953, -7.142584112766827 ] ] ] } },
{ "type": "Feature", "properties": { "num_setor": "PB_JOAOPES_SR_17_CPRM", "munic": "JOÃO PESSOA", "grau_risco": "Alto", "distancia_km": 1.48, "chuva_24h": 0.0, "chuva_72h": 0.8, "fonte_estacao": "openmeteo", "codigo_estacao": "openmeteo", "nome_estacao": "Open-Meteo (célula de grade)" }, "geometry": { "type": "Polygon", "coordinates": [ [ [ -34.88273963499995, -7.154582207766463 ], [ -34.882926318999978, -7.154476043766479 ], [ -34.883031155999952, -7.154473698766437 ], [ -34.883150537999938, -7.154498865766425 ], [ -34.88336273799996, -7.154737196766473 ], [ -34.88326135899996, -7.154840339766456 ], [ -34.883101346999979, -7.154695017766423 ], [ -34.882991063999953, -7.154633796766468 ], [ -34.882856599999968, -7.154684384766434 ], [ -34.88273963499995, -7.154582207766463 ] ] ] } },
{ "type": "Feature", "properties": { "num_setor": "PB_JOAOPES_SR_18_CPRM", "munic": "JOÃO PESSOA", "grau_risco": "Muito alto", "distancia_km": 0.44, "chuva_24h": 0.0, "chuva_72h": 0.8, "fonte_estacao": "openmeteo", "codigo_estacao": "openmeteo", "nome_estacao": "Open-Meteo (célula de grade)" }, "geometry": { "type": "Polygon", "coordinates": [ [ [ -34.884084469999948, -7.164060202766157 ], [ -34.88425626399993, -7.164053905766131 ], [ -34.884295465999969, -7.164164607766159 ], [ -34.884359133999965, -7.164357885766131 ], [ -34.884381984999948, -7.164495857766136 ], [ -34.884378783999985, -7.164651775766142 ], [ -34.884364425999934, -7.164806220766102 ], [ -34.884134550999931, -7.164783328766104 ], [ -34.88401509299996, -7.164771765766112 ], [ -34.883986830999959, -7.165004567766138 ], [ -34.883971880999979, -7.165110871766117 ], [ -34.883809923999934, -7.165104297766119 ], [ -34.883734102999938, -7.164873623766105 ], [ -34.883772165999972, -7.164576435766121 ], [ -34.883839721999948, -7.164326344766134 ], [ -34.883893012999977, -7.164332417766143 ], [ -34.88409029099995, -7.164346452766138 ], [ -34.884084469999948, -7.164060202766157 ] ] ] } },
{ "type": "Feature", "properties": { "num_setor": "PB_JOAOPES_SR_08_CPRM", "munic": "JOÃO PESSOA", "grau_risco": "Alto", "distancia_km": 1.74, "chuva_24h": 0.0, "chuva_72h": 0.8, "fonte_estacao": "openmeteo", "codigo_estacao": "openmeteo", "nome_estacao": "Open-Meteo (célula de grade)" }, "geometry": { "type": "Polygon", "coordinates": [ [ [ -34.899093062999953, -7.156654068766385 ], [ -34.899002601999939, -7.156609216766358 ], [ -34.898856429999974, -7.156537039766365 ], [ -34.898655099999928, -7.156447493766402 ], [ -34.898410259999942, -7.15632913276637 ], [ -34.898497975999931, -7.156079925766414 ], [ -34.898589791999939, -7.155847013766418 ], [ -34.898754203999943, -7.155913953766421 ], [ -34.89879760599996, -7.155930265766378 ], [ -34.898763642999938, -7.155995030766426 ], [ -34.898724466999965, -7.156070103766432 ], [ -34.898690105999947, -7.156131087766387 ], [ -34.899239657999942, -7.156390350766407 ], [ -34.899551796999958, -7.156536890766412 ], [ -34.899459566999951, -7.156763133766384 ], [ -34.89929297499998, -7.156687669766372 ], [ -34.899226580999937, -7.156809962766369 ], [ -34.899043222999978, -7.156741458766365 ], [ -34.899093062999953, -7.156654068766385 ] ] ] } },
{ "type": "Feature", "properties": { "num_setor": "PB_JOAOPES_SR_09_CPRM", "munic": "JOÃO PESSOA", "grau_risco": "Alto", "distancia_km": 1.0, "chuva_24h": 0.0, "chuva_72h": 0.8, "fonte_estacao": "openmeteo", "codigo_estacao": "openmeteo", "nome_estacao": "Open-Meteo (célula de grade)" }, "geometry": { "type": "Polygon", "coordinates": [ [ [ -34.894878650999942, -7.162318833766212 ], [ -34.894980753999953, -7.162305610766215 ], [ -34.895417918999961, -7.162222663766205 ], [ -34.895432714999977, -7.162515788766183 ], [ -34.895499475999941, -7.162500663766177 ], [ -34.895762966999946, -7.162460009766204 ], [ -34.89583334799994, -7.162504453766172 ], [ -34.895988821999943, -7.16250029976622 ], [ -34.896345246999942, -7.162439551766217 ], [ -34.896378302999949, -7.162653018766184 ], [ -34.896030622999945, -7.162698552766162 ], [ -34.895851942999968, -7.162628827766225 ], [ -34.895461840999928, -7.162626529766197 ], [ -34.895058707999965, -7.162663289766194 ], [ -34.894700676999946, -7.162717588766189 ], [ -34.894684353999935, -7.162522153766175 ], [ -34.894832588999975, -7.162492098766206 ], [ -34.894901391999944, -7.162494329766203 ], [ -34.894878650999942, -7.162318833766212 ] ] ] } },
{ "type": "Feature", "properties": { "num_setor": "PB_JOAOPES_SR_06_CPRM", "munic": "JOÃO PESSOA", "grau_risco": "Alto", "distancia_km": 1.02, "chuva_24h": 0.0, "chuva_72h": 0.9, "fonte_estacao": "openmeteo", "codigo_estacao": "openmeteo", "nome_estacao": "Open-Meteo (célula de grade)" }, "geometry": { "type": "Polygon", "coordinates": [ [ [ -34.90843902499995, -7.130203702767226 ], [ -34.909190962999958, -7.129816964767261 ], [ -34.909431654999935, -7.129694361767243 ], [ -34.910025564999955, -7.129573573767245 ], [ -34.91065498699993, -7.129524444767257 ], [ -34.911178245999963, -7.129649802767242 ], [ -34.912063095999947, -7.130040716767211 ], [ -34.913278410999965, -7.130728799767184 ], [ -34.913691079999978, -7.130931742767217 ], [ -34.913511287999938, -7.131599602767161 ], [ -34.91246089599997, -7.131177625767199 ], [ -34.911934456999973, -7.131013632767202 ], [ -34.912029353999969, -7.130738601767209 ], [ -34.911388210999974, -7.130597358767246 ], [ -34.910217873999947, -7.130251099767223 ], [ -34.910127058999933, -7.130471040767234 ], [ -34.909544795999977, -7.130288350767206 ], [ -34.909372792999932, -7.130836353767194 ], [ -34.908478803999969, -7.130603219767215 ], [ -34.90843902499995, -7.130203702767226 ] ] ] } },
{ "type": "Feature", "properties": { "num_setor": "PB_JOAOPES_SR_07_CPRM", "munic": "JOÃO PESSOA", "grau_risco": "Muito alto", "distancia_km": 0.57, "chuva_24h": 0.0, "chuva_72h": 0.9, "fonte_estacao": "openmeteo", "codigo_estacao": "openmeteo", "nome_estacao": "Open-Meteo (célula de grade)" }, "geometry": { "type": "Polygon", "coordinates": [ [ [ -34.913768019999971, -7.13091952376723 ], [ -34.914210324999942, -7.130966881767193 ], [ -34.914961643999959, -7.131030945767206 ], [ -34.915390890999959, -7.130969508767207 ], [ -34.915292839999942, -7.131490268767161 ], [ -34.915649129999963, -7.131871632767168 ], [ -34.916019638999956, -7.13218806876715 ], [ -34.916599229999974, -7.132627242767149 ], [ -34.91700562099993, -7.132988058767142 ], [ -34.917143775999932, -7.133095344767142 ], [ -34.917257303999975, -7.133205673767131 ], [ -34.917353252999931, -7.133277138767148 ], [ -34.917535059999977, -7.133631832767152 ], [ -34.917511613999977, -7.133651984767136 ], [ -34.917260309999953, -7.133939620767121 ], [ -34.916775428999983, -7.133932413767114 ], [ -34.916543875999928, -7.133855383767115 ], [ -34.916412718999936, -7.133828383767133 ], [ -34.916294797999967, -7.133791155767129 ], [ -34.916088043999935, -7.133714048767098 ], [ -34.916145343999972, -7.133499695767118 ], [ -34.915798008999957, -7.133379720767103 ], [ -34.915610135999934, -7.13327600776712 ], [ -34.915635031999955, -7.132986652767117 ], [ -34.915620898999975, -7.132979855767155 ], [ -34.915130150999964, -7.132824285767154 ], [ -34.915060178999973, -7.132537550767129 ], [ -34.914474979999959, -7.132397203767177 ], [ -34.913911949999942, -7.132199778767172 ], [ -34.914016476999961, -7.131764320767163 ], [ -34.913587301999939, -7.131609629767187 ], [ -34.913768019999971, -7.13091952376723 ] ] ] } },
{ "type": "Feature", "properties": { "num_setor": "PB_JOAOPES_SR_11_CPRM", "munic": "JOÃO PESSOA", "grau_risco": "Alto", "distancia_km": 0.63, "chuva_24h": 0.0, "chuva_72h": 0.8, "fonte_estacao": "openmeteo", "codigo_estacao": "openmeteo", "nome_estacao": "Open-Meteo (célula de grade)" }, "geometry": { "type": "Polygon", "coordinates": [ [ [ -34.888478370999962, -7.161505903766243 ], [ -34.888655145999962, -7.161407537766214 ], [ -34.888843448999985, -7.161271093766254 ], [ -34.888972229999972, -7.161192867766226 ], [ -34.889127733999949, -7.161098472766269 ], [ -34.889220485999942, -7.16126273276623 ], [ -34.88929851499995, -7.161390727766237 ], [ -34.889077211999961, -7.161524783766215 ], [ -34.888877319999949, -7.161684195766218 ], [ -34.888695205999966, -7.161793732766237 ], [ -34.888478370999962, -7.161505903766243 ] ] ] } },
{ "type": "Feature", "properties": { "num_setor": "PB_JOAOPES_SR_12_CPRM", "munic": "JOÃO PESSOA", "grau_risco": "Alto", "distancia_km": 0.63, "chuva_24h": 0.0, "chuva_72h": 0.8, "fonte_estacao": "openmeteo", "codigo_estacao": "openmeteo", "nome_estacao": "Open-Meteo (célula de grade)" }, "geometry": { "type": "Polygon", "coordinates": [ [ [ -34.889526089999947, -7.161577207766197 ], [ -34.889643520999975, -7.161575114766225 ], [ -34.889685676999939, -7.161579132766242 ], [ -34.88967550399996, -7.161772824766223 ], [ -34.88952431599995, -7.161782431766201 ], [ -34.889526089999947, -7.161577207766197 ] ] ] } },
{ "type": "Feature", "properties": { "num_setor": "PB_JOAOPES_SR_10_CPRM", "munic": "JOÃO PESSOA", "grau_risco": "Muito alto", "distancia_km": 0.45, "chuva_24h": 0.0, "chuva_72h": 0.8, "fonte_estacao": "openmeteo", "codigo_estacao": "openmeteo", "nome_estacao": "Open-Meteo (célula de grade)" }, "geometry": { "type": "Polygon", "coordinates": [ [ [ -34.888750181999967, -7.16289320876618 ], [ -34.889067100999966, -7.162809310766167 ], [ -34.88920380999997, -7.163255871766202 ], [ -34.888882687999967, -7.163355140766171 ], [ -34.888750181999967, -7.16289320876618 ] ] ] } },
{ "type": "Feature", "properties": { "num_setor": "PB_SAOJOAO1_SR_3_CPRM", "munic": "SÃO JOÃO DO RIO DO PEIXE", "grau_risco": "Alto", "distancia_km": 1.23, "chuva_24h": 0.0, "chuva_72h": 0.0, "fonte_estacao": "openmeteo", "codigo_estacao": "openmeteo", "nome_estacao": "Open-Meteo (célula de grade)" }, "geometry": { "type": "Polygon", "coordinates": [ [ [ -38.444244736999963, -6.725774298780189 ], [ -38.44408388599993, -6.725336272780164 ], [ -38.444773214999941, -6.72502476478019 ], [ -38.445403412999951, -6.726146699780174 ], [ -38.444399492999935, -6.726693957780134 ], [ -38.444244736999963, -6.725774298780189 ] ] ] } },
{ "type": "Feature", "properties": { "num_setor": "PB_JOAOPES_SR_01_CPRM", "munic": "JOÃO PESSOA", "grau_risco": "Alto", "distancia_km": 1.21, "chuva_24h": 0.0, "chuva_72h": 0.9, "fonte_estacao": "openmeteo", "codigo_estacao": "openmeteo", "nome_estacao": "Open-Meteo (célula de grade)" }, "geometry": { "type": "Polygon", "coordinates": [ [ [ -34.888314308999952, -7.125433177767409 ], [ -34.888853137999945, -7.12534326676738 ], [ -34.888851213999942, -7.125231178767409 ], [ -34.889002027999936, -7.125222763767377 ], [ -34.889199430999952, -7.125258147767375 ], [ -34.889317372999983, -7.125306066767375 ], [ -34.889626459999931, -7.125535832767382 ], [ -34.889931794999939, -7.125867530767338 ], [ -34.890165212999932, -7.12603371276738 ], [ -34.890318744999945, -7.126062342767355 ], [ -34.890436652999938, -7.125965287767384 ], [ -34.890591970999935, -7.126135012767357 ], [ -34.890882462999969, -7.126440721767326 ], [ -34.890672729999949, -7.126663850767326 ], [ -34.890348121999978, -7.12637565976735 ], [ -34.89018856499996, -7.126376530767343 ], [ -34.889939316999971, -7.126170787767374 ], [ -34.889699106999956, -7.126008806767361 ], [ -34.889521152999976, -7.125910321767394 ], [ -34.88935997599998, -7.125761897767371 ], [ -34.889085849999951, -7.125582877767358 ], [ -34.888916687999938, -7.125543220767358 ], [ -34.888894612999934, -7.125640774767387 ], [ -34.888741442999958, -7.125629291767353 ], [ -34.888430950999975, -7.125582320767391 ], [ -34.887950513999954, -7.125749580767398 ], [ -34.887702561999959, -7.125842362767364 ], [ -34.887433415999965, -7.126166978767354 ], [ -34.887303292999945, -7.126384129767363 ], [ -34.887166124999965, -7.126674734767323 ], [ -34.887103747999959, -7.12686769776734 ], [ -34.88711251999996, -7.126924279767344 ], [ -34.886809163999942, -7.127295680767333 ], [ -34.886530181999944, -7.127755619767313 ], [ -34.886486055999967, -7.128144254767278 ], [ -34.886508198999934, -7.1284904867673 ], [ -34.886630877999949, -7.12864977676729 ], [ -34.88663414399997, -7.128662290767284 ], [ -34.88663934199996, -7.129133867767252 ], [ -34.886250264999944, -7.129226645767251 ], [ -34.88625587699994, -7.128661278767296 ], [ -34.886190036999956, -7.128481704767283 ], [ -34.886255995999932, -7.127932076767318 ], [ -34.886318290999952, -7.127589455767312 ], [ -34.88630736299995, -7.127402281767302 ], [ -34.88629981899993, -7.127196887767331 ], [ -34.886448455999975, -7.127158547767329 ], [ -34.886454687999965, -7.126986415767345 ], [ -34.886497927999983, -7.126866657767304 ], [ -34.886635164, -7.126863872767315 ], [ -34.88685381199997, -7.126563642767334 ], [ -34.887011155999971, -7.126072692767377 ], [ -34.887288849999948, -7.125829570767351 ], [ -34.887254852999945, -7.125745442767389 ], [ -34.887339938999958, -7.125703201767372 ], [ -34.887318893999975, -7.125614244767374 ], [ -34.887426675999961, -7.125566525767367 ], [ -34.887504342999932, -7.125742745767381 ], [ -34.887625982999964, -7.125661294767352 ], [ -34.888314308999952, -7.125433177767409 ] ] ] } },
{ "type": "Feature", "properties": { "num_setor": "PB_JOAOPES_SR_02_CPRM", "munic": "JOÃO PESSOA", "grau_risco": "Alto", "distancia_km": 1.02, "chuva_24h": 0.0, "chuva_72h": 0.9, "fonte_estacao": "openmeteo", "codigo_estacao": "openmeteo", "nome_estacao": "Open-Meteo (célula de grade)" }, "geometry": { "type": "Polygon", "coordinates": [ [ [ -34.884359289999963, -7.128094779767316 ], [ -34.884424650999961, -7.127897384767277 ], [ -34.885641887999952, -7.128339340767297 ], [ -34.885982872999932, -7.128166783767312 ], [ -34.886213538999982, -7.128750085767292 ], [ -34.886200856999956, -7.128741183767301 ], [ -34.885601040999973, -7.12906969076724 ], [ -34.885333038999931, -7.129209018767277 ], [ -34.885002366999977, -7.128910788767294 ], [ -34.884913773999983, -7.128829809767274 ], [ -34.885024368999957, -7.128336789767272 ], [ -34.884667725999975, -7.128181581767307 ], [ -34.88462690799998, -7.128226915767302 ], [ -34.884359289999963, -7.128094779767316 ] ] ] } },
{ "type": "Feature", "properties": { "num_setor": "PB_INGA_SR_1_CPRM", "munic": "INGÁ", "grau_risco": "Alto", "distancia_km": 1.41, "chuva_24h": 0.0, "chuva_72h": 0.0, "fonte_estacao": "openmeteo", "codigo_estacao": "openmeteo", "nome_estacao": "Open-Meteo (célula de grade)" }, "geometry": { "type": "Polygon", "coordinates": [ [ [ -35.606233204999967, -7.289366446762153 ], [ -35.606321146999967, -7.289050530762135 ], [ -35.606461377999949, -7.288920862762131 ], [ -35.606663405999932, -7.28864502476216 ], [ -35.606832157999968, -7.288498853762176 ], [ -35.606701434999934, -7.288343252762158 ], [ -35.606646767999962, -7.288197081762182 ], [ -35.606741839999984, -7.288095704762168 ], [ -35.606922475999966, -7.288003758762171 ], [ -35.607088852999929, -7.28800847476221 ], [ -35.60730276399994, -7.288041480762176 ], [ -35.607590356999935, -7.287977825762209 ], [ -35.607842296999934, -7.287869375762195 ], [ -35.60807284599997, -7.287878806762212 ], [ -35.608569596999985, -7.288161717762202 ], [ -35.608902347999958, -7.288380974762169 ], [ -35.609589242999959, -7.288604944762192 ], [ -35.609848313999969, -7.288550720762206 ], [ -35.610017066999951, -7.288732255762163 ], [ -35.61024286199995, -7.288600229762142 ], [ -35.610497179999982, -7.288479993762162 ], [ -35.611188827999968, -7.288230087762204 ], [ -35.611417, -7.288180578762201 ], [ -35.611559607999936, -7.288201796762176 ], [ -35.61163328899994, -7.288281955762165 ], [ -35.611643270999934, -7.28861343276218 ], [ -35.611647073999961, -7.288922748762146 ], [ -35.611561509999945, -7.288962356762157 ], [ -35.61150256399997, -7.289018937762174 ], [ -35.611500662999951, -7.289100039762141 ], [ -35.611532987999965, -7.289224520762139 ], [ -35.611468338999941, -7.28934145676217 ], [ -35.611240166999949, -7.289394266762173 ], [ -35.611059529999977, -7.289424443762151 ], [ -35.610711566999953, -7.289499886762165 ], [ -35.610717270999942, -7.289601733762153 ], [ -35.610768609999973, -7.289767708762115 ], [ -35.610844666999981, -7.289931795762137 ], [ -35.610917872999948, -7.290201975762099 ], [ -35.610739612999964, -7.290279775762142 ], [ -35.610566106999954, -7.290282132762111 ], [ -35.610471034999932, -7.290143035762129 ], [ -35.610314165999966, -7.289841264762128 ], [ -35.609755618999934, -7.290102956762103 ], [ -35.609722343999969, -7.290025156762115 ], [ -35.609658169999932, -7.289940283762129 ], [ -35.609368200999938, -7.2899803627621 ], [ -35.608134642999971, -7.290303351762131 ], [ -35.608096613999969, -7.290176041762098 ], [ -35.607547573999966, -7.290291563762135 ], [ -35.607507168999973, -7.290039301762142 ], [ -35.607214822999936, -7.290161896762128 ], [ -35.606734709999962, -7.290418873762112 ], [ -35.606354421999981, -7.290039301762142 ], [ -35.606209436999961, -7.289701223762125 ], [ -35.606223697999951, -7.289481968762142 ], [ -35.606233204999967, -7.289366446762153 ] ] ] } },
{ "type": "Feature", "properties": { "num_setor": "PB_INGA_SR_2_CPRM", "munic": "INGÁ", "grau_risco": "Alto", "distancia_km": 1.17, "chuva_24h": 0.0, "chuva_72h": 0.0, "fonte_estacao": "openmeteo", "codigo_estacao": "openmeteo", "nome_estacao": "Open-Meteo (célula de grade)" }, "geometry": { "type": "Polygon", "coordinates": [ [ [ -35.606734709999962, -7.290418873762112 ], [ -35.60684828899997, -7.290459329762133 ], [ -35.607090721999953, -7.290767700762085 ], [ -35.607167730999947, -7.290960079762075 ], [ -35.607350268999937, -7.291271279762061 ], [ -35.607430127999976, -7.291404246762075 ], [ -35.607364528999938, -7.291497607762055 ], [ -35.606879661999983, -7.291797490762065 ], [ -35.606021162999973, -7.292400086762067 ], [ -35.605630417999976, -7.292637729762056 ], [ -35.605539148999974, -7.292586805762061 ], [ -35.605450731999952, -7.292445352762045 ], [ -35.605325236999931, -7.292182246762072 ], [ -35.605128438999941, -7.291902167762089 ], [ -35.605037168999957, -7.291752224762035 ], [ -35.604914526999949, -7.291506094762054 ], [ -35.604714874999949, -7.291432537762113 ], [ -35.604495258999968, -7.291395759762069 ], [ -35.604264234999953, -7.291412734762063 ], [ -35.603973314999962, -7.291627745762084 ], [ -35.603602534999929, -7.291984210762049 ], [ -35.603294501999983, -7.29228975276208 ], [ -35.603020694999941, -7.292748064762043 ], [ -35.602923720999968, -7.29318940076202 ], [ -35.603029250999953, -7.293455334762038 ], [ -35.603003581999928, -7.29402963776197 ], [ -35.602826747999984, -7.294142800762008 ], [ -35.602376106999941, -7.294182407761966 ], [ -35.602085186999943, -7.294193723762001 ], [ -35.601868422999985, -7.294142800762008 ], [ -35.601751483999983, -7.294035295761995 ], [ -35.601936874999986, -7.293370462762043 ], [ -35.60211085599996, -7.292872543762063 ], [ -35.602187864999962, -7.292702798762012 ], [ -35.602609982999979, -7.292120007762033 ], [ -35.603114815999959, -7.2916164297621 ], [ -35.603260275999958, -7.291483461762103 ], [ -35.603448517999936, -7.291336348762077 ], [ -35.603625350999948, -7.291183577762093 ], [ -35.603839262999934, -7.290872376762113 ], [ -35.603967610999973, -7.290694143762077 ], [ -35.603950497999961, -7.290589467762102 ], [ -35.603910567999939, -7.290510253762129 ], [ -35.604090252999981, -7.290264121762107 ], [ -35.604158704999975, -7.290162273762122 ], [ -35.60429275599995, -7.289992527762138 ], [ -35.604344094999931, -7.289910483762132 ], [ -35.60442965999993, -7.289766199762155 ], [ -35.604672092999976, -7.289497433762127 ], [ -35.604854630999967, -7.289389928762175 ], [ -35.605079951999983, -7.289310713762145 ], [ -35.605353757999985, -7.289220181762147 ], [ -35.605519183999945, -7.289160770762151 ], [ -35.60577872999994, -7.289104188762144 ], [ -35.605924189999939, -7.289064581762187 ], [ -35.606089614999973, -7.289061751762161 ], [ -35.606166622999979, -7.289129650762141 ], [ -35.606233204999967, -7.289366446762153 ], [ -35.606223697999951, -7.289481968762142 ], [ -35.606209436999961, -7.289701223762125 ], [ -35.606354421999981, -7.290039301762142 ], [ -35.606734709999962, -7.290418873762112 ] ] ] } },
{ "type": "Feature", "properties": { "num_setor": "PB_JOAOPES_SR_04_CPRM", "munic": "JOÃO PESSOA", "grau_risco": "Muito alto", "distancia_km": 1.75, "chuva_24h": 0.0, "chuva_72h": 0.9, "fonte_estacao": "openmeteo", "codigo_estacao": "openmeteo", "nome_estacao": "Open-Meteo (célula de grade)" }, "geometry": { "type": "Polygon", "coordinates": [ [ [ -34.903735410999957, -7.129129043767278 ], [ -34.903501652999978, -7.128908503767302 ], [ -34.903305340999957, -7.128722488767255 ], [ -34.903052628999944, -7.128510131767307 ], [ -34.903106201999954, -7.128421053767275 ], [ -34.903367824999968, -7.128574648767298 ], [ -34.903827010999976, -7.128845830767297 ], [ -34.904200335999974, -7.129056816767251 ], [ -34.903982145999976, -7.129304382767287 ], [ -34.903735410999957, -7.129129043767278 ] ] ] } },
{ "type": "Feature", "properties": { "num_setor": "PB_JOAOPES_SR_05_CPRM", "munic": "JOÃO PESSOA", "grau_risco": "Muito alto", "distancia_km": 1.7, "chuva_24h": 0.0, "chuva_72h": 0.9, "fonte_estacao": "openmeteo", "codigo_estacao": "openmeteo", "nome_estacao": "Open-Meteo (célula de grade)" }, "geometry": { "type": "Polygon", "coordinates": [ [ [ -34.903500611999959, -7.130882792767206 ], [ -34.903461629999981, -7.130771679767216 ], [ -34.90326364699996, -7.130567542767193 ], [ -34.902741090999946, -7.130024810767227 ], [ -34.902823051999974, -7.129974018767258 ], [ -34.903170253999967, -7.130285460767245 ], [ -34.903258492999953, -7.130365566767226 ], [ -34.903429904999939, -7.130530658767199 ], [ -34.903608539999929, -7.130700386767198 ], [ -34.903668263999975, -7.130782732767195 ], [ -34.90373724899996, -7.130858375767188 ], [ -34.90360050299995, -7.13099217976721 ], [ -34.903500611999959, -7.130882792767206 ] ] ] } },
{ "type": "Feature", "properties": { "num_setor": "PB_JOAOPES_SR_03_CPRM", "munic": "JOÃO PESSOA", "grau_risco": "Alto", "distancia_km": 0.98, "chuva_24h": 0.0, "chuva_72h": 0.9, "fonte_estacao": "openmeteo", "codigo_estacao": "openmeteo", "nome_estacao": "Open-Meteo (célula de grade)" }, "geometry": { "type": "Polygon", "coordinates": [ [ [ -34.882054515999982, -7.130848200767189 ], [ -34.882398730999967, -7.130346444767204 ], [ -34.882999205999958, -7.129862880767242 ], [ -34.883818928999979, -7.129014779767292 ], [ -34.884362052999961, -7.128105710767273 ], [ -34.88477818399997, -7.128359338767267 ], [ -34.884515844999953, -7.129380058767273 ], [ -34.882956306999979, -7.13025587976721 ], [ -34.882167274999972, -7.130934090767229 ], [ -34.882054515999982, -7.130848200767189 ] ] ] } },
{ "type": "Feature", "properties": { "num_setor": "PB_JOAOPES_SR_53_CPRM", "munic": "JOÃO PESSOA", "grau_risco": "Muito alto", "distancia_km": 0.94, "chuva_24h": 0.0, "chuva_72h": 0.8, "fonte_estacao": "openmeteo", "codigo_estacao": "openmeteo", "nome_estacao": "Open-Meteo (célula de grade)" }, "geometry": { "type": "Polygon", "coordinates": [ [ [ -34.850551975999963, -7.192929043765198 ], [ -34.850668098999961, -7.193023869765201 ], [ -34.85066427199996, -7.193052137765194 ], [ -34.850570513999962, -7.193150578765223 ], [ -34.850096094999969, -7.19323553076523 ], [ -34.849839771999939, -7.193297868765196 ], [ -34.849657708999985, -7.193317325765197 ], [ -34.849527266999928, -7.193302824765199 ], [ -34.849527015999968, -7.19329793876519 ], [ -34.849456090999986, -7.193258334765194 ], [ -34.849448128999938, -7.193227110765204 ], [ -34.84945632299997, -7.193100099765248 ], [ -34.850011453999969, -7.193129126765231 ], [ -34.850551975999963, -7.192929043765198 ] ] ] } },
{ "type": "Feature", "properties": { "num_setor": "PB_CO_SR_01_CPRM", "munic": "COREMAS", "grau_risco": "Alto", "distancia_km": 1.65, "chuva_24h": 0.0, "chuva_72h": 0.0, "fonte_estacao": "openmeteo", "codigo_estacao": "openmeteo", "nome_estacao": "Open-Meteo (célula de grade)" }, "geometry": { "type": "Polygon", "coordinates": [ [ [ -37.944230863999962, -7.015429168770905 ], [ -37.944483211999966, -7.015377291770871 ], [ -37.944819700999972, -7.015346399770893 ], [ -37.944927276999977, -7.015097818770908 ], [ -37.945328105999977, -7.015031808770895 ], [ -37.946169462999933, -7.01499900677093 ], [ -37.946417254999972, -7.014949241770906 ], [ -37.94662150299996, -7.014878377770896 ], [ -37.946851709999976, -7.014756418770948 ], [ -37.947042679999981, -7.014740386770933 ], [ -37.947807820999969, -7.014184824770954 ], [ -37.948302437999985, -7.014200378770921 ], [ -37.949132348999967, -7.015441638770906 ], [ -37.949170716999959, -7.015758429770885 ], [ -37.947796609999955, -7.015849170770887 ], [ -37.947228825999957, -7.015904362770878 ], [ -37.946678131999931, -7.015955177770882 ], [ -37.946250216999942, -7.016095979770854 ], [ -37.945477640999968, -7.016341354770868 ], [ -37.945124083999929, -7.016504034770876 ], [ -37.944242286999952, -7.016884610770865 ], [ -37.944191224999948, -7.016755211770866 ], [ -37.944211055999972, -7.016554922770856 ], [ -37.944106846999944, -7.01591375177089 ], [ -37.943487947999984, -7.015857029770885 ], [ -37.943463341999973, -7.015464297770866 ], [ -37.94373681999997, -7.01551564577087 ], [ -37.944230863999962, -7.015429168770905 ] ] ] } },
{ "type": "Feature", "properties": { "num_setor": "PB_CO_SR_02_CPRM", "munic": "COREMAS", "grau_risco": "Alto", "distancia_km": 1.32, "chuva_24h": 0.0, "chuva_72h": 0.0, "fonte_estacao": "openmeteo", "codigo_estacao": "openmeteo", "nome_estacao": "Open-Meteo (célula de grade)" }, "geometry": { "type": "Polygon", "coordinates": [ [ [ -37.949202274999948, -7.022690547770675 ], [ -37.949202022999941, -7.022407781770681 ], [ -37.948773545999984, -7.022016126770708 ], [ -37.948651806999976, -7.021861537770678 ], [ -37.948405613999974, -7.021733413770664 ], [ -37.948063488999935, -7.021580878770687 ], [ -37.947907787999952, -7.021155223770685 ], [ -37.947658375999943, -7.020590097770737 ], [ -37.947573215999967, -7.020304078770757 ], [ -37.947444143999974, -7.019492315770783 ], [ -37.947310915999935, -7.01908339577076 ], [ -37.947312161999946, -7.018785846770781 ], [ -37.947403533999932, -7.018555427770806 ], [ -37.947304293999935, -7.018275198770813 ], [ -37.947242030999973, -7.017732345770819 ], [ -37.947072948999967, -7.016984535770837 ], [ -37.947033800999975, -7.016362368770894 ], [ -37.947011800999974, -7.015970568770863 ], [ -37.947170477999968, -7.015969924770907 ], [ -37.947478462999989, -7.015932427770858 ], [ -37.947816336999949, -7.015931645770885 ], [ -37.948334423999945, -7.015894949770893 ], [ -37.948905814999932, -7.015861660770901 ], [ -37.949502886999937, -7.015818632770913 ], [ -37.949977592999971, -7.015756168770866 ], [ -37.950046355999973, -7.016095414770863 ], [ -37.949918261999983, -7.016660529770879 ], [ -37.949909803999958, -7.017156270770867 ], [ -37.949993880999955, -7.017496425770859 ], [ -37.950409899999954, -7.018374693770785 ], [ -37.95096133199997, -7.019433065770796 ], [ -37.950704016999964, -7.020723692770758 ], [ -37.950757223999972, -7.021359823770696 ], [ -37.951292816999974, -7.022843853770681 ], [ -37.949202274999948, -7.022690547770675 ] ] ] } },
{ "type": "Feature", "properties": { "num_setor": "PB_PILOES_SR_1_CPRM", "munic": "PILÕES", "grau_risco": "Alto", "distancia_km": 1.44, "chuva_24h": 0.0, "chuva_72h": 0.4, "fonte_estacao": "openmeteo", "codigo_estacao": "openmeteo", "nome_estacao": "Open-Meteo (célula de grade)" }, "geometry": { "type": "Polygon", "coordinates": [ [ [ -35.606468024999977, -6.864389510775739 ], [ -35.606273356999964, -6.864336771775731 ], [ -35.606138301999977, -6.864247843775759 ], [ -35.606086732999977, -6.864113629775749 ], [ -35.606378797999987, -6.86392972677577 ], [ -35.606596558999968, -6.863829913775754 ], [ -35.606772584999931, -6.86375423777576 ], [ -35.606876937999971, -6.863696883775775 ], [ -35.606843555999944, -6.863607401775765 ], [ -35.606759190999981, -6.863491299775772 ], [ -35.606746529999953, -6.86336285177578 ], [ -35.606704111999932, -6.86326146477575 ], [ -35.606709587999951, -6.863168782775752 ], [ -35.606750444999932, -6.862983257775752 ], [ -35.606827787999975, -6.862908117775781 ], [ -35.607045726999957, -6.862841180775794 ], [ -35.607251786999939, -6.862789250775815 ], [ -35.607374309999955, -6.862773640775767 ], [ -35.607565904999944, -6.862811452775783 ], [ -35.607841897999947, -6.862971344775771 ], [ -35.607840127999964, -6.863195510775781 ], [ -35.607823406999955, -6.863419758775765 ], [ -35.607836458999948, -6.863619933775735 ], [ -35.607708783999954, -6.863787999775744 ], [ -35.607604706999958, -6.863896160775755 ], [ -35.607510154999943, -6.864105887775717 ], [ -35.607454134999955, -6.864252642775722 ], [ -35.607346903999932, -6.864330932775745 ], [ -35.60712605599997, -6.86441283177575 ], [ -35.606824270999937, -6.864459303775756 ], [ -35.606468024999977, -6.864389510775739 ] ] ] } },
{ "type": "Feature", "properties": { "num_setor": "PB_CG_SR_11_CPRM", "munic": "CAMPINA GRANDE", "grau_risco": "Alto", "distancia_km": 0.93, "chuva_24h": 0.3, "chuva_72h": 0.4, "fonte_estacao": "openmeteo", "codigo_estacao": "openmeteo", "nome_estacao": "Open-Meteo (célula de grade)" }, "geometry": { "type": "Polygon", "coordinates": [ [ [ -35.917696576999958, -7.232351534763979 ], [ -35.917752157999985, -7.23223917976398 ], [ -35.917811019999931, -7.232190288763977 ], [ -35.917880970999931, -7.232196595763956 ], [ -35.917961696999953, -7.232216639763951 ], [ -35.91797358499997, -7.232219985763975 ], [ -35.918060663999938, -7.232260418763959 ], [ -35.918084639999961, -7.232263623763946 ], [ -35.918149058999973, -7.232307197763959 ], [ -35.918163777999951, -7.232310447763983 ], [ -35.91816939499995, -7.232313770763965 ], [ -35.918227399999978, -7.232353517763981 ], [ -35.918238517999953, -7.23236009176398 ], [ -35.918302849999975, -7.232412484763953 ], [ -35.918316814999976, -7.232418937763974 ], [ -35.918322293999942, -7.232422171763938 ], [ -35.91837649699994, -7.232438096763955 ], [ -35.918382469999983, -7.232438050763993 ], [ -35.918441065999957, -7.232477017763952 ], [ -35.918446831999972, -7.232477156763959 ], [ -35.918488926999942, -7.232484614763981 ], [ -35.918506177999973, -7.232485027763937 ], [ -35.918538912999963, -7.232495449763942 ], [ -35.918552077999948, -7.23250217376394 ], [ -35.918564041999957, -7.232515241763989 ], [ -35.918604596999955, -7.232544778763971 ], [ -35.918617856999958, -7.232601575763989 ], [ -35.918665980999947, -7.232648955763938 ], [ -35.918679229999952, -7.232658034763938 ], [ -35.918704700999967, -7.232661020763964 ], [ -35.918726886999941, -7.232667033763974 ], [ -35.918787385999963, -7.232726933763975 ], [ -35.918794254999966, -7.232738810763935 ], [ -35.918840003999946, -7.232794706763924 ], [ -35.91885319599993, -7.232838294763966 ], [ -35.918907640999976, -7.232884189763936 ], [ -35.918979292999943, -7.232983541763932 ], [ -35.919061566999979, -7.233052856763956 ], [ -35.919134363999945, -7.233075772763932 ], [ -35.919179482999937, -7.233092064763925 ], [ -35.919225365999978, -7.233111774763926 ], [ -35.919274829999949, -7.233147038763948 ], [ -35.919279380999967, -7.233150529763917 ], [ -35.919335014999945, -7.233225684763965 ], [ -35.919374085999948, -7.233280159763922 ], [ -35.91938351899995, -7.233320837763925 ], [ -35.919310844999984, -7.233334244763965 ], [ -35.919254568999975, -7.23334253676393 ], [ -35.919248425999967, -7.233342517763957 ], [ -35.919197587999975, -7.233344046763929 ], [ -35.919192980999981, -7.233344031763916 ], [ -35.919171744999971, -7.233320148763934 ], [ -35.919148769999943, -7.233316643763939 ], [ -35.919113881999976, -7.233330212763913 ], [ -35.919104432999973, -7.233333585763944 ], [ -35.919066744999952, -7.233348695763934 ], [ -35.919060531999946, -7.233350360763949 ], [ -35.919032447999939, -7.233363682763918 ], [ -35.919026332999977, -7.233363663763952 ], [ -35.919018588999961, -7.233366975763939 ], [ -35.918992437999975, -7.233375205763925 ], [ -35.918984785999953, -7.233376839763925 ], [ -35.918969354999945, -7.233389990763949 ], [ -35.918963241999968, -7.233393255763925 ], [ -35.91894936399995, -7.233419241763946 ], [ -35.918946302999984, -7.233425674763958 ], [ -35.918911894999958, -7.233469965763951 ], [ -35.918876656999934, -7.233491615763958 ], [ -35.918870797999944, -7.233493142763954 ], [ -35.91882585899998, -7.233514458763915 ], [ -35.918824398999959, -7.233514455763943 ], [ -35.91875998699993, -7.233555754763921 ], [ -35.918754287999953, -7.233555884763909 ], [ -35.918666170999984, -7.233571383763934 ], [ -35.918656333999934, -7.233571601763902 ], [ -35.918585378999978, -7.233597696763913 ], [ -35.918575833999967, -7.233600544763918 ], [ -35.918568950999941, -7.233601957763926 ], [ -35.918546273999937, -7.23361191776393 ], [ -35.918540836999966, -7.233613325763924 ], [ -35.918533997999923, -7.233614727763934 ], [ -35.91852274799993, -7.233614682763903 ], [ -35.918503474999973, -7.233617460763907 ], [ -35.918501085999935, -7.233620299763905 ], [ -35.918485674999943, -7.233638620763927 ], [ -35.918480971999941, -7.233644211763914 ], [ -35.918473061999975, -7.233646977763944 ], [ -35.91846167999995, -7.233653902763916 ], [ -35.918456356999968, -7.233655272763929 ], [ -35.918444101999967, -7.233656615763935 ], [ -35.918439938999938, -7.23365660076392 ], [ -35.918416210999965, -7.233663436763933 ], [ -35.918412056999955, -7.233663421763921 ], [ -35.918403746999957, -7.233663392763951 ], [ -35.918330255999933, -7.233670024763948 ], [ -35.918277769999975, -7.233668465763899 ], [ -35.918272249999973, -7.233668446763929 ], [ -35.918248442999982, -7.2336642247639 ], [ -35.918242794999969, -7.233662822763939 ], [ -35.91819378699995, -7.233657103763942 ], [ -35.91818809199998, -7.233655693763907 ], [ -35.918151867999939, -7.233654227763945 ], [ -35.918143732999972, -7.233655634763908 ], [ -35.918012799999929, -7.233635014763922 ], [ -35.917992013999935, -7.233606676763928 ], [ -35.917982040999959, -7.233574820763908 ], [ -35.917981686999944, -7.233567478763907 ], [ -35.917974344999948, -7.233534747763933 ], [ -35.917942882999967, -7.233490550763907 ], [ -35.917939676999936, -7.233485903763938 ], [ -35.91793499399995, -7.23348124876394 ], [ -35.917906709999954, -7.233454601763915 ], [ -35.917862061999983, -7.233416202763912 ], [ -35.917790398999955, -7.233390133763915 ], [ -35.917732280999928, -7.233371971763906 ], [ -35.91772296399995, -7.233370322763952 ], [ -35.917597925999985, -7.23336061176394 ], [ -35.917549622999957, -7.233350601763955 ], [ -35.917540522999957, -7.233348930763947 ], [ -35.917536008999946, -7.233347242763948 ], [ -35.917499729999975, -7.233333680763962 ], [ -35.917487479999977, -7.23333200176392 ], [ -35.91744482699994, -7.23330789376393 ], [ -35.917440232999979, -7.233304414763946 ], [ -35.917384753999961, -7.233285862763917 ], [ -35.917367094999975, -7.233242497763967 ], [ -35.917363498999975, -7.233232491763942 ], [ -35.917340943999932, -7.233201292763963 ], [ -35.917327492999959, -7.233161742763918 ], [ -35.917327833999934, -7.233124176763968 ], [ -35.917332587999965, -7.233116203763936 ], [ -35.917356884999947, -7.233054347763934 ], [ -35.917361709999966, -7.233048887763923 ], [ -35.917407295999965, -7.232926010763955 ], [ -35.917474824999942, -7.232803028763969 ], [ -35.917516113999959, -7.232708561763969 ], [ -35.917551003999961, -7.232616083763975 ], [ -35.917633320999983, -7.232454285763957 ], [ -35.917696576999958, -7.232351534763979 ] ] ] } },
{ "type": "Feature", "properties": { "num_setor": "PB_GUARABI_SR_2_CPRM", "munic": "GUARABIRA", "grau_risco": "Alto", "distancia_km": 2.16, "chuva_24h": 0.0, "chuva_72h": 0.4, "fonte_estacao": "openmeteo", "codigo_estacao": "openmeteo", "nome_estacao": "Open-Meteo (célula de grade)" }, "geometry": { "type": "Polygon", "coordinates": [ [ [ -35.494506157999979, -6.855678722775983 ], [ -35.494484141999976, -6.855612703776018 ], [ -35.49445093199995, -6.855601722776012 ], [ -35.494341103999943, -6.855573490776035 ], [ -35.494306975999962, -6.855550574776005 ], [ -35.494324103999929, -6.855475262776022 ], [ -35.494364514999972, -6.855365949776033 ], [ -35.49436686699994, -6.855318453776001 ], [ -35.494369810999956, -6.855258998776018 ], [ -35.494371819999969, -6.855218410776026 ], [ -35.494383553999967, -6.855136042776039 ], [ -35.494384846999935, -6.855064697776056 ], [ -35.494385656999953, -6.855020005776041 ], [ -35.494377345999965, -6.854923818776047 ], [ -35.494365732999938, -6.854822942776021 ], [ -35.494360343999972, -6.85477873877602 ], [ -35.494366248999945, -6.854649729776044 ], [ -35.494351550999973, -6.854600440776045 ], [ -35.494345092999929, -6.854537276776061 ], [ -35.494343859999958, -6.854448624776081 ], [ -35.494334596999977, -6.854362984776068 ], [ -35.494338023999944, -6.854357141776073 ], [ -35.494392181999956, -6.854318288776037 ], [ -35.494437140999935, -6.854281797776038 ], [ -35.494478278999964, -6.854257198776071 ], [ -35.49452548599993, -6.85423299677605 ], [ -35.494564300999969, -6.854241773776049 ], [ -35.494579800999929, -6.854279435776061 ], [ -35.494595721999929, -6.854310999776041 ], [ -35.494650600999933, -6.854348264776044 ], [ -35.494711231999929, -6.854388932776042 ], [ -35.494721273999971, -6.854416968776047 ], [ -35.494697645999963, -6.854491187776047 ], [ -35.494701219999961, -6.854524754776032 ], [ -35.494692544999957, -6.85456047177604 ], [ -35.494667534999969, -6.854613151776046 ], [ -35.494687010999932, -6.854635627776023 ], [ -35.494719389999943, -6.854645585776036 ], [ -35.494775514999958, -6.854662846776024 ], [ -35.494813403999963, -6.854680535776027 ], [ -35.494841138999959, -6.854712585776037 ], [ -35.494839092999939, -6.854739547776028 ], [ -35.494785866999962, -6.854765971776028 ], [ -35.49474900499996, -6.854775460776066 ], [ -35.494741770999951, -6.85483204477605 ], [ -35.494748745999971, -6.854859532776056 ], [ -35.494768380999972, -6.854979505776034 ], [ -35.494778169999961, -6.855067929776044 ], [ -35.494788610999933, -6.855128241776055 ], [ -35.494779594999962, -6.855207910776057 ], [ -35.494776024999965, -6.855255158776037 ], [ -35.494768290999957, -6.855278348776022 ], [ -35.494750307999944, -6.855318585776029 ], [ -35.494733873999962, -6.855417978776051 ], [ -35.494729904999929, -6.855470807776014 ], [ -35.494722976999981, -6.855523353776022 ], [ -35.494701026999962, -6.85557772277602 ], [ -35.494670446999983, -6.855628474776011 ], [ -35.494630449999931, -6.855646252776037 ], [ -35.494568274999949, -6.855683002776028 ], [ -35.494543975999932, -6.855690114776019 ], [ -35.494506157999979, -6.855678722775983 ] ] ] } },
{ "type": "Feature", "properties": { "num_setor": "PB_GUARABI_SR_3_CPRM", "munic": "GUARABIRA", "grau_risco": "Alto", "distancia_km": 1.55, "chuva_24h": 0.0, "chuva_72h": 0.4, "fonte_estacao": "openmeteo", "codigo_estacao": "openmeteo", "nome_estacao": "Open-Meteo (célula de grade)" }, "geometry": { "type": "Polygon", "coordinates": [ [ [ -35.49681123199997, -6.848746508776248 ], [ -35.496873725999933, -6.848744220776231 ], [ -35.496937215999935, -6.848715949776214 ], [ -35.496965896999932, -6.848701549776213 ], [ -35.497019837999972, -6.848674466776253 ], [ -35.497100423999939, -6.848614689776261 ], [ -35.497148466999931, -6.848575378776238 ], [ -35.497232086999929, -6.848506666776272 ], [ -35.49730778299994, -6.848465233776238 ], [ -35.497365361999975, -6.848425432776222 ], [ -35.497416332999933, -6.848421557776219 ], [ -35.497451996999985, -6.848427579776255 ], [ -35.497470197999974, -6.848468916776227 ], [ -35.497473839999948, -6.848501405776257 ], [ -35.497476342999967, -6.848523728776255 ], [ -35.497493574999964, -6.848575696776233 ], [ -35.497496739999967, -6.848623044776246 ], [ -35.497492725999962, -6.848669863776219 ], [ -35.497488407999981, -6.848720231776224 ], [ -35.497492802999943, -6.848753059776259 ], [ -35.497504897999931, -6.848814924776224 ], [ -35.497512822999965, -6.848855467776233 ], [ -35.497530725999979, -6.848856663776204 ], [ -35.497541327999954, -6.848900619776217 ], [ -35.497536684999943, -6.848954311776209 ], [ -35.497508730999975, -6.848975115776237 ], [ -35.497479041999952, -6.848997211776251 ], [ -35.497414391999939, -6.849012091776228 ], [ -35.497358050999935, -6.849025059776245 ], [ -35.497299633999951, -6.84906208677621 ], [ -35.497255607999932, -6.849089990776239 ], [ -35.49719091399993, -6.849105323776208 ], [ -35.497149417999935, -6.849115158776223 ], [ -35.497072905999971, -6.849149292776195 ], [ -35.497007685999954, -6.849183934776193 ], [ -35.496965931999966, -6.849210273776238 ], [ -35.496896095999944, -6.84927704977622 ], [ -35.496813839999959, -6.849363219776198 ], [ -35.496746496999947, -6.84944467377619 ], [ -35.496690513999965, -6.849526673776202 ], [ -35.496651458999963, -6.849616232776198 ], [ -35.496670291999976, -6.849649351776224 ], [ -35.496660471999974, -6.849684070776208 ], [ -35.496613024999931, -6.849698577776217 ], [ -35.496585245999938, -6.84973558677619 ], [ -35.496535770999969, -6.849824011776191 ], [ -35.496472954999945, -6.849943634776174 ], [ -35.496436334999942, -6.850010799776195 ], [ -35.496400423999944, -6.850083613776206 ], [ -35.496386125999948, -6.850112604776178 ], [ -35.496334573999945, -6.850186120776217 ], [ -35.49631360199993, -6.850230134776175 ], [ -35.496300393999945, -6.850312974776181 ], [ -35.496298528999944, -6.850385978776184 ], [ -35.496287657999972, -6.850437414776159 ], [ -35.496259996999981, -6.85047725377617 ], [ -35.496207292999948, -6.850473732776167 ], [ -35.496176926999965, -6.850454339776171 ], [ -35.496116437999945, -6.85046071877618 ], [ -35.496054179999931, -6.850462117776164 ], [ -35.495999748999964, -6.850463340776189 ], [ -35.495961497999929, -6.850454751776186 ], [ -35.495928910999965, -6.850447432776172 ], [ -35.495867673999953, -6.850433681776188 ], [ -35.495895719999965, -6.850365032776177 ], [ -35.495923015999949, -6.850298219776189 ], [ -35.49594810599995, -6.85017756077619 ], [ -35.495960555999943, -6.850117687776194 ], [ -35.495971019999949, -6.850067365776203 ], [ -35.495981159999928, -6.850029970776209 ], [ -35.496003024999936, -6.849949336776189 ], [ -35.496009328999946, -6.849926090776175 ], [ -35.496080966999955, -6.849867583776228 ], [ -35.49611970899997, -6.849810636776209 ], [ -35.496156762999931, -6.849755602776199 ], [ -35.496181408999973, -6.84970815777619 ], [ -35.496205237999959, -6.849622297776183 ], [ -35.496219836999956, -6.849569690776199 ], [ -35.496253923999973, -6.849444250776224 ], [ -35.496258698999952, -6.849378603776244 ], [ -35.496261647999972, -6.849338059776246 ], [ -35.496273256999977, -6.849292547776199 ], [ -35.496286683999983, -6.849239911776236 ], [ -35.496299544999943, -6.849140314776211 ], [ -35.496311409999976, -6.849048430776244 ], [ -35.496322176999968, -6.849005216776229 ], [ -35.496339532999968, -6.848935560776241 ], [ -35.496357179999961, -6.848864730776211 ], [ -35.496408449999926, -6.848803330776226 ], [ -35.496457921999934, -6.848766973776225 ], [ -35.496521334999954, -6.848742547776246 ], [ -35.496612977, -6.848715968776231 ], [ -35.496666490999985, -6.848719543776229 ], [ -35.496698981999948, -6.848721713776246 ], [ -35.496768975999942, -6.848748055776255 ], [ -35.49681123199997, -6.848746508776248 ] ] ] } },
{ "type": "Feature", "properties": { "num_setor": "PB_CO_SR_03_CPRM", "munic": "COREMAS", "grau_risco": "Alto", "distancia_km": 0.65, "chuva_24h": 0.0, "chuva_72h": 0.0, "fonte_estacao": "openmeteo", "codigo_estacao": "openmeteo", "nome_estacao": "Open-Meteo (célula de grade)" }, "geometry": { "type": "Polygon", "coordinates": [ [ [ -37.986815598999947, -7.01151217077101 ], [ -37.988409997999952, -7.011522449771044 ], [ -37.988494737999929, -7.012140466770994 ], [ -37.988205375999939, -7.012337555771021 ], [ -37.986591763999968, -7.013138373770957 ], [ -37.987872716999959, -7.01344737577094 ], [ -37.990668389999939, -7.014120381770919 ], [ -37.99121207699995, -7.014903879770931 ], [ -37.987499061999983, -7.015116836770889 ], [ -37.98725338099996, -7.016941091770866 ], [ -37.988006196999947, -7.017024130770864 ], [ -37.989219140999978, -7.017346318770842 ], [ -37.990326799999934, -7.018763270770793 ], [ -37.989867460999967, -7.019230466770762 ], [ -37.987904365999952, -7.019785893770746 ], [ -37.987503105999963, -7.020255567770719 ], [ -37.987038280999968, -7.020790387770741 ], [ -37.986374765999983, -7.020957702770735 ], [ -37.986459493999973, -7.02119420677071 ], [ -37.985947359999955, -7.022065422770686 ], [ -37.985361527999942, -7.023111049770653 ], [ -37.984524331999978, -7.022925361770673 ], [ -37.984117868999924, -7.022428664770675 ], [ -37.982724319999932, -7.021198425770715 ], [ -37.980842571999972, -7.019528637770751 ], [ -37.979849436999984, -7.018931905770811 ], [ -37.979835286999958, -7.017627816770824 ], [ -37.982047357999932, -7.016704049770835 ], [ -37.982020370999976, -7.014874496770899 ], [ -37.982068641999945, -7.011661392771006 ], [ -37.98396923599995, -7.011940610771002 ], [ -37.986815598999947, -7.01151217077101 ] ] ] } },
{ "type": "Feature", "properties": { "num_setor": "PB_GUARABI_SR_1_CPRM", "munic": "GUARABIRA", "grau_risco": "Alto", "distancia_km": 0.7, "chuva_24h": 0.0, "chuva_72h": 0.4, "fonte_estacao": "openmeteo", "codigo_estacao": "openmeteo", "nome_estacao": "Open-Meteo (célula de grade)" }, "geometry": { "type": "Polygon", "coordinates": [ [ [ -35.484665144999951, -6.843414112776387 ], [ -35.484673677999979, -6.843409730776403 ], [ -35.484681508999984, -6.843401762776432 ], [ -35.484702206999941, -6.8433661017764 ], [ -35.484715277999953, -6.843344031776406 ], [ -35.484727170999975, -6.843320044776388 ], [ -35.48474707499998, -6.843267047776432 ], [ -35.484754829999929, -6.843236278776394 ], [ -35.484763021999981, -6.843190614776436 ], [ -35.484770602999959, -6.843139675776422 ], [ -35.484774538999943, -6.843096622776415 ], [ -35.484774946999948, -6.8430239317764 ], [ -35.484767922999936, -6.842929857776406 ], [ -35.48475986099993, -6.84286975577644 ], [ -35.484760266999956, -6.842854395776422 ], [ -35.484763309999948, -6.842841556776398 ], [ -35.484768645999964, -6.842830876776399 ], [ -35.484776937999982, -6.842819705776416 ], [ -35.484812599999948, -6.842783710776456 ], [ -35.484850957999981, -6.842747385776404 ], [ -35.484865363999972, -6.842730472776434 ], [ -35.484882456999969, -6.842701667776438 ], [ -35.484890777999972, -6.842681907776456 ], [ -35.484896105999951, -6.842664645776426 ], [ -35.484898559999976, -6.842649492776428 ], [ -35.484898130999973, -6.842636443776416 ], [ -35.484894717999957, -6.842625643776431 ], [ -35.484887672999946, -6.842614323776433 ], [ -35.484847425999931, -6.84256973077645 ], [ -35.484817046999979, -6.842523804776407 ], [ -35.484797541999974, -6.842488273776427 ], [ -35.484777012999984, -6.842446676776427 ], [ -35.484767556999934, -6.842423282776441 ], [ -35.484762265999962, -6.84240123977644 ], [ -35.484762018999959, -6.842381677776462 ], [ -35.484765093999954, -6.842364341776427 ], [ -35.484769820999929, -6.842348444776455 ], [ -35.484775830999979, -6.84233519877642 ], [ -35.484782945999939, -6.842324961776448 ], [ -35.484790620999945, -6.842318399776443 ], [ -35.484801127999958, -6.842313048776414 ], [ -35.484853137999949, -6.84229676877646 ], [ -35.484890461999953, -6.842277261776414 ], [ -35.484927542999969, -6.842261357776458 ], [ -35.484959693999947, -6.842244666776423 ], [ -35.484982425999931, -6.842230560776438 ], [ -35.485000686999967, -6.842215970776464 ], [ -35.48501460499994, -6.842200635776465 ], [ -35.485022242999946, -6.842186906776424 ], [ -35.485035228999948, -6.842152382776422 ], [ -35.485043639999958, -6.842139203776471 ], [ -35.485059828999965, -6.842123569776451 ], [ -35.485077021999977, -6.842111267776432 ], [ -35.485092753999936, -6.84210403777644 ], [ -35.485106363999932, -6.842102113776437 ], [ -35.48511752099995, -6.842104893776424 ], [ -35.485130216999949, -6.842111952776469 ], [ -35.485144395999953, -6.84212320077643 ], [ -35.48516122999996, -6.84213957177644 ], [ -35.485169908999978, -6.842150607776433 ], [ -35.485176397999965, -6.842163565776443 ], [ -35.485180773999957, -6.84217859077643 ], [ -35.485183130999928, -6.84219599377644 ], [ -35.485182893999934, -6.842230217776432 ], [ -35.485175323999954, -6.842313913776419 ], [ -35.485176724999974, -6.842351275776417 ], [ -35.485183850999931, -6.842425322776415 ], [ -35.485188896999944, -6.842445059776419 ], [ -35.48519642399998, -6.842461198776437 ], [ -35.485205557999961, -6.842472982776421 ], [ -35.485229732999976, -6.842496132776423 ], [ -35.48523909599993, -6.842507063776442 ], [ -35.485257414999985, -6.84253548477641 ], [ -35.485270572999973, -6.842562126776429 ], [ -35.485278462999929, -6.842586773776406 ], [ -35.485281046999944, -6.842609297776436 ], [ -35.485279525999943, -6.842627997776432 ], [ -35.485275171999945, -6.842647691776437 ], [ -35.48526825099998, -6.842667166776424 ], [ -35.485259244999952, -6.842685058776441 ], [ -35.485244131999934, -6.842707541776448 ], [ -35.48522967599996, -6.842721396776408 ], [ -35.485220244999937, -6.842726155776447 ], [ -35.485190177999982, -6.842736107776416 ], [ -35.485171814999944, -6.842748265776421 ], [ -35.485145324999962, -6.842771142776414 ], [ -35.485108293999929, -6.842801812776411 ], [ -35.48509138999998, -6.842817957776433 ], [ -35.485078234999946, -6.842835024776418 ], [ -35.485070683999936, -6.842851875776414 ], [ -35.485067331999964, -6.842877967776396 ], [ -35.485069883999984, -6.842916316776416 ], [ -35.485073478999936, -6.842940176776412 ], [ -35.48507018599998, -6.842947693776447 ], [ -35.485062554999956, -6.842954263776424 ], [ -35.485020340999938, -6.842973591776436 ], [ -35.484989062999944, -6.842992605776405 ], [ -35.484973934999971, -6.843003935776418 ], [ -35.484951409999951, -6.8430260337764 ], [ -35.484938960999955, -6.843044850776408 ], [ -35.484932934999961, -6.843063592776419 ], [ -35.484930532999961, -6.843084329776413 ], [ -35.484932080999954, -6.843104010776446 ], [ -35.48493740999993, -6.843120650776394 ], [ -35.484954935999951, -6.843141021776404 ], [ -35.484959024999966, -6.84314831177639 ], [ -35.484961134999935, -6.843163920776388 ], [ -35.484958702999961, -6.843180930776409 ], [ -35.484955168999932, -6.843188524776424 ], [ -35.484948975999941, -6.843196066776409 ], [ -35.484918443999959, -6.843221422776392 ], [ -35.48488092499997, -6.843256779776393 ], [ -35.484864263999953, -6.84327487877643 ], [ -35.484849505999932, -6.843294611776418 ], [ -35.484835561999944, -6.843316563776422 ], [ -35.484810210999967, -6.843366983776398 ], [ -35.484799278999958, -6.843395085776386 ], [ -35.484789722999949, -6.843425581776408 ], [ -35.484782706999965, -6.843451484776394 ], [ -35.484779725999942, -6.843468779776414 ], [ -35.484779239999966, -6.843487477776385 ], [ -35.484781319999968, -6.843515587776396 ], [ -35.484786269999979, -6.843553907776383 ], [ -35.484794723999983, -6.843593641776425 ], [ -35.484807156999977, -6.843641602776427 ], [ -35.484813069999973, -6.843656452776389 ], [ -35.48481996299995, -6.843668614776404 ], [ -35.484826333999933, -6.843675965776426 ], [ -35.484835253999961, -6.843682923776399 ], [ -35.484879924999973, -6.843708591776372 ], [ -35.484888263999949, -6.843716434776423 ], [ -35.484893607999936, -6.843724988776391 ], [ -35.484899974999955, -6.843744469776371 ], [ -35.484901537999981, -6.84376161177642 ], [ -35.484897720999982, -6.843773394776412 ], [ -35.484881865999967, -6.843798105776396 ], [ -35.484879246999981, -6.843807956776412 ], [ -35.484880850999964, -6.84381805577642 ], [ -35.484885876999954, -6.843829381776406 ], [ -35.48490871599995, -6.843860392776384 ], [ -35.484922710999967, -6.843874903776401 ], [ -35.484959037999943, -6.843905041776399 ], [ -35.484991653999941, -6.843935500776411 ], [ -35.485008404999974, -6.843955224776381 ], [ -35.485016739999935, -6.843970211776365 ], [ -35.485031188999983, -6.84400544877639 ], [ -35.48503864099996, -6.844018299776394 ], [ -35.485055118999981, -6.84403580977641 ], [ -35.485095850999983, -6.844066285776361 ], [ -35.485111555999936, -6.844080818776375 ], [ -35.485124895999945, -6.844099288776359 ], [ -35.485151904999952, -6.844147598776374 ], [ -35.485160397999948, -6.844158774776358 ], [ -35.485169331999941, -6.844167409776386 ], [ -35.485183287999966, -6.844176852776393 ], [ -35.485200634999956, -6.844185287776378 ], [ -35.485259357999951, -6.844205085776357 ], [ -35.485320255999966, -6.844222722776404 ], [ -35.485384746999955, -6.844235464776369 ], [ -35.485441492999939, -6.844239862776354 ], [ -35.48546307099997, -6.844243511776361 ], [ -35.485484067999955, -6.844250552776362 ], [ -35.485529919999983, -6.844270436776403 ], [ -35.485584512999935, -6.844287234776391 ], [ -35.485607756999968, -6.844298020776356 ], [ -35.485627135999948, -6.844311470776394 ], [ -35.485644167999965, -6.84432628777636 ], [ -35.485658112999943, -6.844341822776402 ], [ -35.48566866699997, -6.844357725776368 ], [ -35.485683958999971, -6.844390009776345 ], [ -35.485686414999975, -6.844400856776351 ], [ -35.485685523999962, -6.844408531776351 ], [ -35.485679173999984, -6.844415060776375 ], [ -35.485666408999975, -6.844419710776369 ], [ -35.48564741399997, -6.84442246577639 ], [ -35.485621249999951, -6.844423456776366 ], [ -35.48559562599997, -6.844419873776347 ], [ -35.485545988999938, -6.844404024776382 ], [ -35.485483807999962, -6.844386797776382 ], [ -35.485440933999939, -6.844378712776386 ], [ -35.485409494999942, -6.844376323776359 ], [ -35.485378670999978, -6.844380021776363 ], [ -35.485323683999979, -6.84439497077635 ], [ -35.485302352999952, -6.844399404776357 ], [ -35.485256276999969, -6.844405690776389 ], [ -35.485222792999934, -6.84440778877637 ], [ -35.485182178999935, -6.844407569776348 ], [ -35.48515621699994, -6.844403339776353 ], [ -35.485143505999929, -6.844398313776348 ], [ -35.485130168999945, -6.844390378776367 ], [ -35.485076179999965, -6.844348536776396 ], [ -35.48501039599995, -6.844310965776391 ], [ -35.484910904999936, -6.844243068776384 ], [ -35.484861710999944, -6.844218278776383 ], [ -35.484843955999963, -6.844207760776374 ], [ -35.484811241999978, -6.844185204776403 ], [ -35.484791176999977, -6.844168697776405 ], [ -35.484776021999942, -6.844151904776365 ], [ -35.484766143999934, -6.844134792776395 ], [ -35.484762235999938, -6.844122283776411 ], [ -35.484756071999982, -6.84409141777638 ], [ -35.484743088999949, -6.844048009776373 ], [ -35.484729233999929, -6.844012080776389 ], [ -35.484718602999976, -6.843985199776394 ], [ -35.48470985299997, -6.843973133776387 ], [ -35.484695343999931, -6.843963358776364 ], [ -35.484682309999982, -6.843959665776367 ], [ -35.484670672999982, -6.843963580776411 ], [ -35.48464884699996, -6.843980663776391 ], [ -35.484628441999966, -6.843997147776406 ], [ -35.484618346999973, -6.844001781776399 ], [ -35.484606010999983, -6.844001722776393 ], [ -35.484591909999949, -6.843997962776374 ], [ -35.484580406999953, -6.843991728776419 ], [ -35.484573914999942, -6.84398434877636 ], [ -35.484572191999973, -6.843977838776365 ], [ -35.484572119999939, -6.843969253776381 ], [ -35.484576733999972, -6.843949700776363 ], [ -35.484583053999984, -6.843940371776398 ], [ -35.484605133999935, -6.843919508776366 ], [ -35.484623114999977, -6.843892196776383 ], [ -35.484632531999978, -6.843868505776423 ], [ -35.484635866999952, -6.84384911577638 ], [ -35.484635525999977, -6.843833256776411 ], [ -35.484632636999947, -6.843821776776404 ], [ -35.484627551999949, -6.843810004776407 ], [ -35.484620765999978, -6.843799079776383 ], [ -35.484612991999938, -6.843790163776369 ], [ -35.484605663999957, -6.843784968776398 ], [ -35.484595967999951, -6.843781123776413 ], [ -35.484547587999934, -6.843770879776404 ], [ -35.484508145999939, -6.843753298776398 ], [ -35.484480859999962, -6.843735994776416 ], [ -35.484458287999978, -6.843716973776406 ], [ -35.484433700999944, -6.843687885776385 ], [ -35.484393513999976, -6.843637077776417 ], [ -35.484361512999953, -6.843603063776424 ], [ -35.484349619999932, -6.843588409776384 ], [ -35.484337396999933, -6.84356554077642 ], [ -35.484317382999969, -6.843510543776424 ], [ -35.484305426999981, -6.843489987776385 ], [ -35.484287873999961, -6.843472113776405 ], [ -35.484245433999952, -6.843440584776387 ], [ -35.484228887999961, -6.843425717776388 ], [ -35.484210213999972, -6.843401961776427 ], [ -35.484171570999933, -6.843337280776403 ], [ -35.484151151999981, -6.843310250776389 ], [ -35.484126473999943, -6.843287993776436 ], [ -35.484066051999946, -6.843244374776384 ], [ -35.484043813999961, -6.843223259776408 ], [ -35.484028781999939, -6.843201216776411 ], [ -35.483998923999934, -6.843142597776389 ], [ -35.483989005999945, -6.843128997776404 ], [ -35.483978258999969, -6.843118663776441 ], [ -35.483958786999949, -6.843106973776431 ], [ -35.483906547999936, -6.843084514776391 ], [ -35.483864159999939, -6.84306141077642 ], [ -35.483840790999977, -6.843044079776436 ], [ -35.483831352999971, -6.843033900776418 ], [ -35.483822243999953, -6.843021146776409 ], [ -35.483787839999934, -6.842961282776438 ], [ -35.48374608499995, -6.842905173776424 ], [ -35.48371670399996, -6.842865418776435 ], [ -35.483704135999972, -6.842841922776453 ], [ -35.483699895999962, -6.842822668776406 ], [ -35.483697755999962, -6.842777419776422 ], [ -35.483693068999969, -6.842759809776436 ], [ -35.483679701999961, -6.842737215776409 ], [ -35.483656533999969, -6.842709484776417 ], [ -35.483639178999965, -6.842695107776408 ], [ -35.483590041999939, -6.842665636776402 ], [ -35.483579600999974, -6.842655825776421 ], [ -35.48357310199998, -6.842645348776437 ], [ -35.483567489999984, -6.842626847776431 ], [ -35.483565041999952, -6.842606069776407 ], [ -35.483566092999979, -6.842586014776419 ], [ -35.483570520999933, -6.842568707776407 ], [ -35.483580630999946, -6.842550101776441 ], [ -35.483595925999964, -6.842531877776418 ], [ -35.483610713999951, -6.842519986776431 ], [ -35.483633942999973, -6.842506274776432 ], [ -35.483675156999936, -6.842487851776458 ], [ -35.483696904999931, -6.842481348776452 ], [ -35.483745463999981, -6.842471192776425 ], [ -35.483763975999977, -6.842465459776451 ], [ -35.483799104999946, -6.842450047776421 ], [ -35.483831725999949, -6.842441452776419 ], [ -35.483842221999964, -6.842440925776423 ], [ -35.483849962999955, -6.842442771776455 ], [ -35.483857472999944, -6.842449592776454 ], [ -35.483863182999983, -6.842462134776434 ], [ -35.483867131999943, -6.842479936776437 ], [ -35.483870399999951, -6.842507967776435 ], [ -35.483868124999958, -6.842542381776463 ], [ -35.483869173999949, -6.842553651776415 ], [ -35.48387379199994, -6.842564397776453 ], [ -35.483882251999937, -6.842575073776447 ], [ -35.483927134999931, -6.842613475776419 ], [ -35.48399016299993, -6.842687656776419 ], [ -35.48402933999995, -6.842740292776441 ], [ -35.484067103999962, -6.842798432776396 ], [ -35.484116920999952, -6.842862673776414 ], [ -35.484157721999964, -6.842912870776427 ], [ -35.484189050999937, -6.8429489017764 ], [ -35.48421639299994, -6.842977239776395 ], [ -35.484288954999954, -6.843047707776435 ], [ -35.484372615999973, -6.843136344776413 ], [ -35.484453920999954, -6.84322815977642 ], [ -35.484472543999971, -6.843251589776425 ], [ -35.484527742999944, -6.843327066776422 ], [ -35.484547520999968, -6.843349089776408 ], [ -35.48456721499997, -6.843366574776399 ], [ -35.484600658999966, -6.843394959776414 ], [ -35.484616986999981, -6.843406563776417 ], [ -35.484633972999973, -6.843414256776404 ], [ -35.484650017999968, -6.843416245776405 ], [ -35.484665144999951, -6.843414112776387 ] ] ] } },
{ "type": "Feature", "properties": { "num_setor": "PB_CG_SR_03_CPRM", "munic": "CAMPINA GRANDE", "grau_risco": "Alto", "distancia_km": 1.39, "chuva_24h": 0.1, "chuva_72h": 0.1, "fonte_estacao": "openmeteo", "codigo_estacao": "openmeteo", "nome_estacao": "Open-Meteo (célula de grade)" }, "geometry": { "type": "Polygon", "coordinates": [ [ [ -35.918222033999939, -7.240687425763715 ], [ -35.918283, -7.240471210763698 ], [ -35.918403981999973, -7.240311884763686 ], [ -35.918536360999951, -7.24025938276372 ], [ -35.918769042999941, -7.240323761763707 ], [ -35.919032481999977, -7.240438429763679 ], [ -35.919357232999971, -7.240558177763706 ], [ -35.919686199999944, -7.240649875763714 ], [ -35.920065349999959, -7.24076713276371 ], [ -35.920277376999941, -7.24071072176371 ], [ -35.920482016999983, -7.240605061763681 ], [ -35.920582262999972, -7.240362177763701 ], [ -35.920858176999957, -7.240437854763682 ], [ -35.920936200999961, -7.240613356763725 ], [ -35.920860954999966, -7.240853663763668 ], [ -35.920725923999953, -7.241020537763664 ], [ -35.920506796999973, -7.241200075763653 ], [ -35.920195686999932, -7.241300024763662 ], [ -35.919918307999978, -7.241327352763699 ], [ -35.919631777999939, -7.241256105763704 ], [ -35.919561853999937, -7.241311669763683 ], [ -35.919402828999978, -7.241222953763693 ], [ -35.919211368999981, -7.241296142763674 ], [ -35.919063501999979, -7.241363990763685 ], [ -35.918906816999936, -7.24148786676365 ], [ -35.91863842299994, -7.241697044763684 ], [ -35.918425460999977, -7.241897500763633 ], [ -35.918108784999959, -7.242041818763651 ], [ -35.917707736999944, -7.24218056876367 ], [ -35.917350407999947, -7.242214517763665 ], [ -35.916954985999951, -7.242096015763652 ], [ -35.916686268999968, -7.242055416763668 ], [ -35.916430228999957, -7.242054613763627 ], [ -35.916314420999981, -7.242142024763668 ], [ -35.916273390999947, -7.242281797763662 ], [ -35.91632498599995, -7.242458203763634 ], [ -35.916344283999933, -7.242651545763617 ], [ -35.916134272999955, -7.24296796076365 ], [ -35.915998400999968, -7.243253716763625 ], [ -35.915922665999972, -7.2435257877636 ], [ -35.915856145999946, -7.24375497876361 ], [ -35.915789346999929, -7.244197090763569 ], [ -35.91581799599993, -7.244465691763573 ], [ -35.915922298999938, -7.244668499763553 ], [ -35.915965039999946, -7.244856969763559 ], [ -35.915928117999947, -7.245153841763583 ], [ -35.915945466999965, -7.245559589763562 ], [ -35.91592005699993, -7.246057378763554 ], [ -35.91593989699993, -7.246461592763499 ], [ -35.91593569299993, -7.247037243763498 ], [ -35.916017249999982, -7.247548325763485 ], [ -35.916114471999947, -7.247786880763489 ], [ -35.916138259999975, -7.247915084763443 ], [ -35.916254248999962, -7.248016137763486 ], [ -35.916208402999985, -7.248339971763439 ], [ -35.91626662699997, -7.248631725763421 ], [ -35.916268779999939, -7.249009907763424 ], [ -35.916399330999973, -7.249082414763457 ], [ -35.916562965999958, -7.249450372763408 ], [ -35.916654087999973, -7.250040235763408 ], [ -35.916566671999931, -7.250646519763405 ], [ -35.916466272999969, -7.250951021763403 ], [ -35.916273650999983, -7.251003449763349 ], [ -35.915956595999944, -7.250740243763355 ], [ -35.91576887399998, -7.250385403763368 ], [ -35.915919904999946, -7.250199131763424 ], [ -35.915942508999933, -7.25000948176339 ], [ -35.915899683999953, -7.249701741763419 ], [ -35.915701372999933, -7.249264071763436 ], [ -35.915558072999943, -7.248965497763447 ], [ -35.915448442999946, -7.248572983763459 ], [ -35.915377898999964, -7.248305136763433 ], [ -35.915330703999985, -7.248064167763439 ], [ -35.915241286999951, -7.247752926763485 ], [ -35.915322360999937, -7.247330157763494 ], [ -35.915401111999977, -7.247019587763491 ], [ -35.915441279999982, -7.246686999763511 ], [ -35.91541824799998, -7.246464591763503 ], [ -35.915316048999955, -7.246268589763515 ], [ -35.91525579499995, -7.246042673763548 ], [ -35.915247933999979, -7.245807871763524 ], [ -35.915208074999946, -7.245690232763535 ], [ -35.915209537999935, -7.24551164176353 ], [ -35.91522497699998, -7.245212467763579 ], [ -35.915054701999964, -7.245045244763587 ], [ -35.915199978999965, -7.244652599763555 ], [ -35.915060657999959, -7.244578642763581 ], [ -35.914947217999945, -7.244407676763597 ], [ -35.914947176999931, -7.244300149763593 ], [ -35.914925214999982, -7.244188738763615 ], [ -35.915052343999946, -7.243892969763572 ], [ -35.915201802999945, -7.243548847763588 ], [ -35.915335472999971, -7.243231724763598 ], [ -35.915323161999936, -7.243118238763623 ], [ -35.915326972999928, -7.242768487763651 ], [ -35.915369491999961, -7.242584962763642 ], [ -35.915283648999939, -7.24247928876365 ], [ -35.915070998999965, -7.242378572763633 ], [ -35.914864066999932, -7.242290063763669 ], [ -35.914692305999949, -7.24214975276368 ], [ -35.914510786999983, -7.242004966763662 ], [ -35.914437981999981, -7.241851853763656 ], [ -35.914562233999952, -7.241835128763691 ], [ -35.914769436999961, -7.24194801576369 ], [ -35.914963160999946, -7.242009810763656 ], [ -35.915165477999942, -7.24209300776363 ], [ -35.915360034999935, -7.242172629763669 ], [ -35.915499858999972, -7.242202910763632 ], [ -35.915591179999979, -7.242164431763684 ], [ -35.915612632999967, -7.242000092763653 ], [ -35.915702285999942, -7.241820185763637 ], [ -35.915868751999938, -7.241495113763692 ], [ -35.916044, -7.241428471763657 ], [ -35.916279563999979, -7.241377153763686 ], [ -35.916500147999955, -7.241372497763703 ], [ -35.916855705999978, -7.241389175763654 ], [ -35.917358190999956, -7.241475210763688 ], [ -35.917582324999962, -7.241474769763689 ], [ -35.917895502999954, -7.241331977763676 ], [ -35.918069222999975, -7.24101202976372 ], [ -35.918169241999983, -7.240778534763695 ], [ -35.918222033999939, -7.240687425763715 ] ] ] } },
{ "type": "Feature", "properties": { "num_setor": "PB_CG_SR_04_CPRM", "munic": "CAMPINA GRANDE", "grau_risco": "Alto", "distancia_km": 1.56, "chuva_24h": 0.1, "chuva_72h": 0.1, "fonte_estacao": "openmeteo", "codigo_estacao": "openmeteo", "nome_estacao": "Open-Meteo (célula de grade)" }, "geometry": { "type": "Polygon", "coordinates": [ [ [ -35.927850452999955, -7.274795024762607 ], [ -35.927684831999947, -7.274613636762627 ], [ -35.927586375999965, -7.274564733762634 ], [ -35.92759465599994, -7.274322782762618 ], [ -35.927797894999969, -7.273948837762652 ], [ -35.928013409999949, -7.273510435762679 ], [ -35.928280435999959, -7.273077151762643 ], [ -35.928519473999977, -7.272623298762707 ], [ -35.928571529999942, -7.272075750762677 ], [ -35.92880624299994, -7.271872433762686 ], [ -35.929251796999942, -7.271665422762704 ], [ -35.929438765999976, -7.271626945762729 ], [ -35.929805643999941, -7.27168128176273 ], [ -35.929893078999946, -7.271733857762706 ], [ -35.929850230999932, -7.271946204762696 ], [ -35.929671421999956, -7.272342875762659 ], [ -35.929518366999964, -7.27274956276266 ], [ -35.929464026999938, -7.272916600762679 ], [ -35.929274508999981, -7.273146239762674 ], [ -35.92910567499996, -7.273357541762634 ], [ -35.928994659999944, -7.273497212762625 ], [ -35.928906693999977, -7.273623242762666 ], [ -35.928802520999966, -7.273735197762631 ], [ -35.928726089999941, -7.273877124762645 ], [ -35.92867980799997, -7.273966879762613 ], [ -35.928720502999965, -7.27411102476265 ], [ -35.928507770999943, -7.274375216762619 ], [ -35.928336621999961, -7.274587941762594 ], [ -35.92831417799993, -7.274721223762625 ], [ -35.928143821999981, -7.274854123762603 ], [ -35.928008518999938, -7.274857469762624 ], [ -35.927850452999955, -7.274795024762607 ] ] ] } },
{ "type": "Feature", "properties": { "num_setor": "PB_CG_SR_02_CPRM", "munic": "CAMPINA GRANDE", "grau_risco": "Alto", "distancia_km": 0.64, "chuva_24h": 0.3, "chuva_72h": 0.4, "fonte_estacao": "openmeteo", "codigo_estacao": "openmeteo", "nome_estacao": "Open-Meteo (célula de grade)" }, "geometry": { "type": "Polygon", "coordinates": [ [ [ -35.92000499899995, -7.235294610763892 ], [ -35.919868329999929, -7.234840940763897 ], [ -35.919766736999975, -7.234324489763902 ], [ -35.919640132999973, -7.233846875763938 ], [ -35.91948723399998, -7.233396812763932 ], [ -35.919352149999952, -7.233161015763923 ], [ -35.919144545999984, -7.232933515763944 ], [ -35.919035816999951, -7.232747890763981 ], [ -35.918830558999957, -7.232452068763986 ], [ -35.918610982999951, -7.232245960763952 ], [ -35.918167033999964, -7.231967606763967 ], [ -35.917772421999985, -7.231731656763991 ], [ -35.917309233999958, -7.231493035764 ], [ -35.916705420999953, -7.231290119763972 ], [ -35.916183118999975, -7.231032908764027 ], [ -35.915840173999982, -7.230828975764 ], [ -35.91555688699998, -7.230529297764039 ], [ -35.91530440899993, -7.230263055764039 ], [ -35.915128429999989, -7.230003421764075 ], [ -35.915010012999964, -7.22965862676403 ], [ -35.91494264499994, -7.229077603764058 ], [ -35.914891667999939, -7.22829966076408 ], [ -35.91477060699998, -7.227144372764111 ], [ -35.914674280999968, -7.226630805764137 ], [ -35.914517589999946, -7.226345449764145 ], [ -35.914299576999944, -7.226048052764159 ], [ -35.913852692999967, -7.225660159764189 ], [ -35.913477857999958, -7.225296254764167 ], [ -35.913349461999928, -7.224887532764209 ], [ -35.913327017999961, -7.224577139764211 ], [ -35.91339179199997, -7.224367693764232 ], [ -35.913590248999988, -7.224028329764228 ], [ -35.913922293999974, -7.223677226764233 ], [ -35.914174942999978, -7.22345068176426 ], [ -35.914702150999979, -7.223267263764259 ], [ -35.915164263999941, -7.223159938764282 ], [ -35.915580211999952, -7.222823296764251 ], [ -35.915979879999945, -7.222099789764295 ], [ -35.916688763999964, -7.220118346764327 ], [ -35.917001888999948, -7.218610208764413 ], [ -35.91711270199994, -7.219714109764343 ], [ -35.917021886999976, -7.220287554764369 ], [ -35.916961545999982, -7.220581175764327 ], [ -35.916776320999929, -7.221061273764337 ], [ -35.916521620999958, -7.221733603764305 ], [ -35.916327886999966, -7.222207052764319 ], [ -35.916053446999967, -7.22276523776428 ], [ -35.915767597999938, -7.223149419764276 ], [ -35.915492073999928, -7.223387761764258 ], [ -35.914867211999933, -7.223600110764231 ], [ -35.914437832999958, -7.223749049764269 ], [ -35.913923951999948, -7.224241723764241 ], [ -35.913783824999946, -7.224476972764241 ], [ -35.913763299999971, -7.224748372764212 ], [ -35.913862503999944, -7.225039484764209 ], [ -35.914018261999956, -7.225271539764176 ], [ -35.914367510999966, -7.225570980764203 ], [ -35.914698624999971, -7.225871517764181 ], [ -35.914951598999949, -7.22614866876415 ], [ -35.915087453999945, -7.226405978764134 ], [ -35.915160797999931, -7.226776548764157 ], [ -35.915194780999968, -7.227244888764138 ], [ -35.915199495999957, -7.227536836764113 ], [ -35.91528180399996, -7.227859093764102 ], [ -35.915341014999967, -7.228282072764088 ], [ -35.915310081999962, -7.228380486764121 ], [ -35.915343151999934, -7.228464894764081 ], [ -35.915385856999933, -7.228902145764059 ], [ -35.915487590999938, -7.229665877764035 ], [ -35.915548523, -7.229874705764066 ], [ -35.915756090999935, -7.230216373764035 ], [ -35.916057715999955, -7.230497796764016 ], [ -35.916416414999958, -7.230735313764021 ], [ -35.916917048999949, -7.230917612764033 ], [ -35.917212426999981, -7.231008633764034 ], [ -35.917893377999974, -7.231293341764005 ], [ -35.918430721999975, -7.231562776764001 ], [ -35.918798639999977, -7.231825129763976 ], [ -35.919053593999934, -7.232095902763985 ], [ -35.91941634799997, -7.232488531763944 ], [ -35.919680468999957, -7.232928277763969 ], [ -35.919929337999974, -7.233342790763911 ], [ -35.920101862999957, -7.233816808763928 ], [ -35.920223316999973, -7.234490538763923 ], [ -35.920343447999983, -7.235022221763871 ], [ -35.920249516999945, -7.235515448763851 ], [ -35.920177741999964, -7.235528041763851 ], [ -35.92000499899995, -7.235294610763892 ] ] ] } },
{ "type": "Feature", "properties": { "num_setor": "PB_CG_SR_09_CPRM", "munic": "CAMPINA GRANDE", "grau_risco": "Alto", "distancia_km": 0.44, "chuva_24h": 0.1, "chuva_72h": 0.1, "fonte_estacao": "openmeteo", "codigo_estacao": "openmeteo", "nome_estacao": "Open-Meteo (célula de grade)" }, "geometry": { "type": "Polygon", "coordinates": [ [ [ -35.896552674999953, -7.253622223763303 ], [ -35.89668761799993, -7.253606585763265 ], [ -35.89684816099998, -7.253611845763288 ], [ -35.897008523999943, -7.253639244763264 ], [ -35.897121971999972, -7.253724730763306 ], [ -35.897336675999952, -7.253765405763287 ], [ -35.897208099999936, -7.253838885763249 ], [ -35.897114381999977, -7.253897111763271 ], [ -35.897080292999931, -7.253909042763288 ], [ -35.897001186999944, -7.253918443763288 ], [ -35.896886160999941, -7.253892461763281 ], [ -35.896772245999948, -7.253905824763265 ], [ -35.896648548999963, -7.25388918776329 ], [ -35.896527081999977, -7.253941276763292 ], [ -35.896435536999945, -7.253956487763291 ], [ -35.896312276999936, -7.253982546763282 ], [ -35.896301945999937, -7.254024584763292 ], [ -35.896165333999932, -7.254068715763275 ], [ -35.896128569999973, -7.25414550076324 ], [ -35.896044171999961, -7.254210909763242 ], [ -35.896033332999934, -7.25431831776326 ], [ -35.895892023999977, -7.254310084763238 ], [ -35.895819761999974, -7.254346614763284 ], [ -35.895802200999981, -7.254465430763278 ], [ -35.895699836999938, -7.254467104763254 ], [ -35.895533637999961, -7.254465888763261 ], [ -35.895381210999972, -7.254508385763251 ], [ -35.895294305999982, -7.25457865776326 ], [ -35.89525240699993, -7.254717168763249 ], [ -35.89504610399996, -7.25470869976328 ], [ -35.89507149699994, -7.254514293763241 ], [ -35.89495546899996, -7.254501450763263 ], [ -35.895071363999932, -7.254340706763241 ], [ -35.895241131999967, -7.254199573763244 ], [ -35.895347732999937, -7.254208509763273 ], [ -35.895511211999967, -7.254062969763271 ], [ -35.895744417999936, -7.253973262763302 ], [ -35.895893480999973, -7.2538747917633 ], [ -35.895969219999984, -7.253687107763286 ], [ -35.896191167999973, -7.253636204763297 ], [ -35.896427277999976, -7.253651994763263 ], [ -35.896552674999953, -7.253622223763303 ] ] ] } },
{ "type": "Feature", "properties": { "num_setor": "PB_CG_SR_07_CPRM", "munic": "CAMPINA GRANDE", "grau_risco": "Alto", "distancia_km": 1.0, "chuva_24h": 0.3, "chuva_72h": 0.3, "fonte_estacao": "openmeteo", "codigo_estacao": "openmeteo", "nome_estacao": "Open-Meteo (célula de grade)" }, "geometry": { "type": "Polygon", "coordinates": [ [ [ -35.887679336999952, -7.20540601476481 ], [ -35.887687469999946, -7.205333313764851 ], [ -35.887683789999983, -7.205208495764841 ], [ -35.887663026999967, -7.205091489764857 ], [ -35.887686174999942, -7.205030664764864 ], [ -35.88774798299994, -7.204918880764858 ], [ -35.887745544999973, -7.204803062764822 ], [ -35.887744896999948, -7.204542682764846 ], [ -35.887753506999957, -7.204283191764843 ], [ -35.887732825999933, -7.204051179764878 ], [ -35.887689147999936, -7.203891991764889 ], [ -35.887471747999939, -7.203483082764919 ], [ -35.88726212499995, -7.203124519764905 ], [ -35.887185194, -7.202938693764912 ], [ -35.886786281999939, -7.20271806276492 ], [ -35.886490200999958, -7.202422848764928 ], [ -35.886276572999975, -7.201959050764948 ], [ -35.886179476999985, -7.201724643764955 ], [ -35.886199871999963, -7.201521232764939 ], [ -35.886123463999979, -7.20125163176499 ], [ -35.886364668999931, -7.200869893764958 ], [ -35.886692812999968, -7.200528938765014 ], [ -35.886998225999946, -7.200307987764998 ], [ -35.887416875999975, -7.200300753764989 ], [ -35.887491215999944, -7.200538265764994 ], [ -35.887331095999969, -7.20066835876499 ], [ -35.887197295999954, -7.200885242764977 ], [ -35.887142935999975, -7.201076380764961 ], [ -35.887138996999965, -7.201301351764981 ], [ -35.887101989999962, -7.201485753764974 ], [ -35.887027343999932, -7.201613484764937 ], [ -35.886959264999973, -7.201700987764958 ], [ -35.886892002999957, -7.20185589476492 ], [ -35.886891863999942, -7.202041849764929 ], [ -35.88695623399996, -7.202275675764916 ], [ -35.887050173999967, -7.202451622764916 ], [ -35.887209516999981, -7.202624702764936 ], [ -35.887381594999965, -7.202791868764904 ], [ -35.887546975999953, -7.202973384764899 ], [ -35.88758770499993, -7.203086772764882 ], [ -35.887630572999967, -7.203237185764907 ], [ -35.887778782999931, -7.203470042764862 ], [ -35.887921497999969, -7.203662977764892 ], [ -35.888087689999963, -7.203736905764887 ], [ -35.888238804999958, -7.203884291764863 ], [ -35.888267288999934, -7.204088946764859 ], [ -35.888188244999981, -7.204365856764874 ], [ -35.888146192999955, -7.204593621764849 ], [ -35.888145751999957, -7.204715377764844 ], [ -35.888151720999929, -7.204956200764846 ], [ -35.888111915999957, -7.205094791764838 ], [ -35.888141657999938, -7.205274528764831 ], [ -35.88812594999996, -7.205454347764801 ], [ -35.887976629999969, -7.205588085764842 ], [ -35.887879733999966, -7.205696887764844 ], [ -35.88776777299995, -7.205864302764798 ], [ -35.887669193999962, -7.206087343764821 ], [ -35.887710520999974, -7.206190777764803 ], [ -35.887533651999945, -7.206685607764764 ], [ -35.887366722999964, -7.20720275876474 ], [ -35.887207460999946, -7.207309698764761 ], [ -35.88712623999993, -7.207484167764763 ], [ -35.887057886999969, -7.207664743764744 ], [ -35.886929387999949, -7.20752220276475 ], [ -35.886955205999989, -7.207263300764769 ], [ -35.88709364999994, -7.207066491764787 ], [ -35.887114201999964, -7.206893598764782 ], [ -35.88714239799998, -7.206790639764784 ], [ -35.887121397999977, -7.206663999764763 ], [ -35.887200460999964, -7.206226397764808 ], [ -35.88726053299996, -7.206010494764784 ], [ -35.887342816999933, -7.205819547764827 ], [ -35.887464695999938, -7.205615823764821 ], [ -35.887554124999951, -7.205520816764849 ], [ -35.887661226999967, -7.205550994764827 ], [ -35.887679336999952, -7.20540601476481 ] ] ] } },
{ "type": "Feature", "properties": { "num_setor": "PB_CG_SR_10_CPRM", "munic": "CAMPINA GRANDE", "grau_risco": "Alto", "distancia_km": 1.6, "chuva_24h": 0.1, "chuva_72h": 0.1, "fonte_estacao": "openmeteo", "codigo_estacao": "openmeteo", "nome_estacao": "Open-Meteo (célula de grade)" }, "geometry": { "type": "Polygon", "coordinates": [ [ [ -35.871990436999965, -7.244292581763588 ], [ -35.872053007999966, -7.244284978763561 ], [ -35.872151984999952, -7.244302580763574 ], [ -35.872155846999931, -7.244302496763613 ], [ -35.872273423999957, -7.244327951763572 ], [ -35.872414646999971, -7.244367705763564 ], [ -35.872454235999946, -7.244379681763557 ], [ -35.872498401999962, -7.24440183076358 ], [ -35.872509049999969, -7.244416872763606 ], [ -35.872513972999968, -7.244447817763595 ], [ -35.872518770999932, -7.244480135763563 ], [ -35.872520631999976, -7.244484499763564 ], [ -35.872526162999982, -7.244539997763562 ], [ -35.872530598999958, -7.244568711763552 ], [ -35.872533250999936, -7.244572721763553 ], [ -35.872536772999979, -7.244577710763599 ], [ -35.872541057999968, -7.244596583763583 ], [ -35.872545388999981, -7.244602433763566 ], [ -35.872546244999967, -7.244604384763569 ], [ -35.872598946999972, -7.244671114763582 ], [ -35.872599693999973, -7.244673859763597 ], [ -35.872603563999974, -7.244704500763562 ], [ -35.872603493999975, -7.244706277763584 ], [ -35.872603282999933, -7.244711587763587 ], [ -35.872570318999969, -7.244736290763594 ], [ -35.872519692999958, -7.244770490763561 ], [ -35.872473135999947, -7.244796982763575 ], [ -35.87244358099997, -7.244824139763555 ], [ -35.872440583999953, -7.244826498763556 ], [ -35.872414641999967, -7.244845917763572 ], [ -35.87237902499993, -7.244867507763583 ], [ -35.872347409999975, -7.244888704763551 ], [ -35.872346383999968, -7.244889743763586 ], [ -35.872340632999965, -7.244892897763542 ], [ -35.872312478999952, -7.244913514763566 ], [ -35.872308505999968, -7.24491756376355 ], [ -35.872305535999935, -7.244920588763557 ], [ -35.87227766999996, -7.244945491763557 ], [ -35.872276522999982, -7.244948408763571 ], [ -35.872274513999969, -7.244951327763565 ], [ -35.872245067999984, -7.244983910763576 ], [ -35.872241294999988, -7.244988604763556 ], [ -35.872239451999974, -7.244990479763568 ], [ -35.872235776999958, -7.244994218763585 ], [ -35.872215108999967, -7.245012725763579 ], [ -35.872211524999955, -7.245016376763564 ], [ -35.872208845999978, -7.245019106763571 ], [ -35.872204510999943, -7.245021846763582 ], [ -35.872183102999948, -7.245038127763585 ], [ -35.872181401999967, -7.24503977576355 ], [ -35.872175606, -7.245042111763573 ], [ -35.872173945999975, -7.245042900763589 ], [ -35.872141631999966, -7.245060348763577 ], [ -35.872136692999966, -7.245062694763551 ], [ -35.872131758999949, -7.245065038763549 ], [ -35.872129285999961, -7.245066630763539 ], [ -35.872094077999975, -7.245087910763534 ], [ -35.872091639999951, -7.245088654763571 ], [ -35.87208676299997, -7.245090969763589 ], [ -35.872083513999939, -7.245093336763567 ], [ -35.872062504999974, -7.24510823376353 ], [ -35.87206009099998, -7.245109787763591 ], [ -35.872056870999984, -7.245111313763535 ], [ -35.872052831999952, -7.24511200076354 ], [ -35.872029035999958, -7.24513043676355 ], [ -35.872026648999963, -7.245131212763581 ], [ -35.871996777999982, -7.24515550376357 ], [ -35.871970793999935, -7.245187085763532 ], [ -35.87195935099993, -7.24521295076353 ], [ -35.871958399999983, -7.24521615976353 ], [ -35.871952807999946, -7.245224573763562 ], [ -35.871934431999932, -7.245247314763572 ], [ -35.871931711999942, -7.245252467763538 ], [ -35.871929897999962, -7.245254499763537 ], [ -35.871906500999955, -7.245274481763558 ], [ -35.871844532999944, -7.245289008763575 ], [ -35.871803463999981, -7.245326787763537 ], [ -35.871756552999955, -7.245332434763564 ], [ -35.87175386499996, -7.245332366763546 ], [ -35.871749293999983, -7.245331271763531 ], [ -35.871733879999965, -7.245320047763538 ], [ -35.871708407999961, -7.245284129763562 ], [ -35.87166856999994, -7.245213141763561 ], [ -35.871668171999943, -7.245209847763546 ], [ -35.87166178199994, -7.245164961763532 ], [ -35.871660807999945, -7.245156927763574 ], [ -35.87166010899994, -7.245151154763582 ], [ -35.871656401999928, -7.245112355763539 ], [ -35.871655676999978, -7.245106357763539 ], [ -35.871656510999969, -7.245075005763588 ], [ -35.871657549999952, -7.245071063763548 ], [ -35.871656404999953, -7.245018140763554 ], [ -35.871649270999967, -7.244980535763566 ], [ -35.871643742999936, -7.24491221976356 ], [ -35.871645328999932, -7.244904806763565 ], [ -35.871634746, -7.244847846763575 ], [ -35.871629447999965, -7.244810467763587 ], [ -35.871624416999964, -7.244768772763591 ], [ -35.871613982999975, -7.244736103763585 ], [ -35.871598670999958, -7.244652120763567 ], [ -35.871590439999977, -7.244612276763548 ], [ -35.871589725999968, -7.244587662763572 ], [ -35.871589582999938, -7.244586628763591 ], [ -35.87158193199997, -7.244537935763595 ], [ -35.871593848999964, -7.244516317763592 ], [ -35.871608042999981, -7.244501235763585 ], [ -35.871634259999951, -7.244481689763554 ], [ -35.871663037999951, -7.244463809763587 ], [ -35.87168034299998, -7.244444837763563 ], [ -35.87171245199994, -7.244431589763602 ], [ -35.871766598999955, -7.244430105763551 ], [ -35.871803913999941, -7.244425248763587 ], [ -35.871842682999954, -7.24441309676358 ], [ -35.87187150099993, -7.244386186763602 ], [ -35.871913082999988, -7.24437176376357 ], [ -35.871918342999948, -7.24436704376357 ], [ -35.871941289999931, -7.244344377763569 ], [ -35.87196008199993, -7.244323727763559 ], [ -35.871963778999941, -7.244321241763583 ], [ -35.871990436999965, -7.244292581763588 ] ] ] } },
{ "type": "Feature", "properties": { "num_setor": "PB_CG_SR_05_CPRM", "munic": "CAMPINA GRANDE", "grau_risco": "Alto", "distancia_km": 0.26, "chuva_24h": 0.3, "chuva_72h": 0.4, "fonte_estacao": "openmeteo", "codigo_estacao": "openmeteo", "nome_estacao": "Open-Meteo (célula de grade)" }, "geometry": { "type": "Polygon", "coordinates": [ [ [ -35.947667688999964, -7.226382311764149 ], [ -35.947665356999948, -7.226380955764164 ], [ -35.947493385999962, -7.226284680764193 ], [ -35.947407944999952, -7.226239879764193 ], [ -35.947090464999974, -7.226006464764171 ], [ -35.94688691999994, -7.225893552764154 ], [ -35.946824572999965, -7.225750913764168 ], [ -35.946869875999937, -7.225593530764185 ], [ -35.946937752999929, -7.225488461764161 ], [ -35.946998114999928, -7.225426328764192 ], [ -35.94712740999995, -7.225388299764203 ], [ -35.94775819399996, -7.225508694764201 ], [ -35.948286915999979, -7.225646323764199 ], [ -35.948451553, -7.225766631764159 ], [ -35.948620293999966, -7.225925786764155 ], [ -35.948888901999965, -7.225973503764187 ], [ -35.949198550999945, -7.22604353776416 ], [ -35.94954546799994, -7.226071865764144 ], [ -35.949889494999979, -7.226184543764187 ], [ -35.950051939999973, -7.226232711764159 ], [ -35.950212208999965, -7.226442686764179 ], [ -35.950410602999966, -7.226688296764144 ], [ -35.950484423999967, -7.226786811764139 ], [ -35.950664011999947, -7.226990355764114 ], [ -35.950815983999973, -7.227163680764156 ], [ -35.951027059999944, -7.227310258764148 ], [ -35.951189270999976, -7.227469070764142 ], [ -35.951258949999954, -7.227502200764102 ], [ -35.951449416999935, -7.227681653764146 ], [ -35.951554172999977, -7.227828745764108 ], [ -35.951789947999941, -7.228110609764082 ], [ -35.951868069999932, -7.228268092764086 ], [ -35.951854294999976, -7.228403780764077 ], [ -35.951719011999955, -7.228678009764082 ], [ -35.951614321999955, -7.228736816764096 ], [ -35.95147600699994, -7.228613408764066 ], [ -35.951407679999924, -7.228544357764095 ], [ -35.951325089999948, -7.228434631764102 ], [ -35.951292912999975, -7.228325696764085 ], [ -35.951230848999955, -7.228198206764082 ], [ -35.95121904399997, -7.228083050764087 ], [ -35.951151447999962, -7.228003768764093 ], [ -35.951059087999965, -7.227829867764116 ], [ -35.95092290499997, -7.22765690176414 ], [ -35.95079375399996, -7.227526173764105 ], [ -35.950486468999934, -7.227317261764099 ], [ -35.950324351999939, -7.227213211764159 ], [ -35.95005354999995, -7.22698761776414 ], [ -35.949903217999974, -7.226859997764142 ], [ -35.949725242999932, -7.226650582764176 ], [ -35.949515257999963, -7.226529233764139 ], [ -35.949421294999979, -7.226538578764165 ], [ -35.949255480999966, -7.226502147764149 ], [ -35.949137585999949, -7.22648184576416 ], [ -35.948912932999974, -7.226594359764177 ], [ -35.948790594999934, -7.22667938576414 ], [ -35.948516223999945, -7.226615582764148 ], [ -35.948348400999976, -7.226623828764148 ], [ -35.948261921999965, -7.226657726764172 ], [ -35.948205823999956, -7.22668815776414 ], [ -35.948142443999984, -7.226683764764155 ], [ -35.948070865999959, -7.226661107764174 ], [ -35.948028232999953, -7.226602976764165 ], [ -35.94798656599994, -7.226542752764128 ], [ -35.947868268999969, -7.22649210876414 ], [ -35.947667688999964, -7.226382311764149 ] ] ] } },
{ "type": "Feature", "properties": { "num_setor": "PB_CG_SR_06_CPRM", "munic": "CAMPINA GRANDE", "grau_risco": "Alto", "distancia_km": 0.98, "chuva_24h": 0.3, "chuva_72h": 0.3, "fonte_estacao": "openmeteo", "codigo_estacao": "openmeteo", "nome_estacao": "Open-Meteo (célula de grade)" }, "geometry": { "type": "Polygon", "coordinates": [ [ [ -35.883574739999972, -7.198536627765035 ], [ -35.883436416999977, -7.198463167765026 ], [ -35.883336438999947, -7.198391577765025 ], [ -35.883351706999974, -7.198143192765069 ], [ -35.883288524999948, -7.197983313765058 ], [ -35.883218212999964, -7.197856087765096 ], [ -35.883245306999981, -7.197644128765092 ], [ -35.883172067999965, -7.197434286765096 ], [ -35.883053097999948, -7.196934672765075 ], [ -35.883074760999925, -7.196746236765105 ], [ -35.883058793999965, -7.196604775765113 ], [ -35.883110759999958, -7.19647225076509 ], [ -35.88306140599996, -7.196208243765099 ], [ -35.88304487299996, -7.196122139765121 ], [ -35.883052272999976, -7.196043052765099 ], [ -35.883131788999947, -7.195983775765108 ], [ -35.883194874999958, -7.195869441765126 ], [ -35.883232518999932, -7.195767037765108 ], [ -35.883270241999973, -7.195748042765167 ], [ -35.883404353999936, -7.195829131765146 ], [ -35.883474494999973, -7.195947686765123 ], [ -35.883533172999933, -7.196090078765102 ], [ -35.88357446599997, -7.196296061765093 ], [ -35.883589240999981, -7.1964975237651 ], [ -35.883557826999947, -7.196647396765083 ], [ -35.883647877999977, -7.197039845765081 ], [ -35.883719517999964, -7.197369549765094 ], [ -35.883746019999933, -7.197598557765103 ], [ -35.883780498999954, -7.197807618765062 ], [ -35.883937254999978, -7.197962127765084 ], [ -35.884135743999934, -7.19801879076509 ], [ -35.884196049999964, -7.198107679765067 ], [ -35.884092544999923, -7.198461452765033 ], [ -35.883929993999963, -7.198592735765063 ], [ -35.883747390999929, -7.198600255765054 ], [ -35.883574739999972, -7.198536627765035 ] ] ] } },
{ "type": "Feature", "properties": { "num_setor": "PB_CA_SR_02_CPRM", "munic": "CAAPORÃ", "grau_risco": "Alto", "distancia_km": 0.65, "chuva_24h": 0.0, "chuva_72h": 1.0, "fonte_estacao": "openmeteo", "codigo_estacao": "openmeteo", "nome_estacao": "Open-Meteo (célula de grade)" }, "geometry": { "type": "Polygon", "coordinates": [ [ [ -34.91595766699993, -7.468262687756474 ], [ -34.916475697999942, -7.46772763675644 ], [ -34.916829418999953, -7.467413331756489 ], [ -34.917043322999973, -7.467222653756473 ], [ -34.917215321999947, -7.467118320756454 ], [ -34.917502355999943, -7.467026809756469 ], [ -34.917784377999965, -7.466984136756472 ], [ -34.918062879999979, -7.466950321756472 ], [ -34.918360436999933, -7.466913373756483 ], [ -34.918646059999958, -7.466870237756487 ], [ -34.919355315999951, -7.467260326756483 ], [ -34.918904075999933, -7.467874280756483 ], [ -34.918568943999958, -7.467890981756472 ], [ -34.918469715999947, -7.468022203756465 ], [ -34.918174839999949, -7.46804293975647 ], [ -34.917667260999963, -7.46809312675647 ], [ -34.91727495799995, -7.468413881756417 ], [ -34.916733133999969, -7.468844495756443 ], [ -34.91595766699993, -7.468262687756474 ] ] ] } },
{ "type": "Feature", "properties": { "num_setor": "PB_CA_SR_03_CPRM", "munic": "CAAPORÃ", "grau_risco": "Alto", "distancia_km": 1.82, "chuva_24h": 0.0, "chuva_72h": 1.0, "fonte_estacao": "openmeteo", "codigo_estacao": "openmeteo", "nome_estacao": "Open-Meteo (célula de grade)" }, "geometry": { "type": "Polygon", "coordinates": [ [ [ -34.931032611999967, -7.513461690755026 ], [ -34.931026889999949, -7.513454100755023 ], [ -34.931013359999945, -7.513433042755015 ], [ -34.930969508999965, -7.513385254754996 ], [ -34.93096571499995, -7.513381442755009 ], [ -34.930905609999968, -7.513345094755028 ], [ -34.930881170999953, -7.513320495755 ], [ -34.930881147999969, -7.513318623755019 ], [ -34.930847338999968, -7.513271721755011 ], [ -34.930860163999967, -7.513235173754988 ], [ -34.930863846999955, -7.513231535755041 ], [ -34.930917224999973, -7.513165964754982 ], [ -34.930961123999964, -7.513123834754993 ], [ -34.93093842299993, -7.513045096755036 ], [ -34.930926523999972, -7.512926721755038 ], [ -34.930933053999986, -7.512821706755016 ], [ -34.93094145699996, -7.512728023755028 ], [ -34.930983307999952, -7.512719001754996 ], [ -34.931071155999973, -7.512754941755031 ], [ -34.931131784999934, -7.51279640475503 ], [ -34.93113427399993, -7.512848807755017 ], [ -34.931130713999949, -7.512856046755024 ], [ -34.931109696999954, -7.512930400755008 ], [ -34.931097658999931, -7.512995921755021 ], [ -34.931105140999932, -7.513008687755018 ], [ -34.931136902999981, -7.513021397755039 ], [ -34.931164165999974, -7.513039336755019 ], [ -34.931169292999982, -7.513084270755027 ], [ -34.931148920999931, -7.513133130755018 ], [ -34.931171960999961, -7.513204858754985 ], [ -34.931188928999973, -7.513232516755008 ], [ -34.931226613999968, -7.51332271475501 ], [ -34.931189906999968, -7.513385152754998 ], [ -34.931166622999967, -7.513435376754999 ], [ -34.931098644999963, -7.513475100754979 ], [ -34.931096823999951, -7.513475151755 ], [ -34.931032611999967, -7.513461690755026 ] ] ] } },
{ "type": "Feature", "properties": { "num_setor": "PB_BAYEUX_SR_18_CPRM", "munic": "BAYEUX", "grau_risco": "Alto", "distancia_km": 1.4, "chuva_24h": 0.0, "chuva_72h": 0.9, "fonte_estacao": "openmeteo", "codigo_estacao": "openmeteo", "nome_estacao": "Open-Meteo (célula de grade)" }, "geometry": { "type": "Polygon", "coordinates": [ [ [ -34.932914775999961, -7.134699492767102 ], [ -34.933387740999933, -7.13433107576711 ], [ -34.934078566999979, -7.134802612767103 ], [ -34.935100701999943, -7.135365518767053 ], [ -34.935072714999933, -7.135477258767073 ], [ -34.93490983099997, -7.135715051767066 ], [ -34.934776658999958, -7.13590833876706 ], [ -34.932914775999961, -7.134699492767102 ] ] ] } },
{ "type": "Feature", "properties": { "num_setor": "PB_CA_SR_01_CPRM", "munic": "CAAPORÃ", "grau_risco": "Alto", "distancia_km": 0.29, "chuva_24h": 0.0, "chuva_72h": 1.0, "fonte_estacao": "openmeteo", "codigo_estacao": "openmeteo", "nome_estacao": "Open-Meteo (célula de grade)" }, "geometry": { "type": "Polygon", "coordinates": [ [ [ -34.919595681999965, -7.461580341756637 ], [ -34.919807977999938, -7.461541893756637 ], [ -34.920023645999947, -7.461653464756631 ], [ -34.920207932999972, -7.461721344756646 ], [ -34.920211419999923, -7.461720474756626 ], [ -34.920477522999931, -7.461745875756653 ], [ -34.920484496999961, -7.461744135756634 ], [ -34.920588248999934, -7.461714585756668 ], [ -34.920667585999979, -7.461691083756635 ], [ -34.920794738999973, -7.461651730756659 ], [ -34.921056588999932, -7.461589510756641 ], [ -34.92117740499998, -7.46158480775664 ], [ -34.921333976999961, -7.461648245756678 ], [ -34.921434817999959, -7.461769537756638 ], [ -34.921439394999929, -7.461906908756624 ], [ -34.92143068699994, -7.461916383756638 ], [ -34.921320956999978, -7.462053189756637 ], [ -34.92131311299994, -7.46206607675666 ], [ -34.92121891499994, -7.462256752756639 ], [ -34.92115098599993, -7.462419139756632 ], [ -34.921144879999929, -7.462438794756644 ], [ -34.921115362999949, -7.462787744756618 ], [ -34.921055082999935, -7.462779212756644 ], [ -34.920774755999958, -7.462744146756632 ], [ -34.920640348999939, -7.462749742756622 ], [ -34.920584568999971, -7.462891778756619 ], [ -34.920584578999978, -7.463091895756636 ], [ -34.920326948999957, -7.46312621275661 ], [ -34.920145383999973, -7.463452683756587 ], [ -34.91992552399995, -7.463431735756602 ], [ -34.919673803999956, -7.463175006756614 ], [ -34.919506817999945, -7.463008922756623 ], [ -34.919432575999963, -7.462978389756589 ], [ -34.919321358999973, -7.462981362756583 ], [ -34.919260943999973, -7.462987997756617 ], [ -34.919165375999967, -7.463003635756598 ], [ -34.919078809, -7.463010679756628 ], [ -34.919063203999947, -7.463022063756628 ], [ -34.918871091999961, -7.46302417975659 ], [ -34.918695911999976, -7.463007086756594 ], [ -34.918515361999937, -7.463012056756616 ], [ -34.918297761999952, -7.463034346756615 ], [ -34.918015285999957, -7.463047238756587 ], [ -34.917757606999942, -7.463100008756612 ], [ -34.917750622999961, -7.463101732756626 ], [ -34.917393748999984, -7.463068001756602 ], [ -34.917197048999981, -7.462887803756592 ], [ -34.916948396999942, -7.462717225756602 ], [ -34.917002077999939, -7.462579200756594 ], [ -34.917463736999935, -7.462553209756623 ], [ -34.91791080199993, -7.46253427275663 ], [ -34.917919543999972, -7.462539473756596 ], [ -34.918320843999936, -7.462600959756641 ], [ -34.918508175999932, -7.462506347756645 ], [ -34.918775227999959, -7.462403114756649 ], [ -34.919097593999936, -7.46238229975662 ], [ -34.919259290999946, -7.462301814756613 ], [ -34.919369278999966, -7.462149263756632 ], [ -34.919378833999929, -7.462128430756625 ], [ -34.919418690999976, -7.461993113756628 ], [ -34.919451369999933, -7.461756477756625 ], [ -34.919595681999965, -7.461580341756637 ] ] ] } },
{ "type": "Feature", "properties": { "num_setor": "PB_CG_SR_08_CPRM", "munic": "CAMPINA GRANDE", "grau_risco": "Alto", "distancia_km": 1.41, "chuva_24h": 0.3, "chuva_72h": 0.3, "fonte_estacao": "openmeteo", "codigo_estacao": "openmeteo", "nome_estacao": "Open-Meteo (célula de grade)" }, "geometry": { "type": "Polygon", "coordinates": [ [ [ -35.886618848999944, -7.207497590764737 ], [ -35.886616004999951, -7.207492878764782 ], [ -35.886626747999969, -7.207438600764786 ], [ -35.886626773999978, -7.207433493764737 ], [ -35.886658153999967, -7.207378220764751 ], [ -35.886676334999947, -7.207336610764769 ], [ -35.886677420999938, -7.207334310764765 ], [ -35.886678594999978, -7.207328645764768 ], [ -35.886701740999968, -7.207287126764786 ], [ -35.886718679999944, -7.20726005476476 ], [ -35.886754118999939, -7.207198844764752 ], [ -35.886755094999948, -7.207137645764795 ], [ -35.886741216999951, -7.207096738764769 ], [ -35.886719425999956, -7.207040293764789 ], [ -35.886710572999959, -7.20699234576476 ], [ -35.886732722999959, -7.206968327764781 ], [ -35.886738765999944, -7.206966170764798 ], [ -35.886805072999948, -7.206942298764761 ], [ -35.886813937999932, -7.206936926764786 ], [ -35.886869828999977, -7.206921485764767 ], [ -35.886875903999965, -7.206921350764773 ], [ -35.886919140999964, -7.206900903764777 ], [ -35.886992322999959, -7.206882533764757 ], [ -35.886999801999934, -7.206902090764785 ], [ -35.887001501999983, -7.206937845764787 ], [ -35.886999198999945, -7.206975772764775 ], [ -35.886998659999961, -7.20698009576476 ], [ -35.886997586999932, -7.206988705764774 ], [ -35.886993274999952, -7.207059061764753 ], [ -35.886992903999953, -7.207061842764785 ], [ -35.88698290599995, -7.207111052764766 ], [ -35.886967833999961, -7.207148282764799 ], [ -35.886963779999974, -7.207153551764785 ], [ -35.886959906999948, -7.207157503764771 ], [ -35.886958455999945, -7.207160112764745 ], [ -35.886920344999965, -7.207218836764794 ], [ -35.88691949899993, -7.207226245764764 ], [ -35.886902145999954, -7.20727477676477 ], [ -35.886898965999933, -7.207284265764743 ], [ -35.886893678999968, -7.20733283376475 ], [ -35.886893863999937, -7.20734074076475 ], [ -35.886893248999968, -7.207346367764752 ], [ -35.886901465999983, -7.20737510976474 ], [ -35.886901874999978, -7.207380576764791 ], [ -35.886902156999952, -7.20738710876478 ], [ -35.886899115999945, -7.207422484764752 ], [ -35.886898387999963, -7.207428812764786 ], [ -35.886891858999945, -7.207450740764753 ], [ -35.886890738999959, -7.207451782764762 ], [ -35.886877163999941, -7.207466251764765 ], [ -35.886874067999941, -7.207467296764745 ], [ -35.886866784999938, -7.207470408764747 ], [ -35.886848737999969, -7.207492682764752 ], [ -35.886846481999953, -7.207495686764761 ], [ -35.886850813999956, -7.207521221764774 ], [ -35.886842198999943, -7.207530006764753 ], [ -35.886834287999932, -7.20753026676478 ], [ -35.886814660999953, -7.207529094764729 ], [ -35.886809724999978, -7.207529284764769 ], [ -35.886794202999958, -7.207526998764781 ], [ -35.886790345999941, -7.207526186764736 ], [ -35.886778003999943, -7.207520885764741 ], [ -35.88677506099998, -7.207521003764747 ], [ -35.88677218599998, -7.207520152764765 ], [ -35.886751027999942, -7.207515206764779 ], [ -35.886717139, -7.20751370276477 ], [ -35.886686347999955, -7.207513052764765 ], [ -35.886680615999985, -7.207512328764752 ], [ -35.886676780999942, -7.207512489764749 ], [ -35.886648248999961, -7.207506953764747 ], [ -35.886640653999962, -7.207505350764761 ], [ -35.886636848999956, -7.207505514764789 ], [ -35.886618848999944, -7.207497590764737 ] ] ] } },
{ "type": "Feature", "properties": { "num_setor": "PB_CG_SR_01_CPRM", "munic": "CAMPINA GRANDE", "grau_risco": "Alto", "distancia_km": 1.68, "chuva_24h": 0.3, "chuva_72h": 0.4, "fonte_estacao": "openmeteo", "codigo_estacao": "openmeteo", "nome_estacao": "Open-Meteo (célula de grade)" }, "geometry": { "type": "Polygon", "coordinates": [ [ [ -35.929418479999981, -7.20490029576484 ], [ -35.92944035499994, -7.204900465764857 ], [ -35.929522873999929, -7.204927819764856 ], [ -35.929526245999959, -7.204933169764831 ], [ -35.929624571999966, -7.204965747764836 ], [ -35.929653909999956, -7.204971254764867 ], [ -35.929757345999974, -7.205045875764811 ], [ -35.929853292999951, -7.205124679764807 ], [ -35.929860381999958, -7.205130254764854 ], [ -35.929943243999951, -7.205169801764827 ], [ -35.929965383999956, -7.205181262764804 ], [ -35.929961955999943, -7.205338102764853 ], [ -35.929957127999948, -7.205432433764805 ], [ -35.929951471999971, -7.20546332776482 ], [ -35.929928729999972, -7.205609469764821 ], [ -35.92991135099993, -7.205638849764825 ], [ -35.929585731999971, -7.205928664764791 ], [ -35.929572730999951, -7.205937935764801 ], [ -35.929383817999963, -7.206168926764811 ], [ -35.929303283999957, -7.2063035887648 ], [ -35.92922525299997, -7.206532968764801 ], [ -35.929247412999977, -7.206720384764762 ], [ -35.929299266999976, -7.206844420764799 ], [ -35.92930512099997, -7.206859688764768 ], [ -35.929333207999946, -7.206964838764792 ], [ -35.929338275999953, -7.206984295764794 ], [ -35.929330241999928, -7.207124589764794 ], [ -35.929293620999943, -7.207284440764765 ], [ -35.929287189999968, -7.207298205764777 ], [ -35.929279965999967, -7.207316514764755 ], [ -35.929220080999983, -7.207433429764787 ], [ -35.92921623899997, -7.20745567476476 ], [ -35.929203890999929, -7.207482088764746 ], [ -35.929160541999977, -7.207577572764786 ], [ -35.929159090999974, -7.207586182764733 ], [ -35.929149493999944, -7.207688219764763 ], [ -35.929149728999953, -7.207709187764767 ], [ -35.929139259999943, -7.207836632764739 ], [ -35.929135063999979, -7.207860870764779 ], [ -35.929128482999943, -7.207877014764748 ], [ -35.929082492999953, -7.207992077764754 ], [ -35.92907479199993, -7.208015460764734 ], [ -35.92901369599997, -7.208150562764738 ], [ -35.928855977999945, -7.20828645776476 ], [ -35.92872011999998, -7.208302497764747 ], [ -35.928700866999968, -7.208316495764729 ], [ -35.928542795999931, -7.208346379764746 ], [ -35.928524209999978, -7.208356742764748 ], [ -35.928502474999959, -7.208363522764726 ], [ -35.928380412999957, -7.208393643764733 ], [ -35.928355056999976, -7.208403832764754 ], [ -35.928329994999956, -7.208410518764703 ], [ -35.928190056999938, -7.208536071764732 ], [ -35.928069409999971, -7.208626685764717 ], [ -35.928046840999968, -7.208640733764739 ], [ -35.928033216999957, -7.208650098764722 ], [ -35.927875331999928, -7.208688420764746 ], [ -35.927849519999945, -7.208697243764719 ], [ -35.927659353999957, -7.208734369764714 ], [ -35.927625766999938, -7.208738320764713 ], [ -35.927617470999962, -7.208738091764747 ], [ -35.927483595999945, -7.208748709764719 ], [ -35.927466058999983, -7.208762627764695 ], [ -35.92745270599994, -7.208776651764692 ], [ -35.927370750999955, -7.2089070337647 ], [ -35.92735288899997, -7.208934504764702 ], [ -35.927335114999948, -7.208958318764735 ], [ -35.927321204999942, -7.209068620764731 ], [ -35.927320972999951, -7.209073146764727 ], [ -35.927314835999937, -7.209113792764731 ], [ -35.927305166999922, -7.209145291764712 ], [ -35.927279744999964, -7.209255677764728 ], [ -35.927278507999972, -7.209281615764688 ], [ -35.927273721999939, -7.209298930764728 ], [ -35.927263832999984, -7.20950829876468 ], [ -35.927261721999969, -7.209552991764689 ], [ -35.927227119999934, -7.209743992764695 ], [ -35.927218445999983, -7.209774292764689 ], [ -35.927158006999939, -7.209892648764654 ], [ -35.927098378999965, -7.210073909764674 ], [ -35.926991319999956, -7.210207477764694 ], [ -35.926971185999946, -7.210224894764671 ], [ -35.92663661499995, -7.210377945764656 ], [ -35.926609294999935, -7.210378850764682 ], [ -35.925140485999975, -7.210762257764637 ], [ -35.925018959999932, -7.210793111764678 ], [ -35.925012658999954, -7.210796103764644 ], [ -35.924910960999966, -7.210820938764675 ], [ -35.924889130999929, -7.21083291376468 ], [ -35.924864707999973, -7.210838294764679 ], [ -35.924769759999947, -7.210878929764677 ], [ -35.924757578999959, -7.210884747764656 ], [ -35.924712237999984, -7.210901742764661 ], [ -35.924625282999955, -7.210935577764674 ], [ -35.924610391999984, -7.210941157764665 ], [ -35.924595529999969, -7.210946728764639 ], [ -35.924454029999936, -7.210989426764656 ], [ -35.924430636999944, -7.210997445764662 ], [ -35.924325752999948, -7.211019785764647 ], [ -35.924317231999964, -7.211028390764656 ], [ -35.924291244999949, -7.211036176764622 ], [ -35.924174161999929, -7.211081247764662 ], [ -35.92416287899993, -7.211086616764669 ], [ -35.92401379699993, -7.211138115764665 ], [ -35.924002964999936, -7.211146279764668 ], [ -35.923856647999962, -7.211212440764624 ], [ -35.923732227999942, -7.211245152764625 ], [ -35.923713203999966, -7.211255159764636 ], [ -35.923637719999931, -7.211298336764644 ], [ -35.923634615999958, -7.211298233764651 ], [ -35.923622125999934, -7.211308266764621 ], [ -35.923594211999948, -7.211317749764663 ], [ -35.923544887999981, -7.211347137764635 ], [ -35.923535720999944, -7.21135710976462 ], [ -35.92351432199996, -7.211366635764662 ], [ -35.923459943999937, -7.211408819764658 ], [ -35.923457083999949, -7.211418797764632 ], [ -35.923406760999967, -7.211466973764642 ], [ -35.923398085999963, -7.21147984976461 ], [ -35.923395079999977, -7.211479745764624 ], [ -35.923386351999966, -7.211489289764657 ], [ -35.92332318299998, -7.211558361764626 ], [ -35.923314681999955, -7.211567658764639 ], [ -35.923261294999975, -7.211622724764599 ], [ -35.923250053999936, -7.211631715764618 ], [ -35.923235758999965, -7.211637450764616 ], [ -35.923158462999936, -7.211705163764638 ], [ -35.923141319999957, -7.211715589764593 ], [ -35.923115336999963, -7.211725295764612 ], [ -35.923010674999944, -7.211811835764653 ], [ -35.922985566999955, -7.211824535764608 ], [ -35.922880864999968, -7.211885645764591 ], [ -35.922794655999944, -7.211971085764611 ], [ -35.922691282999949, -7.212064001764635 ], [ -35.922685740999952, -7.21207497376462 ], [ -35.922668304999945, -7.212096393764613 ], [ -35.922527907999942, -7.212202232764629 ], [ -35.922511610999948, -7.21221977776462 ], [ -35.922489669999948, -7.212233416764593 ], [ -35.922404831999984, -7.212312191764611 ], [ -35.922381000999962, -7.212339342764589 ], [ -35.922270079999976, -7.212448214764586 ], [ -35.922266511999965, -7.212451337764591 ], [ -35.922146763999933, -7.212533863764606 ], [ -35.92213910199996, -7.212543694764612 ], [ -35.92212437899996, -7.212559890764605 ], [ -35.922106216999964, -7.212579172764582 ], [ -35.922012612999936, -7.212663631764578 ], [ -35.922002007999929, -7.212675958764609 ], [ -35.921985263999943, -7.212690788764604 ], [ -35.92191831599996, -7.212755641764573 ], [ -35.921914310999966, -7.212764726764612 ], [ -35.921901610999953, -7.212773191764569 ], [ -35.921810962999984, -7.212885963764587 ], [ -35.921798638999974, -7.212894111764592 ], [ -35.921731754999939, -7.212966328764558 ], [ -35.921728151999957, -7.212974806764597 ], [ -35.921597408999958, -7.213082099764576 ], [ -35.921504579999969, -7.213179653764559 ], [ -35.921484777999979, -7.213199620764573 ], [ -35.921389602999966, -7.213268161764588 ], [ -35.921359709999933, -7.213286669764565 ], [ -35.921232793999934, -7.213383847764591 ], [ -35.92122180299998, -7.213391484764553 ], [ -35.921192681999969, -7.213410386764573 ], [ -35.921185261999938, -7.213418203764556 ], [ -35.921092349999981, -7.213466134764589 ], [ -35.92108163499995, -7.213473671764582 ], [ -35.921060415999932, -7.213484633764551 ], [ -35.920941587999948, -7.213538105764549 ], [ -35.920927591999941, -7.213553255764567 ], [ -35.920889657999965, -7.213570882764546 ], [ -35.920875907999971, -7.213577988764547 ], [ -35.920783808999943, -7.213619713764555 ], [ -35.920760112999965, -7.213630015764579 ], [ -35.920719590999965, -7.213643172764588 ], [ -35.920569035999961, -7.213712056764559 ], [ -35.920549160999947, -7.213721801764565 ], [ -35.920525965999957, -7.213731294764558 ], [ -35.92050925999996, -7.213733846764565 ], [ -35.920479243999978, -7.213739173764555 ], [ -35.920394430999977, -7.213784595764532 ], [ -35.920384789999957, -7.213791200764539 ], [ -35.920345929999939, -7.213810282764532 ], [ -35.920171172999972, -7.213940664764536 ], [ -35.919910995999949, -7.214104169764519 ], [ -35.919684684999936, -7.214297272764533 ], [ -35.919652940999981, -7.214326323764545 ], [ -35.919507264999936, -7.214451765764559 ], [ -35.919486869999957, -7.214462572764524 ], [ -35.919440916999974, -7.214501747764556 ], [ -35.919425623999985, -7.214518707764539 ], [ -35.919315013999949, -7.214635578764523 ], [ -35.919300118999956, -7.214657891764515 ], [ -35.919275408999965, -7.214673750764542 ], [ -35.919172355999933, -7.21476787876454 ], [ -35.919157867999949, -7.214794415764535 ], [ -35.91913352399996, -7.214809060764503 ], [ -35.919018939999944, -7.214941608764502 ], [ -35.919004771999937, -7.214956618764532 ], [ -35.91898152899995, -7.214992210764546 ], [ -35.918745331999958, -7.215239047764507 ], [ -35.918731956999977, -7.215258001764486 ], [ -35.918722896999945, -7.215267249764514 ], [ -35.918347928999928, -7.215530122764502 ], [ -35.918334288999972, -7.215533874764499 ], [ -35.918160481999955, -7.215606745764476 ], [ -35.918142854999928, -7.215614918764509 ], [ -35.918017452999948, -7.215648602764525 ], [ -35.918003650999935, -7.215647828764522 ], [ -35.917966836999931, -7.21560841476451 ], [ -35.917925546999975, -7.21553530376451 ], [ -35.917902420999951, -7.215462219764499 ], [ -35.917902573999982, -7.215389471764526 ], [ -35.917902694999945, -7.215343689764498 ], [ -35.917918532999977, -7.215344633764517 ], [ -35.917967010999973, -7.215316460764486 ], [ -35.917998524999973, -7.215294205764517 ], [ -35.917997550999985, -7.215220103764524 ], [ -35.917994699999952, -7.215214906764519 ], [ -35.917961163999962, -7.215162029764492 ], [ -35.917955891999945, -7.215156561764506 ], [ -35.917945313999951, -7.215145587764486 ], [ -35.917920279999976, -7.215091808764512 ], [ -35.917916006999981, -7.215075663764492 ], [ -35.917898199999968, -7.215026291764512 ], [ -35.917897210999968, -7.215018101764497 ], [ -35.917856215999961, -7.214955919764533 ], [ -35.917813059999958, -7.21491810576454 ], [ -35.917795585999954, -7.214894993764537 ], [ -35.917766652999944, -7.214859861764547 ], [ -35.917757747999929, -7.214848089764548 ], [ -35.917754119999984, -7.214839362764523 ], [ -35.917730404999929, -7.214809574764521 ], [ -35.917702591999955, -7.21473515176452 ], [ -35.917693035999953, -7.214650416764552 ], [ -35.917693830999951, -7.214638199764551 ], [ -35.917702081999941, -7.21455130476451 ], [ -35.917700318999948, -7.214538545764556 ], [ -35.917714521999983, -7.214452092764564 ], [ -35.917713639999931, -7.214445500764526 ], [ -35.917721551999932, -7.214426098764561 ], [ -35.917739405999953, -7.214360090764536 ], [ -35.917755517999979, -7.214275170764535 ], [ -35.917754655999943, -7.214268178764521 ], [ -35.917764164999937, -7.214144256764528 ], [ -35.91776067099994, -7.21411497076456 ], [ -35.917754029999969, -7.214059314764526 ], [ -35.917746160999968, -7.214040297764527 ], [ -35.917742435999969, -7.214032635764553 ], [ -35.917706105999976, -7.21394350276454 ], [ -35.917698928999982, -7.213931591764538 ], [ -35.917657910999935, -7.213879059764555 ], [ -35.917549230999953, -7.213797584764554 ], [ -35.917514163999954, -7.213759904764566 ], [ -35.91749251899995, -7.213689928764548 ], [ -35.917502584999966, -7.213636908764553 ], [ -35.917502020999962, -7.213574465764564 ], [ -35.917494823999967, -7.21356576976456 ], [ -35.917454608999947, -7.213487927764561 ], [ -35.917447308999954, -7.213479082764599 ], [ -35.917399551999949, -7.21342121776457 ], [ -35.917388542999959, -7.213412099764589 ], [ -35.917362746999977, -7.213389315764577 ], [ -35.917355297999961, -7.213380300764591 ], [ -35.917307179999959, -7.213343292764606 ], [ -35.917296008999983, -7.213334039764571 ], [ -35.917281038999931, -7.21332020976457 ], [ -35.917232230999964, -7.213278343764572 ], [ -35.917217261999951, -7.213268817764582 ], [ -35.917194584999947, -7.213250035764595 ], [ -35.917156358999932, -7.213212593764599 ], [ -35.917144916999973, -7.213203111764598 ], [ -35.917128949999949, -7.213175369764559 ], [ -35.917124841999957, -7.213166143764584 ], [ -35.917096760999975, -7.213119442764557 ], [ -35.917088883999952, -7.213109955764555 ], [ -35.917072162999936, -7.213072488764586 ], [ -35.91700452699996, -7.212995271764574 ], [ -35.916988406999963, -7.21297583476458 ], [ -35.916971949999947, -7.212951604764577 ], [ -35.916904688999985, -7.21290132876461 ], [ -35.916892681999968, -7.21289128476459 ], [ -35.916865129999969, -7.212875771764589 ], [ -35.916821230999972, -7.212845114764574 ], [ -35.916809442999977, -7.212839795764603 ], [ -35.916793466999941, -7.212829474764615 ], [ -35.916626741999949, -7.212655446764614 ], [ -35.916625256999964, -7.212636943764583 ], [ -35.91662342099994, -7.212544006764608 ], [ -35.916482823999957, -7.212544103764606 ], [ -35.916431768999985, -7.212457329764599 ], [ -35.917010154999957, -7.212336034764617 ], [ -35.91703298699997, -7.21233698376458 ], [ -35.917458487999959, -7.212227782764603 ], [ -35.917498600999977, -7.212216913764607 ], [ -35.917533081999977, -7.212212078764582 ], [ -35.917746243999943, -7.212164283764584 ], [ -35.917792533999943, -7.212140891764639 ], [ -35.917815725999958, -7.212129170764614 ], [ -35.918013634999966, -7.212067347764613 ], [ -35.918072000999985, -7.21205698876462 ], [ -35.918107154999973, -7.21204563676462 ], [ -35.918295900999972, -7.211969750764638 ], [ -35.918751141999962, -7.211785907764638 ], [ -35.918968303999975, -7.211728590764608 ], [ -35.919306899999981, -7.21167288876462 ], [ -35.919678892999961, -7.211611980764648 ], [ -35.919734293999966, -7.211600500764636 ], [ -35.920055792999968, -7.211522638764635 ], [ -35.920080521999978, -7.211517254764614 ], [ -35.920197943999938, -7.211452507764658 ], [ -35.920224215999951, -7.21143902576462 ], [ -35.92043071799997, -7.211272190764666 ], [ -35.920519293999973, -7.211114037764635 ], [ -35.920532865999981, -7.211092689764623 ], [ -35.920629216999934, -7.21093447576468 ], [ -35.920648849999964, -7.210920242764678 ], [ -35.920721438999983, -7.210765845764665 ], [ -35.920806239999933, -7.210668106764652 ], [ -35.920855588999984, -7.210635136764646 ], [ -35.920864107999925, -7.210632526764677 ], [ -35.920901003999973, -7.210587008764645 ], [ -35.920914539999956, -7.210522191764639 ], [ -35.920918596999968, -7.210471129764689 ], [ -35.920951405999972, -7.210383303764657 ], [ -35.920950995999924, -7.210282821764671 ], [ -35.92097830299997, -7.210200168764678 ], [ -35.921043448999967, -7.210163055764661 ], [ -35.921159168999964, -7.210103826764681 ], [ -35.921246037999936, -7.210073873764659 ], [ -35.921261699999945, -7.210067810764652 ], [ -35.92133058099995, -7.210043709764705 ], [ -35.921472555999969, -7.209997919764707 ], [ -35.921488160999964, -7.209994991764687 ], [ -35.921503270999949, -7.209995506764702 ], [ -35.921611346999953, -7.2099649497647 ], [ -35.92162949599998, -7.209965706764708 ], [ -35.921711737999942, -7.20996570076466 ], [ -35.921870859999956, -7.20993786776467 ], [ -35.922043921999943, -7.209944932764705 ], [ -35.922056078999958, -7.209945338764667 ], [ -35.922288826999925, -7.209900294764681 ], [ -35.922298025999964, -7.209900599764699 ], [ -35.92231642499997, -7.209901208764681 ], [ -35.922508807999975, -7.20986121876468 ], [ -35.922533527999974, -7.209862031764665 ], [ -35.922682521999945, -7.209788528764713 ], [ -35.922695440999973, -7.209785414764683 ], [ -35.922816052999963, -7.209750833764712 ], [ -35.923009749999949, -7.209679142764704 ], [ -35.92319088499994, -7.209642517764689 ], [ -35.923328461999965, -7.209607421764717 ], [ -35.923338017999981, -7.209607807764676 ], [ -35.92376031799995, -7.20943351476469 ], [ -35.923766352999962, -7.209433784764673 ], [ -35.923924966999948, -7.209400139764705 ], [ -35.92394072899998, -7.20939689976469 ], [ -35.924090117999974, -7.209364184764714 ], [ -35.924179991999942, -7.209344360764731 ], [ -35.924278858999969, -7.209331394764685 ], [ -35.924300782999971, -7.209331581764691 ], [ -35.924337305999977, -7.209338821764698 ], [ -35.92434615999997, -7.209342358764697 ], [ -35.924386316999971, -7.209343732764718 ], [ -35.924444921999957, -7.209328262764723 ], [ -35.924499465999929, -7.209269113764688 ], [ -35.924554074999946, -7.209212792764702 ], [ -35.924571115999974, -7.209206120764721 ], [ -35.924632162999956, -7.209185920764723 ], [ -35.924801124999931, -7.20912501976469 ], [ -35.924960387999931, -7.209072375764695 ], [ -35.924966235999932, -7.209072572764714 ], [ -35.925071048999939, -7.20903365476469 ], [ -35.925199986999985, -7.209005008764715 ], [ -35.92530742699995, -7.208961989764734 ], [ -35.92531961699995, -7.208959044764732 ], [ -35.925379276999934, -7.208927387764709 ], [ -35.925491938999983, -7.208883545764744 ], [ -35.925636056999963, -7.208830303764715 ], [ -35.925655594999959, -7.208822848764707 ], [ -35.925765154999965, -7.208795842764725 ], [ -35.925871685999937, -7.208735786764731 ], [ -35.925884978999932, -7.208731860764702 ], [ -35.925960624999959, -7.208697181764748 ], [ -35.926054153999985, -7.208620372764744 ], [ -35.926118396999982, -7.208588513764702 ], [ -35.926211206999938, -7.208525450764736 ], [ -35.926293091999987, -7.208402200764732 ], [ -35.926296057999934, -7.208393558764726 ], [ -35.926356623999936, -7.208304529764746 ], [ -35.926363895999941, -7.208299810764741 ], [ -35.926426643999946, -7.208213816764729 ], [ -35.926440563999961, -7.208191149764738 ], [ -35.92649674299998, -7.208094688764738 ], [ -35.926537248999978, -7.208040118764761 ], [ -35.926587818999963, -7.207935036764763 ], [ -35.926599023999977, -7.207916488764747 ], [ -35.926666592999936, -7.207789430764779 ], [ -35.926678288999938, -7.207774745764721 ], [ -35.926768950999929, -7.207650797764778 ], [ -35.926781, -7.207635652764756 ], [ -35.926797269999952, -7.207620289764769 ], [ -35.926883793999934, -7.207547480764754 ], [ -35.926913261999971, -7.207541275764777 ], [ -35.927044135999942, -7.207434773764787 ], [ -35.927061263, -7.207412734764742 ], [ -35.927130949999935, -7.20727002776474 ], [ -35.927190033999985, -7.207079273764784 ], [ -35.927233963999981, -7.206856949764797 ], [ -35.927294425999946, -7.206606395764762 ], [ -35.927336932999935, -7.206524527764774 ], [ -35.927358310999978, -7.206479852764807 ], [ -35.927402350999948, -7.20639481576479 ], [ -35.927405004999969, -7.206384746764808 ], [ -35.92743293999996, -7.206316274764792 ], [ -35.927480226999933, -7.206269914764795 ], [ -35.927531323999972, -7.206208418764799 ], [ -35.927685885999949, -7.206062362764798 ], [ -35.927808955999978, -7.206013003764793 ], [ -35.927887139999939, -7.205973702764784 ], [ -35.927977754999972, -7.205938170764813 ], [ -35.928062197999964, -7.205889304764828 ], [ -35.928128320999974, -7.2058327137648 ], [ -35.928189244999935, -7.205751167764817 ], [ -35.928255313999955, -7.205625144764815 ], [ -35.928335283999957, -7.205497695764822 ], [ -35.928339853999944, -7.205492505764799 ], [ -35.928428874999959, -7.205381962764858 ], [ -35.928501749999953, -7.205284750764841 ], [ -35.928577307999944, -7.205213589764855 ], [ -35.928667385999972, -7.205170669764852 ], [ -35.928757642999983, -7.205099586764833 ], [ -35.928928818999957, -7.20498819076482 ], [ -35.929075184999931, -7.20494034576483 ], [ -35.929191920999983, -7.204919928764858 ], [ -35.929222524999943, -7.204920165764852 ], [ -35.929299432999983, -7.204904723764853 ], [ -35.929334438999945, -7.204904995764815 ], [ -35.929418479999981, -7.20490029576484 ] ] ] } },
{ "type": "Feature", "properties": { "num_setor": "PB_CA_SR_04_CPRM", "munic": "CAAPORÃ", "grau_risco": "Alto", "distancia_km": 0.71, "chuva_24h": 0.0, "chuva_72h": 1.0, "fonte_estacao": "openmeteo", "codigo_estacao": "openmeteo", "nome_estacao": "Open-Meteo (célula de grade)" }, "geometry": { "type": "Polygon", "coordinates": [ [ [ -34.910418075999928, -7.522968709754679 ], [ -34.910474968999949, -7.522626963754681 ], [ -34.910374572999963, -7.521736152754731 ], [ -34.91027470999996, -7.521134208754772 ], [ -34.910116675999973, -7.520550494754777 ], [ -34.910169616999944, -7.520208591754792 ], [ -34.910306858999938, -7.520446427754783 ], [ -34.910411624999938, -7.520534815754777 ], [ -34.910521008999979, -7.520632767754755 ], [ -34.910593319999975, -7.520770623754781 ], [ -34.910716123999975, -7.521178008754729 ], [ -34.910854480999944, -7.52192485075472 ], [ -34.91090671999995, -7.522495887754739 ], [ -34.910902278999977, -7.522902104754709 ], [ -34.910796171999948, -7.523118173754674 ], [ -34.910631104999936, -7.52320942575468 ], [ -34.910460178999983, -7.523219831754678 ], [ -34.910418075999928, -7.522968709754679 ] ] ] } },
{ "type": "Feature", "properties": { "num_setor": "PB_BANANEI_SR_2_CPRM", "munic": "BANANEIRAS", "grau_risco": "Alto", "distancia_km": 1.31, "chuva_24h": 0.0, "chuva_72h": 0.0, "fonte_estacao": "openmeteo", "codigo_estacao": "openmeteo", "nome_estacao": "Open-Meteo (célula de grade)" }, "geometry": { "type": "Polygon", "coordinates": [ [ [ -35.637498291999975, -6.756137640779204 ], [ -35.637645103999944, -6.756095124779201 ], [ -35.63791619999995, -6.756070384779181 ], [ -35.638106176999941, -6.756061646779221 ], [ -35.638444553999932, -6.756081617779193 ], [ -35.638753960999964, -6.75611114077922 ], [ -35.638936545999968, -6.756142769779195 ], [ -35.638953956999963, -6.756223505779217 ], [ -35.63872389699997, -6.756198925779221 ], [ -35.638455989999954, -6.756170301779184 ], [ -35.638153214999932, -6.756156330779193 ], [ -35.63786380199997, -6.756142974779182 ], [ -35.637683771999946, -6.756174320779195 ], [ -35.637421851999932, -6.756230950779216 ], [ -35.637089837999945, -6.756316671779211 ], [ -35.636733307999975, -6.756411760779221 ], [ -35.636569738999981, -6.756453649779207 ], [ -35.636420540999957, -6.756485020779191 ], [ -35.63654448799997, -6.756236761779207 ], [ -35.63667153599993, -6.756249893779196 ], [ -35.636763211999941, -6.75633234777919 ], [ -35.636922263999963, -6.756292166779213 ], [ -35.637056743999942, -6.756237319779212 ], [ -35.637498291999975, -6.756137640779204 ] ] ] } },
{ "type": "Feature", "properties": { "num_setor": "PB_BAYEUX_SR_01_CPRM", "munic": "BAYEUX", "grau_risco": "Muito alto", "distancia_km": 1.91, "chuva_24h": 0.0, "chuva_72h": 0.9, "fonte_estacao": "openmeteo", "codigo_estacao": "openmeteo", "nome_estacao": "Open-Meteo (célula de grade)" }, "geometry": { "type": "Polygon", "coordinates": [ [ [ -34.928419262999967, -7.119611592767558 ], [ -34.929273549999948, -7.119779569767547 ], [ -34.92971182399998, -7.119797106767559 ], [ -34.929998149999953, -7.120394692767575 ], [ -34.929956288999961, -7.120656660767525 ], [ -34.929657213999967, -7.120602955767552 ], [ -34.92924153599995, -7.120551666767558 ], [ -34.92896233099998, -7.120416351767544 ], [ -34.928365663999962, -7.120364845767559 ], [ -34.928337133999946, -7.120549758767558 ], [ -34.927986049999959, -7.120383454767559 ], [ -34.927611484999943, -7.120153380767566 ], [ -34.927221245999931, -7.120093736767529 ], [ -34.926760448999971, -7.120197243767537 ], [ -34.926353984999935, -7.120254487767535 ], [ -34.926081346999979, -7.12039697976754 ], [ -34.92586406099997, -7.120620594767519 ], [ -34.925777652999955, -7.120842528767532 ], [ -34.925616157999968, -7.121426377767527 ], [ -34.925464708999982, -7.121581937767512 ], [ -34.92531773099995, -7.121502998767529 ], [ -34.925383701999984, -7.120975799767511 ], [ -34.925585866999938, -7.120587500767512 ], [ -34.92584569099995, -7.120158740767557 ], [ -34.926335065999979, -7.119905382767549 ], [ -34.927246203999971, -7.119757277767563 ], [ -34.927492601999965, -7.119728844767555 ], [ -34.928060483999957, -7.119761760767562 ], [ -34.928163777999941, -7.119696733767558 ], [ -34.928170167999951, -7.119694002767559 ], [ -34.928173926999932, -7.119693932767561 ], [ -34.92830281199997, -7.11969846176759 ], [ -34.928419262999967, -7.119611592767558 ] ] ] } },
{ "type": "Feature", "properties": { "num_setor": "PB_BAIADAT_SR_1_CPRM", "munic": "BAÍA DA TRAIÇÃO", "grau_risco": "Alto", "distancia_km": 1.41, "chuva_24h": 0.0, "chuva_72h": 0.3, "fonte_estacao": "openmeteo", "codigo_estacao": "openmeteo", "nome_estacao": "Open-Meteo (célula de grade)" }, "geometry": { "type": "Polygon", "coordinates": [ [ [ -34.94403762099995, -6.682523209781551 ], [ -34.946200752999971, -6.68099074178161 ], [ -34.947719917999962, -6.678533389781671 ], [ -34.950153975999967, -6.675714564781793 ], [ -34.951578995999967, -6.673642992781831 ], [ -34.952002411999949, -6.672861132781894 ], [ -34.952401979999934, -6.672661322781872 ], [ -34.952789276999965, -6.672700052781895 ], [ -34.953157209, -6.672854970781859 ], [ -34.953063779999987, -6.673288080781858 ], [ -34.952746718999947, -6.673802672781848 ], [ -34.952436847999934, -6.674265747781798 ], [ -34.95222498499993, -6.674592990781805 ], [ -34.952047537999931, -6.674875993781789 ], [ -34.951880544999938, -6.675138014781806 ], [ -34.951537461999969, -6.675648685781768 ], [ -34.951348219999943, -6.675961078781759 ], [ -34.95088283399997, -6.676648916781763 ], [ -34.950379443999971, -6.677401202781713 ], [ -34.950082847999965, -6.677861439781715 ], [ -34.949289090999969, -6.678885120781683 ], [ -34.949001778999957, -6.679204975781655 ], [ -34.948746591999964, -6.679525677781655 ], [ -34.948086021999984, -6.680286050781623 ], [ -34.947350085999979, -6.681199714781591 ], [ -34.946706589999962, -6.68193607978159 ], [ -34.946250795999958, -6.682467418781591 ], [ -34.945921560999977, -6.68282271878155 ], [ -34.945691475999979, -6.682678132781576 ], [ -34.945178839999983, -6.683243520781541 ], [ -34.944648832999974, -6.683657035781516 ], [ -34.944257854999933, -6.683954588781506 ], [ -34.943710861999932, -6.684319755781536 ], [ -34.943195060999983, -6.68463378178148 ], [ -34.942820825999945, -6.684912178781516 ], [ -34.942341597999985, -6.685211924781503 ], [ -34.941721391999977, -6.685593859781441 ], [ -34.941358805999982, -6.685816930781484 ], [ -34.941261934999943, -6.68576969078147 ], [ -34.940991245999953, -6.685908741781484 ], [ -34.94033234099993, -6.686189882781438 ], [ -34.939739642999932, -6.686464257781433 ], [ -34.939402228999931, -6.68663252878143 ], [ -34.939211339999929, -6.686736007781446 ], [ -34.938840458999948, -6.686945965781408 ], [ -34.938350365999952, -6.687182004781415 ], [ -34.937840019999946, -6.687415753781428 ], [ -34.937509583999933, -6.687654811781401 ], [ -34.93711233799997, -6.687907845781413 ], [ -34.936584717999949, -6.68816912178141 ], [ -34.935807335999982, -6.688374924781371 ], [ -34.935184400999965, -6.68838660378138 ], [ -34.934692864999931, -6.688424983781358 ], [ -34.934255499999956, -6.688446685781384 ], [ -34.933886451999967, -6.688476237781386 ], [ -34.933837826999934, -6.688313496781396 ], [ -34.933258062999982, -6.688341344781397 ], [ -34.933014872999934, -6.688342941781386 ], [ -34.932975648999957, -6.688248060781393 ], [ -34.932996803999963, -6.688062598781418 ], [ -34.933195522999938, -6.687756211781395 ], [ -34.934299167999939, -6.687519186781416 ], [ -34.935707382999965, -6.687361754781383 ], [ -34.937456909999987, -6.686389853781459 ], [ -34.939775724999947, -6.685139541781472 ], [ -34.941662534999978, -6.684026713781538 ], [ -34.94403762099995, -6.682523209781551 ] ] ] } },
{ "type": "Feature", "properties": { "num_setor": "PB_BANANEI_SR_1_CPRM", "munic": "BANANEIRAS", "grau_risco": "Alto", "distancia_km": 0.75, "chuva_24h": 0.0, "chuva_72h": 0.0, "fonte_estacao": "openmeteo", "codigo_estacao": "openmeteo", "nome_estacao": "Open-Meteo (célula de grade)" }, "geometry": { "type": "Polygon", "coordinates": [ [ [ -35.631699798999932, -6.756667618779161 ], [ -35.631635504999963, -6.756564850779188 ], [ -35.631573217999978, -6.756537850779204 ], [ -35.631427462999966, -6.756503997779205 ], [ -35.631291611999984, -6.756500377779184 ], [ -35.631188879999968, -6.75649763977921 ], [ -35.631064320999933, -6.756369160779197 ], [ -35.63114930699993, -6.756291107779218 ], [ -35.631400088999953, -6.756190922779215 ], [ -35.631697760999941, -6.756063168779207 ], [ -35.632076224999935, -6.755889818779203 ], [ -35.632235124999966, -6.755815113779236 ], [ -35.632341420999971, -6.755754403779222 ], [ -35.632441658999937, -6.755697152779242 ], [ -35.632557517999942, -6.755635888779224 ], [ -35.63264652099997, -6.755593165779191 ], [ -35.632722907999941, -6.755706037779238 ], [ -35.632760804999975, -6.75573662777923 ], [ -35.632832334999932, -6.755794366779224 ], [ -35.632895112999961, -6.755845040779191 ], [ -35.632930657999964, -6.755913304779233 ], [ -35.632928611999944, -6.755993127779194 ], [ -35.632866208999928, -6.756089410779201 ], [ -35.632563522999931, -6.756287372779206 ], [ -35.63234070499994, -6.75640780577921 ], [ -35.63217021699996, -6.756479659779207 ], [ -35.632062619999935, -6.756536786779197 ], [ -35.631900008999928, -6.756671277779177 ], [ -35.631836648999972, -6.756708591779171 ], [ -35.631733237999981, -6.756708920779161 ], [ -35.631699798999932, -6.756667618779161 ] ] ] } },
{ "type": "Feature", "properties": { "num_setor": "PB_BAYEUX_SR_16_CPRM", "munic": "BAYEUX", "grau_risco": "Muito alto", "distancia_km": 1.22, "chuva_24h": 0.0, "chuva_72h": 0.9, "fonte_estacao": "openmeteo", "codigo_estacao": "openmeteo", "nome_estacao": "Open-Meteo (célula de grade)" }, "geometry": { "type": "Polygon", "coordinates": [ [ [ -34.926599856999935, -7.141340621766892 ], [ -34.926656548999972, -7.141318568766884 ], [ -34.926661155999966, -7.141313795766889 ], [ -34.926670503999958, -7.141307447766884 ], [ -34.926675179999961, -7.141304272766869 ], [ -34.926714814999968, -7.141251506766864 ], [ -34.926717904999975, -7.14124830576689 ], [ -34.926725690999945, -7.141241910766878 ], [ -34.926731875999963, -7.141235500766848 ], [ -34.92673949899995, -7.141224249766863 ], [ -34.926780304999966, -7.14119705676687 ], [ -34.926829740999949, -7.141187746766875 ], [ -34.926836152999954, -7.141187801766858 ], [ -34.926863432999937, -7.14118965576686 ], [ -34.92686667899995, -7.14119130376689 ], [ -34.926906900999938, -7.141201351766862 ], [ -34.926910172999953, -7.1412046107669 ], [ -34.926916681999955, -7.14120794576688 ], [ -34.926931622999973, -7.141229140766866 ], [ -34.926935012999934, -7.141237234766871 ], [ -34.926941743999976, -7.141251787766904 ], [ -34.92694512099996, -7.141259852766875 ], [ -34.926977735999969, -7.141373102766896 ], [ -34.926979507999924, -7.141382575766881 ], [ -34.92697960299995, -7.14138729976688 ], [ -34.926981341999976, -7.141395181766858 ], [ -34.926984749999974, -7.141407777766892 ], [ -34.926988335999965, -7.141429745766891 ], [ -34.927001519999976, -7.141461060766892 ], [ -34.927007858999957, -7.141464214766842 ], [ -34.927012650999977, -7.141468911766854 ], [ -34.927020519999928, -7.141470514766898 ], [ -34.927037902999984, -7.141479933766873 ], [ -34.927039491999949, -7.141481493766865 ], [ -34.927063182, -7.141498652766844 ], [ -34.927071085999955, -7.141506416766874 ], [ -34.927075842999955, -7.141512610766855 ], [ -34.927124506999974, -7.141560400766848 ], [ -34.92712759799997, -7.141560407766889 ], [ -34.927132278999984, -7.141565006766856 ], [ -34.927216949999945, -7.141572811766848 ], [ -34.927223080999966, -7.141572824766882 ], [ -34.92723226499993, -7.141571321766864 ], [ -34.927246029999928, -7.141568307766846 ], [ -34.927264369999932, -7.141565306766868 ], [ -34.927278110999964, -7.141562298766845 ], [ -34.927377236999973, -7.141519975766841 ], [ -34.92738333899996, -7.141516947766859 ], [ -34.927395529999956, -7.141512415766874 ], [ -34.927410742999939, -7.141509422766861 ], [ -34.927430527999945, -7.141503398766845 ], [ -34.927560015999966, -7.141447481766854 ], [ -34.927718338999966, -7.141402198766888 ], [ -34.927899125999936, -7.141395379766872 ], [ -34.927973297999976, -7.141403465766842 ], [ -34.927986468999968, -7.141440042766845 ], [ -34.927983434999931, -7.141441544766881 ], [ -34.927978710999973, -7.141447587766867 ], [ -34.92796617099998, -7.141462675766864 ], [ -34.927883939999958, -7.141537846766855 ], [ -34.927566355999943, -7.14165114676686 ], [ -34.927561865999962, -7.141652636766848 ], [ -34.927543898999943, -7.141658598766832 ], [ -34.927374683999972, -7.141685687766847 ], [ -34.927367170999958, -7.141685707766865 ], [ -34.927362659999979, -7.141685718766864 ], [ -34.927352129999974, -7.141685746766849 ], [ -34.927340084999969, -7.141685776766871 ], [ -34.927321983999938, -7.141690299766848 ], [ -34.927104851999957, -7.141725426766839 ], [ -34.927097193999941, -7.141725457766852 ], [ -34.927091064999949, -7.141725482766866 ], [ -34.927083439999926, -7.141728512766886 ], [ -34.927071188999946, -7.14173006276686 ], [ -34.927046705999942, -7.141736167766871 ], [ -34.927014577999955, -7.141746814766887 ], [ -34.926799064999955, -7.14179446776685 ], [ -34.926794437999945, -7.141795998766859 ], [ -34.926782187999947, -7.141802075766883 ], [ -34.926766821999934, -7.141806652766859 ], [ -34.926748547999978, -7.141815731766846 ], [ -34.926647988999939, -7.141862637766868 ], [ -34.926641824999933, -7.141864172766835 ], [ -34.926637222999943, -7.141865695766868 ], [ -34.92662480499996, -7.141867280766874 ], [ -34.926599857999975, -7.141868966766842 ], [ -34.92656722299995, -7.141873693766874 ], [ -34.926550152999937, -7.141876809766833 ], [ -34.926422123999942, -7.141873382766866 ], [ -34.926337980999961, -7.14179448676688 ], [ -34.926492267999947, -7.141521747766858 ], [ -34.926531120999982, -7.141448172766871 ], [ -34.926530994999951, -7.141445023766869 ], [ -34.926535455999954, -7.141435597766849 ], [ -34.926563659999943, -7.141354792766865 ], [ -34.92657137599997, -7.141348449766876 ], [ -34.926574507999931, -7.141346870766863 ], [ -34.926582374999953, -7.141343719766872 ], [ -34.926588784999979, -7.141343754766903 ], [ -34.926599856999935, -7.141340621766892 ] ] ] } },
{ "type": "Feature", "properties": { "num_setor": "PB_BAYEUX_SR_17_CPRM", "munic": "BAYEUX", "grau_risco": "Alto", "distancia_km": 1.21, "chuva_24h": 0.0, "chuva_72h": 0.9, "fonte_estacao": "openmeteo", "codigo_estacao": "openmeteo", "nome_estacao": "Open-Meteo (célula de grade)" }, "geometry": { "type": "Polygon", "coordinates": [ [ [ -34.935482530999934, -7.137359776767015 ], [ -34.935533544999942, -7.137243487767022 ], [ -34.935684724999938, -7.137352503767027 ], [ -34.93563844199997, -7.137454970766996 ], [ -34.935482530999934, -7.137359776767015 ] ] ] } },
{ "type": "Feature", "properties": { "num_setor": "PB_BAYEUX_SR_02_CPRM", "munic": "BAYEUX", "grau_risco": "Muito alto", "distancia_km": 1.8, "chuva_24h": 0.0, "chuva_72h": 0.9, "fonte_estacao": "openmeteo", "codigo_estacao": "openmeteo", "nome_estacao": "Open-Meteo (célula de grade)" }, "geometry": { "type": "Polygon", "coordinates": [ [ [ -34.920946229999977, -7.122531701767466 ], [ -34.921387962, -7.122129121767472 ], [ -34.921714605999966, -7.121913666767488 ], [ -34.922526320999964, -7.121905247767507 ], [ -34.923495671999945, -7.121788691767482 ], [ -34.923799782999943, -7.121775550767476 ], [ -34.923743691999952, -7.122035494767516 ], [ -34.922945585999962, -7.122084676767515 ], [ -34.922046544999944, -7.122098117767472 ], [ -34.92169406499994, -7.122105650767509 ], [ -34.921434325999947, -7.122281855767502 ], [ -34.921222840999974, -7.122641137767469 ], [ -34.920946229999977, -7.122531701767466 ] ] ] } },
{ "type": "Feature", "properties": { "num_setor": "PB_BAYEUX_SR_03_CPRM", "munic": "BAYEUX", "grau_risco": "Muito alto", "distancia_km": 1.66, "chuva_24h": 0.0, "chuva_72h": 0.9, "fonte_estacao": "openmeteo", "codigo_estacao": "openmeteo", "nome_estacao": "Open-Meteo (célula de grade)" }, "geometry": { "type": "Polygon", "coordinates": [ [ [ -34.918814585999939, -7.121504718767525 ], [ -34.918878414999945, -7.121428056767503 ], [ -34.919120239999984, -7.121571971767517 ], [ -34.919201618999978, -7.121585773767475 ], [ -34.919306268999939, -7.121576064767495 ], [ -34.919471889999954, -7.121662513767535 ], [ -34.919376134999929, -7.121773873767478 ], [ -34.919089674999952, -7.121685149767505 ], [ -34.918977491999946, -7.121663715767495 ], [ -34.918814585999939, -7.121504718767525 ] ] ] } },
{ "type": "Feature", "properties": { "num_setor": "PB_AL_SR_04_CPRM", "munic": "ALAGOINHA", "grau_risco": "Alto", "distancia_km": 1.25, "chuva_24h": 0.0, "chuva_72h": 0.2, "fonte_estacao": "openmeteo", "codigo_estacao": "openmeteo", "nome_estacao": "Open-Meteo (célula de grade)" }, "geometry": { "type": "Polygon", "coordinates": [ [ [ -35.546927062999941, -6.952707278772937 ], [ -35.547149892999983, -6.95264762177293 ], [ -35.547315252999965, -6.952612167772934 ], [ -35.547271697999975, -6.952393706772908 ], [ -35.547574616999952, -6.952306015772933 ], [ -35.547874336999939, -6.95223674077295 ], [ -35.547902182999962, -6.952332567772936 ], [ -35.547939356999962, -6.952452459772922 ], [ -35.548045935999937, -6.952715893772889 ], [ -35.548136386999943, -6.95284133477291 ], [ -35.548191809999935, -6.952997543772911 ], [ -35.54813543299997, -6.953050591772898 ], [ -35.547505233999971, -6.953273276772874 ], [ -35.54746282299994, -6.953454302772871 ], [ -35.547172641999964, -6.953583193772898 ], [ -35.547112091999963, -6.953843661772861 ], [ -35.546662082999951, -6.954121922772853 ], [ -35.546038688999943, -6.954488637772823 ], [ -35.545750522999981, -6.954136309772876 ], [ -35.545657957999936, -6.954094209772848 ], [ -35.54549220499996, -6.953929432772839 ], [ -35.545380135999942, -6.953777886772864 ], [ -35.545313034999936, -6.953682285772867 ], [ -35.54523129699993, -6.9535622257729 ], [ -35.545461858999943, -6.953421211772895 ], [ -35.545908582999964, -6.953173201772898 ], [ -35.546117921999951, -6.95291996977287 ], [ -35.546542754999962, -6.952676376772887 ], [ -35.546688236999962, -6.952762687772903 ], [ -35.546927062999941, -6.952707278772937 ] ] ] } },
{ "type": "Feature", "properties": { "num_setor": "PB_BAYEUX_SR_19_CPRM", "munic": "BAYEUX", "grau_risco": "Alto", "distancia_km": 1.13, "chuva_24h": 0.0, "chuva_72h": 0.9, "fonte_estacao": "openmeteo", "codigo_estacao": "openmeteo", "nome_estacao": "Open-Meteo (célula de grade)" }, "geometry": { "type": "Polygon", "coordinates": [ [ [ -34.936707410999929, -7.134058362767105 ], [ -34.936818838999955, -7.133985261767111 ], [ -34.937001022999937, -7.134124023767111 ], [ -34.93694177499998, -7.13421685376708 ], [ -34.936707410999929, -7.134058362767105 ] ] ] } },
{ "type": "Feature", "properties": { "num_setor": "PB_AL_SR_02_CPRM", "munic": "ALAGOINHA", "grau_risco": "Alto", "distancia_km": 1.84, "chuva_24h": 0.0, "chuva_72h": 0.2, "fonte_estacao": "openmeteo", "codigo_estacao": "openmeteo", "nome_estacao": "Open-Meteo (célula de grade)" }, "geometry": { "type": "Polygon", "coordinates": [ [ [ -35.550045797999921, -6.949535633773031 ], [ -35.550006275999976, -6.949479140772978 ], [ -35.550485035999934, -6.949313906773039 ], [ -35.550579853999984, -6.949503885772997 ], [ -35.550627996999935, -6.949673580773008 ], [ -35.55083055799998, -6.949917963772998 ], [ -35.551012427999979, -6.950109401772989 ], [ -35.551219903999936, -6.950362959772979 ], [ -35.551330690999983, -6.950588732772984 ], [ -35.551555395999969, -6.950890606772973 ], [ -35.551650883999969, -6.951152308772954 ], [ -35.551857877999964, -6.951344314772967 ], [ -35.551978278999968, -6.951467091772962 ], [ -35.552023214999963, -6.951635850772923 ], [ -35.552037423999934, -6.951745783772949 ], [ -35.552295470999979, -6.952021021772915 ], [ -35.552075498999955, -6.952007424772959 ], [ -35.551869135999937, -6.951994158772958 ], [ -35.551813960999937, -6.951887038772909 ], [ -35.551817290999963, -6.951876865772939 ], [ -35.551833020999936, -6.951803856772936 ], [ -35.55180702499996, -6.951696402772956 ], [ -35.551805926999975, -6.95169134777293 ], [ -35.551769278999984, -6.951620713772929 ], [ -35.551770598999951, -6.951614964772961 ], [ -35.551754063999965, -6.951568147772966 ], [ -35.551752780999948, -6.95156308977297 ], [ -35.551742508999951, -6.951522599772967 ], [ -35.551739937999969, -6.951512468772961 ], [ -35.55172906699994, -6.95148019777295 ], [ -35.551717665999945, -6.95146701177296 ], [ -35.551692324999969, -6.951441293772939 ], [ -35.551649034999969, -6.951376866772964 ], [ -35.551642048999952, -6.951370581772971 ], [ -35.551591293999934, -6.951340642772981 ], [ -35.55159064299994, -6.951338092772947 ], [ -35.55154043899995, -6.951310645772964 ], [ -35.551537257999939, -6.951308768772977 ], [ -35.551490797999975, -6.951285704772975 ], [ -35.551430405999952, -6.951208782772968 ], [ -35.551376993999952, -6.951148922772953 ], [ -35.551371797999934, -6.951139313772939 ], [ -35.551308577999968, -6.951073555772935 ], [ -35.551304695999931, -6.951069073772977 ], [ -35.551257244999931, -6.951001620772939 ], [ -35.551252548999969, -6.950983515772958 ], [ -35.551231315999985, -6.950922709772939 ], [ -35.551211259999945, -6.950877018772974 ], [ -35.551157398999976, -6.950753959772948 ], [ -35.551155388999966, -6.950746228772964 ], [ -35.551082749999971, -6.95063585677297 ], [ -35.551080725999945, -6.950628091772953 ], [ -35.551075457999957, -6.950618423772986 ], [ -35.551003949999938, -6.950523758772987 ], [ -35.550998654999937, -6.950514049773004 ], [ -35.550935415999959, -6.950430626772975 ], [ -35.550934048999977, -6.950425410772994 ], [ -35.550853136999933, -6.95034909377296 ], [ -35.55073725099993, -6.950225435772961 ], [ -35.55073656899998, -6.950222771772993 ], [ -35.550652773999957, -6.950141512772982 ], [ -35.550604792999934, -6.950089522773008 ], [ -35.55059483399998, -6.950080733772961 ], [ -35.550575827999978, -6.950066725772971 ], [ -35.550514184999933, -6.950022016773019 ], [ -35.550445633999971, -6.949936598772993 ], [ -35.550425548999954, -6.949918868772968 ], [ -35.550424605999979, -6.949915260772984 ], [ -35.550374120999955, -6.949855406773019 ], [ -35.550358525999968, -6.949840242772971 ], [ -35.550291645999955, -6.949749741772988 ], [ -35.550274942999977, -6.949730960772997 ], [ -35.550236354999981, -6.949659772773007 ], [ -35.550229800999944, -6.949649870773016 ], [ -35.550195741999971, -6.949581191772979 ], [ -35.550183586999935, -6.949564980773031 ], [ -35.550138835999974, -6.949514617773025 ], [ -35.550132254999937, -6.949504677772983 ], [ -35.550045797999921, -6.949535633773031 ] ] ] } },
{ "type": "Feature", "properties": { "num_setor": "PB_AL_SR_03_CPRM", "munic": "ALAGOINHA", "grau_risco": "Alto", "distancia_km": 1.67, "chuva_24h": 0.1, "chuva_72h": 0.5, "fonte_estacao": "openmeteo", "codigo_estacao": "openmeteo", "nome_estacao": "Open-Meteo (célula de grade)" }, "geometry": { "type": "Polygon", "coordinates": [ [ [ -35.563638549999958, -6.943880689773194 ], [ -35.563796275999948, -6.943855933773177 ], [ -35.56380494299998, -6.943853660773171 ], [ -35.56390749499996, -6.943835909773194 ], [ -35.56403515899995, -6.943806024773196 ], [ -35.564104649999933, -6.943829988773173 ], [ -35.564107700999955, -6.943866322773191 ], [ -35.564120368999966, -6.943910120773169 ], [ -35.564123397999936, -6.943929213773216 ], [ -35.564126070999976, -6.943938458773212 ], [ -35.564139878999981, -6.944012145773214 ], [ -35.564141067999969, -6.944084425773188 ], [ -35.564140900999973, -6.944094437773205 ], [ -35.564120829999979, -6.9441469847732 ], [ -35.564112579999971, -6.944154154773201 ], [ -35.564102002999959, -6.94416194977319 ], [ -35.564042661999963, -6.944224659773203 ], [ -35.564036730999931, -6.944240920773186 ], [ -35.56399013999993, -6.944292421773153 ], [ -35.563981456999954, -6.944297190773195 ], [ -35.563966413999935, -6.944306097773194 ], [ -35.563871671999948, -6.944331692773206 ], [ -35.56383240699995, -6.944342301773156 ], [ -35.563802386999953, -6.944350411773167 ], [ -35.563785615999961, -6.944352522773184 ], [ -35.563716614999976, -6.944354203773195 ], [ -35.56369224599996, -6.944355934773198 ], [ -35.563639472999959, -6.94436290877317 ], [ -35.563630222999969, -6.944365408773161 ], [ -35.563620329999935, -6.94436565077316 ], [ -35.563544361999959, -6.944378885773198 ], [ -35.563532797999983, -6.944382011773168 ], [ -35.563528171999963, -6.944383261773193 ], [ -35.563511317999946, -6.944385383773148 ], [ -35.563426969999966, -6.944396000773196 ], [ -35.563417713999968, -6.944398502773163 ], [ -35.563405456999924, -6.944399377773174 ], [ -35.563396199999943, -6.944401879773152 ], [ -35.563280172999953, -6.944416152773184 ], [ -35.563233431999947, -6.944411648773171 ], [ -35.56322806999998, -6.944410645773154 ], [ -35.563205012999958, -6.944409517773145 ], [ -35.563195854999947, -6.9444046217732 ], [ -35.56313527899993, -6.944374107773199 ], [ -35.56311679199996, -6.944364224773179 ], [ -35.563112952999973, -6.944360293773197 ], [ -35.563076634999959, -6.944335221773172 ], [ -35.563068129999976, -6.944325010773157 ], [ -35.56305803399993, -6.944317715773162 ], [ -35.563022993999944, -6.944274280773153 ], [ -35.56301986099993, -6.94427259777316 ], [ -35.562984499999978, -6.944228773773174 ], [ -35.562973444999955, -6.944218986773167 ], [ -35.562944016999957, -6.944170397773153 ], [ -35.56293761599995, -6.944159204773173 ], [ -35.562934389999953, -6.94414971677319 ], [ -35.56292142999996, -6.944111603773166 ], [ -35.562968133999966, -6.944058467773211 ], [ -35.563242610999957, -6.943958114773168 ], [ -35.563400932999969, -6.943926128773207 ], [ -35.563406281999953, -6.94392473277319 ], [ -35.563537092999979, -6.943888737773177 ], [ -35.563544151999963, -6.943886895773219 ], [ -35.56362134699998, -6.943879655773217 ], [ -35.563629308999964, -6.943881263773202 ], [ -35.563638549999958, -6.943880689773194 ] ] ] } },
{ "type": "Feature", "properties": { "num_setor": "PB_AREIA_SR_3_CPRM", "munic": "AREIA", "grau_risco": "Alto", "distancia_km": 1.71, "chuva_24h": 0.2, "chuva_72h": 0.4, "fonte_estacao": "openmeteo", "codigo_estacao": "openmeteo", "nome_estacao": "Open-Meteo (célula de grade)" }, "geometry": { "type": "Polygon", "coordinates": [ [ [ -35.70479341999993, -6.971370774772328 ], [ -35.704706704999971, -6.971308367772294 ], [ -35.70480155499996, -6.971190186772297 ], [ -35.704906974999979, -6.97119782377231 ], [ -35.705075751999971, -6.971243332772326 ], [ -35.705196468999937, -6.971251756772306 ], [ -35.705305232999926, -6.971442393772302 ], [ -35.705671038999981, -6.971430437772326 ], [ -35.705708397999956, -6.971528837772277 ], [ -35.705796551999981, -6.971674894772321 ], [ -35.70587119399994, -6.971751993772277 ], [ -35.705932041999972, -6.971814845772311 ], [ -35.706118078999957, -6.971883946772322 ], [ -35.70630265099993, -6.971952502772295 ], [ -35.706808056999932, -6.971916086772291 ], [ -35.706979689999969, -6.971907605772286 ], [ -35.707188610999935, -6.971909151772304 ], [ -35.707434222999957, -6.971954985772298 ], [ -35.707581362999974, -6.972024208772264 ], [ -35.707773664999934, -6.972150475772295 ], [ -35.707867473999954, -6.972232073772306 ], [ -35.707985504999954, -6.972334739772275 ], [ -35.708040842999935, -6.972428761772255 ], [ -35.707924281999965, -6.972470542772253 ], [ -35.707877107999934, -6.97240569277225 ], [ -35.707820707999929, -6.972368083772312 ], [ -35.70772164899995, -6.972272410772277 ], [ -35.707581578999964, -6.972199290772317 ], [ -35.707511365999949, -6.972186533772273 ], [ -35.707434716999956, -6.972172608772255 ], [ -35.707242500999939, -6.972161656772288 ], [ -35.707141948999947, -6.972160852772267 ], [ -35.706906966999959, -6.972208605772308 ], [ -35.706724613999938, -6.972247904772287 ], [ -35.706582996999941, -6.972272540772267 ], [ -35.706575602999976, -6.972221096772256 ], [ -35.70640462199998, -6.972230746772293 ], [ -35.706259647999957, -6.972252999772294 ], [ -35.706004349999944, -6.972270034772275 ], [ -35.705821074999953, -6.972228796772283 ], [ -35.705777848999951, -6.972234716772265 ], [ -35.705680155999971, -6.972183830772263 ], [ -35.705585959999951, -6.9721368387723 ], [ -35.705608384999948, -6.972059188772269 ], [ -35.70548396099997, -6.971923806772275 ], [ -35.705371541999959, -6.971762080772296 ], [ -35.705275530999984, -6.971650002772331 ], [ -35.70519636399996, -6.971526270772308 ], [ -35.705108029999963, -6.971597192772326 ], [ -35.70479341999993, -6.971370774772328 ] ] ] } },
{ "type": "Feature", "properties": { "num_setor": "PB_AREIA_SR_4_CPRM", "munic": "AREIA", "grau_risco": "Alto", "distancia_km": 1.49, "chuva_24h": 0.0, "chuva_72h": 0.2, "fonte_estacao": "openmeteo", "codigo_estacao": "openmeteo", "nome_estacao": "Open-Meteo (célula de grade)" }, "geometry": { "type": "Polygon", "coordinates": [ [ [ -35.692050549999976, -6.970723256772346 ], [ -35.692274025999957, -6.970631899772324 ], [ -35.692603050999942, -6.970473909772341 ], [ -35.692606118999947, -6.970212096772335 ], [ -35.692751205999969, -6.970128375772328 ], [ -35.692841487999942, -6.970162301772342 ], [ -35.692853750999973, -6.970225239772324 ], [ -35.692870996999943, -6.970313756772321 ], [ -35.692866480999953, -6.970437918772336 ], [ -35.692863176999936, -6.970528775772362 ], [ -35.692830529999988, -6.970722975772315 ], [ -35.692774024999949, -6.97076197177231 ], [ -35.69264325499995, -6.970763921772321 ], [ -35.692635744999961, -6.97076304877235 ], [ -35.692524771999956, -6.970789618772328 ], [ -35.692422037999961, -6.970783610772318 ], [ -35.692407675999959, -6.971016878772298 ], [ -35.69203002699993, -6.970901755772307 ], [ -35.692050549999976, -6.970723256772346 ] ] ] } },
{ "type": "Feature", "properties": { "num_setor": "PB_ARACAGI_SR_1_CPRM", "munic": "ARAÇAGI", "grau_risco": "Alto", "distancia_km": 1.46, "chuva_24h": 0.0, "chuva_72h": 0.0, "fonte_estacao": "openmeteo", "codigo_estacao": "openmeteo", "nome_estacao": "Open-Meteo (célula de grade)" }, "geometry": { "type": "Polygon", "coordinates": [ [ [ -35.384423764999951, -6.851914770776121 ], [ -35.384443808999947, -6.851904002776144 ], [ -35.384465318999958, -6.851887500776146 ], [ -35.384500866999922, -6.851851900776159 ], [ -35.384580318999951, -6.851757604776119 ], [ -35.384615000999922, -6.851721283776139 ], [ -35.384647848999975, -6.851688765776123 ], [ -35.384682628999933, -6.851650053776137 ], [ -35.384810019999982, -6.851491269776138 ], [ -35.384865631999958, -6.851428553776135 ], [ -35.384897591999959, -6.851397721776138 ], [ -35.384928858999956, -6.851371860776157 ], [ -35.38496006999997, -6.851350448776135 ], [ -35.384991563999961, -6.851333256776165 ], [ -35.385031320999929, -6.851315442776174 ], [ -35.385073332999987, -6.851298822776177 ], [ -35.385116481999944, -6.851283833776159 ], [ -35.385159941999973, -6.851270764776181 ], [ -35.385202746999937, -6.851259886776179 ], [ -35.385244654999951, -6.851251241776136 ], [ -35.38528525199996, -6.851244914776143 ], [ -35.385324250999922, -6.85124095077617 ], [ -35.385360676999937, -6.851239381776165 ], [ -35.385395176999964, -6.851240111776172 ], [ -35.38542761399998, -6.851243135776135 ], [ -35.385457892999959, -6.851248446776132 ], [ -35.385485915999936, -6.851256022776167 ], [ -35.385511644999951, -6.85126585077614 ], [ -35.385535029999971, -6.851277913776178 ], [ -35.385556036999958, -6.851292190776173 ], [ -35.385587589999943, -6.851321473776173 ], [ -35.385620631999984, -6.851361465776156 ], [ -35.385654982999938, -6.851411923776128 ], [ -35.385690928999963, -6.851473267776143 ], [ -35.385704127999929, -6.851503645776165 ], [ -35.385707857999932, -6.851518446776125 ], [ -35.385709677999955, -6.851532996776131 ], [ -35.38570958899993, -6.851547298776142 ], [ -35.385707589999981, -6.851561360776127 ], [ -35.385703680999939, -6.851575188776149 ], [ -35.385697858999947, -6.851588788776135 ], [ -35.385680479999962, -6.851615314776141 ], [ -35.38565540899998, -6.851641022776144 ], [ -35.385622575999946, -6.851665985776134 ], [ -35.385581856999977, -6.851690294776154 ], [ -35.385530431999939, -6.851715231776134 ], [ -35.385469761999957, -6.85173974177614 ], [ -35.385399335999971, -6.851764033776118 ], [ -35.385318087999963, -6.85178848077616 ], [ -35.385233782999933, -6.851811174776156 ], [ -35.385135941999977, -6.851835296776158 ], [ -35.384759784999979, -6.851920432776152 ], [ -35.384612416999971, -6.851956205776134 ], [ -35.384537490999939, -6.851976468776143 ], [ -35.384471991999931, -6.851996107776158 ], [ -35.384414584999945, -6.852015526776113 ], [ -35.384364644999948, -6.852034938776137 ], [ -35.384311193999963, -6.852059907776123 ], [ -35.384268597999949, -6.852085391776114 ], [ -35.384236526999977, -6.852111589776113 ], [ -35.384224382999946, -6.852125000776102 ], [ -35.38421481499995, -6.852138640776128 ], [ -35.384207800999945, -6.852152545776129 ], [ -35.384203353999965, -6.852166709776124 ], [ -35.384201467999951, -6.852181142776112 ], [ -35.384202142999982, -6.852195856776139 ], [ -35.384205380999958, -6.852210862776101 ], [ -35.384211181999945, -6.852226171776141 ], [ -35.384219549999955, -6.852241789776111 ], [ -35.384230491999972, -6.85225772677611 ], [ -35.384259364999934, -6.852289579776102 ], [ -35.384340830999982, -6.852365824776102 ], [ -35.38435798699993, -6.852384949776097 ], [ -35.384370345999969, -6.852402053776141 ], [ -35.384379293999977, -6.852418736776104 ], [ -35.384385844999933, -6.852436125776095 ], [ -35.384389992999957, -6.852454199776119 ], [ -35.384391732999973, -6.852472941776126 ], [ -35.384391061999963, -6.852492330776113 ], [ -35.384387980999982, -6.852512337776098 ], [ -35.384382493999965, -6.852532931776134 ], [ -35.384374610999942, -6.852554077776134 ], [ -35.384364308999977, -6.852575806776098 ], [ -35.384351631999948, -6.852598007776133 ], [ -35.384319276999967, -6.852643606776102 ], [ -35.384277882999982, -6.852690395776112 ], [ -35.384228037999954, -6.852737708776096 ], [ -35.384167058999935, -6.852787433776088 ], [ -35.384098996999967, -6.852835688776112 ], [ -35.384025688999941, -6.852881168776094 ], [ -35.383949528999949, -6.852922385776079 ], [ -35.383873066999968, -6.852957949776108 ], [ -35.383799108999945, -6.852986544776112 ], [ -35.383730214999957, -6.853007183776127 ], [ -35.38366844199993, -6.853019253776096 ], [ -35.383641474999934, -6.853021743776082 ], [ -35.383612751999969, -6.853022272776109 ], [ -35.383548509999969, -6.853017444776126 ], [ -35.383485311999948, -6.853007330776106 ], [ -35.383326431999933, -6.852975934776103 ], [ -35.383282576999932, -6.852969442776099 ], [ -35.383243424999932, -6.852965699776116 ], [ -35.383157140999963, -6.852962441776126 ], [ -35.382972244999962, -6.852962324776113 ], [ -35.382891668999946, -6.852960271776107 ], [ -35.382814567999958, -6.852954943776127 ], [ -35.382634649999943, -6.852937962776079 ], [ -35.382546982999941, -6.852933284776098 ], [ -35.382466011999952, -6.852932433776122 ], [ -35.382386309999958, -6.852933609776122 ], [ -35.382308002999935, -6.852936808776119 ], [ -35.382231187999935, -6.852942026776078 ], [ -35.382148063999978, -6.852949974776093 ], [ -35.382066448999979, -6.852960079776091 ], [ -35.381986512999951, -6.852972318776088 ], [ -35.381908392999946, -6.852986672776117 ], [ -35.381844426999976, -6.853002594776107 ], [ -35.381686247999937, -6.853050925776123 ], [ -35.381641171999938, -6.853061145776103 ], [ -35.381600130999971, -6.85306711877609 ], [ -35.381535945999929, -6.853072760776108 ], [ -35.381487672999981, -6.853074623776074 ], [ -35.381444705999968, -6.853073115776104 ], [ -35.381406324999944, -6.853068079776105 ], [ -35.381353186999945, -6.853055725776123 ], [ -35.381304904999979, -6.853039584776123 ], [ -35.381262534999962, -6.853020014776116 ], [ -35.381226518999945, -6.852997229776122 ], [ -35.381204406999984, -6.852978602776088 ], [ -35.381181854999966, -6.852955190776125 ], [ -35.381158769999956, -6.852927227776097 ], [ -35.381125457999929, -6.852882942776086 ], [ -35.381089437999947, -6.852839348776116 ], [ -35.381076381999947, -6.852821485776076 ], [ -35.381065758999966, -6.852801704776089 ], [ -35.381060356999967, -6.852782826776094 ], [ -35.381058343999939, -6.852759287776114 ], [ -35.381060143999939, -6.852739782776101 ], [ -35.381065354999983, -6.852723305776126 ], [ -35.381073711999932, -6.852707000776099 ], [ -35.381084192999936, -6.852692831776102 ], [ -35.38109574899994, -6.852682211776095 ], [ -35.381105558999934, -6.852676901776085 ], [ -35.381118145999949, -6.852673246776082 ], [ -35.381167456999947, -6.852667507776119 ], [ -35.381195257999927, -6.852664988776104 ], [ -35.381252440999958, -6.852665516776089 ], [ -35.381275740999968, -6.8526644037761 ], [ -35.381298963999939, -6.852660175776133 ], [ -35.381318122999971, -6.852652411776099 ], [ -35.381336719999972, -6.852640623776101 ], [ -35.381354437999967, -6.852626398776134 ], [ -35.381369971999959, -6.852610793776091 ], [ -35.381382439999982, -6.852594698776109 ], [ -35.381391897999947, -6.852576701776125 ], [ -35.381398993999937, -6.852554460776118 ], [ -35.38140369599995, -6.852530234776117 ], [ -35.381410582999933, -6.852479771776149 ], [ -35.381414129999939, -6.852450913776133 ], [ -35.38141613199997, -6.852418448776135 ], [ -35.38141690599997, -6.852307558776107 ], [ -35.381414056999972, -6.852136923776152 ], [ -35.381415729999958, -6.852070815776158 ], [ -35.381419539999968, -6.852029138776139 ], [ -35.381436372999929, -6.851891357776114 ], [ -35.381436746999952, -6.851860037776112 ], [ -35.381432085999961, -6.851790013776141 ], [ -35.381431670999973, -6.851761082776112 ], [ -35.381434920999936, -6.851733224776163 ], [ -35.381442661999984, -6.85171197077612 ], [ -35.381456802999935, -6.85169341177616 ], [ -35.381477413999967, -6.851677348776136 ], [ -35.381504402999951, -6.851663853776173 ], [ -35.38153757699996, -6.851653025776141 ], [ -35.381577178999983, -6.851644878776124 ], [ -35.381622142999959, -6.851639709776161 ], [ -35.38167147799993, -6.85163765377613 ], [ -35.381722245999981, -6.851638841776137 ], [ -35.38175870699996, -6.85164344477617 ], [ -35.38183719999995, -6.851659794776122 ], [ -35.38200819399998, -6.851682789776114 ], [ -35.382074250999949, -6.851694489776129 ], [ -35.382126668999945, -6.851708193776155 ], [ -35.382243690999928, -6.851745099776145 ], [ -35.382297088999962, -6.851757952776133 ], [ -35.382351371999953, -6.851766227776159 ], [ -35.382412297999963, -6.85177179677616 ], [ -35.382475995999982, -6.851774848776166 ], [ -35.382598669999936, -6.851777978776147 ], [ -35.382653823999931, -6.851777031776161 ], [ -35.382769472999939, -6.851767587776161 ], [ -35.382818737999976, -6.851765568776138 ], [ -35.38286984299998, -6.851768093776153 ], [ -35.382914499999963, -6.851776412776111 ], [ -35.382970821999947, -6.851792400776144 ], [ -35.383010304999971, -6.851806712776165 ], [ -35.383041921999961, -6.851822596776154 ], [ -35.383065557999942, -6.851840230776114 ], [ -35.383074964999935, -6.851851005776129 ], [ -35.383082411999972, -6.85186382077612 ], [ -35.383087970999952, -6.85187880277616 ], [ -35.383091742999966, -6.851896208776139 ], [ -35.38309432899996, -6.851935212776119 ], [ -35.383091045999947, -6.852023491776126 ], [ -35.383091940999975, -6.852061185776139 ], [ -35.383098010999959, -6.852097749776098 ], [ -35.383103257999949, -6.852113187776153 ], [ -35.38311005099996, -6.852126978776109 ], [ -35.383126400999977, -6.852153943776123 ], [ -35.38313897699993, -6.852169879776135 ], [ -35.383152223999964, -6.8521801277761 ], [ -35.383168156999943, -6.852186323776118 ], [ -35.383186925999951, -6.852188533776109 ], [ -35.383208879999977, -6.85218679977614 ], [ -35.383249690999946, -6.852176531776105 ], [ -35.383339477999982, -6.852143426776104 ], [ -35.383375671999943, -6.852132834776136 ], [ -35.383443990999979, -6.852116125776123 ], [ -35.38351756499997, -6.852094737776119 ], [ -35.383598211999974, -6.85206822577615 ], [ -35.383700135999959, -6.852031925776118 ], [ -35.383745202999933, -6.852012154776131 ], [ -35.383795310999972, -6.851983681776145 ], [ -35.383848406999959, -6.851948430776101 ], [ -35.383994097999953, -6.851844981776118 ], [ -35.384037993999982, -6.85181773877614 ], [ -35.384076748999973, -6.851797591776153 ], [ -35.384099471999953, -6.851788053776126 ], [ -35.384121045999954, -6.851780903776136 ], [ -35.384141631999967, -6.85177608777614 ], [ -35.384161339999935, -6.85177358077616 ], [ -35.384180281999932, -6.851773373776131 ], [ -35.384198494999957, -6.85177547077613 ], [ -35.384216031999983, -6.851779878776122 ], [ -35.384232934999943, -6.851786607776122 ], [ -35.384250063999957, -6.851797148776122 ], [ -35.384268811999959, -6.851813361776158 ], [ -35.384327884999948, -6.851878580776122 ], [ -35.384348490999976, -6.851898759776109 ], [ -35.384368478999932, -6.851913085776155 ], [ -35.38438673099995, -6.851919763776127 ], [ -35.384404802999939, -6.851920008776148 ], [ -35.384423764999951, -6.851914770776121 ] ] ] } },
{ "type": "Feature", "properties": { "num_setor": "PB_ARACAGI_SR_2_CPRM", "munic": "ARAÇAGI", "grau_risco": "Alto", "distancia_km": 1.78, "chuva_24h": 0.0, "chuva_72h": 0.0, "fonte_estacao": "openmeteo", "codigo_estacao": "openmeteo", "nome_estacao": "Open-Meteo (célula de grade)" }, "geometry": { "type": "Polygon", "coordinates": [ [ [ -35.376577402999942, -6.851053183776176 ], [ -35.37655431699995, -6.851037140776164 ], [ -35.376535306999983, -6.851020952776143 ], [ -35.376520683999956, -6.851004578776156 ], [ -35.376500947999943, -6.850974367776196 ], [ -35.376486187999944, -6.850943143776144 ], [ -35.376478125999938, -6.85091460777614 ], [ -35.376477047999977, -6.85089000677619 ], [ -35.37648170999995, -6.850873191776151 ], [ -35.376492285999973, -6.850855248776164 ], [ -35.376505754999982, -6.850838832776168 ], [ -35.376541092999958, -6.850800889776176 ], [ -35.37655547199995, -6.850782004776147 ], [ -35.37657139199996, -6.850752058776164 ], [ -35.376597280999931, -6.850688320776172 ], [ -35.37660906199995, -6.850663441776148 ], [ -35.376624027999988, -6.850640402776162 ], [ -35.376640825999964, -6.850623748776187 ], [ -35.376667390999955, -6.850608033776171 ], [ -35.37670161099993, -6.850595762776168 ], [ -35.376743542999975, -6.850586773776191 ], [ -35.376798527999938, -6.850579922776171 ], [ -35.37683181999995, -6.850578973776198 ], [ -35.376866474999936, -6.850582635776183 ], [ -35.37690284699994, -6.85059094077617 ], [ -35.376941641999963, -6.850604044776178 ], [ -35.376973286999934, -6.850617375776173 ], [ -35.377008149999938, -6.85063417277617 ], [ -35.377143738999962, -6.850707762776162 ], [ -35.377201276999983, -6.8507357637762 ], [ -35.377302257999929, -6.850782467776198 ], [ -35.37753945999998, -6.850899097776174 ], [ -35.377697947999941, -6.850976275776141 ], [ -35.377743039999977, -6.850996330776192 ], [ -35.377784079999969, -6.851012673776156 ], [ -35.377862074999932, -6.851041205776142 ], [ -35.377913496999952, -6.851055078776146 ], [ -35.377931242999978, -6.851057139776175 ], [ -35.377952420999975, -6.851056844776168 ], [ -35.378030334999949, -6.851047251776156 ], [ -35.378058182999951, -6.851045978776143 ], [ -35.378071770999952, -6.851047282776162 ], [ -35.378083157999981, -6.851050232776179 ], [ -35.378092583999951, -6.851054895776141 ], [ -35.378100158999985, -6.851061328776152 ], [ -35.378109669999958, -6.851076201776157 ], [ -35.378116706999947, -6.851097407776138 ], [ -35.37812947499998, -6.851183145776131 ], [ -35.378143385999977, -6.851274715776177 ], [ -35.378151969999976, -6.851376738776131 ], [ -35.37816087899995, -6.851458897776171 ], [ -35.378162546999931, -6.851488953776126 ], [ -35.378160230999981, -6.851518706776165 ], [ -35.378152787999966, -6.851541742776114 ], [ -35.378142018999938, -6.851557903776137 ], [ -35.378126515999952, -6.851573037776162 ], [ -35.37810634899995, -6.851587075776121 ], [ -35.378081663999978, -6.851599915776134 ], [ -35.378052303999937, -6.851611569776121 ], [ -35.378019046999952, -6.851621670776161 ], [ -35.37798262699993, -6.851629983776128 ], [ -35.377945087999933, -6.851636035776132 ], [ -35.377923961999961, -6.851637552776127 ], [ -35.37790160499997, -6.851636845776147 ], [ -35.377877792999975, -6.851633909776167 ], [ -35.377852064999956, -6.851628693776128 ], [ -35.377806435999965, -6.851615679776138 ], [ -35.377679182999941, -6.851572784776162 ], [ -35.377538054999953, -6.851536075776141 ], [ -35.377475174999965, -6.851517217776159 ], [ -35.377414291999969, -6.851493658776162 ], [ -35.37738754399993, -6.851480694776156 ], [ -35.377362818999984, -6.851466736776151 ], [ -35.377329422999935, -6.85144334377616 ], [ -35.377258724999933, -6.851383992776151 ], [ -35.37722590299996, -6.851359801776133 ], [ -35.377167610999948, -6.851325455776127 ], [ -35.377067560999933, -6.851274494776127 ], [ -35.376930150999954, -6.85120721577618 ], [ -35.376794158999928, -6.851146710776163 ], [ -35.376667901999951, -6.851101801776165 ], [ -35.376639042999948, -6.851089240776155 ], [ -35.376614352999979, -6.851075857776157 ], [ -35.376577402999942, -6.851053183776176 ] ] ] } },
{ "type": "Feature", "properties": { "num_setor": "PB_MATARAC_SR_11_CPRM", "munic": "MATARACA", "grau_risco": "Muito alto", "distancia_km": 1.73, "chuva_24h": 0.0, "chuva_72h": 0.4, "fonte_estacao": "openmeteo", "codigo_estacao": "openmeteo", "nome_estacao": "Open-Meteo (célula de grade)" }, "geometry": { "type": "Polygon", "coordinates": [ [ [ -34.96632406699996, -6.595646358784347 ], [ -34.966462326999931, -6.595643283784347 ], [ -34.966483678999971, -6.594928601784345 ], [ -34.966531981999928, -6.590739748784524 ], [ -34.966987930999949, -6.590776733784531 ], [ -34.966937180999935, -6.591922274784466 ], [ -34.966924437999985, -6.59233630978445 ], [ -34.966893446999961, -6.593695470784401 ], [ -34.966822086999969, -6.59414235378438 ], [ -34.966889188999971, -6.594390322784412 ], [ -34.966928994999932, -6.594899456784365 ], [ -34.966930889999958, -6.595033794784369 ], [ -34.966767943999969, -6.595037434784357 ], [ -34.966930906999949, -6.595317820784391 ], [ -34.96676343799993, -6.595420832784345 ], [ -34.966754997999942, -6.595653334784353 ], [ -34.966582371999948, -6.595650808784346 ], [ -34.966560989999948, -6.596198051784359 ], [ -34.966292196999973, -6.596177362784364 ], [ -34.96632406699996, -6.595646358784347 ] ] ] } },
{ "type": "Feature", "properties": { "num_setor": "PB_MU_SR_01_CPRM", "munic": "MULUNGU", "grau_risco": "Alto", "distancia_km": 1.89, "chuva_24h": 0.0, "chuva_72h": 0.0, "fonte_estacao": "openmeteo", "codigo_estacao": "openmeteo", "nome_estacao": "Open-Meteo (célula de grade)" }, "geometry": { "type": "Polygon", "coordinates": [ [ [ -35.46457922899998, -7.028800658770473 ], [ -35.464635769999973, -7.028732682770451 ], [ -35.464644158999931, -7.028706690770488 ], [ -35.464649192999957, -7.028691094770465 ], [ -35.464682862999943, -7.028587263770476 ], [ -35.464694732999931, -7.028551049770506 ], [ -35.464692897999953, -7.028539043770484 ], [ -35.464707874999931, -7.028458147770497 ], [ -35.464820663999944, -7.028237211770505 ], [ -35.464827579999969, -7.028233704770467 ], [ -35.464863847999936, -7.028211005770476 ], [ -35.464905334999969, -7.028189966770491 ], [ -35.465147426999977, -7.028084413770517 ], [ -35.465183828999962, -7.028078867770505 ], [ -35.465194274999931, -7.028082180770491 ], [ -35.465376617999937, -7.028088733770474 ], [ -35.465392292999979, -7.028093703770493 ], [ -35.465918796999965, -7.028263633770461 ], [ -35.466112545999977, -7.028376649770459 ], [ -35.466138678999982, -7.028384959770456 ], [ -35.466449489999945, -7.028546676770475 ], [ -35.466716521999956, -7.028648764770483 ], [ -35.467115794999984, -7.028735704770495 ], [ -35.467536293999956, -7.028829367770465 ], [ -35.467553697999961, -7.028829178770473 ], [ -35.46785908499993, -7.028886214770461 ], [ -35.468133591999958, -7.028967760770445 ], [ -35.468180828999948, -7.028982778770445 ], [ -35.468212322999932, -7.028992790770463 ], [ -35.468416837999939, -7.029040629770454 ], [ -35.468437843999936, -7.02904730777049 ], [ -35.468469353999978, -7.029057324770448 ], [ -35.468490360999965, -7.029064002770485 ], [ -35.468684467999928, -7.029108525770469 ], [ -35.468694936999952, -7.029111879770464 ], [ -35.468726219999951, -7.029121978770474 ], [ -35.468785212999933, -7.029135291770484 ], [ -35.469001409999976, -7.029159350770477 ], [ -35.469059848999969, -7.029172745770483 ], [ -35.469114852999951, -7.029179226770432 ], [ -35.46921270699994, -7.029194004770473 ], [ -35.46923839599998, -7.029202446770437 ], [ -35.469274341999949, -7.029214259770448 ], [ -35.46930000499998, -7.029222693770445 ], [ -35.469375339999942, -7.029235886770477 ], [ -35.469397607999952, -7.029237423770481 ], [ -35.469419869999967, -7.029238961770468 ], [ -35.469445476999965, -7.029247381770443 ], [ -35.469561566999971, -7.029274001770473 ], [ -35.469587116999953, -7.029282405770437 ], [ -35.469612656999971, -7.029290805770449 ], [ -35.469698732999973, -7.029371017770456 ], [ -35.46973100699995, -7.029508252770455 ], [ -35.469683829999951, -7.029647664770458 ], [ -35.469643683999948, -7.029668668770421 ], [ -35.469558434999961, -7.02972090277043 ], [ -35.469392064999965, -7.029699282770451 ], [ -35.469377751999957, -7.02969470977043 ], [ -35.469250095999939, -7.029673701770456 ], [ -35.469120777999926, -7.029668051770467 ], [ -35.469096683999965, -7.02966827477044 ], [ -35.468962039999951, -7.029664839770438 ], [ -35.468946458999937, -7.02966383077043 ], [ -35.468917723999937, -7.029666538770442 ], [ -35.468903301999944, -7.029661949770426 ], [ -35.468701573999965, -7.029657328770464 ], [ -35.468696784999963, -7.029659776770441 ], [ -35.46866426899993, -7.029661396770418 ], [ -35.468583250999984, -7.029651698770433 ], [ -35.46856503299994, -7.029645953770423 ], [ -35.468561387999955, -7.029644803770419 ], [ -35.468498392999955, -7.02964078477046 ], [ -35.468482656999981, -7.029639764770446 ], [ -35.468372715999969, -7.029656593770449 ], [ -35.468353338999975, -7.02965440677044 ], [ -35.468344896999952, -7.029655694770471 ], [ -35.468289190999947, -7.029641884770428 ], [ -35.468271013999981, -7.02963607777044 ], [ -35.468263743999955, -7.029633755770441 ], [ -35.46822012399997, -7.029619821770462 ], [ -35.468201950999976, -7.029614016770469 ], [ -35.468129264999952, -7.029590799770433 ], [ -35.468108618999963, -7.029580227770423 ], [ -35.468046549999933, -7.02953652177044 ], [ -35.468044080999952, -7.029531751770462 ], [ -35.467930100999979, -7.029487405770423 ], [ -35.467921665999938, -7.029488694770439 ], [ -35.467852752999939, -7.029478641770456 ], [ -35.467740521999929, -7.029478643770436 ], [ -35.467689184999983, -7.029525942770455 ], [ -35.467691791999975, -7.029542695770457 ], [ -35.467695839999976, -7.02957980877042 ], [ -35.467697143999942, -7.029588184770459 ], [ -35.467700718999936, -7.029688818770431 ], [ -35.467716180999957, -7.029769664770433 ], [ -35.467730524999986, -7.02987622077042 ], [ -35.467732937999983, -7.029884637770424 ], [ -35.46774282299998, -7.030012689770462 ], [ -35.467741410999963, -7.030024983770452 ], [ -35.467757269999936, -7.030134555770426 ], [ -35.467760508999959, -7.030148335770448 ], [ -35.467784507999966, -7.030296208770438 ], [ -35.467784590999948, -7.030303882770405 ], [ -35.467813800999977, -7.030499254770406 ], [ -35.467813162999953, -7.030509211770429 ], [ -35.467836943999941, -7.030658637770439 ], [ -35.467839382999962, -7.030666994770389 ], [ -35.467841904999943, -7.030794253770402 ], [ -35.467851138999947, -7.030860862770382 ], [ -35.467851220999933, -7.030868535770411 ], [ -35.467874121999962, -7.030995587770386 ], [ -35.467901512999958, -7.031116174770411 ], [ -35.467902335999959, -7.031121513770396 ], [ -35.467925399999963, -7.031199903770394 ], [ -35.46792316799997, -7.031206789770389 ], [ -35.467898915999967, -7.031312964770367 ], [ -35.467895939999948, -7.031322131770397 ], [ -35.467787277999946, -7.031421528770374 ], [ -35.467777375999958, -7.03142849177041 ], [ -35.467729203999966, -7.031451222770414 ], [ -35.467723828999958, -7.031452056770402 ], [ -35.467671692999943, -7.031471061770417 ], [ -35.467589298999933, -7.031412891770372 ], [ -35.467544677999967, -7.031373749770381 ], [ -35.467495262999932, -7.031356018770369 ], [ -35.467467320999958, -7.031351178770394 ], [ -35.467440335999981, -7.031346454770385 ], [ -35.467384861999953, -7.031345846770398 ], [ -35.467355634999933, -7.031361213770397 ], [ -35.467261766999961, -7.031341565770414 ], [ -35.467249376999973, -7.031340167770366 ], [ -35.467149341999971, -7.031308280770389 ], [ -35.467138560999956, -7.031309926770374 ], [ -35.467007189999954, -7.031273964770408 ], [ -35.466906826999946, -7.031246207770414 ], [ -35.466845452999962, -7.031408492770392 ], [ -35.466835127999957, -7.031458095770365 ], [ -35.46682212799994, -7.031568589770379 ], [ -35.466812954999966, -7.0315915557704 ], [ -35.466804092999951, -7.031610507770398 ], [ -35.466790764999985, -7.031621028770376 ], [ -35.466713872999939, -7.031690051770354 ], [ -35.466694601999961, -7.031703600770372 ], [ -35.46668415299996, -7.0317051947704 ], [ -35.466556057999981, -7.031748079770368 ], [ -35.466547042999935, -7.031745211770401 ], [ -35.466503794999937, -7.031756054770383 ], [ -35.466405179999981, -7.031754137770363 ], [ -35.466379837999966, -7.031755887770391 ], [ -35.466354496999948, -7.031757637770352 ], [ -35.466334604999922, -7.031787616770385 ], [ -35.466319881999937, -7.03181496777036 ], [ -35.466311141999945, -7.031823831770348 ], [ -35.466304588999954, -7.031843080770395 ], [ -35.466267744999982, -7.031957144770401 ], [ -35.466255469999957, -7.031995156770342 ], [ -35.466184084999952, -7.032063291770386 ], [ -35.46616106099998, -7.032090901770349 ], [ -35.466142127999944, -7.032105842770366 ], [ -35.466046925999933, -7.032138488770388 ], [ -35.466010832999984, -7.032141006770358 ], [ -35.465859525999974, -7.032106960770363 ], [ -35.465823507999964, -7.032109422770362 ], [ -35.46565602499993, -7.032104733770385 ], [ -35.465634835999936, -7.032104940770357 ], [ -35.465613645999952, -7.032105148770372 ], [ -35.465465174999963, -7.032085510770352 ], [ -35.465431248999948, -7.032081625770388 ], [ -35.465358032999973, -7.032070881770383 ], [ -35.465226882999957, -7.032076801770361 ], [ -35.465143912999963, -7.032101043770358 ], [ -35.465136805999975, -7.032113688770387 ], [ -35.465132328999971, -7.03211822577038 ], [ -35.46509845199995, -7.032167074770377 ], [ -35.465089497999941, -7.032176150770339 ], [ -35.465083265999965, -7.032186095770387 ], [ -35.465016892999984, -7.032242487770357 ], [ -35.465011536999953, -7.032249730770388 ], [ -35.465001701999938, -7.03226151277039 ], [ -35.464988267999956, -7.032275129770367 ], [ -35.464915560999941, -7.032332497770373 ], [ -35.464905723999948, -7.032344282770339 ], [ -35.464901244999972, -7.032348822770357 ], [ -35.464895007999985, -7.032358772770348 ], [ -35.464859171999933, -7.032395095770362 ], [ -35.46484389099993, -7.032405140770372 ], [ -35.464830368999969, -7.032409774770366 ], [ -35.464825889999929, -7.032414314770327 ], [ -35.464770926999968, -7.032435552770372 ], [ -35.464756525999974, -7.032442891770354 ], [ -35.464701514999938, -7.032464149770358 ], [ -35.464687952999952, -7.032468799770349 ], [ -35.464649245999965, -7.032495293770341 ], [ -35.464642025999979, -7.032498971770329 ], [ -35.46462123799995, -7.032507301770348 ], [ -35.464614888999961, -7.032508276770374 ], [ -35.464586624999981, -7.032502338770363 ], [ -35.464576535999981, -7.032496176770334 ], [ -35.464568811999982, -7.032463942770324 ], [ -35.464569557999944, -7.032452258770369 ], [ -35.464583508999965, -7.03240897577035 ], [ -35.464585252999939, -7.032403564770388 ], [ -35.464611914999978, -7.032358328770386 ], [ -35.464612786999972, -7.032355622770348 ], [ -35.46466487899994, -7.032240877770332 ], [ -35.464701153999954, -7.032165839770355 ], [ -35.464704766999944, -7.032164003770397 ], [ -35.464749027999972, -7.032073570770363 ], [ -35.46479627399998, -7.032001995770382 ], [ -35.464803497999981, -7.031998325770369 ], [ -35.464983882999945, -7.031972326770364 ], [ -35.465066258999968, -7.031959865770381 ], [ -35.465070737999952, -7.031955327770396 ], [ -35.465100020999955, -7.031901991770396 ], [ -35.465102011999939, -7.031839885770365 ], [ -35.465102886999944, -7.0318371787704 ], [ -35.465121193999948, -7.031696543770365 ], [ -35.46511510199997, -7.031640714770413 ], [ -35.465134177999971, -7.03143519877036 ], [ -35.46513921199994, -7.031419616770358 ], [ -35.465179304999936, -7.031277592770409 ], [ -35.465187748999938, -7.03125155077041 ], [ -35.465191200999982, -7.031080304770382 ], [ -35.465190851999985, -7.031045735770396 ], [ -35.465172375999941, -7.030942250770392 ], [ -35.465038978999978, -7.030853735770384 ], [ -35.465023261999931, -7.030848725770383 ], [ -35.464900925999984, -7.030798246770406 ], [ -35.464679610999951, -7.030750650770407 ], [ -35.464641312999959, -7.03074417777042 ], [ -35.464620391999972, -7.030737507770418 ], [ -35.464472316999945, -7.030696033770418 ], [ -35.464444503999964, -7.030692900770413 ], [ -35.46427061299994, -7.030660385770426 ], [ -35.464249723999963, -7.030653724770441 ], [ -35.464221937999973, -7.030650595770392 ], [ -35.46418539299998, -7.0306389417704 ], [ -35.464034050999942, -7.030590677770414 ], [ -35.46400796699993, -7.030582358770403 ], [ -35.463992317999953, -7.030577368770424 ], [ -35.46384108899997, -7.030529139770405 ], [ -35.463799331999951, -7.030515820770404 ], [ -35.463794107999945, -7.030514154770403 ], [ -35.463570847999961, -7.030385687770432 ], [ -35.463551070999976, -7.03028781577041 ], [ -35.463557031999983, -7.03019812677042 ], [ -35.463765317999957, -7.029623761770461 ], [ -35.463870850999967, -7.029457001770451 ], [ -35.46392649499996, -7.029320087770466 ], [ -35.463929845999928, -7.029309698770454 ], [ -35.463973960999958, -7.02922636577044 ], [ -35.463985874999935, -7.029207243770467 ], [ -35.464022553999932, -7.029075684770463 ], [ -35.464034470999934, -7.029056556770443 ], [ -35.464041359999953, -7.029053018770455 ], [ -35.464073576999965, -7.028988772770496 ], [ -35.464191944999989, -7.028946573770492 ], [ -35.464198904999932, -7.028943085770479 ], [ -35.464356389999978, -7.028901595770483 ], [ -35.464537987999961, -7.028839106770469 ], [ -35.464544893999971, -7.028835575770468 ], [ -35.46457922899998, -7.028800658770473 ] ] ] } },
{ "type": "Feature", "properties": { "num_setor": "PB_MATARAC_SR_10_CPRM", "munic": "MATARACA", "grau_risco": "Alto", "distancia_km": 1.45, "chuva_24h": 0.0, "chuva_72h": 0.1, "fonte_estacao": "openmeteo", "codigo_estacao": "openmeteo", "nome_estacao": "Open-Meteo (célula de grade)" }, "geometry": { "type": "Polygon", "coordinates": [ [ [ -35.058052160999971, -6.585698387784684 ], [ -35.058241334999934, -6.585725646784662 ], [ -35.057988226999953, -6.586473385784659 ], [ -35.057407258999945, -6.586321815784652 ], [ -35.05746445099993, -6.586117311784646 ], [ -35.05763395799994, -6.585973729784689 ], [ -35.057908514999944, -6.586088780784647 ], [ -35.058052160999971, -6.585698387784684 ] ] ] } },
{ "type": "Feature", "properties": { "num_setor": "PB_SAOJOAO1_SR_4_CPRM", "munic": "SÃO JOÃO DO RIO DO PEIXE", "grau_risco": "Alto", "distancia_km": 1.48, "chuva_24h": 0.0, "chuva_72h": 0.0, "fonte_estacao": "openmeteo", "codigo_estacao": "openmeteo", "nome_estacao": "Open-Meteo (célula de grade)" }, "geometry": { "type": "Polygon", "coordinates": [ [ [ -38.449532688999959, -6.723802693780257 ], [ -38.449482442999965, -6.723434992780255 ], [ -38.449412484999982, -6.722492132780276 ], [ -38.449322630999973, -6.721856792780322 ], [ -38.450612403999969, -6.721886414780319 ], [ -38.450601726999935, -6.723425065780243 ], [ -38.449892180999939, -6.723454841780269 ], [ -38.449822668999957, -6.723822608780258 ], [ -38.449532688999959, -6.723802693780257 ] ] ] } },
{ "type": "Feature", "properties": { "num_setor": "PB_MU_SR_04_CPRM", "munic": "MULUNGU", "grau_risco": "Alto", "distancia_km": 1.78, "chuva_24h": 0.0, "chuva_72h": 0.0, "fonte_estacao": "openmeteo", "codigo_estacao": "openmeteo", "nome_estacao": "Open-Meteo (célula de grade)" }, "geometry": { "type": "Polygon", "coordinates": [ [ [ -35.460964333999982, -7.029606531770439 ], [ -35.460751240999976, -7.02934282477046 ], [ -35.460579226999982, -7.029105803770436 ], [ -35.460507707999966, -7.028940277770449 ], [ -35.460474422999944, -7.028815220770467 ], [ -35.460486435999947, -7.02866934077048 ], [ -35.460509650999931, -7.028535479770485 ], [ -35.460509378999966, -7.028413464770503 ], [ -35.460486254999978, -7.028288920770486 ], [ -35.460489453999969, -7.028205676770498 ], [ -35.460575047999953, -7.028137197770509 ], [ -35.460835049999957, -7.028041059770509 ], [ -35.46101772399993, -7.02801311477051 ], [ -35.461022062999973, -7.028281105770489 ], [ -35.461231454999961, -7.028734405770473 ], [ -35.461497770999983, -7.02917156077045 ], [ -35.461708419999979, -7.029613497770439 ], [ -35.461545007999973, -7.02979135477042 ], [ -35.461208952999982, -7.029865992770416 ], [ -35.460964333999982, -7.029606531770439 ] ] ] } },
{ "type": "Feature", "properties": { "num_setor": "PB_NAT_SR_01_CPRM", "munic": "NATUBA", "grau_risco": "Alto", "distancia_km": 1.52, "chuva_24h": 0.5, "chuva_72h": 1.2, "fonte_estacao": "openmeteo", "codigo_estacao": "openmeteo", "nome_estacao": "Open-Meteo (célula de grade)" }, "geometry": { "type": "Polygon", "coordinates": [ [ [ -35.550840022999971, -7.641208185750951 ], [ -35.550711424999974, -7.641221861750934 ], [ -35.550256284999932, -7.641320981750947 ], [ -35.549981177999932, -7.641363460750944 ], [ -35.549896218999947, -7.641442352750919 ], [ -35.549799121999968, -7.641539448750911 ], [ -35.549709, -7.641600999750948 ], [ -35.54965954599993, -7.64165070575092 ], [ -35.549552334999937, -7.641731619750939 ], [ -35.549420849999933, -7.641897491750904 ], [ -35.549312, -7.641934999750896 ], [ -35.54925295399994, -7.641931880750914 ], [ -35.549155857999949, -7.641895469750908 ], [ -35.549113377999959, -7.641834783750928 ], [ -35.54911135499998, -7.64179837275094 ], [ -35.549095171999966, -7.641713413750947 ], [ -35.54910124099996, -7.64162845375091 ], [ -35.549107308999965, -7.641565745750938 ], [ -35.549093149999983, -7.641432237750911 ], [ -35.549072920999947, -7.641296706750961 ], [ -35.549074943999983, -7.641179382750934 ], [ -35.549113377999959, -7.641120719750937 ], [ -35.549174062999946, -7.641086331750918 ], [ -35.549273181999979, -7.641060034750934 ], [ -35.54935814199996, -7.641051942750971 ], [ -35.549414780999939, -7.641066102750941 ], [ -35.549487603999978, -7.64109644575093 ], [ -35.549602905999961, -7.641118696750953 ], [ -35.549693934999937, -7.64112678875093 ], [ -35.549811258999966, -7.641066102750941 ], [ -35.549886103999938, -7.64103980575097 ], [ -35.550017589999982, -7.640922480750958 ], [ -35.550175370999966, -7.640849658750968 ], [ -35.550292695999929, -7.640786950750936 ], [ -35.550373609999959, -7.640772790750955 ], [ -35.550484866999966, -7.640728287750929 ], [ -35.550660853999936, -7.640647373750968 ], [ -35.550879320999961, -7.640610963750968 ], [ -35.550946074999949, -7.640619054750945 ], [ -35.551107902999945, -7.640623099750981 ], [ -35.551207021999971, -7.640637259750949 ], [ -35.551364803999945, -7.640665579750966 ], [ -35.551532699999932, -7.640693899750974 ], [ -35.551842194999956, -7.640748516750956 ], [ -35.552173941999968, -7.640788973750977 ], [ -35.55239847799993, -7.64081122475093 ], [ -35.552546144999951, -7.640886069750954 ], [ -35.552697858999977, -7.640930572750924 ], [ -35.552801023999962, -7.640944732750961 ], [ -35.553120633999981, -7.64090427575095 ], [ -35.553347191999933, -7.640918434750941 ], [ -35.553557567999967, -7.640944732750961 ], [ -35.553687030999981, -7.640987211750957 ], [ -35.55374366999996, -7.641033737750965 ], [ -35.553747714999922, -7.641155107750953 ], [ -35.553711303999933, -7.641266364750958 ], [ -35.553650618999932, -7.641464603750936 ], [ -35.55354, -7.641539999750934 ], [ -35.553343146999964, -7.641470671750944 ], [ -35.552922394999932, -7.641412008750945 ], [ -35.552426797999942, -7.641353347750914 ], [ -35.551939291999929, -7.641316935750934 ], [ -35.551854246999937, -7.641307207750918 ], [ -35.550917, -7.641199999750953 ], [ -35.550840022999971, -7.641208185750951 ] ] ] } },
{ "type": "Feature", "properties": { "num_setor": "PB_MU_SR_02_CPRM", "munic": "MULUNGU", "grau_risco": "Alto", "distancia_km": 1.99, "chuva_24h": 0.0, "chuva_72h": 0.0, "fonte_estacao": "openmeteo", "codigo_estacao": "openmeteo", "nome_estacao": "Open-Meteo (célula de grade)" }, "geometry": { "type": "Polygon", "coordinates": [ [ [ -35.466872151999958, -7.031370514770375 ], [ -35.466916341999934, -7.031263109770383 ], [ -35.467088659999952, -7.031321219770374 ], [ -35.46716972499997, -7.03133465877042 ], [ -35.467357991999961, -7.031372419770404 ], [ -35.46739440999994, -7.031354372770378 ], [ -35.467498650999978, -7.031369838770418 ], [ -35.467568768999961, -7.031404267770397 ], [ -35.467612102999965, -7.031439751770362 ], [ -35.467593831999977, -7.031578720770388 ], [ -35.467607529999952, -7.031679168770398 ], [ -35.467632869999939, -7.031791068770374 ], [ -35.467641252999954, -7.031820384770366 ], [ -35.467658205999953, -7.031849768770379 ], [ -35.46773326299995, -7.031936924770387 ], [ -35.467802001999985, -7.032033682770361 ], [ -35.467951049999954, -7.032134212770361 ], [ -35.467991287999951, -7.03227288977035 ], [ -35.468027620999976, -7.032481687770364 ], [ -35.467991838999971, -7.032606381770326 ], [ -35.467958318999933, -7.03267644677037 ], [ -35.467880566999952, -7.032788003770331 ], [ -35.46777629099995, -7.032921401770328 ], [ -35.467679094999937, -7.032984304770343 ], [ -35.467672336999954, -7.032992370770365 ], [ -35.467656817999966, -7.033005710770313 ], [ -35.467652371999975, -7.03301102577033 ], [ -35.467596551999975, -7.033050264770311 ], [ -35.46751747299993, -7.033118754770356 ], [ -35.467468658999962, -7.033138405770353 ], [ -35.467458274999956, -7.033138360770322 ], [ -35.467408423999984, -7.033138143770342 ], [ -35.467373767999952, -7.033095473770316 ], [ -35.467348773999966, -7.03309282477031 ], [ -35.467298855999957, -7.033061860770347 ], [ -35.467286761999958, -7.033054029770346 ], [ -35.467263226999933, -7.033027740770342 ], [ -35.467255232999946, -7.033019768770346 ], [ -35.467246012999965, -7.03299838377032 ], [ -35.467244232999974, -7.032992997770321 ], [ -35.467223547999929, -7.032943722770347 ], [ -35.467195854999943, -7.032926875770362 ], [ -35.467143488999966, -7.032896614770356 ], [ -35.467113464999947, -7.032872961770327 ], [ -35.467105751999945, -7.032870775770369 ], [ -35.467092309999941, -7.032864231770339 ], [ -35.467047914999966, -7.032831173770353 ], [ -35.467042054999986, -7.032826711770361 ], [ -35.467004583999937, -7.032779171770335 ], [ -35.46699654899993, -7.03277224977033 ], [ -35.466956110999945, -7.032758217770363 ], [ -35.466903185999968, -7.032746350770352 ], [ -35.466888815999937, -7.032741605770336 ], [ -35.46687032899996, -7.032736830770358 ], [ -35.466859943999957, -7.032732073770356 ], [ -35.466844877999961, -7.032715401770342 ], [ -35.466836317999935, -7.032708193770343 ], [ -35.466827465999984, -7.032696131770352 ], [ -35.466825402999973, -7.032696123770324 ], [ -35.466813440999942, -7.032666843770343 ], [ -35.46680856699993, -7.032654487770334 ], [ -35.466796296, -7.032624445770343 ], [ -35.466791764999982, -7.032619373770376 ], [ -35.466784778999966, -7.032609192770321 ], [ -35.466766056999965, -7.032583458770364 ], [ -35.466752298999943, -7.032570420770346 ], [ -35.466736280999953, -7.032557270770373 ], [ -35.46668092699997, -7.032517161770378 ], [ -35.466676063999955, -7.032511753770326 ], [ -35.466638033999971, -7.032481645770356 ], [ -35.466625843999964, -7.032470573770341 ], [ -35.466596780999964, -7.03244819177035 ], [ -35.466533762999973, -7.032425344770386 ], [ -35.466520331999959, -7.032425276770366 ], [ -35.466498973999933, -7.032416642770378 ], [ -35.466484675999936, -7.032410862770346 ], [ -35.466477085999941, -7.03240509877036 ], [ -35.466455986999961, -7.032384802770363 ], [ -35.466446035999986, -7.032364331770335 ], [ -35.466428561999976, -7.032325686770375 ], [ -35.466419730999974, -7.03231360877038 ], [ -35.46636473299997, -7.032248798770354 ], [ -35.466265077999935, -7.032171614770391 ], [ -35.466224448999981, -7.03212518677037 ], [ -35.466200389999983, -7.032067407770347 ], [ -35.466262443999938, -7.032007904770357 ], [ -35.466310741999962, -7.031864143770359 ], [ -35.466356067999982, -7.031780982770401 ], [ -35.46636812099996, -7.031773130770393 ], [ -35.466453885999954, -7.031773601770354 ], [ -35.466520090999957, -7.031770086770348 ], [ -35.466703934999941, -7.031710426770378 ], [ -35.466816319999957, -7.03162405577037 ], [ -35.466831107999951, -7.031547837770367 ], [ -35.466872151999958, -7.031370514770375 ] ] ] } },
{ "type": "Feature", "properties": { "num_setor": "PB_MU_SR_03_CPRM", "munic": "MULUNGU", "grau_risco": "Alto", "distancia_km": 1.69, "chuva_24h": 0.0, "chuva_72h": 0.0, "fonte_estacao": "openmeteo", "codigo_estacao": "openmeteo", "nome_estacao": "Open-Meteo (célula de grade)" }, "geometry": { "type": "Polygon", "coordinates": [ [ [ -35.46110722099997, -7.028246034770478 ], [ -35.461082121999944, -7.027858492770484 ], [ -35.461284485999954, -7.027250441770536 ], [ -35.461524248999986, -7.026865881770561 ], [ -35.461822514999938, -7.026483179770547 ], [ -35.461931210999978, -7.025998075770559 ], [ -35.461906212999963, -7.025587210770578 ], [ -35.461621543999968, -7.025108369770576 ], [ -35.461447063999977, -7.024529689770604 ], [ -35.461285006999958, -7.024183998770615 ], [ -35.461054613999977, -7.023868789770616 ], [ -35.460770996999933, -7.023336209770661 ], [ -35.46053439099996, -7.022985627770664 ], [ -35.460421114999974, -7.022304679770659 ], [ -35.460515808999951, -7.022032923770711 ], [ -35.460790025999984, -7.021725743770728 ], [ -35.462265326999955, -7.021910508770692 ], [ -35.462844104999931, -7.022664154770689 ], [ -35.46356450199994, -7.023229445770658 ], [ -35.464411304999942, -7.024519542770595 ], [ -35.46398824399995, -7.026351367770548 ], [ -35.464359885999961, -7.027991900770494 ], [ -35.463756908999976, -7.029489709770446 ], [ -35.463618428999951, -7.029372415770445 ], [ -35.463577920999967, -7.029278661770472 ], [ -35.463550919999932, -7.029198318770441 ], [ -35.463466572999948, -7.029044382770441 ], [ -35.463310583999942, -7.028956020770456 ], [ -35.463172932999953, -7.028904706770496 ], [ -35.463026777999971, -7.028959871770493 ], [ -35.462781981999967, -7.028840356770499 ], [ -35.462512684999979, -7.02871393277047 ], [ -35.462357342999951, -7.028625306770495 ], [ -35.462177697999941, -7.028846661770493 ], [ -35.462068940999984, -7.028892621770455 ], [ -35.461512694999954, -7.029040672770452 ], [ -35.461277185999961, -7.028643144770454 ], [ -35.46110722099997, -7.028246034770478 ] ] ] } },
{ "type": "Feature", "properties": { "num_setor": "PB_MATARAC_SR_04_CPRM", "munic": "MATARACA", "grau_risco": "Muito alto", "distancia_km": 1.53, "chuva_24h": 0.0, "chuva_72h": 0.2, "fonte_estacao": "openmeteo", "codigo_estacao": "openmeteo", "nome_estacao": "Open-Meteo (célula de grade)" }, "geometry": { "type": "Polygon", "coordinates": [ [ [ -35.048707131999947, -6.600821472784173 ], [ -35.048575516999954, -6.600810443784169 ], [ -35.04846938999998, -6.600782932784188 ], [ -35.04832475999995, -6.600709124784221 ], [ -35.047780101999933, -6.600520009784214 ], [ -35.047290184999945, -6.60044342378418 ], [ -35.047307313999966, -6.600381675784178 ], [ -35.047311996999952, -6.600292031784223 ], [ -35.047787679999942, -6.600373768784179 ], [ -35.048394597999959, -6.600556681784176 ], [ -35.049030875999961, -6.600739670784169 ], [ -35.049003581999962, -6.600873242784196 ], [ -35.048707131999947, -6.600821472784173 ] ] ] } },
{ "type": "Feature", "properties": { "num_setor": "PB_MATARAC_SR_05_CPRM", "munic": "MATARACA", "grau_risco": "Muito alto", "distancia_km": 1.32, "chuva_24h": 0.0, "chuva_72h": 0.2, "fonte_estacao": "openmeteo", "codigo_estacao": "openmeteo", "nome_estacao": "Open-Meteo (célula de grade)" }, "geometry": { "type": "Polygon", "coordinates": [ [ [ -35.044900882999968, -6.599147140784231 ], [ -35.044657873999938, -6.599005403784258 ], [ -35.044547439999967, -6.598959848784219 ], [ -35.044634021999968, -6.59875686178426 ], [ -35.045003289999954, -6.599004699784262 ], [ -35.04533282199997, -6.599206907784214 ], [ -35.045755712999949, -6.599336197784226 ], [ -35.046501207999931, -6.599748300784247 ], [ -35.046298941999964, -6.599980547784221 ], [ -35.046109354999942, -6.599754854784228 ], [ -35.045825855999972, -6.599597400784194 ], [ -35.045362272999967, -6.599422849784215 ], [ -35.045357224999975, -6.599427478784206 ], [ -35.044900882999968, -6.599147140784231 ] ] ] } },
{ "type": "Feature", "properties": { "num_setor": "PB_MATARAC_SR_01_CPRM", "munic": "MATARACA", "grau_risco": "Alto", "distancia_km": 1.52, "chuva_24h": 0.0, "chuva_72h": 0.1, "fonte_estacao": "openmeteo", "codigo_estacao": "openmeteo", "nome_estacao": "Open-Meteo (célula de grade)" }, "geometry": { "type": "Polygon", "coordinates": [ [ [ -35.049140482999974, -6.601653643784164 ], [ -35.04944508899996, -6.601115414784208 ], [ -35.050018764999948, -6.601340376784143 ], [ -35.05049502199995, -6.601654687784149 ], [ -35.050624796999955, -6.601597399784157 ], [ -35.052517856999941, -6.602595064784123 ], [ -35.052370583999959, -6.602878492784101 ], [ -35.054123986999976, -6.603589380784095 ], [ -35.054827049999972, -6.60362318678407 ], [ -35.054872686999936, -6.603784586784087 ], [ -35.054645388999973, -6.60385263578408 ], [ -35.054634423999971, -6.60385123378407 ], [ -35.054328827999939, -6.603871173784086 ], [ -35.053418337999972, -6.603675701784115 ], [ -35.050145242999974, -6.602137278784169 ], [ -35.049963862999959, -6.602626583784125 ], [ -35.049336064999977, -6.602352370784122 ], [ -35.049520282999936, -6.60187934478413 ], [ -35.049140482999974, -6.601653643784164 ] ] ] } },
{ "type": "Feature", "properties": { "num_setor": "PB_MATARAC_SR_03_CPRM", "munic": "MATARACA", "grau_risco": "Muito alto", "distancia_km": 1.7, "chuva_24h": 0.0, "chuva_72h": 0.1, "fonte_estacao": "openmeteo", "codigo_estacao": "openmeteo", "nome_estacao": "Open-Meteo (célula de grade)" }, "geometry": { "type": "Polygon", "coordinates": [ [ [ -35.050723634999947, -6.598175624784271 ], [ -35.050985035999929, -6.598162401784275 ], [ -35.050872206999941, -6.598983554784255 ], [ -35.050600549999956, -6.600606221784195 ], [ -35.050311563999969, -6.60051872178419 ], [ -35.050160524999967, -6.600952480784203 ], [ -35.049906435999958, -6.600872410784188 ], [ -35.050188507999962, -6.599820232784206 ], [ -35.050393179999965, -6.599432892784247 ], [ -35.05048953599993, -6.599067930784269 ], [ -35.050554022999968, -6.598724352784266 ], [ -35.05071315899994, -6.598751364784245 ], [ -35.050723634999947, -6.598175624784271 ] ] ] } },
{ "type": "Feature", "properties": { "num_setor": "PB_MATARAC_SR_08_CPRM", "munic": "MATARACA", "grau_risco": "Muito alto", "distancia_km": 1.33, "chuva_24h": 0.0, "chuva_72h": 0.1, "fonte_estacao": "openmeteo", "codigo_estacao": "openmeteo", "nome_estacao": "Open-Meteo (célula de grade)" }, "geometry": { "type": "Polygon", "coordinates": [ [ [ -35.058961515999954, -6.584953289784678 ], [ -35.059134565999955, -6.585029868784665 ], [ -35.059129305999932, -6.585292928784662 ], [ -35.059363933999975, -6.585206329784681 ], [ -35.059608222999941, -6.585894242784639 ], [ -35.059659358999966, -6.58609013878467 ], [ -35.059490591999975, -6.586134503784674 ], [ -35.059556310999945, -6.586322299784652 ], [ -35.059323812999935, -6.586420577784645 ], [ -35.058943580999937, -6.585359495784695 ], [ -35.058961515999954, -6.584953289784678 ] ] ] } },
{ "type": "Feature", "properties": { "num_setor": "PB_MATARAC_SR_09_CPRM", "munic": "MATARACA", "grau_risco": "Alto", "distancia_km": 1.16, "chuva_24h": 0.0, "chuva_72h": 0.1, "fonte_estacao": "openmeteo", "codigo_estacao": "openmeteo", "nome_estacao": "Open-Meteo (célula de grade)" }, "geometry": { "type": "Polygon", "coordinates": [ [ [ -35.060502482999944, -6.584692533784698 ], [ -35.060111652999979, -6.584647801784699 ], [ -35.060121650999974, -6.584551983784727 ], [ -35.060532954999921, -6.584583028784687 ], [ -35.060748690999958, -6.584681397784677 ], [ -35.060744557999953, -6.584686078784684 ], [ -35.06066991299997, -6.584793379784705 ], [ -35.060502482999944, -6.584692533784698 ] ] ] } },
{ "type": "Feature", "properties": { "num_setor": "PB_MATARAC_SR_06_CPRM", "munic": "MATARACA", "grau_risco": "Alto", "distancia_km": 1.45, "chuva_24h": 0.0, "chuva_72h": 0.1, "fonte_estacao": "openmeteo", "codigo_estacao": "openmeteo", "nome_estacao": "Open-Meteo (célula de grade)" }, "geometry": { "type": "Polygon", "coordinates": [ [ [ -35.063415507999935, -6.587555288784628 ], [ -35.063518708999936, -6.587507949784636 ], [ -35.063411954999928, -6.587335816784608 ], [ -35.063559650999927, -6.587204644784605 ], [ -35.063616436999951, -6.587335128784604 ], [ -35.063677465999945, -6.587473458784631 ], [ -35.063587078999944, -6.587524159784593 ], [ -35.063728783999977, -6.587794859784625 ], [ -35.063858213999936, -6.587759427784627 ], [ -35.064162457999934, -6.588018683784603 ], [ -35.064323357999967, -6.588411977784586 ], [ -35.064919625999948, -6.588178592784592 ], [ -35.064985357999944, -6.58834825378456 ], [ -35.064291676999972, -6.588616995784549 ], [ -35.064205982999965, -6.588394554784617 ], [ -35.064065667999955, -6.58806806578459 ], [ -35.063956513999983, -6.587950660784625 ], [ -35.063823049999939, -6.587995523784598 ], [ -35.063752357999938, -6.587908554784603 ], [ -35.063553915999925, -6.58796339778459 ], [ -35.063415507999935, -6.587555288784628 ] ] ] } },
{ "type": "Feature", "properties": { "num_setor": "PB_MATARAC_SR_07_CPRM", "munic": "MATARACA", "grau_risco": "Muito alto", "distancia_km": 1.54, "chuva_24h": 0.0, "chuva_72h": 0.1, "fonte_estacao": "openmeteo", "codigo_estacao": "openmeteo", "nome_estacao": "Open-Meteo (célula de grade)" }, "geometry": { "type": "Polygon", "coordinates": [ [ [ -35.059710881999933, -6.588751724784574 ], [ -35.059772402999954, -6.5883831127846 ], [ -35.059588702999974, -6.588351074784571 ], [ -35.059567099999981, -6.587984391784595 ], [ -35.059507476999954, -6.587462338784621 ], [ -35.05946102799993, -6.58714083278465 ], [ -35.059783745999937, -6.587111604784635 ], [ -35.05998141699996, -6.587112925784646 ], [ -35.060063654999965, -6.587556137784629 ], [ -35.060079267999981, -6.587892035784621 ], [ -35.060079342999984, -6.58789684678462 ], [ -35.060086027999944, -6.588452197784603 ], [ -35.060026673999971, -6.5887724537846 ], [ -35.059974113999942, -6.588873181784547 ], [ -35.059710881999933, -6.588751724784574 ] ] ] } },
{ "type": "Feature", "properties": { "num_setor": "PB_JOAOPES_SR_61_CPRM", "munic": "JOÃO PESSOA", "grau_risco": "Muito alto", "distancia_km": 1.48, "chuva_24h": 0.0, "chuva_72h": 1.0, "fonte_estacao": "openmeteo", "codigo_estacao": "openmeteo", "nome_estacao": "Open-Meteo (célula de grade)" }, "geometry": { "type": "Polygon", "coordinates": [ [ [ -34.836244613999952, -7.127255938767323 ], [ -34.836383354999953, -7.127232643767321 ], [ -34.83635475899996, -7.127026026767326 ], [ -34.83669245699997, -7.126992581767338 ], [ -34.836740102999954, -7.126491893767361 ], [ -34.837122487999977, -7.126500790767347 ], [ -34.83712854099997, -7.126620259767369 ], [ -34.836938306999976, -7.126639749767373 ], [ -34.836753771999952, -7.127599026767336 ], [ -34.836281568999937, -7.127642358767295 ], [ -34.836244613999952, -7.127255938767323 ] ] ] } },
{ "type": "Feature", "properties": { "num_setor": "PB_MATARAC_SR_02_CPRM", "munic": "MATARACA", "grau_risco": "Muito alto", "distancia_km": 1.26, "chuva_24h": 0.0, "chuva_72h": 0.1, "fonte_estacao": "openmeteo", "codigo_estacao": "openmeteo", "nome_estacao": "Open-Meteo (célula de grade)" }, "geometry": { "type": "Polygon", "coordinates": [ [ [ -35.054175133999934, -6.602273467784149 ], [ -35.05440865199995, -6.601652316784158 ], [ -35.054410538999939, -6.600523840784173 ], [ -35.054585492999934, -6.600537141784192 ], [ -35.054636157999937, -6.601181210784149 ], [ -35.05456152499994, -6.601951446784173 ], [ -35.054226964999941, -6.60256258978411 ], [ -35.05394075199996, -6.602982677784101 ], [ -35.053009004999979, -6.602381487784116 ], [ -35.053863770999953, -6.600640241784174 ], [ -35.053998709999973, -6.600757731784215 ], [ -35.053256738999949, -6.602231403784144 ], [ -35.053886447999957, -6.602690588784136 ], [ -35.054175133999934, -6.602273467784149 ] ] ] } },
{ "type": "Feature", "properties": { "num_setor": "PB_JOAOPES_SR_60_CPRM", "munic": "JOÃO PESSOA", "grau_risco": "Alto", "distancia_km": 1.48, "chuva_24h": 0.0, "chuva_72h": 1.0, "fonte_estacao": "openmeteo", "codigo_estacao": "openmeteo", "nome_estacao": "Open-Meteo (célula de grade)" }, "geometry": { "type": "Polygon", "coordinates": [ [ [ -34.846734377999951, -7.129201872767255 ], [ -34.846747525999945, -7.129081227767275 ], [ -34.846730396999931, -7.128882548767288 ], [ -34.846898615999976, -7.128894508767283 ], [ -34.846910096999977, -7.128976995767263 ], [ -34.846902008999962, -7.129057849767293 ], [ -34.846898646999932, -7.129155776767247 ], [ -34.846948313999981, -7.129385010767251 ], [ -34.846975172999976, -7.129392580767236 ], [ -34.846985453999935, -7.12955939276726 ], [ -34.84698409799995, -7.129594698767233 ], [ -34.847083659999953, -7.129588160767253 ], [ -34.847072829999938, -7.12998353576722 ], [ -34.847317286999953, -7.129988459767222 ], [ -34.847189014999969, -7.130462303767199 ], [ -34.846898351999982, -7.130380184767249 ], [ -34.84671988499997, -7.130447323767201 ], [ -34.84667051699995, -7.130382559767199 ], [ -34.846516417999965, -7.130129409767213 ], [ -34.846616255999947, -7.130090979767258 ], [ -34.846595116999936, -7.130025954767234 ], [ -34.846567066999967, -7.129952965767246 ], [ -34.846557153999981, -7.129889359767219 ], [ -34.846552423999981, -7.129780484767257 ], [ -34.84671613699993, -7.129756152767251 ], [ -34.846734377999951, -7.129201872767255 ] ] ] } },
{ "type": "Feature", "properties": { "num_setor": "PB_JOAOPES_SR_64_CPRM", "munic": "JOÃO PESSOA", "grau_risco": "Muito alto", "distancia_km": 0.69, "chuva_24h": 0.0, "chuva_72h": 0.9, "fonte_estacao": "openmeteo", "codigo_estacao": "openmeteo", "nome_estacao": "Open-Meteo (célula de grade)" }, "geometry": { "type": "Polygon", "coordinates": [ [ [ -34.880340125999965, -7.105011226768057 ], [ -34.88052116199998, -7.104824061768057 ], [ -34.878932558999963, -7.103130524768068 ], [ -34.87965020799993, -7.102638942768094 ], [ -34.881722529999934, -7.10488409876803 ], [ -34.882632219999948, -7.106218936767982 ], [ -34.882702395999956, -7.10554734176803 ], [ -34.88307190699993, -7.105598200768029 ], [ -34.882880436999983, -7.10689709176796 ], [ -34.883786137999941, -7.10821927176791 ], [ -34.883750482999965, -7.108330592767927 ], [ -34.88212776499995, -7.108184733767938 ], [ -34.882179585999943, -7.10726297176795 ], [ -34.880340125999965, -7.105011226768057 ] ] ] } },
{ "type": "Feature", "properties": { "num_setor": "PB_LUCENA_SR_1_CPRM", "munic": "LUCENA", "grau_risco": "Alto", "distancia_km": 0.74, "chuva_24h": 0.0, "chuva_72h": 0.5, "fonte_estacao": "openmeteo", "codigo_estacao": "openmeteo", "nome_estacao": "Open-Meteo (célula de grade)" }, "geometry": { "type": "Polygon", "coordinates": [ [ [ -34.871756493999953, -6.900572244774601 ], [ -34.873565388999964, -6.899562474774587 ], [ -34.876047726999957, -6.897897652774681 ], [ -34.879460182999935, -6.89607483077473 ], [ -34.880896088999975, -6.895344178774737 ], [ -34.882512621999979, -6.894731791774767 ], [ -34.882981442999949, -6.894209839774796 ], [ -34.884253520999941, -6.894209766774775 ], [ -34.885261707, -6.894045394774807 ], [ -34.886739591999969, -6.894438622774745 ], [ -34.887763101999944, -6.895758144774721 ], [ -34.888338310999984, -6.896917600774667 ], [ -34.888508314999967, -6.898469146774645 ], [ -34.888295975999945, -6.90017104877457 ], [ -34.887778675999982, -6.901475817774535 ], [ -34.886993643999972, -6.902388391774545 ], [ -34.886302526999941, -6.902905198774525 ], [ -34.884659618999926, -6.903761742774484 ], [ -34.882104927999933, -6.905296841774399 ], [ -34.881120437999982, -6.904497285774473 ], [ -34.880187805999988, -6.903761795774495 ], [ -34.878917843999943, -6.902278972774531 ], [ -34.878927789999977, -6.902086524774532 ], [ -34.877695518999928, -6.90178234277456 ], [ -34.876436140999935, -6.902278911774493 ], [ -34.875182356999971, -6.903788157774463 ], [ -34.873812003999944, -6.90394667577449 ], [ -34.872417650999978, -6.90394659177447 ], [ -34.870414832999984, -6.90394644477449 ], [ -34.869797590999951, -6.902850736774488 ], [ -34.871756493999953, -6.900572244774601 ] ] ] } },
{ "type": "Feature", "properties": { "num_setor": "PB_JOAOPES_SR_62_CPRM", "munic": "JOÃO PESSOA", "grau_risco": "Alto", "distancia_km": 2.03, "chuva_24h": 0.0, "chuva_72h": 0.9, "fonte_estacao": "openmeteo", "codigo_estacao": "openmeteo", "nome_estacao": "Open-Meteo (célula de grade)" }, "geometry": { "type": "Polygon", "coordinates": [ [ [ -34.899631805999945, -7.122069887767479 ], [ -34.900453120999934, -7.121893658767509 ], [ -34.900893392999933, -7.121835729767477 ], [ -34.900998646999938, -7.122231158767503 ], [ -34.901025786999988, -7.122449812767471 ], [ -34.89890295899994, -7.123104920767437 ], [ -34.898885284999949, -7.123112885767445 ], [ -34.897372448999931, -7.123433534767446 ], [ -34.89526043099994, -7.123429920767462 ], [ -34.894800314999934, -7.123284442767432 ], [ -34.895130857999959, -7.122689145767488 ], [ -34.895710383999983, -7.122605947767462 ], [ -34.896403370999963, -7.122802688767483 ], [ -34.896819201999953, -7.122718141767457 ], [ -34.897422783999964, -7.122595421767481 ], [ -34.897652653999955, -7.122548684767489 ], [ -34.897899288999952, -7.122498538767456 ], [ -34.898006908999946, -7.122303886767459 ], [ -34.898207628999948, -7.122256689767508 ], [ -34.89823187199994, -7.122268719767494 ], [ -34.898584021999966, -7.122358111767498 ], [ -34.899631805999945, -7.122069887767479 ] ] ] } },
{ "type": "Feature", "properties": { "num_setor": "PB_JOAOPES_SR_63_CPRM", "munic": "JOÃO PESSOA", "grau_risco": "Muito alto", "distancia_km": 0.72, "chuva_24h": 0.0, "chuva_72h": 0.9, "fonte_estacao": "openmeteo", "codigo_estacao": "openmeteo", "nome_estacao": "Open-Meteo (célula de grade)" }, "geometry": { "type": "Polygon", "coordinates": [ [ [ -34.890517769999967, -7.1152868997677 ], [ -34.89040211899993, -7.115040601767728 ], [ -34.890343371999961, -7.114915488767711 ], [ -34.89022225399998, -7.114657547767745 ], [ -34.889998992999949, -7.113513502767786 ], [ -34.889980332999983, -7.11341788276777 ], [ -34.889418248999959, -7.112304214767789 ], [ -34.889323069999932, -7.111881642767805 ], [ -34.889731164999937, -7.111839002767806 ], [ -34.889446839999955, -7.110932608767871 ], [ -34.889169626999944, -7.110267490767857 ], [ -34.889734918999977, -7.109622103767859 ], [ -34.890255563999972, -7.109959834767854 ], [ -34.890073123999962, -7.110566725767849 ], [ -34.890015290999941, -7.110952204767823 ], [ -34.890115019999946, -7.111732926767806 ], [ -34.890409107999972, -7.112497417767813 ], [ -34.890878184999963, -7.113242837767784 ], [ -34.891330751999924, -7.113707449767741 ], [ -34.891125122999938, -7.114181970767727 ], [ -34.891254019999963, -7.1149441597677 ], [ -34.89131186499997, -7.115286208767733 ], [ -34.891458437, -7.116152911767688 ], [ -34.891008753999984, -7.116332531767668 ], [ -34.890517769999967, -7.1152868997677 ] ] ] } },
{ "type": "Feature", "properties": { "num_setor": "PB_JOAOPES_SR_54_CPRM", "munic": "JOÃO PESSOA", "grau_risco": "Muito alto", "distancia_km": 1.01, "chuva_24h": 0.0, "chuva_72h": 1.0, "fonte_estacao": "openmeteo", "codigo_estacao": "openmeteo", "nome_estacao": "Open-Meteo (célula de grade)" }, "geometry": { "type": "Polygon", "coordinates": [ [ [ -34.826919729999929, -7.146736662766704 ], [ -34.827580774999944, -7.145690184766761 ], [ -34.828138170999978, -7.144648565766763 ], [ -34.828866857999962, -7.145186769766751 ], [ -34.828729717999977, -7.145310816766729 ], [ -34.828580414999976, -7.14542344376675 ], [ -34.828491248999967, -7.145494892766764 ], [ -34.828303531999943, -7.145625627766734 ], [ -34.828040772999941, -7.145947888766733 ], [ -34.82724645299993, -7.146990405766664 ], [ -34.826919729999929, -7.146736662766704 ] ] ] } },
{ "type": "Feature", "properties": { "num_setor": "PB_JOAOPES_SR_55_CPRM", "munic": "JOÃO PESSOA", "grau_risco": "Alto", "distancia_km": 1.53, "chuva_24h": 0.0, "chuva_72h": 1.0, "fonte_estacao": "openmeteo", "codigo_estacao": "openmeteo", "nome_estacao": "Open-Meteo (célula de grade)" }, "geometry": { "type": "Polygon", "coordinates": [ [ [ -34.828951639999957, -7.12275778176747 ], [ -34.829811093999979, -7.119449954767557 ], [ -34.829970290999938, -7.118108032767609 ], [ -34.829865874999939, -7.117430076767618 ], [ -34.829938487999982, -7.117226024767672 ], [ -34.830332925999983, -7.117098223767655 ], [ -34.830432247999973, -7.116916647767671 ], [ -34.830583528999966, -7.116133076767701 ], [ -34.831056550999961, -7.115097404767727 ], [ -34.831548916999964, -7.113899249767775 ], [ -34.831818564999942, -7.114085888767763 ], [ -34.830925194999956, -7.116200730767662 ], [ -34.830355924999935, -7.118220582767588 ], [ -34.830145777999981, -7.119498293767545 ], [ -34.830756709999939, -7.119512295767545 ], [ -34.83030099299998, -7.120566724767529 ], [ -34.829850416999932, -7.121678028767501 ], [ -34.829592843999933, -7.122840939767457 ], [ -34.829487617999973, -7.123399463767428 ], [ -34.82948005999998, -7.123709120767415 ], [ -34.829959131999942, -7.124519083767385 ], [ -34.828207756999973, -7.124929546767411 ], [ -34.828951639999957, -7.12275778176747 ] ] ] } },
{ "type": "Feature", "properties": { "num_setor": "PB_JOAOPES_SR_51_CPRM", "munic": "JOÃO PESSOA", "grau_risco": "Muito alto", "distancia_km": 1.55, "chuva_24h": 0.0, "chuva_72h": 0.9, "fonte_estacao": "openmeteo", "codigo_estacao": "openmeteo", "nome_estacao": "Open-Meteo (célula de grade)" }, "geometry": { "type": "Polygon", "coordinates": [ [ [ -34.88650450199998, -7.150493623766604 ], [ -34.886231487999964, -7.150238082766611 ], [ -34.886097233999969, -7.150127214766584 ], [ -34.885904463999971, -7.149939783766619 ], [ -34.885793142999951, -7.149841785766618 ], [ -34.885661260999939, -7.149741230766606 ], [ -34.885751632999984, -7.149643551766583 ], [ -34.885792644999981, -7.149687386766624 ], [ -34.88587503399998, -7.149757146766592 ], [ -34.885890324999941, -7.149772436766621 ], [ -34.88608444699998, -7.149943107766587 ], [ -34.886277504999953, -7.150095778766605 ], [ -34.886649415999955, -7.150293732766593 ], [ -34.886872107999977, -7.150526697766591 ], [ -34.88677020199998, -7.150609433766551 ], [ -34.886931318999977, -7.150807618766595 ], [ -34.886754302999975, -7.150920351766572 ], [ -34.88650450199998, -7.150493623766604 ] ] ] } },
{ "type": "Feature", "properties": { "num_setor": "PB_JOAOPES_SR_52_CPRM", "munic": "JOÃO PESSOA", "grau_risco": "Muito alto", "distancia_km": 1.32, "chuva_24h": 0.0, "chuva_72h": 0.8, "fonte_estacao": "openmeteo", "codigo_estacao": "openmeteo", "nome_estacao": "Open-Meteo (célula de grade)" }, "geometry": { "type": "Polygon", "coordinates": [ [ [ -34.886277989999932, -7.153414809766492 ], [ -34.886330525999945, -7.153388481766505 ], [ -34.886277265999979, -7.153208522766474 ], [ -34.886103913999932, -7.152771870766521 ], [ -34.88635148099997, -7.152705953766504 ], [ -34.887123224999982, -7.152426317766492 ], [ -34.887429023999978, -7.153661361766507 ], [ -34.887661206999951, -7.153614323766464 ], [ -34.887492864999956, -7.154072779766492 ], [ -34.88746762799996, -7.154435384766449 ], [ -34.887564906999955, -7.154795544766447 ], [ -34.887568323999972, -7.154805036766454 ], [ -34.887680469999964, -7.155254159766447 ], [ -34.88760005599994, -7.155945091766418 ], [ -34.887424821999964, -7.156312109766375 ], [ -34.887536474999933, -7.156845187766401 ], [ -34.887683049999964, -7.156797785766397 ], [ -34.887841233999943, -7.157457391766378 ], [ -34.887109187999954, -7.157886808766329 ], [ -34.886433541999963, -7.15787143476634 ], [ -34.886422759999959, -7.156959857766361 ], [ -34.886366812999938, -7.155819092766395 ], [ -34.886474456999963, -7.154060874766483 ], [ -34.886425360999965, -7.153736986766468 ], [ -34.886277989999932, -7.153414809766492 ] ] ] } },
{ "type": "Feature", "properties": { "num_setor": "PB_JOAOPES_SR_58_CPRM", "munic": "JOÃO PESSOA", "grau_risco": "Muito alto", "distancia_km": 1.03, "chuva_24h": 0.0, "chuva_72h": 1.0, "fonte_estacao": "openmeteo", "codigo_estacao": "openmeteo", "nome_estacao": "Open-Meteo (célula de grade)" }, "geometry": { "type": "Polygon", "coordinates": [ [ [ -34.852050086999952, -7.100704301768162 ], [ -34.851751029999946, -7.099711090768213 ], [ -34.852288698999985, -7.099596198768216 ], [ -34.852349125999979, -7.099580933768213 ], [ -34.85265955199997, -7.099531921768182 ], [ -34.852786184999957, -7.099880244768194 ], [ -34.852939142999958, -7.100420595768161 ], [ -34.852987596999981, -7.100633317768174 ], [ -34.853071997999955, -7.100835898768166 ], [ -34.853076846999954, -7.100943836768141 ], [ -34.853047295999943, -7.101069651768191 ], [ -34.853016083999933, -7.101088962768151 ], [ -34.85252846499997, -7.101263015768159 ], [ -34.852335975999949, -7.101338808768174 ], [ -34.852050086999952, -7.100704301768162 ] ] ] } },
{ "type": "Feature", "properties": { "num_setor": "PB_JOAOPES_SR_59_CPRM", "munic": "JOÃO PESSOA", "grau_risco": "Muito alto", "distancia_km": 0.62, "chuva_24h": 0.0, "chuva_72h": 1.0, "fonte_estacao": "openmeteo", "codigo_estacao": "openmeteo", "nome_estacao": "Open-Meteo (célula de grade)" }, "geometry": { "type": "Polygon", "coordinates": [ [ [ -34.854913303999979, -7.133897156767135 ], [ -34.854799607999951, -7.13344338076712 ], [ -34.854624675999958, -7.133284096767118 ], [ -34.854328014999965, -7.132897105767161 ], [ -34.853822185999945, -7.132239834767165 ], [ -34.853734772999921, -7.132024502767184 ], [ -34.853548386999933, -7.131873185767168 ], [ -34.85335226199993, -7.131705981767198 ], [ -34.85306328799993, -7.131515651767198 ], [ -34.853322115999958, -7.131317451767209 ], [ -34.853582677999952, -7.131180583767182 ], [ -34.852830449999942, -7.130256252767246 ], [ -34.854245105999951, -7.129673883767233 ], [ -34.854658908999966, -7.130247487767229 ], [ -34.855101797999964, -7.130857932767216 ], [ -34.854002935999972, -7.131465818767206 ], [ -34.853993830999968, -7.131612599767158 ], [ -34.854154845999972, -7.131992074767191 ], [ -34.855121027999928, -7.133039781767153 ], [ -34.856546530999928, -7.134313282767073 ], [ -34.857876088999944, -7.13531168276706 ], [ -34.857474981999928, -7.135509977767067 ], [ -34.857093732999942, -7.135300310767091 ], [ -34.856729217999941, -7.135249583767065 ], [ -34.85652033599996, -7.13525772576708 ], [ -34.856181540999955, -7.135085093767092 ], [ -34.855885712999957, -7.135158742767091 ], [ -34.855569080999942, -7.13450952776711 ], [ -34.855176794999977, -7.134635787767101 ], [ -34.854913303999979, -7.133897156767135 ] ] ] } },
{ "type": "Feature", "properties": { "num_setor": "PB_JOAOPES_SR_56_CPRM", "munic": "JOÃO PESSOA", "grau_risco": "Muito alto", "distancia_km": 1.28, "chuva_24h": 0.0, "chuva_72h": 1.0, "fonte_estacao": "openmeteo", "codigo_estacao": "openmeteo", "nome_estacao": "Open-Meteo (célula de grade)" }, "geometry": { "type": "Polygon", "coordinates": [ [ [ -34.845413793999967, -7.099442740768218 ], [ -34.845827019999945, -7.099351367768191 ], [ -34.846331314999929, -7.099312290768197 ], [ -34.847561482999929, -7.099624100768215 ], [ -34.84752698799997, -7.100230128768192 ], [ -34.847072771999933, -7.100116657768174 ], [ -34.847062865999938, -7.099873599768209 ], [ -34.84677540399997, -7.099759155768194 ], [ -34.846241296999949, -7.099621980768179 ], [ -34.84581007099996, -7.099639228768184 ], [ -34.845585969999945, -7.099707978768206 ], [ -34.845477944999963, -7.0997829187682 ], [ -34.845340197999974, -7.099917440768193 ], [ -34.845260982999953, -7.10061096976816 ], [ -34.845230684999933, -7.10084781176814 ], [ -34.845160778999968, -7.10106038876815 ], [ -34.845042303999946, -7.101379435768143 ], [ -34.844918568999958, -7.101580850768128 ], [ -34.84431424099995, -7.102592982768122 ], [ -34.843326718999947, -7.104201088768063 ], [ -34.843543722999982, -7.104363130768061 ], [ -34.842573196999979, -7.105634149768019 ], [ -34.842273840999951, -7.105945101768011 ], [ -34.841744646999977, -7.106490765768012 ], [ -34.841389238999966, -7.106835813767988 ], [ -34.839686161999964, -7.108606843767921 ], [ -34.838741942999945, -7.109476818767888 ], [ -34.838487674999953, -7.109716328767912 ], [ -34.838611083999979, -7.109848538767855 ], [ -34.838172965999945, -7.110239295767887 ], [ -34.837512025999956, -7.110846386767876 ], [ -34.836560233999933, -7.111471758767802 ], [ -34.836411998999957, -7.111566103767828 ], [ -34.835798913999952, -7.111960846767834 ], [ -34.835459410999931, -7.112149042767784 ], [ -34.835374871999932, -7.112212307767778 ], [ -34.835290032999978, -7.112286511767818 ], [ -34.834954018999959, -7.112578772767779 ], [ -34.834566074999941, -7.112868147767791 ], [ -34.834522849999985, -7.112831897767801 ], [ -34.834405044999983, -7.112740757767811 ], [ -34.834254506999969, -7.112901258767784 ], [ -34.834142311999976, -7.112971828767771 ], [ -34.833959085999936, -7.113085986767802 ], [ -34.833980364999945, -7.113143524767761 ], [ -34.833581223999943, -7.113263648767796 ], [ -34.833633552999963, -7.113363453767785 ], [ -34.833409149999966, -7.113446187767768 ], [ -34.833352748999971, -7.113507940767777 ], [ -34.833218603999967, -7.11365145676775 ], [ -34.832763176999947, -7.114321853767748 ], [ -34.832640993999973, -7.114257972767732 ], [ -34.832226803999959, -7.114042436767758 ], [ -34.832760471999954, -7.113098626767766 ], [ -34.832617171999971, -7.112998691767785 ], [ -34.833232457999941, -7.112245114767805 ], [ -34.833325597999931, -7.112179282767781 ], [ -34.833768729999967, -7.111840126767799 ], [ -34.834374455999985, -7.111147382767827 ], [ -34.834894118999955, -7.111541443767825 ], [ -34.835121846999982, -7.1117023107678 ], [ -34.835586321999983, -7.111230451767858 ], [ -34.836443034999938, -7.110410818767887 ], [ -34.836525051999956, -7.110307090767898 ], [ -34.836793961999945, -7.110500112767847 ], [ -34.837713663999978, -7.109465001767924 ], [ -34.838145360999924, -7.109012637767921 ], [ -34.838530162999973, -7.108521452767954 ], [ -34.839356472999953, -7.107265121767957 ], [ -34.839742893999983, -7.107482748767927 ], [ -34.83999788999995, -7.107195341767969 ], [ -34.840649832999929, -7.106400848767989 ], [ -34.84081638899994, -7.106029503767985 ], [ -34.840976565999938, -7.105754154768 ], [ -34.841141825999955, -7.105466745768005 ], [ -34.84201429899997, -7.104208657768062 ], [ -34.842895913999939, -7.102911552768106 ], [ -34.843433839999932, -7.101976708768105 ], [ -34.843692019999935, -7.101480546768134 ], [ -34.843855603999941, -7.100927221768154 ], [ -34.844240641999932, -7.101036258768161 ], [ -34.844539216999976, -7.100298621768198 ], [ -34.844758558999963, -7.099956082768176 ], [ -34.844937385999977, -7.099715673768231 ], [ -34.845413793999967, -7.099442740768218 ] ] ] } },
{ "type": "Feature", "properties": { "num_setor": "PB_JOAOPES_SR_57_CPRM", "munic": "JOÃO PESSOA", "grau_risco": "Muito alto", "distancia_km": 1.86, "chuva_24h": 0.0, "chuva_72h": 0.7, "fonte_estacao": "openmeteo", "codigo_estacao": "openmeteo", "nome_estacao": "Open-Meteo (célula de grade)" }, "geometry": { "type": "Polygon", "coordinates": [ [ [ -34.848661282999956, -7.060925041769442 ], [ -34.848530398999969, -7.059984225769447 ], [ -34.848769399999981, -7.06002436476947 ], [ -34.849129477999952, -7.061469093769432 ], [ -34.850225414999954, -7.061623715769397 ], [ -34.850188422999963, -7.061883073769434 ], [ -34.849560775999976, -7.061855736769439 ], [ -34.849591016999966, -7.062771397769372 ], [ -34.849457859999973, -7.063462801769358 ], [ -34.849262904999932, -7.064329172769356 ], [ -34.849224554999978, -7.064916219769296 ], [ -34.848969933999967, -7.065975043769298 ], [ -34.848735567999938, -7.067035347769231 ], [ -34.848562989999948, -7.067858181769218 ], [ -34.848415373999956, -7.068348490769189 ], [ -34.848336251999967, -7.068694636769211 ], [ -34.848291812999939, -7.069011145769211 ], [ -34.847717762999935, -7.068856690769188 ], [ -34.847846365999942, -7.06851506176921 ], [ -34.848041810999973, -7.067990816769221 ], [ -34.848137377999933, -7.06755294776924 ], [ -34.848249952999936, -7.067078115769243 ], [ -34.848350979999964, -7.066721149769281 ], [ -34.848371794999935, -7.066328739769277 ], [ -34.848486715999961, -7.065717681769298 ], [ -34.848528666999975, -7.065540728769306 ], [ -34.848849345999952, -7.064257631769355 ], [ -34.848947224999954, -7.063942654769343 ], [ -34.848858743999976, -7.063902712769345 ], [ -34.848909420999973, -7.063406997769353 ], [ -34.848969547999964, -7.062989679769357 ], [ -34.848927299999957, -7.061925672769418 ], [ -34.848661282999956, -7.060925041769442 ] ] ] } },
{ "type": "Feature", "properties": { "num_setor": "PB_JOAOPES_SR_45_CPRM", "munic": "JOÃO PESSOA", "grau_risco": "Muito alto", "distancia_km": 0.74, "chuva_24h": 0.0, "chuva_72h": 0.9, "fonte_estacao": "openmeteo", "codigo_estacao": "openmeteo", "nome_estacao": "Open-Meteo (célula de grade)" }, "geometry": { "type": "Polygon", "coordinates": [ [ [ -34.881877186999922, -7.10949882576788 ], [ -34.882575847999931, -7.109293926767904 ], [ -34.882763576999935, -7.109313748767908 ], [ -34.883291782999947, -7.109398293767896 ], [ -34.883338758999962, -7.10959492276791 ], [ -34.883396218999962, -7.109898695767887 ], [ -34.883408198999973, -7.110092750767884 ], [ -34.883536552999942, -7.110428152767835 ], [ -34.883235225999954, -7.110566745767866 ], [ -34.88298684199998, -7.110715586767864 ], [ -34.882876734999968, -7.110785499767859 ], [ -34.882618247999972, -7.110512622767884 ], [ -34.882373680999926, -7.110315612767867 ], [ -34.882324858999937, -7.110230525767867 ], [ -34.881950102999951, -7.110189691767867 ], [ -34.88174405999996, -7.110156767767886 ], [ -34.881568075999951, -7.110111182767881 ], [ -34.881266258999972, -7.110161985767899 ], [ -34.881052203999957, -7.110185294767868 ], [ -34.88069067899994, -7.110253735767863 ], [ -34.880681855999967, -7.110255748767887 ], [ -34.880132765999974, -7.110420717767853 ], [ -34.879803759999966, -7.110563063767865 ], [ -34.87930008099994, -7.110153862767854 ], [ -34.87881908199995, -7.109675161767909 ], [ -34.878652551999949, -7.109485198767888 ], [ -34.87886077099995, -7.109316771767888 ], [ -34.879021096999963, -7.109327444767905 ], [ -34.87976060699998, -7.109351900767909 ], [ -34.879875707999922, -7.1094296517679 ], [ -34.880213137999931, -7.109472941767904 ], [ -34.88084742999996, -7.109478822767901 ], [ -34.881318463999946, -7.109547248767885 ], [ -34.881588953999938, -7.10958806476791 ], [ -34.881877186999922, -7.10949882576788 ] ] ] } },
{ "type": "Feature", "properties": { "num_setor": "PB_JOAOPES_SR_46_CPRM", "munic": "JOÃO PESSOA", "grau_risco": "Muito alto", "distancia_km": 0.74, "chuva_24h": 0.0, "chuva_72h": 0.9, "fonte_estacao": "openmeteo", "codigo_estacao": "openmeteo", "nome_estacao": "Open-Meteo (célula de grade)" }, "geometry": { "type": "Polygon", "coordinates": [ [ [ -34.882157350999933, -7.11207678776783 ], [ -34.882104922999929, -7.11193670976781 ], [ -34.881934602999934, -7.111710009767839 ], [ -34.881648364999933, -7.111435169767813 ], [ -34.881936144999941, -7.110901155767848 ], [ -34.882005397999933, -7.110756775767856 ], [ -34.881765334999955, -7.110596518767857 ], [ -34.881644723999955, -7.11047659376788 ], [ -34.881690348999939, -7.110346502767873 ], [ -34.881862763999941, -7.110420570767874 ], [ -34.882050615999958, -7.110578645767866 ], [ -34.882156376999944, -7.110742487767871 ], [ -34.882267992999971, -7.111105944767848 ], [ -34.882367509999938, -7.111421949767845 ], [ -34.882573985999954, -7.111805236767808 ], [ -34.882713653999929, -7.112024888767796 ], [ -34.882504853999933, -7.112123065767838 ], [ -34.882405261999963, -7.112160499767813 ], [ -34.882262998999977, -7.112209681767811 ], [ -34.882157350999933, -7.11207678776783 ] ] ] } },
{ "type": "Feature", "properties": { "num_setor": "PB_JOAOPES_SR_43_CPRM", "munic": "JOÃO PESSOA", "grau_risco": "Muito alto", "distancia_km": 0.57, "chuva_24h": 0.0, "chuva_72h": 1.0, "fonte_estacao": "openmeteo", "codigo_estacao": "openmeteo", "nome_estacao": "Open-Meteo (célula de grade)" }, "geometry": { "type": "Polygon", "coordinates": [ [ [ -34.862212596999939, -7.108114398767913 ], [ -34.862473472999966, -7.108085432767917 ], [ -34.862555397999984, -7.107990373767926 ], [ -34.862591939999959, -7.107921629767954 ], [ -34.862873900999944, -7.107829281767942 ], [ -34.863152162999938, -7.107777002767961 ], [ -34.863262106999969, -7.107485360767932 ], [ -34.863324577999954, -7.107455666767958 ], [ -34.863448570999935, -7.10710002576797 ], [ -34.863539110999966, -7.10679231676795 ], [ -34.863818755999944, -7.106816287767971 ], [ -34.863474991999965, -7.107658941767942 ], [ -34.863363956999933, -7.107807760767935 ], [ -34.863108416999978, -7.107986569767967 ], [ -34.862695776999942, -7.108189540767923 ], [ -34.862134668999943, -7.108390104767928 ], [ -34.862212596999939, -7.108114398767913 ] ] ] } },
{ "type": "Feature", "properties": { "num_setor": "PB_JOAOPES_SR_44_CPRM", "munic": "JOÃO PESSOA", "grau_risco": "Muito alto", "distancia_km": 1.5, "chuva_24h": 0.0, "chuva_72h": 1.0, "fonte_estacao": "openmeteo", "codigo_estacao": "openmeteo", "nome_estacao": "Open-Meteo (célula de grade)" }, "geometry": { "type": "Polygon", "coordinates": [ [ [ -34.867538905999936, -7.116605702767658 ], [ -34.867532691999948, -7.116546934767685 ], [ -34.867533385999934, -7.116543227767668 ], [ -34.867533378999951, -7.116540760767667 ], [ -34.867534058999979, -7.116535781767685 ], [ -34.86756644999997, -7.116465574767664 ], [ -34.867569670999956, -7.116462998767681 ], [ -34.867572411999959, -7.116461199767659 ], [ -34.867625833999959, -7.116410096767687 ], [ -34.867625874999931, -7.116408728767657 ], [ -34.867668031999983, -7.116355684767689 ], [ -34.867721771999982, -7.116324963767662 ], [ -34.868141000999969, -7.115858187767688 ], [ -34.868441712999982, -7.115544654767698 ], [ -34.868534212999975, -7.115651370767697 ], [ -34.868624049999937, -7.115795687767672 ], [ -34.86839936399997, -7.115881253767663 ], [ -34.868205479999972, -7.116033501767665 ], [ -34.868017164999969, -7.116228999767698 ], [ -34.867931061999961, -7.116327252767672 ], [ -34.867727338999941, -7.116502029767648 ], [ -34.86763525899994, -7.116666809767684 ], [ -34.867538905999936, -7.116605702767658 ] ] ] } },
{ "type": "Feature", "properties": { "num_setor": "PB_JOAOPES_SR_49_CPRM", "munic": "JOÃO PESSOA", "grau_risco": "Muito alto", "distancia_km": 1.23, "chuva_24h": 0.0, "chuva_72h": 0.9, "fonte_estacao": "openmeteo", "codigo_estacao": "openmeteo", "nome_estacao": "Open-Meteo (célula de grade)" }, "geometry": { "type": "Polygon", "coordinates": [ [ [ -34.876239307999974, -7.106401210767968 ], [ -34.876920810999934, -7.105781480768007 ], [ -34.877340396999955, -7.105652583767989 ], [ -34.877393552999926, -7.105822001768026 ], [ -34.877368968999974, -7.105938335768005 ], [ -34.876851328999976, -7.106227218767989 ], [ -34.877840619999965, -7.107728685767968 ], [ -34.877660079999941, -7.107847076767968 ], [ -34.876677915999949, -7.106432521768015 ], [ -34.875535192999962, -7.10741418076797 ], [ -34.875634351999956, -7.107918096767969 ], [ -34.875230459999955, -7.108101286767935 ], [ -34.87499077699993, -7.107314298767946 ], [ -34.875512101999959, -7.107028840767946 ], [ -34.876239307999974, -7.106401210767968 ] ] ] } },
{ "type": "Feature", "properties": { "num_setor": "PB_JOAOPES_SR_50_CPRM", "munic": "JOÃO PESSOA", "grau_risco": "Muito alto", "distancia_km": 1.04, "chuva_24h": 0.0, "chuva_72h": 0.9, "fonte_estacao": "openmeteo", "codigo_estacao": "openmeteo", "nome_estacao": "Open-Meteo (célula de grade)" }, "geometry": { "type": "Polygon", "coordinates": [ [ [ -34.909293742999978, -7.129276281767291 ], [ -34.909397955999964, -7.129222640767265 ], [ -34.909646299999963, -7.129159164767284 ], [ -34.909821653999984, -7.12913739876726 ], [ -34.910032502999968, -7.129109609767253 ], [ -34.910647058999984, -7.129144250767265 ], [ -34.910981019999959, -7.129180383767242 ], [ -34.911303604999951, -7.129208319767279 ], [ -34.911481375999983, -7.129301662767278 ], [ -34.911717611999961, -7.129427418767272 ], [ -34.912369404999936, -7.129778507767249 ], [ -34.912746823999946, -7.129927178767218 ], [ -34.913262628999973, -7.130222916767246 ], [ -34.913574603999962, -7.130244139767221 ], [ -34.913602071999946, -7.130389275767234 ], [ -34.913690464999945, -7.13044958976722 ], [ -34.913935281999954, -7.130543549767237 ], [ -34.914352775999937, -7.130631546767214 ], [ -34.914485986999978, -7.130542987767216 ], [ -34.914650351999967, -7.130558065767204 ], [ -34.914847945999952, -7.130660599767203 ], [ -34.914987438999958, -7.130668929767221 ], [ -34.915322059999937, -7.130661166767239 ], [ -34.915321520999953, -7.130864349767223 ], [ -34.915207839999937, -7.130880261767203 ], [ -34.914454425999971, -7.130883901767194 ], [ -34.913875905999923, -7.130775402767232 ], [ -34.913465182999978, -7.130609503767214 ], [ -34.912492399999962, -7.130057612767248 ], [ -34.91201810299998, -7.129820076767262 ], [ -34.911622059999956, -7.129603845767244 ], [ -34.911106662999941, -7.129407896767266 ], [ -34.910516687999973, -7.129337478767257 ], [ -34.909770480999953, -7.129401399767248 ], [ -34.909291815999957, -7.129573661767228 ], [ -34.908053130999967, -7.130184760767234 ], [ -34.907692344999923, -7.130214051767207 ], [ -34.90769818299998, -7.130202492767235 ], [ -34.907761363999953, -7.129973601767236 ], [ -34.908212399999968, -7.129787125767224 ], [ -34.908376956999973, -7.129731109767259 ], [ -34.90854970799996, -7.129651629767253 ], [ -34.90870059699995, -7.129575060767262 ], [ -34.908930810999948, -7.129430277767272 ], [ -34.90914552199996, -7.129342219767261 ], [ -34.909293742999978, -7.129276281767291 ] ] ] } },
{ "type": "Feature", "properties": { "num_setor": "PB_JOAOPES_SR_47_CPRM", "munic": "JOÃO PESSOA", "grau_risco": "Alto", "distancia_km": 1.01, "chuva_24h": 0.0, "chuva_72h": 0.9, "fonte_estacao": "openmeteo", "codigo_estacao": "openmeteo", "nome_estacao": "Open-Meteo (célula de grade)" }, "geometry": { "type": "Polygon", "coordinates": [ [ [ -34.878732200999941, -7.111509146767807 ], [ -34.878691721999928, -7.111020432767852 ], [ -34.878600105999958, -7.110374912767841 ], [ -34.878534267999953, -7.110230426767892 ], [ -34.878335668999966, -7.110011601767849 ], [ -34.878154151999979, -7.109810503767868 ], [ -34.877948316999948, -7.10946731576789 ], [ -34.877794097999981, -7.109102757767904 ], [ -34.878021716999967, -7.108747051767915 ], [ -34.878162904999947, -7.108868648767895 ], [ -34.878347769999948, -7.109043692767884 ], [ -34.87852699299998, -7.109363548767913 ], [ -34.878798647999929, -7.109703599767863 ], [ -34.879178301999957, -7.1100742487679 ], [ -34.879778275999968, -7.110583457767856 ], [ -34.879109608999954, -7.111091092767858 ], [ -34.878895252999939, -7.111477096767858 ], [ -34.878873273999943, -7.111523682767842 ], [ -34.878732200999941, -7.111509146767807 ] ] ] } },
{ "type": "Feature", "properties": { "num_setor": "PB_JOAOPES_SR_48_CPRM", "munic": "JOÃO PESSOA", "grau_risco": "Muito alto", "distancia_km": 1.06, "chuva_24h": 0.0, "chuva_72h": 0.9, "fonte_estacao": "openmeteo", "codigo_estacao": "openmeteo", "nome_estacao": "Open-Meteo (célula de grade)" }, "geometry": { "type": "Polygon", "coordinates": [ [ [ -34.877369352999949, -7.108237844767944 ], [ -34.877310373999933, -7.108148995767939 ], [ -34.87788924299997, -7.107749537767946 ], [ -34.877286684999945, -7.106836597767995 ], [ -34.87788420499993, -7.106346765767984 ], [ -34.878143362999936, -7.106698558767965 ], [ -34.877842714999929, -7.106943844767952 ], [ -34.878525234999984, -7.107750023767917 ], [ -34.878328000999943, -7.10813084076792 ], [ -34.877756524999945, -7.109030036767918 ], [ -34.877369352999949, -7.108237844767944 ] ] ] } },
{ "type": "Feature", "properties": { "num_setor": "PB_JOAOPES_SR_37_CPRM", "munic": "JOÃO PESSOA", "grau_risco": "Muito alto", "distancia_km": 1.79, "chuva_24h": 0.0, "chuva_72h": 1.0, "fonte_estacao": "openmeteo", "codigo_estacao": "openmeteo", "nome_estacao": "Open-Meteo (célula de grade)" }, "geometry": { "type": "Polygon", "coordinates": [ [ [ -34.83810142599998, -7.125382894767402 ], [ -34.838032353999949, -7.125279245767369 ], [ -34.83837534699996, -7.125277575767408 ], [ -34.83857488599994, -7.125290545767408 ], [ -34.838784711999949, -7.125345600767367 ], [ -34.839366735999931, -7.125435326767369 ], [ -34.83961013399994, -7.125433535767375 ], [ -34.839788158999959, -7.125478251767362 ], [ -34.839967840999975, -7.125556525767396 ], [ -34.839962207999974, -7.12568897076735 ], [ -34.839657479999971, -7.125707437767367 ], [ -34.839376714999958, -7.125679406767365 ], [ -34.838399514999935, -7.125545833767404 ], [ -34.838280749999967, -7.125535427767404 ], [ -34.838088313999947, -7.125505882767381 ], [ -34.83810142599998, -7.125382894767402 ] ] ] } },
{ "type": "Feature", "properties": { "num_setor": "PB_JOAOPES_SR_38_CPRM", "munic": "JOÃO PESSOA", "grau_risco": "Alto", "distancia_km": 2.1, "chuva_24h": 0.0, "chuva_72h": 1.0, "fonte_estacao": "openmeteo", "codigo_estacao": "openmeteo", "nome_estacao": "Open-Meteo (célula de grade)" }, "geometry": { "type": "Polygon", "coordinates": [ [ [ -34.841186148999952, -7.124807988767428 ], [ -34.843117608999933, -7.124781896767386 ], [ -34.84437729299998, -7.124819516767388 ], [ -34.844342922999935, -7.124985870767418 ], [ -34.843319239999971, -7.125109329767367 ], [ -34.842132434999932, -7.125269101767381 ], [ -34.841600759999949, -7.12531388076739 ], [ -34.841125851999948, -7.125401657767363 ], [ -34.841186148999952, -7.124807988767428 ] ] ] } },
{ "type": "Feature", "properties": { "num_setor": "PB_JOAOPES_SR_36_CPRM", "munic": "JOÃO PESSOA", "grau_risco": "Muito alto", "distancia_km": 1.67, "chuva_24h": 0.0, "chuva_72h": 1.0, "fonte_estacao": "openmeteo", "codigo_estacao": "openmeteo", "nome_estacao": "Open-Meteo (célula de grade)" }, "geometry": { "type": "Polygon", "coordinates": [ [ [ -34.837132384999961, -7.125817260767361 ], [ -34.837119701999939, -7.125740191767388 ], [ -34.837104599999975, -7.125662373767367 ], [ -34.837218008999962, -7.125657152767387 ], [ -34.837410783999921, -7.125660767767349 ], [ -34.837586987999941, -7.125669472767377 ], [ -34.837592608999955, -7.12577212976739 ], [ -34.837635500999966, -7.125780913767376 ], [ -34.837899857999957, -7.125817649767348 ], [ -34.83808967899995, -7.125796011767386 ], [ -34.838542231999952, -7.125847252767377 ], [ -34.838494714999968, -7.125984995767356 ], [ -34.838406061999933, -7.125982044767352 ], [ -34.838394275999974, -7.125950209767339 ], [ -34.838226825999982, -7.125908876767388 ], [ -34.838035546999947, -7.125894537767364 ], [ -34.838036813999963, -7.125950359767348 ], [ -34.837762359999942, -7.125970118767342 ], [ -34.837673939999945, -7.125968779767351 ], [ -34.837501413999981, -7.125999078767349 ], [ -34.837432000999968, -7.125909932767359 ], [ -34.837233807999951, -7.125976921767358 ], [ -34.837117658999944, -7.125997013767366 ], [ -34.837109385999952, -7.1258752227674 ], [ -34.837132384999961, -7.125817260767361 ] ] ] } },
{ "type": "Feature", "properties": { "num_setor": "PB_JOAOPES_SR_41_CPRM", "munic": "JOÃO PESSOA", "grau_risco": "Alto", "distancia_km": 0.88, "chuva_24h": 0.0, "chuva_72h": 1.0, "fonte_estacao": "openmeteo", "codigo_estacao": "openmeteo", "nome_estacao": "Open-Meteo (célula de grade)" }, "geometry": { "type": "Polygon", "coordinates": [ [ [ -34.856110878999971, -7.129728956767234 ], [ -34.856283022999946, -7.129668405767242 ], [ -34.856408372999965, -7.129607112767258 ], [ -34.856487009999967, -7.129564295767256 ], [ -34.856564075999984, -7.129553007767259 ], [ -34.856600928999967, -7.129621253767267 ], [ -34.856314030999954, -7.129753775767268 ], [ -34.856120586999964, -7.129787028767232 ], [ -34.856110878999971, -7.129728956767234 ] ] ] } },
{ "type": "Feature", "properties": { "num_setor": "PB_JOAOPES_SR_42_CPRM", "munic": "JOÃO PESSOA", "grau_risco": "Muito alto", "distancia_km": 1.37, "chuva_24h": 0.0, "chuva_72h": 1.0, "fonte_estacao": "openmeteo", "codigo_estacao": "openmeteo", "nome_estacao": "Open-Meteo (célula de grade)" }, "geometry": { "type": "Polygon", "coordinates": [ [ [ -34.842842171999969, -7.105582211768009 ], [ -34.842911652999931, -7.105524888768048 ], [ -34.842966307999973, -7.105450507768001 ], [ -34.843202705999943, -7.10508991376804 ], [ -34.843499906999966, -7.104752124768039 ], [ -34.84383687899998, -7.10433429976805 ], [ -34.844872439999961, -7.102962715768125 ], [ -34.845844462999942, -7.101511184768132 ], [ -34.846214393999958, -7.100994388768151 ], [ -34.846284901999979, -7.10118651276816 ], [ -34.846167107999982, -7.101444234768169 ], [ -34.845849219999934, -7.101973392768157 ], [ -34.845228752999958, -7.102897531768076 ], [ -34.844725817999965, -7.103692732768069 ], [ -34.844058663999931, -7.104588760768039 ], [ -34.843745424999952, -7.104980598768011 ], [ -34.842915539999979, -7.105796163768025 ], [ -34.84177648299994, -7.106939396767981 ], [ -34.841491643999973, -7.107366856767935 ], [ -34.841192366999962, -7.107649528767955 ], [ -34.839170419999952, -7.109695964767891 ], [ -34.839007072999948, -7.109854440767852 ], [ -34.838787795999963, -7.110035406767863 ], [ -34.838507314999958, -7.110348055767875 ], [ -34.838172552999936, -7.110623435767873 ], [ -34.837849475999967, -7.11099990976787 ], [ -34.837577910999983, -7.111258491767809 ], [ -34.83737393399997, -7.111511762767823 ], [ -34.83706923799997, -7.111882687767842 ], [ -34.836963124999954, -7.111974479767823 ], [ -34.836752985999958, -7.112079662767831 ], [ -34.836549913999939, -7.112137679767785 ], [ -34.83630442499998, -7.112250430767798 ], [ -34.836173202999923, -7.112098731767794 ], [ -34.835383728999943, -7.112504028767821 ], [ -34.835199083999946, -7.112798265767807 ], [ -34.835028805999961, -7.112944748767778 ], [ -34.834458365999978, -7.113140965767768 ], [ -34.834030032999976, -7.113214047767793 ], [ -34.833967859999973, -7.113091535767778 ], [ -34.834181718999957, -7.112961244767781 ], [ -34.834258359999978, -7.112910909767752 ], [ -34.834410610999953, -7.112748721767767 ], [ -34.834568279999921, -7.112878178767777 ], [ -34.835014232999981, -7.112535442767799 ], [ -34.83545238399995, -7.112171783767792 ], [ -34.835522802999947, -7.112277835767824 ], [ -34.835535928999946, -7.112268084767779 ], [ -34.836225941999942, -7.111890472767818 ], [ -34.83658241899996, -7.111654660767799 ], [ -34.836660606999942, -7.111810359767802 ], [ -34.837232317999963, -7.111433516767844 ], [ -34.837130286999979, -7.111278379767814 ], [ -34.837632631999952, -7.110923125767825 ], [ -34.838254518999975, -7.110359667767852 ], [ -34.838710136999964, -7.109944029767874 ], [ -34.83864495499995, -7.109869434767872 ], [ -34.838887073999956, -7.109643528767855 ], [ -34.838758283999937, -7.109484732767871 ], [ -34.839456968999968, -7.108843660767943 ], [ -34.840460343999958, -7.107851633767918 ], [ -34.841481486999953, -7.106779538767966 ], [ -34.842557848999945, -7.105712741768041 ], [ -34.84264573199993, -7.10561869076802 ], [ -34.842759773999944, -7.105699144768016 ], [ -34.842842171999969, -7.105582211768009 ] ] ] } },
{ "type": "Feature", "properties": { "num_setor": "PB_JOAOPES_SR_39_CPRM", "munic": "JOÃO PESSOA", "grau_risco": "Muito alto", "distancia_km": 1.06, "chuva_24h": 0.0, "chuva_72h": 1.0, "fonte_estacao": "openmeteo", "codigo_estacao": "openmeteo", "nome_estacao": "Open-Meteo (célula de grade)" }, "geometry": { "type": "Polygon", "coordinates": [ [ [ -34.850911874999952, -7.130427858767224 ], [ -34.850644037999984, -7.130161469767238 ], [ -34.850417275999973, -7.129997620767257 ], [ -34.850205471999971, -7.129835787767271 ], [ -34.849868839999942, -7.12974852276722 ], [ -34.849916272999963, -7.129603481767234 ], [ -34.850314404999949, -7.129751627767246 ], [ -34.85066259599995, -7.130004405767236 ], [ -34.850740738999946, -7.13006860476724 ], [ -34.85084255299995, -7.130156871767205 ], [ -34.85085590299996, -7.130173258767218 ], [ -34.851095774999976, -7.130423748767202 ], [ -34.85131707599993, -7.130600343767223 ], [ -34.851415997999936, -7.130725135767224 ], [ -34.851519320999955, -7.130864709767224 ], [ -34.851665508999929, -7.13110709476719 ], [ -34.851785587999977, -7.131312003767174 ], [ -34.852118366999946, -7.131571004767185 ], [ -34.851981787999932, -7.131724429767187 ], [ -34.851728803999947, -7.131511456767168 ], [ -34.85165961499996, -7.131439203767188 ], [ -34.851604299999963, -7.131373225767181 ], [ -34.851480379999941, -7.131172072767203 ], [ -34.851442248999945, -7.131044228767185 ], [ -34.851352911999982, -7.13087285676719 ], [ -34.851227893999976, -7.130648244767231 ], [ -34.851084107999952, -7.13067143976722 ], [ -34.850911874999952, -7.130427858767224 ] ] ] } },
{ "type": "Feature", "properties": { "num_setor": "PB_JOAOPES_SR_40_CPRM", "munic": "JOÃO PESSOA", "grau_risco": "Alto", "distancia_km": 1.32, "chuva_24h": 0.0, "chuva_72h": 1.0, "fonte_estacao": "openmeteo", "codigo_estacao": "openmeteo", "nome_estacao": "Open-Meteo (célula de grade)" }, "geometry": { "type": "Polygon", "coordinates": [ [ [ -34.852134192999983, -7.126953628767335 ], [ -34.852201860999969, -7.126950526767346 ], [ -34.852316909999956, -7.126941231767362 ], [ -34.852320688999953, -7.127015037767347 ], [ -34.852676145999958, -7.127035362767322 ], [ -34.852688420999982, -7.12717389776734 ], [ -34.851844955999979, -7.127095469767349 ], [ -34.851879216999976, -7.126953968767325 ], [ -34.851963374999968, -7.126957330767357 ], [ -34.852134192999983, -7.126953628767335 ] ] ] } },
{ "type": "Feature", "properties": { "num_setor": "PB_SAOJOAO1_SR_5_CPRM", "munic": "SÃO JOÃO DO RIO DO PEIXE", "grau_risco": "Alto", "distancia_km": 0.82, "chuva_24h": 0.0, "chuva_72h": 0.0, "fonte_estacao": "openmeteo", "codigo_estacao": "openmeteo", "nome_estacao": "Open-Meteo (célula de grade)" }, "geometry": { "type": "Polygon", "coordinates": [ [ [ -38.459187967999981, -6.71662417278047 ], [ -38.460687273999952, -6.71630473478047 ], [ -38.460877981999936, -6.717000433780444 ], [ -38.460367092999945, -6.71743323478042 ], [ -38.459609225999941, -6.717720712780436 ], [ -38.459187967999981, -6.71662417278047 ] ] ] } },
{ "type": "Feature", "properties": { "num_setor": "PB_JOAOPES_SR_31_CPRM", "munic": "JOÃO PESSOA", "grau_risco": "Alto", "distancia_km": 1.34, "chuva_24h": 0.0, "chuva_72h": 0.8, "fonte_estacao": "openmeteo", "codigo_estacao": "openmeteo", "nome_estacao": "Open-Meteo (célula de grade)" }, "geometry": { "type": "Polygon", "coordinates": [ [ [ -34.838995780999937, -7.191133680765265 ], [ -34.838912451999931, -7.191129336765282 ], [ -34.838844154999954, -7.190953278765264 ], [ -34.838804617999983, -7.190655187765282 ], [ -34.838787975999928, -7.190390166765329 ], [ -34.838793318999933, -7.190093714765293 ], [ -34.839134274999935, -7.190097353765297 ], [ -34.839166755999941, -7.190111104765337 ], [ -34.839183615999957, -7.190881075765261 ], [ -34.839214131999945, -7.191261890765277 ], [ -34.839031213999931, -7.191266941765302 ], [ -34.838995780999937, -7.191133680765265 ] ] ] } },
{ "type": "Feature", "properties": { "num_setor": "PB_JOAOPES_SR_29_CPRM", "munic": "JOÃO PESSOA", "grau_risco": "Muito alto", "distancia_km": 1.25, "chuva_24h": 0.0, "chuva_72h": 0.8, "fonte_estacao": "openmeteo", "codigo_estacao": "openmeteo", "nome_estacao": "Open-Meteo (célula de grade)" }, "geometry": { "type": "Polygon", "coordinates": [ [ [ -34.846345598999953, -7.195838198765165 ], [ -34.846309047999959, -7.19446524276519 ], [ -34.846278188999975, -7.193675908765226 ], [ -34.846713469999948, -7.193602064765185 ], [ -34.846719131999983, -7.193612386765221 ], [ -34.846823558999979, -7.194215478765213 ], [ -34.846790017999979, -7.194918639765175 ], [ -34.846874981999974, -7.19558896076513 ], [ -34.847013842999957, -7.196035044765151 ], [ -34.847152437999966, -7.196275176765132 ], [ -34.847412297999938, -7.196795893765078 ], [ -34.847656107999967, -7.197399790765084 ], [ -34.847848628999941, -7.197946016765043 ], [ -34.846842575999965, -7.199209934765019 ], [ -34.846253134999976, -7.19936011976501 ], [ -34.846501330999956, -7.200932003764992 ], [ -34.84690547799994, -7.20137500676497 ], [ -34.847484701999974, -7.201954940764923 ], [ -34.847547859999963, -7.202407398764955 ], [ -34.847234822999944, -7.202575065764917 ], [ -34.847177359999932, -7.202456501764932 ], [ -34.847009086999947, -7.202133317764909 ], [ -34.846701121999956, -7.201574362764959 ], [ -34.846562896999956, -7.201489946764972 ], [ -34.846515775999933, -7.201335742764959 ], [ -34.846059620999938, -7.201078266764968 ], [ -34.845984386999937, -7.200590458764981 ], [ -34.845822141999975, -7.199161844765008 ], [ -34.846042262999958, -7.199050084765027 ], [ -34.846661501999961, -7.198856252765061 ], [ -34.84680127799993, -7.198809497765028 ], [ -34.847127832999945, -7.198388835765029 ], [ -34.847149685999959, -7.197708764765076 ], [ -34.847063971999944, -7.19700842776509 ], [ -34.847016422999957, -7.19664391376509 ], [ -34.84681200499994, -7.196653938765081 ], [ -34.846553769999957, -7.196660688765091 ], [ -34.846433249999961, -7.196661729765113 ], [ -34.84634338199993, -7.196665063765097 ], [ -34.846345598999953, -7.195838198765165 ] ] ] } },
{ "type": "Feature", "properties": { "num_setor": "PB_JOAOPES_SR_30_CPRM", "munic": "JOÃO PESSOA", "grau_risco": "Alto", "distancia_km": 1.39, "chuva_24h": 0.0, "chuva_72h": 0.8, "fonte_estacao": "openmeteo", "codigo_estacao": "openmeteo", "nome_estacao": "Open-Meteo (célula de grade)" }, "geometry": { "type": "Polygon", "coordinates": [ [ [ -34.839312430999939, -7.189988775765314 ], [ -34.839700384999958, -7.189992915765298 ], [ -34.839718332999951, -7.191314134765295 ], [ -34.839383603999977, -7.191412798765294 ], [ -34.839312430999939, -7.189988775765314 ] ] ] } },
{ "type": "Feature", "properties": { "num_setor": "PB_JOAOPES_SR_34_CPRM", "munic": "JOÃO PESSOA", "grau_risco": "Muito alto", "distancia_km": 1.15, "chuva_24h": 0.0, "chuva_72h": 1.0, "fonte_estacao": "openmeteo", "codigo_estacao": "openmeteo", "nome_estacao": "Open-Meteo (célula de grade)" }, "geometry": { "type": "Polygon", "coordinates": [ [ [ -34.825253425999961, -7.129264849767271 ], [ -34.825278311999966, -7.129216043767281 ], [ -34.825480998999986, -7.128891827767272 ], [ -34.82559200999998, -7.128621965767301 ], [ -34.825593724999976, -7.12861601476731 ], [ -34.825671842999952, -7.128331328767273 ], [ -34.825712400999976, -7.128145819767274 ], [ -34.825738994999938, -7.127918718767328 ], [ -34.82603871699996, -7.127902403767289 ], [ -34.82621805399998, -7.127681364767304 ], [ -34.826791440999955, -7.126909951767328 ], [ -34.827452243999971, -7.125901562767375 ], [ -34.827759397999955, -7.125458376767406 ], [ -34.82796585799997, -7.125622602767378 ], [ -34.827484566999942, -7.126258941767338 ], [ -34.827368972999977, -7.12666499276735 ], [ -34.826930244999971, -7.127193710767334 ], [ -34.826600576999965, -7.127650398767306 ], [ -34.826118500999939, -7.128098519767322 ], [ -34.825862438999934, -7.128591174767269 ], [ -34.825402562999948, -7.129351047767233 ], [ -34.825253425999961, -7.129264849767271 ] ] ] } },
{ "type": "Feature", "properties": { "num_setor": "PB_JOAOPES_SR_35_CPRM", "munic": "JOÃO PESSOA", "grau_risco": "Alto", "distancia_km": 1.49, "chuva_24h": 0.0, "chuva_72h": 1.0, "fonte_estacao": "openmeteo", "codigo_estacao": "openmeteo", "nome_estacao": "Open-Meteo (célula de grade)" }, "geometry": { "type": "Polygon", "coordinates": [ [ [ -34.834354248999944, -7.125630320767379 ], [ -34.834563206999967, -7.125666626767356 ], [ -34.834649286999927, -7.125641862767366 ], [ -34.834854554999936, -7.125681437767376 ], [ -34.83502075499996, -7.125719100767381 ], [ -34.835101853999959, -7.125817757767342 ], [ -34.835096130999943, -7.125895404767348 ], [ -34.835097225999966, -7.125949299767364 ], [ -34.834611852999949, -7.125917966767379 ], [ -34.834322869999937, -7.125813208767354 ], [ -34.834354248999944, -7.125630320767379 ] ] ] } },
{ "type": "Feature", "properties": { "num_setor": "PB_JOAOPES_SR_32_CPRM", "munic": "JOÃO PESSOA", "grau_risco": "Alto", "distancia_km": 1.21, "chuva_24h": 0.0, "chuva_72h": 0.8, "fonte_estacao": "openmeteo", "codigo_estacao": "openmeteo", "nome_estacao": "Open-Meteo (célula de grade)" }, "geometry": { "type": "Polygon", "coordinates": [ [ [ -34.837060668999982, -7.202766447764941 ], [ -34.836996481999961, -7.202318958764942 ], [ -34.837130016999929, -7.201614397764939 ], [ -34.83733691499998, -7.201672139764964 ], [ -34.837278004999973, -7.202031847764911 ], [ -34.837231957999961, -7.202254847764914 ], [ -34.837238466999963, -7.202424086764907 ], [ -34.837303952999946, -7.202630120764933 ], [ -34.837400053999943, -7.202907646764915 ], [ -34.837193869999965, -7.203007979764894 ], [ -34.837060668999982, -7.202766447764941 ] ] ] } },
{ "type": "Feature", "properties": { "num_setor": "PB_JOAOPES_SR_33_CPRM", "munic": "JOÃO PESSOA", "grau_risco": "Alto", "distancia_km": 1.26, "chuva_24h": 0.0, "chuva_72h": 1.0, "fonte_estacao": "openmeteo", "codigo_estacao": "openmeteo", "nome_estacao": "Open-Meteo (célula de grade)" }, "geometry": { "type": "Polygon", "coordinates": [ [ [ -34.804266141999967, -7.146130942766719 ], [ -34.803641609999943, -7.146126919766736 ], [ -34.80364236999997, -7.145920396766718 ], [ -34.804827675999945, -7.145751463766722 ], [ -34.806147580999948, -7.145612012766734 ], [ -34.806566817999965, -7.145643718766745 ], [ -34.806933931999936, -7.145733594766748 ], [ -34.806954191999978, -7.145929069766741 ], [ -34.806552257999954, -7.14599339276674 ], [ -34.805484372999956, -7.146096312766695 ], [ -34.805464896999979, -7.146106663766714 ], [ -34.805091780999931, -7.146140168766745 ], [ -34.804266141999967, -7.146130942766719 ] ] ] } },
{ "type": "Feature", "properties": { "num_setor": "PB_JOAOPES_SR_23_CPRM", "munic": "JOÃO PESSOA", "grau_risco": "Muito alto", "distancia_km": 1.29, "chuva_24h": 0.0, "chuva_72h": 0.9, "fonte_estacao": "openmeteo", "codigo_estacao": "openmeteo", "nome_estacao": "Open-Meteo (célula de grade)" }, "geometry": { "type": "Polygon", "coordinates": [ [ [ -34.876908900999979, -7.142922960766826 ], [ -34.876781135999977, -7.142822184766817 ], [ -34.876869342999946, -7.142683283766806 ], [ -34.876738451999984, -7.142588690766834 ], [ -34.876366248999936, -7.142291021766823 ], [ -34.876757554999983, -7.141644096766837 ], [ -34.87706991899995, -7.141802911766852 ], [ -34.87687890199993, -7.142094909766868 ], [ -34.877472531999956, -7.142554905766808 ], [ -34.87758402399993, -7.142641205766829 ], [ -34.877914471999929, -7.142795058766851 ], [ -34.878129461999947, -7.143036688766792 ], [ -34.878235888999939, -7.142914808766798 ], [ -34.878600449999958, -7.143318024766781 ], [ -34.878827392999945, -7.143524984766793 ], [ -34.878543673999964, -7.143918653766785 ], [ -34.878430948999956, -7.144083712766764 ], [ -34.877830051999979, -7.143674131766789 ], [ -34.87744696599998, -7.14344202676679 ], [ -34.877310988999966, -7.143360337766839 ], [ -34.876908900999979, -7.142922960766826 ] ] ] } },
{ "type": "Feature", "properties": { "num_setor": "PB_JOAOPES_SR_24_CPRM", "munic": "JOÃO PESSOA", "grau_risco": "Alto", "distancia_km": 1.51, "chuva_24h": 0.0, "chuva_72h": 0.5, "fonte_estacao": "openmeteo", "codigo_estacao": "openmeteo", "nome_estacao": "Open-Meteo (célula de grade)" }, "geometry": { "type": "Polygon", "coordinates": [ [ [ -34.906033073999929, -7.204635234764854 ], [ -34.906686670999932, -7.204554469764851 ], [ -34.907275788999982, -7.204366261764862 ], [ -34.907289566999964, -7.204377687764874 ], [ -34.90729628899993, -7.204382057764867 ], [ -34.907329525999955, -7.204520653764865 ], [ -34.906890705999956, -7.204707560764859 ], [ -34.906907818999969, -7.204825401764819 ], [ -34.906834540999959, -7.204846500764862 ], [ -34.90666516299995, -7.204805527764844 ], [ -34.906139434999943, -7.204823015764872 ], [ -34.906033073999929, -7.204635234764854 ] ] ] } },
{ "type": "Feature", "properties": { "num_setor": "PB_JOAOPES_SR_21_CPRM", "munic": "JOÃO PESSOA", "grau_risco": "Alto", "distancia_km": 1.76, "chuva_24h": 0.0, "chuva_72h": 1.0, "fonte_estacao": "openmeteo", "codigo_estacao": "openmeteo", "nome_estacao": "Open-Meteo (célula de grade)" }, "geometry": { "type": "Polygon", "coordinates": [ [ [ -34.872015014999931, -7.14383595476677 ], [ -34.87195580599996, -7.143810410766785 ], [ -34.872068447999936, -7.143379490766818 ], [ -34.872383854999946, -7.143432103766794 ], [ -34.872581370999967, -7.143567642766778 ], [ -34.872559105999983, -7.143665190766817 ], [ -34.872325573999944, -7.143827548766819 ], [ -34.872122985999965, -7.143857998766816 ], [ -34.872015014999931, -7.14383595476677 ] ] ] } },
{ "type": "Feature", "properties": { "num_setor": "PB_JOAOPES_SR_22_CPRM", "munic": "JOÃO PESSOA", "grau_risco": "Alto", "distancia_km": 1.74, "chuva_24h": 0.0, "chuva_72h": 0.9, "fonte_estacao": "openmeteo", "codigo_estacao": "openmeteo", "nome_estacao": "Open-Meteo (célula de grade)" }, "geometry": { "type": "Polygon", "coordinates": [ [ [ -34.874043421999943, -7.144577333766776 ], [ -34.873823423999966, -7.144536291766757 ], [ -34.873180539999971, -7.1443456347668 ], [ -34.873273182999981, -7.144038982766807 ], [ -34.873471626999958, -7.144124231766798 ], [ -34.873972800999972, -7.144168178766793 ], [ -34.874329571999965, -7.144750810766749 ], [ -34.874198431999957, -7.144805499766768 ], [ -34.874043421999943, -7.144577333766776 ] ] ] } },
{ "type": "Feature", "properties": { "num_setor": "PB_JOAOPES_SR_27_CPRM", "munic": "JOÃO PESSOA", "grau_risco": "Alto", "distancia_km": 1.46, "chuva_24h": 0.0, "chuva_72h": 0.8, "fonte_estacao": "openmeteo", "codigo_estacao": "openmeteo", "nome_estacao": "Open-Meteo (célula de grade)" }, "geometry": { "type": "Polygon", "coordinates": [ [ [ -34.876604694999962, -7.174035181765831 ], [ -34.876471185999947, -7.174026724765852 ], [ -34.876514432999954, -7.173724537765822 ], [ -34.87671504399998, -7.173739050765811 ], [ -34.876834421999945, -7.173756963765837 ], [ -34.876831860999971, -7.173902111765829 ], [ -34.87684713799996, -7.17405239876582 ], [ -34.876604694999962, -7.174035181765831 ] ] ] } },
{ "type": "Feature", "properties": { "num_setor": "PB_JOAOPES_SR_28_CPRM", "munic": "JOÃO PESSOA", "grau_risco": "Muito alto", "distancia_km": 0.92, "chuva_24h": 0.0, "chuva_72h": 0.8, "fonte_estacao": "openmeteo", "codigo_estacao": "openmeteo", "nome_estacao": "Open-Meteo (célula de grade)" }, "geometry": { "type": "Polygon", "coordinates": [ [ [ -34.849807360999932, -7.193451035765193 ], [ -34.849796048999963, -7.193316890765201 ], [ -34.850170438999953, -7.193239234765223 ], [ -34.850496421999928, -7.193183774765227 ], [ -34.850606661999954, -7.193179387765238 ], [ -34.850631544999935, -7.1932996417652 ], [ -34.850346574999946, -7.193340469765212 ], [ -34.850161076999939, -7.19338750876519 ], [ -34.850032529999964, -7.193447009765198 ], [ -34.849813444999938, -7.193513898765236 ], [ -34.849807360999932, -7.193451035765193 ] ] ] } },
{ "type": "Feature", "properties": { "num_setor": "PB_JOAOPES_SR_25_CPRM", "munic": "JOÃO PESSOA", "grau_risco": "Alto", "distancia_km": 1.54, "chuva_24h": 0.0, "chuva_72h": 0.8, "fonte_estacao": "openmeteo", "codigo_estacao": "openmeteo", "nome_estacao": "Open-Meteo (célula de grade)" }, "geometry": { "type": "Polygon", "coordinates": [ [ [ -34.882986218999974, -7.183369108765528 ], [ -34.88300056199995, -7.183266110765549 ], [ -34.883042628999931, -7.183253096765561 ], [ -34.883148829999982, -7.183245262765531 ], [ -34.883445569999935, -7.183266556765552 ], [ -34.883451224999931, -7.183357665765531 ], [ -34.88356076599996, -7.183366928765511 ], [ -34.883560096999929, -7.183490025765535 ], [ -34.883397620999965, -7.183478542765549 ], [ -34.883417122999958, -7.183991551765508 ], [ -34.883253133999972, -7.184012510765497 ], [ -34.883254471999976, -7.183981118765511 ], [ -34.883080734999965, -7.184003993765524 ], [ -34.883064648999955, -7.183933640765516 ], [ -34.883051610999985, -7.183824769765504 ], [ -34.88300871499996, -7.183612097765539 ], [ -34.882986218999974, -7.183369108765528 ] ] ] } },
{ "type": "Feature", "properties": { "num_setor": "PB_JOAOPES_SR_26_CPRM", "munic": "JOÃO PESSOA", "grau_risco": "Alto", "distancia_km": 1.46, "chuva_24h": 0.0, "chuva_72h": 0.8, "fonte_estacao": "openmeteo", "codigo_estacao": "openmeteo", "nome_estacao": "Open-Meteo (célula de grade)" }, "geometry": { "type": "Polygon", "coordinates": [ [ [ -34.877578221999954, -7.174917338765781 ], [ -34.877609281999987, -7.174794363765831 ], [ -34.877617083999951, -7.174748821765827 ], [ -34.877817357999959, -7.174806618765829 ], [ -34.87779685299995, -7.175055651765811 ], [ -34.877651119999939, -7.175020934765803 ], [ -34.877650259999946, -7.175164924765776 ], [ -34.877741166999954, -7.175203614765771 ], [ -34.877949663999971, -7.175220998765814 ], [ -34.877945775999933, -7.175321210765763 ], [ -34.87774038799995, -7.175311219765806 ], [ -34.877664906999939, -7.175307030765765 ], [ -34.877562633999958, -7.175303395765781 ], [ -34.877578221999954, -7.174917338765781 ] ] ] } },
{ "type": "Feature", "properties": { "num_setor": "PB_BAYEUX_SR_07_CPRM", "munic": "BAYEUX", "grau_risco": "Muito alto", "distancia_km": 1.65, "chuva_24h": 0.0, "chuva_72h": 0.9, "fonte_estacao": "openmeteo", "codigo_estacao": "openmeteo", "nome_estacao": "Open-Meteo (célula de grade)" }, "geometry": { "type": "Polygon", "coordinates": [ [ [ -34.907030544999941, -7.118426229767612 ], [ -34.907393020999962, -7.118270965767618 ], [ -34.907665523999981, -7.118345144767635 ], [ -34.907987526999939, -7.118532497767626 ], [ -34.90829107899998, -7.118845791767582 ], [ -34.908148768999979, -7.118958479767582 ], [ -34.908074702999954, -7.11889310776759 ], [ -34.908025266999978, -7.118749137767582 ], [ -34.907877597999978, -7.118681348767577 ], [ -34.907722975999945, -7.118613969767607 ], [ -34.907527318999939, -7.118540312767575 ], [ -34.907104532999938, -7.118610399767617 ], [ -34.907030544999941, -7.118426229767612 ] ] ] } },
{ "type": "Feature", "properties": { "num_setor": "PB_BAYEUX_SR_06_CPRM", "munic": "BAYEUX", "grau_risco": "Muito alto", "distancia_km": 1.68, "chuva_24h": 0.0, "chuva_72h": 0.9, "fonte_estacao": "openmeteo", "codigo_estacao": "openmeteo", "nome_estacao": "Open-Meteo (célula de grade)" }, "geometry": { "type": "Polygon", "coordinates": [ [ [ -34.908437101999937, -7.119547952767558 ], [ -34.908289387999957, -7.119530108767541 ], [ -34.90828700499997, -7.119527161767557 ], [ -34.908275046999961, -7.119512370767547 ], [ -34.908178289999967, -7.119395995767606 ], [ -34.908166040999959, -7.119283266767578 ], [ -34.907980133999956, -7.119126120767594 ], [ -34.908064520999972, -7.118903497767596 ], [ -34.90828999799993, -7.119136862767565 ], [ -34.908489092999957, -7.119307758767604 ], [ -34.908441143999937, -7.119550334767545 ], [ -34.908437101999937, -7.119547952767558 ] ] ] } },
{ "type": "Feature", "properties": { "num_setor": "PB_BAYEUX_SR_05_CPRM", "munic": "BAYEUX", "grau_risco": "Muito alto", "distancia_km": 1.71, "chuva_24h": 0.0, "chuva_72h": 0.9, "fonte_estacao": "openmeteo", "codigo_estacao": "openmeteo", "nome_estacao": "Open-Meteo (célula de grade)" }, "geometry": { "type": "Polygon", "coordinates": [ [ [ -34.908833175999973, -7.119959605767558 ], [ -34.908932752999931, -7.119694572767558 ], [ -34.90952997699997, -7.120136393767524 ], [ -34.909527601999969, -7.120129001767538 ], [ -34.910230146999936, -7.120485757767559 ], [ -34.910018384999944, -7.120954017767539 ], [ -34.909718108999989, -7.120868174767512 ], [ -34.909753508999977, -7.120382941767523 ], [ -34.909351298999979, -7.120123728767534 ], [ -34.909349223999989, -7.120123142767543 ], [ -34.90922302499996, -7.120078598767554 ], [ -34.909165444999928, -7.120150785767551 ], [ -34.909052367999948, -7.120109940767549 ], [ -34.908833175999973, -7.119959605767558 ] ] ] } },
{ "type": "Feature", "properties": { "num_setor": "PB_BAYEUX_SR_15_CPRM", "munic": "BAYEUX", "grau_risco": "Muito alto", "distancia_km": 0.6, "chuva_24h": 0.0, "chuva_72h": 0.9, "fonte_estacao": "openmeteo", "codigo_estacao": "openmeteo", "nome_estacao": "Open-Meteo (célula de grade)" }, "geometry": { "type": "Polygon", "coordinates": [ [ [ -34.920640980999963, -7.138011843766977 ], [ -34.920305407999933, -7.137814395766986 ], [ -34.92053698999996, -7.137308272767022 ], [ -34.921150556999976, -7.137534569767 ], [ -34.921132219999947, -7.137671912767001 ], [ -34.921136115999957, -7.137675945766981 ], [ -34.921160440999984, -7.138011037766976 ], [ -34.921176499999945, -7.138012859766977 ], [ -34.921307059999947, -7.137997557766962 ], [ -34.921478801999967, -7.138078360766965 ], [ -34.92151797799994, -7.138152234766975 ], [ -34.922874168999961, -7.138672223766958 ], [ -34.923843252, -7.138000556766965 ], [ -34.924276045999932, -7.138449319766965 ], [ -34.923220411999978, -7.139328104766934 ], [ -34.922278349999935, -7.139047546766955 ], [ -34.921544932999957, -7.138751933766977 ], [ -34.920975574999943, -7.138388026766974 ], [ -34.920586331999971, -7.138177895766966 ], [ -34.920640980999963, -7.138011843766977 ] ] ] } },
{ "type": "Feature", "properties": { "num_setor": "PB_AG_SR_03_CPRM", "munic": "ALAGOA GRANDE", "grau_risco": "Alto", "distancia_km": 1.91, "chuva_24h": 0.0, "chuva_72h": 0.0, "fonte_estacao": "openmeteo", "codigo_estacao": "openmeteo", "nome_estacao": "Open-Meteo (célula de grade)" }, "geometry": { "type": "Polygon", "coordinates": [ [ [ -35.637342331999946, -7.034889407770299 ], [ -35.637290305999954, -7.0350515937703 ], [ -35.637124715999953, -7.035106123770297 ], [ -35.636926382999945, -7.035334861770268 ], [ -35.636776187999942, -7.035607705770254 ], [ -35.636569369999961, -7.035699790770255 ], [ -35.636362664999979, -7.035807692770274 ], [ -35.636144721999983, -7.035910238770265 ], [ -35.635982585999962, -7.035985050770247 ], [ -35.635819419999962, -7.036025724770236 ], [ -35.635564236999983, -7.036081764770232 ], [ -35.635553738999931, -7.036076947770246 ], [ -35.635240517999932, -7.036065459770261 ], [ -35.634871661999966, -7.036049716770255 ], [ -35.634655492999968, -7.036033407770264 ], [ -35.634368931, -7.035984842770231 ], [ -35.634211351999966, -7.035999688770227 ], [ -35.634012036999941, -7.035963299770223 ], [ -35.633837271999937, -7.035927433770265 ], [ -35.633807789999928, -7.035833090770268 ], [ -35.633845702999963, -7.035642468770283 ], [ -35.633881576999954, -7.03550609777023 ], [ -35.633900413999982, -7.035192163770274 ], [ -35.633922722999948, -7.034847688770271 ], [ -35.633924827999984, -7.034831375770272 ], [ -35.63394564299994, -7.034540927770291 ], [ -35.633957267999953, -7.034320817770314 ], [ -35.633949794999978, -7.034138787770298 ], [ -35.633996212999932, -7.034005803770296 ], [ -35.634122199999979, -7.033864987770311 ], [ -35.634299875999943, -7.033743374770336 ], [ -35.634423885999979, -7.033668454770301 ], [ -35.634664339, -7.033574180770314 ], [ -35.634880946999942, -7.033446370770335 ], [ -35.635082073999968, -7.033356162770321 ], [ -35.635245065999982, -7.033287386770346 ], [ -35.635409758999963, -7.033211947770353 ], [ -35.635531126999979, -7.033183893770312 ], [ -35.635740982999948, -7.033142030770336 ], [ -35.63593031399995, -7.033111999770339 ], [ -35.636088757999971, -7.033137564770329 ], [ -35.636277090999954, -7.033206070770313 ], [ -35.636414338999941, -7.033259651770349 ], [ -35.636552281999968, -7.033305313770332 ], [ -35.63661171599994, -7.033287831770304 ], [ -35.636670012999957, -7.033312695770312 ], [ -35.636776414999922, -7.033324320770324 ], [ -35.636902825999982, -7.033344940770321 ], [ -35.637042771999965, -7.033372051770318 ], [ -35.637271230999943, -7.033384278770331 ], [ -35.637473831999955, -7.033394687770299 ], [ -35.637648268999953, -7.033395166770355 ], [ -35.637832763999938, -7.033360535770345 ], [ -35.637790644999939, -7.033491836770297 ], [ -35.637696858999959, -7.033497678770308 ], [ -35.637703302999959, -7.033590072770336 ], [ -35.637629918999949, -7.033708925770338 ], [ -35.63757568699998, -7.033817853770307 ], [ -35.637504432999947, -7.03395914977028 ], [ -35.637387315999945, -7.034119493770326 ], [ -35.637379257999953, -7.034238447770286 ], [ -35.637353797999936, -7.03440320477027 ], [ -35.63733541199997, -7.034563416770291 ], [ -35.637338788999962, -7.034875671770268 ], [ -35.637342331999946, -7.034889407770299 ] ] ] } },
{ "type": "Feature", "properties": { "num_setor": "PB_AG_SR_04_CPRM", "munic": "ALAGOA GRANDE", "grau_risco": "Alto", "distancia_km": 2.1, "chuva_24h": 0.0, "chuva_72h": 0.0, "fonte_estacao": "openmeteo", "codigo_estacao": "openmeteo", "nome_estacao": "Open-Meteo (célula de grade)" }, "geometry": { "type": "Polygon", "coordinates": [ [ [ -35.637790644999939, -7.033491836770297 ], [ -35.637880969999969, -7.033486210770341 ], [ -35.638142484999946, -7.033448977770336 ], [ -35.638261082999975, -7.033387610770333 ], [ -35.638454474999946, -7.033279825770331 ], [ -35.63868832299994, -7.033152100770307 ], [ -35.638756268999941, -7.033264692770354 ], [ -35.638844842999966, -7.033206234770343 ], [ -35.639048609999975, -7.033350625770333 ], [ -35.63915566899994, -7.0334314857703 ], [ -35.639577340999949, -7.033657839770295 ], [ -35.63976878099993, -7.033863523770325 ], [ -35.64011355699995, -7.03413801777031 ], [ -35.640442195999981, -7.03447838077027 ], [ -35.640728576999948, -7.034894968770252 ], [ -35.640794335999942, -7.035208049770245 ], [ -35.640647551999962, -7.035619219770247 ], [ -35.640537717999969, -7.035947904770233 ], [ -35.64038091499998, -7.036495420770197 ], [ -35.640224698999923, -7.036682717770218 ], [ -35.640028781999945, -7.036830708770213 ], [ -35.63978733099998, -7.036854203770213 ], [ -35.639374965999934, -7.036728774770237 ], [ -35.639155009999968, -7.036641431770217 ], [ -35.638934301999939, -7.036575047770241 ], [ -35.638575459999977, -7.036473995770203 ], [ -35.638248784999973, -7.036327243770228 ], [ -35.637940643999968, -7.036019609770209 ], [ -35.637758018999932, -7.035599566770263 ], [ -35.637459198999977, -7.03534245977029 ], [ -35.637342331999946, -7.034889407770299 ], [ -35.637338788999962, -7.034875671770268 ], [ -35.63733541199997, -7.034563416770291 ], [ -35.637353797999936, -7.03440320477027 ], [ -35.637379257999953, -7.034238447770286 ], [ -35.637387315999945, -7.034119493770326 ], [ -35.637504432999947, -7.03395914977028 ], [ -35.63757568699998, -7.033817853770307 ], [ -35.637629918999949, -7.033708925770338 ], [ -35.637703302999959, -7.033590072770336 ], [ -35.637696858999959, -7.033497678770308 ], [ -35.637790644999939, -7.033491836770297 ] ] ] } },
{ "type": "Feature", "properties": { "num_setor": "PB_AREIA_SR_1_CPRM", "munic": "AREIA", "grau_risco": "Alto", "distancia_km": 1.61, "chuva_24h": 0.2, "chuva_72h": 0.4, "fonte_estacao": "openmeteo", "codigo_estacao": "openmeteo", "nome_estacao": "Open-Meteo (célula de grade)" }, "geometry": { "type": "Polygon", "coordinates": [ [ [ -35.701527620999968, -6.966558311772475 ], [ -35.701483031999935, -6.966313003772489 ], [ -35.701485722999962, -6.96621608277247 ], [ -35.701529352999955, -6.965981899772506 ], [ -35.701578010999981, -6.9658491797725 ], [ -35.701701864999961, -6.965538213772476 ], [ -35.701761918999978, -6.965347643772512 ], [ -35.701798779999926, -6.96523772977251 ], [ -35.701855074999969, -6.964951843772489 ], [ -35.701967749999937, -6.964933645772524 ], [ -35.702054855999961, -6.964986320772533 ], [ -35.701982568999945, -6.965480028772481 ], [ -35.701939423999939, -6.965555809772492 ], [ -35.701891848999928, -6.965639375772498 ], [ -35.70175103299993, -6.965895498772472 ], [ -35.701660927999967, -6.966142162772496 ], [ -35.701619722999965, -6.966324911772462 ], [ -35.70162613399998, -6.966421986772447 ], [ -35.701620114999969, -6.96658221777244 ], [ -35.701527620999968, -6.966558311772475 ] ] ] } },
{ "type": "Feature", "properties": { "num_setor": "PB_AG_SR_02_CPRM", "munic": "ALAGOA GRANDE", "grau_risco": "Alto", "distancia_km": 1.43, "chuva_24h": 0.0, "chuva_72h": 0.0, "fonte_estacao": "openmeteo", "codigo_estacao": "openmeteo", "nome_estacao": "Open-Meteo (célula de grade)" }, "geometry": { "type": "Polygon", "coordinates": [ [ [ -35.635664420999944, -7.032116649770389 ], [ -35.63583544599993, -7.031770664770372 ], [ -35.636009184999978, -7.031382572770418 ], [ -35.636168192999946, -7.031079238770397 ], [ -35.636270564999961, -7.03097810777039 ], [ -35.63638068299997, -7.031003656770374 ], [ -35.636608413999973, -7.03117222777039 ], [ -35.636764951999965, -7.031477020770378 ], [ -35.636857297999931, -7.031786851770351 ], [ -35.636919, -7.032081037770362 ], [ -35.637096672999974, -7.032241712770368 ], [ -35.637309711999933, -7.032183196770354 ], [ -35.637553532999966, -7.032073277770342 ], [ -35.637899126999969, -7.031974353770361 ], [ -35.638173778999942, -7.031810366770357 ], [ -35.638583798999946, -7.031817836770371 ], [ -35.63901268099994, -7.03171175677035 ], [ -35.639568115999964, -7.031752682770401 ], [ -35.639853349999953, -7.031842890770359 ], [ -35.640330507999977, -7.032417428770366 ], [ -35.639872363999984, -7.03251936077037 ], [ -35.63917844599996, -7.032716025770336 ], [ -35.638916364999943, -7.03270055177033 ], [ -35.638716880999937, -7.032740667770361 ], [ -35.638479993999965, -7.032917018770358 ], [ -35.638110081999969, -7.033180832770339 ], [ -35.637642937999942, -7.033244781770315 ], [ -35.637133606999953, -7.033229852770337 ], [ -35.636733721999974, -7.033158414770325 ], [ -35.636437286999978, -7.033173174770325 ], [ -35.636209040999972, -7.033143616770333 ], [ -35.635899843999937, -7.033089337770351 ], [ -35.63539382099998, -7.033162755770344 ], [ -35.634950182999937, -7.033195888770334 ], [ -35.634708849999981, -7.033242634770342 ], [ -35.634270760999989, -7.033469308770313 ], [ -35.633743460999938, -7.03395198077033 ], [ -35.633560734999946, -7.034152802770281 ], [ -35.633245379999948, -7.034422517770262 ], [ -35.632944717999976, -7.034394809770317 ], [ -35.63233742999995, -7.034366499770315 ], [ -35.631902685999933, -7.034440342770309 ], [ -35.631524986999985, -7.034635001770292 ], [ -35.631081329999972, -7.034961734770287 ], [ -35.63084410099998, -7.035151164770265 ], [ -35.630684000999963, -7.035199782770257 ], [ -35.63022682899998, -7.03562134877024 ], [ -35.629909951999934, -7.035957719770235 ], [ -35.629684886999947, -7.036186990770251 ], [ -35.629932626999967, -7.036431292770234 ], [ -35.630104071999938, -7.036732264770222 ], [ -35.630391173999953, -7.037031424770209 ], [ -35.630548919999967, -7.037250192770222 ], [ -35.630726565999964, -7.03747901677019 ], [ -35.630854039999974, -7.037639471770201 ], [ -35.631057765999969, -7.037973804770205 ], [ -35.630992275999972, -7.038056667770192 ], [ -35.630857378999963, -7.038071075770162 ], [ -35.63058719899994, -7.038278091770147 ], [ -35.630104754999934, -7.038703714770139 ], [ -35.630235920999951, -7.038991805770147 ], [ -35.630269358999954, -7.039272388770146 ], [ -35.63037818399993, -7.039488372770103 ], [ -35.630207809999945, -7.039748005770134 ], [ -35.629634979999935, -7.03941854677015 ], [ -35.629419728999949, -7.039112767770126 ], [ -35.629036519999943, -7.038287711770159 ], [ -35.628741163999962, -7.037864556770208 ], [ -35.628390105999983, -7.037662411770214 ], [ -35.628380101999944, -7.037662006770174 ], [ -35.627988701999982, -7.037597014770202 ], [ -35.627475475999972, -7.037690959770195 ], [ -35.626719368999943, -7.037923909770191 ], [ -35.626230463999946, -7.038252673770196 ], [ -35.625692323999949, -7.038697915770136 ], [ -35.625412299999937, -7.038859302770174 ], [ -35.624695403999965, -7.039041167770121 ], [ -35.624098987999957, -7.039170077770106 ], [ -35.622982727999954, -7.039759626770131 ], [ -35.622377335999943, -7.040851760770069 ], [ -35.621665890999964, -7.039995000770124 ], [ -35.620862551999949, -7.03957948377012 ], [ -35.620124854, -7.039527953770111 ], [ -35.619270763999964, -7.039466776770153 ], [ -35.618715786999928, -7.038124294770149 ], [ -35.619451326999972, -7.037063849770235 ], [ -35.620280867999952, -7.036285362770211 ], [ -35.621538892999972, -7.035766496770236 ], [ -35.622631069999947, -7.035988803770229 ], [ -35.623815214999979, -7.036087392770237 ], [ -35.624352937999959, -7.036223780770213 ], [ -35.624627633999978, -7.03613662877023 ], [ -35.625167022999953, -7.035864858770249 ], [ -35.625600267999971, -7.035730979770221 ], [ -35.626009022999945, -7.035643425770279 ], [ -35.626407696999934, -7.035623628770227 ], [ -35.626706425999942, -7.035551432770268 ], [ -35.626888429999951, -7.035435497770273 ], [ -35.627089847999969, -7.035103324770287 ], [ -35.627254934999932, -7.034758674770305 ], [ -35.627434861999966, -7.034598988770296 ], [ -35.627829726999948, -7.034454218770276 ], [ -35.628379658999961, -7.034275639770319 ], [ -35.62895722199994, -7.034115264770319 ], [ -35.629373876999978, -7.033902658770336 ], [ -35.629497920999938, -7.03369683877032 ], [ -35.629583078999929, -7.03348386277033 ], [ -35.629691048999973, -7.033289290770329 ], [ -35.62987314399993, -7.033265734770308 ], [ -35.630092715999979, -7.033338592770309 ], [ -35.63029169999993, -7.033412398770296 ], [ -35.630549088999942, -7.033392663770337 ], [ -35.630782712, -7.033319687770324 ], [ -35.630988279999947, -7.033212955770318 ], [ -35.631159613999955, -7.032991327770366 ], [ -35.631362799999977, -7.032756374770356 ], [ -35.631674069999974, -7.032579375770347 ], [ -35.631935055999975, -7.032681498770372 ], [ -35.632271367999977, -7.032763681770329 ], [ -35.632685596999977, -7.032763441770363 ], [ -35.633290066999962, -7.03269632277032 ], [ -35.63375233499994, -7.032415236770355 ], [ -35.634110865999965, -7.032346674770333 ], [ -35.634752601999935, -7.03235490477038 ], [ -35.635200422999958, -7.032303654770367 ], [ -35.635664420999944, -7.032116649770389 ] ] ] } },
{ "type": "Feature", "properties": { "num_setor": "PB_AL_SR_01_CPRM", "munic": "ALAGOINHA", "grau_risco": "Alto", "distancia_km": 1.76, "chuva_24h": 0.0, "chuva_72h": 0.2, "fonte_estacao": "openmeteo", "codigo_estacao": "openmeteo", "nome_estacao": "Open-Meteo (célula de grade)" }, "geometry": { "type": "Polygon", "coordinates": [ [ [ -35.550045797999921, -6.949535633773031 ], [ -35.550132254999937, -6.949504677772983 ], [ -35.550138835999974, -6.949514617773025 ], [ -35.550183586999935, -6.949564980773031 ], [ -35.550195741999971, -6.949581191772979 ], [ -35.550229800999944, -6.949649870773016 ], [ -35.550236354999981, -6.949659772773007 ], [ -35.550274942999977, -6.949730960772997 ], [ -35.550291645999955, -6.949749741772988 ], [ -35.550358525999968, -6.949840242772971 ], [ -35.550374120999955, -6.949855406773019 ], [ -35.550424605999979, -6.949915260772984 ], [ -35.550425548999954, -6.949918868772968 ], [ -35.550445633999971, -6.949936598772993 ], [ -35.550514184999933, -6.950022016773019 ], [ -35.550575827999978, -6.950066725772971 ], [ -35.55059483399998, -6.950080733772961 ], [ -35.550604792999934, -6.950089522773008 ], [ -35.550652773999957, -6.950141512772982 ], [ -35.55073656899998, -6.950222771772993 ], [ -35.55073725099993, -6.950225435772961 ], [ -35.550853136999933, -6.95034909377296 ], [ -35.550934048999977, -6.950425410772994 ], [ -35.550935415999959, -6.950430626772975 ], [ -35.550998654999937, -6.950514049773004 ], [ -35.551003949999938, -6.950523758772987 ], [ -35.551075457999957, -6.950618423772986 ], [ -35.551080725999945, -6.950628091772953 ], [ -35.551082749999971, -6.95063585677297 ], [ -35.551155388999966, -6.950746228772964 ], [ -35.551157398999976, -6.950753959772948 ], [ -35.551211259999945, -6.950877018772974 ], [ -35.551231315999985, -6.950922709772939 ], [ -35.551252548999969, -6.950983515772958 ], [ -35.551257244999931, -6.951001620772939 ], [ -35.551304695999931, -6.951069073772977 ], [ -35.551308577999968, -6.951073555772935 ], [ -35.551371797999934, -6.951139313772939 ], [ -35.551376993999952, -6.951148922772953 ], [ -35.551430405999952, -6.951208782772968 ], [ -35.551490797999975, -6.951285704772975 ], [ -35.551537257999939, -6.951308768772977 ], [ -35.55154043899995, -6.951310645772964 ], [ -35.55159064299994, -6.951338092772947 ], [ -35.551591293999934, -6.951340642772981 ], [ -35.551642048999952, -6.951370581772971 ], [ -35.551649034999969, -6.951376866772964 ], [ -35.551692324999969, -6.951441293772939 ], [ -35.551717665999945, -6.95146701177296 ], [ -35.55172906699994, -6.95148019777295 ], [ -35.551739937999969, -6.951512468772961 ], [ -35.551742508999951, -6.951522599772967 ], [ -35.551752780999948, -6.95156308977297 ], [ -35.551754063999965, -6.951568147772966 ], [ -35.551770598999951, -6.951614964772961 ], [ -35.551769278999984, -6.951620713772929 ], [ -35.551805926999975, -6.95169134777293 ], [ -35.55180702499996, -6.951696402772956 ], [ -35.551833020999936, -6.951803856772936 ], [ -35.551817290999963, -6.951876865772939 ], [ -35.551813960999937, -6.951887038772909 ], [ -35.551812555999959, -6.951891328772952 ], [ -35.551814276999949, -6.951959140772954 ], [ -35.551812884999947, -6.951964756772906 ], [ -35.551804302999983, -6.951985408772946 ], [ -35.551799593999931, -6.951999755772936 ], [ -35.551780553999947, -6.952044059772911 ], [ -35.551773396999977, -6.952059022772923 ], [ -35.551747275999958, -6.952097083772916 ], [ -35.551735967999946, -6.952107685772953 ], [ -35.551724096999976, -6.952115828772947 ], [ -35.551706184999944, -6.952133223772937 ], [ -35.551686573999973, -6.952143270772921 ], [ -35.551671017999979, -6.952147142772906 ], [ -35.551610168999957, -6.952167431772921 ], [ -35.551600451999946, -6.952172417772939 ], [ -35.551583029999954, -6.952179315772926 ], [ -35.551555294999957, -6.952188730772948 ], [ -35.551540255999946, -6.952194896772942 ], [ -35.551520065999966, -6.952202298772934 ], [ -35.551510266999969, -6.952207190772923 ], [ -35.551480950999974, -6.952221827772919 ], [ -35.551469188999931, -6.952229698772904 ], [ -35.551426918999937, -6.952257433772903 ], [ -35.551417253999944, -6.952262253772914 ], [ -35.551366590999976, -6.952286856772902 ], [ -35.551349406999975, -6.952293445772908 ], [ -35.551285739999969, -6.952306129772923 ], [ -35.551283224999963, -6.952306729772944 ], [ -35.551223469999968, -6.952301142772909 ], [ -35.551155964999964, -6.952231553772948 ], [ -35.551128419999941, -6.952205938772924 ], [ -35.551119934999974, -6.952193148772953 ], [ -35.55109018099995, -6.952148302772917 ], [ -35.551089010999938, -6.952143640772935 ], [ -35.551052976999983, -6.952095129772952 ], [ -35.551050615999941, -6.952085763772918 ], [ -35.551047070999971, -6.952071699772944 ], [ -35.55102637899995, -6.95203176177291 ], [ -35.551025783999933, -6.952029407772903 ], [ -35.551022807999964, -6.95201762777294 ], [ -35.551004279999972, -6.951944283772953 ], [ -35.55100067799998, -6.951930026772927 ], [ -35.550987828999951, -6.951869614772945 ], [ -35.550983455999983, -6.95185279077294 ], [ -35.550984706999941, -6.951847345772948 ], [ -35.550979076999965, -6.95181539877292 ], [ -35.550977197999948, -6.951808163772927 ], [ -35.550974063999945, -6.951796096772924 ], [ -35.55096527599995, -6.951762258772945 ], [ -35.550960874999923, -6.951745311772942 ], [ -35.550935094999936, -6.95169762077292 ], [ -35.550931323999976, -6.951693414772947 ], [ -35.550926895999964, -6.951676399772927 ], [ -35.550925629999938, -6.951671534772929 ], [ -35.55089287199997, -6.951628090772961 ], [ -35.550889092999967, -6.95162387577291 ], [ -35.550879619999932, -6.95160812277296 ], [ -35.55085685399996, -6.951556544772954 ], [ -35.550849100999983, -6.951546169772962 ], [ -35.550823601999973, -6.951505596772926 ], [ -35.550818882999977, -6.951496854772947 ], [ -35.550794221999979, -6.951460579772935 ], [ -35.550790002999975, -6.951454115772973 ], [ -35.550781547999975, -6.951441160772923 ], [ -35.550765686999966, -6.951419904772957 ], [ -35.550761431999945, -6.951413386772937 ], [ -35.55075661099994, -6.95140447877296 ], [ -35.550726619999978, -6.951358532772962 ], [ -35.550721739999972, -6.951349523772961 ], [ -35.550716850999947, -6.951340497772977 ], [ -35.55069747299995, -6.951293829772935 ], [ -35.550695721999944, -6.951286499772981 ], [ -35.550687581999959, -6.951275547772955 ], [ -35.550658879999958, -6.951225246772966 ], [ -35.550646829999948, -6.951209854772952 ], [ -35.55059889599994, -6.951150350772969 ], [ -35.55059627199995, -6.951151024772946 ], [ -35.550583292999939, -6.951143654772954 ], [ -35.550522067999964, -6.951121884772967 ], [ -35.550508359999981, -6.951122752772941 ], [ -35.550415144999938, -6.951142698772948 ], [ -35.550358443999983, -6.951152448772951 ], [ -35.550335833999952, -6.951125509772947 ], [ -35.55034873599994, -6.951068299772977 ], [ -35.550366431999983, -6.950992661772984 ], [ -35.550375259999953, -6.95097380077298 ], [ -35.550380964999931, -6.950964011772939 ], [ -35.550398382999951, -6.950904421772963 ], [ -35.55040218999995, -6.950897887772941 ], [ -35.55037796299996, -6.950806607772949 ], [ -35.550359081999943, -6.950700638772949 ], [ -35.550374613999963, -6.950636917772951 ], [ -35.550375750999933, -6.950598126772994 ], [ -35.550365780999982, -6.950568034772968 ], [ -35.550353519999931, -6.950536575772954 ], [ -35.550349738999955, -6.950500867772975 ], [ -35.550348502999945, -6.950481851772964 ], [ -35.550344848999941, -6.950453778772953 ], [ -35.550330602999964, -6.950414903772981 ], [ -35.550328387999976, -6.950392191773009 ], [ -35.550326319999954, -6.950378104773003 ], [ -35.550326090999931, -6.950369300772996 ], [ -35.55032564499993, -6.950359686772972 ], [ -35.550317954999969, -6.950355249773006 ], [ -35.55031695699995, -6.950343604772978 ], [ -35.550312930999951, -6.950332757772975 ], [ -35.550309450999976, -6.950323924772992 ], [ -35.550275439999943, -6.950278603772976 ], [ -35.550222764999951, -6.95025526977299 ], [ -35.550113191999969, -6.950178557772986 ], [ -35.550103526999976, -6.950172749773009 ], [ -35.550025409999932, -6.950123516772989 ], [ -35.550000739999973, -6.950113256772974 ], [ -35.549890024999968, -6.95006961377301 ], [ -35.549738447999971, -6.950056559772989 ], [ -35.549721988999977, -6.950058154773005 ], [ -35.54960009399997, -6.950053989772997 ], [ -35.54957367399993, -6.950061109773019 ], [ -35.549565091999966, -6.950060570772978 ], [ -35.549429540999938, -6.950071398773 ], [ -35.54941895099995, -6.950074250772969 ], [ -35.54930904899993, -6.950109574772982 ], [ -35.549294502999942, -6.950119209773002 ], [ -35.549181973999964, -6.950166674772971 ], [ -35.549106092999978, -6.950224236772963 ], [ -35.549006743999946, -6.950287890772993 ], [ -35.548851064999951, -6.950406496772986 ], [ -35.54875231799997, -6.950488098772952 ], [ -35.548676300999944, -6.950550618772981 ], [ -35.548665756999981, -6.950553428772985 ], [ -35.548601475999924, -6.950567733772968 ], [ -35.548564973999923, -6.950518081773002 ], [ -35.548559408999942, -6.95050824377296 ], [ -35.548531903999951, -6.950408138772965 ], [ -35.548529008999935, -6.950397602772973 ], [ -35.548504870999977, -6.950248521773017 ], [ -35.548503400999948, -6.950243185772999 ], [ -35.548488362999933, -6.950146828772988 ], [ -35.548488678999945, -6.950127019773007 ], [ -35.548476766999954, -6.950062671772987 ], [ -35.548583867999973, -6.949996856773012 ], [ -35.549112414999968, -6.949823007772998 ], [ -35.549484802999984, -6.949710663772998 ], [ -35.549495730999979, -6.94970770577302 ], [ -35.549748721999947, -6.949631531773007 ], [ -35.550000611999963, -6.949551812773027 ], [ -35.550045797999921, -6.949535633773031 ] ] ] } },
{ "type": "Feature", "properties": { "num_setor": "PB_AREIA_SR_2_CPRM", "munic": "AREIA", "grau_risco": "Alto", "distancia_km": 1.2, "chuva_24h": 0.2, "chuva_72h": 0.4, "fonte_estacao": "openmeteo", "codigo_estacao": "openmeteo", "nome_estacao": "Open-Meteo (célula de grade)" }, "geometry": { "type": "Polygon", "coordinates": [ [ [ -35.707020266999962, -6.965849504772472 ], [ -35.70718717799997, -6.96566461977247 ], [ -35.707283041999979, -6.965522084772522 ], [ -35.707332236999946, -6.965422085772477 ], [ -35.707457892999969, -6.965424360772527 ], [ -35.707426918999943, -6.965586798772483 ], [ -35.70737870499994, -6.965690239772498 ], [ -35.707304332999968, -6.965849801772511 ], [ -35.707203876999984, -6.966029746772465 ], [ -35.707139372999961, -6.966131942772459 ], [ -35.706955540999957, -6.966011625772482 ], [ -35.706853567999929, -6.966086426772462 ], [ -35.706736546999934, -6.966172266772452 ], [ -35.706566762999955, -6.966281479772483 ], [ -35.706444691999941, -6.966422745772499 ], [ -35.706285476999938, -6.966613266772468 ], [ -35.706166644999946, -6.966771739772459 ], [ -35.705982056999972, -6.967017898772422 ], [ -35.705778839999937, -6.96729457777244 ], [ -35.705799292999977, -6.967373759772416 ], [ -35.705673200999968, -6.967617092772418 ], [ -35.70560379099993, -6.967589250772413 ], [ -35.705696103999969, -6.967335449772437 ], [ -35.705684735999967, -6.967241372772468 ], [ -35.705821090999962, -6.967061998772449 ], [ -35.705873439999941, -6.966974368772457 ], [ -35.705987482999944, -6.966783458772444 ], [ -35.706217140999968, -6.966483612772495 ], [ -35.706423773999973, -6.96625509277249 ], [ -35.70651004299998, -6.96617023577245 ], [ -35.706690704999971, -6.966069084772488 ], [ -35.706791664999969, -6.966012557772457 ], [ -35.707020266999962, -6.965849504772472 ] ] ] } },
{ "type": "Feature", "properties": { "num_setor": "PB_AG_SR_05_CPRM", "munic": "ALAGOA GRANDE", "grau_risco": "Alto", "distancia_km": 0.55, "chuva_24h": 0.0, "chuva_72h": 0.1, "fonte_estacao": "openmeteo", "codigo_estacao": "openmeteo", "nome_estacao": "Open-Meteo (célula de grade)" }, "geometry": { "type": "Polygon", "coordinates": [ [ [ -35.621202874999938, -7.078540794768908 ], [ -35.620805494999956, -7.078460119768864 ], [ -35.62075562299998, -7.078411653768915 ], [ -35.620657112999936, -7.078091776768886 ], [ -35.620634889999963, -7.078046999768915 ], [ -35.620701389999965, -7.077332139768919 ], [ -35.620708637999932, -7.077277401768902 ], [ -35.620721323999931, -7.077181596768908 ], [ -35.620908646999965, -7.076830056768925 ], [ -35.620917727999938, -7.076761552768909 ], [ -35.620924992999953, -7.076706742768922 ], [ -35.621031966999965, -7.076218607768978 ], [ -35.621037423999951, -7.076177454768944 ], [ -35.621148736999942, -7.075647007768999 ], [ -35.621166020999965, -7.075621292768946 ], [ -35.621213135999938, -7.075250799768969 ], [ -35.621216619999984, -7.07522340176898 ], [ -35.621281987999964, -7.074815176768996 ], [ -35.62128713299996, -7.074774275769017 ], [ -35.62148203299995, -7.074232173769042 ], [ -35.621518457999962, -7.074167579769009 ], [ -35.621587630999954, -7.07406573576904 ], [ -35.621988245999944, -7.073662080769038 ], [ -35.622022768999955, -7.073611242769045 ], [ -35.622060984999962, -7.073533075769021 ], [ -35.62239909799996, -7.072992799769056 ], [ -35.622588683999936, -7.072737080769069 ], [ -35.622746742999936, -7.072985297769045 ], [ -35.622599832999981, -7.073623233769048 ], [ -35.622588676999953, -7.073704940769046 ], [ -35.622571638999943, -7.074132130769014 ], [ -35.622560589999971, -7.074213601768992 ], [ -35.622536491999945, -7.074610080768998 ], [ -35.622524254999973, -7.074718081768999 ], [ -35.622548017999975, -7.075133590768977 ], [ -35.622547379999951, -7.075257950769006 ], [ -35.622509630999957, -7.075919515768956 ], [ -35.622503077999966, -7.075974396768936 ], [ -35.622300879999962, -7.076716976768922 ], [ -35.622295645999948, -7.076758258768955 ], [ -35.622096154999952, -7.077334804768933 ], [ -35.622057409999968, -7.077413385768898 ], [ -35.621782785999983, -7.077990323768868 ], [ -35.621583098999963, -7.078326073768896 ], [ -35.621532549999984, -7.078389162768869 ], [ -35.621244375999936, -7.078546306768887 ], [ -35.621202874999938, -7.078540794768908 ] ] ] } },
{ "type": "Feature", "properties": { "num_setor": "PB_AL_SR_05_CPRM", "munic": "ALAGOINHA", "grau_risco": "Alto", "distancia_km": 0.36, "chuva_24h": 0.0, "chuva_72h": 0.2, "fonte_estacao": "openmeteo", "codigo_estacao": "openmeteo", "nome_estacao": "Open-Meteo (célula de grade)" }, "geometry": { "type": "Polygon", "coordinates": [ [ [ -35.539130332999939, -6.957778945772751 ], [ -35.539205485999958, -6.957745762772725 ], [ -35.539214829999935, -6.957741397772731 ], [ -35.539286975999971, -6.95767026977273 ], [ -35.539293521999973, -6.95766843177273 ], [ -35.539310648999951, -6.957660107772764 ], [ -35.539317203999929, -6.95765826677274 ], [ -35.53937265999997, -6.957635350772759 ], [ -35.539380404999982, -6.957631361772764 ], [ -35.539401739999953, -6.957625257772746 ], [ -35.539407876999974, -6.95762175677277 ], [ -35.539451529999951, -6.957599210772741 ], [ -35.539461524999979, -6.957596606772769 ], [ -35.539471515999935, -6.957594003772725 ], [ -35.539487645999941, -6.95758788477275 ], [ -35.539528185999984, -6.957573396772776 ], [ -35.539689604999978, -6.95748203577273 ], [ -35.539700753999966, -6.957477249772758 ], [ -35.53981238199998, -6.957416950772771 ], [ -35.539818107999963, -6.95741186377274 ], [ -35.539834234999944, -6.957405723772757 ], [ -35.539939929999946, -6.957355845772734 ], [ -35.53994806999998, -6.957346567772741 ], [ -35.540098500999925, -6.957258009772786 ], [ -35.540101658999966, -6.957250081772784 ], [ -35.540201576999948, -6.957178748772789 ], [ -35.540204443999976, -6.957176202772768 ], [ -35.540303022999979, -6.95709991477277 ], [ -35.540412000999936, -6.957003115772771 ], [ -35.540486947999959, -6.956919117772793 ], [ -35.540563441999957, -6.956831207772745 ], [ -35.540585634999957, -6.956846324772777 ], [ -35.540608302999942, -6.956863088772792 ], [ -35.540631816999962, -6.956895535772753 ], [ -35.540634872999931, -6.956900002772748 ], [ -35.540670368999947, -6.956955748772789 ], [ -35.540673892999969, -6.956961865772787 ], [ -35.540688923999937, -6.956989626772742 ], [ -35.540689387999976, -6.956991270772753 ], [ -35.540694308999939, -6.95700232377279 ], [ -35.540696906999983, -6.957005157772778 ], [ -35.540712605999943, -6.957041624772748 ], [ -35.540714930999961, -6.957049851772769 ], [ -35.540716325999938, -6.957054788772742 ], [ -35.540732230999929, -6.957098330772758 ], [ -35.54073455799994, -6.957106565772744 ], [ -35.540742253999952, -6.957129383772736 ], [ -35.540744374999974, -6.957137701772766 ], [ -35.540744798999981, -6.957139365772794 ], [ -35.540760371999966, -6.957179560772788 ], [ -35.54076164099996, -6.957184540772754 ], [ -35.540763754999944, -6.957192839772761 ], [ -35.540766807999944, -6.957225691772761 ], [ -35.540764335999938, -6.957229903772781 ], [ -35.540761895999935, -6.95724118877275 ], [ -35.540757473999975, -6.957272463772774 ], [ -35.540757083999949, -6.957277873772749 ], [ -35.540741109999942, -6.957319296772777 ], [ -35.540737410999952, -6.957325593772747 ], [ -35.540723505999949, -6.957361106772748 ], [ -35.540713693999976, -6.957384906772746 ], [ -35.540711654999939, -6.957390741772777 ], [ -35.540705079999952, -6.957399565772738 ], [ -35.540675490999945, -6.957435731772768 ], [ -35.540674261999975, -6.957437822772768 ], [ -35.540633042999957, -6.957463054772751 ], [ -35.540626858999929, -6.957466488772756 ], [ -35.540617849999933, -6.957479470772739 ], [ -35.540612093999982, -6.957484542772762 ], [ -35.540578915999966, -6.957526880772781 ], [ -35.540576467999983, -6.957531051772773 ], [ -35.540572797999978, -6.957537306772742 ], [ -35.540560568999979, -6.957558147772772 ], [ -35.540553601999932, -6.957565292772758 ], [ -35.54052416299993, -6.957601284772749 ], [ -35.540515125999946, -6.95760723477275 ], [ -35.540507376999983, -6.957618081772748 ], [ -35.540455404999925, -6.957658630772752 ], [ -35.540429232999934, -6.957700938772741 ], [ -35.540422685999943, -6.957709749772733 ], [ -35.540419814999957, -6.957712286772729 ], [ -35.540414072999965, -6.957717359772738 ], [ -35.54037178699997, -6.95774463577277 ], [ -35.540362758999947, -6.957750595772721 ], [ -35.54035989099998, -6.957753129772751 ], [ -35.540303915999971, -6.957789371772765 ], [ -35.540296049999938, -6.957793258772759 ], [ -35.540287787999951, -6.957795495772753 ], [ -35.540284085999929, -6.95779474277276 ], [ -35.540230827999949, -6.957807411772754 ], [ -35.540224624999944, -6.957810846772754 ], [ -35.540211819999961, -6.957816069772768 ], [ -35.540208518999975, -6.957816963772746 ], [ -35.540130565999959, -6.957836320772734 ], [ -35.54012025399993, -6.957844374772765 ], [ -35.540107888999955, -6.957851228772761 ], [ -35.540092234999975, -6.957858971772731 ], [ -35.540046568999969, -6.957887085772755 ], [ -35.540040403999967, -6.957890502772716 ], [ -35.540002640999944, -6.957914696772765 ], [ -35.539993201999955, -6.957918995772721 ], [ -35.53998048099993, -6.957924181772728 ], [ -35.539977195999938, -6.957925070772767 ], [ -35.539932660999966, -6.95796324877271 ], [ -35.539927742999964, -6.957964578772749 ], [ -35.539714200999974, -6.95803263377273 ], [ -35.539708108999946, -6.958036007772747 ], [ -35.539697122999939, -6.958040698772763 ], [ -35.539681249999951, -6.958046704772745 ], [ -35.539595868999982, -6.958092200772721 ], [ -35.539590972999981, -6.958093555772722 ], [ -35.539579537999941, -6.958096719772732 ], [ -35.539568087999953, -6.958099887772716 ], [ -35.539491588999965, -6.95812463977272 ], [ -35.539488292999977, -6.958125545772742 ], [ -35.539480049999952, -6.958127813772746 ], [ -35.539466391999952, -6.958129825772728 ], [ -35.53946308999997, -6.958130733772732 ], [ -35.539393733999923, -6.95813560077276 ], [ -35.539392098999933, -6.958136041772755 ], [ -35.539383923999935, -6.958138245772756 ], [ -35.539373656999949, -6.958139267772744 ], [ -35.539305160999952, -6.958121086772715 ], [ -35.539300043999958, -6.958115479772727 ], [ -35.539286075999939, -6.958103521772709 ], [ -35.539222197999941, -6.958052516772724 ], [ -35.539174496999969, -6.957972309772734 ], [ -35.539171920999934, -6.957969486772742 ], [ -35.539166768999962, -6.957963840772765 ], [ -35.539132996999967, -6.957920104772759 ], [ -35.539127393999934, -6.957912809772711 ], [ -35.539122403999954, -6.95790717077272 ], [ -35.539120240999978, -6.957899002772751 ], [ -35.539107576999982, -6.957870967772743 ], [ -35.539105849999949, -6.957864442772736 ], [ -35.53910369099998, -6.957856288772737 ], [ -35.539101101999961, -6.957846508772762 ], [ -35.539102659999969, -6.957812853772732 ], [ -35.539104616999971, -6.957807066772767 ], [ -35.539110586999982, -6.957796669772724 ], [ -35.539130332999939, -6.957778945772751 ] ] ] } },
{ "type": "Feature", "properties": { "num_setor": "PB_BAYEUX_SR_09_CPRM", "munic": "BAYEUX", "grau_risco": "Muito alto", "distancia_km": 1.99, "chuva_24h": 0.0, "chuva_72h": 0.9, "fonte_estacao": "openmeteo", "codigo_estacao": "openmeteo", "nome_estacao": "Open-Meteo (célula de grade)" }, "geometry": { "type": "Polygon", "coordinates": [ [ [ -34.894871327999965, -7.119880628767574 ], [ -34.895753298999978, -7.119585806767576 ], [ -34.895901784999978, -7.119927571767545 ], [ -34.897568886999977, -7.119722771767547 ], [ -34.897574010999953, -7.120171822767559 ], [ -34.898734843999932, -7.119954578767568 ], [ -34.900005207999975, -7.119840283767573 ], [ -34.900022044999957, -7.12006948376754 ], [ -34.900441846999968, -7.120253686767541 ], [ -34.901168459999958, -7.12051491376754 ], [ -34.901710881999975, -7.12092881076752 ], [ -34.902511836999963, -7.12146335076749 ], [ -34.902530614999932, -7.121603179767517 ], [ -34.902710722999984, -7.121595558767507 ], [ -34.902735531999951, -7.121823664767509 ], [ -34.902838387999971, -7.122099421767501 ], [ -34.90361863499993, -7.121649462767475 ], [ -34.903784985999948, -7.121774685767529 ], [ -34.904018643999969, -7.12212619676748 ], [ -34.903955623999934, -7.122653057767489 ], [ -34.903623533999962, -7.122628641767456 ], [ -34.903582616999984, -7.122272466767488 ], [ -34.902025314999946, -7.122876253767458 ], [ -34.901822879999941, -7.121474119767514 ], [ -34.90115154199998, -7.120837764767549 ], [ -34.900049707999983, -7.120299434767526 ], [ -34.899582864999957, -7.120230321767539 ], [ -34.898156147999941, -7.120401863767565 ], [ -34.89664797699993, -7.120880567767536 ], [ -34.894465231999959, -7.121277681767537 ], [ -34.894396019999931, -7.120427315767551 ], [ -34.894895940999959, -7.120274897767527 ], [ -34.894871327999965, -7.119880628767574 ] ] ] } },
{ "type": "Feature", "properties": { "num_setor": "PB_AG_SR_01_CPRM", "munic": "ALAGOA GRANDE", "grau_risco": "Alto", "distancia_km": 1.25, "chuva_24h": 0.0, "chuva_72h": 0.0, "fonte_estacao": "openmeteo", "codigo_estacao": "openmeteo", "nome_estacao": "Open-Meteo (célula de grade)" }, "geometry": { "type": "Polygon", "coordinates": [ [ [ -35.634190964999959, -7.041188809770056 ], [ -35.634219364999971, -7.041149084770096 ], [ -35.634253386999944, -7.041142144770103 ], [ -35.634297834999984, -7.04114471277006 ], [ -35.634303940999978, -7.041147104770061 ], [ -35.634348572999961, -7.041166143770054 ], [ -35.634356636999932, -7.041168524770055 ], [ -35.634394856999954, -7.041182719770063 ], [ -35.634412870999938, -7.041185128770052 ], [ -35.634432863999962, -7.041192194770072 ], [ -35.634450832999967, -7.041192272770102 ], [ -35.634462810999935, -7.041192325770053 ], [ -35.634492616999978, -7.041204040770082 ], [ -35.634502448999974, -7.04121331477006 ], [ -35.634521223999975, -7.041213038770074 ], [ -35.634534906999932, -7.041213094770056 ], [ -35.634552226999972, -7.041217610770103 ], [ -35.634560326999974, -7.041231981770063 ], [ -35.634581672999957, -7.041245157770097 ], [ -35.634612974999982, -7.041262522770061 ], [ -35.634655245999966, -7.041279685770059 ], [ -35.634683638999952, -7.041287198770074 ], [ -35.634740791999953, -7.041308387770068 ], [ -35.63477736699997, -7.041330899770053 ], [ -35.634820824999963, -7.041358094770079 ], [ -35.634850529999937, -7.041366557770051 ], [ -35.634889970999957, -7.041376076770054 ], [ -35.634914377999955, -7.041374441770062 ], [ -35.63495056499994, -7.041376935770067 ], [ -35.634973994999939, -7.041380227770094 ], [ -35.635016468999936, -7.041372925770067 ], [ -35.635052171999973, -7.041380344770054 ], [ -35.635098079999977, -7.041377056770097 ], [ -35.635151545999975, -7.041379784770058 ], [ -35.635182904999965, -7.041395369770092 ], [ -35.635215050999925, -7.041390550770068 ], [ -35.635236951999957, -7.041394579770092 ], [ -35.635250123999981, -7.041409205770084 ], [ -35.635248457999978, -7.041434025770047 ], [ -35.635241478999944, -7.041470454770081 ], [ -35.635235731999956, -7.041499331770053 ], [ -35.635242244999972, -7.041532840770047 ], [ -35.63524767499996, -7.041552320770039 ], [ -35.635252894999951, -7.04158234377006 ], [ -35.635264510999946, -7.041616057770042 ], [ -35.635265861999983, -7.041618726770068 ], [ -35.635273193999979, -7.041643742770059 ], [ -35.635275716999956, -7.041646374770083 ], [ -35.635285620999973, -7.041678552770047 ], [ -35.635288875999947, -7.041697465770067 ], [ -35.635302968999959, -7.041726070770078 ], [ -35.635324818999948, -7.041755356770045 ], [ -35.635327228999984, -7.041758967770056 ], [ -35.635330773999954, -7.041762581770033 ], [ -35.635352876999946, -7.04178054577003 ], [ -35.635358589999953, -7.041782951770052 ], [ -35.635378104999972, -7.041802908770056 ], [ -35.635403968999974, -7.041820344770066 ], [ -35.635407315999942, -7.041822649770076 ], [ -35.63542614499994, -7.041839740770031 ], [ -35.635525732999952, -7.041875324770076 ], [ -35.635566997999952, -7.041899446770034 ], [ -35.63556954999995, -7.041902071770073 ], [ -35.635607165999943, -7.041916737770038 ], [ -35.635609724999938, -7.041920603770025 ], [ -35.635619289999966, -7.041923280770079 ], [ -35.635650157999976, -7.041930041770033 ], [ -35.635688836999975, -7.041928030770043 ], [ -35.635693530999959, -7.041928094770048 ], [ -35.635704048999969, -7.041925701770054 ], [ -35.635742728999958, -7.041914773770056 ], [ -35.635746257999983, -7.04191354377005 ], [ -35.635756855999944, -7.041911131770041 ], [ -35.63576274899998, -7.041909931770054 ], [ -35.635799343999963, -7.041904023770061 ], [ -35.635815927999943, -7.041900393770081 ], [ -35.63581946499994, -7.041900443770068 ], [ -35.635852542999942, -7.041898333770042 ], [ -35.635858431999964, -7.04189841777006 ], [ -35.635865441999954, -7.041899808770066 ], [ -35.63590643799995, -7.041902966770041 ], [ -35.635912302999941, -7.041903049770075 ], [ -35.635929889999943, -7.041903299770045 ], [ -35.635939262999955, -7.041903432770058 ], [ -35.636022898999961, -7.041898192770049 ], [ -35.636039804999939, -7.041893274770054 ], [ -35.63607361499993, -7.041884693770077 ], [ -35.636086665999983, -7.041883584770041 ], [ -35.636133318999953, -7.041868591770053 ], [ -35.63613938299995, -7.041867368770026 ], [ -35.636216866999973, -7.04185269977004 ], [ -35.636269486999936, -7.041836170770043 ], [ -35.636271897999961, -7.041834866770079 ], [ -35.636280320999958, -7.041832311770047 ], [ -35.636324123999941, -7.041809966770053 ], [ -35.63632903499996, -7.041807312770036 ], [ -35.636341398999946, -7.04179928077006 ], [ -35.636367090999954, -7.041792817770075 ], [ -35.636373208999949, -7.041791538770076 ], [ -35.636381753999963, -7.041790300770042 ], [ -35.636413211999987, -7.041790839770077 ], [ -35.636421663999954, -7.041791017770073 ], [ -35.636428987999984, -7.04178982577006 ], [ -35.636462289999947, -7.04178089077008 ], [ -35.636517587999947, -7.041759607770052 ], [ -35.636561234999931, -7.041749391770034 ], [ -35.636568489999945, -7.041749634770075 ], [ -35.636614564999945, -7.041740920770028 ], [ -35.636624439999935, -7.041739784770053 ], [ -35.636722026999962, -7.041687751770077 ], [ -35.636800262999941, -7.04163468277004 ], [ -35.636806454999942, -7.041634924770031 ], [ -35.636818904999984, -7.041629059770046 ], [ -35.636883242999943, -7.041586806770042 ], [ -35.63688895599995, -7.041583818770034 ], [ -35.636906154999963, -7.041574825770038 ], [ -35.63699048999996, -7.04152517477006 ], [ -35.637035212999933, -7.04150673077008 ], [ -35.637059560999944, -7.041492624770046 ], [ -35.637078237999951, -7.04151085977007 ], [ -35.637102830999936, -7.041569990770076 ], [ -35.637089948999972, -7.041639013770044 ], [ -35.637049121999951, -7.041680787770055 ], [ -35.637007794999931, -7.041710410770045 ], [ -35.636930349999943, -7.041751065770062 ], [ -35.636873991999948, -7.041780690770032 ], [ -35.636868472999936, -7.041784186770067 ], [ -35.636857738999943, -7.041789341770063 ], [ -35.636767499999969, -7.04183184877005 ], [ -35.636760476999939, -7.041835221770075 ], [ -35.636746459999983, -7.041841955770028 ], [ -35.636658968999939, -7.041874855770033 ], [ -35.636655164999972, -7.041880010770035 ], [ -35.636489161999975, -7.041929589770035 ], [ -35.636345320999965, -7.041979286770045 ], [ -35.63624121699997, -7.042009023770077 ], [ -35.636144026999943, -7.042020709770073 ], [ -35.636134328999965, -7.042022202770025 ], [ -35.636071706999928, -7.04203755677005 ], [ -35.636063574999987, -7.042037449770051 ], [ -35.635986945999946, -7.042036436770071 ], [ -35.635903694999975, -7.04203709277007 ], [ -35.635829955999959, -7.042034951770031 ], [ -35.635818493999977, -7.042034867770067 ], [ -35.635764188999929, -7.042032863770057 ], [ -35.635757837999961, -7.042034423770048 ], [ -35.635696855999988, -7.042043602770064 ], [ -35.635688895999976, -7.042045145770057 ], [ -35.635680694999962, -7.042045086770059 ], [ -35.635643203999955, -7.042046419770057 ], [ -35.635630067999955, -7.042046325770032 ], [ -35.635626782999971, -7.042046302770046 ], [ -35.635576439999966, -7.042021787770039 ], [ -35.635499710999966, -7.041978591770062 ], [ -35.635458711999938, -7.041949875770032 ], [ -35.635453551999944, -7.041946465770057 ], [ -35.63539721099994, -7.041927351770058 ], [ -35.63538005099997, -7.041922087770083 ], [ -35.635301574999971, -7.041890407770071 ], [ -35.635294753999972, -7.041890342770076 ], [ -35.635221371999933, -7.041854638770049 ], [ -35.635209302999954, -7.041854516770036 ], [ -35.635154471999954, -7.041857492770057 ], [ -35.63513893399994, -7.041857336770054 ], [ -35.635077063999972, -7.041872547770061 ], [ -35.635008228999929, -7.041896294770062 ], [ -35.635003337999926, -7.041897981770072 ], [ -35.634993298999973, -7.041899619770086 ], [ -35.634909525999944, -7.041921257770045 ], [ -35.634834075999947, -7.041946292770064 ], [ -35.634829301999957, -7.041947954770055 ], [ -35.634814657999982, -7.041951237770067 ], [ -35.634804790999965, -7.041952857770045 ], [ -35.634771911999962, -7.041966125770075 ], [ -35.634726669999964, -7.041980906770079 ], [ -35.634661045999962, -7.04200208477007 ], [ -35.634656268999947, -7.042005361770037 ], [ -35.634649829999937, -7.042008623770045 ], [ -35.634574202999943, -7.042022753770055 ], [ -35.634529918999931, -7.041980970770022 ], [ -35.63452789199993, -7.041977604770041 ], [ -35.63447550099994, -7.04190201377006 ], [ -35.634473191999973, -7.041896770770024 ], [ -35.634418216999961, -7.041857410770065 ], [ -35.634415806999982, -7.041852050770076 ], [ -35.634348225999936, -7.041793393770073 ], [ -35.634308460999932, -7.041752169770045 ], [ -35.634266629999956, -7.041727130770068 ], [ -35.634225445999959, -7.041728362770055 ], [ -35.634205689999938, -7.041728048770077 ], [ -35.63416826699995, -7.041733114770052 ], [ -35.634159161999946, -7.041731085770074 ], [ -35.634131817999958, -7.041699989770034 ], [ -35.634100313999966, -7.041642861770056 ], [ -35.634067776999977, -7.041582130770035 ], [ -35.634067290999951, -7.041576050770048 ], [ -35.634041037999964, -7.041509467770074 ], [ -35.634030089999953, -7.041446296770048 ], [ -35.634033114999966, -7.041435855770078 ], [ -35.634039538999957, -7.041419131770048 ], [ -35.634070534999978, -7.041364503770063 ], [ -35.63412367899997, -7.041305380770091 ], [ -35.63415402399994, -7.04124612277007 ], [ -35.634159494999949, -7.041237084770096 ], [ -35.634174218999931, -7.041214205770072 ], [ -35.634190964999959, -7.041188809770056 ] ] ] } },
{ "type": "Feature", "properties": { "num_setor": "PB_ARARA_SR_1_CPRM", "munic": "ARARA", "grau_risco": "Alto", "distancia_km": 1.82, "chuva_24h": 0.0, "chuva_72h": 0.0, "fonte_estacao": "openmeteo", "codigo_estacao": "openmeteo", "nome_estacao": "Open-Meteo (célula de grade)" }, "geometry": { "type": "Polygon", "coordinates": [ [ [ -35.761030786999974, -6.82342084377704 ], [ -35.760749240999985, -6.823372002777067 ], [ -35.760459367999943, -6.82324673777707 ], [ -35.76029983199993, -6.822922451777054 ], [ -35.760131387999934, -6.822516521777069 ], [ -35.760109800999942, -6.822213469777084 ], [ -35.760188837999976, -6.821923983777111 ], [ -35.760320643999933, -6.821722566777088 ], [ -35.760401945999945, -6.821565703777124 ], [ -35.760517133999933, -6.821359266777088 ], [ -35.76071865199998, -6.821116060777107 ], [ -35.760871803999976, -6.820988950777121 ], [ -35.761094808999928, -6.820893066777106 ], [ -35.761344477999955, -6.820843485777118 ], [ -35.761525791999929, -6.820796704777142 ], [ -35.761706803999971, -6.820796703777153 ], [ -35.761851646999958, -6.820789848777118 ], [ -35.762038202999975, -6.820807488777123 ], [ -35.762255852999942, -6.820847180777156 ], [ -35.76262017199997, -6.821008587777092 ], [ -35.76280021599996, -6.821269936777119 ], [ -35.76287108899993, -6.821767343777114 ], [ -35.762771135999962, -6.822289219777091 ], [ -35.762579789999961, -6.822913070777072 ], [ -35.762276920999973, -6.823235886777057 ], [ -35.762070067999957, -6.823361128777075 ], [ -35.761718032999966, -6.823426261777036 ], [ -35.761344910999973, -6.823485814777061 ], [ -35.761030786999974, -6.82342084377704 ] ] ] } },
{ "type": "Feature", "properties": { "num_setor": "PB_BAYEUX_SR_20_CPRM", "munic": "BAYEUX", "grau_risco": "Alto", "distancia_km": 0.86, "chuva_24h": 0.0, "chuva_72h": 0.9, "fonte_estacao": "openmeteo", "codigo_estacao": "openmeteo", "nome_estacao": "Open-Meteo (célula de grade)" }, "geometry": { "type": "Polygon", "coordinates": [ [ [ -34.94311803599993, -7.131612166767185 ], [ -34.943082950999944, -7.131395257767177 ], [ -34.943290918999935, -7.131173828767222 ], [ -34.942934663999957, -7.130594766767194 ], [ -34.942903072999968, -7.130237370767235 ], [ -34.942907301999981, -7.129938737767244 ], [ -34.942741630999933, -7.129540073767274 ], [ -34.942743913999955, -7.129380615767237 ], [ -34.943035450999957, -7.129341584767267 ], [ -34.943108351999967, -7.130025400767235 ], [ -34.94303498599993, -7.130378160767227 ], [ -34.943257092999943, -7.130846590767224 ], [ -34.943381741999929, -7.131097953767174 ], [ -34.943362657999963, -7.13150235576718 ], [ -34.943358874999944, -7.131515115767179 ], [ -34.943340041999932, -7.131750812767167 ], [ -34.943241077999964, -7.13179098876719 ], [ -34.94311803599993, -7.131612166767185 ] ] ] } },
{ "type": "Feature", "properties": { "num_setor": "PB_BAYEUX_SR_08_CPRM", "munic": "BAYEUX", "grau_risco": "Muito alto", "distancia_km": 2.0, "chuva_24h": 0.0, "chuva_72h": 0.9, "fonte_estacao": "openmeteo", "codigo_estacao": "openmeteo", "nome_estacao": "Open-Meteo (célula de grade)" }, "geometry": { "type": "Polygon", "coordinates": [ [ [ -34.901497425999928, -7.117544800767629 ], [ -34.90251959099993, -7.117421321767611 ], [ -34.903124972999933, -7.117563237767627 ], [ -34.903864589999955, -7.118296941767635 ], [ -34.903587906999974, -7.11862113076759 ], [ -34.903073867999986, -7.118022278767616 ], [ -34.90260933899998, -7.117801613767647 ], [ -34.902523474999946, -7.11781116776762 ], [ -34.90180229799995, -7.117891412767614 ], [ -34.901128007999944, -7.118026035767612 ], [ -34.901141414999984, -7.118590490767613 ], [ -34.900989498999934, -7.118930686767564 ], [ -34.900417730999948, -7.119129372767599 ], [ -34.899407984999982, -7.119161249767564 ], [ -34.899399169999981, -7.119125092767614 ], [ -34.899254353999943, -7.118700443767604 ], [ -34.899298998999939, -7.118702434767578 ], [ -34.899867498999981, -7.118900279767568 ], [ -34.900618281999989, -7.118779221767586 ], [ -34.900734223999969, -7.117845140767643 ], [ -34.901497425999928, -7.117544800767629 ] ] ] } },
{ "type": "Feature", "properties": { "num_setor": "PB_BAYEUX_SR_10_CPRM", "munic": "BAYEUX", "grau_risco": "Muito alto", "distancia_km": 1.69, "chuva_24h": 0.0, "chuva_72h": 0.9, "fonte_estacao": "openmeteo", "codigo_estacao": "openmeteo", "nome_estacao": "Open-Meteo (célula de grade)" }, "geometry": { "type": "Polygon", "coordinates": [ [ [ -34.906585957999937, -7.12656770276737 ], [ -34.905847791999975, -7.126204508767341 ], [ -34.905612115999929, -7.126068290767376 ], [ -34.905603484999972, -7.126062935767334 ], [ -34.905678997999985, -7.125918969767341 ], [ -34.906386755999954, -7.126255269767346 ], [ -34.90700551599997, -7.12652010976734 ], [ -34.907266643999947, -7.126615138767364 ], [ -34.907483461999959, -7.126695241767318 ], [ -34.907478413999968, -7.126705948767313 ], [ -34.907335359999941, -7.127015781767325 ], [ -34.906585957999937, -7.12656770276737 ] ] ] } },
{ "type": "Feature", "properties": { "num_setor": "PB_BAYEUX_SR_04_CPRM", "munic": "BAYEUX", "grau_risco": "Muito alto", "distancia_km": 1.51, "chuva_24h": 0.0, "chuva_72h": 0.9, "fonte_estacao": "openmeteo", "codigo_estacao": "openmeteo", "nome_estacao": "Open-Meteo (célula de grade)" }, "geometry": { "type": "Polygon", "coordinates": [ [ [ -34.91675099899993, -7.120435446767564 ], [ -34.917173853999941, -7.120160578767554 ], [ -34.918324796999968, -7.120228532767524 ], [ -34.918726968999977, -7.120373955767569 ], [ -34.918867574999979, -7.120548292767542 ], [ -34.918839304999949, -7.120622701767514 ], [ -34.91806631999998, -7.120478645767564 ], [ -34.917616125999977, -7.120686900767527 ], [ -34.917342240999979, -7.12058903476755 ], [ -34.916776563999974, -7.120599095767565 ], [ -34.916759494999951, -7.120575274767549 ], [ -34.91675099899993, -7.120435446767564 ] ] ] } },
{ "type": "Feature", "properties": { "num_setor": "PB_BAYEUX_SR_12_CPRM", "munic": "BAYEUX", "grau_risco": "Muito alto", "distancia_km": 0.74, "chuva_24h": 0.0, "chuva_72h": 0.9, "fonte_estacao": "openmeteo", "codigo_estacao": "openmeteo", "nome_estacao": "Open-Meteo (célula de grade)" }, "geometry": { "type": "Polygon", "coordinates": [ [ [ -34.920887850999968, -7.132099019767157 ], [ -34.921096834999958, -7.132075563767151 ], [ -34.921161337999933, -7.13205682376718 ], [ -34.921539252999935, -7.13198118076718 ], [ -34.921531026999958, -7.132356257767168 ], [ -34.921181639999929, -7.132351286767159 ], [ -34.92104803899997, -7.132392683767175 ], [ -34.92092286299993, -7.132386350767183 ], [ -34.920887850999968, -7.132099019767157 ] ] ] } },
{ "type": "Feature", "properties": { "num_setor": "PB_BAYEUX_SR_11_CPRM", "munic": "BAYEUX", "grau_risco": "Muito alto", "distancia_km": 1.47, "chuva_24h": 0.0, "chuva_72h": 0.9, "fonte_estacao": "openmeteo", "codigo_estacao": "openmeteo", "nome_estacao": "Open-Meteo (célula de grade)" }, "geometry": { "type": "Polygon", "coordinates": [ [ [ -34.909032615999926, -7.126477695767327 ], [ -34.909328683999945, -7.126635811767353 ], [ -34.909415860999957, -7.126657722767328 ], [ -34.909332803999966, -7.126846558767324 ], [ -34.909279936999951, -7.126973258767334 ], [ -34.909511950999963, -7.127099994767359 ], [ -34.909322313999951, -7.127426857767347 ], [ -34.908815505999939, -7.127241771767303 ], [ -34.908498716999937, -7.126981416767349 ], [ -34.908519600999966, -7.126958002767345 ], [ -34.908650533999946, -7.126673126767341 ], [ -34.908928754999977, -7.126799502767352 ], [ -34.909032615999926, -7.126477695767327 ] ] ] } },
{ "type": "Feature", "properties": { "num_setor": "PB_BAYEUX_SR_14_CPRM", "munic": "BAYEUX", "grau_risco": "Muito alto", "distancia_km": 2.11, "chuva_24h": 0.0, "chuva_72h": 0.9, "fonte_estacao": "openmeteo", "codigo_estacao": "openmeteo", "nome_estacao": "Open-Meteo (célula de grade)" }, "geometry": { "type": "Polygon", "coordinates": [ [ [ -34.933147682999959, -7.123933024767406 ], [ -34.933540827999934, -7.123623781767467 ], [ -34.933711505999945, -7.123551071767433 ], [ -34.933802275999938, -7.123656992767428 ], [ -34.93381846099993, -7.123802254767412 ], [ -34.933261045999984, -7.124108113767439 ], [ -34.933147682999959, -7.123933024767406 ] ] ] } },
{ "type": "Feature", "properties": { "num_setor": "PB_BAYEUX_SR_13_CPRM", "munic": "BAYEUX", "grau_risco": "Muito alto", "distancia_km": 1.25, "chuva_24h": 0.0, "chuva_72h": 0.9, "fonte_estacao": "openmeteo", "codigo_estacao": "openmeteo", "nome_estacao": "Open-Meteo (célula de grade)" }, "geometry": { "type": "Polygon", "coordinates": [ [ [ -34.925599294999984, -7.13066762176724 ], [ -34.925532561999944, -7.130414840767217 ], [ -34.925734990999956, -7.130269039767247 ], [ -34.925994617999947, -7.130270009767218 ], [ -34.926159148999943, -7.130287970767244 ], [ -34.926263553999945, -7.130348848767241 ], [ -34.926294488999936, -7.130470791767194 ], [ -34.926075923999974, -7.130579045767249 ], [ -34.925882113999933, -7.130688049767201 ], [ -34.925599294999984, -7.13066762176724 ] ] ] } },
{ "type": "Feature", "properties": { "num_setor": "PB_SANTARI_SR_2_CPRM", "munic": "SANTA RITA", "grau_risco": "Alto", "distancia_km": 1.39, "chuva_24h": 0.1, "chuva_72h": 0.7, "fonte_estacao": "openmeteo", "codigo_estacao": "openmeteo", "nome_estacao": "Open-Meteo (célula de grade)" }, "geometry": { "type": "Polygon", "coordinates": [ [ [ -34.973478549999982, -7.119074952767572 ], [ -34.972687518999969, -7.118690323767584 ], [ -34.972426228999957, -7.118182465767612 ], [ -34.972225070999968, -7.117590190767652 ], [ -34.972309826999947, -7.117258089767638 ], [ -34.973088385999972, -7.117678612767632 ], [ -34.973980440999981, -7.118266583767623 ], [ -34.974951044999962, -7.1187831547676 ], [ -34.975999352999963, -7.119128887767606 ], [ -34.977004450999971, -7.119406135767575 ], [ -34.977853752999977, -7.119212202767589 ], [ -34.978671817999953, -7.119371133767573 ], [ -34.978989124999941, -7.119800902767554 ], [ -34.97865659699994, -7.120507556767526 ], [ -34.977854909999962, -7.121105261767527 ], [ -34.976904910999956, -7.120884515767503 ], [ -34.975904508999974, -7.120337905767559 ], [ -34.97520920699997, -7.119979212767564 ], [ -34.974289418999938, -7.119475784767585 ], [ -34.973478549999982, -7.119074952767572 ] ] ] } },
{ "type": "Feature", "properties": { "num_setor": "PB_CABEDEL_SR_001_SGB", "munic": "CABEDELO", "grau_risco": "Alto", "distancia_km": 1.4, "chuva_24h": 0.0, "chuva_72h": 0.7, "fonte_estacao": "openmeteo", "codigo_estacao": "openmeteo", "nome_estacao": "Open-Meteo (célula de grade)" }, "geometry": { "type": "Polygon", "coordinates": [ [ [ -34.82626498999997, -7.007507627771126 ], [ -34.826062355999966, -7.006687320771179 ], [ -34.826874085999968, -7.006490793771182 ], [ -34.827101486999936, -7.007353022771158 ], [ -34.826772228999971, -7.007421716771152 ], [ -34.826766306999957, -7.007401581771142 ], [ -34.826267682999969, -7.007529494771165 ], [ -34.82626498999997, -7.007507627771126 ] ] ] } },
{ "type": "Feature", "properties": { "num_setor": "PB_CABEDEL_SR_002_SGB", "munic": "CABEDELO", "grau_risco": "Alto", "distancia_km": 0.97, "chuva_24h": 0.0, "chuva_72h": 0.7, "fonte_estacao": "openmeteo", "codigo_estacao": "openmeteo", "nome_estacao": "Open-Meteo (célula de grade)" }, "geometry": { "type": "Polygon", "coordinates": [ [ [ -34.828154350999966, -7.011201967771054 ], [ -34.827531682999961, -7.011355990771036 ], [ -34.827205825999947, -7.00990785377107 ], [ -34.827760001999934, -7.009777448771085 ], [ -34.828166836999969, -7.011195151771058 ], [ -34.828154350999966, -7.011201967771054 ] ] ] } },
{ "type": "Feature", "properties": { "num_setor": "PB_CABEDEL_SR_003_SGB", "munic": "CABEDELO", "grau_risco": "Alto", "distancia_km": 0.26, "chuva_24h": 0.0, "chuva_72h": 0.7, "fonte_estacao": "openmeteo", "codigo_estacao": "openmeteo", "nome_estacao": "Open-Meteo (célula de grade)" }, "geometry": { "type": "Polygon", "coordinates": [ [ [ -34.82900889299998, -7.016605627770889 ], [ -34.829669815999978, -7.016441364770853 ], [ -34.829736502999936, -7.016680855770844 ], [ -34.829910651999967, -7.017460971770861 ], [ -34.830006196999939, -7.018062912770802 ], [ -34.830234692999959, -7.019556250770743 ], [ -34.830324459999929, -7.020232467770759 ], [ -34.83037350099994, -7.020766582770732 ], [ -34.830291382999974, -7.021318754770681 ], [ -34.830288461999942, -7.021618667770722 ], [ -34.830392243999938, -7.022438395770649 ], [ -34.830500581999956, -7.023250153770619 ], [ -34.830582684999968, -7.024018078770645 ], [ -34.830614105999985, -7.024484188770621 ], [ -34.829837426999973, -7.024549145770623 ], [ -34.829787111999963, -7.023848027770653 ], [ -34.829732626999942, -7.02306574177067 ], [ -34.829680287999963, -7.022142988770707 ], [ -34.829646304999976, -7.021122313770736 ], [ -34.829631374999956, -7.020590914770739 ], [ -34.829594232999966, -7.020254531770758 ], [ -34.829585173999931, -7.019855736770749 ], [ -34.829471759999926, -7.019695895770783 ], [ -34.829494502999978, -7.019090746770779 ], [ -34.829459215999975, -7.018498458770789 ], [ -34.829400619999937, -7.018406565770801 ], [ -34.829349795999974, -7.017988492770822 ], [ -34.82922510599996, -7.017525035770822 ], [ -34.829099577999955, -7.017070361770866 ], [ -34.829004063999946, -7.016597221770886 ], [ -34.82900889299998, -7.016605627770889 ] ] ] } },
{ "type": "Feature", "properties": { "num_setor": "PB_CABEDEL_SR_004_SGB", "munic": "CABEDELO", "grau_risco": "Alto", "distancia_km": 1.09, "chuva_24h": 0.0, "chuva_72h": 0.7, "fonte_estacao": "openmeteo", "codigo_estacao": "openmeteo", "nome_estacao": "Open-Meteo (célula de grade)" }, "geometry": { "type": "Polygon", "coordinates": [ [ [ -34.830010297999934, -7.030123403770412 ], [ -34.830013444999963, -7.030119238770408 ], [ -34.829926269999937, -7.029673726770426 ], [ -34.829944456999954, -7.029251903770483 ], [ -34.829935764999959, -7.028601719770447 ], [ -34.829940803999932, -7.027554165770516 ], [ -34.829890579999976, -7.026335537770551 ], [ -34.829970342999957, -7.025768479770565 ], [ -34.830430885999931, -7.025712582770583 ], [ -34.830450892999977, -7.025921387770582 ], [ -34.830642746999956, -7.025926721770565 ], [ -34.830657401999929, -7.026262452770555 ], [ -34.830710039999929, -7.026386406770555 ], [ -34.830145028999937, -7.026440151770561 ], [ -34.83013988499993, -7.026603294770566 ], [ -34.83043614099995, -7.026596581770558 ], [ -34.830462678999929, -7.026735387770547 ], [ -34.830646605999959, -7.026701799770545 ], [ -34.830687312999942, -7.026893855770537 ], [ -34.830422914999929, -7.02697843677054 ], [ -34.830393541999968, -7.027152582770548 ], [ -34.830592883999941, -7.027125699770513 ], [ -34.830617120999932, -7.027345177770526 ], [ -34.830353942999984, -7.027434434770539 ], [ -34.830381777999946, -7.027638965770485 ], [ -34.830655109999952, -7.027661097770511 ], [ -34.830703436999954, -7.027828958770527 ], [ -34.830501690999938, -7.027926678770503 ], [ -34.830563033999965, -7.02827090377049 ], [ -34.830638522999948, -7.028554299770467 ], [ -34.830666471999962, -7.028879135770461 ], [ -34.830898609999963, -7.02941447577044 ], [ -34.830627424999932, -7.029665910770431 ], [ -34.83068351999998, -7.029783708770444 ], [ -34.830010297999934, -7.030123403770412 ] ] ] } },
{ "type": "Feature", "properties": { "num_setor": "PB_CABEDEL_SR_005_SGB", "munic": "CABEDELO", "grau_risco": "Alto", "distancia_km": 0.61, "chuva_24h": 0.0, "chuva_72h": 0.7, "fonte_estacao": "openmeteo", "codigo_estacao": "openmeteo", "nome_estacao": "Open-Meteo (célula de grade)" }, "geometry": { "type": "Polygon", "coordinates": [ [ [ -34.833983743999966, -6.991257452771668 ], [ -34.833939266999948, -6.991237208771683 ], [ -34.833927574999969, -6.991178334771698 ], [ -34.833866106999949, -6.991179734771673 ], [ -34.833857790999957, -6.991091876771704 ], [ -34.833755233999966, -6.991083106771678 ], [ -34.833745268999962, -6.990895464771667 ], [ -34.833706775999921, -6.990792423771687 ], [ -34.833710291999985, -6.990731028771699 ], [ -34.83371626099995, -6.990638559771719 ], [ -34.833724659999973, -6.990556341771674 ], [ -34.833729023999979, -6.990468194771698 ], [ -34.833722764999941, -6.990447176771712 ], [ -34.833725133999963, -6.9903761137717 ], [ -34.833735200999968, -6.990283139771722 ], [ -34.833696028999945, -6.990264320771677 ], [ -34.833703315999976, -6.990146243771716 ], [ -34.833746452999947, -6.990145159771703 ], [ -34.833777246999944, -6.989948552771739 ], [ -34.833784352999942, -6.989854394771719 ], [ -34.833810409999955, -6.98983840477171 ], [ -34.83381582699996, -6.989675457771735 ], [ -34.833793882999935, -6.989629675771711 ], [ -34.833806855999974, -6.98935399377172 ], [ -34.83383172799995, -6.988846486771727 ], [ -34.833858968999948, -6.988564603771781 ], [ -34.833893315999944, -6.988234161771783 ], [ -34.833926457999944, -6.988158410771794 ], [ -34.833949283999971, -6.988128813771758 ], [ -34.834037942999942, -6.988150423771788 ], [ -34.833984086999976, -6.988526400771752 ], [ -34.83395345699995, -6.988716509771757 ], [ -34.833929558999955, -6.988998374771731 ], [ -34.833917189999966, -6.989360062771717 ], [ -34.833941223999943, -6.98947497677171 ], [ -34.833932606999952, -6.989615201771702 ], [ -34.833910660999948, -6.989674711771724 ], [ -34.833901706999939, -6.989794337771731 ], [ -34.833884271999977, -6.989956980771741 ], [ -34.833834532999951, -6.990141952771733 ], [ -34.833886502999974, -6.990152657771693 ], [ -34.833877212999944, -6.990240979771706 ], [ -34.833914237999984, -6.990290189771684 ], [ -34.833928981999975, -6.990319877771728 ], [ -34.833923932999937, -6.990449399771677 ], [ -34.833918074999929, -6.990493897771699 ], [ -34.833858430999953, -6.990501234771702 ], [ -34.833849813999961, -6.990619649771666 ], [ -34.833867922999957, -6.990633583771706 ], [ -34.833865768999942, -6.990687371771707 ], [ -34.833881184999939, -6.990694440771702 ], [ -34.833870817999973, -6.990808074771695 ], [ -34.833894311999984, -6.990817634771664 ], [ -34.833906673999934, -6.990928875771669 ], [ -34.833939188999977, -6.990966977771691 ], [ -34.833998563999955, -6.991157827771654 ], [ -34.834000852999964, -6.99118697677165 ], [ -34.833978973999933, -6.991253016771683 ], [ -34.833983743999966, -6.991257452771668 ] ] ] } },
{ "type": "Feature", "properties": { "num_setor": "PB_CABEDEL_SR_006_SGB", "munic": "CABEDELO", "grau_risco": "Alto", "distancia_km": 0.98, "chuva_24h": 0.0, "chuva_72h": 0.7, "fonte_estacao": "openmeteo", "codigo_estacao": "openmeteo", "nome_estacao": "Open-Meteo (célula de grade)" }, "geometry": { "type": "Polygon", "coordinates": [ [ [ -34.834226514999955, -6.98665131577182 ], [ -34.834093475999964, -6.986621035771846 ], [ -34.83415305099993, -6.986398620771852 ], [ -34.834179035999966, -6.98622951577186 ], [ -34.834237131999942, -6.98598938877183 ], [ -34.834270252999943, -6.985854009771863 ], [ -34.834307434999971, -6.985617221771874 ], [ -34.834342642999957, -6.985432161771838 ], [ -34.834389361999968, -6.985172646771869 ], [ -34.834422347999975, -6.984991087771879 ], [ -34.834449006999932, -6.984854564771902 ], [ -34.834494065999934, -6.984720915771887 ], [ -34.834530686999983, -6.984712769771864 ], [ -34.834539573999962, -6.984575371771876 ], [ -34.834570876999976, -6.984360624771901 ], [ -34.834584273999951, -6.984285967771883 ], [ -34.834638868999946, -6.984142914771903 ], [ -34.834706151999967, -6.983828005771911 ], [ -34.834731664999936, -6.983683134771939 ], [ -34.83471523999998, -6.983655197771918 ], [ -34.834734156999957, -6.983556171771935 ], [ -34.834764247999942, -6.983412512771926 ], [ -34.834788751999952, -6.983268449771946 ], [ -34.834803301999955, -6.983161493771924 ], [ -34.834848472999965, -6.982918472771916 ], [ -34.834903741999938, -6.982922376771953 ], [ -34.83491707099995, -6.982851219771918 ], [ -34.834996372999967, -6.982799047771934 ], [ -34.835006335999935, -6.982753809771951 ], [ -34.835054008999975, -6.982772983771939 ], [ -34.835085986999957, -6.982589404771937 ], [ -34.835095461999963, -6.982508866771977 ], [ -34.835108489999982, -6.982441357771959 ], [ -34.835154680999956, -6.982293309771939 ], [ -34.835267392999981, -6.982159018771958 ], [ -34.835330874999954, -6.982018320771958 ], [ -34.835353833999932, -6.981958670771991 ], [ -34.835295602999963, -6.981929992771953 ], [ -34.835333704999975, -6.981860048771996 ], [ -34.835289140999976, -6.981835073771969 ], [ -34.835340504999976, -6.981723996771986 ], [ -34.835293381999975, -6.981694915772002 ], [ -34.835363191999932, -6.981522241771954 ], [ -34.835395302999984, -6.981448729771984 ], [ -34.835406544999955, -6.981379189771968 ], [ -34.835412958999946, -6.981289972771983 ], [ -34.835595374999961, -6.98131806377198 ], [ -34.835599076999983, -6.981375688771983 ], [ -34.835558753999976, -6.981449604771996 ], [ -34.835524689999943, -6.981588012771994 ], [ -34.83552617099997, -6.981734902771988 ], [ -34.835519573999932, -6.981765667772002 ], [ -34.835597192999955, -6.981801884771949 ], [ -34.835505368999975, -6.98201871977194 ], [ -34.835414689999936, -6.982270156771966 ], [ -34.835319568999978, -6.982501935771952 ], [ -34.835212688999945, -6.982739475771943 ], [ -34.835173037999937, -6.982866843771931 ], [ -34.835052805999965, -6.982868593771955 ], [ -34.83500393199995, -6.983001010771925 ], [ -34.834972286999971, -6.983220679771908 ], [ -34.834853848999956, -6.9836837727719 ], [ -34.834800018999935, -6.983769446771886 ], [ -34.834774841999938, -6.983781159771938 ], [ -34.83476770599998, -6.983828013771879 ], [ -34.834799480999948, -6.983860192771892 ], [ -34.834768243999974, -6.983971538771938 ], [ -34.834743066999977, -6.983983924771914 ], [ -34.834719437999979, -6.984087797771908 ], [ -34.834743537999941, -6.984107387771876 ], [ -34.834729670999941, -6.984182987771876 ], [ -34.83473404599993, -6.984216714771891 ], [ -34.834719706999977, -6.984261212771913 ], [ -34.834713499999964, -6.984311493771879 ], [ -34.834698102999937, -6.984387294771914 ], [ -34.834688750999931, -6.984422810771884 ], [ -34.834676783999953, -6.984505732771869 ], [ -34.834647483999959, -6.984541292771882 ], [ -34.834617324999954, -6.984575894771915 ], [ -34.834606082999983, -6.984628604771888 ], [ -34.834644117999979, -6.984639443771914 ], [ -34.834626412999967, -6.984711541771886 ], [ -34.834600899999941, -6.984713628771868 ], [ -34.834584136999979, -6.984800133771889 ], [ -34.83460359299994, -6.984821877771862 ], [ -34.834561449999967, -6.984949985771864 ], [ -34.834508066999945, -6.98516967777189 ], [ -34.834463770999946, -6.985370220771833 ], [ -34.834441824999949, -6.985441376771885 ], [ -34.834414088999949, -6.985476315771863 ], [ -34.834405673999989, -6.985572581771874 ], [ -34.834442900999932, -6.985597758771875 ], [ -34.83439900999997, -6.985792714771841 ], [ -34.834358504999955, -6.985820310771834 ], [ -34.834347800999979, -6.985904661771829 ], [ -34.834376276999933, -6.985934888771858 ], [ -34.834348473999967, -6.986082586771822 ], [ -34.834370419999971, -6.986107561771858 ], [ -34.834330835999936, -6.986281580771833 ], [ -34.834303975999944, -6.98631826977185 ], [ -34.834294012999976, -6.986437693771832 ], [ -34.83430350499998, -6.986472901771815 ], [ -34.834225317999937, -6.986648815771827 ], [ -34.834226514999955, -6.98665131577182 ] ] ] } },
{ "type": "Feature", "properties": { "num_setor": "PB_CABEDEL_SR_007_SGB", "munic": "CABEDELO", "grau_risco": "Alto", "distancia_km": 0.59, "chuva_24h": 0.0, "chuva_72h": 0.7, "fonte_estacao": "openmeteo", "codigo_estacao": "openmeteo", "nome_estacao": "Open-Meteo (célula de grade)" }, "geometry": { "type": "Polygon", "coordinates": [ [ [ -34.858562988999942, -7.074512850769012 ], [ -34.858489636999934, -7.074518573769022 ], [ -34.858489362999933, -7.074469957769011 ], [ -34.858354694999946, -7.074467634769022 ], [ -34.858357317999946, -7.074356952769012 ], [ -34.858359016999941, -7.074198937769004 ], [ -34.858370904999951, -7.074149706769012 ], [ -34.858375642999931, -7.074070353769025 ], [ -34.858379984999942, -7.073809048769056 ], [ -34.85848039699993, -7.073750436769028 ], [ -34.85848836599996, -7.073636010769046 ], [ -34.858509367999943, -7.073554038769019 ], [ -34.858516627999968, -7.073508431769014 ], [ -34.858595539999953, -7.073510936769071 ], [ -34.858597370999973, -7.07335916176907 ], [ -34.858511753999949, -7.073352795769028 ], [ -34.858544526999935, -7.073188061769025 ], [ -34.858559982999964, -7.073107615769055 ], [ -34.858562027999945, -7.07305174876905 ], [ -34.858624456999962, -7.073033211769028 ], [ -34.858635313999969, -7.072938482769083 ], [ -34.858592299999941, -7.072928271769062 ], [ -34.858579497999983, -7.072816037769039 ], [ -34.858636777999948, -7.072799807769065 ], [ -34.858612093999966, -7.072651311769061 ], [ -34.858605805999957, -7.072557508769095 ], [ -34.858624362999933, -7.0724566347691 ], [ -34.858658709999929, -7.072313917769089 ], [ -34.858683485999961, -7.072316040769096 ], [ -34.85870608499993, -7.072210876769105 ], [ -34.858740431999934, -7.072221535769106 ], [ -34.858768303999959, -7.072236253769089 ], [ -34.858790088999967, -7.072139521769063 ], [ -34.858790175999957, -7.072002425769058 ], [ -34.858832813999982, -7.071998871769074 ], [ -34.858837550999965, -7.071946759769087 ], [ -34.858798466999929, -7.071940837769072 ], [ -34.858809125999983, -7.071882802769082 ], [ -34.858772153999944, -7.071850248769104 ], [ -34.858849219999968, -7.071768883769086 ], [ -34.858806888999929, -7.071716022769112 ], [ -34.858919517999936, -7.071632087769094 ], [ -34.858975906999945, -7.0716572157691 ], [ -34.859041634999976, -7.071678131769082 ], [ -34.859034417999965, -7.071741215769112 ], [ -34.858900654999957, -7.07185055876907 ], [ -34.858935149999979, -7.071901934769118 ], [ -34.859001917999926, -7.071897102769113 ], [ -34.859008507999938, -7.071939960769075 ], [ -34.859064135999972, -7.071953348769095 ], [ -34.859040256999947, -7.072164215769112 ], [ -34.858976248999966, -7.07216534176908 ], [ -34.858950992999951, -7.072326936769087 ], [ -34.858997636999959, -7.072349870769097 ], [ -34.858971137999959, -7.07246129176908 ], [ -34.858890089999932, -7.072476827769063 ], [ -34.858882948999955, -7.072610534769085 ], [ -34.85873658099996, -7.072623752769076 ], [ -34.858732406999934, -7.072941594769079 ], [ -34.858716822999945, -7.073060772769053 ], [ -34.858677361999973, -7.073103418769048 ], [ -34.858676155999945, -7.073341445769066 ], [ -34.858686666999972, -7.073355467769025 ], [ -34.858673043999943, -7.073530313769069 ], [ -34.858638248999966, -7.073645011769012 ], [ -34.858719270999984, -7.073666684769057 ], [ -34.858700975999966, -7.073745665769063 ], [ -34.858657986999965, -7.073746016769044 ], [ -34.858647158999929, -7.073788490769044 ], [ -34.858555214999967, -7.073805637769033 ], [ -34.858544851999959, -7.074143159769021 ], [ -34.858559978999949, -7.07439384876899 ], [ -34.858562221999932, -7.074510891769034 ], [ -34.858562988999942, -7.074512850769012 ] ] ] } },
{ "type": "Feature", "properties": { "num_setor": "PB_CABEDEL_SR_008_SGB", "munic": "CABEDELO", "grau_risco": "Alto", "distancia_km": 1.23, "chuva_24h": 0.0, "chuva_72h": 0.7, "fonte_estacao": "openmeteo", "codigo_estacao": "openmeteo", "nome_estacao": "Open-Meteo (célula de grade)" }, "geometry": { "type": "Polygon", "coordinates": [ [ [ -34.846777574999976, -7.078297418768905 ], [ -34.84676989299993, -7.078294959768873 ], [ -34.846850391999965, -7.078068232768893 ], [ -34.846903811999937, -7.077839413768877 ], [ -34.846951008999959, -7.077556683768902 ], [ -34.846950610999954, -7.077170732768911 ], [ -34.847028278999971, -7.077156209768915 ], [ -34.847053389999928, -7.077060815768947 ], [ -34.847084160999941, -7.077064262768932 ], [ -34.84711185499998, -7.076940313768931 ], [ -34.847054250999975, -7.076904618768923 ], [ -34.847052280999954, -7.076824365768907 ], [ -34.84696612099998, -7.076811441768934 ], [ -34.84695947299997, -7.07653621976897 ], [ -34.846973135999974, -7.076417809768951 ], [ -34.846966735999949, -7.076277489768936 ], [ -34.84705064099996, -7.076037176768943 ], [ -34.847139263999964, -7.075902642768963 ], [ -34.847167450999962, -7.075730320768997 ], [ -34.847162280999946, -7.075589879768963 ], [ -34.847143571999936, -7.07550261076896 ], [ -34.847135324999954, -7.075381860768958 ], [ -34.847171512999978, -7.075353181768989 ], [ -34.847139632999983, -7.075314409769004 ], [ -34.847149233999971, -7.075255204768995 ], [ -34.84715452699993, -7.075062081768973 ], [ -34.847074568999972, -7.074894335768982 ], [ -34.847062136999966, -7.074756970768989 ], [ -34.847035179999978, -7.074631175769019 ], [ -34.847027794999967, -7.074522243769035 ], [ -34.846959727999945, -7.074404448768983 ], [ -34.846945696999967, -7.074156305769031 ], [ -34.846821631999944, -7.074135802769007 ], [ -34.84682076799993, -7.07399067576901 ], [ -34.846869381999966, -7.073979551769042 ], [ -34.846870981999977, -7.073937825769034 ], [ -34.846904708999951, -7.07378716776905 ], [ -34.84698717699996, -7.073784582769044 ], [ -34.846996285999978, -7.073653002769031 ], [ -34.846924648999959, -7.073642416769059 ], [ -34.846949142999961, -7.07350345176904 ], [ -34.847044780999958, -7.073506036769047 ], [ -34.847060166999938, -7.073418890769049 ], [ -34.84720482999996, -7.07341417276904 ], [ -34.847217384999965, -7.073510548769027 ], [ -34.84722673999994, -7.073646068769033 ], [ -34.84707829599995, -7.07364176076906 ], [ -34.847081126999967, -7.073773709769034 ], [ -34.847148086999937, -7.073777524769049 ], [ -34.847154856999964, -7.073828852769029 ], [ -34.84720889099998, -7.073830944769017 ], [ -34.847223662999973, -7.073991327769053 ], [ -34.847330709999937, -7.074016103769025 ], [ -34.847343677999959, -7.074403519769036 ], [ -34.847341307999947, -7.074626967769013 ], [ -34.847339686999931, -7.074767868769019 ], [ -34.847356521999984, -7.074977474769009 ], [ -34.847279336999975, -7.074991939769007 ], [ -34.847304025999961, -7.075230100768965 ], [ -34.84731001199998, -7.075335963769006 ], [ -34.847323352999979, -7.075431725769006 ], [ -34.847356770999966, -7.075425118768961 ], [ -34.84736088599994, -7.07549058076897 ], [ -34.847351782999965, -7.075604549769006 ], [ -34.847323851999931, -7.075624624768952 ], [ -34.847335073999943, -7.075714278768969 ], [ -34.847196368999953, -7.075735864768971 ], [ -34.847178787999958, -7.075923650768941 ], [ -34.847330037999939, -7.075932129768971 ], [ -34.847324052999959, -7.076016295768984 ], [ -34.84727006199995, -7.076040486768952 ], [ -34.84725896499998, -7.076139740768968 ], [ -34.847127788999956, -7.07616941776895 ], [ -34.847074420999938, -7.076118916768979 ], [ -34.847029032999956, -7.076255329768987 ], [ -34.84701880899997, -7.076359571768946 ], [ -34.847078036999967, -7.07648837776896 ], [ -34.847065692999934, -7.076674043768944 ], [ -34.847163076999948, -7.076689130768952 ], [ -34.847141628999964, -7.076824546768934 ], [ -34.847196328999985, -7.076832699768938 ], [ -34.847180118999965, -7.076937938768929 ], [ -34.847211664999975, -7.07695277776894 ], [ -34.847215281999979, -7.077030585768957 ], [ -34.847218896999955, -7.077223607768907 ], [ -34.847024377999965, -7.077193557768949 ], [ -34.847011036999966, -7.077655664768913 ], [ -34.846995449999952, -7.077914025768924 ], [ -34.847059790999928, -7.077919760768919 ], [ -34.847050813999942, -7.078051061768876 ], [ -34.846962656999949, -7.078053180768913 ], [ -34.846955798999943, -7.078213658768908 ], [ -34.846861531999934, -7.078216776768902 ], [ -34.846848064999953, -7.078304059768876 ], [ -34.846777574999976, -7.078297418768905 ] ] ] } },
{ "type": "Feature", "properties": { "num_setor": "PB_CABEDEL_SR_009_SGB", "munic": "CABEDELO", "grau_risco": "Alto", "distancia_km": 1.8, "chuva_24h": 0.0, "chuva_72h": 0.7, "fonte_estacao": "openmeteo", "codigo_estacao": "openmeteo", "nome_estacao": "Open-Meteo (célula de grade)" }, "geometry": { "type": "Polygon", "coordinates": [ [ [ -34.849612437999951, -7.061547736769424 ], [ -34.849609197999939, -7.061553050769453 ], [ -34.849586783999939, -7.061640714769423 ], [ -34.849556866999933, -7.061643647769437 ], [ -34.849589908999974, -7.061733847769424 ], [ -34.849493011999982, -7.061741190769416 ], [ -34.84950239799997, -7.061808816769392 ], [ -34.849441641999924, -7.06183068876944 ], [ -34.849394486999984, -7.061868274769395 ], [ -34.849420542999951, -7.06193844876942 ], [ -34.849421726999935, -7.061968946769428 ], [ -34.849434267999989, -7.061974571769399 ], [ -34.849438457999952, -7.062033734769398 ], [ -34.849469296999985, -7.062032477769391 ], [ -34.849483961999965, -7.0620883717694 ], [ -34.849430161999976, -7.062105131769397 ], [ -34.84943414199995, -7.062245984769397 ], [ -34.849440259999938, -7.062323750769399 ], [ -34.849464057999967, -7.062336906769419 ], [ -34.84947168399998, -7.062423387769405 ], [ -34.849466320999966, -7.062486824769397 ], [ -34.849498919, -7.062491350769389 ], [ -34.849501516999965, -7.062621239769378 ], [ -34.849502438999934, -7.062667412769363 ], [ -34.849543751999931, -7.062671853769406 ], [ -34.849542662999966, -7.062720457769377 ], [ -34.849578065999935, -7.062719871769374 ], [ -34.849577328999942, -7.062785010769393 ], [ -34.849574511999947, -7.062792387769361 ], [ -34.849573327999963, -7.062800381769406 ], [ -34.849569774999964, -7.062814594769395 ], [ -34.849523583999932, -7.062819331769379 ], [ -34.849518846999956, -7.062896316769395 ], [ -34.849515292999968, -7.062956719769356 ], [ -34.849572558999974, -7.062983797769375 ], [ -34.849500046999928, -7.063317517769379 ], [ -34.849480945999971, -7.063387834769368 ], [ -34.849444494999943, -7.06338667076935 ], [ -34.849362969999959, -7.063383884769365 ], [ -34.849348549999938, -7.063419608769348 ], [ -34.849334374999955, -7.063473111769352 ], [ -34.849314136999965, -7.063559635769389 ], [ -34.84929716399995, -7.063616108769355 ], [ -34.849412843999971, -7.063633593769359 ], [ -34.849399815999966, -7.063680968769363 ], [ -34.84939626299996, -7.063695181769352 ], [ -34.849392117999969, -7.063717684769373 ], [ -34.849382642999956, -7.063749070769364 ], [ -34.849369840999941, -7.063790055769362 ], [ -34.849344604999942, -7.063893784769345 ], [ -34.849239071999932, -7.063882314769337 ], [ -34.849215802999936, -7.063942700769373 ], [ -34.84920735399993, -7.063964035769351 ], [ -34.849193141999933, -7.064027991769372 ], [ -34.849187219999976, -7.064100239769352 ], [ -34.849199063999947, -7.064155905769329 ], [ -34.849150692999956, -7.064285776769333 ], [ -34.849154543999937, -7.064354110769318 ], [ -34.849113903999971, -7.064478895769341 ], [ -34.849057499999951, -7.064818170769323 ], [ -34.849076754999942, -7.064824397769295 ], [ -34.849049469999954, -7.064952133769315 ], [ -34.84903070699994, -7.064952461769314 ], [ -34.849009567999929, -7.06506028776929 ], [ -34.848912157999962, -7.0656233867693 ], [ -34.848924251999968, -7.06568040176928 ], [ -34.848906974999984, -7.065744326769285 ], [ -34.848891124999966, -7.065787981769299 ], [ -34.848860330999969, -7.065927738769289 ], [ -34.84881022299993, -7.06592573576927 ], [ -34.848761846999935, -7.066234995769258 ], [ -34.848727292999968, -7.066475146769268 ], [ -34.84868582799993, -7.066473418769287 ], [ -34.848625357999929, -7.066834509769284 ], [ -34.848589075999939, -7.06696236076928 ], [ -34.84855538599993, -7.06701332776927 ], [ -34.848507873999942, -7.067293216769214 ], [ -34.84850009999996, -7.067427977769241 ], [ -34.848496643999965, -7.067478080769217 ], [ -34.848475911999969, -7.06747462576926 ], [ -34.848472455999968, -7.067547189769251 ], [ -34.848494915999936, -7.067547189769251 ], [ -34.848484549999966, -7.067643940769253 ], [ -34.848455178999984, -7.067700955769232 ], [ -34.848443084999928, -7.067882364769217 ], [ -34.848449995999935, -7.068093144769245 ], [ -34.848502647999965, -7.068090416769212 ], [ -34.848467272999983, -7.068246910769214 ], [ -34.848456906999949, -7.068307380769212 ], [ -34.848432718999959, -7.068307380769212 ], [ -34.848415441999975, -7.068386855769213 ], [ -34.848441356999956, -7.068390310769228 ], [ -34.848411985999974, -7.068526799769221 ], [ -34.848403751999967, -7.068561800769176 ], [ -34.848395461999928, -7.068598515769195 ], [ -34.848369404999971, -7.06871576976917 ], [ -34.848316961999956, -7.068701298769185 ], [ -34.848311778999971, -7.068739307769215 ], [ -34.848285863999934, -7.068739307769215 ], [ -34.848280680999949, -7.068784227769208 ], [ -34.848197750999937, -7.068772134769202 ], [ -34.848192567999952, -7.068801505769182 ], [ -34.848075082999969, -7.0687807727692 ], [ -34.848070763999942, -7.068793730769213 ], [ -34.848005974999978, -7.068777317769185 ], [ -34.847967101999984, -7.068892209769184 ], [ -34.847923908999974, -7.068880115769182 ], [ -34.847973148999976, -7.068728077769178 ], [ -34.848061261999931, -7.068753129769186 ], [ -34.848092359999953, -7.068687476769215 ], [ -34.848135552999956, -7.068703025769221 ], [ -34.848178745999974, -7.06848706276921 ], [ -34.848256492999951, -7.068449052769184 ], [ -34.848353243999952, -7.068058590769211 ], [ -34.848354971999981, -7.06778215776922 ], [ -34.848415441999975, -7.067395151769245 ], [ -34.848485413999981, -7.066924350769249 ], [ -34.848613263999937, -7.066331746769253 ], [ -34.848665095999934, -7.066029398769273 ], [ -34.848760119999959, -7.065716683769273 ], [ -34.848825771999934, -7.065595743769292 ], [ -34.848941889999935, -7.065044064769299 ], [ -34.848969091999955, -7.064927717769346 ], [ -34.849025790999974, -7.064811861769305 ], [ -34.84907077299993, -7.064604074769351 ], [ -34.849059711999985, -7.064485678769348 ], [ -34.849046273999932, -7.064384981769361 ], [ -34.849042996999962, -7.06428838076931 ], [ -34.849082004999957, -7.064131366769354 ], [ -34.849141734999925, -7.063869503769366 ], [ -34.849207528999962, -7.06359748076934 ], [ -34.849283327999956, -7.06333463976935 ], [ -34.849327981999977, -7.063139142769369 ], [ -34.849336257999937, -7.062960196769365 ], [ -34.849366126999939, -7.062728968769405 ], [ -34.849368462999962, -7.062622298769372 ], [ -34.849367152999939, -7.062573301769413 ], [ -34.849360597999976, -7.06248079676942 ], [ -34.849320367999951, -7.062488007769392 ], [ -34.849304636999932, -7.062411234769399 ], [ -34.849348307999946, -7.062395421769395 ], [ -34.849329543999943, -7.062235812769424 ], [ -34.849306028999926, -7.062044740769423 ], [ -34.849286531999951, -7.061974220769416 ], [ -34.849251545999948, -7.061974957769411 ], [ -34.849216067999976, -7.061838782769386 ], [ -34.849289890999955, -7.06180559976942 ], [ -34.849282762999962, -7.06175873276944 ], [ -34.849414595999974, -7.06172718776943 ], [ -34.84941000799995, -7.06167278276942 ], [ -34.849454876999971, -7.061612710769425 ], [ -34.849482161999958, -7.061575184769449 ], [ -34.849529355999948, -7.0615327427694 ], [ -34.849563358999944, -7.061521353769446 ], [ -34.849612437999951, -7.061547736769424 ] ] ] } }
]
}
