{
"type": "FeatureCollection",
"name": "setores_al",
"crs": { "type": "name", "properties": { "name": "urn:ogc:def:crs:OGC:1.3:CRS84" } },
"features": [
{ "type": "Feature", "properties": { "num_setor": "AL_QUEBRAN_SR_003_CPRM", "munic": "QUEBRANGULO", "grau_risco": "Muito alto", "distancia_km": 1.24, "chuva_24h": 1.1, "chuva_72h": 4.2, "fonte_estacao": "openmeteo", "codigo_estacao": "openmeteo", "nome_estacao": "Open-Meteo (célula de grade)" }, "geometry": { "type": "Polygon", "coordinates": [ [ [ -36.474940988999947, -9.320552169697958 ], [ -36.474729554999954, -9.320404455697977 ], [ -36.474639858999979, -9.320465641697961 ], [ -36.474343344999973, -9.320638336697963 ], [ -36.474010988999957, -9.320861536697945 ], [ -36.473906719999945, -9.320736087697959 ], [ -36.473714474999952, -9.320877828697943 ], [ -36.473813855999936, -9.321032601697956 ], [ -36.473701440999946, -9.321184117697973 ], [ -36.473439140999972, -9.321330744697958 ], [ -36.473364197999963, -9.321229734697981 ], [ -36.473258299999948, -9.321314452697955 ], [ -36.47311248699998, -9.321113246697982 ], [ -36.472791534999942, -9.321280239697964 ], [ -36.472622912999952, -9.321363328697954 ], [ -36.472545525999969, -9.32127861069797 ], [ -36.471753735999982, -9.321558832697921 ], [ -36.471219358999974, -9.321689168697961 ], [ -36.470789250999928, -9.321610966697968 ], [ -36.470368918999952, -9.321467597697971 ], [ -36.470071318999942, -9.321435013697977 ], [ -36.469090541999947, -9.321318797697941 ], [ -36.468765788999974, -9.321215614697982 ], [ -36.468563767999967, -9.321111346697952 ], [ -36.468613729999959, -9.320962546697983 ], [ -36.468495884999975, -9.320899007697978 ], [ -36.468344369999961, -9.320832210697999 ], [ -36.468124427999953, -9.320693728697993 ], [ -36.467844205999938, -9.320574797697962 ], [ -36.467847463999931, -9.320494966697972 ], [ -36.467796958999941, -9.320428169697985 ], [ -36.467617747999945, -9.320191936697984 ], [ -36.467769262999973, -9.320121880698013 ], [ -36.467873531999942, -9.320260362697969 ], [ -36.468218920999959, -9.320472157697999 ], [ -36.468518693999961, -9.320680695697973 ], [ -36.468824982999934, -9.320850131697993 ], [ -36.469154080999942, -9.321022826697988 ], [ -36.469144304999929, -9.321162937697936 ], [ -36.470092497999929, -9.321279153697972 ], [ -36.470125081999974, -9.321131439697934 ], [ -36.471033087999956, -9.321205296697956 ], [ -36.471736900999922, -9.321127095697953 ], [ -36.472167008999975, -9.320949693697994 ], [ -36.472561636999956, -9.320731743697959 ], [ -36.473220556999927, -9.320095994698017 ], [ -36.473568118999935, -9.319844011698029 ], [ -36.473901198999954, -9.319674575698015 ], [ -36.474046016999978, -9.319709331697993 ], [ -36.474380544999981, -9.319464589698001 ], [ -36.474629630999971, -9.319325565698048 ], [ -36.474773, -9.319541343698019 ], [ -36.474861338999972, -9.319775947698027 ], [ -36.475094494999951, -9.320250949697979 ], [ -36.475227727999936, -9.320615889697965 ], [ -36.47517559299996, -9.320888146697964 ], [ -36.475027878999981, -9.320975036697943 ], [ -36.474885957999959, -9.320801255698003 ], [ -36.474990226999978, -9.320702779697998 ], [ -36.474940988999947, -9.320552169697958 ] ] ] } },
{ "type": "Feature", "properties": { "num_setor": "AL_QUEBRAN_SR_004_CPRM", "munic": "QUEBRANGULO", "grau_risco": "Muito alto", "distancia_km": 1.74, "chuva_24h": 1.1, "chuva_72h": 4.2, "fonte_estacao": "openmeteo", "codigo_estacao": "openmeteo", "nome_estacao": "Open-Meteo (célula de grade)" }, "geometry": { "type": "Polygon", "coordinates": [ [ [ -36.473571105999952, -9.317575445698099 ], [ -36.473681890999963, -9.317816566698072 ], [ -36.473580880999975, -9.318468245698043 ], [ -36.473271332999957, -9.319631492698027 ], [ -36.472647350999985, -9.320185419698012 ], [ -36.472249826999985, -9.320447719697979 ], [ -36.471676348999949, -9.320641594697948 ], [ -36.471446631999981, -9.320693728697993 ], [ -36.47055383199995, -9.320677436697993 ], [ -36.46955676399994, -9.320534067697993 ], [ -36.469136430999981, -9.320325530698018 ], [ -36.469188564999961, -9.320100700697985 ], [ -36.468918117999976, -9.319911714697984 ], [ -36.468602053999973, -9.319579357697998 ], [ -36.468484751999938, -9.319712952698016 ], [ -36.468253405999974, -9.319488122697987 ], [ -36.468308798999942, -9.319364303698046 ], [ -36.467810263999979, -9.318640940698041 ], [ -36.466884879999952, -9.317344099698083 ], [ -36.466695893999933, -9.317265897698093 ], [ -36.466298368999951, -9.317148595698118 ], [ -36.46603769799998, -9.316848823698118 ], [ -36.465946462999966, -9.316646802698118 ], [ -36.465633656999962, -9.316314446698126 ], [ -36.465333884999943, -9.31580613769815 ], [ -36.464643104999936, -9.315356478698137 ], [ -36.46435636599994, -9.315734452698125 ], [ -36.464043560999983, -9.315493331698143 ], [ -36.464532319999932, -9.314691766698152 ], [ -36.465183998999976, -9.315011089698128 ], [ -36.46556848899997, -9.315473781698152 ], [ -36.465763992999939, -9.315076256698132 ], [ -36.465959495999982, -9.31495243769818 ], [ -36.466252751999946, -9.315402096698127 ], [ -36.466845779999971, -9.316490400698109 ], [ -36.467288920999984, -9.317155112698092 ], [ -36.467197685999963, -9.317233313698095 ], [ -36.468080710999971, -9.318367235698068 ], [ -36.468240371999968, -9.318223865698021 ], [ -36.468707951999924, -9.318768017698041 ], [ -36.469054970999935, -9.319136216698009 ], [ -36.46895558999995, -9.319261664698013 ], [ -36.469494853999947, -9.319670592698014 ], [ -36.470195408999984, -9.319963848698023 ], [ -36.471036074999979, -9.320237553697995 ], [ -36.471541125999984, -9.320227778697973 ], [ -36.471981008999933, -9.319892163697999 ], [ -36.472502351999935, -9.319589133698013 ], [ -36.47308886299993, -9.319132957698024 ], [ -36.472981335999975, -9.318781051698041 ], [ -36.473147513999947, -9.318618131698013 ], [ -36.472948751999972, -9.318390043698049 ], [ -36.47313122199995, -9.318262966698056 ], [ -36.473026953999977, -9.318073979698058 ], [ -36.473307175999935, -9.317901284698056 ], [ -36.473258299999948, -9.317731848698042 ], [ -36.473571105999952, -9.317575445698099 ] ] ] } },
{ "type": "Feature", "properties": { "num_setor": "AL_QUEBRAN_SR_005_CPRM", "munic": "QUEBRANGULO", "grau_risco": "Muito alto", "distancia_km": 1.52, "chuva_24h": 1.1, "chuva_72h": 4.4, "fonte_estacao": "openmeteo", "codigo_estacao": "openmeteo", "nome_estacao": "Open-Meteo (célula de grade)" }, "geometry": { "type": "Polygon", "coordinates": [ [ [ -36.419500213999974, -9.365131857696555 ], [ -36.419494088999954, -9.365583023696548 ], [ -36.418071181999949, -9.365605479696558 ], [ -36.417611850999954, -9.365576898696581 ], [ -36.417297463999944, -9.365476866696547 ], [ -36.416878961999942, -9.365274760696593 ], [ -36.416645212999988, -9.365147168696586 ], [ -36.416421670999966, -9.364869528696619 ], [ -36.41635940599997, -9.364731728696619 ], [ -36.416447189999928, -9.364686816696592 ], [ -36.416785053999945, -9.364610261696585 ], [ -36.416887126999939, -9.364590867696588 ], [ -36.416909583999939, -9.365037949696566 ], [ -36.417583269999966, -9.3651298166966 ], [ -36.418001771999968, -9.365152272696614 ], [ -36.418777531999986, -9.365154313696571 ], [ -36.41934710299995, -9.365144106696567 ], [ -36.419500213999974, -9.365131857696555 ] ] ] } },
{ "type": "Feature", "properties": { "num_setor": "AL_QUEBRAN_SR_001_CPRM", "munic": "QUEBRANGULO", "grau_risco": "Alto", "distancia_km": 0.26, "chuva_24h": 1.1, "chuva_72h": 4.2, "fonte_estacao": "openmeteo", "codigo_estacao": "openmeteo", "nome_estacao": "Open-Meteo (célula de grade)" }, "geometry": { "type": "Polygon", "coordinates": [ [ [ -36.482395095999948, -9.325810596697794 ], [ -36.48232577899995, -9.325907640697817 ], [ -36.482178479999959, -9.325791534697814 ], [ -36.481955949999929, -9.32608838269781 ], [ -36.480838601999949, -9.325236212697806 ], [ -36.480897815999981, -9.325148677697831 ], [ -36.480640362999964, -9.324989056697817 ], [ -36.480833452999946, -9.324759923697878 ], [ -36.481271123999939, -9.325053420697838 ], [ -36.481361231999983, -9.32494014069785 ], [ -36.481528576999949, -9.325089463697859 ], [ -36.481505405999947, -9.325153826697829 ], [ -36.482395095999948, -9.325810596697794 ] ] ] } },
{ "type": "Feature", "properties": { "num_setor": "AL_QUEBRAN_SR_002_CPRM", "munic": "QUEBRANGULO", "grau_risco": "Muito alto", "distancia_km": 1.09, "chuva_24h": 1.1, "chuva_72h": 4.2, "fonte_estacao": "openmeteo", "codigo_estacao": "openmeteo", "nome_estacao": "Open-Meteo (célula de grade)" }, "geometry": { "type": "Polygon", "coordinates": [ [ [ -36.482510117999944, -9.313756365698188 ], [ -36.482457017999927, -9.313655959698186 ], [ -36.48179954699998, -9.313829740698189 ], [ -36.480968293999979, -9.314061448698174 ], [ -36.480235517999972, -9.314278674698189 ], [ -36.479725759999951, -9.314498797698144 ], [ -36.479659143999989, -9.314356875698197 ], [ -36.478773825999951, -9.314798086698135 ], [ -36.478248620999977, -9.315091583698154 ], [ -36.47835288999994, -9.315273088698145 ], [ -36.477630732999955, -9.315836910698135 ], [ -36.476943331999969, -9.316327359698104 ], [ -36.476012638999968, -9.317265777698109 ], [ -36.475580116999936, -9.317619131698065 ], [ -36.475076151999936, -9.318182954698042 ], [ -36.474734381999951, -9.318606787698039 ], [ -36.47458377199996, -9.318745812698047 ], [ -36.474943884999959, -9.318923455698016 ], [ -36.475051049999927, -9.318841391698049 ], [ -36.47532330699994, -9.319014207698009 ], [ -36.475582047999985, -9.319319289698022 ], [ -36.475616803999976, -9.319437074697998 ], [ -36.475846580999985, -9.319802014697984 ], [ -36.475927678999938, -9.319747949698019 ], [ -36.476192211999944, -9.319979657698008 ], [ -36.476151662999939, -9.320076202697967 ], [ -36.476340891999939, -9.320236467697997 ], [ -36.475896783999922, -9.320713399697951 ], [ -36.476064772999962, -9.320931591697976 ], [ -36.47574810499998, -9.321130474697972 ], [ -36.47565928399996, -9.320918075697957 ], [ -36.475549221999984, -9.320558927697997 ], [ -36.475408266999985, -9.320431488697956 ], [ -36.475240277999937, -9.320085857698007 ], [ -36.475049118999948, -9.319790429698012 ], [ -36.474933264999947, -9.319384940698018 ], [ -36.474763345999975, -9.319160955698035 ], [ -36.474570255999943, -9.319099167698056 ], [ -36.474423507999973, -9.319338598697994 ], [ -36.473987123999962, -9.319307704698033 ], [ -36.474211107999963, -9.318693678698063 ], [ -36.474214969999927, -9.318245709698029 ], [ -36.474388750999935, -9.31765099169804 ], [ -36.475134078999929, -9.317036965698067 ], [ -36.47647219299995, -9.31595952369811 ], [ -36.477373922999959, -9.315343565698161 ], [ -36.477088149999929, -9.314936145698178 ], [ -36.477524532999951, -9.31467740569814 ], [ -36.477692521999984, -9.314884011698137 ], [ -36.478395369999937, -9.31450941669817 ], [ -36.478872301999949, -9.314324050698191 ], [ -36.479683279999961, -9.31398035069817 ], [ -36.479590596999969, -9.313704231698209 ], [ -36.479872507999971, -9.313617341698171 ], [ -36.480065597999953, -9.314123236698158 ], [ -36.480417021999976, -9.314005452698174 ], [ -36.480335923999974, -9.313750573698165 ], [ -36.482131661999979, -9.313256262698223 ], [ -36.482224344999963, -9.313545897698221 ], [ -36.482739894999952, -9.313397218698213 ], [ -36.482799752999938, -9.313536243698225 ], [ -36.482606662999956, -9.31371388669819 ], [ -36.482510117999944, -9.313756365698188 ] ] ] } },
{ "type": "Feature", "properties": { "num_setor": "AL_BATALHA_SR_005_CPRM", "munic": "BATALHA", "grau_risco": "Muito alto", "distancia_km": 1.41, "chuva_24h": 1.5, "chuva_72h": 7.2, "fonte_estacao": "openmeteo", "codigo_estacao": "openmeteo", "nome_estacao": "Open-Meteo (célula de grade)" }, "geometry": { "type": "Polygon", "coordinates": [ [ [ -37.120321153999953, -9.673430973686957 ], [ -37.120172716999946, -9.673462781686963 ], [ -37.120031346999959, -9.673423905686953 ], [ -37.119925319999936, -9.67323659068701 ], [ -37.119858169999929, -9.673056344687009 ], [ -37.119868772999943, -9.672982126686994 ], [ -37.120017209999958, -9.672819551687006 ], [ -37.120211592999958, -9.672671113687015 ], [ -37.120427180999975, -9.672600429686982 ], [ -37.120628632999967, -9.672533278686986 ], [ -37.12071698799997, -9.672515607687023 ], [ -37.120886630999955, -9.672526210686986 ], [ -37.121172903999934, -9.672635771687032 ], [ -37.12129660199998, -9.672702921686977 ], [ -37.121558135999976, -9.672699387687008 ], [ -37.122286186999929, -9.672784209687022 ], [ -37.123296978, -9.672847825686993 ], [ -37.123862454999937, -9.673031605686976 ], [ -37.124062138999939, -9.673165906686977 ], [ -37.124123987999958, -9.673254261686971 ], [ -37.124134590999979, -9.673441576686976 ], [ -37.124109850999957, -9.673618287686963 ], [ -37.124063905999947, -9.673690739686947 ], [ -37.123938440999957, -9.673780862686947 ], [ -37.123751125999945, -9.673839177686991 ], [ -37.123289908999936, -9.673770259686986 ], [ -37.123205087999963, -9.673738451686967 ], [ -37.120310551999978, -9.673427439686982 ], [ -37.120321153999953, -9.673430973686957 ] ] ] } },
{ "type": "Feature", "properties": { "num_setor": "AL_BATALHA_SR_002_CPRM", "munic": "BATALHA", "grau_risco": "Muito alto", "distancia_km": 0.74, "chuva_24h": 1.5, "chuva_72h": 7.2, "fonte_estacao": "openmeteo", "codigo_estacao": "openmeteo", "nome_estacao": "Open-Meteo (célula de grade)" }, "geometry": { "type": "Polygon", "coordinates": [ [ [ -37.127179330999986, -9.67822692668685 ], [ -37.127253549999978, -9.678364761686813 ], [ -37.127271220999944, -9.678417774686832 ], [ -37.127250015999948, -9.678495527686799 ], [ -37.127129851999939, -9.678594486686809 ], [ -37.126992016999964, -9.678675773686807 ], [ -37.126882455999976, -9.678774732686813 ], [ -37.126673935999975, -9.678894896686826 ], [ -37.126497224999973, -9.678912567686783 ], [ -37.12640179999994, -9.678905498686795 ], [ -37.126316978999967, -9.678795937686813 ], [ -37.12628517099995, -9.678640431686816 ], [ -37.126232156999947, -9.678484925686821 ], [ -37.126246293999948, -9.678403637686834 ], [ -37.126292238999952, -9.678343555686832 ], [ -37.126352320999949, -9.678301145686838 ], [ -37.126525497999978, -9.678290542686817 ], [ -37.127055632999941, -9.67822692668685 ], [ -37.127179330999986, -9.67822692668685 ] ] ] } },
{ "type": "Feature", "properties": { "num_setor": "AL_BATALHA_SR_001_CPRM", "munic": "BATALHA", "grau_risco": "Muito alto", "distancia_km": 0.5, "chuva_24h": 1.5, "chuva_72h": 7.2, "fonte_estacao": "openmeteo", "codigo_estacao": "openmeteo", "nome_estacao": "Open-Meteo (célula de grade)" }, "geometry": { "type": "Polygon", "coordinates": [ [ [ -37.13788451999995, -9.679988740686756 ], [ -37.137990546999958, -9.680126575686776 ], [ -37.138036491999969, -9.680234369686753 ], [ -37.13806299799996, -9.680347465686754 ], [ -37.138041792999964, -9.680471163686736 ], [ -37.138001148999933, -9.680536546686776 ], [ -37.137833272999956, -9.680686751686734 ], [ -37.137532863999979, -9.681307009686728 ], [ -37.137409164999951, -9.681351187686733 ], [ -37.137350850999951, -9.681349420686717 ], [ -37.137165302999968, -9.681291105686732 ], [ -37.137034536999977, -9.681208050686722 ], [ -37.136946180999985, -9.681093188686754 ], [ -37.136956783999949, -9.680953586686769 ], [ -37.137016865999961, -9.680900572686769 ], [ -37.137073412999939, -9.680859928686749 ], [ -37.137138796999977, -9.680829887686745 ], [ -37.137248357999965, -9.680783942686737 ], [ -37.137347315999932, -9.680616066686763 ], [ -37.137428603999979, -9.680331561686746 ], [ -37.137499287999965, -9.68019902768676 ], [ -37.137637122999934, -9.679948097686777 ], [ -37.13775375299997, -9.679926891686792 ], [ -37.137820902999977, -9.679956932686791 ], [ -37.13788451999995, -9.679988740686756 ] ] ] } },
{ "type": "Feature", "properties": { "num_setor": "AL_BATALHA_SR_004_CPRM", "munic": "BATALHA", "grau_risco": "Muito alto", "distancia_km": 1.72, "chuva_24h": 1.5, "chuva_72h": 7.2, "fonte_estacao": "openmeteo", "codigo_estacao": "openmeteo", "nome_estacao": "Open-Meteo (célula de grade)" }, "geometry": { "type": "Polygon", "coordinates": [ [ [ -37.124622314999954, -9.688465595686516 ], [ -37.124675327999967, -9.688546883686502 ], [ -37.12475308099993, -9.688674115686512 ], [ -37.124760149999929, -9.688857895686491 ], [ -37.124802559999978, -9.689486988686458 ], [ -37.124830833999965, -9.690013589686489 ], [ -37.124894449999942, -9.690791120686441 ], [ -37.125021682999943, -9.691999827686397 ], [ -37.125067627999954, -9.692459277686373 ], [ -37.125092366999979, -9.692713742686374 ], [ -37.125208996999952, -9.693240343686357 ], [ -37.125304420999946, -9.693593766686378 ], [ -37.125081764999948, -9.693720998686326 ], [ -37.124901518999927, -9.693745738686339 ], [ -37.124859107999953, -9.693537218686354 ], [ -37.124760149999929, -9.693279219686371 ], [ -37.124657656999936, -9.692925796686355 ], [ -37.124629382999956, -9.692678400686392 ], [ -37.124551629999985, -9.692017498686422 ], [ -37.124516287999938, -9.691558048686439 ], [ -37.124530424999932, -9.691409611686435 ], [ -37.124533958999962, -9.690808791686408 ], [ -37.124488013999951, -9.690420026686461 ], [ -37.124435, -9.689928767686473 ], [ -37.124396123999929, -9.689766193686479 ], [ -37.124247685999933, -9.689193647686487 ], [ -37.124141658999974, -9.688599896686515 ], [ -37.124466807999966, -9.688458527686521 ], [ -37.124622314999954, -9.688465595686516 ] ] ] } },
{ "type": "Feature", "properties": { "num_setor": "AL_BATALHA_SR_003_CPRM", "munic": "BATALHA", "grau_risco": "Muito alto", "distancia_km": 1.0, "chuva_24h": 1.5, "chuva_72h": 7.2, "fonte_estacao": "openmeteo", "codigo_estacao": "openmeteo", "nome_estacao": "Open-Meteo (célula de grade)" }, "geometry": { "type": "Polygon", "coordinates": [ [ [ -37.124245918999975, -9.677732133686828 ], [ -37.124290096999978, -9.677763941686841 ], [ -37.124318370999958, -9.678707581686819 ], [ -37.12452688999997, -9.679205908686805 ], [ -37.124746012999935, -9.67974664568678 ], [ -37.124908586999936, -9.680294451686748 ], [ -37.125247873999967, -9.68118507868672 ], [ -37.125611898999978, -9.682885043686669 ], [ -37.125138311999933, -9.683033481686651 ], [ -37.124869710999974, -9.682651784686701 ], [ -37.12468946499996, -9.681997951686721 ], [ -37.124604642999941, -9.681729349686721 ], [ -37.124438534999967, -9.681022503686734 ], [ -37.124272425999948, -9.680347465686754 ], [ -37.124088645999961, -9.679725440686788 ], [ -37.123763495999988, -9.678834814686823 ], [ -37.123620359999961, -9.678329418686834 ], [ -37.123609756999947, -9.678145638686857 ], [ -37.123666304999972, -9.67793358468683 ], [ -37.123722852999947, -9.677795749686858 ], [ -37.123853618999931, -9.677710928686833 ], [ -37.124044467999965, -9.677686188686817 ], [ -37.124245918999975, -9.677732133686828 ] ] ] } },
{ "type": "Feature", "properties": { "num_setor": "AL_PARIPUE_SR_026_CPRM", "munic": "PARIPUEIRA", "grau_risco": "Muito alto", "distancia_km": 0.25, "chuva_24h": 0.6, "chuva_72h": 4.2, "fonte_estacao": "openmeteo", "codigo_estacao": "openmeteo", "nome_estacao": "Open-Meteo (célula de grade)" }, "geometry": { "type": "Polygon", "coordinates": [ [ [ -35.569075981999958, -9.472434433693264 ], [ -35.569139217999975, -9.472283870693234 ], [ -35.56921751099997, -9.472250747693256 ], [ -35.569340971999964, -9.472250747693256 ], [ -35.569458410999971, -9.47234710769324 ], [ -35.569533691999936, -9.472521759693237 ], [ -35.569557781999947, -9.472645220693218 ], [ -35.569515624999951, -9.472828907693216 ], [ -35.569386140999939, -9.472880098693224 ], [ -35.569223532999956, -9.472840952693216 ], [ -35.569121150999926, -9.472723513693213 ], [ -35.569094049999933, -9.472606074693205 ], [ -35.569075981999958, -9.472434433693264 ] ] ] } },
{ "type": "Feature", "properties": { "num_setor": "AL_PARIPUE_SR_022_CPRM", "munic": "PARIPUEIRA", "grau_risco": "Muito alto", "distancia_km": 1.53, "chuva_24h": 0.6, "chuva_72h": 4.2, "fonte_estacao": "openmeteo", "codigo_estacao": "openmeteo", "nome_estacao": "Open-Meteo (célula de grade)" }, "geometry": { "type": "Polygon", "coordinates": [ [ [ -35.557805755999937, -9.462036780693548 ], [ -35.557761225999968, -9.462243842693558 ], [ -35.557725602999945, -9.462406374693545 ], [ -35.557614278999949, -9.462403034693569 ], [ -35.557640996999972, -9.462191520693572 ], [ -35.557643222999957, -9.462091329693575 ], [ -35.557640996999964, -9.462006723693543 ], [ -35.557643222999957, -9.461935476693549 ], [ -35.55768291499993, -9.461875482693596 ], [ -35.557977193999932, -9.46186868269359 ], [ -35.558096309999939, -9.461886494693545 ], [ -35.558112018999964, -9.461965820693591 ], [ -35.558105995999938, -9.462048629693578 ], [ -35.557805755999937, -9.462036780693548 ] ] ] } },
{ "type": "Feature", "properties": { "num_setor": "AL_PARIPUE_SR_023_CPRM", "munic": "PARIPUEIRA", "grau_risco": "Muito alto", "distancia_km": 1.48, "chuva_24h": 0.6, "chuva_72h": 4.2, "fonte_estacao": "openmeteo", "codigo_estacao": "openmeteo", "nome_estacao": "Open-Meteo (célula de grade)" }, "geometry": { "type": "Polygon", "coordinates": [ [ [ -35.558989797999978, -9.461875482693586 ], [ -35.558821167999952, -9.461849887693575 ], [ -35.558782021999946, -9.46186042669359 ], [ -35.558736852999971, -9.461858921693592 ], [ -35.558694695999975, -9.461840853693559 ], [ -35.558660065999959, -9.461821280693586 ], [ -35.558640492999984, -9.461800201693574 ], [ -35.558646515999953, -9.461761055693565 ], [ -35.55868114499998, -9.461702335693598 ], [ -35.558693189999929, -9.46164963969359 ], [ -35.558733841999988, -9.461563818693559 ], [ -35.558786538999982, -9.461551773693559 ], [ -35.558836223999947, -9.461551773693559 ], [ -35.558876875999943, -9.46157435769357 ], [ -35.558922044999974, -9.461631571693554 ], [ -35.55896420199997, -9.46169480769357 ], [ -35.559003348999966, -9.461752021693549 ], [ -35.559013887999981, -9.461830314693549 ], [ -35.558989797999978, -9.461875482693586 ] ] ] } },
{ "type": "Feature", "properties": { "num_setor": "AL_PARIPUE_SR_027_CPRM", "munic": "PARIPUEIRA", "grau_risco": "Muito alto", "distancia_km": 0.47, "chuva_24h": 0.6, "chuva_72h": 4.2, "fonte_estacao": "openmeteo", "codigo_estacao": "openmeteo", "nome_estacao": "Open-Meteo (célula de grade)" }, "geometry": { "type": "Polygon", "coordinates": [ [ [ -35.570887248999945, -9.472886120693207 ], [ -35.570876709999936, -9.472633175693211 ], [ -35.570914350999942, -9.472618119693218 ], [ -35.57103329499995, -9.472640704693234 ], [ -35.571189879999963, -9.472722007693225 ], [ -35.571357004999975, -9.472734052693228 ], [ -35.57159037699995, -9.47274910969322 ], [ -35.571713837999937, -9.472794277693255 ], [ -35.571757500999979, -9.472887626693247 ], [ -35.571802669999947, -9.472970435693234 ], [ -35.571727387999942, -9.473015604693209 ], [ -35.57159188199995, -9.47303668369323 ], [ -35.571152239999947, -9.472990009693204 ], [ -35.570887248999945, -9.472886120693207 ] ] ] } },
{ "type": "Feature", "properties": { "num_setor": "AL_PARIPUE_SR_020_CPRM", "munic": "PARIPUEIRA", "grau_risco": "Muito alto", "distancia_km": 1.85, "chuva_24h": 0.6, "chuva_72h": 4.2, "fonte_estacao": "openmeteo", "codigo_estacao": "openmeteo", "nome_estacao": "Open-Meteo (célula de grade)" }, "geometry": { "type": "Polygon", "coordinates": [ [ [ -35.552840823999922, -9.463855380693527 ], [ -35.553001925999979, -9.463841829693534 ], [ -35.553059139999959, -9.463990886693519 ], [ -35.553033543999959, -9.464024010693484 ], [ -35.552970307999942, -9.464046594693505 ], [ -35.552882981999971, -9.464055628693515 ], [ -35.552785115999939, -9.463978841693507 ], [ -35.552697789999968, -9.463886998693502 ], [ -35.552541204999955, -9.463772570693497 ], [ -35.552511091999982, -9.463765042693526 ], [ -35.552399675999936, -9.463777087693529 ], [ -35.552252124999939, -9.463817739693521 ], [ -35.552193404999969, -9.46382677369348 ], [ -35.552161786999932, -9.463808705693515 ], [ -35.552137696999978, -9.463587378693497 ], [ -35.552157269999952, -9.463561783693539 ], [ -35.552203944999967, -9.463549738693533 ], [ -35.552405698999962, -9.463578345693527 ], [ -35.552572822999934, -9.463643087693537 ], [ -35.552693272999939, -9.463709334693537 ], [ -35.552750486999969, -9.4637168626935 ], [ -35.552786621999921, -9.463722885693528 ], [ -35.552825767999934, -9.463749986693532 ], [ -35.552800171999934, -9.463829784693523 ], [ -35.552840823999922, -9.463855380693527 ] ] ] } },
{ "type": "Feature", "properties": { "num_setor": "AL_PARIPUE_SR_031_CPRM", "munic": "PARIPUEIRA", "grau_risco": "Muito alto", "distancia_km": 1.16, "chuva_24h": 0.6, "chuva_72h": 4.2, "fonte_estacao": "openmeteo", "codigo_estacao": "openmeteo", "nome_estacao": "Open-Meteo (célula de grade)" }, "geometry": { "type": "Polygon", "coordinates": [ [ [ -35.558113523999971, -9.46717528469339 ], [ -35.558307749999983, -9.467238520693408 ], [ -35.558331839999944, -9.467312295693381 ], [ -35.558346895999932, -9.467389082693387 ], [ -35.55831513399994, -9.467468071693418 ], [ -35.558293678999974, -9.467481622693413 ], [ -35.558237217999931, -9.467544858693371 ], [ -35.558212374999975, -9.467526791693379 ], [ -35.558169464999935, -9.467551634693391 ], [ -35.558111874999952, -9.467559538693413 ], [ -35.558070093999959, -9.467580993693383 ], [ -35.558032219999973, -9.467640522693376 ], [ -35.557993073999967, -9.467693219693382 ], [ -35.557962961999976, -9.467729354693393 ], [ -35.557868106999933, -9.467675151693401 ], [ -35.557830466999974, -9.467640522693376 ], [ -35.557694959999935, -9.467547173693388 ], [ -35.55767689299995, -9.467459847693418 ], [ -35.557658824999976, -9.467425217693402 ], [ -35.557496217999983, -9.467337891693376 ], [ -35.557336620999941, -9.467223464693413 ], [ -35.557377272999929, -9.467140654693431 ], [ -35.557359205999944, -9.467116564693422 ], [ -35.557306508999943, -9.467104519693422 ], [ -35.557223699999952, -9.467101508693426 ], [ -35.557160462999953, -9.467072901693381 ], [ -35.557073136999982, -9.467030744693389 ], [ -35.556937630999983, -9.466932878693411 ], [ -35.556942147999955, -9.466907282693409 ], [ -35.556994844999963, -9.46680640569339 ], [ -35.557046035999974, -9.466741663693389 ], [ -35.557106260999944, -9.466731124693426 ], [ -35.557146912999947, -9.466756720693432 ], [ -35.557225204999952, -9.46681995669339 ], [ -35.557362216999934, -9.46694793469341 ], [ -35.557439003999953, -9.46701869969338 ], [ -35.557544397999948, -9.467066879693402 ], [ -35.557621184999967, -9.4670683846934 ], [ -35.557694959999928, -9.467036766693422 ], [ -35.557792825999968, -9.467002137693399 ], [ -35.557919297999938, -9.466988586693398 ], [ -35.557993073999967, -9.466967507693383 ], [ -35.558113523999971, -9.466991597693392 ], [ -35.558113523999971, -9.46717528469339 ] ] ] } },
{ "type": "Feature", "properties": { "num_setor": "AL_SANTANA_SR_02_CPRM", "munic": "SANTANA DO IPANEMA", "grau_risco": "Muito alto", "distancia_km": 1.29, "chuva_24h": 0.4, "chuva_72h": 3.2, "fonte_estacao": "openmeteo", "codigo_estacao": "openmeteo", "nome_estacao": "Open-Meteo (célula de grade)" }, "geometry": { "type": "Polygon", "coordinates": [ [ [ -37.244460518999965, -9.374327801696273 ], [ -37.244696789999971, -9.374207954696328 ], [ -37.245111119999933, -9.373954562696285 ], [ -37.245306299999982, -9.373814169696313 ], [ -37.245477510999933, -9.373646382696307 ], [ -37.245782265999935, -9.373369021696339 ], [ -37.246138384999938, -9.373016326696341 ], [ -37.246388352999929, -9.372913600696323 ], [ -37.246449988999984, -9.372879358696355 ], [ -37.246391776999928, -9.372708147696358 ], [ -37.246422594999963, -9.37245133169637 ], [ -37.247131407999973, -9.372375998696338 ], [ -37.247210164999956, -9.372506118696386 ], [ -37.247131407999973, -9.372663632696351 ], [ -37.246723925999959, -9.372899903696341 ], [ -37.246460260999989, -9.373146447696328 ], [ -37.246028809999984, -9.373451202696316 ], [ -37.245813083999963, -9.373790199696337 ], [ -37.245484359999985, -9.374016198696287 ], [ -37.245518601999947, -9.37408810669633 ], [ -37.24534396699994, -9.374170287696312 ], [ -37.245210421999957, -9.374125773696285 ], [ -37.245039210999948, -9.374283286696315 ], [ -37.244854303999944, -9.374396286696314 ], [ -37.244744728999933, -9.374475043696295 ], [ -37.24455639699994, -9.374519557696317 ], [ -37.244460518999965, -9.374327801696273 ] ] ] } },
{ "type": "Feature", "properties": { "num_setor": "AL_SANTANA_SR_03_CPRM", "munic": "SANTANA DO IPANEMA", "grau_risco": "Muito alto", "distancia_km": 1.1, "chuva_24h": 0.4, "chuva_72h": 3.2, "fonte_estacao": "openmeteo", "codigo_estacao": "openmeteo", "nome_estacao": "Open-Meteo (célula de grade)" }, "geometry": { "type": "Polygon", "coordinates": [ [ [ -37.244789243999946, -9.37603991069626 ], [ -37.244576941999981, -9.375868699696252 ], [ -37.244960454999955, -9.375502308696264 ], [ -37.24533369399996, -9.375163310696262 ], [ -37.246155505999987, -9.374471618696305 ], [ -37.24606647599996, -9.374317529696279 ], [ -37.246895136999967, -9.373868956696322 ], [ -37.247182770999984, -9.373622413696328 ], [ -37.247621070999969, -9.373221779696317 ], [ -37.247843644999925, -9.373105356696316 ], [ -37.248302489999965, -9.372927297696375 ], [ -37.248658607999978, -9.372762934696365 ], [ -37.249168816999948, -9.372557481696338 ], [ -37.249295512999936, -9.372968387696337 ], [ -37.249442753999972, -9.372999205696361 ], [ -37.249545479999938, -9.373201234696335 ], [ -37.24988105399995, -9.373437505696332 ], [ -37.25023717199997, -9.373701170696297 ], [ -37.250887772999931, -9.374180560696299 ], [ -37.251346617999957, -9.374564072696268 ], [ -37.251120619999938, -9.374889373696291 ], [ -37.250750804999939, -9.375200976696281 ], [ -37.249877628999968, -9.37457092169632 ], [ -37.249716690999946, -9.374711314696288 ], [ -37.249264694999965, -9.374269590696326 ], [ -37.248323034999942, -9.373314233696341 ], [ -37.248011430999952, -9.373526535696305 ], [ -37.247764887999949, -9.373690897696315 ], [ -37.247473828999944, -9.373920320696314 ], [ -37.246860894999941, -9.374331225696327 ], [ -37.246097293999973, -9.374879100696306 ], [ -37.245172755999931, -9.375618731696267 ], [ -37.244789243999946, -9.37603991069626 ] ] ] } },
{ "type": "Feature", "properties": { "num_setor": "AL_POCODAS_SR_02_CPRM", "munic": "POÇO DAS TRINCHEIRAS", "grau_risco": "Muito alto", "distancia_km": 1.3, "chuva_24h": 0.8, "chuva_72h": 3.1, "fonte_estacao": "openmeteo", "codigo_estacao": "openmeteo", "nome_estacao": "Open-Meteo (célula de grade)" }, "geometry": { "type": "Polygon", "coordinates": [ [ [ -37.284312399999976, -9.306901278698387 ], [ -37.284262423999962, -9.306863201698384 ], [ -37.284329057999969, -9.306653780698424 ], [ -37.284338576999971, -9.306268256698415 ], [ -37.284210068999982, -9.30591128869842 ], [ -37.283772188999933, -9.305373458698455 ], [ -37.283339068999958, -9.305087884698487 ], [ -37.282934505999947, -9.304611927698454 ], [ -37.283220079999978, -9.304288277698481 ], [ -37.283353346999945, -9.304250201698469 ], [ -37.283774568999945, -9.304611927698454 ], [ -37.283895937999944, -9.304766613698474 ], [ -37.284202929999935, -9.305011731698484 ], [ -37.284388552999935, -9.304873703698446 ], [ -37.284583694999981, -9.304954616698481 ], [ -37.284869268999948, -9.30521163269845 ], [ -37.284893065999938, -9.305340141698476 ], [ -37.284740759999977, -9.305497206698471 ], [ -37.284769317999967, -9.305678070698427 ], [ -37.284707442999945, -9.305801818698441 ], [ -37.284655087999965, -9.305868452698443 ], [ -37.284526579999977, -9.305973163698445 ], [ -37.284526579999977, -9.306063595698422 ], [ -37.284669366999935, -9.306173064698413 ], [ -37.284778836999969, -9.306415802698409 ], [ -37.28483595199998, -9.306734693698399 ], [ -37.284783595999954, -9.306810846698406 ], [ -37.284312399999976, -9.306901278698387 ] ] ] } },
{ "type": "Feature", "properties": { "num_setor": "AL_SANTANA_SR_01_CPRM", "munic": "SANTANA DO IPANEMA", "grau_risco": "Muito alto", "distancia_km": 1.3, "chuva_24h": 0.4, "chuva_72h": 3.2, "fonte_estacao": "openmeteo", "codigo_estacao": "openmeteo", "nome_estacao": "Open-Meteo (célula de grade)" }, "geometry": { "type": "Polygon", "coordinates": [ [ [ -37.240149429999974, -9.376995266696186 ], [ -37.241245179999964, -9.376324119696223 ], [ -37.244025642999929, -9.37461886069627 ], [ -37.244128369999942, -9.374776374696289 ], [ -37.244258489999936, -9.374694192696259 ], [ -37.244416003999959, -9.374940736696296 ], [ -37.244272186999979, -9.375118795696304 ], [ -37.243333951999944, -9.37583788169623 ], [ -37.24320383099996, -9.376146060696223 ], [ -37.243012074999974, -9.376255635696227 ], [ -37.243087407999951, -9.376419998696235 ], [ -37.243149043999956, -9.376529572696246 ], [ -37.242943590999978, -9.376755571696251 ], [ -37.242806621999932, -9.376666541696222 ], [ -37.241977961999964, -9.377111689696195 ], [ -37.241704024999933, -9.377111689696195 ], [ -37.241601297999971, -9.377036356696214 ], [ -37.241436935999964, -9.377091144696211 ], [ -37.241238330999977, -9.377008963696236 ], [ -37.240642517999959, -9.377282900696203 ], [ -37.240334337999968, -9.377495201696227 ], [ -37.240176823999946, -9.377317142696226 ], [ -37.240149429999974, -9.376995266696186 ] ] ] } },
{ "type": "Feature", "properties": { "num_setor": "AL_SANTANA_SR_06_CPRM", "munic": "SANTANA DO IPANEMA", "grau_risco": "Muito alto", "distancia_km": 1.0, "chuva_24h": 0.4, "chuva_72h": 3.2, "fonte_estacao": "openmeteo", "codigo_estacao": "openmeteo", "nome_estacao": "Open-Meteo (célula de grade)" }, "geometry": { "type": "Polygon", "coordinates": [ [ [ -37.243965719999942, -9.378592663696157 ], [ -37.243849295999951, -9.378390634696181 ], [ -37.243934901999978, -9.3783118776962 ], [ -37.244143778999948, -9.378226272696162 ], [ -37.244469078999941, -9.378103000696175 ], [ -37.244335534999948, -9.377853032696192 ], [ -37.244359504999977, -9.377654428696202 ], [ -37.244650562999936, -9.377068887696204 ], [ -37.244951893999939, -9.377267491696186 ], [ -37.244653986999936, -9.377627034696177 ], [ -37.244691653999951, -9.377743457696178 ], [ -37.244585502999932, -9.37788984269617 ], [ -37.244757141999962, -9.378166776696165 ], [ -37.244469506999963, -9.378365380696204 ], [ -37.243965719999942, -9.378592663696157 ] ] ] } },
{ "type": "Feature", "properties": { "num_setor": "AL_SANTANA_SR_04_CPRM", "munic": "SANTANA DO IPANEMA", "grau_risco": "Muito alto", "distancia_km": 1.8, "chuva_24h": 0.4, "chuva_72h": 3.2, "fonte_estacao": "openmeteo", "codigo_estacao": "openmeteo", "nome_estacao": "Open-Meteo (célula de grade)" }, "geometry": { "type": "Polygon", "coordinates": [ [ [ -37.246386640999958, -9.371686018696412 ], [ -37.24638321599997, -9.371686018696412 ], [ -37.246140096999966, -9.371634655696406 ], [ -37.245773705999966, -9.371518232696401 ], [ -37.245506616999933, -9.371257991696369 ], [ -37.245506616999933, -9.371254567696367 ], [ -37.245444980999935, -9.370936115696393 ], [ -37.245421011999952, -9.370662178696424 ], [ -37.245239527999956, -9.370494391696427 ], [ -37.245082013999941, -9.370374543696428 ], [ -37.24494846999994, -9.370210181696413 ], [ -37.244691653999951, -9.369847214696422 ], [ -37.244236232999981, -9.369518489696453 ], [ -37.243859568999937, -9.369614367696423 ], [ -37.243280875999972, -9.368439861696475 ], [ -37.243424692999952, -9.367638594696514 ], [ -37.243695206999973, -9.365751851696579 ], [ -37.244513593999955, -9.366084000696532 ], [ -37.245355951999947, -9.367035932696529 ], [ -37.245828492999976, -9.367542716696496 ], [ -37.245944916999974, -9.367693382696512 ], [ -37.246691395999953, -9.36839877169651 ], [ -37.246458548999961, -9.368621345696464 ], [ -37.246448276999956, -9.369340430696457 ], [ -37.246431154999982, -9.369936244696452 ], [ -37.246763303999955, -9.370025273696424 ], [ -37.247023544999934, -9.370401937696403 ], [ -37.247160513999972, -9.370617663696418 ], [ -37.247211876999984, -9.371021720696426 ], [ -37.246958484999936, -9.371398384696407 ], [ -37.246516760999953, -9.371689443696399 ], [ -37.246386640999958, -9.371686018696412 ] ] ] } },
{ "type": "Feature", "properties": { "num_setor": "AL_SANTANA_SR_05_CPRM", "munic": "SANTANA DO IPANEMA", "grau_risco": "Muito alto", "distancia_km": 1.51, "chuva_24h": 0.4, "chuva_72h": 3.2, "fonte_estacao": "openmeteo", "codigo_estacao": "openmeteo", "nome_estacao": "Open-Meteo (célula de grade)" }, "geometry": { "type": "Polygon", "coordinates": [ [ [ -37.25828579299997, -9.369121280696449 ], [ -37.258511790999933, -9.369443157696466 ], [ -37.257840644999931, -9.369532186696439 ], [ -37.257217436999952, -9.369737639696419 ], [ -37.256642168999967, -9.369881456696453 ], [ -37.256717501999958, -9.370237575696434 ], [ -37.253957582999931, -9.370538906696439 ], [ -37.253101528999935, -9.370600542696433 ], [ -37.251683902999957, -9.370559451696421 ], [ -37.251368875999951, -9.370586845696442 ], [ -37.249841674999971, -9.3709840546964 ], [ -37.249752644999944, -9.371073084696429 ], [ -37.248307626, -9.371764775696391 ], [ -37.248280231999956, -9.371525080696392 ], [ -37.248581562999959, -9.37140865769639 ], [ -37.248567866999963, -9.37112787169638 ], [ -37.249869068999949, -9.370497815696421 ], [ -37.24982112999993, -9.370251272696423 ], [ -37.250574456999971, -9.369881456696453 ], [ -37.250964817999943, -9.369785578696423 ], [ -37.251300390999972, -9.369778730696428 ], [ -37.251300390999972, -9.369566428696469 ], [ -37.251889355999936, -9.369230855696456 ], [ -37.252368746999935, -9.369045947696463 ], [ -37.253046741999981, -9.368772010696494 ], [ -37.253183709999966, -9.369833517696438 ], [ -37.253526131999934, -9.369847214696422 ], [ -37.255019089999962, -9.369854062696421 ], [ -37.256614774999946, -9.369477399696436 ], [ -37.25828579299997, -9.369121280696449 ] ] ] } },
{ "type": "Feature", "properties": { "num_setor": "AL_TRAIPU_SR_02_CPRM", "munic": "TRAIPU", "grau_risco": "Alto", "distancia_km": 0.74, "chuva_24h": 0.9, "chuva_72h": 7.1, "fonte_estacao": "openmeteo", "codigo_estacao": "openmeteo", "nome_estacao": "Open-Meteo (célula de grade)" }, "geometry": { "type": "Polygon", "coordinates": [ [ [ -36.980701524999972, -9.975646083677587 ], [ -36.980604979999953, -9.975889986677597 ], [ -36.980107011999955, -9.977028198677557 ], [ -36.979243190999959, -9.977622711677553 ], [ -36.978882417999962, -9.97788693867755 ], [ -36.978684246999933, -9.977785312677545 ], [ -36.978491156999951, -9.977566816677554 ], [ -36.978359043999944, -9.977338158677535 ], [ -36.97861310899998, -9.977134905677541 ], [ -36.978541969999981, -9.976946897677543 ], [ -36.978399693999961, -9.976738564677559 ], [ -36.978572457999974, -9.976570880677542 ], [ -36.97872489699995, -9.976799539677552 ], [ -36.978963718999985, -9.976779214677572 ], [ -36.979344816999969, -9.976514986677588 ], [ -36.979578556999968, -9.976321897677606 ], [ -36.979527743999938, -9.97598144967758 ], [ -36.979685263999954, -9.975818847677598 ], [ -36.979924084999936, -9.975574945677581 ], [ -36.980096849999939, -9.97551905067758 ], [ -36.980223881999962, -9.975615595677596 ], [ -36.980422053, -9.97546315667763 ], [ -36.980701524999972, -9.975646083677587 ] ] ] } },
{ "type": "Feature", "properties": { "num_setor": "AL_POCODAS_SR_01_CPRM", "munic": "POÇO DAS TRINCHEIRAS", "grau_risco": "Muito alto", "distancia_km": 0.9, "chuva_24h": 0.8, "chuva_72h": 3.1, "fonte_estacao": "openmeteo", "codigo_estacao": "openmeteo", "nome_estacao": "Open-Meteo (célula de grade)" }, "geometry": { "type": "Polygon", "coordinates": [ [ [ -37.282099201999984, -9.302784255698519 ], [ -37.281732715999965, -9.303207856698529 ], [ -37.281608966999954, -9.303236413698533 ], [ -37.281442381999966, -9.303155501698557 ], [ -37.281256758999973, -9.302974637698545 ], [ -37.281075895999955, -9.302684304698543 ], [ -37.280904550999935, -9.302417768698527 ], [ -37.280776042999946, -9.302317817698547 ], [ -37.280557102999978, -9.302103637698551 ], [ -37.280214414999932, -9.301718112698552 ], [ -37.279838408999979, -9.301342107698606 ], [ -37.279619468999947, -9.301156484698611 ], [ -37.279581392999944, -9.30100893769858 ], [ -37.27970038199993, -9.300985139698607 ], [ -37.279800332999969, -9.301037495698566 ], [ -37.27988600499998, -9.30113268669858 ], [ -37.280009752999945, -9.301227877698592 ], [ -37.280523785999947, -9.301594364698587 ], [ -37.280661814, -9.301727631698551 ], [ -37.280847436999977, -9.301894216698532 ], [ -37.280980704999934, -9.302017965698544 ], [ -37.281175846999929, -9.302146473698524 ], [ -37.281437622999931, -9.302284500698571 ], [ -37.281746993999946, -9.302436806698527 ], [ -37.281970693999938, -9.30259863269853 ], [ -37.282099201999984, -9.302784255698519 ] ] ] } },
{ "type": "Feature", "properties": { "num_setor": "AL_TRAIPU_SR_01_CPRM", "munic": "TRAIPU", "grau_risco": "Muito alto", "distancia_km": 1.46, "chuva_24h": 0.9, "chuva_72h": 7.1, "fonte_estacao": "openmeteo", "codigo_estacao": "openmeteo", "nome_estacao": "Open-Meteo (célula de grade)" }, "geometry": { "type": "Polygon", "coordinates": [ [ [ -37.006559332999984, -9.971040515677744 ], [ -37.004776747999983, -9.971648684677705 ], [ -37.004630660999965, -9.971777940677731 ], [ -37.003869099999974, -9.971979921677701 ], [ -37.003891647999978, -9.971980557677684 ], [ -37.002443475999939, -9.972526797677675 ], [ -37.001350995999985, -9.972431522677695 ], [ -36.999502670999959, -9.971955150677733 ], [ -36.999413747999945, -9.971643920677725 ], [ -36.999299418999961, -9.971332690677711 ], [ -36.999763087999959, -9.971345393677744 ], [ -37.000099723999938, -9.971332690677711 ], [ -37.000319001999969, -9.970586341677729 ], [ -37.000551960999985, -9.970114447677766 ], [ -37.000817458999954, -9.969535179677811 ], [ -37.000868271999934, -9.96907150967778 ], [ -37.001401808999951, -9.968525269677791 ], [ -37.001144884999967, -9.967665894677868 ], [ -37.001947730999973, -9.967813251677811 ], [ -37.00179529199994, -9.968483984677844 ], [ -37.002044275999936, -9.968590691677827 ], [ -37.001932487999966, -9.969454513677784 ], [ -37.00180037399997, -9.969708578677754 ], [ -37.001947730999973, -9.970226871677763 ], [ -37.001928993999968, -9.970634011677745 ], [ -37.001890883999977, -9.970741989677757 ], [ -37.001687631999971, -9.971180251677737 ], [ -37.001509786999975, -9.971580404677708 ], [ -37.001560599999948, -9.971745546677719 ], [ -37.002202113999942, -9.971478778677712 ], [ -37.002881738999974, -9.971269174677754 ], [ -37.003459736999957, -9.971192954677713 ], [ -37.003942460999951, -9.971148493677754 ], [ -37.004298152999986, -9.971097680677726 ], [ -37.004348965999952, -9.970888076677715 ], [ -37.004266393999956, -9.970564143677775 ], [ -37.00435531699997, -9.97051333067775 ], [ -37.004641140999979, -9.970424407677729 ], [ -37.004596678999974, -9.970259265677779 ], [ -37.004799930999987, -9.970132232677773 ], [ -37.005053996999948, -9.970024254677751 ], [ -37.005504962999964, -9.969903573677763 ], [ -37.005543071999966, -9.969973441677789 ], [ -37.005581181999958, -9.970252913677768 ], [ -37.005771730999982, -9.970373594677756 ], [ -37.006076608999926, -9.970392649677759 ], [ -37.00626715799995, -9.970634011677745 ], [ -37.006489464999959, -9.970653066677739 ], [ -37.006559332999984, -9.971040515677744 ] ] ] } },
{ "type": "Feature", "properties": { "num_setor": "AL_PARIPUE_SR_004_CPRM", "munic": "PARIPUEIRA", "grau_risco": "Muito alto", "distancia_km": 1.43, "chuva_24h": 0.6, "chuva_72h": 4.2, "fonte_estacao": "openmeteo", "codigo_estacao": "openmeteo", "nome_estacao": "Open-Meteo (célula de grade)" }, "geometry": { "type": "Polygon", "coordinates": [ [ [ -35.557729589999951, -9.464121123693518 ], [ -35.557675386999961, -9.464173819693469 ], [ -35.557538374999979, -9.46427469669349 ], [ -35.557353182999975, -9.464368045693487 ], [ -35.557169496999954, -9.464438810693517 ], [ -35.557024956999953, -9.46449451869351 ], [ -35.556915045999972, -9.464511080693491 ], [ -35.55686686599995, -9.464565282693485 ], [ -35.55671780899997, -9.464523125693493 ], [ -35.556681673999947, -9.464500540693486 ], [ -35.556481425999948, -9.464402675693499 ], [ -35.556406144999983, -9.464374068693511 ], [ -35.556360975999951, -9.464380090693494 ], [ -35.556326346999974, -9.464413214693517 ], [ -35.556180300999984, -9.464321371693515 ], [ -35.556229986999938, -9.46426114669349 ], [ -35.55633086399996, -9.464184359693474 ], [ -35.556425717999957, -9.464100044693497 ], [ -35.556485942999977, -9.464065414693483 ], [ -35.556510032999931, -9.464106066693473 ], [ -35.556510032999938, -9.464155752693484 ], [ -35.556559718999949, -9.464169303693483 ], [ -35.55655219099998, -9.46427469669349 ], [ -35.556598864999955, -9.464285236693497 ], [ -35.556619943999976, -9.464182853693492 ], [ -35.55664403399993, -9.464182853693492 ], [ -35.556674145999978, -9.464161774693526 ], [ -35.556824708999955, -9.464072943693496 ], [ -35.556802123999944, -9.464030785693515 ], [ -35.556814168999949, -9.464009706693496 ], [ -35.556826213999955, -9.463979594693502 ], [ -35.55680664099998, -9.46381246969349 ], [ -35.556759966999948, -9.463788379693483 ], [ -35.556698235999932, -9.463788379693483 ], [ -35.556674145999978, -9.463806447693509 ], [ -35.556695224999949, -9.463869683693524 ], [ -35.556642527999941, -9.463883234693524 ], [ -35.556631988999989, -9.46389527969353 ], [ -35.556571763999955, -9.463916358693487 ], [ -35.556488953999974, -9.463935931693516 ], [ -35.556424212999957, -9.463917863693487 ], [ -35.556342908999966, -9.463935931693516 ], [ -35.556293222999955, -9.463963032693519 ], [ -35.556258593999978, -9.464039819693472 ], [ -35.556148682999947, -9.463993144693513 ], [ -35.556129109999965, -9.463958515693486 ], [ -35.556130615999962, -9.463934425693528 ], [ -35.556172772999957, -9.463896784693532 ], [ -35.556263110999964, -9.46385914469351 ], [ -35.556389582999934, -9.463800424693487 ], [ -35.556531111999952, -9.463701053693514 ], [ -35.55658380899996, -9.463654379693532 ], [ -35.556711786999983, -9.463536940693535 ], [ -35.556738887999984, -9.463500805693517 ], [ -35.556785562999949, -9.463517367693507 ], [ -35.556835247999963, -9.463532423693502 ], [ -35.556921068999941, -9.463539951693525 ], [ -35.55708819299997, -9.463555007693522 ], [ -35.557274890999963, -9.463561030693489 ], [ -35.557428464999923, -9.46358963769354 ], [ -35.557610644999954, -9.463640828693494 ], [ -35.557734106999924, -9.463698042693524 ], [ -35.557723566999982, -9.463788379693483 ], [ -35.55768291499993, -9.463872694693524 ], [ -35.557664847999938, -9.463928403693494 ], [ -35.557690442999956, -9.463960021693532 ], [ -35.557786802999942, -9.464021751693497 ], [ -35.557729589999951, -9.464121123693518 ] ] ] } },
{ "type": "Feature", "properties": { "num_setor": "AL_PARIPUE_SR_014_CPRM", "munic": "PARIPUEIRA", "grau_risco": "Alto", "distancia_km": 1.68, "chuva_24h": 0.6, "chuva_72h": 4.2, "fonte_estacao": "openmeteo", "codigo_estacao": "openmeteo", "nome_estacao": "Open-Meteo (célula de grade)" }, "geometry": { "type": "Polygon", "coordinates": [ [ [ -35.55017887899993, -9.462344485693553 ], [ -35.550231575999931, -9.46237158669355 ], [ -35.550279755999952, -9.46241826069352 ], [ -35.550285777999932, -9.462439339693542 ], [ -35.550288788999978, -9.462489025693559 ], [ -35.550273732999983, -9.462535699693532 ], [ -35.550105102999964, -9.46244536269357 ], [ -35.550064450999969, -9.462452890693543 ], [ -35.549978629999941, -9.462532688693539 ], [ -35.549904854999959, -9.46256731769356 ], [ -35.549760314999958, -9.462472463693576 ], [ -35.549704606999967, -9.462443856693525 ], [ -35.549638358999971, -9.46247999169354 ], [ -35.549528447999933, -9.46261700369357 ], [ -35.549466717999962, -9.462650127693536 ], [ -35.548698848999948, -9.462208978693576 ], [ -35.548290823999935, -9.461943988693573 ], [ -35.548158328999932, -9.461871718693546 ], [ -35.548215542999969, -9.461739223693549 ], [ -35.548045407999943, -9.461606728693548 ], [ -35.547929473999943, -9.461504346693582 ], [ -35.547879788999978, -9.4614486386936 ], [ -35.548000238999975, -9.46131313169356 ], [ -35.548081542999974, -9.46128452469358 ], [ -35.548217048999959, -9.461359806693588 ], [ -35.548290823999935, -9.46146519969359 ], [ -35.54849257799998, -9.461618773693555 ], [ -35.548811770999976, -9.461808482693586 ], [ -35.549179142999947, -9.461992168693543 ], [ -35.549579639999934, -9.462169832693565 ], [ -35.549983146999978, -9.46227522669356 ], [ -35.55017887899993, -9.462344485693553 ] ] ] } },
{ "type": "Feature", "properties": { "num_setor": "AL_PARIPUE_SR_003_CPRM", "munic": "PARIPUEIRA", "grau_risco": "Muito alto", "distancia_km": 1.58, "chuva_24h": 0.6, "chuva_72h": 4.2, "fonte_estacao": "openmeteo", "codigo_estacao": "openmeteo", "nome_estacao": "Open-Meteo (célula de grade)" }, "geometry": { "type": "Polygon", "coordinates": [ [ [ -35.556145671999957, -9.462904577693534 ], [ -35.556187828999946, -9.462898555693556 ], [ -35.556237514999964, -9.462904577693534 ], [ -35.556287200999975, -9.462922645693563 ], [ -35.556303761999963, -9.462949746693509 ], [ -35.556294728999937, -9.462997926693527 ], [ -35.556267626999954, -9.463067185693513 ], [ -35.556208907999974, -9.463247860693526 ], [ -35.556034255999968, -9.46335174869354 ], [ -35.556070390999935, -9.463396917693514 ], [ -35.555922838999955, -9.463512850693526 ], [ -35.555843040999946, -9.463607704693517 ], [ -35.555766253999934, -9.46371159269353 ], [ -35.555725601999939, -9.463774829693538 ], [ -35.555543421999971, -9.463726649693514 ], [ -35.555510297999945, -9.463699547693528 ], [ -35.555486207999927, -9.463637817693497 ], [ -35.555454589999954, -9.463561030693489 ], [ -35.555409420999979, -9.463502311693516 ], [ -35.555347689999962, -9.463410467693517 ], [ -35.555549443999951, -9.463305074693507 ], [ -35.555733129999965, -9.463159028693513 ], [ -35.556001131999949, -9.462975342693506 ], [ -35.556145671999957, -9.462904577693534 ] ] ] } },
{ "type": "Feature", "properties": { "num_setor": "AL_PARIPUE_SR_015_CPRM", "munic": "PARIPUEIRA", "grau_risco": "Muito alto", "distancia_km": 1.96, "chuva_24h": 0.6, "chuva_72h": 4.2, "fonte_estacao": "openmeteo", "codigo_estacao": "openmeteo", "nome_estacao": "Open-Meteo (célula de grade)" }, "geometry": { "type": "Polygon", "coordinates": [ [ [ -35.551326164999985, -9.458616556693686 ], [ -35.551467693999939, -9.458601500693696 ], [ -35.551639334999948, -9.458628601693695 ], [ -35.551780863999966, -9.458697860693672 ], [ -35.551810976999953, -9.458803254693676 ], [ -35.551762795999934, -9.458929726693652 ], [ -35.551558030999956, -9.458971884693634 ], [ -35.551299063999977, -9.458974895693682 ], [ -35.550964814999929, -9.458923704693664 ], [ -35.550778117999982, -9.458890580693641 ], [ -35.550525171999936, -9.458974895693675 ], [ -35.550136720999944, -9.459122446693668 ], [ -35.549934966999956, -9.459239885693673 ], [ -35.549414020999961, -9.45928806569364 ], [ -35.548841882999959, -9.459297099693654 ], [ -35.54798668799998, -9.459306133693666 ], [ -35.546851446999938, -9.459363347693646 ], [ -35.546547309999937, -9.459360335693665 ], [ -35.546487084999967, -9.459309144693657 ], [ -35.546475039999962, -9.459143525693639 ], [ -35.546535264999932, -9.459089323693632 ], [ -35.546839401999925, -9.459101368693641 ], [ -35.547501876999945, -9.459092334693684 ], [ -35.54751693299994, -9.458983929693636 ], [ -35.547766866999943, -9.458998985693635 ], [ -35.547790956999961, -9.459035120693649 ], [ -35.547980665999944, -9.459050176693644 ], [ -35.548197475999977, -9.459071255693656 ], [ -35.548263722999934, -9.459017053693664 ], [ -35.548456442999964, -9.458992963693658 ], [ -35.548637117999931, -9.45898995169367 ], [ -35.548649162999936, -9.458911659693657 ], [ -35.54879972599997, -9.458938760693664 ], [ -35.548974377999969, -9.458929726693652 ], [ -35.54914300799993, -9.458884558693661 ], [ -35.549293570999964, -9.458797231693653 ], [ -35.549456177999957, -9.458776153693679 ], [ -35.549739235999937, -9.458733995693695 ], [ -35.550501081999982, -9.458649680693657 ], [ -35.551326164999985, -9.458616556693686 ] ] ] } },
{ "type": "Feature", "properties": { "num_setor": "AL_PARIPUE_SR_007_CPRM", "munic": "PARIPUEIRA", "grau_risco": "Muito alto", "distancia_km": 1.54, "chuva_24h": 0.6, "chuva_72h": 4.2, "fonte_estacao": "openmeteo", "codigo_estacao": "openmeteo", "nome_estacao": "Open-Meteo (célula de grade)" }, "geometry": { "type": "Polygon", "coordinates": [ [ [ -35.555955962999974, -9.463506075693491 ], [ -35.556005648999928, -9.463477468693513 ], [ -35.556040277999955, -9.463521131693494 ], [ -35.556102008999972, -9.463454883693503 ], [ -35.556133626999952, -9.463469940693534 ], [ -35.556202885999937, -9.463391647693539 ], [ -35.556270638999933, -9.463376591693546 ], [ -35.556314301999976, -9.463400681693495 ], [ -35.556323335999934, -9.463441333693545 ], [ -35.556308278999957, -9.463494030693491 ], [ -35.556263110999964, -9.463563288693544 ], [ -35.556225469999958, -9.463623513693506 ], [ -35.556198368999958, -9.463698795693519 ], [ -35.556189334999942, -9.4637831106935 ], [ -35.556153199999983, -9.463832795693516 ], [ -35.556102890999966, -9.463856085693516 ], [ -35.556037979999928, -9.46386582269349 ], [ -35.555929793999951, -9.463853921693495 ], [ -35.555743714999949, -9.463794419693494 ], [ -35.55580238899995, -9.463686750693512 ], [ -35.555843040999946, -9.463640075693494 ], [ -35.555907782999952, -9.463551243693539 ], [ -35.555955962999974, -9.463506075693491 ] ] ] } },
{ "type": "Feature", "properties": { "num_setor": "AL_PARIPUE_SR_009_CPRM", "munic": "PARIPUEIRA", "grau_risco": "Muito alto", "distancia_km": 1.72, "chuva_24h": 0.6, "chuva_72h": 4.2, "fonte_estacao": "openmeteo", "codigo_estacao": "openmeteo", "nome_estacao": "Open-Meteo (célula de grade)" }, "geometry": { "type": "Polygon", "coordinates": [ [ [ -35.55242225999995, -9.464480214693513 ], [ -35.552536687999975, -9.464305562693468 ], [ -35.552577339999964, -9.464222752693486 ], [ -35.552651114999946, -9.464270932693504 ], [ -35.552809205999949, -9.4643642816935 ], [ -35.55305462299998, -9.46448774269348 ], [ -35.553277455999932, -9.464605181693489 ], [ -35.553391882999961, -9.464645833693476 ], [ -35.55358911999997, -9.464712081693474 ], [ -35.553686985999946, -9.464719609693505 ], [ -35.553864648999934, -9.464764777693482 ], [ -35.55399112199995, -9.464803924693488 ], [ -35.554090492999933, -9.464864149693447 ], [ -35.554153729999939, -9.464966531693465 ], [ -35.554192875999938, -9.465086981693457 ], [ -35.554042312999975, -9.465327881693442 ], [ -35.554024245999983, -9.465357994693479 ], [ -35.553918851999981, -9.465294758693471 ], [ -35.553882716999972, -9.465231521693465 ], [ -35.553774311999973, -9.465161510693482 ], [ -35.55364332299996, -9.465096768693474 ], [ -35.553440062999982, -9.464989868693486 ], [ -35.553330151999944, -9.464917598693454 ], [ -35.553245836999963, -9.465015464693481 ], [ -35.55242225999995, -9.464480214693513 ] ] ] } },
{ "type": "Feature", "properties": { "num_setor": "AL_PARIPUE_SR_017_CPRM", "munic": "PARIPUEIRA", "grau_risco": "Muito alto", "distancia_km": 1.73, "chuva_24h": 0.6, "chuva_72h": 4.2, "fonte_estacao": "openmeteo", "codigo_estacao": "openmeteo", "nome_estacao": "Open-Meteo (célula de grade)" }, "geometry": { "type": "Polygon", "coordinates": [ [ [ -35.542971449999989, -9.457123729693741 ], [ -35.542890145999934, -9.457256224693738 ], [ -35.542682369999966, -9.457313438693719 ], [ -35.542504705999932, -9.457391730693725 ], [ -35.542321019999974, -9.457373663693685 ], [ -35.542224659999931, -9.457283325693744 ], [ -35.542031939999958, -9.457171909693704 ], [ -35.541911489999961, -9.457144808693705 ], [ -35.54186029899995, -9.457069526693695 ], [ -35.541622409999945, -9.457099639693727 ], [ -35.541504970999938, -9.457003279693753 ], [ -35.541381509999944, -9.456937031693702 ], [ -35.540839484999928, -9.456976178693749 ], [ -35.540357684999947, -9.457057481693694 ], [ -35.539924063999933, -9.457096628693746 ], [ -35.539616916999933, -9.457036403693714 ], [ -35.539273633999983, -9.457066515693707 ], [ -35.538776777999942, -9.45722310069371 ], [ -35.538343157999975, -9.457451955693696 ], [ -35.537987829999963, -9.457539281693727 ], [ -35.53782522299997, -9.457611551693693 ], [ -35.537752952999938, -9.457689844693691 ], [ -35.537656592999951, -9.457759103693677 ], [ -35.537247062999938, -9.457762114693722 ], [ -35.536948948999971, -9.457777170693715 ], [ -35.536774295999976, -9.457846429693697 ], [ -35.536689980999938, -9.457867508693665 ], [ -35.536557485999936, -9.457807283693693 ], [ -35.536524361999966, -9.457677799693691 ], [ -35.536557485999936, -9.457608540693702 ], [ -35.536831509999956, -9.457551326693734 ], [ -35.537039285999988, -9.457464000693699 ], [ -35.537469894999958, -9.457265258693701 ], [ -35.53782522299997, -9.457096628693737 ], [ -35.538313044999938, -9.456988223693696 ], [ -35.538629226999944, -9.456931009693722 ], [ -35.539026711999952, -9.456852716693721 ], [ -35.539915030999971, -9.456608805693739 ], [ -35.540348650999924, -9.456578692693707 ], [ -35.540812382999945, -9.456572670693728 ], [ -35.541197823999937, -9.456572670693728 ], [ -35.541492925999933, -9.456590737693716 ], [ -35.541974725999978, -9.456656985693705 ], [ -35.542336075999962, -9.456735277693713 ], [ -35.542691403999982, -9.456831638693743 ], [ -35.54286605599998, -9.456885840693745 ], [ -35.542971449999989, -9.457123729693741 ] ] ] } },
{ "type": "Feature", "properties": { "num_setor": "AL_PARIPUE_SR_029_CPRM", "munic": "PARIPUEIRA", "grau_risco": "Alto", "distancia_km": 1.08, "chuva_24h": 0.6, "chuva_72h": 4.2, "fonte_estacao": "openmeteo", "codigo_estacao": "openmeteo", "nome_estacao": "Open-Meteo (célula de grade)" }, "geometry": { "type": "Polygon", "coordinates": [ [ [ -35.556948169999941, -9.47210169069327 ], [ -35.557029473999933, -9.472131802693267 ], [ -35.557240260999947, -9.472173960693251 ], [ -35.557782286999945, -9.472125780693228 ], [ -35.558038242999942, -9.472011352693269 ], [ -35.558149658999987, -9.471924026693248 ], [ -35.558249029999956, -9.471860790693228 ], [ -35.55840260399998, -9.471872835693233 ], [ -35.55846583999994, -9.471924026693248 ], [ -35.558450783999938, -9.472050498693275 ], [ -35.558471862999966, -9.472264297693258 ], [ -35.558243007999977, -9.472411848693257 ], [ -35.557908758999929, -9.472508208693238 ], [ -35.557667858999935, -9.472628659693214 ], [ -35.557270373999984, -9.472649737693256 ], [ -35.556686190999983, -9.472670816693219 ], [ -35.556345919999956, -9.472658771693212 ], [ -35.55627364999998, -9.472619625693206 ], [ -35.55627967199996, -9.472420882693209 ], [ -35.55627967199996, -9.472303443693265 ], [ -35.556376032999935, -9.47221310669325 ], [ -35.556499493999979, -9.472128791693276 ], [ -35.55658380899996, -9.47210169069327 ], [ -35.556948169999941, -9.47210169069327 ] ] ] } },
{ "type": "Feature", "properties": { "num_setor": "AL_PARIPUE_SR_018_CPRM", "munic": "PARIPUEIRA", "grau_risco": "Alto", "distancia_km": 1.76, "chuva_24h": 0.6, "chuva_72h": 4.2, "fonte_estacao": "openmeteo", "codigo_estacao": "openmeteo", "nome_estacao": "Open-Meteo (célula de grade)" }, "geometry": { "type": "Polygon", "coordinates": [ [ [ -35.544795190999935, -9.458470760693672 ], [ -35.544845953999982, -9.458600747693698 ], [ -35.544885099999931, -9.458668500693692 ], [ -35.544898650999983, -9.458722703693686 ], [ -35.544851975999961, -9.458758838693644 ], [ -35.544760132999954, -9.458761849693687 ], [ -35.544675817999973, -9.458710658693677 ], [ -35.544534288999955, -9.458523960693684 ], [ -35.544178961999926, -9.457969890693688 ], [ -35.543995274999929, -9.457608540693702 ], [ -35.543995274999929, -9.45751820369369 ], [ -35.544058511999935, -9.457467011693691 ], [ -35.544154871999972, -9.457436899693702 ], [ -35.544254242999955, -9.45743991069369 ], [ -35.544308444999956, -9.45754831569368 ], [ -35.544362203999981, -9.457727515693721 ], [ -35.544428092999965, -9.457916683693679 ], [ -35.544561894999966, -9.458168848693678 ], [ -35.544766028999952, -9.458148263693666 ], [ -35.544810629999972, -9.458300935693675 ], [ -35.544757451999942, -9.458309512693688 ], [ -35.544795190999935, -9.458470760693672 ] ] ] } },
{ "type": "Feature", "properties": { "num_setor": "AL_PARIPUE_SR_028_CPRM", "munic": "PARIPUEIRA", "grau_risco": "Alto", "distancia_km": 0.72, "chuva_24h": 0.6, "chuva_72h": 4.2, "fonte_estacao": "openmeteo", "codigo_estacao": "openmeteo", "nome_estacao": "Open-Meteo (célula de grade)" }, "geometry": { "type": "Polygon", "coordinates": [ [ [ -35.569068453999932, -9.477883291693061 ], [ -35.568857666999975, -9.478166348693037 ], [ -35.568502338999963, -9.478497586693033 ], [ -35.568104853999955, -9.478672239693063 ], [ -35.567629075999946, -9.478877004693047 ], [ -35.567358063999961, -9.47888302669303 ], [ -35.567171365999961, -9.478726441693073 ], [ -35.567153298999983, -9.478509631693038 ], [ -35.567213523999946, -9.478347024693052 ], [ -35.567382153999972, -9.478160326693061 ], [ -35.567665210999962, -9.478009763693089 ], [ -35.567821795999969, -9.477859201693049 ], [ -35.568243370999937, -9.477702616693097 ], [ -35.568676990999954, -9.477497851693077 ], [ -35.568743238999957, -9.477425581693101 ], [ -35.568815508999933, -9.477299108693073 ], [ -35.568857666999975, -9.47711843369312 ], [ -35.568893801999927, -9.477010028693071 ], [ -35.569050386999947, -9.476835376693078 ], [ -35.569345488999943, -9.476636633693087 ], [ -35.569580366999958, -9.476576408693118 ], [ -35.569755018999949, -9.476660723693097 ], [ -35.569833311999957, -9.476835376693078 ], [ -35.569809221999947, -9.477088321693065 ], [ -35.569453893999928, -9.477491828693102 ], [ -35.569068453999932, -9.477883291693061 ] ] ] } },
{ "type": "Feature", "properties": { "num_setor": "AL_PARIPUE_SR_008_CPRM", "munic": "PARIPUEIRA", "grau_risco": "Alto", "distancia_km": 1.58, "chuva_24h": 0.6, "chuva_72h": 4.2, "fonte_estacao": "openmeteo", "codigo_estacao": "openmeteo", "nome_estacao": "Open-Meteo (célula de grade)" }, "geometry": { "type": "Polygon", "coordinates": [ [ [ -35.556636505999968, -9.462759284693531 ], [ -35.556625965999956, -9.463007713693537 ], [ -35.556559718999949, -9.462992656693551 ], [ -35.55656122399995, -9.462765307693561 ], [ -35.556546167999954, -9.462747239693526 ], [ -35.556544662999954, -9.462655396693522 ], [ -35.556469380999943, -9.462632812693561 ], [ -35.556395605999967, -9.462581621693554 ], [ -35.55636549299993, -9.462580115693566 ], [ -35.556370009999966, -9.462506339693544 ], [ -35.55645432499994, -9.462491283693554 ], [ -35.556516055999964, -9.462486766693573 ], [ -35.556525088999933, -9.462446114693574 ], [ -35.556574774999945, -9.462446114693574 ], [ -35.556573268999955, -9.46233921569358 ], [ -35.556662100999972, -9.46235427169357 ], [ -35.556788790999974, -9.462364082693551 ], [ -35.556785971999936, -9.462476841693535 ], [ -35.55673663999994, -9.462530401693567 ], [ -35.556625290999932, -9.462560000693523 ], [ -35.556619943999976, -9.462718633693532 ], [ -35.556636505999968, -9.462759284693531 ] ] ] } },
{ "type": "Feature", "properties": { "num_setor": "AL_PARIPUE_SR_012_CPRM", "munic": "PARIPUEIRA", "grau_risco": "Alto", "distancia_km": 1.94, "chuva_24h": 0.6, "chuva_72h": 4.2, "fonte_estacao": "openmeteo", "codigo_estacao": "openmeteo", "nome_estacao": "Open-Meteo (célula de grade)" }, "geometry": { "type": "Polygon", "coordinates": [ [ [ -35.548736489999953, -9.458478039693654 ], [ -35.548823815999974, -9.458487073693668 ], [ -35.54885995099994, -9.458506646693701 ], [ -35.548882534999962, -9.458542781693659 ], [ -35.548882534999962, -9.45859246669368 ], [ -35.548875006999936, -9.458633118693671 ], [ -35.54883736599993, -9.458652691693642 ], [ -35.548343520999943, -9.458648174693668 ], [ -35.548083047999967, -9.45859999469365 ], [ -35.548046912999951, -9.458560848693701 ], [ -35.548000238999975, -9.458548803693693 ], [ -35.547792461999961, -9.458541275693666 ], [ -35.547789450999971, -9.45843738769366 ], [ -35.547927968999943, -9.4584554546937 ], [ -35.548061968999946, -9.458472016693682 ], [ -35.548140261999947, -9.45848255669369 ], [ -35.548290823999935, -9.4585081516937 ], [ -35.548489566999926, -9.4585081516937 ], [ -35.548640129999967, -9.458496106693694 ], [ -35.548736489999953, -9.458478039693654 ] ] ] } },
{ "type": "Feature", "properties": { "num_setor": "AL_PARIPUE_SR_016_CPRM", "munic": "PARIPUEIRA", "grau_risco": "Alto", "distancia_km": 1.68, "chuva_24h": 0.6, "chuva_72h": 4.2, "fonte_estacao": "openmeteo", "codigo_estacao": "openmeteo", "nome_estacao": "Open-Meteo (célula de grade)" }, "geometry": { "type": "Polygon", "coordinates": [ [ [ -35.555100767999924, -9.463174084693513 ], [ -35.555024733999971, -9.463203444693553 ], [ -35.555002148999961, -9.463132680693509 ], [ -35.554986339999971, -9.463017499693558 ], [ -35.554967519999934, -9.462891779693537 ], [ -35.554981822999935, -9.462866184693523 ], [ -35.555015699999956, -9.462857150693564 ], [ -35.555041295999956, -9.462860914693549 ], [ -35.555063879999977, -9.462887263693547 ], [ -35.555071407999947, -9.462955016693538 ], [ -35.555097756999949, -9.46310557869352 ], [ -35.555100767999924, -9.463174084693513 ] ] ] } },
{ "type": "Feature", "properties": { "num_setor": "AL_PARIPUE_SR_021_CPRM", "munic": "PARIPUEIRA", "grau_risco": "Alto", "distancia_km": 1.17, "chuva_24h": 0.6, "chuva_72h": 4.2, "fonte_estacao": "openmeteo", "codigo_estacao": "openmeteo", "nome_estacao": "Open-Meteo (célula de grade)" }, "geometry": { "type": "Polygon", "coordinates": [ [ [ -35.559942858999925, -9.464510327693496 ], [ -35.559926296999947, -9.464599159693515 ], [ -35.559887150999941, -9.464657878693487 ], [ -35.55980735299994, -9.464684979693491 ], [ -35.559647755999947, -9.464642822693493 ], [ -35.559545373999974, -9.464579585693485 ], [ -35.559516766999927, -9.464513338693484 ], [ -35.55952429499996, -9.464456124693504 ], [ -35.559590542999963, -9.464439562693464 ], [ -35.559701958999938, -9.464419989693486 ], [ -35.559858543999951, -9.464466664693505 ], [ -35.559942858999925, -9.464510327693496 ] ] ] } },
{ "type": "Feature", "properties": { "num_setor": "AL_PARIPUE_SR_010_CPRM", "munic": "PARIPUEIRA", "grau_risco": "Alto", "distancia_km": 1.6, "chuva_24h": 0.6, "chuva_72h": 4.2, "fonte_estacao": "openmeteo", "codigo_estacao": "openmeteo", "nome_estacao": "Open-Meteo (célula de grade)" }, "geometry": { "type": "Polygon", "coordinates": [ [ [ -35.555513308999927, -9.463851616693482 ], [ -35.555710545999951, -9.463901301693506 ], [ -35.555683444999943, -9.464109078693513 ], [ -35.555570522999979, -9.464080471693524 ], [ -35.555514814999981, -9.464083482693518 ], [ -35.555466634999959, -9.464130156693482 ], [ -35.555448566999985, -9.464262651693486 ], [ -35.555368769, -9.464246089693503 ], [ -35.55527391499993, -9.464200921693525 ], [ -35.555180565999933, -9.464163280693514 ], [ -35.555085711999936, -9.464109078693513 ], [ -35.555011935999971, -9.464211460693486 ], [ -35.555067643999969, -9.464270179693509 ], [ -35.55498784599996, -9.464345461693465 ], [ -35.555100767999924, -9.464458383693488 ], [ -35.55499085699995, -9.464560765693509 ], [ -35.554948699999947, -9.464623249693462 ], [ -35.554919339999969, -9.464666159693508 ], [ -35.554867395999963, -9.464701541693467 ], [ -35.554799642999967, -9.464710575693488 ], [ -35.554745439999976, -9.464705305693453 ], [ -35.554708551999965, -9.46468949669347 ], [ -35.554679945999972, -9.464666912693499 ], [ -35.554671664999951, -9.464621743693474 ], [ -35.554670158999954, -9.464573563693511 ], [ -35.554642304999959, -9.464532158693457 ], [ -35.554576056999963, -9.464437304693469 ], [ -35.554514326999936, -9.464369551693469 ], [ -35.554507550999972, -9.464288247693485 ], [ -35.554525618999939, -9.464218988693499 ], [ -35.55459186599996, -9.464131662693479 ], [ -35.554637034999985, -9.464094021693473 ], [ -35.55467618199998, -9.464048853693491 ], [ -35.554743934999969, -9.463981099693502 ], [ -35.554798136999985, -9.463937436693522 ], [ -35.554801147999967, -9.463914852693502 ], [ -35.554817709999952, -9.463889256693502 ], [ -35.554865889999974, -9.463910335693523 ], [ -35.554885462999948, -9.463865166693489 ], [ -35.554944182999975, -9.463893773693481 ], [ -35.55499386799994, -9.46385763869352 ], [ -35.555123351999953, -9.463844088693516 ], [ -35.555350701999949, -9.463838065693487 ], [ -35.555513308999927, -9.463851616693482 ] ] ] } },
{ "type": "Feature", "properties": { "num_setor": "AL_PARIPUE_SR_019_CPRM", "munic": "PARIPUEIRA", "grau_risco": "Alto", "distancia_km": 1.89, "chuva_24h": 0.6, "chuva_72h": 4.2, "fonte_estacao": "openmeteo", "codigo_estacao": "openmeteo", "nome_estacao": "Open-Meteo (célula de grade)" }, "geometry": { "type": "Polygon", "coordinates": [ [ [ -35.551886257999968, -9.463372074693508 ], [ -35.55171461599997, -9.463213983693509 ], [ -35.551845605999965, -9.463049870693531 ], [ -35.551889268999957, -9.463036320693528 ], [ -35.552026280999939, -9.462973083693527 ], [ -35.552124146999972, -9.462939959693552 ], [ -35.552234056999964, -9.462891779693537 ], [ -35.552325899999971, -9.462864678693537 ], [ -35.552476462999948, -9.462881240693521 ], [ -35.552592395999966, -9.462875218693545 ], [ -35.552628530999982, -9.462944476693533 ], [ -35.552631541999965, -9.463012230693524 ], [ -35.552651114999946, -9.463055893693559 ], [ -35.552651114999946, -9.46307396069354 ], [ -35.552548732999981, -9.463090522693529 ], [ -35.552459900999956, -9.463104073693522 ], [ -35.55230933799993, -9.463122140693507 ], [ -35.552206955999957, -9.463162792693556 ], [ -35.552155764999952, -9.463220006693538 ], [ -35.551886257999968, -9.463372074693508 ] ] ] } },
{ "type": "Feature", "properties": { "num_setor": "AL_PARIPUE_SR_030_CPRM", "munic": "PARIPUEIRA", "grau_risco": "Alto", "distancia_km": 1.3, "chuva_24h": 0.6, "chuva_72h": 4.2, "fonte_estacao": "openmeteo", "codigo_estacao": "openmeteo", "nome_estacao": "Open-Meteo (célula de grade)" }, "geometry": { "type": "Polygon", "coordinates": [ [ [ -35.55757827399998, -9.46674091169344 ], [ -35.557685926999966, -9.46678306869344 ], [ -35.557720555999936, -9.466829743693404 ], [ -35.55767388199996, -9.466927608693435 ], [ -35.557530846999953, -9.466858349693396 ], [ -35.557425452999944, -9.466737899693408 ], [ -35.557317047999959, -9.466618955693399 ], [ -35.557140889999971, -9.466463876693435 ], [ -35.55705808099998, -9.466359987693441 ], [ -35.55700086699995, -9.466344931693449 ], [ -35.55692558599997, -9.466362999693422 ], [ -35.556800618999944, -9.466441291693425 ], [ -35.556648550999967, -9.466480437693434 ], [ -35.556564235999929, -9.466486460693408 ], [ -35.556497987999933, -9.466375044693423 ], [ -35.556458841999984, -9.46639010069342 ], [ -35.556412167999952, -9.466367516693454 ], [ -35.55636398799993, -9.466314819693459 ], [ -35.556403133999929, -9.466257605693418 ], [ -35.556348930999945, -9.466179312693425 ], [ -35.55636549299993, -9.466119087693457 ], [ -35.556366998999984, -9.466079941693444 ], [ -35.556395605999974, -9.466025739693453 ], [ -35.556332368999961, -9.465935401693445 ], [ -35.556296233999952, -9.465899266693432 ], [ -35.556368503999977, -9.465820974693425 ], [ -35.556522077999944, -9.465751715693438 ], [ -35.556546167999961, -9.465750209693446 ], [ -35.556625965999956, -9.465857109693438 ], [ -35.556698235999932, -9.465917334693458 ], [ -35.556725337999978, -9.465911311693437 ], [ -35.556770505999964, -9.465855603693448 ], [ -35.556802123999937, -9.465784839693468 ], [ -35.556979787999985, -9.465887221693425 ], [ -35.557024956999953, -9.465905289693454 ], [ -35.557027967999943, -9.465935401693445 ], [ -35.557037001999959, -9.466015199693443 ], [ -35.557101743999972, -9.466120593693438 ], [ -35.557205631999977, -9.466232009693419 ], [ -35.55733963299997, -9.466385583693445 ], [ -35.557529341999945, -9.466552707693408 ], [ -35.55761967899997, -9.466603899693405 ], [ -35.55757827399998, -9.46674091169344 ] ] ] } },
{ "type": "Feature", "properties": { "num_setor": "AL_PARIPUE_SR_006_CPRM", "munic": "PARIPUEIRA", "grau_risco": "Alto", "distancia_km": 1.39, "chuva_24h": 0.6, "chuva_72h": 4.2, "fonte_estacao": "openmeteo", "codigo_estacao": "openmeteo", "nome_estacao": "Open-Meteo (célula de grade)" }, "geometry": { "type": "Polygon", "coordinates": [ [ [ -35.557228215999942, -9.464716597693466 ], [ -35.557192080999982, -9.464849092693465 ], [ -35.557161968999935, -9.464861137693465 ], [ -35.557020439999967, -9.464847587693463 ], [ -35.556732865999948, -9.4648114526935 ], [ -35.556513043999985, -9.464725631693483 ], [ -35.556537133999946, -9.464695519693489 ], [ -35.556570257999965, -9.464648844693475 ], [ -35.556592089999981, -9.464643575693485 ], [ -35.556623707999961, -9.464643575693485 ], [ -35.556619190999982, -9.464576574693496 ], [ -35.556653067999946, -9.464506563693512 ], [ -35.556725337999978, -9.464536675693493 ], [ -35.556815674999939, -9.464561518693507 ], [ -35.556872135999974, -9.464576574693496 ], [ -35.556917304999956, -9.464523877693498 ], [ -35.556974518999937, -9.464533664693509 ], [ -35.557067866999944, -9.464502799693472 ], [ -35.557105507999943, -9.464481720693499 ], [ -35.557143900999961, -9.464499787693487 ], [ -35.557143900999954, -9.464531405693462 ], [ -35.557195092999962, -9.464538934693483 ], [ -35.557208642999967, -9.464514844693477 ], [ -35.557262845999958, -9.464535922693505 ], [ -35.557286935999969, -9.464555495693478 ], [ -35.557408890999966, -9.464588619693505 ], [ -35.557410396999956, -9.464603675693501 ], [ -35.557408890999966, -9.464639810693457 ], [ -35.55739985799994, -9.464665406693458 ], [ -35.557228215999942, -9.464716597693466 ] ] ] } },
{ "type": "Feature", "properties": { "num_setor": "AL_PARIPUE_SR_011_CPRM", "munic": "PARIPUEIRA", "grau_risco": "Alto", "distancia_km": 1.96, "chuva_24h": 0.6, "chuva_72h": 4.2, "fonte_estacao": "openmeteo", "codigo_estacao": "openmeteo", "nome_estacao": "Open-Meteo (célula de grade)" }, "geometry": { "type": "Polygon", "coordinates": [ [ [ -35.552934172999976, -9.462123158693535 ], [ -35.552962779999973, -9.462215001693538 ], [ -35.55298536399993, -9.462305338693554 ], [ -35.552887498999951, -9.462344485693549 ], [ -35.552816733999975, -9.462352013693581 ], [ -35.552797160999944, -9.462326417693578 ], [ -35.552742958999943, -9.462317383693559 ], [ -35.552664665999941, -9.462345990693546 ], [ -35.552655631999976, -9.462356530693551 ], [ -35.552661654999952, -9.462389653693538 ], [ -35.55255475499996, -9.462388148693536 ], [ -35.552398169999947, -9.462403204693532 ], [ -35.552346978999935, -9.462389653693538 ], [ -35.552234056999964, -9.462416755693525 ], [ -35.552202438999984, -9.462359541693544 ], [ -35.552146730999937, -9.462151765693587 ], [ -35.552107584999931, -9.462026798693557 ], [ -35.552109089999931, -9.461993674693586 ], [ -35.552151247999966, -9.461975606693557 ], [ -35.552197921999948, -9.461963561693548 ], [ -35.55226868699998, -9.461966573693584 ], [ -35.552355028999962, -9.462022556693567 ], [ -35.552436409999984, -9.46200921569357 ], [ -35.55247910199995, -9.462111942693571 ], [ -35.552471096999966, -9.462149297693536 ], [ -35.552432407999959, -9.462185318693562 ], [ -35.552435075999938, -9.462228009693535 ], [ -35.552485771999947, -9.462240016693547 ], [ -35.552543138999965, -9.462216002693593 ], [ -35.552613846999975, -9.462198659693559 ], [ -35.552648533999957, -9.462173311693553 ], [ -35.552665877999971, -9.462123949693586 ], [ -35.552717907999977, -9.462081257693562 ], [ -35.55265787299993, -9.461954516693595 ], [ -35.552652620999936, -9.461897314693548 ], [ -35.552675204999964, -9.461855156693565 ], [ -35.552759519999938, -9.461865696693573 ], [ -35.552738441999963, -9.461995180693572 ], [ -35.552755003999948, -9.462017764693538 ], [ -35.552800171999934, -9.462047876693589 ], [ -35.552878464999935, -9.462073472693588 ], [ -35.552913093999962, -9.462085517693593 ], [ -35.552934172999976, -9.462123158693535 ] ] ] } },
{ "type": "Feature", "properties": { "num_setor": "AL_PARIPUE_SR_013_CPRM", "munic": "PARIPUEIRA", "grau_risco": "Alto", "distancia_km": 1.84, "chuva_24h": 0.6, "chuva_72h": 4.2, "fonte_estacao": "openmeteo", "codigo_estacao": "openmeteo", "nome_estacao": "Open-Meteo (célula de grade)" }, "geometry": { "type": "Polygon", "coordinates": [ [ [ -35.547199245999927, -9.458235633693675 ], [ -35.547268504999977, -9.458548803693693 ], [ -35.547322706999978, -9.458696354693689 ], [ -35.547349808999968, -9.458795726693648 ], [ -35.547349808999968, -9.458828850693674 ], [ -35.547280549999982, -9.458843906693668 ], [ -35.547154076999959, -9.458846917693664 ], [ -35.547018570999967, -9.45883487269365 ], [ -35.54692522199997, -9.458765613693666 ], [ -35.54673986399996, -9.45872950069365 ], [ -35.546631856999966, -9.458719345693673 ], [ -35.546599546999971, -9.458711960693662 ], [ -35.546597700999939, -9.458627032693688 ], [ -35.546545081999966, -9.458620570693638 ], [ -35.546519234999948, -9.458621493693656 ], [ -35.546528465999984, -9.458674112693682 ], [ -35.546517387999984, -9.458740116693649 ], [ -35.546465230999956, -9.45872950069365 ], [ -35.546422342999961, -9.458706894693693 ], [ -35.546107667999934, -9.458341027693674 ], [ -35.546047442999956, -9.458295858693702 ], [ -35.546008295999968, -9.458285319693685 ], [ -35.545988722999937, -9.458124217693697 ], [ -35.545958610999946, -9.458089587693687 ], [ -35.545933014999946, -9.458036891693675 ], [ -35.545908924999928, -9.457898373693704 ], [ -35.545920969999941, -9.457883317693712 ], [ -35.546008295999968, -9.457869766693713 ], [ -35.546122723999929, -9.457862238693689 ], [ -35.546217577999982, -9.457862238693689 ], [ -35.546273286999963, -9.457862238693689 ], [ -35.546322971999984, -9.457866755693669 ], [ -35.546360612999933, -9.457916441693687 ], [ -35.546407286999965, -9.458023340693673 ], [ -35.54645546699993, -9.458106149693666 ], [ -35.546514186999964, -9.458178419693697 ], [ -35.546581939999953, -9.45822208369367 ], [ -35.546685827999966, -9.458255206693702 ], [ -35.54695683999995, -9.458238644693667 ], [ -35.547199245999927, -9.458235633693675 ] ] ] } },
{ "type": "Feature", "properties": { "num_setor": "AL_PARIPUE_SR_024_CPRM", "munic": "PARIPUEIRA", "grau_risco": "Alto", "distancia_km": 1.44, "chuva_24h": 0.6, "chuva_72h": 4.2, "fonte_estacao": "openmeteo", "codigo_estacao": "openmeteo", "nome_estacao": "Open-Meteo (célula de grade)" }, "geometry": { "type": "Polygon", "coordinates": [ [ [ -35.558190310999976, -9.462667441693529 ], [ -35.558378513999969, -9.46268852069355 ], [ -35.558370985999943, -9.462783374693547 ], [ -35.558170737999944, -9.462789397693514 ], [ -35.558139119999964, -9.462808970693544 ], [ -35.558128579999959, -9.462863173693535 ], [ -35.558109006999977, -9.462918881693525 ], [ -35.558063838999942, -9.462994162693541 ], [ -35.558032219999973, -9.463042342693502 ], [ -35.557988556999931, -9.463057398693552 ], [ -35.557958444999947, -9.463057398693552 ], [ -35.557926826999953, -9.463040836693517 ], [ -35.557923814999981, -9.462991151693554 ], [ -35.557932848999933, -9.46292490369356 ], [ -35.557947904999935, -9.462855644693517 ], [ -35.557999096999936, -9.462786386693525 ], [ -35.558080399999945, -9.462717127693539 ], [ -35.558139119999964, -9.462674969693554 ], [ -35.558190310999976, -9.462667441693529 ] ] ] } },
{ "type": "Feature", "properties": { "num_setor": "AL_PARIPUE_SR_025_CPRM", "munic": "PARIPUEIRA", "grau_risco": "Alto", "distancia_km": 1.02, "chuva_24h": 0.6, "chuva_72h": 4.2, "fonte_estacao": "openmeteo", "codigo_estacao": "openmeteo", "nome_estacao": "Open-Meteo (célula de grade)" }, "geometry": { "type": "Polygon", "coordinates": [ [ [ -35.561248235999976, -9.46475273269348 ], [ -35.561222639999983, -9.464722620693484 ], [ -35.561216617999946, -9.464684979693491 ], [ -35.561218123999936, -9.464650350693459 ], [ -35.561251246999973, -9.4646292716935 ], [ -35.561305449999963, -9.464618732693479 ], [ -35.561406326999936, -9.464618732693479 ], [ -35.561449989999971, -9.464618732693479 ], [ -35.561475585999972, -9.464638305693454 ], [ -35.561493652999957, -9.464686485693473 ], [ -35.561496663999947, -9.464712081693474 ], [ -35.561493652999957, -9.464874688693463 ], [ -35.561483113999941, -9.465017722693476 ], [ -35.561471068999928, -9.465141184693451 ], [ -35.561448483999982, -9.465207431693452 ], [ -35.561308460999953, -9.465151723693463 ], [ -35.561300932999984, -9.465097521693464 ], [ -35.561300932999977, -9.465038801693501 ], [ -35.561305449999963, -9.4649845996935 ], [ -35.561293404999965, -9.464877699693453 ], [ -35.561279853999963, -9.464797901693455 ], [ -35.561248235999976, -9.46475273269348 ] ] ] } },
{ "type": "Feature", "properties": { "num_setor": "AL_PARIPUE_SR_005_CPRM", "munic": "PARIPUEIRA", "grau_risco": "Alto", "distancia_km": 1.46, "chuva_24h": 0.6, "chuva_72h": 4.2, "fonte_estacao": "openmeteo", "codigo_estacao": "openmeteo", "nome_estacao": "Open-Meteo (célula de grade)" }, "geometry": { "type": "Polygon", "coordinates": [ [ [ -35.555144430999967, -9.464840811693499 ], [ -35.555382319999985, -9.464547215693496 ], [ -35.555556971999977, -9.464685732693482 ], [ -35.555662365999979, -9.464878452693446 ], [ -35.55577227699996, -9.464843823693482 ], [ -35.555906276999963, -9.46482575569345 ], [ -35.55599510899998, -9.464831778693474 ], [ -35.556064367999959, -9.464839306693502 ], [ -35.556106525999958, -9.464857373693492 ], [ -35.556153199999983, -9.464884475693475 ], [ -35.556196862999968, -9.464800160693493 ], [ -35.556276660999963, -9.464851351693452 ], [ -35.556239020999953, -9.464913081693476 ], [ -35.556297739999934, -9.464949216693489 ], [ -35.556430234999937, -9.465001913693488 ], [ -35.556510032999938, -9.465022992693454 ], [ -35.556546167999954, -9.465074183693464 ], [ -35.556577785999934, -9.465126880693463 ], [ -35.556571763999955, -9.465178072693458 ], [ -35.556522077999944, -9.465166027693458 ], [ -35.556490459999964, -9.465220229693456 ], [ -35.556315807999965, -9.465113330693452 ], [ -35.55618481799997, -9.465015464693481 ], [ -35.556109536999934, -9.465206678693459 ], [ -35.556088457999977, -9.465227757693476 ], [ -35.555966501999926, -9.46522474669349 ], [ -35.555930366999974, -9.465227757693484 ], [ -35.555897243999937, -9.465265398693484 ], [ -35.555877670999962, -9.46533315169348 ], [ -35.555885198999931, -9.465408432693442 ], [ -35.555913805999978, -9.465468657693469 ], [ -35.55594994099993, -9.465549961693455 ], [ -35.556007153999929, -9.465616209693444 ], [ -35.556077918999954, -9.465673422693438 ], [ -35.556102008999972, -9.465668905693462 ], [ -35.556181806999973, -9.465643310693444 ], [ -35.55627515599997, -9.46548521969345 ], [ -35.556345919999956, -9.465512320693453 ], [ -35.556373020999956, -9.465540927693439 ], [ -35.556318818999955, -9.465664389693465 ], [ -35.556198368999958, -9.465760749693457 ], [ -35.55602221099997, -9.465911311693437 ], [ -35.555992097999933, -9.46588119969344 ], [ -35.555946928999958, -9.465837535693476 ], [ -35.555812928999956, -9.465810434693468 ], [ -35.555572028999961, -9.465754726693429 ], [ -35.555486207999934, -9.465724614693441 ], [ -35.555425982999964, -9.465692995693473 ], [ -35.555425982999964, -9.465653849693467 ], [ -35.555447061999985, -9.46562524269347 ], [ -35.555478679999965, -9.465616209693453 ], [ -35.55548771399998, -9.465512320693453 ], [ -35.555532881999966, -9.46548220869346 ], [ -35.555534387999963, -9.465400904693473 ], [ -35.555499758999929, -9.465230768693468 ], [ -35.555406409999925, -9.465099779693462 ], [ -35.555316071999982, -9.464992880693467 ], [ -35.555144430999967, -9.464840811693499 ] ] ] } },
{ "type": "Feature", "properties": { "num_setor": "AL_PARIPUE_SR_001_CPRM", "munic": "PARIPUEIRA", "grau_risco": "Alto", "distancia_km": 1.14, "chuva_24h": 0.6, "chuva_72h": 4.2, "fonte_estacao": "openmeteo", "codigo_estacao": "openmeteo", "nome_estacao": "Open-Meteo (célula de grade)" }, "geometry": { "type": "Polygon", "coordinates": [ [ [ -35.559337597999964, -9.466054722693443 ], [ -35.559120786999983, -9.466108924693438 ], [ -35.559135843999968, -9.466158610693455 ], [ -35.559149393999974, -9.466209801693461 ], [ -35.559150899999963, -9.466242925693429 ], [ -35.559135843999968, -9.466327240693403 ], [ -35.559122292999973, -9.466391982693414 ], [ -35.559128315999942, -9.466465758693429 ], [ -35.559090674999929, -9.466611803693436 ], [ -35.559048516999951, -9.46661330969342 ], [ -35.558983775999934, -9.466608792693448 ], [ -35.558926561999954, -9.466583196693442 ], [ -35.558875370999942, -9.46653802869341 ], [ -35.558813639999983, -9.466498881693408 ], [ -35.558760942999974, -9.466440162693431 ], [ -35.558735346999988, -9.466402521693428 ], [ -35.558708245999981, -9.466363375693422 ], [ -35.558670605999964, -9.466333263693432 ], [ -35.558616402999974, -9.466316701693449 ], [ -35.5585622, -9.466291105693454 ], [ -35.558532087999936, -9.466282071693437 ], [ -35.558535098999982, -9.466229374693432 ], [ -35.558563705999973, -9.466209801693461 ], [ -35.558611885999944, -9.466208296693466 ], [ -35.558654043999979, -9.466172161693445 ], [ -35.55871125699997, -9.466092363693447 ], [ -35.558721796999976, -9.46601557669344 ], [ -35.558730830999941, -9.465911687693435 ], [ -35.558739863999961, -9.465797260693469 ], [ -35.558739863999953, -9.465681327693451 ], [ -35.558736852999978, -9.465621102693438 ], [ -35.558727818999955, -9.465506674693474 ], [ -35.558709751999963, -9.465360629693469 ], [ -35.558699211999965, -9.46528233669347 ], [ -35.558727818999962, -9.465226628693493 ], [ -35.558786538999982, -9.465164897693469 ], [ -35.558846763999952, -9.465097144693477 ], [ -35.558916021999948, -9.465021863693451 ], [ -35.559001842999976, -9.464972177693443 ], [ -35.559063573999936, -9.464966155693464 ], [ -35.559128315999942, -9.464964649693481 ], [ -35.559194562999949, -9.464981211693461 ], [ -35.55921413599998, -9.465045953693465 ], [ -35.559215641999963, -9.465131774693484 ], [ -35.559176495999957, -9.46520103269348 ], [ -35.559126809999952, -9.465273302693463 ], [ -35.559122292999973, -9.465333527693485 ], [ -35.559137348999968, -9.465482584693465 ], [ -35.559181012999943, -9.465670787693451 ], [ -35.559257798999965, -9.465896631693441 ], [ -35.559337597999964, -9.466054722693443 ] ] ] } },
{ "type": "Feature", "properties": { "num_setor": "AL_PARIPUE_SR_002_CPRM", "munic": "PARIPUEIRA", "grau_risco": "Alto", "distancia_km": 1.09, "chuva_24h": 0.6, "chuva_72h": 4.2, "fonte_estacao": "openmeteo", "codigo_estacao": "openmeteo", "nome_estacao": "Open-Meteo (célula de grade)" }, "geometry": { "type": "Polygon", "coordinates": [ [ [ -35.559408361999935, -9.465880069693458 ], [ -35.559388035999973, -9.46582850269345 ], [ -35.559339855999951, -9.465649332693422 ], [ -35.559350394999967, -9.46550328769348 ], [ -35.559366203999957, -9.465386224693484 ], [ -35.559400833999973, -9.465321482693481 ], [ -35.55943696899994, -9.465244695693466 ], [ -35.559470092999952, -9.465196515693451 ], [ -35.559527305999943, -9.465152852693462 ], [ -35.559576991999961, -9.465142313693452 ], [ -35.559768205999944, -9.46522813469347 ], [ -35.559869397999933, -9.465022505693481 ], [ -35.559728322999945, -9.464955999693485 ], [ -35.559822175999962, -9.464737669693505 ], [ -35.559987274999969, -9.464829519693494 ], [ -35.560050510999929, -9.464792631693475 ], [ -35.560107724999966, -9.464785856693505 ], [ -35.560164185999952, -9.464825002693452 ], [ -35.560168702999931, -9.464884851693476 ], [ -35.560021150999944, -9.46522813469347 ], [ -35.559902206999936, -9.465422359693438 ], [ -35.559884139999951, -9.465476562693478 ], [ -35.559882633999955, -9.465532270693478 ], [ -35.559909734999962, -9.465578944693448 ], [ -35.559951892999948, -9.46562411369348 ], [ -35.560106971999971, -9.465706922693469 ], [ -35.560152140999946, -9.465768653693418 ], [ -35.560173219999967, -9.465812316693462 ], [ -35.560168702999931, -9.465881575693444 ], [ -35.560134072999972, -9.465943306693461 ], [ -35.560067825999965, -9.465985463693459 ], [ -35.559983510999984, -9.466021598693418 ], [ -35.559697441999958, -9.466130003693465 ], [ -35.559503215999939, -9.466188723693422 ], [ -35.559433957999936, -9.466187217693438 ], [ -35.559426428999984, -9.466136026693434 ], [ -35.559435462999943, -9.466017081693431 ], [ -35.559426428999984, -9.465946317693451 ], [ -35.559408361999935, -9.465880069693458 ] ] ] } },
{ "type": "Feature", "properties": { "num_setor": "AL_CORURIP_SR_009_CPRM", "munic": "CORURIPE", "grau_risco": "Alto", "distancia_km": 1.29, "chuva_24h": 1.0, "chuva_72h": 8.9, "fonte_estacao": "openmeteo", "codigo_estacao": "openmeteo", "nome_estacao": "Open-Meteo (célula de grade)" }, "geometry": { "type": "Polygon", "coordinates": [ [ [ -36.16090371699994, -10.162444518671819 ], [ -36.160877084999981, -10.162476360671816 ], [ -36.160848136999959, -10.162519203671838 ], [ -36.160747399999941, -10.162452045671795 ], [ -36.16061829399996, -10.162365781671804 ], [ -36.160601503999942, -10.162338570671823 ], [ -36.160608451999963, -10.162303833671816 ], [ -36.160633925999946, -10.162273728671796 ], [ -36.16065939899994, -10.162256359671824 ], [ -36.160692978999975, -10.162258675671827 ], [ -36.160738136999953, -10.162276043671815 ], [ -36.160793715999944, -10.1623015176718 ], [ -36.160867821999943, -10.162361728671808 ], [ -36.160914137999946, -10.162417307671788 ], [ -36.16090371699994, -10.162444518671819 ] ] ] } },
{ "type": "Feature", "properties": { "num_setor": "AL_CORURIP_SR_007_CPRM", "munic": "CORURIPE", "grau_risco": "Alto", "distancia_km": 1.3, "chuva_24h": 1.0, "chuva_72h": 8.9, "fonte_estacao": "openmeteo", "codigo_estacao": "openmeteo", "nome_estacao": "Open-Meteo (célula de grade)" }, "geometry": { "type": "Polygon", "coordinates": [ [ [ -36.162424910999952, -10.16372317667177 ], [ -36.162512989999982, -10.163788671671773 ], [ -36.162562675999943, -10.16383158167176 ], [ -36.162555900999962, -10.163879009671772 ], [ -36.162531057999956, -10.163919660671784 ], [ -36.162474596999971, -10.163910627671759 ], [ -36.162237460999961, -10.163797705671788 ], [ -36.162160673999942, -10.163770603671798 ], [ -36.161923537999932, -10.163630580671771 ], [ -36.161690918999966, -10.163420546671759 ], [ -36.161575738999943, -10.163294073671803 ], [ -36.161456040999951, -10.163135982671795 ], [ -36.161367961999929, -10.163056937671797 ], [ -36.161112758999934, -10.162901105671782 ], [ -36.160760441999976, -10.16272268867182 ], [ -36.160570733999975, -10.162612025671828 ], [ -36.160430710999947, -10.162510395671818 ], [ -36.160308754999953, -10.162433608671806 ], [ -36.160202607999956, -10.162354563671807 ], [ -36.160119045999977, -10.162309394671835 ], [ -36.159940628999948, -10.162234866671804 ], [ -36.159744144999934, -10.162173888671846 ], [ -36.15965832499996, -10.162149045671832 ], [ -36.159491199999934, -10.162056449671837 ], [ -36.15921567099997, -10.161905134671795 ], [ -36.159039512999982, -10.161808021671826 ], [ -36.158901747999948, -10.161749301671859 ], [ -36.158806893999952, -10.161704133671819 ], [ -36.158705263999934, -10.161593469671841 ], [ -36.158639768999933, -10.161473772671849 ], [ -36.158608150999953, -10.161410536671827 ], [ -36.158585566999932, -10.161317940671831 ], [ -36.158603633999974, -10.161243411671874 ], [ -36.158660094999959, -10.161236636671845 ], [ -36.158736881999971, -10.161275029671845 ], [ -36.158786567999982, -10.161356333671849 ], [ -36.158840769999983, -10.161424086671831 ], [ -36.158915298999936, -10.161507649671867 ], [ -36.159019186999956, -10.161570885671825 ], [ -36.159120815999984, -10.161625087671817 ], [ -36.159233737999955, -10.161690582671822 ], [ -36.159360210999978, -10.161760594671859 ], [ -36.159443772999971, -10.161812538671864 ], [ -36.15953185199993, -10.161880291671848 ], [ -36.159597346999931, -10.161929977671809 ], [ -36.159759953999981, -10.162015797671847 ], [ -36.159938370999953, -10.162108393671845 ], [ -36.16007613599993, -10.162144528671801 ], [ -36.160164214999945, -10.162171629671798 ], [ -36.160256810999954, -10.162194214671809 ], [ -36.160347147999971, -10.162228090671841 ], [ -36.160428451999962, -10.162264225671796 ], [ -36.161122921999947, -10.162700104671792 ], [ -36.161382641999978, -10.162894330671808 ], [ -36.16168640199993, -10.163150662671793 ], [ -36.161778997999932, -10.163261326671767 ], [ -36.16193482999995, -10.163396832671809 ], [ -36.162124538999933, -10.163543630671809 ], [ -36.162424910999952, -10.16372317667177 ] ] ] } },
{ "type": "Feature", "properties": { "num_setor": "AL_CORURIP_SR_008_CPRM", "munic": "CORURIPE", "grau_risco": "Alto", "distancia_km": 1.34, "chuva_24h": 1.0, "chuva_72h": 8.9, "fonte_estacao": "openmeteo", "codigo_estacao": "openmeteo", "nome_estacao": "Open-Meteo (célula de grade)" }, "geometry": { "type": "Polygon", "coordinates": [ [ [ -36.161212876999976, -10.162605467671833 ], [ -36.161258613999962, -10.16266046767181 ], [ -36.161290455999961, -10.162695783671793 ], [ -36.161335214999951, -10.162745837671823 ], [ -36.161354975999984, -10.162766163671796 ], [ -36.161357234999969, -10.162785925671814 ], [ -36.161355540999978, -10.16280568667179 ], [ -36.161341425999979, -10.162823753671777 ], [ -36.161321663999956, -10.162825447671828 ], [ -36.161291174999974, -10.162804557671794 ], [ -36.161234713999932, -10.162762776671808 ], [ -36.161179946999937, -10.162717607671837 ], [ -36.161110499999957, -10.162672438671798 ], [ -36.16114803399995, -10.162612993671823 ], [ -36.161178138999958, -10.162575940671802 ], [ -36.161212876999976, -10.162605467671833 ] ] ] } },
{ "type": "Feature", "properties": { "num_setor": "AL_CORURIP_SR_013_CPRM", "munic": "CORURIPE", "grau_risco": "Alto", "distancia_km": 0.53, "chuva_24h": 1.8, "chuva_72h": 7.9, "fonte_estacao": "openmeteo", "codigo_estacao": "openmeteo", "nome_estacao": "Open-Meteo (célula de grade)" }, "geometry": { "type": "Polygon", "coordinates": [ [ [ -36.332290360999934, -10.148631164672214 ], [ -36.332403423999949, -10.148660383672267 ], [ -36.332381827999932, -10.148796313672262 ], [ -36.332168405999937, -10.148784879672217 ], [ -36.332001986999963, -10.148779798672232 ], [ -36.331719964999934, -10.14872898367223 ], [ -36.331473512999935, -10.148640057672241 ], [ -36.331361719999961, -10.148595594672249 ], [ -36.331403641999941, -10.148661653672253 ], [ -36.331558626999929, -10.148852209672254 ], [ -36.331609441999944, -10.148892861672252 ], [ -36.331524326999954, -10.149044035672235 ], [ -36.33149637899993, -10.14902752067221 ], [ -36.331456997999972, -10.148956379672233 ], [ -36.331362989999946, -10.148811557672262 ], [ -36.33129693099994, -10.14872136167223 ], [ -36.331230871999928, -10.148617190672262 ], [ -36.331213085999934, -10.148566375672246 ], [ -36.331210545999966, -10.148524453672216 ], [ -36.331237222999967, -10.148462205672269 ], [ -36.331277874999955, -10.148401227672251 ], [ -36.331319797999974, -10.148364386672251 ], [ -36.331370611999951, -10.148349142672256 ], [ -36.33140745299994, -10.148351683672272 ], [ -36.331446834999952, -10.148391064672236 ], [ -36.331507812999973, -10.148457123672237 ], [ -36.331552275999968, -10.148495235672263 ], [ -36.331638660999943, -10.148524453672216 ], [ -36.331750453999973, -10.148560024672225 ], [ -36.331877490999943, -10.148568916672263 ], [ -36.331910519999944, -10.148544779672237 ], [ -36.332061693999947, -10.148584161672249 ], [ -36.332060423999955, -10.148615920672212 ], [ -36.332125212999983, -10.148627353672211 ], [ -36.332151890999967, -10.148593053672229 ], [ -36.332224301999936, -10.148603851672236 ], [ -36.332290360999934, -10.148631164672214 ] ] ] } },
{ "type": "Feature", "properties": { "num_setor": "AL_CORURIP_SR_014_CPRM", "munic": "CORURIPE", "grau_risco": "Muito alto", "distancia_km": 1.65, "chuva_24h": 1.2, "chuva_72h": 7.8, "fonte_estacao": "openmeteo", "codigo_estacao": "openmeteo", "nome_estacao": "Open-Meteo (célula de grade)" }, "geometry": { "type": "Polygon", "coordinates": [ [ [ -36.116220595999941, -10.130230153672798 ], [ -36.116100546, -10.130047219672797 ], [ -36.116100545999984, -10.129984336672802 ], [ -36.116154853999944, -10.12993288667281 ], [ -36.116243461999943, -10.129870002672817 ], [ -36.116320636999944, -10.129824269672838 ], [ -36.11637780399996, -10.129827127672796 ], [ -36.116443545999978, -10.129887152672842 ], [ -36.116529295999953, -10.129990052672836 ], [ -36.116592178999944, -10.130090094672822 ], [ -36.116892304999965, -10.130581728672814 ], [ -36.116975195999942, -10.130773236672807 ], [ -36.116992345999954, -10.13084183667277 ], [ -36.117003779999955, -10.130899003672795 ], [ -36.116998062999983, -10.130970461672772 ], [ -36.116958045999979, -10.131030487672792 ], [ -36.116906595999978, -10.131064787672775 ], [ -36.116800837999961, -10.131073362672755 ], [ -36.116720803999954, -10.131010478672769 ], [ -36.116555020999954, -10.130698920672815 ], [ -36.116303486999975, -10.130353061672782 ], [ -36.116220595999941, -10.130230153672798 ] ] ] } },
{ "type": "Feature", "properties": { "num_setor": "AL_CORURIP_SR_012_CPRM", "munic": "CORURIPE", "grau_risco": "Alto", "distancia_km": 0.63, "chuva_24h": 1.8, "chuva_72h": 7.9, "fonte_estacao": "openmeteo", "codigo_estacao": "openmeteo", "nome_estacao": "Open-Meteo (célula de grade)" }, "geometry": { "type": "Polygon", "coordinates": [ [ [ -36.331411263999939, -10.147689184672252 ], [ -36.331450645999958, -10.147720943672269 ], [ -36.331463349999979, -10.147760325672277 ], [ -36.331455091999949, -10.147805423672269 ], [ -36.331432224999958, -10.147829560672296 ], [ -36.331379504999973, -10.14782320867228 ], [ -36.331366165999952, -10.147799706672245 ], [ -36.331362354999953, -10.147768582672274 ], [ -36.33138585699993, -10.147707604672247 ], [ -36.331411263999939, -10.147689184672252 ] ] ] } },
{ "type": "Feature", "properties": { "num_setor": "AL_CORURIP_SR_005_CPRM", "munic": "CORURIPE", "grau_risco": "Alto", "distancia_km": 1.53, "chuva_24h": 1.0, "chuva_72h": 8.9, "fonte_estacao": "openmeteo", "codigo_estacao": "openmeteo", "nome_estacao": "Open-Meteo (célula de grade)" }, "geometry": { "type": "Polygon", "coordinates": [ [ [ -36.171628185999964, -10.12684637167289 ], [ -36.171545495999965, -10.126884041672929 ], [ -36.171496800999932, -10.126861990672905 ], [ -36.171603378999976, -10.126783894672922 ], [ -36.171583165999941, -10.126732443672928 ], [ -36.171496315999946, -10.12662131367294 ], [ -36.171468318999985, -10.126590951672927 ], [ -36.171403085999941, -10.126646996672935 ], [ -36.171364372999967, -10.126744077672912 ], [ -36.171364372999967, -10.126779083672927 ], [ -36.171382440999935, -10.126837802672906 ], [ -36.171426480999969, -10.126914589672912 ], [ -36.17146487399998, -10.126972179672894 ], [ -36.171357597999929, -10.127030899672917 ], [ -36.171296619999964, -10.127048966672906 ], [ -36.171249192999937, -10.127050095672901 ], [ -36.171205153999949, -10.1270376746729 ], [ -36.17118482799998, -10.127020736672907 ], [ -36.171141916999943, -10.126998151672897 ], [ -36.171105781999984, -10.126995893672897 ], [ -36.171036899999933, -10.127025253672889 ], [ -36.170953337999947, -10.127058000672921 ], [ -36.170885584999951, -10.127085101672922 ], [ -36.17081557299997, -10.127071551672918 ], [ -36.170738785999959, -10.127059129672915 ], [ -36.170695875999968, -10.127022994672904 ], [ -36.170673290999957, -10.126980084672912 ], [ -36.170678937999988, -10.126948466672928 ], [ -36.170732010999977, -10.126922494672929 ], [ -36.170771533999975, -10.126929269672907 ], [ -36.170789600999967, -10.12695749967291 ], [ -36.170830252999956, -10.126976696672928 ], [ -36.170913814999949, -10.126937174672921 ], [ -36.170971404999932, -10.126916848672902 ], [ -36.171191602999954, -10.126772308672894 ], [ -36.171351951999952, -10.126609700672921 ], [ -36.171414058999972, -10.126547593672903 ], [ -36.171506097999952, -10.126533220672904 ], [ -36.171595667999952, -10.126578599672932 ], [ -36.17171209299994, -10.12668927767292 ], [ -36.171727698999973, -10.126771987672935 ], [ -36.171652790999929, -10.126809441672931 ], [ -36.171628185999964, -10.12684637167289 ] ] ] } },
{ "type": "Feature", "properties": { "num_setor": "AL_CORURIP_SR_006_CPRM", "munic": "CORURIPE", "grau_risco": "Alto", "distancia_km": 0.57, "chuva_24h": 1.6, "chuva_72h": 7.7, "fonte_estacao": "openmeteo", "codigo_estacao": "openmeteo", "nome_estacao": "Open-Meteo (célula de grade)" }, "geometry": { "type": "Polygon", "coordinates": [ [ [ -36.221502261999944, -10.213494633670257 ], [ -36.221581306999951, -10.213535285670252 ], [ -36.221603890999972, -10.213575937670241 ], [ -36.221598244999939, -10.213639173670257 ], [ -36.221539525999958, -10.213684342670232 ], [ -36.221493227999922, -10.213677566670214 ], [ -36.22145709299997, -10.213639173670257 ], [ -36.221401760999981, -10.213595133670221 ], [ -36.221392726999966, -10.213537543670242 ], [ -36.221425474999933, -10.213505925670205 ], [ -36.221470643999957, -10.213488987670225 ], [ -36.221502261999944, -10.213494633670257 ] ] ] } },
{ "type": "Feature", "properties": { "num_setor": "AL_CORURIP_SR_015_CPRM", "munic": "CORURIPE", "grau_risco": "Muito alto", "distancia_km": 1.49, "chuva_24h": 1.0, "chuva_72h": 8.9, "fonte_estacao": "openmeteo", "codigo_estacao": "openmeteo", "nome_estacao": "Open-Meteo (célula de grade)" }, "geometry": { "type": "Polygon", "coordinates": [ [ [ -36.142001353999945, -10.149011561672211 ], [ -36.141852005999965, -10.148876505672238 ], [ -36.141902025999968, -10.148824340672251 ], [ -36.141948473999946, -10.148768603672224 ], [ -36.141976342999953, -10.148712151672262 ], [ -36.142020638999952, -10.148678364672246 ], [ -36.142080008999983, -10.148697829672235 ], [ -36.142153004999955, -10.14876109267224 ], [ -36.142177336999964, -10.148800024672241 ], [ -36.142126405999925, -10.148868644672215 ], [ -36.142001353999945, -10.149011561672211 ] ] ] } },
{ "type": "Feature", "properties": { "num_setor": "AL_CORURIP_SR_004_CPRM", "munic": "CORURIPE", "grau_risco": "Alto", "distancia_km": 1.64, "chuva_24h": 1.0, "chuva_72h": 8.9, "fonte_estacao": "openmeteo", "codigo_estacao": "openmeteo", "nome_estacao": "Open-Meteo (célula de grade)" }, "geometry": { "type": "Polygon", "coordinates": [ [ [ -36.15606345599997, -10.13475814467269 ], [ -36.156282524999938, -10.134880100672676 ], [ -36.156169602999967, -10.135171438672677 ], [ -36.156045388999978, -10.135451485672657 ], [ -36.15594827599994, -10.135695396672634 ], [ -36.155824061999965, -10.135988993672623 ], [ -36.155713397999932, -10.136244197672601 ], [ -36.155647902999931, -10.136390995672601 ], [ -36.155557565999963, -10.136616839672588 ], [ -36.155467227999964, -10.136824615672611 ], [ -36.155437868999968, -10.136971414672598 ], [ -36.155426576999957, -10.13712047067259 ], [ -36.155227833999952, -10.137077560672596 ], [ -36.155241384999954, -10.136942054672616 ], [ -36.155300103999927, -10.136698143672627 ], [ -36.155455935999953, -10.136341309672643 ], [ -36.155618543999935, -10.135864779672643 ], [ -36.155805993999934, -10.135347597672652 ], [ -36.15606345599997, -10.13475814467269 ] ] ] } },
{ "type": "Feature", "properties": { "num_setor": "AL_CORURIP_SR_001_CPRM", "munic": "CORURIPE", "grau_risco": "Alto", "distancia_km": 1.0, "chuva_24h": 1.0, "chuva_72h": 8.9, "fonte_estacao": "openmeteo", "codigo_estacao": "openmeteo", "nome_estacao": "Open-Meteo (célula de grade)" }, "geometry": { "type": "Polygon", "coordinates": [ [ [ -36.138629443999946, -10.15159404767213 ], [ -36.138518027999964, -10.151789778672144 ], [ -36.138427689999958, -10.15172051967216 ], [ -36.138518027999964, -10.151585013672175 ], [ -36.138331329999971, -10.151452518672173 ], [ -36.138256048999949, -10.151585013672175 ], [ -36.137915776999932, -10.151323034672162 ], [ -36.13774714699997, -10.151202584672175 ], [ -36.137539370999946, -10.151030943672174 ], [ -36.137367729999944, -10.150886403672171 ], [ -36.137226200999969, -10.150784020672159 ], [ -36.137024446999931, -10.150622918672175 ], [ -36.136891951999985, -10.150517525672162 ], [ -36.136988311999971, -10.150409120672167 ], [ -36.137208133999934, -10.15055366067217 ], [ -36.13752732599994, -10.150785526672147 ], [ -36.138346385999967, -10.151345619672171 ], [ -36.138629443999946, -10.15159404767213 ] ] ] } },
{ "type": "Feature", "properties": { "num_setor": "AL_CORURIP_SR_010_CPRM", "munic": "CORURIPE", "grau_risco": "Alto", "distancia_km": 1.15, "chuva_24h": 1.0, "chuva_72h": 8.9, "fonte_estacao": "openmeteo", "codigo_estacao": "openmeteo", "nome_estacao": "Open-Meteo (célula de grade)" }, "geometry": { "type": "Polygon", "coordinates": [ [ [ -36.162120700999935, -10.131102654672775 ], [ -36.162160297999947, -10.131211813672749 ], [ -36.162009358999967, -10.13128015067276 ], [ -36.161898694999934, -10.13132757767279 ], [ -36.161882885999944, -10.131294265672761 ], [ -36.161875545999976, -10.131251355672777 ], [ -36.161873851999928, -10.131214655672762 ], [ -36.161880062999963, -10.131194894672792 ], [ -36.16189191999996, -10.131172874672767 ], [ -36.161910551999938, -10.131144079672783 ], [ -36.16194555799995, -10.131127705672798 ], [ -36.161989032999934, -10.131120930672765 ], [ -36.162002018999935, -10.131120930672765 ], [ -36.162120700999935, -10.131102654672775 ] ] ] } },
{ "type": "Feature", "properties": { "num_setor": "AL_CORURIP_SR_011_CPRM", "munic": "CORURIPE", "grau_risco": "Alto", "distancia_km": 1.16, "chuva_24h": 1.0, "chuva_72h": 8.9, "fonte_estacao": "openmeteo", "codigo_estacao": "openmeteo", "nome_estacao": "Open-Meteo (célula de grade)" }, "geometry": { "type": "Polygon", "coordinates": [ [ [ -36.163612284999942, -10.130560273672787 ], [ -36.163642773999989, -10.130608829672816 ], [ -36.163600427999938, -10.130640447672789 ], [ -36.163480730999936, -10.130698037672778 ], [ -36.163470002999929, -10.130664161672804 ], [ -36.16347056799998, -10.130633672672822 ], [ -36.163497104999976, -10.130603183672779 ], [ -36.163549048999982, -10.130560837672792 ], [ -36.163583489999944, -10.130553497672775 ], [ -36.163612284999942, -10.130560273672787 ] ] ] } },
{ "type": "Feature", "properties": { "num_setor": "AL_CORURIP_SR_002_CPRM", "munic": "CORURIPE", "grau_risco": "Alto", "distancia_km": 1.19, "chuva_24h": 1.0, "chuva_72h": 8.9, "fonte_estacao": "openmeteo", "codigo_estacao": "openmeteo", "nome_estacao": "Open-Meteo (célula de grade)" }, "geometry": { "type": "Polygon", "coordinates": [ [ [ -36.140008596999955, -10.151366697672151 ], [ -36.140065809999953, -10.151479619672171 ], [ -36.140026663999947, -10.151511237672155 ], [ -36.139915247999966, -10.151577485672144 ], [ -36.139761673999942, -10.151643732672154 ], [ -36.139609605999965, -10.151699441672129 ], [ -36.13943043699993, -10.151728047672131 ], [ -36.139231693999932, -10.151756654672123 ], [ -36.13906005299998, -10.151758160672166 ], [ -36.138998321999956, -10.151758160672166 ], [ -36.138983265999968, -10.151548878672159 ], [ -36.139136839999935, -10.151574474672161 ], [ -36.139267828999948, -10.151568451672134 ], [ -36.139463559999967, -10.151532316672172 ], [ -36.139763179999932, -10.151425417672169 ], [ -36.139948371999935, -10.151362180672164 ], [ -36.140008596999955, -10.151366697672151 ] ] ] } },
{ "type": "Feature", "properties": { "num_setor": "AL_CORURIP_SR_003_CPRM", "munic": "CORURIPE", "grau_risco": "Alto", "distancia_km": 1.33, "chuva_24h": 1.2, "chuva_72h": 7.8, "fonte_estacao": "openmeteo", "codigo_estacao": "openmeteo", "nome_estacao": "Open-Meteo (célula de grade)" }, "geometry": { "type": "Polygon", "coordinates": [ [ [ -36.110995161999938, -10.119043234673141 ], [ -36.110979764999968, -10.119070948673134 ], [ -36.110921257999962, -10.119101741673141 ], [ -36.110879173999933, -10.119123296673127 ], [ -36.110839363999958, -10.119126366673173 ], [ -36.110799841999956, -10.119047320673127 ], [ -36.110822425999963, -10.119016831673148 ], [ -36.110795005999933, -10.118919034673185 ], [ -36.110786290999954, -10.118873421673181 ], [ -36.110760318999951, -10.118836156673183 ], [ -36.110715969999944, -10.118713746673174 ], [ -36.110726233999969, -10.118657292673177 ], [ -36.110756930999969, -10.118631768673151 ], [ -36.110794195999972, -10.11864193167316 ], [ -36.110830330999931, -10.118684841673153 ], [ -36.110852486999931, -10.11879483567316 ], [ -36.110891307999964, -10.118875679673181 ], [ -36.110952285999922, -10.118962629673145 ], [ -36.110969500999943, -10.118999097673161 ], [ -36.110995161999938, -10.119043234673141 ] ] ] } },
{ "type": "Feature", "properties": { "num_setor": "AL_SM_SR8_CPRM", "munic": "SANTANA DO MUNDAÚ", "grau_risco": "Alto", "distancia_km": 0.93, "chuva_24h": 0.7, "chuva_72h": 3.1, "fonte_estacao": "openmeteo", "codigo_estacao": "openmeteo", "nome_estacao": "Open-Meteo (célula de grade)" }, "geometry": { "type": "Polygon", "coordinates": [ [ [ -36.224305046999973, -9.173280737702587 ], [ -36.224288171999945, -9.173211385702567 ], [ -36.224307200999931, -9.173003862702611 ], [ -36.224344452999958, -9.17269264370259 ], [ -36.224468103999982, -9.172468618702631 ], [ -36.224556387999939, -9.172313544702609 ], [ -36.22471527099998, -9.172037872702631 ], [ -36.224820969999946, -9.171882931702639 ], [ -36.224995382999964, -9.171849659702644 ], [ -36.225430071999938, -9.171939525702632 ], [ -36.225462479999976, -9.172251277702637 ], [ -36.225476664999974, -9.172666725702584 ], [ -36.225228556999973, -9.173218606702605 ], [ -36.225036457999977, -9.173286354702592 ], [ -36.224722188999976, -9.173387776702592 ], [ -36.224305046999973, -9.173280737702587 ] ] ] } },
{ "type": "Feature", "properties": { "num_setor": "AL_SM_SR9_CPRM", "munic": "SANTANA DO MUNDAÚ", "grau_risco": "Alto", "distancia_km": 1.11, "chuva_24h": 0.7, "chuva_72h": 3.1, "fonte_estacao": "openmeteo", "codigo_estacao": "openmeteo", "nome_estacao": "Open-Meteo (célula de grade)" }, "geometry": { "type": "Polygon", "coordinates": [ [ [ -36.224916113999939, -9.170845315702651 ], [ -36.22483159899997, -9.17051585770265 ], [ -36.224937833999945, -9.170291697702698 ], [ -36.224956189999943, -9.170170697702668 ], [ -36.225079300999937, -9.17001589070267 ], [ -36.225132216999945, -9.16992976770271 ], [ -36.225184997999975, -9.169860950702718 ], [ -36.225359948999937, -9.169758457702672 ], [ -36.22549899499996, -9.169794136702681 ], [ -36.225707697999951, -9.169830349702668 ], [ -36.225687593999965, -9.170176311702695 ], [ -36.225615380999962, -9.170504566702682 ], [ -36.22550833899993, -9.170832555702638 ], [ -36.225402641999956, -9.170987496702645 ], [ -36.225158436999948, -9.171037539702636 ], [ -36.224916113999939, -9.170845315702651 ] ] ] } },
{ "type": "Feature", "properties": { "num_setor": "AL_ATALAIA_SR_3_CPRM", "munic": "ATALAIA", "grau_risco": "Alto", "distancia_km": 0.96, "chuva_24h": 0.5, "chuva_72h": 3.0, "fonte_estacao": "openmeteo", "codigo_estacao": "openmeteo", "nome_estacao": "Open-Meteo (célula de grade)" }, "geometry": { "type": "Polygon", "coordinates": [ [ [ -36.008338959999946, -9.509380673692071 ], [ -36.008472348999938, -9.509364455692088 ], [ -36.008640525999972, -9.509314386692097 ], [ -36.008821546999968, -9.509249484692074 ], [ -36.009012803999951, -9.509186122692089 ], [ -36.009099228999958, -9.509143265692108 ], [ -36.00923532499997, -9.509086523692078 ], [ -36.009288960999982, -9.509069663692122 ], [ -36.009324379999953, -9.509089571692083 ], [ -36.00936807599993, -9.509171259692099 ], [ -36.00937750899994, -9.509215112692065 ], [ -36.009382077999931, -9.509324116692083 ], [ -36.009375708999983, -9.509349699692109 ], [ -36.009336313999938, -9.509391613692113 ], [ -36.009287031999975, -9.509391355692115 ], [ -36.009211704999984, -9.509421092692085 ], [ -36.009179029999984, -9.509438034692097 ], [ -36.009141797999973, -9.509500251692078 ], [ -36.009139492999964, -9.509572938692083 ], [ -36.00910098099996, -9.509608428692093 ], [ -36.008549452999944, -9.509631546692095 ], [ -36.008068977999983, -9.509653347692096 ], [ -36.007932299999936, -9.509660426692095 ], [ -36.007809158999976, -9.509646235692106 ], [ -36.007727225999929, -9.509608418692091 ], [ -36.007718457999943, -9.509567040692096 ], [ -36.007705864999934, -9.509418151692095 ], [ -36.007670687999962, -9.509327986692087 ], [ -36.007674609999981, -9.509303564692063 ], [ -36.007730124999966, -9.509278730692072 ], [ -36.007802651999953, -9.509294708692101 ], [ -36.007909810999934, -9.509345854692073 ], [ -36.008009555999934, -9.509381204692092 ], [ -36.008088035999947, -9.509392478692062 ], [ -36.008338959999946, -9.509380673692071 ] ] ] } },
{ "type": "Feature", "properties": { "num_setor": "AL_ATALAIA_SR_4_CPRM", "munic": "ATALAIA", "grau_risco": "Alto", "distancia_km": 1.42, "chuva_24h": 0.5, "chuva_72h": 3.0, "fonte_estacao": "openmeteo", "codigo_estacao": "openmeteo", "nome_estacao": "Open-Meteo (célula de grade)" }, "geometry": { "type": "Polygon", "coordinates": [ [ [ -36.022543823999968, -9.501897541692305 ], [ -36.022345377999955, -9.501767715692333 ], [ -36.02222814199996, -9.501683064692328 ], [ -36.022219380999957, -9.501582607692358 ], [ -36.022261524999976, -9.501441954692345 ], [ -36.022289082999976, -9.50139312269234 ], [ -36.022329983999946, -9.501320645692342 ], [ -36.022371962999955, -9.501199111692323 ], [ -36.022405454999955, -9.501052007692321 ], [ -36.02246137599996, -9.500881997692352 ], [ -36.022501545999951, -9.500780490692348 ], [ -36.022549795999957, -9.500679597692386 ], [ -36.022622800999955, -9.500589398692386 ], [ -36.022705860999963, -9.500540298692373 ], [ -36.02275831399993, -9.500509291692357 ], [ -36.022936765999937, -9.500474962692339 ], [ -36.023200840999948, -9.500154773692373 ], [ -36.023471933999929, -9.499836600692403 ], [ -36.02356223399994, -9.499719185692372 ], [ -36.02362403099994, -9.499638833692373 ], [ -36.023776658999964, -9.499490644692422 ], [ -36.023898507999945, -9.499379539692395 ], [ -36.023943290999966, -9.499338705692393 ], [ -36.024006223999947, -9.49914536669238 ], [ -36.024054800999977, -9.498971588692408 ], [ -36.024074438999946, -9.498839756692394 ], [ -36.024125922999929, -9.498541985692432 ], [ -36.02416003999997, -9.498438386692442 ], [ -36.024175370999949, -9.498391834692427 ], [ -36.024262859999958, -9.498296977692416 ], [ -36.02440046899995, -9.498252738692432 ], [ -36.024488253999948, -9.498279570692434 ], [ -36.024561344999945, -9.498301909692428 ], [ -36.024631258999932, -9.498351291692421 ], [ -36.024736025999971, -9.498425289692415 ], [ -36.024887791999959, -9.498494250692426 ], [ -36.025196536999943, -9.498625193692408 ], [ -36.025547474999939, -9.498785178692451 ], [ -36.02579652299994, -9.498907728692394 ], [ -36.026041874999976, -9.499040839692416 ], [ -36.026194636999946, -9.499127029692406 ], [ -36.02633222399993, -9.499198659692386 ], [ -36.026400431999946, -9.499239724692387 ], [ -36.026543379999971, -9.499339333692403 ], [ -36.026595345999958, -9.499401372692404 ], [ -36.026648228999932, -9.499464508692393 ], [ -36.026689114999954, -9.499502628692392 ], [ -36.026789513999979, -9.499586652692377 ], [ -36.026961818999943, -9.499738845692395 ], [ -36.027101492999975, -9.499895611692368 ], [ -36.02716410499994, -9.499987675692362 ], [ -36.027200638999943, -9.500014374692409 ], [ -36.027300084999979, -9.500036512692361 ], [ -36.027342122999983, -9.500161631692379 ], [ -36.027356380999947, -9.500205475692386 ], [ -36.027334712999952, -9.500284933692402 ], [ -36.02729947499995, -9.500469651692347 ], [ -36.027270783999938, -9.500582055692332 ], [ -36.027132890999951, -9.500757607692359 ], [ -36.027014701999974, -9.500878542692345 ], [ -36.026924785999938, -9.500946453692364 ], [ -36.02673002399996, -9.501052394692319 ], [ -36.026472533999936, -9.501195775692359 ], [ -36.026279109999962, -9.501320657692327 ], [ -36.026103549999959, -9.501437641692311 ], [ -36.026071307999985, -9.50145912569231 ], [ -36.025926014999975, -9.501764339692336 ], [ -36.025821569999948, -9.501976004692322 ], [ -36.025755751999959, -9.502100514692302 ], [ -36.025646603, -9.502267032692304 ], [ -36.025498553999967, -9.502450629692294 ], [ -36.025373784999942, -9.502568563692289 ], [ -36.02526645699993, -9.502639225692272 ], [ -36.025084478999929, -9.502665093692293 ], [ -36.024915334999946, -9.502699341692322 ], [ -36.024694322999956, -9.502786756692304 ], [ -36.024575504999973, -9.502865131692287 ], [ -36.024537731999942, -9.502893773692309 ], [ -36.024493897999946, -9.502966920692268 ], [ -36.024407429999947, -9.503188338692295 ], [ -36.024400068999967, -9.503226986692276 ], [ -36.024344447999965, -9.503349596692276 ], [ -36.024188462999973, -9.503641004692279 ], [ -36.024121656999974, -9.503759002692281 ], [ -36.024031838999974, -9.503931053692265 ], [ -36.023915648999946, -9.504197872692245 ], [ -36.023829459999938, -9.504367193692229 ], [ -36.023689026999932, -9.504620501692246 ], [ -36.02358681099998, -9.504842965692228 ], [ -36.02354784299996, -9.50493942669223 ], [ -36.023502959999973, -9.505143994692235 ], [ -36.02342456699995, -9.505268606692209 ], [ -36.02340888599997, -9.505359982692207 ], [ -36.023366661999944, -9.505525964692199 ], [ -36.023346387999936, -9.505654821692193 ], [ -36.023309775999962, -9.505807696692205 ], [ -36.02325137899993, -9.50598912069221 ], [ -36.023153107999974, -9.506246286692187 ], [ -36.023073199999942, -9.506492136692174 ], [ -36.022985589999962, -9.506769482692189 ], [ -36.022925436999969, -9.506977443692174 ], [ -36.022875167999985, -9.507208043692181 ], [ -36.022811206999968, -9.507520564692125 ], [ -36.022805544999983, -9.507657928692129 ], [ -36.022792823999964, -9.507841554692151 ], [ -36.022795043999956, -9.508012423692129 ], [ -36.022804410999981, -9.508272159692105 ], [ -36.022818019999931, -9.50840854769214 ], [ -36.022793561999947, -9.508574475692138 ], [ -36.022735925999932, -9.508708679692083 ], [ -36.022692609999979, -9.508804297692128 ], [ -36.022539987999956, -9.509203453692072 ], [ -36.022481187999972, -9.509383856692066 ], [ -36.022485657999937, -9.509502983692066 ], [ -36.022504652999942, -9.509747628692072 ], [ -36.022471870999937, -9.509865352692065 ], [ -36.022373985999934, -9.509878371692068 ], [ -36.02228249999996, -9.50989053869209 ], [ -36.022187148999933, -9.509919268692085 ], [ -36.021958541999936, -9.509988151692061 ], [ -36.021714882999959, -9.510061568692068 ], [ -36.021609957999935, -9.510093184692074 ], [ -36.021459080999932, -9.510138644692042 ], [ -36.020763371999976, -9.509851877692066 ], [ -36.020733226999937, -9.509704017692105 ], [ -36.020705731999954, -9.509569161692063 ], [ -36.020718985999963, -9.509463140692095 ], [ -36.020759957999928, -9.50923189469211 ], [ -36.020781803999967, -9.509125263692113 ], [ -36.020871192999941, -9.508925623692116 ], [ -36.020943454999951, -9.508778649692102 ], [ -36.021002440999943, -9.508668259692133 ], [ -36.020974481999929, -9.508576031692115 ], [ -36.020960308999975, -9.508529277692132 ], [ -36.020908381999959, -9.508409332692139 ], [ -36.020899347999944, -9.508295898692122 ], [ -36.020918832999939, -9.508159464692122 ], [ -36.020972145999963, -9.507996399692146 ], [ -36.021008408999933, -9.507942743692114 ], [ -36.021062705999945, -9.507847389692117 ], [ -36.021087030999979, -9.507796616692126 ], [ -36.021252138999955, -9.50763550269215 ], [ -36.021358630999941, -9.507584965692162 ], [ -36.021653209999961, -9.507471621692165 ], [ -36.021738241999962, -9.507442641692142 ], [ -36.021776357999954, -9.507429651692123 ], [ -36.021815268999944, -9.507384573692157 ], [ -36.021928643999964, -9.506943143692142 ], [ -36.021973835999972, -9.506797792692188 ], [ -36.022021879999954, -9.506659416692203 ], [ -36.022114710999972, -9.50644545069216 ], [ -36.022188461999974, -9.506269216692186 ], [ -36.022231829999953, -9.50611788369217 ], [ -36.02226293699993, -9.506009337692193 ], [ -36.022326706999934, -9.505873648692207 ], [ -36.022311116999958, -9.505727723692187 ], [ -36.022217167999941, -9.505734092692194 ], [ -36.022171683999936, -9.505809174692216 ], [ -36.022092043999976, -9.505956536692215 ], [ -36.022038142999975, -9.506112582692181 ], [ -36.021972303999974, -9.506211783692189 ], [ -36.021890176999932, -9.506335527692192 ], [ -36.021796377999976, -9.50647204869219 ], [ -36.021716295999965, -9.50658067469217 ], [ -36.021661389999963, -9.506804870692138 ], [ -36.021592141999975, -9.507016993692174 ], [ -36.021476555999982, -9.507062787692133 ], [ -36.021379549999942, -9.50710122069218 ], [ -36.021267717999933, -9.507121427692152 ], [ -36.021114304999969, -9.507149148692131 ], [ -36.021019361999947, -9.507145010692184 ], [ -36.020817201999932, -9.507136199692136 ], [ -36.020744837999985, -9.507133045692186 ], [ -36.020627985999965, -9.507141054692179 ], [ -36.020498746999984, -9.507157355692145 ], [ -36.020314729999939, -9.507180565692133 ], [ -36.020224059999975, -9.50717873269214 ], [ -36.020151856, -9.507177272692171 ], [ -36.020110124999974, -9.507176429692162 ], [ -36.020014140999933, -9.506983255692166 ], [ -36.019961047999971, -9.506876401692145 ], [ -36.019921096999951, -9.506621870692157 ], [ -36.019896281999934, -9.50638083569217 ], [ -36.019890056999941, -9.506177905692184 ], [ -36.019873820999976, -9.506016729692179 ], [ -36.019870155999968, -9.505849530692215 ], [ -36.019871991999935, -9.505761884692221 ], [ -36.01989813199998, -9.505676151692233 ], [ -36.019926505999926, -9.505583096692195 ], [ -36.019992817999935, -9.505513701692223 ], [ -36.020094144999973, -9.505407664692203 ], [ -36.020166210999946, -9.505345342692193 ], [ -36.02030760599996, -9.505223063692208 ], [ -36.020400768999934, -9.50505151769223 ], [ -36.020501873999926, -9.504844346692233 ], [ -36.020617554999951, -9.50463369469222 ], [ -36.020681950999979, -9.504530756692226 ], [ -36.020823210999936, -9.504343148692252 ], [ -36.020896548999936, -9.504214712692249 ], [ -36.020954606999965, -9.504086850692252 ], [ -36.020994723999941, -9.503978693692256 ], [ -36.02102003899995, -9.503854869692251 ], [ -36.021076731999983, -9.503702390692242 ], [ -36.021110286999935, -9.503623897692261 ], [ -36.021147992999943, -9.503535695692287 ], [ -36.021206512999981, -9.503450153692269 ], [ -36.021247851999931, -9.503402705692301 ], [ -36.021311262999973, -9.503395759692253 ], [ -36.021459841999956, -9.503387782692251 ], [ -36.021539883999928, -9.503319154692255 ], [ -36.021634224999957, -9.503293263692305 ], [ -36.021708810999932, -9.503272794692254 ], [ -36.021782341999938, -9.503213540692308 ], [ -36.021876095999971, -9.503137988692313 ], [ -36.021900699999946, -9.503102024692303 ], [ -36.021959, -9.503016803692303 ], [ -36.022050788999934, -9.502969838692275 ], [ -36.022142784999971, -9.502922768692288 ], [ -36.022231842999929, -9.502865977692274 ], [ -36.02232455799998, -9.502816522692315 ], [ -36.022418523999931, -9.502774546692288 ], [ -36.022533703999954, -9.502818549692307 ], [ -36.022670631999972, -9.502853177692293 ], [ -36.02283661499996, -9.50286893269228 ], [ -36.02302487399993, -9.502847389692278 ], [ -36.023159755999977, -9.502807155692297 ], [ -36.023274705999938, -9.502728213692279 ], [ -36.023372882999979, -9.502660789692278 ], [ -36.023496483999963, -9.502566240692303 ], [ -36.02355533399998, -9.502442460692279 ], [ -36.02347941599993, -9.502312750692333 ], [ -36.023343974999925, -9.502106052692332 ], [ -36.023265296999966, -9.50201695069233 ], [ -36.023165562999964, -9.501944434692298 ], [ -36.023128926999959, -9.501917796692345 ], [ -36.023077980999972, -9.501913612692309 ], [ -36.022999013999936, -9.501907128692331 ], [ -36.022962985999982, -9.501911649692319 ], [ -36.022909838999965, -9.501918319692324 ], [ -36.022813276999955, -9.501948566692306 ], [ -36.022699822999982, -9.501983450692308 ], [ -36.022543823999968, -9.501897541692305 ] ] ] } },
{ "type": "Feature", "properties": { "num_setor": "AL_ATALAIA_SR_1_CPRM", "munic": "ATALAIA", "grau_risco": "Alto", "distancia_km": 1.33, "chuva_24h": 0.5, "chuva_72h": 3.0, "fonte_estacao": "openmeteo", "codigo_estacao": "openmeteo", "nome_estacao": "Open-Meteo (célula de grade)" }, "geometry": { "type": "Polygon", "coordinates": [ [ [ -36.026977973999969, -9.501363979692341 ], [ -36.026980666999975, -9.501337348692314 ], [ -36.026963237999944, -9.501312334692349 ], [ -36.026948504999943, -9.501291189692346 ], [ -36.02693394399995, -9.501270291692348 ], [ -36.026907187999946, -9.501240085692324 ], [ -36.026886090999938, -9.50120975669236 ], [ -36.026866933999933, -9.501183029692328 ], [ -36.026847564999969, -9.501161749692326 ], [ -36.026831242999947, -9.501131874692337 ], [ -36.026869474999963, -9.501119503692367 ], [ -36.026919413999963, -9.501103343692339 ], [ -36.027002785999969, -9.501076365692345 ], [ -36.027055534999931, -9.501063514692337 ], [ -36.027109899999964, -9.501051787692324 ], [ -36.027181408999972, -9.501036362692364 ], [ -36.02723028999997, -9.50102581969233 ], [ -36.027287025999954, -9.501025189692347 ], [ -36.027375449999965, -9.501027360692353 ], [ -36.027426461999937, -9.501032767692353 ], [ -36.027480271999934, -9.501043391692322 ], [ -36.027550364999968, -9.501064686692329 ], [ -36.027616445999968, -9.50108884369237 ], [ -36.027675089999946, -9.501112476692327 ], [ -36.027728305999972, -9.501139216692337 ], [ -36.027817935999963, -9.501193047692334 ], [ -36.027872492999961, -9.501228490692338 ], [ -36.027910445999972, -9.501260440692333 ], [ -36.02801960599993, -9.501357219692316 ], [ -36.028079958999967, -9.501415127692347 ], [ -36.02817035299995, -9.501510629692307 ], [ -36.02823331899998, -9.501580956692312 ], [ -36.02830733299993, -9.501682195692311 ], [ -36.028365203999954, -9.501761353692316 ], [ -36.028443572999947, -9.501868868692329 ], [ -36.028474752999955, -9.501911644692317 ], [ -36.028507007999963, -9.501949707692296 ], [ -36.02854083099993, -9.501986160692301 ], [ -36.02858246399996, -9.502031029692322 ], [ -36.028606248999949, -9.502056663692315 ], [ -36.028626126999939, -9.50207868469232 ], [ -36.02863462199997, -9.502088312692306 ], [ -36.028648634999968, -9.502123133692288 ], [ -36.028655905999983, -9.50215739769231 ], [ -36.028639421999962, -9.502205406692319 ], [ -36.028623823999965, -9.502235546692294 ], [ -36.028608649999967, -9.502253058692299 ], [ -36.028568355999937, -9.502266539692291 ], [ -36.028554287999953, -9.502271245692322 ], [ -36.028540369999973, -9.502309875692323 ], [ -36.028530097999976, -9.502338384692322 ], [ -36.028534897999975, -9.502356971692326 ], [ -36.028544359999955, -9.502393600692292 ], [ -36.028554907999933, -9.502408878692329 ], [ -36.028579924999974, -9.50244511069228 ], [ -36.028603638999982, -9.502479456692287 ], [ -36.028619168999967, -9.502488597692302 ], [ -36.028658686999961, -9.502511858692325 ], [ -36.028675070999952, -9.502521502692316 ], [ -36.028707179999969, -9.502526498692287 ], [ -36.028719690999935, -9.502518816692294 ], [ -36.028721384999976, -9.502517776692327 ], [ -36.028734794999934, -9.502509542692319 ], [ -36.028752270999973, -9.502510719692323 ], [ -36.028772929999946, -9.502507906692292 ], [ -36.028799624999976, -9.502515688692302 ], [ -36.028820423999946, -9.502554014692283 ], [ -36.02882692999998, -9.50261151669228 ], [ -36.028817704999938, -9.502668731692307 ], [ -36.028813734999972, -9.502714255692275 ], [ -36.02880496399996, -9.502721195692329 ], [ -36.028784250999934, -9.502737587692289 ], [ -36.028741792999931, -9.502769134692276 ], [ -36.028684521999935, -9.502805945692311 ], [ -36.028643528999972, -9.50281478469228 ], [ -36.02861604799994, -9.502811146692274 ], [ -36.028586637999986, -9.502790646692265 ], [ -36.028572986999961, -9.502768034692313 ], [ -36.028553453999962, -9.502734455692266 ], [ -36.028532612999982, -9.502695778692312 ], [ -36.028521671999954, -9.502656684692319 ], [ -36.028519424999956, -9.502638441692319 ], [ -36.028525409999929, -9.50262291169228 ], [ -36.028527247999932, -9.502611823692275 ], [ -36.028512952999961, -9.502587273692299 ], [ -36.028479691999962, -9.502569605692299 ], [ -36.028465444999938, -9.502567514692295 ], [ -36.028435274999943, -9.502566214692294 ], [ -36.02838103299996, -9.502559002692273 ], [ -36.028359330999933, -9.502553903692313 ], [ -36.028335750999936, -9.502527110692293 ], [ -36.028327240999943, -9.502513395692279 ], [ -36.028305757999931, -9.502502791692317 ], [ -36.028261863999937, -9.502489055692292 ], [ -36.028256380999949, -9.502481023692313 ], [ -36.028238137999949, -9.502433375692293 ], [ -36.02821327099997, -9.502431009692302 ], [ -36.028206338999951, -9.502412227692323 ], [ -36.028201879999976, -9.502382456692303 ], [ -36.028208897999946, -9.502354199692311 ], [ -36.028212420999978, -9.502340010692294 ], [ -36.028215244999956, -9.502328641692307 ], [ -36.028237014999945, -9.502316423692314 ], [ -36.02825276599998, -9.502307583692293 ], [ -36.02827135299998, -9.502297151692282 ], [ -36.028268013999934, -9.502276328692279 ], [ -36.028268398999955, -9.502243226692308 ], [ -36.028270306999957, -9.502227464692332 ], [ -36.028301818999978, -9.502209412692304 ], [ -36.028326852999953, -9.502183495692284 ], [ -36.02831754999994, -9.502160268692306 ], [ -36.028292009999973, -9.502121775692327 ], [ -36.028251060999935, -9.502060059692324 ], [ -36.028226138999962, -9.502023930692303 ], [ -36.028185058999952, -9.501964377692335 ], [ -36.028142937999974, -9.501924089692301 ], [ -36.027999706999935, -9.501770160692343 ], [ -36.027875428999941, -9.501635739692302 ], [ -36.027810805999934, -9.501557028692348 ], [ -36.027673960999948, -9.50146360069234 ], [ -36.027597772999968, -9.501415549692311 ], [ -36.027559659999952, -9.501392209692328 ], [ -36.027502158999937, -9.501531490692361 ], [ -36.027414836999974, -9.501484177692317 ], [ -36.027366573999984, -9.501459862692363 ], [ -36.027309940999942, -9.501426067692321 ], [ -36.027263184999988, -9.50142542369232 ], [ -36.027215944999966, -9.501427264692341 ], [ -36.027184386999977, -9.50143492169231 ], [ -36.027144303999933, -9.501452565692334 ], [ -36.027132828999974, -9.501460466692338 ], [ -36.027084211999984, -9.501517930692343 ], [ -36.027053320999983, -9.501557690692335 ], [ -36.02704069899994, -9.501563791692332 ], [ -36.027027327999974, -9.501570254692316 ], [ -36.02699486299997, -9.501568700692317 ], [ -36.02696711699997, -9.501552521692322 ], [ -36.02694927299995, -9.501521111692352 ], [ -36.026941037999961, -9.501501792692309 ], [ -36.026953016999983, -9.50147225069232 ], [ -36.026953635999966, -9.501449653692323 ], [ -36.02695430499994, -9.501428975692328 ], [ -36.026962633999972, -9.501395724692333 ], [ -36.026977973999969, -9.501363979692341 ] ] ] } },
{ "type": "Feature", "properties": { "num_setor": "AL_ATALAIA_SR_2_CPRM", "munic": "ATALAIA", "grau_risco": "Alto", "distancia_km": 1.31, "chuva_24h": 0.5, "chuva_72h": 3.0, "fonte_estacao": "openmeteo", "codigo_estacao": "openmeteo", "nome_estacao": "Open-Meteo (célula de grade)" }, "geometry": { "type": "Polygon", "coordinates": [ [ [ -36.020071193999968, -9.50779295069213 ], [ -36.020060484999938, -9.507770611692132 ], [ -36.020056480999983, -9.507750608692152 ], [ -36.020057255, -9.507730348692116 ], [ -36.020064468999976, -9.507713391692157 ], [ -36.020075342999966, -9.507697064692131 ], [ -36.020099002999984, -9.507687980692133 ], [ -36.020135655999979, -9.507683844692162 ], [ -36.020182781999949, -9.507680997692141 ], [ -36.020223488999932, -9.50767840669214 ], [ -36.02027196399996, -9.507674552692146 ], [ -36.020309169999955, -9.507671465692161 ], [ -36.02034673899994, -9.507674462692133 ], [ -36.020421231999933, -9.507678571692164 ], [ -36.020463778999954, -9.507682565692159 ], [ -36.020508599999971, -9.507689508692124 ], [ -36.020507012999929, -9.50770955469215 ], [ -36.020505263999951, -9.507731650692167 ], [ -36.02048708399996, -9.507764466692144 ], [ -36.020468297999969, -9.507783012692125 ], [ -36.02045381399995, -9.507797312692151 ], [ -36.020437018999985, -9.507813892692116 ], [ -36.02041655499994, -9.507823508692118 ], [ -36.020399442999974, -9.507831548692128 ], [ -36.020379905999967, -9.507840727692143 ], [ -36.020358560999966, -9.507850757692138 ], [ -36.020342126999935, -9.507861881692113 ], [ -36.020323348999966, -9.507874592692122 ], [ -36.020294809999939, -9.507890237692143 ], [ -36.020287670999949, -9.507894150692136 ], [ -36.020259302999932, -9.507889017692143 ], [ -36.02024767599994, -9.507883193692114 ], [ -36.02023621799998, -9.507877454692151 ], [ -36.020222192999938, -9.507857389692152 ], [ -36.020198080999933, -9.507835387692115 ], [ -36.020186507999938, -9.507826755692113 ], [ -36.020168168999923, -9.50781480769216 ], [ -36.020146434999958, -9.507805741692144 ], [ -36.020131782999954, -9.507806096692139 ], [ -36.020110426999963, -9.507806614692123 ], [ -36.02009297799998, -9.507806531692141 ], [ -36.020071193999968, -9.50779295069213 ] ] ] } },
{ "type": "Feature", "properties": { "num_setor": "AL_MACEIO_SR_24_CPRM", "munic": "MACEIÓ", "grau_risco": "Alto", "distancia_km": 1.28, "chuva_24h": 0.9, "chuva_72h": 7.0, "fonte_estacao": "openmeteo", "codigo_estacao": "openmeteo", "nome_estacao": "Open-Meteo (célula de grade)" }, "geometry": { "type": "Polygon", "coordinates": [ [ [ -35.746734762999949, -9.636668031688105 ], [ -35.746759232999977, -9.636556076688141 ], [ -35.746835497999939, -9.636274596688139 ], [ -35.746858298999939, -9.636200189688138 ], [ -35.746896104999962, -9.636021788688119 ], [ -35.746920011999975, -9.635961318688121 ], [ -35.746962775999975, -9.635863669688131 ], [ -35.74700224399993, -9.635779612688152 ], [ -35.747021981999978, -9.635752676688167 ], [ -35.747091258999944, -9.63565813368813 ], [ -35.747127071999955, -9.63560926068816 ], [ -35.74717181799997, -9.635507363688181 ], [ -35.747209494999936, -9.635402581688144 ], [ -35.747257006999973, -9.635287244688184 ], [ -35.747273186999962, -9.635255218688146 ], [ -35.747303687999931, -9.635194844688156 ], [ -35.747329793999938, -9.635156634688151 ], [ -35.747414922999958, -9.635032034688161 ], [ -35.747483593999959, -9.634923610688194 ], [ -35.747513453999943, -9.634874310688208 ], [ -35.747577579999984, -9.63481139168819 ], [ -35.74761203099996, -9.634777589688174 ], [ -35.747676288999969, -9.63470217868816 ], [ -35.747694571999951, -9.634667622688161 ], [ -35.747739983999963, -9.634581788688211 ], [ -35.747805242999959, -9.63446041468821 ], [ -35.747859072999972, -9.634387906688199 ], [ -35.747942033999948, -9.634384802688169 ], [ -35.747960973999966, -9.6342815506882 ], [ -35.747994872999982, -9.634137710688183 ], [ -35.748025060999964, -9.634057684688209 ], [ -35.748087713999951, -9.633974230688226 ], [ -35.748142499999979, -9.633887568688223 ], [ -35.748242948999973, -9.633927477688227 ], [ -35.748179533999974, -9.634088104688184 ], [ -35.748070401999939, -9.634364531688188 ], [ -35.747913629999971, -9.634761632688152 ], [ -35.74783421799998, -9.634962779688189 ], [ -35.747922923999965, -9.634995216688148 ], [ -35.747844151999971, -9.635188443688149 ], [ -35.747676909999939, -9.635595976688178 ], [ -35.747535295999967, -9.635931307688141 ], [ -35.747454136999977, -9.636123484688122 ], [ -35.747408073999964, -9.636221025688119 ], [ -35.747379198999965, -9.636279437688156 ], [ -35.74731788899993, -9.636403457688134 ], [ -35.747267173999944, -9.636506047688115 ], [ -35.747184726999933, -9.636688682688098 ], [ -35.747139451999935, -9.636792124688109 ], [ -35.747037701999943, -9.637024601688102 ], [ -35.747005209999941, -9.637078052688082 ], [ -35.746934978999953, -9.63719358568812 ], [ -35.746868009999957, -9.637303752688117 ], [ -35.746825908999938, -9.637373010688119 ], [ -35.746776023999985, -9.637473951688076 ], [ -35.746683150999957, -9.637661880688066 ], [ -35.746549132999974, -9.637765775688116 ], [ -35.746538786999963, -9.637795967688117 ], [ -35.746520492999935, -9.637849352688104 ], [ -35.746496387999976, -9.637919694688071 ], [ -35.746474733999953, -9.637982888688068 ], [ -35.746428471999934, -9.638117889688058 ], [ -35.746340472999968, -9.638246785688093 ], [ -35.746275413999967, -9.63834207768805 ], [ -35.746222140999976, -9.638420108688095 ], [ -35.74630317499998, -9.63846443568805 ], [ -35.746213065999939, -9.638614990688044 ], [ -35.746126084999958, -9.638684730688063 ], [ -35.746092965999935, -9.638741991688056 ], [ -35.746032191999973, -9.638847068688056 ], [ -35.74596131, -9.638955056688072 ], [ -35.745856234999955, -9.639096988688028 ], [ -35.745788134999941, -9.639188975688047 ], [ -35.745745299999953, -9.639273950688038 ], [ -35.745666860999961, -9.639429556688054 ], [ -35.745584003999959, -9.639594883688039 ], [ -35.745457114999965, -9.639851145688025 ], [ -35.745375434999978, -9.640016102688001 ], [ -35.74530574299996, -9.640026680688004 ], [ -35.745229997999957, -9.64009248668801 ], [ -35.745157029999973, -9.640202740688 ], [ -35.745089564999944, -9.640313897687987 ], [ -35.745012741999979, -9.640453066688007 ], [ -35.744952224999963, -9.640566741688025 ], [ -35.744904365999957, -9.640656640688011 ], [ -35.744830552999929, -9.640795290688002 ], [ -35.744726909999933, -9.640989975687992 ], [ -35.744652613999968, -9.641127051687974 ], [ -35.744595914999934, -9.641231663688004 ], [ -35.744465373999965, -9.641472513687944 ], [ -35.74432925699994, -9.641723651687951 ], [ -35.74424038099994, -9.641681973687954 ], [ -35.74417844799995, -9.64165292968798 ], [ -35.744119055999931, -9.641640428687966 ], [ -35.744072137999972, -9.641630552687982 ], [ -35.74403381999997, -9.641599490687984 ], [ -35.743992250999952, -9.641565794687979 ], [ -35.743957887999947, -9.641537938687947 ], [ -35.743941392999936, -9.641512200687973 ], [ -35.743913225999961, -9.641468251687998 ], [ -35.743889287999934, -9.641430899687949 ], [ -35.743937077999931, -9.641353551687965 ], [ -35.744000771999936, -9.64125046168798 ], [ -35.744048729999975, -9.641153168687978 ], [ -35.74409107699995, -9.64106726068797 ], [ -35.744124563999947, -9.640999324687971 ], [ -35.744163206999929, -9.640945168688003 ], [ -35.744215020999945, -9.640872553687975 ], [ -35.74425314399997, -9.640819125687978 ], [ -35.744290505999977, -9.640741768687974 ], [ -35.744339072999935, -9.640641214688003 ], [ -35.744370926999977, -9.640575261688019 ], [ -35.744397922999944, -9.640519367688007 ], [ -35.744445884999948, -9.640446767687996 ], [ -35.74449319799993, -9.640375146687981 ], [ -35.74453503999996, -9.640311809688017 ], [ -35.744587749999937, -9.640232019687986 ], [ -35.744751703999952, -9.639991311688021 ], [ -35.744830676999982, -9.639876263688024 ], [ -35.744965240999939, -9.63967533668805 ], [ -35.745049736999931, -9.639544682688024 ], [ -35.745116072999963, -9.639435144688024 ], [ -35.745168025999931, -9.639341223688056 ], [ -35.745214547999979, -9.639251336688051 ], [ -35.74526663599994, -9.639150693688055 ], [ -35.745338913999944, -9.639024911688068 ], [ -35.74538605999993, -9.638959940688036 ], [ -35.745447579999961, -9.638875160688032 ], [ -35.745494821999955, -9.638810056688049 ], [ -35.745530434999985, -9.638741094688045 ], [ -35.745564524999963, -9.638675081688072 ], [ -35.745601467999961, -9.638592203688077 ], [ -35.745654788999957, -9.638483941688056 ], [ -35.745737559999952, -9.638333918688055 ], [ -35.745877831999962, -9.638091927688063 ], [ -35.745949741999937, -9.637959066688071 ], [ -35.746009432999983, -9.637854209688074 ], [ -35.746052446999954, -9.63775665268807 ], [ -35.746074868999983, -9.637687052688113 ], [ -35.746092995999959, -9.637629440688078 ], [ -35.746130515999937, -9.637571872688099 ], [ -35.746154398999977, -9.637540504688088 ], [ -35.746199136999962, -9.637481742688108 ], [ -35.746432798999933, -9.637612022688113 ], [ -35.746465203999946, -9.63754575168808 ], [ -35.74651604099995, -9.63744178368812 ], [ -35.746572284999957, -9.637326759688101 ], [ -35.746580354999942, -9.63729292968809 ], [ -35.746598097999936, -9.637218546688125 ], [ -35.746616250999971, -9.637142445688079 ], [ -35.746633843999973, -9.637032284688132 ], [ -35.746646684999973, -9.63695187968813 ], [ -35.746674149999933, -9.636796691688128 ], [ -35.746681830999925, -9.636756495688138 ], [ -35.74672086299995, -9.636764536688148 ], [ -35.746734762999949, -9.636668031688105 ] ] ] } },
{ "type": "Feature", "properties": { "num_setor": "AL_MACEIO_SR_25_CPRM", "munic": "MACEIÓ", "grau_risco": "Alto", "distancia_km": 1.53, "chuva_24h": 0.9, "chuva_72h": 6.0, "fonte_estacao": "openmeteo", "codigo_estacao": "openmeteo", "nome_estacao": "Open-Meteo (célula de grade)" }, "geometry": { "type": "Polygon", "coordinates": [ [ [ -35.731965034999973, -9.613387809688847 ], [ -35.731974567999941, -9.61331802768888 ], [ -35.732091938999929, -9.613215418688869 ], [ -35.732215728999961, -9.613252933688846 ], [ -35.732233396999959, -9.613271799688849 ], [ -35.732265922999943, -9.613306529688833 ], [ -35.732303366999922, -9.613327975688831 ], [ -35.732348728999966, -9.613355311688846 ], [ -35.732365194999943, -9.613363819688855 ], [ -35.732391509999957, -9.613394749688835 ], [ -35.732407917999986, -9.613414034688839 ], [ -35.732459290999941, -9.613460617688871 ], [ -35.732492142999952, -9.613478233688848 ], [ -35.732456407999962, -9.613543015688826 ], [ -35.732489301999976, -9.613603875688842 ], [ -35.732547788999973, -9.613651620688863 ], [ -35.732538459999944, -9.613667216688828 ], [ -35.732513231999974, -9.613709388688832 ], [ -35.732474452999952, -9.613742309688842 ], [ -35.732442287999959, -9.613770580688804 ], [ -35.732434447999935, -9.613787415688863 ], [ -35.732418274999937, -9.613822144688854 ], [ -35.732402420999961, -9.613848594688863 ], [ -35.732374605999951, -9.613894997688863 ], [ -35.732297654999961, -9.613917893688816 ], [ -35.732220187999928, -9.613940944688848 ], [ -35.732132265999951, -9.613967105688836 ], [ -35.732083881999984, -9.613824449688867 ], [ -35.732031173999921, -9.613791533688854 ], [ -35.731976064999969, -9.613757117688849 ], [ -35.731912296999951, -9.613762553688828 ], [ -35.731874485999981, -9.613760005688835 ], [ -35.731832409999981, -9.613757170688858 ], [ -35.731800482999972, -9.613755019688806 ], [ -35.731751250999942, -9.613751701688832 ], [ -35.73167417999997, -9.613758219688847 ], [ -35.731587627999943, -9.613767888688852 ], [ -35.73154131999997, -9.613763487688843 ], [ -35.731461018999937, -9.613755854688842 ], [ -35.731464485999936, -9.613694860688828 ], [ -35.73146849699998, -9.613624315688856 ], [ -35.731474198999933, -9.613544933688834 ], [ -35.731481488999975, -9.613481818688856 ], [ -35.731486313999937, -9.613440040688825 ], [ -35.73149405199996, -9.613427231688824 ], [ -35.73151365199994, -9.613394784688865 ], [ -35.731600191, -9.613401714688848 ], [ -35.731657120999955, -9.613405298688859 ], [ -35.731693484999937, -9.613407586688817 ], [ -35.731725390999948, -9.613414718688832 ], [ -35.731765334999977, -9.613423646688826 ], [ -35.731796860999957, -9.613418707688819 ], [ -35.731912926999939, -9.613436946688861 ], [ -35.731965034999973, -9.613387809688847 ] ] ] } },
{ "type": "Feature", "properties": { "num_setor": "AL_MACEIO_SR_22_CPRM", "munic": "MACEIÓ", "grau_risco": "Muito alto", "distancia_km": 1.27, "chuva_24h": 0.9, "chuva_72h": 6.0, "fonte_estacao": "openmeteo", "codigo_estacao": "openmeteo", "nome_estacao": "Open-Meteo (célula de grade)" }, "geometry": { "type": "Polygon", "coordinates": [ [ [ -35.733804531999965, -9.564624726690377 ], [ -35.733864451999978, -9.564624191690347 ], [ -35.733900078999966, -9.56458377769034 ], [ -35.733887896999931, -9.564529406690365 ], [ -35.73387361999994, -9.564417572690378 ], [ -35.733877222999979, -9.564243842690347 ], [ -35.734005655999965, -9.56423756869037 ], [ -35.734004479999953, -9.564277826690384 ], [ -35.733995147999963, -9.564393677690347 ], [ -35.734064977999942, -9.56447988569038 ], [ -35.734122352999968, -9.564558744690359 ], [ -35.734179181999934, -9.564574392690348 ], [ -35.734239077999966, -9.564592924690359 ], [ -35.734283029999972, -9.564643880690348 ], [ -35.73427609099997, -9.564746961690364 ], [ -35.734262757999943, -9.564823265690372 ], [ -35.734246921999954, -9.564896471690334 ], [ -35.734238782999967, -9.564979077690365 ], [ -35.734223501999963, -9.565062620690377 ], [ -35.734205437999947, -9.565076542690376 ], [ -35.734173754999972, -9.565099915690356 ], [ -35.734119636999935, -9.565066221690326 ], [ -35.734068228999945, -9.565068365690333 ], [ -35.734031281999933, -9.565078895690327 ], [ -35.733997433999946, -9.565096670690336 ], [ -35.733979491999946, -9.565097787690338 ], [ -35.733941218999981, -9.56510016869035 ], [ -35.733902866999983, -9.565079403690362 ], [ -35.733869498999979, -9.565066487690356 ], [ -35.733833440999945, -9.565059628690362 ], [ -35.73381401499995, -9.565043772690361 ], [ -35.733787194999934, -9.565014744690329 ], [ -35.733770645999982, -9.564989504690368 ], [ -35.733746054999983, -9.564982243690361 ], [ -35.733725896999943, -9.565164534690346 ], [ -35.733704058999933, -9.565163946690362 ], [ -35.733678510999944, -9.565163258690367 ], [ -35.733646026999963, -9.565145511690357 ], [ -35.733652800999948, -9.565103161690351 ], [ -35.733658774999981, -9.565065818690325 ], [ -35.733661310999935, -9.56503710769036 ], [ -35.733655517999985, -9.564982006690371 ], [ -35.733673881999948, -9.564921613690366 ], [ -35.733685892999972, -9.564882113690347 ], [ -35.733682271999953, -9.564853724690385 ], [ -35.733662805999984, -9.564860855690339 ], [ -35.733593379999952, -9.564891005690326 ], [ -35.733564031999947, -9.564903188690357 ], [ -35.733528293999939, -9.564929296690343 ], [ -35.733468371999948, -9.564938976690341 ], [ -35.733467990999941, -9.564895832690384 ], [ -35.733461835999947, -9.564794330690388 ], [ -35.733472628999948, -9.564745807690345 ], [ -35.733498775999976, -9.564706238690382 ], [ -35.733515003999969, -9.564682248690342 ], [ -35.733513421999923, -9.564630158690345 ], [ -35.733533216999945, -9.564605007690357 ], [ -35.733572668999962, -9.564605748690369 ], [ -35.733676338999942, -9.564626660690395 ], [ -35.733804531999965, -9.564624726690377 ] ] ] } },
{ "type": "Feature", "properties": { "num_setor": "AL_MACEIO_SR_23_CPRM", "munic": "MACEIÓ", "grau_risco": "Alto", "distancia_km": 0.96, "chuva_24h": 0.9, "chuva_72h": 6.0, "fonte_estacao": "openmeteo", "codigo_estacao": "openmeteo", "nome_estacao": "Open-Meteo (célula de grade)" }, "geometry": { "type": "Polygon", "coordinates": [ [ [ -35.737854278999976, -9.565012209690369 ], [ -35.737936074999936, -9.564924226690353 ], [ -35.738010152999948, -9.56489971169035 ], [ -35.738158990999978, -9.564850454690347 ], [ -35.738304748999944, -9.564818994690347 ], [ -35.738371261999923, -9.564859519690378 ], [ -35.738402951999944, -9.564926839690347 ], [ -35.738469477999956, -9.565068160690339 ], [ -35.738564741999937, -9.565041004690363 ], [ -35.738667283999973, -9.565019960690362 ], [ -35.738788795999938, -9.564995024690374 ], [ -35.738903733999962, -9.564985725690372 ], [ -35.738924535999963, -9.564989402690371 ], [ -35.739004205999947, -9.56500548969038 ], [ -35.739091787999939, -9.565026094690351 ], [ -35.739160996999942, -9.565048344690378 ], [ -35.73912343999995, -9.565138267690335 ], [ -35.739158316999976, -9.565158746690338 ], [ -35.739180549999958, -9.565161789690331 ], [ -35.739247567999939, -9.565170962690351 ], [ -35.739329233999968, -9.565182139690327 ], [ -35.73938325499995, -9.565189534690338 ], [ -35.739445202999946, -9.56519801269032 ], [ -35.739493461999977, -9.565210665690321 ], [ -35.739567412999975, -9.565230055690357 ], [ -35.739686604999974, -9.565261307690342 ], [ -35.73978649299994, -9.565311001690315 ], [ -35.739883090999967, -9.565359058690337 ], [ -35.739945225999968, -9.565389969690347 ], [ -35.740028775999981, -9.565443960690358 ], [ -35.740026143999955, -9.565570460690319 ], [ -35.739892649999945, -9.565542809690342 ], [ -35.739864706999981, -9.56553179369037 ], [ -35.739766784999972, -9.565493290690325 ], [ -35.73971245499996, -9.565472075690323 ], [ -35.739666640999936, -9.56545418569034 ], [ -35.739651887999969, -9.565451947690361 ], [ -35.739612177999959, -9.565445923690346 ], [ -35.739590996999937, -9.565442710690332 ], [ -35.739559014999941, -9.56532504469034 ], [ -35.739505164999969, -9.565313563690339 ], [ -35.73945669699998, -9.565303229690318 ], [ -35.739391057999967, -9.565289234690356 ], [ -35.739284340999973, -9.565270508690354 ], [ -35.739218739999956, -9.56525985169033 ], [ -35.739145716999921, -9.565246643690349 ], [ -35.739086640999965, -9.565234498690325 ], [ -35.738992252999942, -9.565234309690332 ], [ -35.739003343999968, -9.565192969690337 ], [ -35.738678634999928, -9.565221343690345 ], [ -35.73852945799996, -9.565255019690333 ], [ -35.738438795999969, -9.56529957469032 ], [ -35.738244033999941, -9.565395286690336 ], [ -35.738024408999934, -9.565485518690322 ], [ -35.737927114999934, -9.565533005690339 ], [ -35.737797461999946, -9.565604188690324 ], [ -35.737551975999963, -9.565740338690322 ], [ -35.737395907999939, -9.56582758369035 ], [ -35.73725245899994, -9.565873109690301 ], [ -35.737123782999959, -9.565930269690341 ], [ -35.737009532999934, -9.565990683690302 ], [ -35.736735847999967, -9.5661138526903 ], [ -35.736539862999962, -9.566212052690323 ], [ -35.736358248999977, -9.566296712690281 ], [ -35.736201906999952, -9.566355962690341 ], [ -35.736123138999972, -9.566363805690331 ], [ -35.736042616999953, -9.566371822690295 ], [ -35.735979428999933, -9.566359803690302 ], [ -35.735861184999976, -9.566337311690333 ], [ -35.735795786999972, -9.56630480269034 ], [ -35.735734864999984, -9.56627451769031 ], [ -35.735699091999948, -9.566234867690346 ], [ -35.735652228999989, -9.566182924690322 ], [ -35.735638623999932, -9.566103957690293 ], [ -35.735706027999989, -9.566080645690299 ], [ -35.735793532999935, -9.566100671690307 ], [ -35.73585210799996, -9.566097026690322 ], [ -35.735972814999968, -9.566089514690301 ], [ -35.736125105999974, -9.566084267690307 ], [ -35.736203721999978, -9.566058838690305 ], [ -35.736323203999973, -9.566014473690293 ], [ -35.736401498999953, -9.565912785690326 ], [ -35.73652670599995, -9.565769921690341 ], [ -35.736610624999969, -9.565679257690313 ], [ -35.736692208999955, -9.565609361690358 ], [ -35.736837031999983, -9.565527506690341 ], [ -35.736977207999985, -9.565480733690334 ], [ -35.737066410999944, -9.565432293690339 ], [ -35.737132389999942, -9.56539646469032 ], [ -35.737249509999963, -9.565298548690368 ], [ -35.737352561999948, -9.565260729690367 ], [ -35.737480155999947, -9.565234472690365 ], [ -35.737581243999955, -9.565208146690356 ], [ -35.737660801999944, -9.565129864690357 ], [ -35.737732464999965, -9.565088591690342 ], [ -35.737854278999976, -9.565012209690369 ] ] ] } },
{ "type": "Feature", "properties": { "num_setor": "AL_MACEIO_SR_4_CPRM", "munic": "MACEIÓ", "grau_risco": "Alto", "distancia_km": 1.13, "chuva_24h": 0.9, "chuva_72h": 7.0, "fonte_estacao": "openmeteo", "codigo_estacao": "openmeteo", "nome_estacao": "Open-Meteo (célula de grade)" }, "geometry": { "type": "Polygon", "coordinates": [ [ [ -35.739063173999966, -9.655816909687521 ], [ -35.739121654999963, -9.655654712687516 ], [ -35.739147441999933, -9.655519444687561 ], [ -35.739176309999948, -9.655503842687548 ], [ -35.739303409999927, -9.655535957687562 ], [ -35.739394939999954, -9.65557226968752 ], [ -35.739502175999974, -9.655609511687537 ], [ -35.739626018999957, -9.655653954687516 ], [ -35.73960240699995, -9.655705051687548 ], [ -35.739553128999944, -9.655822147687539 ], [ -35.739539388999958, -9.655853053687547 ], [ -35.739491261999937, -9.655961308687532 ], [ -35.739379518999954, -9.655935489687504 ], [ -35.739341033999949, -9.656048589687527 ], [ -35.739249245999929, -9.656019395687538 ], [ -35.739234876999944, -9.656056678687527 ], [ -35.739224583999942, -9.656083384687493 ], [ -35.739192784999943, -9.656165893687531 ], [ -35.739190897999947, -9.656200394687493 ], [ -35.739187662999939, -9.656259541687486 ], [ -35.73918426399996, -9.656321675687506 ], [ -35.739217426999971, -9.65633322568751 ], [ -35.739246109999961, -9.656343215687484 ], [ -35.739268433999939, -9.656390311687485 ], [ -35.739265327999931, -9.656429435687494 ], [ -35.739261085999942, -9.656482873687505 ], [ -35.739257886999958, -9.656523180687509 ], [ -35.739271696999943, -9.656565579687499 ], [ -35.739281626999968, -9.656596065687513 ], [ -35.739266707999946, -9.656625752687505 ], [ -35.739235648999966, -9.656683751687478 ], [ -35.739266826999931, -9.656688882687508 ], [ -35.739296739999929, -9.656693804687523 ], [ -35.739345546999971, -9.656701836687505 ], [ -35.739306572999965, -9.656780728687473 ], [ -35.739280315999963, -9.65683387768747 ], [ -35.739204042, -9.656994504687479 ], [ -35.739163626999982, -9.657098889687465 ], [ -35.739135034999947, -9.657172732687515 ], [ -35.739085993999936, -9.657299395687454 ], [ -35.739044715999967, -9.657418189687458 ], [ -35.739007825999977, -9.657528829687452 ], [ -35.738985258999946, -9.657596512687448 ], [ -35.738958524999923, -9.657638229687493 ], [ -35.738930170999929, -9.657682473687469 ], [ -35.738922805999948, -9.657735978687459 ], [ -35.738915170999981, -9.657791439687436 ], [ -35.738903919999984, -9.657873171687447 ], [ -35.738884205999966, -9.65801638268746 ], [ -35.738861141999962, -9.658207412687451 ], [ -35.738845257999969, -9.658338980687423 ], [ -35.738827162999939, -9.658488845687451 ], [ -35.738809319999966, -9.658636635687413 ], [ -35.738784702999965, -9.658800470687435 ], [ -35.738770454999951, -9.658895294687456 ], [ -35.738746502999959, -9.659054698687441 ], [ -35.738733302999947, -9.6591425466874 ], [ -35.738714898999945, -9.6592650276874 ], [ -35.738553256999978, -9.659228419687446 ], [ -35.738434025999936, -9.659201416687431 ], [ -35.73844667099997, -9.659149077687401 ], [ -35.738463054999954, -9.659081260687397 ], [ -35.738500199999976, -9.658999088687436 ], [ -35.738518787999965, -9.658957968687449 ], [ -35.738520136999973, -9.658947937687401 ], [ -35.738529230999973, -9.658901206687402 ], [ -35.738537158999975, -9.658860470687443 ], [ -35.738536858999964, -9.65880409268744 ], [ -35.738483391999978, -9.658790733687463 ], [ -35.738439351999943, -9.658765527687438 ], [ -35.738439685999936, -9.658762992687414 ], [ -35.73847144299998, -9.658701991687463 ], [ -35.738488857999982, -9.658639434687426 ], [ -35.738496618999932, -9.658611558687436 ], [ -35.738495262999947, -9.658550669687443 ], [ -35.738493946999938, -9.658491597687446 ], [ -35.738512748999938, -9.658422674687429 ], [ -35.738517280999929, -9.658406064687444 ], [ -35.738530078999929, -9.658359152687433 ], [ -35.738511916999983, -9.658315089687468 ], [ -35.738557103999938, -9.658230552687455 ], [ -35.738604435999946, -9.65814200268747 ], [ -35.738619821999976, -9.658096453687477 ], [ -35.738658480999966, -9.657945672687481 ], [ -35.738684371999966, -9.657765565687475 ], [ -35.738695609999979, -9.657643691687484 ], [ -35.738697707999968, -9.657581091687451 ], [ -35.738700200999972, -9.657506716687449 ], [ -35.738712450999969, -9.657402534687485 ], [ -35.738730986999947, -9.6573111146875 ], [ -35.738762062999967, -9.657177388687494 ], [ -35.738809194999931, -9.657025644687517 ], [ -35.738884331999941, -9.656807150687504 ], [ -35.738905995999971, -9.656724474687524 ], [ -35.738898018999976, -9.656660330687503 ], [ -35.738891390999981, -9.656596396687483 ], [ -35.738884679999948, -9.656531654687525 ], [ -35.738892317999955, -9.656451747687488 ], [ -35.738901419999934, -9.656356527687503 ], [ -35.738920200999985, -9.656265778687523 ], [ -35.738957925999955, -9.656132129687506 ], [ -35.738992218999954, -9.656027514687517 ], [ -35.739023591999974, -9.655937969687541 ], [ -35.739063173999966, -9.655816909687521 ] ] ] } },
{ "type": "Feature", "properties": { "num_setor": "AL_MACEIO_SR_5_CPRM", "munic": "MACEIÓ", "grau_risco": "Muito alto", "distancia_km": 0.89, "chuva_24h": 0.9, "chuva_72h": 7.0, "fonte_estacao": "openmeteo", "codigo_estacao": "openmeteo", "nome_estacao": "Open-Meteo (célula de grade)" }, "geometry": { "type": "Polygon", "coordinates": [ [ [ -35.737369294999944, -9.653687999687568 ], [ -35.737401685999941, -9.653665452687612 ], [ -35.737464371999977, -9.653684096687579 ], [ -35.737538799999982, -9.653721046687613 ], [ -35.737641221999979, -9.653762052687622 ], [ -35.737721237999949, -9.653790559687586 ], [ -35.737828553999975, -9.653849325687583 ], [ -35.737883818999926, -9.653879474687573 ], [ -35.73794619399996, -9.653913501687601 ], [ -35.738029973999971, -9.653960664687578 ], [ -35.738086431999932, -9.65397829068756 ], [ -35.738174384999979, -9.654001417687585 ], [ -35.738239103999952, -9.65401510268758 ], [ -35.738252508999942, -9.654054225687599 ], [ -35.738319453999964, -9.654070689687599 ], [ -35.73836572099998, -9.6540718396876 ], [ -35.738474840999963, -9.654092679687592 ], [ -35.73852403199993, -9.654105443687611 ], [ -35.738581726999939, -9.654085323687561 ], [ -35.738672896999958, -9.654087454687598 ], [ -35.738796286999964, -9.654119772687562 ], [ -35.738891674999927, -9.654159605687578 ], [ -35.73898160799996, -9.654208276687577 ], [ -35.739113174999943, -9.654294881687552 ], [ -35.73917490599996, -9.654348369687598 ], [ -35.739238228999966, -9.654362252687552 ], [ -35.73932356499995, -9.654373079687593 ], [ -35.739333588999955, -9.654390412687544 ], [ -35.739327433999961, -9.654449183687543 ], [ -35.739321980999932, -9.654501250687556 ], [ -35.739298519999984, -9.654587863687562 ], [ -35.739279361999934, -9.654658594687556 ], [ -35.73926359099994, -9.654716821687568 ], [ -35.739289370999977, -9.654721399687585 ], [ -35.739288764999969, -9.654767314687561 ], [ -35.739248435999968, -9.654774009687534 ], [ -35.739233250999973, -9.654844151687552 ], [ -35.739213998999958, -9.654933077687541 ], [ -35.739189002999979, -9.655048539687533 ], [ -35.739168543999938, -9.655143043687536 ], [ -35.739185127999974, -9.655191534687566 ], [ -35.739205344999959, -9.655314267687515 ], [ -35.739189228999976, -9.655357218687524 ], [ -35.73915680999994, -9.655443620687548 ], [ -35.739094412999975, -9.655469575687553 ], [ -35.739055502999975, -9.655485484687516 ], [ -35.739004615999924, -9.655463156687512 ], [ -35.739015507999959, -9.655411455687554 ], [ -35.738966411999968, -9.65535921668754 ], [ -35.73897509699998, -9.655295744687518 ], [ -35.738992228999955, -9.65523775468756 ], [ -35.73905045999993, -9.655043449687533 ], [ -35.739124176999958, -9.654800345687548 ], [ -35.739147991999964, -9.654721916687571 ], [ -35.739200236999977, -9.654565401687554 ], [ -35.739126436999989, -9.654476543687597 ], [ -35.739077370999951, -9.654422609687545 ], [ -35.738976697999938, -9.654366173687576 ], [ -35.73876472999995, -9.654253168687582 ], [ -35.738658802999964, -9.654196917687587 ], [ -35.738568041999933, -9.65421453868758 ], [ -35.738474389999965, -9.654221645687565 ], [ -35.738387688999978, -9.654211236687598 ], [ -35.738260492999984, -9.654183393687598 ], [ -35.73816024599995, -9.654170396687597 ], [ -35.738099826999985, -9.654137736687554 ], [ -35.738064019999968, -9.654076285687593 ], [ -35.738043823999938, -9.654035434687595 ], [ -35.737990777999983, -9.654026514687567 ], [ -35.737957542999936, -9.654007952687593 ], [ -35.737957587999972, -9.653979614687602 ], [ -35.737922286999947, -9.653975877687554 ], [ -35.737907822999944, -9.654006453687579 ], [ -35.737859661999941, -9.653991934687593 ], [ -35.737840934999952, -9.653984290687598 ], [ -35.737850097999967, -9.653951142687603 ], [ -35.737809632999983, -9.653944955687606 ], [ -35.737762073999932, -9.653938016687604 ], [ -35.737760726999959, -9.653882313687564 ], [ -35.737687931999965, -9.653872678687593 ], [ -35.737668720999977, -9.653847444687578 ], [ -35.737602094999943, -9.653805369687573 ], [ -35.737536449999936, -9.653767063687607 ], [ -35.737470347999931, -9.653754161687562 ], [ -35.737432438999974, -9.653752115687601 ], [ -35.73739046299994, -9.653757501687602 ], [ -35.737369294999944, -9.653687999687568 ] ] ] } },
{ "type": "Feature", "properties": { "num_setor": "AL_MACEIO_SR_26_CPRM", "munic": "MACEIÓ", "grau_risco": "Muito alto", "distancia_km": 1.1, "chuva_24h": 0.9, "chuva_72h": 6.0, "fonte_estacao": "openmeteo", "codigo_estacao": "openmeteo", "nome_estacao": "Open-Meteo (célula de grade)" }, "geometry": { "type": "Polygon", "coordinates": [ [ [ -35.764773954999953, -9.593314124689467 ], [ -35.764807250999979, -9.593259101689455 ], [ -35.764891467999973, -9.593357129689478 ], [ -35.764938217999934, -9.593349939689455 ], [ -35.764971565999929, -9.593402727689458 ], [ -35.764974777999953, -9.593416461689451 ], [ -35.764979301999972, -9.593435802689495 ], [ -35.765084476999952, -9.593521337689472 ], [ -35.765084461999948, -9.593567343689463 ], [ -35.765056288999972, -9.593572542689451 ], [ -35.765046156999972, -9.593595976689462 ], [ -35.765047121999942, -9.593608737689452 ], [ -35.76502854499995, -9.593610728689482 ], [ -35.765019731999985, -9.593641106689454 ], [ -35.765019980999966, -9.593688501689476 ], [ -35.764948402999948, -9.593703149689459 ], [ -35.764929028999973, -9.593723975689484 ], [ -35.764882986999964, -9.593719534689443 ], [ -35.764853405999936, -9.59372499368946 ], [ -35.764829804999977, -9.593746600689469 ], [ -35.764817465999947, -9.59376131168948 ], [ -35.764801270999953, -9.593780618689475 ], [ -35.764747116999963, -9.593817927689466 ], [ -35.764711643999931, -9.593800034689471 ], [ -35.764682604999962, -9.593762265689449 ], [ -35.764661301999979, -9.593757571689466 ], [ -35.764633384999968, -9.593787162689448 ], [ -35.764543615999969, -9.593705972689447 ], [ -35.764527532999978, -9.593621246689445 ], [ -35.764579742999956, -9.593604422689445 ], [ -35.764587682999945, -9.593554079689438 ], [ -35.764641127999937, -9.593528402689451 ], [ -35.764691137999932, -9.593493170689493 ], [ -35.764701532999936, -9.593485685689462 ], [ -35.76476678399996, -9.593437644689454 ], [ -35.764807393999945, -9.593359707689499 ], [ -35.764773954999953, -9.593314124689467 ] ] ] } },
{ "type": "Feature", "properties": { "num_setor": "AL_MACEIO_SR_3_CPRM", "munic": "MACEIÓ", "grau_risco": "Muito alto", "distancia_km": 1.59, "chuva_24h": 0.9, "chuva_72h": 6.0, "fonte_estacao": "openmeteo", "codigo_estacao": "openmeteo", "nome_estacao": "Open-Meteo (célula de grade)" }, "geometry": { "type": "Polygon", "coordinates": [ [ [ -35.744084419999979, -9.605633460689104 ], [ -35.744144896999963, -9.605523616689103 ], [ -35.744209765999983, -9.605449748689082 ], [ -35.744274057999966, -9.605412559689073 ], [ -35.744343751999963, -9.605371377689117 ], [ -35.744409966999967, -9.605263259689099 ], [ -35.744475407999978, -9.605221823689101 ], [ -35.744575419999926, -9.605218152689101 ], [ -35.74470533899995, -9.605248549689087 ], [ -35.744706409999928, -9.605348398689124 ], [ -35.744628987999931, -9.605432845689066 ], [ -35.744553235999938, -9.605515472689111 ], [ -35.744441172999984, -9.60558887268907 ], [ -35.744384792999938, -9.605625801689106 ], [ -35.744318724999971, -9.605686677689064 ], [ -35.744308710999981, -9.605736537689099 ], [ -35.744320730999959, -9.6057607206891 ], [ -35.744331889999955, -9.605783169689069 ], [ -35.744334974999958, -9.605839705689059 ], [ -35.744317811999963, -9.605895510689102 ], [ -35.744298320999974, -9.605958884689079 ], [ -35.744289613999968, -9.605987195689069 ], [ -35.744282211999973, -9.60602716268909 ], [ -35.744273762999967, -9.606072790689094 ], [ -35.744277798999974, -9.606110868689079 ], [ -35.744283907999936, -9.606168486689056 ], [ -35.744286948999957, -9.606229973689091 ], [ -35.744292136999945, -9.606334883689094 ], [ -35.74429868899994, -9.606467338689059 ], [ -35.744306660999932, -9.606628512689083 ], [ -35.744311806999974, -9.606732571689042 ], [ -35.744093387999953, -9.606750806689073 ], [ -35.743959463999943, -9.606686371689053 ], [ -35.743847076999941, -9.606632299689045 ], [ -35.743904907999934, -9.606325030689037 ], [ -35.743941466999956, -9.606130786689045 ], [ -35.74388427699995, -9.606015779689066 ], [ -35.743776837999981, -9.605959197689065 ], [ -35.743652062999956, -9.605893483689103 ], [ -35.743580810999951, -9.605855959689059 ], [ -35.743506538999952, -9.605794419689072 ], [ -35.74332181699998, -9.605641362689097 ], [ -35.74325499199994, -9.605585992689113 ], [ -35.743268331999964, -9.605529454689089 ], [ -35.743212087999943, -9.605483985689105 ], [ -35.743320699999977, -9.605367903689071 ], [ -35.743435968999961, -9.605231293689108 ], [ -35.743559854999937, -9.60533175468909 ], [ -35.743701806999979, -9.605446866689093 ], [ -35.743684293999934, -9.605545318689069 ], [ -35.74381167599995, -9.60559558568907 ], [ -35.743968841999951, -9.60565760468911 ], [ -35.744084419999979, -9.605633460689104 ] ] ] } },
{ "type": "Feature", "properties": { "num_setor": "AL_MACEIO_SR_17_CPRM", "munic": "MACEIÓ", "grau_risco": "Alto", "distancia_km": 1.5, "chuva_24h": 0.9, "chuva_72h": 6.0, "fonte_estacao": "openmeteo", "codigo_estacao": "openmeteo", "nome_estacao": "Open-Meteo (célula de grade)" }, "geometry": { "type": "Polygon", "coordinates": [ [ [ -35.704587825999965, -9.627471939688421 ], [ -35.704604298999982, -9.627413589688404 ], [ -35.704617051999939, -9.62733820268843 ], [ -35.704647441999953, -9.627283071688415 ], [ -35.70468042199996, -9.627252937688429 ], [ -35.704715860999954, -9.627220557688439 ], [ -35.704788504999954, -9.627209258688387 ], [ -35.704846868999937, -9.627188587688432 ], [ -35.704909223999948, -9.627166502688414 ], [ -35.704959296999959, -9.627170713688392 ], [ -35.705013368999971, -9.627175260688402 ], [ -35.704995470999961, -9.627224977688421 ], [ -35.704988077999928, -9.627245515688426 ], [ -35.704970073999959, -9.627295525688416 ], [ -35.704931750999947, -9.627358978688404 ], [ -35.704905373999964, -9.627402651688401 ], [ -35.70488369299995, -9.627460164688406 ], [ -35.704871166999965, -9.627533398688412 ], [ -35.704860129999929, -9.627597922688389 ], [ -35.704844355999967, -9.627633875688394 ], [ -35.704814383999974, -9.627702184688426 ], [ -35.70476956899995, -9.627804326688427 ], [ -35.704701668999974, -9.627921058688395 ], [ -35.704648363999979, -9.628012699688385 ], [ -35.704597126999936, -9.628100785688382 ], [ -35.704596011999968, -9.628131840688406 ], [ -35.704594670999938, -9.628169187688391 ], [ -35.704590003999954, -9.628195269688371 ], [ -35.704576834999955, -9.628268867688394 ], [ -35.704562483999958, -9.628337151688406 ], [ -35.704529098999956, -9.62836642668838 ], [ -35.70448718199998, -9.628403183688404 ], [ -35.704411576999966, -9.628448709688357 ], [ -35.704367118999983, -9.628490369688377 ], [ -35.704315957999938, -9.628526390688403 ], [ -35.704277900999955, -9.628553183688362 ], [ -35.704228615999966, -9.628561054688403 ], [ -35.704160292999973, -9.628571966688394 ], [ -35.704121403999984, -9.628521249688374 ], [ -35.704118671999936, -9.628459443688353 ], [ -35.70411473399998, -9.628370388688372 ], [ -35.704110982999964, -9.628285530688389 ], [ -35.704099935999977, -9.628174261688395 ], [ -35.704111113999943, -9.628059915688358 ], [ -35.704212226999971, -9.627960208688421 ], [ -35.704315774999948, -9.627858100688401 ], [ -35.704350328999965, -9.627824027688405 ], [ -35.70435017799997, -9.627813774688381 ], [ -35.704435127999943, -9.627691933688373 ], [ -35.704482589999941, -9.627623860688409 ], [ -35.704485600999931, -9.627593051688406 ], [ -35.704502023999972, -9.627531284688432 ], [ -35.704522619999977, -9.627517315688417 ], [ -35.704571453999954, -9.627537123688407 ], [ -35.704587825999965, -9.627471939688421 ] ] ] } },
{ "type": "Feature", "properties": { "num_setor": "AL_MACEIO_SR_18_CPRM", "munic": "MACEIÓ", "grau_risco": "Muito alto", "distancia_km": 0.84, "chuva_24h": 0.9, "chuva_72h": 6.0, "fonte_estacao": "openmeteo", "codigo_estacao": "openmeteo", "nome_estacao": "Open-Meteo (célula de grade)" }, "geometry": { "type": "Polygon", "coordinates": [ [ [ -35.751102596999942, -9.615604546688804 ], [ -35.751166534999989, -9.615547082688796 ], [ -35.751251102999959, -9.615504384688775 ], [ -35.751321564999955, -9.615468810688796 ], [ -35.751380731999973, -9.615421082688778 ], [ -35.751482210999939, -9.615339223688801 ], [ -35.751496763999967, -9.615309470688768 ], [ -35.751557002999959, -9.615186306688768 ], [ -35.751584824999952, -9.615129421688776 ], [ -35.751597703999941, -9.615048235688789 ], [ -35.751611575999959, -9.614941395688795 ], [ -35.751618034999979, -9.614839869688817 ], [ -35.751626490999975, -9.614691824688821 ], [ -35.751621591999942, -9.614593774688803 ], [ -35.751609943999945, -9.614423749688825 ], [ -35.751600675999946, -9.614330919688793 ], [ -35.75157726599997, -9.614271207688805 ], [ -35.751545833999955, -9.614203145688839 ], [ -35.751514447999973, -9.6141529136888 ], [ -35.751496089999932, -9.614096461688838 ], [ -35.751509690999974, -9.614038524688828 ], [ -35.75152012299997, -9.613979631688812 ], [ -35.751528431999922, -9.613932717688819 ], [ -35.751517873999944, -9.613878917688838 ], [ -35.751547502999976, -9.613821271688815 ], [ -35.751615873999981, -9.613789165688832 ], [ -35.751659626999981, -9.613741810688834 ], [ -35.751692355999978, -9.61370638768885 ], [ -35.751762213999939, -9.613650044688812 ], [ -35.751856332999978, -9.61368867468882 ], [ -35.75194145599994, -9.613743012688859 ], [ -35.751919124999972, -9.61379583568883 ], [ -35.751892901999952, -9.613857867688848 ], [ -35.751846343999944, -9.613963762688837 ], [ -35.751828848999942, -9.614013847688831 ], [ -35.751801305999948, -9.614092702688797 ], [ -35.75176952399994, -9.614214581688797 ], [ -35.751760539999957, -9.6142906816888 ], [ -35.751762270999961, -9.614380108688827 ], [ -35.751760161999982, -9.614450553688835 ], [ -35.751776424999946, -9.614496837688844 ], [ -35.751803196999958, -9.61457303068882 ], [ -35.75182948599997, -9.614646351688821 ], [ -35.751821172999939, -9.614718581688818 ], [ -35.751811, -9.614806982688789 ], [ -35.751791958999945, -9.614972443688778 ], [ -35.751769648999975, -9.615090384688811 ], [ -35.751742124999964, -9.615230756688787 ], [ -35.751708236999946, -9.615427690688806 ], [ -35.751677686999983, -9.615553493688754 ], [ -35.75165356399998, -9.615644970688757 ], [ -35.751613102999954, -9.615640505688798 ], [ -35.751580229999945, -9.615636877688795 ], [ -35.751500250999982, -9.615664972688803 ], [ -35.751488696999957, -9.615767592688748 ], [ -35.751474831999928, -9.615850873688755 ], [ -35.751456235999974, -9.615881158688783 ], [ -35.751413213999975, -9.615951223688773 ], [ -35.751377240999943, -9.616009808688741 ], [ -35.751336272999943, -9.61604430768878 ], [ -35.751272077999943, -9.616098366688755 ], [ -35.75123406299997, -9.61606040268876 ], [ -35.751201364999936, -9.616090003688754 ], [ -35.751125871999932, -9.616158349688787 ], [ -35.751071863999982, -9.616209823688752 ], [ -35.751017766999951, -9.616261381688755 ], [ -35.751085951999983, -9.616330830688774 ], [ -35.751143381999952, -9.616389325688735 ], [ -35.751042828999964, -9.61651063568873 ], [ -35.750966180999967, -9.616427712688751 ], [ -35.750900546999958, -9.616475758688763 ], [ -35.750889018999942, -9.616554793688762 ], [ -35.750903047999948, -9.616624683688727 ], [ -35.750930451999977, -9.61665147768873 ], [ -35.750989850999929, -9.616715524688747 ], [ -35.751017296999983, -9.616762615688753 ], [ -35.751064639999981, -9.616837359688761 ], [ -35.751069542999971, -9.616903016688763 ], [ -35.75107301099996, -9.616961465688746 ], [ -35.751042585999983, -9.61703057468873 ], [ -35.751015085999938, -9.617093037688733 ], [ -35.751002930999967, -9.617151800688756 ], [ -35.750990753999929, -9.617246333688733 ], [ -35.75101260699995, -9.617288143688699 ], [ -35.75104220399993, -9.617344768688712 ], [ -35.751123333999949, -9.617404673688711 ], [ -35.751213170999961, -9.617471009688746 ], [ -35.75127710199996, -9.617512156688731 ], [ -35.751333251999931, -9.617548294688712 ], [ -35.751433869999971, -9.617645339688725 ], [ -35.751476770999943, -9.617739881688721 ], [ -35.751337443999944, -9.617875817688713 ], [ -35.75126204299994, -9.617806067688694 ], [ -35.751164803999984, -9.617739930688717 ], [ -35.751081665999948, -9.617683384688728 ], [ -35.751001862999942, -9.617629106688733 ], [ -35.750937841999985, -9.617585562688742 ], [ -35.750858182999934, -9.617524163688735 ], [ -35.75076551199993, -9.617441263688743 ], [ -35.75069866399997, -9.617383623688722 ], [ -35.750646091999954, -9.617338293688748 ], [ -35.750610394999967, -9.617278927688739 ], [ -35.75057137899995, -9.617214042688712 ], [ -35.750557055999934, -9.617170504688712 ], [ -35.750532506999946, -9.617095879688742 ], [ -35.750517194999929, -9.617058260688733 ], [ -35.750491772999965, -9.616995804688719 ], [ -35.750471455999957, -9.616945890688726 ], [ -35.75045427799995, -9.616895431688766 ], [ -35.750434451999979, -9.616837192688767 ], [ -35.75043226199994, -9.616753202688761 ], [ -35.750430319999971, -9.616678739688737 ], [ -35.750437276999946, -9.616603130688766 ], [ -35.750450211999976, -9.616529684688723 ], [ -35.750486766999984, -9.616450189688768 ], [ -35.750531745999979, -9.616354261688759 ], [ -35.750583077999977, -9.616249082688764 ], [ -35.750656356999968, -9.616111390688756 ], [ -35.750686384999938, -9.616058889688787 ], [ -35.750736143999973, -9.616008574688783 ], [ -35.750879884999968, -9.616089999688739 ], [ -35.750959636999937, -9.616008717688747 ], [ -35.751004971999983, -9.61595894368876 ], [ -35.751010899999983, -9.615882886688757 ], [ -35.751012308999975, -9.61586480568875 ], [ -35.750971946999989, -9.615831273688775 ], [ -35.750925957999982, -9.615793064688757 ], [ -35.750933543999963, -9.615745973688751 ], [ -35.750987064999947, -9.615709781688773 ], [ -35.751035497999965, -9.615677029688797 ], [ -35.751102596999942, -9.615604546688804 ] ] ] } },
{ "type": "Feature", "properties": { "num_setor": "AL_MACEIO_SR_16_CPRM", "munic": "MACEIÓ", "grau_risco": "Alto", "distancia_km": 1.55, "chuva_24h": 0.9, "chuva_72h": 6.0, "fonte_estacao": "openmeteo", "codigo_estacao": "openmeteo", "nome_estacao": "Open-Meteo (célula de grade)" }, "geometry": { "type": "Polygon", "coordinates": [ [ [ -35.709838921999967, -9.631428975688271 ], [ -35.709966461999947, -9.631352898688315 ], [ -35.71001655699996, -9.631311112688325 ], [ -35.710145589999968, -9.631197258688317 ], [ -35.71022023699993, -9.631233124688276 ], [ -35.710305696999967, -9.631274185688268 ], [ -35.710384921999946, -9.63131225168827 ], [ -35.71040400499993, -9.631332844688311 ], [ -35.710454453999944, -9.631387287688263 ], [ -35.710427914999968, -9.631434060688267 ], [ -35.710378779999928, -9.631436177688281 ], [ -35.710378190999954, -9.631467889688286 ], [ -35.710359325999946, -9.631499463688275 ], [ -35.710311368999953, -9.631501520688293 ], [ -35.710261529999968, -9.631503659688292 ], [ -35.710212424999952, -9.631537168688286 ], [ -35.710202478999967, -9.63159129468829 ], [ -35.710191438999964, -9.631661469688249 ], [ -35.710131581999981, -9.631745191688243 ], [ -35.710078507999981, -9.631763437688278 ], [ -35.70999945799997, -9.63177458168826 ], [ -35.709961952999947, -9.631779614688289 ], [ -35.709866472999977, -9.631783751688252 ], [ -35.709822248999956, -9.631785667688284 ], [ -35.709754222999948, -9.631805447688285 ], [ -35.709688605999936, -9.631824527688302 ], [ -35.709605769999939, -9.631843072688289 ], [ -35.709563622999951, -9.63184996468827 ], [ -35.709537440999952, -9.631865949688276 ], [ -35.709542221999975, -9.631909728688287 ], [ -35.709519270999984, -9.631914557688264 ], [ -35.709466886999962, -9.631925578688245 ], [ -35.709444080999958, -9.631935178688297 ], [ -35.709409506999982, -9.631949732688254 ], [ -35.70936376699995, -9.631968986688255 ], [ -35.70933679999996, -9.631986474688276 ], [ -35.709312322999949, -9.632002347688276 ], [ -35.709275143999946, -9.631992549688269 ], [ -35.709259728999939, -9.631949281688254 ], [ -35.709263961999966, -9.631905747688272 ], [ -35.709210632999941, -9.631913680688283 ], [ -35.709184391999948, -9.631910297688291 ], [ -35.709133657999985, -9.631903755688244 ], [ -35.70908026099994, -9.631889841688281 ], [ -35.709022902999941, -9.631885858688285 ], [ -35.708963392999976, -9.631871908688245 ], [ -35.708914025999945, -9.631877886688294 ], [ -35.708848026999931, -9.631863434688276 ], [ -35.708804617999931, -9.631853928688248 ], [ -35.708777822999934, -9.631856846688258 ], [ -35.708720616999983, -9.631863078688287 ], [ -35.708676306999962, -9.631867904688294 ], [ -35.708608610999931, -9.631857915688261 ], [ -35.708512975999952, -9.631845910688295 ], [ -35.708466195999961, -9.631839565688258 ], [ -35.708439107999936, -9.631835891688288 ], [ -35.708411292999983, -9.631797701688287 ], [ -35.708425176999981, -9.631731423688274 ], [ -35.708435703999953, -9.631681168688251 ], [ -35.708389816999954, -9.631647141688294 ], [ -35.708347060999984, -9.631615435688275 ], [ -35.708297304999974, -9.631580269688298 ], [ -35.708270975999937, -9.631568167688275 ], [ -35.708199987999933, -9.631535537688309 ], [ -35.708156827999964, -9.631515698688306 ], [ -35.708076745999961, -9.631509262688271 ], [ -35.707991623999931, -9.631513877688297 ], [ -35.707934845999944, -9.631530314688298 ], [ -35.70789537699995, -9.631546569688284 ], [ -35.70784890699997, -9.631574021688268 ], [ -35.707815669999945, -9.631588531688289 ], [ -35.707808537999938, -9.631681134688272 ], [ -35.707737274999943, -9.63167774268828 ], [ -35.707715761999964, -9.63172526368828 ], [ -35.707686441999947, -9.631790028688267 ], [ -35.707630943999959, -9.631819803688302 ], [ -35.707600344999939, -9.631817184688254 ], [ -35.707549929999971, -9.631812870688288 ], [ -35.707445424999946, -9.631803927688271 ], [ -35.707342083999947, -9.631806849688294 ], [ -35.707278978999966, -9.631806496688283 ], [ -35.707192636999935, -9.631801928688272 ], [ -35.707190069999967, -9.631701924688288 ], [ -35.707242553999947, -9.631678125688266 ], [ -35.707310445999951, -9.631647340688293 ], [ -35.707358843999941, -9.631536898688303 ], [ -35.707374391999956, -9.63149348768826 ], [ -35.707491179999977, -9.631439382688262 ], [ -35.707534757999952, -9.631453292688269 ], [ -35.707644823999942, -9.631485203688277 ], [ -35.707671658999971, -9.63146712768827 ], [ -35.707722136999962, -9.631433125688263 ], [ -35.707726262999977, -9.631426850688289 ], [ -35.707747164999944, -9.631378562688276 ], [ -35.707784167999932, -9.631353242688313 ], [ -35.707804719999956, -9.63134266668829 ], [ -35.707888791999949, -9.631321471688308 ], [ -35.707907167999963, -9.631321472688292 ], [ -35.707937793999974, -9.631321474688269 ], [ -35.708039355999972, -9.631321479688275 ], [ -35.708133800999974, -9.631321483688291 ], [ -35.708206925999946, -9.631329974688311 ], [ -35.708279998999956, -9.631357061688279 ], [ -35.708391621999972, -9.631395842688285 ], [ -35.70847364499997, -9.631427020688307 ], [ -35.708521505999954, -9.631447785688296 ], [ -35.708619657999975, -9.631489401688272 ], [ -35.708692886999984, -9.631496291688293 ], [ -35.708755874999952, -9.631501845688266 ], [ -35.708853998999977, -9.631464473688254 ], [ -35.708919154999933, -9.631434403688283 ], [ -35.708959924999931, -9.631414342688293 ], [ -35.709017461999956, -9.631425703688318 ], [ -35.709055364999983, -9.631433187688295 ], [ -35.709152084999964, -9.631474887688286 ], [ -35.709234651999964, -9.631472582688277 ], [ -35.709266599999971, -9.63147169068827 ], [ -35.709319895999954, -9.631486578688284 ], [ -35.709389603999966, -9.631501102688281 ], [ -35.709449346999975, -9.631490133688258 ], [ -35.709602958999938, -9.631461930688266 ], [ -35.709678058999941, -9.6314553646883 ], [ -35.709791996999968, -9.631456965688304 ], [ -35.709838921999967, -9.631428975688271 ] ] ] } },
{ "type": "Feature", "properties": { "num_setor": "AL_MACEIO_SR_20_CPRM", "munic": "MACEIÓ", "grau_risco": "Muito alto", "distancia_km": 0.96, "chuva_24h": 0.9, "chuva_72h": 6.0, "fonte_estacao": "openmeteo", "codigo_estacao": "openmeteo", "nome_estacao": "Open-Meteo (célula de grade)" }, "geometry": { "type": "Polygon", "coordinates": [ [ [ -35.753210320999983, -9.616748017688744 ], [ -35.753297292999946, -9.616688863688765 ], [ -35.753354723999962, -9.616654726688759 ], [ -35.753400323999983, -9.616627622688734 ], [ -35.75345108099998, -9.616613931688748 ], [ -35.753513148999957, -9.616655118688769 ], [ -35.753555716999983, -9.616683366688736 ], [ -35.753631937999955, -9.616738538688715 ], [ -35.753614315999982, -9.616774323688736 ], [ -35.753563232999966, -9.616842194688736 ], [ -35.753508421999975, -9.616914799688745 ], [ -35.753431488999979, -9.617016318688735 ], [ -35.753360725999976, -9.617096917688734 ], [ -35.753243237999982, -9.617230735688729 ], [ -35.75314600399998, -9.617357833688738 ], [ -35.753203345999964, -9.617416422688725 ], [ -35.753263558999947, -9.617467373688708 ], [ -35.753209209999966, -9.61753756068871 ], [ -35.753158971999937, -9.617590759688694 ], [ -35.75309658599997, -9.617646876688733 ], [ -35.753059575999941, -9.617684141688738 ], [ -35.752985423999974, -9.61775880768872 ], [ -35.752893044999944, -9.617851825688684 ], [ -35.752836410999976, -9.617795584688707 ], [ -35.752770927999961, -9.617730557688706 ], [ -35.752744390999958, -9.617696033688704 ], [ -35.752716608999947, -9.617659889688731 ], [ -35.752680294999948, -9.617687356688727 ], [ -35.75263366799993, -9.617722623688714 ], [ -35.752578361999952, -9.617674771688693 ], [ -35.752505564999979, -9.617605831688742 ], [ -35.752442848999976, -9.617542265688698 ], [ -35.752339006999932, -9.617611997688735 ], [ -35.752312374999974, -9.617581146688714 ], [ -35.752263937999942, -9.617525035688727 ], [ -35.752268652999931, -9.617461450688705 ], [ -35.752259925999965, -9.617447594688706 ], [ -35.752238955999928, -9.617414299688717 ], [ -35.752204993999953, -9.617374017688732 ], [ -35.752178713999967, -9.617342848688722 ], [ -35.752192640999965, -9.617315214688729 ], [ -35.752228099999968, -9.617267881688742 ], [ -35.752287512999942, -9.617208575688712 ], [ -35.752334420999944, -9.617154964688718 ], [ -35.752383290999944, -9.61708359168875 ], [ -35.752467947999946, -9.617058536688715 ], [ -35.752532048999967, -9.617029964688754 ], [ -35.752590447999978, -9.617003933688746 ], [ -35.75264229499993, -9.617018897688748 ], [ -35.752688172999967, -9.616984499688723 ], [ -35.752731528999966, -9.616987465688736 ], [ -35.752777073999937, -9.616990582688743 ], [ -35.752806907999968, -9.616965876688708 ], [ -35.752837135999982, -9.616907874688769 ], [ -35.752863839999975, -9.616856630688751 ], [ -35.752895201999927, -9.616860460688718 ], [ -35.752902117999952, -9.616822788688754 ], [ -35.75290696899998, -9.616796363688769 ], [ -35.752915580999968, -9.61674944968872 ], [ -35.752944975999981, -9.616753984688733 ], [ -35.75298353299997, -9.616759933688749 ], [ -35.753052148999984, -9.616754820688763 ], [ -35.75309739599993, -9.616758097688722 ], [ -35.753130822999935, -9.616760518688759 ], [ -35.753210320999983, -9.616748017688744 ] ] ] } },
{ "type": "Feature", "properties": { "num_setor": "AL_MACEIO_SR_21_CPRM", "munic": "MACEIÓ", "grau_risco": "Alto", "distancia_km": 0.85, "chuva_24h": 0.9, "chuva_72h": 6.0, "fonte_estacao": "openmeteo", "codigo_estacao": "openmeteo", "nome_estacao": "Open-Meteo (célula de grade)" }, "geometry": { "type": "Polygon", "coordinates": [ [ [ -35.748740565999981, -9.613869224688854 ], [ -35.748713221999935, -9.613858508688832 ], [ -35.748674761999951, -9.613849478688829 ], [ -35.748631841999952, -9.613839889688828 ], [ -35.748580312999934, -9.613828378688805 ], [ -35.74856768199993, -9.613782226688825 ], [ -35.748584108999978, -9.613702667688859 ], [ -35.748553178999941, -9.613685923688863 ], [ -35.748502924999968, -9.613658718688832 ], [ -35.748460731999955, -9.613614565688852 ], [ -35.748437198999966, -9.613589939688822 ], [ -35.748475316999929, -9.613541966688834 ], [ -35.748503030999984, -9.613511513688874 ], [ -35.748536771999966, -9.61347436568883 ], [ -35.748548625999952, -9.613454824688853 ], [ -35.748598791999939, -9.613378731688837 ], [ -35.748677963999967, -9.613344547688824 ], [ -35.748706264999953, -9.61332427968887 ], [ -35.748767361999967, -9.613280525688825 ], [ -35.748820471999977, -9.61327214268886 ], [ -35.748852303999975, -9.613244112688848 ], [ -35.748891126999979, -9.613209927688853 ], [ -35.748899237999979, -9.613189403688869 ], [ -35.748916191999967, -9.613146505688867 ], [ -35.748990665999941, -9.613119752688881 ], [ -35.749059822999982, -9.613155682688848 ], [ -35.749184753999941, -9.613226931688875 ], [ -35.749189552999951, -9.613283338688857 ], [ -35.749159019999979, -9.613362813688866 ], [ -35.749137648999977, -9.613419749688831 ], [ -35.74911106899998, -9.613477258688871 ], [ -35.749070015999962, -9.613566081688868 ], [ -35.74899402099993, -9.613654051688842 ], [ -35.748939759999985, -9.613716861688815 ], [ -35.748887232999948, -9.613777664688815 ], [ -35.748840452999957, -9.613831814688854 ], [ -35.748791046999948, -9.613889006688838 ], [ -35.748740565999981, -9.613869224688854 ] ] ] } },
{ "type": "Feature", "properties": { "num_setor": "AL_MACEIO_SR_19_CPRM", "munic": "MACEIÓ", "grau_risco": "Muito alto", "distancia_km": 0.72, "chuva_24h": 0.9, "chuva_72h": 6.0, "fonte_estacao": "openmeteo", "codigo_estacao": "openmeteo", "nome_estacao": "Open-Meteo (célula de grade)" }, "geometry": { "type": "Polygon", "coordinates": [ [ [ -35.749738094999934, -9.61720687568873 ], [ -35.749768333999953, -9.61712283568874 ], [ -35.749781470999949, -9.617047287688766 ], [ -35.749803995999969, -9.616917748688767 ], [ -35.749817808999978, -9.616838308688731 ], [ -35.749840253999935, -9.616796091688743 ], [ -35.749875910999947, -9.616729023688723 ], [ -35.749875068999977, -9.616654015688724 ], [ -35.749874419999962, -9.61659618468873 ], [ -35.749910050999972, -9.61653435868875 ], [ -35.750004111999942, -9.616362693688778 ], [ -35.750131180999972, -9.616153453688776 ], [ -35.750228605999951, -9.615986043688762 ], [ -35.750296425999977, -9.615904610688773 ], [ -35.750402834999932, -9.615775863688768 ], [ -35.750528814999932, -9.615621486688763 ], [ -35.750609661999938, -9.615552718688766 ], [ -35.75067369799995, -9.615498250688795 ], [ -35.750723900999958, -9.615434270688802 ], [ -35.750787681999952, -9.615375546688757 ], [ -35.750972914999977, -9.615189153688787 ], [ -35.751063981999948, -9.615102105688782 ], [ -35.751117366999949, -9.615051577688805 ], [ -35.75118931999998, -9.615092096688789 ], [ -35.751249705999953, -9.615126100688776 ], [ -35.751224943999944, -9.615160266688807 ], [ -35.75112011199996, -9.615315455688796 ], [ -35.751052471999969, -9.615397270688781 ], [ -35.750973379999948, -9.615492937688764 ], [ -35.750881461999938, -9.615650283688796 ], [ -35.750743331999949, -9.615847429688795 ], [ -35.750662395999939, -9.615962036688787 ], [ -35.750599062999981, -9.616067760688763 ], [ -35.750547922999942, -9.616163957688762 ], [ -35.750447563999955, -9.616340711688755 ], [ -35.750372900999935, -9.616483157688743 ], [ -35.750340574999939, -9.61658323368875 ], [ -35.750327046999985, -9.616651078688747 ], [ -35.750322035999943, -9.616742051688741 ], [ -35.750325863999933, -9.616792273688771 ], [ -35.750344371999972, -9.616878429688708 ], [ -35.750374918999974, -9.616961127688739 ], [ -35.750409330999958, -9.617047417688752 ], [ -35.750454267999942, -9.617160099688753 ], [ -35.750497415999973, -9.617267025688749 ], [ -35.750555947999942, -9.617354571688724 ], [ -35.750576483999964, -9.617385288688741 ], [ -35.750495262999948, -9.617439421688729 ], [ -35.750430197999947, -9.617479571688746 ], [ -35.75025422799996, -9.617593602688695 ], [ -35.750188053999977, -9.617637313688745 ], [ -35.750148520999971, -9.617649151688717 ], [ -35.750083277999984, -9.617668687688747 ], [ -35.750022227999978, -9.617703569688709 ], [ -35.749956557999944, -9.617744705688699 ], [ -35.749903739999979, -9.617752057688714 ], [ -35.749829124999962, -9.617762443688695 ], [ -35.749740642999946, -9.617715845688709 ], [ -35.749662998999952, -9.61767495568874 ], [ -35.74960720699994, -9.617606997688691 ], [ -35.749559698999981, -9.617549128688704 ], [ -35.749551090999944, -9.617480020688713 ], [ -35.749544407999956, -9.617426361688715 ], [ -35.749595660999944, -9.617309520688751 ], [ -35.749610502999928, -9.617275683688709 ], [ -35.749706454999966, -9.617294813688707 ], [ -35.749738094999934, -9.61720687568873 ] ] ] } },
{ "type": "Feature", "properties": { "num_setor": "AL_MACEIO_SR_2_CPRM", "munic": "MACEIÓ", "grau_risco": "Muito alto", "distancia_km": 1.7, "chuva_24h": 0.9, "chuva_72h": 6.0, "fonte_estacao": "openmeteo", "codigo_estacao": "openmeteo", "nome_estacao": "Open-Meteo (célula de grade)" }, "geometry": { "type": "Polygon", "coordinates": [ [ [ -35.762082628999963, -9.609671262688947 ], [ -35.76214764499997, -9.609650982688951 ], [ -35.762322411999939, -9.609699819688952 ], [ -35.76236277199996, -9.609702950688989 ], [ -35.762415897999972, -9.609707070688957 ], [ -35.762448056999972, -9.609709565688945 ], [ -35.762530785999957, -9.609706462688958 ], [ -35.762542295999936, -9.609727941688952 ], [ -35.762539010999944, -9.609768435688972 ], [ -35.762473610999962, -9.609768331688938 ], [ -35.762423245999969, -9.609869523688976 ], [ -35.762429389999966, -9.609916514688953 ], [ -35.762447220999945, -9.60995585568895 ], [ -35.762496742999929, -9.610058315688933 ], [ -35.762511968999938, -9.61008713168893 ], [ -35.762521189, -9.61010186968894 ], [ -35.762531359999969, -9.610110262688961 ], [ -35.762545372999966, -9.610128616688923 ], [ -35.762563305999947, -9.610151536688967 ], [ -35.762587607999933, -9.610196550688933 ], [ -35.762625413999956, -9.610266723688913 ], [ -35.762633765999965, -9.610281078688942 ], [ -35.762637703999928, -9.610301180688948 ], [ -35.762642324999945, -9.610324768688915 ], [ -35.762653192999949, -9.610380241688949 ], [ -35.762661854999969, -9.61039805668892 ], [ -35.762658858999941, -9.610424585688952 ], [ -35.762651948999974, -9.610485783688917 ], [ -35.76263609199998, -9.61050399668895 ], [ -35.76261784899998, -9.610526840688951 ], [ -35.762548892999973, -9.610480433688942 ], [ -35.762457618999974, -9.610341036688943 ], [ -35.76236924899996, -9.610220071688936 ], [ -35.762270906999959, -9.610184477688948 ], [ -35.762160600999955, -9.610158796688934 ], [ -35.762113020999948, -9.610150545688935 ], [ -35.762022631999969, -9.610212888688958 ], [ -35.762000396999944, -9.610228224688948 ], [ -35.761978219999946, -9.610202414688946 ], [ -35.761951356999923, -9.61021623368894 ], [ -35.761941358999934, -9.610182477688952 ], [ -35.761895172999978, -9.610209210688922 ], [ -35.761866851999969, -9.610152811688961 ], [ -35.761904165999965, -9.610122959688949 ], [ -35.761893542999921, -9.610084901688921 ], [ -35.76199085099995, -9.610013725688972 ], [ -35.761966120999936, -9.609952398688952 ], [ -35.761936921999961, -9.609918524688966 ], [ -35.761983021999981, -9.609889218688974 ], [ -35.762015197999972, -9.609930551688988 ], [ -35.762102445999965, -9.609886345688942 ], [ -35.762030888999959, -9.609863443688928 ], [ -35.762073203999933, -9.609767360688974 ], [ -35.762082628999963, -9.609671262688947 ] ] ] } },
{ "type": "Feature", "properties": { "num_setor": "AL_MACEIO_SR_10_CPRM", "munic": "MACEIÓ", "grau_risco": "Alto", "distancia_km": 0.76, "chuva_24h": 0.9, "chuva_72h": 6.0, "fonte_estacao": "openmeteo", "codigo_estacao": "openmeteo", "nome_estacao": "Open-Meteo (célula de grade)" }, "geometry": { "type": "Polygon", "coordinates": [ [ [ -35.748060117999955, -9.625238609688461 ], [ -35.748053903999967, -9.625193168688471 ], [ -35.748036443999979, -9.625154748688461 ], [ -35.748000992999941, -9.625120416688477 ], [ -35.747985569999969, -9.625069491688498 ], [ -35.747958679999954, -9.624999990688515 ], [ -35.747946559999946, -9.624968665688511 ], [ -35.747909837999941, -9.624934298688499 ], [ -35.747865062999949, -9.62489614468851 ], [ -35.747788022999941, -9.624846087688503 ], [ -35.747740248999939, -9.62481504568852 ], [ -35.747716819999937, -9.624786604688477 ], [ -35.747689238999946, -9.624753125688514 ], [ -35.747609854999951, -9.624687018688507 ], [ -35.747479975999966, -9.624624084688486 ], [ -35.747378063999975, -9.624565002688476 ], [ -35.747409232999985, -9.624495029688486 ], [ -35.747447367999939, -9.624419020688482 ], [ -35.747475478999945, -9.624372540688508 ], [ -35.747534602999963, -9.624383575688501 ], [ -35.747725685999974, -9.624430941688495 ], [ -35.747806713999978, -9.624454006688493 ], [ -35.747876780999945, -9.624504960688508 ], [ -35.74794950699993, -9.624556337688482 ], [ -35.748162215999969, -9.624760054688508 ], [ -35.74837748099997, -9.624966219688504 ], [ -35.748662061999937, -9.6252404926885 ], [ -35.748794929, -9.625369449688462 ], [ -35.748945669999955, -9.625515754688491 ], [ -35.749000914999954, -9.625569374688453 ], [ -35.748988095999955, -9.625582658688485 ], [ -35.748944425999973, -9.625643862688447 ], [ -35.748869705999937, -9.625748580688434 ], [ -35.748733749999928, -9.625776560688463 ], [ -35.748645161999946, -9.625741649688464 ], [ -35.748621752999952, -9.62571828468846 ], [ -35.748557892999941, -9.625654542688453 ], [ -35.748518421999961, -9.625594104688464 ], [ -35.74848193899993, -9.625538242688458 ], [ -35.74844599599993, -9.625483206688465 ], [ -35.748428424999929, -9.62546824768847 ], [ -35.748353546999972, -9.625404497688486 ], [ -35.748288159999959, -9.625342769688492 ], [ -35.748261978999949, -9.625318054688501 ], [ -35.748214179999934, -9.625278248688481 ], [ -35.748163423999976, -9.625304092688474 ], [ -35.748130599999968, -9.625285683688471 ], [ -35.748060117999955, -9.625238609688461 ] ] ] } },
{ "type": "Feature", "properties": { "num_setor": "AL_MACEIO_SR_11_CPRM", "munic": "MACEIÓ", "grau_risco": "Muito alto", "distancia_km": 1.37, "chuva_24h": 0.9, "chuva_72h": 6.0, "fonte_estacao": "openmeteo", "codigo_estacao": "openmeteo", "nome_estacao": "Open-Meteo (célula de grade)" }, "geometry": { "type": "Polygon", "coordinates": [ [ [ -35.759657546999968, -9.62000692868863 ], [ -35.759762525999967, -9.619980173688663 ], [ -35.759905877999984, -9.619940287688639 ], [ -35.759911236999983, -9.61997239168865 ], [ -35.760064717999967, -9.619997315688655 ], [ -35.760095521999972, -9.620169885688611 ], [ -35.760111973999983, -9.620262053688647 ], [ -35.760178417999953, -9.620419315688661 ], [ -35.760278466999978, -9.620656111688618 ], [ -35.760056190999933, -9.620758239688595 ], [ -35.759937628999985, -9.620806694688609 ], [ -35.759740439999973, -9.620887281688606 ], [ -35.759598799999935, -9.620941338688612 ], [ -35.759410745999958, -9.621005523688599 ], [ -35.75926491599995, -9.621054494688613 ], [ -35.759145191999949, -9.621090037688633 ], [ -35.759086388999947, -9.621107494688584 ], [ -35.75891020399996, -9.621168969688583 ], [ -35.758790015999971, -9.621225893688619 ], [ -35.758690889999968, -9.621275746688619 ], [ -35.75860223899997, -9.621322412688622 ], [ -35.758524963999946, -9.621363091688607 ], [ -35.758212621, -9.621507705688572 ], [ -35.758147135999934, -9.621556540688603 ], [ -35.758035205999938, -9.621640012688571 ], [ -35.757936721999954, -9.621687625688558 ], [ -35.757758710999951, -9.621773685688559 ], [ -35.757721320999963, -9.621645137688601 ], [ -35.757661875999929, -9.621680847688561 ], [ -35.75748871899998, -9.621784867688595 ], [ -35.757343198999934, -9.621872285688557 ], [ -35.757212402999983, -9.62195085868861 ], [ -35.757151077999936, -9.621972306688594 ], [ -35.75702451899997, -9.622016570688585 ], [ -35.75685885199993, -9.622083092688582 ], [ -35.756754382999929, -9.622133114688561 ], [ -35.756575045999966, -9.622218315688547 ], [ -35.756443646999969, -9.622279813688582 ], [ -35.756393064999941, -9.622313108688564 ], [ -35.756346790999949, -9.622343569688564 ], [ -35.756264119999969, -9.622397987688547 ], [ -35.756192334999987, -9.62244524068859 ], [ -35.756046629999958, -9.622543088688586 ], [ -35.755863687999977, -9.622672826688582 ], [ -35.755714928999964, -9.622775769688573 ], [ -35.755534867999977, -9.622897357688526 ], [ -35.755353146999937, -9.62297282368853 ], [ -35.755248053999935, -9.623021870688527 ], [ -35.754966381999964, -9.623174979688514 ], [ -35.754603901999928, -9.623366545688526 ], [ -35.754461717999966, -9.623438986688509 ], [ -35.754329513999949, -9.623506343688538 ], [ -35.754274054999939, -9.623525040688515 ], [ -35.754130754999942, -9.623573351688512 ], [ -35.754024571999942, -9.623609149688514 ], [ -35.753947731, -9.623640058688546 ], [ -35.75376538299998, -9.623724852688516 ], [ -35.753697338999984, -9.623756493688537 ], [ -35.753591476999929, -9.6237668166885 ], [ -35.753562056999954, -9.623627468688499 ], [ -35.753508769999939, -9.623443859688537 ], [ -35.75344765899996, -9.623237738688523 ], [ -35.753385078999941, -9.623040109688576 ], [ -35.753498708999985, -9.622926336688566 ], [ -35.753627961999932, -9.622869321688528 ], [ -35.753783322999936, -9.622800788688544 ], [ -35.754040679999946, -9.622680504688555 ], [ -35.754189050999969, -9.622586374688572 ], [ -35.754495921999933, -9.622391483688544 ], [ -35.754765191999979, -9.622219138688601 ], [ -35.754851084999984, -9.622164163688593 ], [ -35.754895290999968, -9.622123525688565 ], [ -35.755004569999983, -9.622023066688554 ], [ -35.755129863999962, -9.621967458688591 ], [ -35.755243873999973, -9.621916857688591 ], [ -35.755330694999941, -9.621878325688574 ], [ -35.755313288999957, -9.621842279688577 ], [ -35.755416221999951, -9.621817284688593 ], [ -35.755470265999975, -9.621948205688582 ], [ -35.755601450999961, -9.621911497688602 ], [ -35.755620346999933, -9.621866390688602 ], [ -35.755657546999942, -9.621852134688558 ], [ -35.755700505999975, -9.621835671688606 ], [ -35.755754731999957, -9.621923525688564 ], [ -35.755798358999982, -9.621889871688566 ], [ -35.755850036999959, -9.621850007688597 ], [ -35.75590389599995, -9.621808460688582 ], [ -35.755936159999976, -9.621758388688615 ], [ -35.755923984999981, -9.621735044688608 ], [ -35.755875762999949, -9.621606344688614 ], [ -35.755830321999944, -9.621485507688616 ], [ -35.755934545999942, -9.621439982688605 ], [ -35.756183198999956, -9.62134755168862 ], [ -35.756380997999941, -9.621274025688628 ], [ -35.756565660999961, -9.621205380688638 ], [ -35.756891940999935, -9.621088295688578 ], [ -35.757250994999936, -9.620964232688591 ], [ -35.757374822999964, -9.620921446688607 ], [ -35.757490937999933, -9.620873453688601 ], [ -35.757969058999947, -9.62068957468864 ], [ -35.758147076999933, -9.620611206688634 ], [ -35.758339231999969, -9.620526613688639 ], [ -35.758700841999946, -9.620366066688637 ], [ -35.758942529999956, -9.620257071688641 ], [ -35.759081422999934, -9.620194433688605 ], [ -35.759240726999963, -9.620110216688616 ], [ -35.759479730999942, -9.619983866688663 ], [ -35.759571033999968, -9.620028978688614 ], [ -35.759657546999968, -9.62000692868863 ] ] ] } },
{ "type": "Feature", "properties": { "num_setor": "AL_LA_SR_01_CPRM", "munic": "LIMOEIRO DE ANADIA", "grau_risco": "Alto", "distancia_km": 0.31, "chuva_24h": 1.4, "chuva_72h": 3.7, "fonte_estacao": "openmeteo", "codigo_estacao": "openmeteo", "nome_estacao": "Open-Meteo (célula de grade)" }, "geometry": { "type": "Polygon", "coordinates": [ [ [ -36.503929005999964, -9.742766436684812 ], [ -36.504019418999974, -9.742310184684834 ], [ -36.504113779999955, -9.741484308684838 ], [ -36.504072085999951, -9.740628531684893 ], [ -36.504031427999962, -9.739160615684911 ], [ -36.504562984999943, -9.733827966685114 ], [ -36.520529459999985, -9.729543279685251 ], [ -36.527827627999955, -9.72687815668529 ], [ -36.527907302999949, -9.729359455685231 ], [ -36.505272876999982, -9.744228611684797 ], [ -36.503929005999964, -9.742766436684812 ] ] ] } },
{ "type": "Feature", "properties": { "num_setor": "AL_MACEIO_SR_1_CPRM", "munic": "MACEIÓ", "grau_risco": "Muito alto", "distancia_km": 1.14, "chuva_24h": 0.9, "chuva_72h": 6.0, "fonte_estacao": "openmeteo", "codigo_estacao": "openmeteo", "nome_estacao": "Open-Meteo (célula de grade)" }, "geometry": { "type": "Polygon", "coordinates": [ [ [ -35.763894122999943, -9.592781810689491 ], [ -35.763835878999942, -9.592743069689465 ], [ -35.763793936999946, -9.592715172689465 ], [ -35.763766809999936, -9.592696665689475 ], [ -35.763792974999944, -9.592667403689477 ], [ -35.763810639999974, -9.592648398689462 ], [ -35.763843502999975, -9.592613043689504 ], [ -35.763857658999939, -9.592561173689511 ], [ -35.763857432999941, -9.592516991689505 ], [ -35.763865453999983, -9.592481717689473 ], [ -35.763886008999975, -9.592459097689499 ], [ -35.763934650999936, -9.592405569689479 ], [ -35.763979318999937, -9.592351891689505 ], [ -35.764106415999947, -9.592201165689488 ], [ -35.764259524999943, -9.592303604689477 ], [ -35.764259616999936, -9.59245222668951 ], [ -35.764232167999978, -9.592495518689496 ], [ -35.764211328999977, -9.592528384689528 ], [ -35.764177546999974, -9.592577761689503 ], [ -35.764145676999931, -9.592624343689479 ], [ -35.764094826999951, -9.592686919689493 ], [ -35.764062251999981, -9.592730435689495 ], [ -35.764028052999947, -9.592780554689469 ], [ -35.76398565399996, -9.592842689689478 ], [ -35.763894122999943, -9.592781810689491 ] ] ] } },
{ "type": "Feature", "properties": { "num_setor": "AL_MACEIO_SR_14_CPRM", "munic": "MACEIÓ", "grau_risco": "Alto", "distancia_km": 1.19, "chuva_24h": 0.9, "chuva_72h": 7.0, "fonte_estacao": "openmeteo", "codigo_estacao": "openmeteo", "nome_estacao": "Open-Meteo (célula de grade)" }, "geometry": { "type": "Polygon", "coordinates": [ [ [ -35.708676995999951, -9.640320136688004 ], [ -35.708782916999951, -9.640393462688015 ], [ -35.708817900999975, -9.640395241688008 ], [ -35.708958811999935, -9.640395422688027 ], [ -35.709019583999975, -9.640410889687995 ], [ -35.709111062999966, -9.640419666688 ], [ -35.709193169999935, -9.640427282688007 ], [ -35.709266895999974, -9.640438212688039 ], [ -35.709298022999974, -9.640484866687995 ], [ -35.709303566999949, -9.640514970688011 ], [ -35.709314319999976, -9.640573363688022 ], [ -35.709328587999948, -9.640647279687986 ], [ -35.709355914999946, -9.64069883868803 ], [ -35.709274621999953, -9.640753302687981 ], [ -35.709207057999947, -9.640774063688013 ], [ -35.709147505999965, -9.640801972687994 ], [ -35.709146069, -9.640847519688009 ], [ -35.709144919999972, -9.640883925687998 ], [ -35.70914386099998, -9.640917520687989 ], [ -35.709096706999958, -9.640934642688013 ], [ -35.709084484999948, -9.640879656688009 ], [ -35.709052081999971, -9.640894296687966 ], [ -35.709017460999981, -9.640909939688013 ], [ -35.708934908999936, -9.640915720687978 ], [ -35.708931089999972, -9.640884879687967 ], [ -35.708825311999938, -9.640906997687974 ], [ -35.708789262999979, -9.640897287688004 ], [ -35.708763559999966, -9.640891334687971 ], [ -35.708630852999931, -9.640860600687967 ], [ -35.708472323999949, -9.640823884688015 ], [ -35.708282449999956, -9.640767968688005 ], [ -35.708156654999989, -9.640725949687978 ], [ -35.708077608999929, -9.640699545687996 ], [ -35.708103059999985, -9.640617583687972 ], [ -35.708136372999945, -9.64051030368803 ], [ -35.708183754999936, -9.64051254368799 ], [ -35.708267208999985, -9.640516488687988 ], [ -35.708320704999949, -9.640448798688007 ], [ -35.708371061999969, -9.640400969688031 ], [ -35.708482567999965, -9.640452253688018 ], [ -35.70851350099997, -9.640418326688017 ], [ -35.708541681999982, -9.640387416687993 ], [ -35.708577688999981, -9.640338312688026 ], [ -35.708633315999975, -9.640367304687983 ], [ -35.708676995999951, -9.640320136688004 ] ] ] } },
{ "type": "Feature", "properties": { "num_setor": "AL_MACEIO_SR_15_CPRM", "munic": "MACEIÓ", "grau_risco": "Alto", "distancia_km": 1.7, "chuva_24h": 0.9, "chuva_72h": 6.0, "fonte_estacao": "openmeteo", "codigo_estacao": "openmeteo", "nome_estacao": "Open-Meteo (célula de grade)" }, "geometry": { "type": "Polygon", "coordinates": [ [ [ -35.709261215999959, -9.632871499688255 ], [ -35.709550763999978, -9.632865331688228 ], [ -35.709714027999951, -9.632868308688236 ], [ -35.709883508999944, -9.632871399688229 ], [ -35.710005420999948, -9.632871640688236 ], [ -35.710100266999973, -9.632870160688254 ], [ -35.710105126999963, -9.632944050688272 ], [ -35.710102884999969, -9.633050953688226 ], [ -35.710101435999945, -9.633120081688229 ], [ -35.710093191999931, -9.633182251688204 ], [ -35.710084308999967, -9.633249230688254 ], [ -35.71006751799996, -9.633277230688241 ], [ -35.710028693999959, -9.633341973688236 ], [ -35.710003508999932, -9.633383971688202 ], [ -35.709979848999978, -9.633423427688225 ], [ -35.709932545999948, -9.633433740688243 ], [ -35.709887115999948, -9.633443645688205 ], [ -35.709842398999967, -9.633453394688212 ], [ -35.709818618999975, -9.63347410568821 ], [ -35.709726286999967, -9.633474101688245 ], [ -35.709636081999982, -9.633480994688227 ], [ -35.709571464999946, -9.6334809916882 ], [ -35.709472325999968, -9.633476388688219 ], [ -35.709398789999966, -9.633457978688224 ], [ -35.709374189999949, -9.63340954268824 ], [ -35.70936599099997, -9.633370909688214 ], [ -35.70935697799996, -9.633328439688233 ], [ -35.709315494999949, -9.633324747688222 ], [ -35.709230159999947, -9.63332986068821 ], [ -35.709150353999974, -9.63334004468823 ], [ -35.709050820999948, -9.63329817868823 ], [ -35.708967241999972, -9.633272530688211 ], [ -35.70892222699996, -9.633274991688216 ], [ -35.708816137999975, -9.633281853688239 ], [ -35.708775602999935, -9.633311373688231 ], [ -35.708749019999971, -9.633330732688252 ], [ -35.708647439999936, -9.633384067688217 ], [ -35.70859433499993, -9.633419206688247 ], [ -35.708560175999935, -9.633441809688232 ], [ -35.708505799999955, -9.633515372688235 ], [ -35.70843978399995, -9.633495868688216 ], [ -35.70837365899996, -9.633476332688245 ], [ -35.708392826999955, -9.633390996688217 ], [ -35.708419038999978, -9.633302802688208 ], [ -35.708463035999955, -9.63315063468821 ], [ -35.708462331999954, -9.633107042688222 ], [ -35.708460935999938, -9.633020565688252 ], [ -35.708449900999938, -9.632920419688228 ], [ -35.708472847999928, -9.632882081688271 ], [ -35.70854789699996, -9.632881639688227 ], [ -35.708693633999935, -9.632880779688223 ], [ -35.708946143999981, -9.63287821168827 ], [ -35.709261215999959, -9.632871499688255 ] ] ] } },
{ "type": "Feature", "properties": { "num_setor": "AL_MACEIO_SR_12_CPRM", "munic": "MACEIÓ", "grau_risco": "Alto", "distancia_km": 1.72, "chuva_24h": 0.3, "chuva_72h": 3.9, "fonte_estacao": "openmeteo", "codigo_estacao": "openmeteo", "nome_estacao": "Open-Meteo (célula de grade)" }, "geometry": { "type": "Polygon", "coordinates": [ [ [ -35.665861365999938, -9.578808256689907 ], [ -35.665800310999941, -9.57877377668995 ], [ -35.665719207999985, -9.578727974689912 ], [ -35.665723145999955, -9.578663586689911 ], [ -35.665846135999971, -9.578656872689919 ], [ -35.665945040999929, -9.578709945689917 ], [ -35.666015087999931, -9.578750486689945 ], [ -35.666079221999951, -9.578790776689905 ], [ -35.666116809999949, -9.578805470689922 ], [ -35.66623652699996, -9.578852269689941 ], [ -35.666283605999979, -9.578797326689935 ], [ -35.666334070999937, -9.578759016689956 ], [ -35.666362513999957, -9.578752618689915 ], [ -35.666433070999972, -9.578736747689902 ], [ -35.666483625999945, -9.578743573689898 ], [ -35.666477377999968, -9.578826085689908 ], [ -35.666505431999951, -9.578895537689892 ], [ -35.666585592999986, -9.578901486689904 ], [ -35.666685615999938, -9.578908909689913 ], [ -35.666685881999967, -9.579015392689923 ], [ -35.66657887599996, -9.579021683689904 ], [ -35.666451854999934, -9.5790226246899 ], [ -35.66633197799996, -9.579021864689928 ], [ -35.66623965399998, -9.579006431689935 ], [ -35.666142504999982, -9.578990191689901 ], [ -35.66608950199997, -9.578958075689901 ], [ -35.665996005999943, -9.578901425689923 ], [ -35.665925981999976, -9.578854160689948 ], [ -35.665861365999938, -9.578808256689907 ] ] ] } },
{ "type": "Feature", "properties": { "num_setor": "AL_MACEIO_SR_13_CPRM", "munic": "MACEIÓ", "grau_risco": "Alto", "distancia_km": 1.09, "chuva_24h": 0.9, "chuva_72h": 7.0, "fonte_estacao": "openmeteo", "codigo_estacao": "openmeteo", "nome_estacao": "Open-Meteo (célula de grade)" }, "geometry": { "type": "Polygon", "coordinates": [ [ [ -35.710249846999943, -9.640939588688001 ], [ -35.710191850999934, -9.64077899668797 ], [ -35.710181931999955, -9.640737236687981 ], [ -35.71017504699995, -9.640708249687977 ], [ -35.710110830999952, -9.640654482687976 ], [ -35.710069980999947, -9.640599022687983 ], [ -35.710114604999951, -9.640562198687974 ], [ -35.710211693999945, -9.640561739688007 ], [ -35.710210329999938, -9.640487702688011 ], [ -35.71033129399995, -9.640457975687985 ], [ -35.710418487999966, -9.640443892687991 ], [ -35.710467829999963, -9.640443633687999 ], [ -35.710551307999928, -9.640455826687978 ], [ -35.710552827999948, -9.640534322687991 ], [ -35.710678732999945, -9.64056431068798 ], [ -35.71076130199998, -9.640572551688024 ], [ -35.710812016999967, -9.640789027688017 ], [ -35.710670403999984, -9.640850124687967 ], [ -35.710418261999962, -9.640957222687966 ], [ -35.710284825999963, -9.641013694688001 ], [ -35.710249846999943, -9.640939588688001 ] ] ] } },
{ "type": "Feature", "properties": { "num_setor": "AL_JQ_SR_02_CPRM", "munic": "JOAQUIM GOMES", "grau_risco": "Alto", "distancia_km": 1.66, "chuva_24h": 0.3, "chuva_72h": 1.8, "fonte_estacao": "openmeteo", "codigo_estacao": "openmeteo", "nome_estacao": "Open-Meteo (célula de grade)" }, "geometry": { "type": "Polygon", "coordinates": [ [ [ -35.753998369999977, -9.135839833703768 ], [ -35.754018989999963, -9.13577721770373 ], [ -35.753925191999933, -9.135722177703791 ], [ -35.753980713999965, -9.135615859703783 ], [ -35.754020175999983, -9.135552722703741 ], [ -35.754058386999937, -9.135513122703767 ], [ -35.754104903999973, -9.13554535470379 ], [ -35.754253985999988, -9.135622185703788 ], [ -35.754370587999972, -9.135711186703778 ], [ -35.754493664999984, -9.135811223703753 ], [ -35.754617685999968, -9.13590000670378 ], [ -35.754681638999955, -9.135955675703778 ], [ -35.754637378999973, -9.136063408703773 ], [ -35.754504782999959, -9.13610870770373 ], [ -35.754470585999968, -9.136077747703732 ], [ -35.754428330999929, -9.136034594703753 ], [ -35.754345665999956, -9.135949496703759 ], [ -35.754283830999945, -9.135901968703777 ], [ -35.754201751999972, -9.135851537703745 ], [ -35.754097330999969, -9.135841027703764 ], [ -35.754006272999959, -9.135852359703748 ], [ -35.753998369999977, -9.135839833703768 ] ] ] } },
{ "type": "Feature", "properties": { "num_setor": "AL_JQ_SR_03_CPRM", "munic": "JOAQUIM GOMES", "grau_risco": "Alto", "distancia_km": 1.73, "chuva_24h": 0.3, "chuva_72h": 1.8, "fonte_estacao": "openmeteo", "codigo_estacao": "openmeteo", "nome_estacao": "Open-Meteo (célula de grade)" }, "geometry": { "type": "Polygon", "coordinates": [ [ [ -35.755061895999972, -9.135658637703749 ], [ -35.755069475999953, -9.135626111703761 ], [ -35.75508167199996, -9.135591437703765 ], [ -35.755193653999989, -9.135623731703753 ], [ -35.755257674999939, -9.135626520703756 ], [ -35.755297621999944, -9.13563168470378 ], [ -35.755325565999954, -9.13563721670376 ], [ -35.755329394999933, -9.135767466703738 ], [ -35.75522478399995, -9.135816744703751 ], [ -35.755132705999984, -9.135797120703746 ], [ -35.755087795999934, -9.13578334670378 ], [ -35.755055757999969, -9.135765947703783 ], [ -35.755052835999948, -9.135762953703775 ], [ -35.755024989999981, -9.135757694703745 ], [ -35.754979577999961, -9.135742341703764 ], [ -35.754945908999957, -9.135741714703741 ], [ -35.754919456999978, -9.135746635703773 ], [ -35.75488835799996, -9.135747736703776 ], [ -35.754856638999968, -9.135728922703741 ], [ -35.75484400199997, -9.135707553703773 ], [ -35.754842762999942, -9.135670166703756 ], [ -35.754853699999956, -9.135635453703761 ], [ -35.754874414999961, -9.135619616703785 ], [ -35.754944382999952, -9.13565573270378 ], [ -35.754986176999978, -9.135676061703773 ], [ -35.755061895999972, -9.135658637703749 ] ] ] } },
{ "type": "Feature", "properties": { "num_setor": "AL_JEQUIAD_SR_5_CPRM", "munic": "JEQUIÁ DA PRAIA", "grau_risco": "Alto", "distancia_km": 1.57, "chuva_24h": 0.8, "chuva_72h": 7.9, "fonte_estacao": "openmeteo", "codigo_estacao": "openmeteo", "nome_estacao": "Open-Meteo (célula de grade)" }, "geometry": { "type": "Polygon", "coordinates": [ [ [ -36.079758845999947, -9.953903821678292 ], [ -36.079974350999976, -9.953736697678265 ], [ -36.08014935999995, -9.953630367678276 ], [ -36.080217438999966, -9.953589004678291 ], [ -36.080420260999972, -9.95336424467826 ], [ -36.080611740999984, -9.953148338678281 ], [ -36.080762079999936, -9.952968710678276 ], [ -36.080835727999954, -9.952877478678287 ], [ -36.080969129999971, -9.952733059678309 ], [ -36.081086814999935, -9.952844414678303 ], [ -36.080944698999936, -9.95303410167829 ], [ -36.080750878999929, -9.953323999678288 ], [ -36.080648027999985, -9.953495486678271 ], [ -36.080617697999969, -9.953727028678255 ], [ -36.080603838999934, -9.95389015467827 ], [ -36.080596439999965, -9.953995312678257 ], [ -36.080533197999955, -9.954010240678251 ], [ -36.080438175999973, -9.954029133678251 ], [ -36.080317276999949, -9.954007981678263 ], [ -36.08022307899995, -9.953991500678267 ], [ -36.080072350999949, -9.953943171678292 ], [ -36.079893067999933, -9.95397325467825 ], [ -36.079847555999947, -9.954013009678238 ], [ -36.079745730999946, -9.954101954678249 ], [ -36.079701123999939, -9.954140919678238 ], [ -36.079676458999984, -9.954293400678273 ], [ -36.079706137999942, -9.954346380678238 ], [ -36.079736782999923, -9.954486109678241 ], [ -36.079683649999936, -9.954602104678225 ], [ -36.07962044399995, -9.954578503678215 ], [ -36.079531416999941, -9.954545262678234 ], [ -36.079495714999943, -9.95443094867827 ], [ -36.079455501999966, -9.954363266678262 ], [ -36.079328253999961, -9.95443200367826 ], [ -36.07927393999995, -9.954461342678233 ], [ -36.079166982999936, -9.954610794678249 ], [ -36.079125745999931, -9.954700234678253 ], [ -36.079086399999937, -9.954785571678219 ], [ -36.079101322999975, -9.954942052678254 ], [ -36.079046409999933, -9.955026183678243 ], [ -36.078979748999984, -9.954970468678216 ], [ -36.078844275999984, -9.954846482678207 ], [ -36.078780004999942, -9.954783319678219 ], [ -36.078872515999933, -9.954683289678229 ], [ -36.079026199999923, -9.954491387678242 ], [ -36.079221162999943, -9.954317930678233 ], [ -36.079399837999972, -9.954214806678271 ], [ -36.079513432999939, -9.954129566678249 ], [ -36.079619839999964, -9.954025941678243 ], [ -36.079758845999947, -9.953903821678292 ] ] ] } },
{ "type": "Feature", "properties": { "num_setor": "AL_JQ_SR_01_CPRM", "munic": "JOAQUIM GOMES", "grau_risco": "Alto", "distancia_km": 1.43, "chuva_24h": 0.3, "chuva_72h": 1.8, "fonte_estacao": "openmeteo", "codigo_estacao": "openmeteo", "nome_estacao": "Open-Meteo (célula de grade)" }, "geometry": { "type": "Polygon", "coordinates": [ [ [ -35.752267168999936, -9.130567131703925 ], [ -35.752238675999934, -9.130293233703942 ], [ -35.752320935999933, -9.13008450870395 ], [ -35.752539380999963, -9.130176179703962 ], [ -35.752611993999949, -9.130332646703909 ], [ -35.752563634999944, -9.130616926703921 ], [ -35.752509710999959, -9.130889810703932 ], [ -35.752390927999961, -9.131100592703874 ], [ -35.752218682999967, -9.131217702703895 ], [ -35.752011267999933, -9.131227732703895 ], [ -35.75191152999998, -9.13101879970389 ], [ -35.751836620999939, -9.131313603703903 ], [ -35.751663686999962, -9.131569692703895 ], [ -35.751372126999961, -9.131903215703883 ], [ -35.751138757999968, -9.132072194703897 ], [ -35.751032798999972, -9.132215845703872 ], [ -35.751213433999972, -9.132434100703856 ], [ -35.751245688999973, -9.132771291703868 ], [ -35.751153823999971, -9.13292829170387 ], [ -35.751146295999945, -9.132932562703832 ], [ -35.751000123999972, -9.133042791703863 ], [ -35.750916645999958, -9.133126776703859 ], [ -35.750892892999957, -9.133272979703838 ], [ -35.750894846999984, -9.133285164703844 ], [ -35.751002141999948, -9.133511378703846 ], [ -35.751143506999938, -9.133620479703806 ], [ -35.751243240999941, -9.133877209703847 ], [ -35.751360851999948, -9.134174756703782 ], [ -35.751498919999968, -9.134225254703782 ], [ -35.751729683999933, -9.134371412703789 ], [ -35.751899404999961, -9.134520047703802 ], [ -35.752069498999958, -9.134629235703816 ], [ -35.752234492999946, -9.134703010703788 ], [ -35.752378402999973, -9.1347674127038 ], [ -35.752607759999933, -9.134870074703812 ], [ -35.752675398999941, -9.134922523703768 ], [ -35.753076902999958, -9.134927966703788 ], [ -35.753399229999957, -9.134979539703789 ], [ -35.753526086999955, -9.135008602703785 ], [ -35.753619360999949, -9.135008914703789 ], [ -35.753675839999971, -9.134991993703792 ], [ -35.753756659999965, -9.135018350703756 ], [ -35.753916359999948, -9.135082490703764 ], [ -35.754038008999935, -9.135162935703802 ], [ -35.75420547799996, -9.135230803703765 ], [ -35.754276230999949, -9.135216629703773 ], [ -35.75435080699998, -9.135236087703763 ], [ -35.754424954999941, -9.135294423703758 ], [ -35.754469313999948, -9.135390488703791 ], [ -35.754538397999966, -9.135465421703799 ], [ -35.754570174999969, -9.13555045470374 ], [ -35.754671793999925, -9.13561432270378 ], [ -35.754747650999953, -9.135677374703752 ], [ -35.754811332999964, -9.135685433703788 ], [ -35.754826442999956, -9.135705499703775 ], [ -35.754824767999935, -9.135758907703766 ], [ -35.75485433599993, -9.135797731703764 ], [ -35.754950301999941, -9.135811443703762 ], [ -35.755020669999972, -9.135821128703769 ], [ -35.755125192999969, -9.135844319703732 ], [ -35.755260115999931, -9.135826937703781 ], [ -35.755344321999978, -9.135776448703741 ], [ -35.755395262999961, -9.135769902703734 ], [ -35.755445194999943, -9.135784692703755 ], [ -35.755508014999975, -9.13578481870379 ], [ -35.755551397999966, -9.135820860703761 ], [ -35.755589563999941, -9.135855950703746 ], [ -35.755740422999956, -9.135919868703764 ], [ -35.755824694999944, -9.13596632970377 ], [ -35.755875194999923, -9.135972761703741 ], [ -35.755938859999958, -9.135989874703752 ], [ -35.755991773999938, -9.13598790770374 ], [ -35.756046960999988, -9.135980311703754 ], [ -35.756143207999969, -9.13595723070376 ], [ -35.75626519799993, -9.135904670703736 ], [ -35.756397620999962, -9.135772483703777 ], [ -35.756444620999964, -9.135703014703736 ], [ -35.756527865999942, -9.135577406703785 ], [ -35.756606613999963, -9.135444067703792 ], [ -35.756654581999953, -9.135300100703745 ], [ -35.756712633999939, -9.135145306703786 ], [ -35.756739349999975, -9.135026291703795 ], [ -35.756753278999952, -9.134920417703816 ], [ -35.756770162999942, -9.134804264703794 ], [ -35.756862460999969, -9.134634926703818 ], [ -35.756940339999971, -9.134517387703795 ], [ -35.757060219999964, -9.134309587703802 ], [ -35.757109164999974, -9.134095506703789 ], [ -35.757171799999973, -9.133892530703822 ], [ -35.757268389999979, -9.13348826770383 ], [ -35.757275337999943, -9.133289420703857 ], [ -35.757384481999964, -9.133339198703858 ], [ -35.757304583999939, -9.133775152703802 ], [ -35.757189238999956, -9.134296472703792 ], [ -35.757083903999956, -9.1346127887038 ], [ -35.756973871999946, -9.134794202703793 ], [ -35.756905943999982, -9.134971947703756 ], [ -35.756900539999947, -9.135081515703789 ], [ -35.756882146999942, -9.135177592703803 ], [ -35.75682001499996, -9.135470486703781 ], [ -35.75674724299995, -9.135632073703752 ], [ -35.756644190999957, -9.135815154703735 ], [ -35.756520096999971, -9.135982070703751 ], [ -35.756349948999969, -9.136105123703722 ], [ -35.756130646999964, -9.136226765703727 ], [ -35.755975125999953, -9.136192991703757 ], [ -35.75581867999994, -9.136193771703748 ], [ -35.755764666999937, -9.136142574703747 ], [ -35.755645736999952, -9.136086967703765 ], [ -35.755527394999945, -9.13605034570373 ], [ -35.755435784999975, -9.136036541703742 ], [ -35.755256846999934, -9.136010775703774 ], [ -35.75513551399996, -9.135988000703726 ], [ -35.755006256999934, -9.135973955703728 ], [ -35.754856394999933, -9.135958480703739 ], [ -35.754776135999968, -9.135932224703772 ], [ -35.754732746999935, -9.135896027703737 ], [ -35.754661265999978, -9.135852943703767 ], [ -35.754569836999963, -9.135822177703758 ], [ -35.754503518999968, -9.135784480703776 ], [ -35.754456043999937, -9.135747754703761 ], [ -35.754414803999964, -9.135718516703733 ], [ -35.75437540199993, -9.135683898703769 ], [ -35.754305842999941, -9.135617556703746 ], [ -35.754211402999942, -9.135564476703758 ], [ -35.754155598999944, -9.135542338703742 ], [ -35.754074671999938, -9.135494169703774 ], [ -35.753968304999944, -9.135435221703766 ], [ -35.753878684999961, -9.135361995703787 ], [ -35.75372839399995, -9.135305038703768 ], [ -35.753728135999943, -9.135302863703751 ], [ -35.753557675999964, -9.13524047770378 ], [ -35.753370017999949, -9.135161031703754 ], [ -35.753213025999969, -9.135124384703756 ], [ -35.753119371999958, -9.135149211703752 ], [ -35.753095152999947, -9.135187918703798 ], [ -35.753015606999952, -9.135205011703796 ], [ -35.752947641999981, -9.135171747703771 ], [ -35.752876188999949, -9.135125943703811 ], [ -35.752826634999963, -9.135093079703763 ], [ -35.752808304999974, -9.135078251703796 ], [ -35.752765906999969, -9.135104277703798 ], [ -35.75273073599994, -9.135131852703786 ], [ -35.752705736999928, -9.135193107703779 ], [ -35.752755407999977, -9.135307568703785 ], [ -35.75285175199997, -9.135363897703797 ], [ -35.752910644999929, -9.135480281703767 ], [ -35.752937436999957, -9.13561599770375 ], [ -35.75285833199996, -9.135662834703755 ], [ -35.752756473999966, -9.135687526703768 ], [ -35.752615465999952, -9.135761725703745 ], [ -35.752521164999962, -9.135788258703782 ], [ -35.752389992999952, -9.135772314703749 ], [ -35.752228869999954, -9.135675416703764 ], [ -35.752070500999935, -9.135644883703742 ], [ -35.751950387999955, -9.135615885703732 ], [ -35.751806405999957, -9.135601114703741 ], [ -35.751638, -9.135568286703768 ], [ -35.751501546999982, -9.135533242703749 ], [ -35.75138665399993, -9.13548838670377 ], [ -35.751289946999975, -9.135503299703743 ], [ -35.751218105999946, -9.135507959703737 ], [ -35.751104349999935, -9.135521956703792 ], [ -35.751019350999961, -9.135561293703763 ], [ -35.75093542299993, -9.135612075703783 ], [ -35.750815856999971, -9.135638557703739 ], [ -35.750684355999965, -9.135628405703779 ], [ -35.750514220999946, -9.135575058703777 ], [ -35.750482877999957, -9.135471773703756 ], [ -35.750468858999966, -9.135342354703797 ], [ -35.750493940999945, -9.135212270703772 ], [ -35.750324700999954, -9.135207257703804 ], [ -35.750170673999946, -9.135200795703762 ], [ -35.750110988999943, -9.135208413703799 ], [ -35.749846211999966, -9.1353182257038 ], [ -35.749649597999955, -9.135396803703795 ], [ -35.749597702999949, -9.135503705703764 ], [ -35.74948517699994, -9.135604840703785 ], [ -35.749303278999953, -9.135702309703744 ], [ -35.749126463999971, -9.13581613870373 ], [ -35.749006001999923, -9.135879090703737 ], [ -35.748877663999963, -9.13589677470374 ], [ -35.748656081999968, -9.135831235703751 ], [ -35.748480490999953, -9.135793294703735 ], [ -35.748344798999938, -9.135748583703748 ], [ -35.748198891999948, -9.135717812703733 ], [ -35.748104456999954, -9.135703681703735 ], [ -35.748085262999943, -9.135786142703772 ], [ -35.748068451999984, -9.135933559703755 ], [ -35.748032555999941, -9.136114289703759 ], [ -35.747976090999941, -9.136214774703722 ], [ -35.747888702999937, -9.136245519703719 ], [ -35.747788639999946, -9.136306698703722 ], [ -35.747798687999932, -9.136391201703761 ], [ -35.747805436999954, -9.136468803703732 ], [ -35.747896061999938, -9.136533459703736 ], [ -35.748141501999953, -9.136634131703708 ], [ -35.748375762999956, -9.136708989703704 ], [ -35.748550038999944, -9.136844030703726 ], [ -35.748838417999927, -9.137052699703736 ], [ -35.749523584999963, -9.137327606703735 ], [ -35.749848563999933, -9.137474084703706 ], [ -35.75012679699995, -9.137628136703727 ], [ -35.750355687999956, -9.137759050703675 ], [ -35.750752927999933, -9.137850126703722 ], [ -35.751058849999929, -9.137929273703662 ], [ -35.751193815999962, -9.13795564370367 ], [ -35.751326946999939, -9.138034784703681 ], [ -35.751395582999969, -9.138100775703661 ], [ -35.751612383999941, -9.138183752703693 ], [ -35.751860446999956, -9.138281739703695 ], [ -35.752027697999942, -9.138343510703688 ], [ -35.752315231999944, -9.138414939703685 ], [ -35.752575871999966, -9.138471913703697 ], [ -35.752792751999955, -9.13854019670366 ], [ -35.753014030999964, -9.138572011703657 ], [ -35.753167235999967, -9.138512138703659 ], [ -35.753204366999967, -9.138437708703682 ], [ -35.753240346999974, -9.138411873703651 ], [ -35.753328821999958, -9.138357031703654 ], [ -35.753367681999976, -9.138333002703678 ], [ -35.753552213999967, -9.138392654703683 ], [ -35.753533928999957, -9.138459558703673 ], [ -35.753767825999944, -9.138537634703701 ], [ -35.753939344999942, -9.138593339703656 ], [ -35.753954841999978, -9.138684970703684 ], [ -35.753945385999941, -9.138806626703662 ], [ -35.753934277999974, -9.138965965703651 ], [ -35.753954529999923, -9.139138685703664 ], [ -35.753981642999975, -9.139236885703628 ], [ -35.754137391999961, -9.139467304703615 ], [ -35.754245310999977, -9.139625295703642 ], [ -35.754468405999951, -9.139663924703665 ], [ -35.754567295999941, -9.139544988703635 ], [ -35.754710249999953, -9.139413094703645 ], [ -35.75499197299996, -9.13932848270362 ], [ -35.755258635999951, -9.13931951270367 ], [ -35.755264803999978, -9.139319449703649 ], [ -35.75548002499994, -9.13939758070366 ], [ -35.755497071999976, -9.139411794703641 ], [ -35.755716435999943, -9.139469403703647 ], [ -35.755822356999943, -9.139550545703646 ], [ -35.755823997999975, -9.139560799703652 ], [ -35.755620216999944, -9.139803498703666 ], [ -35.755411506999963, -9.13976106370365 ], [ -35.755110029999969, -9.139743379703658 ], [ -35.754949428999964, -9.139739443703615 ], [ -35.754940604999952, -9.139753208703613 ], [ -35.754760400999942, -9.139928483703619 ], [ -35.754554574999929, -9.140125404703607 ], [ -35.754546845999982, -9.140132206703633 ], [ -35.754432579999957, -9.140226278703601 ], [ -35.754361562999975, -9.140251746703647 ], [ -35.754258381999932, -9.140215855703612 ], [ -35.754142460999965, -9.140162040703608 ], [ -35.754084322999972, -9.14010986370362 ], [ -35.754009229999951, -9.139993653703639 ], [ -35.753888245999974, -9.13988229770365 ], [ -35.753663164999978, -9.139421881703658 ], [ -35.753620759999933, -9.13917853470363 ], [ -35.753571695999938, -9.139005420703679 ], [ -35.753480901999978, -9.138936838703644 ], [ -35.753362750999941, -9.138981866703627 ], [ -35.753279531999965, -9.139047104703677 ], [ -35.753140186999929, -9.139030391703635 ], [ -35.75292589299994, -9.138940187703644 ], [ -35.752808683999945, -9.138901181703638 ], [ -35.752641300999983, -9.13889622470365 ], [ -35.752431725999941, -9.138905637703635 ], [ -35.752262734999931, -9.138938474703679 ], [ -35.752027564999935, -9.139060371703668 ], [ -35.751911991999975, -9.139047791703632 ], [ -35.751678926999944, -9.138936726703641 ], [ -35.75153557799996, -9.138856040703649 ], [ -35.751092005999972, -9.138698268703688 ], [ -35.750813422999947, -9.138645157703692 ], [ -35.750607100999957, -9.13855137070367 ], [ -35.750422268999955, -9.138423995703691 ], [ -35.750102941999955, -9.13811805970369 ], [ -35.749831026999971, -9.137906048703718 ], [ -35.749680050999977, -9.137834476703693 ], [ -35.749288493999977, -9.137924792703705 ], [ -35.749274024999977, -9.138032973703677 ], [ -35.749379206999947, -9.138135068703665 ], [ -35.749596517999976, -9.138378675703668 ], [ -35.749624300999983, -9.138533624703699 ], [ -35.749634598999926, -9.13875121370368 ], [ -35.749580513999952, -9.138859319703649 ], [ -35.749446312999964, -9.138859954703639 ], [ -35.749417105999953, -9.138752211703647 ], [ -35.749409042999957, -9.13856930770366 ], [ -35.749353914999972, -9.138369453703655 ], [ -35.749244745999931, -9.138246275703692 ], [ -35.749158475999934, -9.13820664770366 ], [ -35.749008574999941, -9.138118600703708 ], [ -35.74899075899998, -9.137855278703697 ], [ -35.74909411799996, -9.137745652703712 ], [ -35.749008559999936, -9.137568136703708 ], [ -35.748690844999942, -9.137434368703703 ], [ -35.748227383999954, -9.137353510703717 ], [ -35.747814493999954, -9.13718710370372 ], [ -35.747625339999956, -9.136994657703706 ], [ -35.747447604999934, -9.136860279703722 ], [ -35.747247001999938, -9.136733134703707 ], [ -35.747110286999941, -9.136749347703743 ], [ -35.746951576999948, -9.136739437703726 ], [ -35.746866906999969, -9.136723286703713 ], [ -35.746756460999954, -9.136713995703747 ], [ -35.746734795999942, -9.136688414703757 ], [ -35.746616574999962, -9.136697912703756 ], [ -35.746340294999982, -9.136673866703735 ], [ -35.746063927999948, -9.136653113703733 ], [ -35.745829948999976, -9.136604559703745 ], [ -35.745570655999984, -9.136564264703733 ], [ -35.745279107999977, -9.136486522703752 ], [ -35.745170341999938, -9.136447183703748 ], [ -35.745011552999983, -9.136305845703758 ], [ -35.744871481999958, -9.136071947703741 ], [ -35.744845746999943, -9.13583471470373 ], [ -35.744786639999973, -9.135601178703748 ], [ -35.744646780999979, -9.135445142703791 ], [ -35.744452630999945, -9.135397984703758 ], [ -35.744602867999959, -9.135165832703791 ], [ -35.744886816999951, -9.13527197670377 ], [ -35.745054635999963, -9.135461464703754 ], [ -35.745394706999946, -9.135709827703765 ], [ -35.745398806999958, -9.135714077703787 ], [ -35.74571612099993, -9.135955826703773 ], [ -35.745723226999985, -9.13595986670374 ], [ -35.746068351999952, -9.136045660703765 ], [ -35.746376633999951, -9.136099793703758 ], [ -35.746383021999975, -9.136099733703769 ], [ -35.746478391999972, -9.13607942670377 ], [ -35.746516407999934, -9.136051736703742 ], [ -35.746564283999938, -9.136019838703772 ], [ -35.746754974999931, -9.135938586703746 ], [ -35.746813904999954, -9.135938925703742 ], [ -35.746899546999948, -9.136011393703777 ], [ -35.747034783999936, -9.136031861703783 ], [ -35.747133777999977, -9.135999389703741 ], [ -35.74721141699996, -9.135930251703776 ], [ -35.747327046999942, -9.13584105370377 ], [ -35.747408105999966, -9.135745851703767 ], [ -35.747463951999976, -9.135654117703742 ], [ -35.747540209999961, -9.135575203703777 ], [ -35.747617541999944, -9.135499182703793 ], [ -35.74769402499993, -9.135460256703798 ], [ -35.747750458, -9.135357220703751 ], [ -35.747736559999964, -9.135278170703806 ], [ -35.747766729999967, -9.135196226703762 ], [ -35.74801145899994, -9.13501805870378 ], [ -35.748102751999966, -9.134873603703783 ], [ -35.748190627999975, -9.134763916703767 ], [ -35.748248223999951, -9.134726806703778 ], [ -35.748393804999978, -9.134448466703814 ], [ -35.748446111999947, -9.134272556703825 ], [ -35.748516854999927, -9.13413857770383 ], [ -35.74857067399995, -9.133997270703802 ], [ -35.748702669999943, -9.133872639703803 ], [ -35.748873179999983, -9.133910026703822 ], [ -35.748815201999946, -9.134206295703795 ], [ -35.748744794999936, -9.134315371703797 ], [ -35.748843406999981, -9.13439893970377 ], [ -35.748915678999943, -9.134402975703782 ], [ -35.748924598999963, -9.134412146703827 ], [ -35.748984745999969, -9.134434668703827 ], [ -35.749134201999937, -9.134511770703797 ], [ -35.749128818999964, -9.134607292703775 ], [ -35.749064934999979, -9.134666283703773 ], [ -35.748994847999938, -9.134755582703793 ], [ -35.748863976999985, -9.13482711170376 ], [ -35.748810068999937, -9.134875723703756 ], [ -35.748795360999964, -9.13501600470379 ], [ -35.748939992999965, -9.135061986703798 ], [ -35.749200341999938, -9.135017718703791 ], [ -35.749366349999946, -9.135000477703768 ], [ -35.749489977999929, -9.134954920703807 ], [ -35.749578309999947, -9.134936161703806 ], [ -35.749671496999952, -9.134907998703778 ], [ -35.749798571999975, -9.134863051703789 ], [ -35.750095410999954, -9.13489879170378 ], [ -35.750167018999946, -9.134897236703793 ], [ -35.750231504999931, -9.134907955703779 ], [ -35.750346528999955, -9.134966171703789 ], [ -35.750542, -9.135024815703769 ], [ -35.750662435999963, -9.135217592703761 ], [ -35.750686137999935, -9.135346385703802 ], [ -35.750821195999947, -9.135356837703769 ], [ -35.750963184999932, -9.135295791703792 ], [ -35.751144529999983, -9.135282168703755 ], [ -35.751197343999927, -9.135196834703756 ], [ -35.751235290999944, -9.135114837703759 ], [ -35.751327711999977, -9.134926118703774 ], [ -35.751386183999955, -9.134708043703812 ], [ -35.751519711999947, -9.134583902703802 ], [ -35.751417845999981, -9.134526689703819 ], [ -35.751296494999963, -9.134446771703789 ], [ -35.751156907999984, -9.13428998370382 ], [ -35.751073124999948, -9.134092825703828 ], [ -35.750992623999927, -9.133786333703849 ], [ -35.750865119999958, -9.133708279703821 ], [ -35.750789643999951, -9.133625655703808 ], [ -35.750737534999978, -9.13347984070381 ], [ -35.750674812999932, -9.13334737670383 ], [ -35.750574746999973, -9.133211888703823 ], [ -35.750611061999962, -9.133067333703861 ], [ -35.75082036699996, -9.132902572703864 ], [ -35.750897729999963, -9.13282845870383 ], [ -35.750950105999955, -9.132743414703834 ], [ -35.750952307999974, -9.132671343703867 ], [ -35.750926869999944, -9.132556582703844 ], [ -35.75086659599998, -9.132482089703851 ], [ -35.750829987999957, -9.132274631703879 ], [ -35.75084936899998, -9.13205517870388 ], [ -35.750877302999982, -9.131968004703902 ], [ -35.750893221999945, -9.13189191470385 ], [ -35.750938856999937, -9.131822866703855 ], [ -35.750970992999953, -9.131751356703857 ], [ -35.751006449999977, -9.131706418703889 ], [ -35.751053270999932, -9.131634572703863 ], [ -35.751086052999938, -9.131445824703901 ], [ -35.751141727999936, -9.13135916170391 ], [ -35.751202161999963, -9.131277271703926 ], [ -35.751305461999948, -9.131154083703901 ], [ -35.751417363999963, -9.13104215170392 ], [ -35.751432439999974, -9.130926780703932 ], [ -35.751433111999965, -9.130804557703932 ], [ -35.751428579999981, -9.130661559703931 ], [ -35.751390847999971, -9.130539826703924 ], [ -35.751306342999953, -9.130416581703923 ], [ -35.75101094799993, -9.130474658703926 ], [ -35.750724030999955, -9.130499717703927 ], [ -35.75049251799993, -9.130468537703917 ], [ -35.750396455999976, -9.130405470703932 ], [ -35.750419146999945, -9.130245269703916 ], [ -35.750620401999981, -9.130269282703939 ], [ -35.750881078999953, -9.130242346703954 ], [ -35.751116206999939, -9.130178946703907 ], [ -35.751462870999944, -9.130159923703923 ], [ -35.751709932, -9.130161280703954 ], [ -35.751954158999979, -9.13032158570395 ], [ -35.752147122999936, -9.130636074703895 ], [ -35.752200567999978, -9.13069037470394 ], [ -35.752267168999936, -9.130567131703925 ] ] ] } },
{ "type": "Feature", "properties": { "num_setor": "AL_JQ_SR_06_CPRM", "munic": "JOAQUIM GOMES", "grau_risco": "Alto", "distancia_km": 1.52, "chuva_24h": 0.3, "chuva_72h": 1.8, "fonte_estacao": "openmeteo", "codigo_estacao": "openmeteo", "nome_estacao": "Open-Meteo (célula de grade)" }, "geometry": { "type": "Polygon", "coordinates": [ [ [ -35.750188765999951, -9.134811165703802 ], [ -35.750179308999975, -9.134772877703814 ], [ -35.750179973999934, -9.134694941703795 ], [ -35.750277468999968, -9.1346965807038 ], [ -35.750392728999941, -9.134746599703806 ], [ -35.750436777999937, -9.134775611703779 ], [ -35.750477812999975, -9.13479906970376 ], [ -35.750513983999952, -9.134847104703782 ], [ -35.750476900999956, -9.134889667703808 ], [ -35.750396623999961, -9.134865275703804 ], [ -35.750326023999946, -9.134854007703769 ], [ -35.750278140999967, -9.134871243703781 ], [ -35.750241821999964, -9.134867291703802 ], [ -35.750188765999951, -9.134811165703802 ] ] ] } },
{ "type": "Feature", "properties": { "num_setor": "AL_JQ_SR_07_CPRM", "munic": "JOAQUIM GOMES", "grau_risco": "Alto", "distancia_km": 1.57, "chuva_24h": 0.3, "chuva_72h": 1.8, "fonte_estacao": "openmeteo", "codigo_estacao": "openmeteo", "nome_estacao": "Open-Meteo (célula de grade)" }, "geometry": { "type": "Polygon", "coordinates": [ [ [ -35.754631501999938, -9.1372959187037 ], [ -35.754641763999985, -9.137218821703724 ], [ -35.754666156999974, -9.13714216370372 ], [ -35.754849113999967, -9.137057537703734 ], [ -35.754985718999933, -9.137009809703704 ], [ -35.755024615999957, -9.137081792703702 ], [ -35.755081738999934, -9.137137889703723 ], [ -35.755163785999969, -9.137243607703708 ], [ -35.755298642999954, -9.137384521703687 ], [ -35.755407214999934, -9.137472058703699 ], [ -35.755341168999962, -9.137578746703712 ], [ -35.755202937999975, -9.13750027570372 ], [ -35.755102910999938, -9.137401056703728 ], [ -35.755056737999951, -9.13742026270373 ], [ -35.754918461999978, -9.137640574703726 ], [ -35.754856606999965, -9.137823318703695 ], [ -35.754800430999978, -9.137921216703669 ], [ -35.754751819999967, -9.137923492703697 ], [ -35.754714212999943, -9.137911079703716 ], [ -35.75467832399994, -9.137899854703685 ], [ -35.754617802999974, -9.137898521703683 ], [ -35.754595217999963, -9.137820294703671 ], [ -35.754615126999965, -9.137659786703704 ], [ -35.754640768999927, -9.137418509703728 ], [ -35.754631501999938, -9.1372959187037 ] ] ] } },
{ "type": "Feature", "properties": { "num_setor": "AL_JQ_SR_04_CPRM", "munic": "JOAQUIM GOMES", "grau_risco": "Alto", "distancia_km": 1.59, "chuva_24h": 0.3, "chuva_72h": 1.8, "fonte_estacao": "openmeteo", "codigo_estacao": "openmeteo", "nome_estacao": "Open-Meteo (célula de grade)" }, "geometry": { "type": "Polygon", "coordinates": [ [ [ -35.752961472999971, -9.135968294703742 ], [ -35.752951060999983, -9.135917054703739 ], [ -35.75301026599994, -9.135819023703748 ], [ -35.753045082999961, -9.135763238703781 ], [ -35.753097493, -9.135673704703741 ], [ -35.753151421999974, -9.135598615703797 ], [ -35.753184641999951, -9.135559880703765 ], [ -35.753304229999969, -9.135451288703763 ], [ -35.753338, -9.135464236703765 ], [ -35.753391945999958, -9.135533048703758 ], [ -35.753458925999951, -9.135584263703741 ], [ -35.753462085999956, -9.135650713703763 ], [ -35.753436505999957, -9.135711679703741 ], [ -35.753477365999977, -9.135742278703756 ], [ -35.753518920999966, -9.135761534703773 ], [ -35.753619112999957, -9.135813568703744 ], [ -35.753675247999972, -9.13588274470375 ], [ -35.753631954999946, -9.135900991703762 ], [ -35.753564559999973, -9.135921272703753 ], [ -35.753477563999979, -9.135939625703777 ], [ -35.753296610999939, -9.13596655470378 ], [ -35.753129541999954, -9.135985610703761 ], [ -35.752982373999942, -9.135993039703763 ], [ -35.752961472999971, -9.135968294703742 ] ] ] } },
{ "type": "Feature", "properties": { "num_setor": "AL_JQ_SR_05_CPRM", "munic": "JOAQUIM GOMES", "grau_risco": "Alto", "distancia_km": 1.8, "chuva_24h": 0.3, "chuva_72h": 1.8, "fonte_estacao": "openmeteo", "codigo_estacao": "openmeteo", "nome_estacao": "Open-Meteo (célula de grade)" }, "geometry": { "type": "Polygon", "coordinates": [ [ [ -35.750916895999978, -9.131419623703872 ], [ -35.75108287399997, -9.131189108703884 ], [ -35.751173208999944, -9.131039281703918 ], [ -35.751299651999943, -9.130912534703896 ], [ -35.751321579999967, -9.130933190703898 ], [ -35.751370038999937, -9.130973354703938 ], [ -35.751342227999942, -9.131035514703903 ], [ -35.751288509999931, -9.131120872703884 ], [ -35.75123758999996, -9.131177751703877 ], [ -35.751161097999955, -9.131287726703919 ], [ -35.751054358999966, -9.131446418703872 ], [ -35.750957278999977, -9.13162812270386 ], [ -35.75094913199996, -9.131688601703871 ], [ -35.750936642999932, -9.131717737703893 ], [ -35.750894398999954, -9.131777389703903 ], [ -35.750819778999976, -9.131826562703875 ], [ -35.75075882699997, -9.1318860087039 ], [ -35.750674419999939, -9.131953752703875 ], [ -35.75061205999998, -9.132073229703865 ], [ -35.750634598999966, -9.13219491470387 ], [ -35.750601979999942, -9.132361206703886 ], [ -35.750417003999985, -9.132626622703865 ], [ -35.750391635999954, -9.132727016703882 ], [ -35.750226047999938, -9.132905683703871 ], [ -35.750212964999946, -9.132972988703834 ], [ -35.750247539999968, -9.133046390703827 ], [ -35.750183212999957, -9.133191526703836 ], [ -35.750083570999948, -9.133267538703862 ], [ -35.750105694999952, -9.133372797703801 ], [ -35.750023989999924, -9.133422681703824 ], [ -35.749978014999954, -9.13345291470384 ], [ -35.749901277999982, -9.133442681703835 ], [ -35.749791813999934, -9.133288873703846 ], [ -35.749847813999963, -9.133198120703849 ], [ -35.74990637399997, -9.133087641703849 ], [ -35.749926565999942, -9.132946284703841 ], [ -35.749995508999973, -9.132788209703845 ], [ -35.750115736999931, -9.13261491570387 ], [ -35.750238829999944, -9.13248775670389 ], [ -35.750305494999964, -9.132361794703868 ], [ -35.75026493699994, -9.132316551703873 ], [ -35.750217577999933, -9.132278950703851 ], [ -35.750171363999982, -9.132226068703872 ], [ -35.75012417399995, -9.132171626703858 ], [ -35.750088079999955, -9.132102445703898 ], [ -35.750048361999973, -9.132114316703863 ], [ -35.750014736999958, -9.132067891703874 ], [ -35.750027810999931, -9.132011783703852 ], [ -35.750040615999978, -9.131979129703859 ], [ -35.750122714999975, -9.132003738703894 ], [ -35.75016879399994, -9.13203169770386 ], [ -35.750208821999934, -9.132002238703894 ], [ -35.75022641399994, -9.131957462703863 ], [ -35.750247870999942, -9.131939992703872 ], [ -35.750287665999963, -9.131946105703857 ], [ -35.750342945999932, -9.131963991703879 ], [ -35.750377062999974, -9.131888189703854 ], [ -35.750444086999948, -9.131772096703886 ], [ -35.750511840999934, -9.131711336703887 ], [ -35.750636260999954, -9.131587009703912 ], [ -35.750702905999958, -9.13149194970388 ], [ -35.750747806999989, -9.131443293703892 ], [ -35.750858261999952, -9.131479607703891 ], [ -35.750916895999978, -9.131419623703872 ] ] ] } },
{ "type": "Feature", "properties": { "num_setor": "AL_FD_SR_02_CPRM", "munic": "FELIZ DESERTO", "grau_risco": "Alto", "distancia_km": 1.28, "chuva_24h": 1.7, "chuva_72h": 8.1, "fonte_estacao": "openmeteo", "codigo_estacao": "openmeteo", "nome_estacao": "Open-Meteo (célula de grade)" }, "geometry": { "type": "Polygon", "coordinates": [ [ [ -36.311808867999964, -10.343947693666202 ], [ -36.311276606999968, -10.342576169666266 ], [ -36.311288874999946, -10.341052646666308 ], [ -36.310650459999977, -10.336904021666415 ], [ -36.31061746499995, -10.335437816666468 ], [ -36.310981801999958, -10.33465821566652 ], [ -36.311620422999965, -10.33420350066649 ], [ -36.313189424999962, -10.33295938466658 ], [ -36.313766328999982, -10.332003034666583 ], [ -36.313999026999973, -10.33043461266664 ], [ -36.313784303999967, -10.328456121666711 ], [ -36.314130700999947, -10.326789508666765 ], [ -36.31479051599996, -10.326099690666776 ], [ -36.315087164999966, -10.325254060666783 ], [ -36.314975274999931, -10.323088792666846 ], [ -36.316679097999952, -10.322261141666873 ], [ -36.317552629999966, -10.327385203666703 ], [ -36.318091331999945, -10.330957449666629 ], [ -36.318843300999959, -10.334171459666493 ], [ -36.319422712999938, -10.337599938666427 ], [ -36.319718759999944, -10.33972410166632 ], [ -36.319969624999942, -10.341376353666316 ], [ -36.314373759999967, -10.343995981666223 ], [ -36.311808867999964, -10.343947693666202 ] ] ] } },
{ "type": "Feature", "properties": { "num_setor": "AL_FD_SR_03_CPRM", "munic": "FELIZ DESERTO", "grau_risco": "Alto", "distancia_km": 0.97, "chuva_24h": 1.7, "chuva_72h": 8.1, "fonte_estacao": "openmeteo", "codigo_estacao": "openmeteo", "nome_estacao": "Open-Meteo (célula de grade)" }, "geometry": { "type": "Polygon", "coordinates": [ [ [ -36.305132303999983, -10.2914148266678 ], [ -36.304614528999942, -10.290829757667868 ], [ -36.303331088999983, -10.289351876667887 ], [ -36.302914333999979, -10.288839786667932 ], [ -36.302912134999929, -10.288823102667928 ], [ -36.303022231999933, -10.288796704667938 ], [ -36.303155733999972, -10.288777802667918 ], [ -36.303481624999961, -10.288968394667879 ], [ -36.303775278999979, -10.289012444667916 ], [ -36.30397047099995, -10.289127078667921 ], [ -36.304162910999942, -10.289342851667888 ], [ -36.304363456999965, -10.289588926667884 ], [ -36.304611470999937, -10.289821808667856 ], [ -36.30495644999997, -10.29016009366784 ], [ -36.305140795999939, -10.290403586667864 ], [ -36.305377728999936, -10.290657585667848 ], [ -36.30571501299994, -10.291077667667842 ], [ -36.30605264299993, -10.291378037667826 ], [ -36.306345995999948, -10.291433715667843 ], [ -36.306632996999952, -10.291522069667799 ], [ -36.307090553999963, -10.291543060667848 ], [ -36.307693755999935, -10.291475912667817 ], [ -36.308232879999935, -10.291422342667838 ], [ -36.308811992999949, -10.291347890667808 ], [ -36.309205018999926, -10.291316640667866 ], [ -36.309327516999929, -10.291410057667816 ], [ -36.309258274999934, -10.291851416667834 ], [ -36.30853861199995, -10.29188982166783 ], [ -36.308061436999935, -10.291920273667811 ], [ -36.307762416999935, -10.291945716667831 ], [ -36.307291106999976, -10.291959809667844 ], [ -36.306743894999954, -10.291986555667789 ], [ -36.306387841999936, -10.29198265766779 ], [ -36.306164807999949, -10.291974740667786 ], [ -36.305827791999945, -10.291924214667802 ], [ -36.305561329999925, -10.291790464667828 ], [ -36.30536623699993, -10.29162737666781 ], [ -36.305132303999983, -10.2914148266678 ] ] ] } },
{ "type": "Feature", "properties": { "num_setor": "AL_CLE_SR_01_CPRM", "munic": "COLÔNIA LEOPOLDINA", "grau_risco": "Alto", "distancia_km": 1.0, "chuva_24h": 0.7, "chuva_72h": 2.5, "fonte_estacao": "openmeteo", "codigo_estacao": "openmeteo", "nome_estacao": "Open-Meteo (célula de grade)" }, "geometry": { "type": "Polygon", "coordinates": [ [ [ -35.724338672999977, -8.903399756711019 ], [ -35.725573706999967, -8.903099180711063 ], [ -35.726972544999974, -8.902879339711077 ], [ -35.72799674099997, -8.902801137711082 ], [ -35.728793369999948, -8.903109867711049 ], [ -35.729087728999957, -8.903769347711048 ], [ -35.728967975999979, -8.904461713711033 ], [ -35.728550671999983, -8.905823725710952 ], [ -35.728571819999956, -8.906334235710963 ], [ -35.728522147999968, -8.906815148710937 ], [ -35.728459212999951, -8.907367527710919 ], [ -35.728434331999956, -8.907776317710894 ], [ -35.728450783999961, -8.908288066710883 ], [ -35.72823559099993, -8.908881392710866 ], [ -35.728121263999981, -8.909390667710857 ], [ -35.728007644999927, -8.910548102710807 ], [ -35.728040611999972, -8.911033419710819 ], [ -35.727999574999956, -8.91130472371078 ], [ -35.728001830999965, -8.911471369710799 ], [ -35.727970686999981, -8.911816700710794 ], [ -35.727973875999965, -8.91205773571077 ], [ -35.727965456999982, -8.912329330710774 ], [ -35.727899532999977, -8.912595244710781 ], [ -35.727867296999932, -8.912947955710715 ], [ -35.72785715599997, -8.913235150710758 ], [ -35.727825521999932, -8.913492316710743 ], [ -35.727814556999931, -8.913869157710721 ], [ -35.727696320999947, -8.913961163710706 ], [ -35.727473936999957, -8.913991080710707 ], [ -35.727200645999972, -8.913952410710728 ], [ -35.726944388999982, -8.913882743710746 ], [ -35.726677353999946, -8.913843834710732 ], [ -35.726443026999959, -8.913765846710742 ], [ -35.726302370999967, -8.913703156710698 ], [ -35.726163963999966, -8.913545182710717 ], [ -35.726090758999931, -8.913288878710716 ], [ -35.726087793999966, -8.913093458710767 ], [ -35.726093202999948, -8.91288683271075 ], [ -35.726080224999976, -8.912752908710745 ], [ -35.726084987999968, -8.912566593710741 ], [ -35.726084752999952, -8.912247418710741 ], [ -35.726123215999962, -8.912062925710794 ], [ -35.726068178999981, -8.91189389671079 ], [ -35.725933748999985, -8.911813163710791 ], [ -35.725773552999954, -8.911686656710792 ], [ -35.725784422999936, -8.911522228710792 ], [ -35.725771322999947, -8.911215778710817 ], [ -35.725866697999948, -8.910709393710844 ], [ -35.725833199999954, -8.910347983710812 ], [ -35.725559085999976, -8.910237172710804 ], [ -35.724946, -8.910208999710829 ], [ -35.724336679999965, -8.909955236710847 ], [ -35.724008314999935, -8.90986957671082 ], [ -35.72365427099993, -8.909799058710854 ], [ -35.72335158399995, -8.909748223710835 ], [ -35.722994663999941, -8.909705393710853 ], [ -35.722555, -8.909546999710875 ], [ -35.722259410999982, -8.909510872710831 ], [ -35.721916767999971, -8.90955370271087 ], [ -35.721704586999977, -8.909486614710829 ], [ -35.721417390999932, -8.909481852710831 ], [ -35.721034889999942, -8.909433993710831 ], [ -35.720796757999949, -8.909395411710891 ], [ -35.720756446999928, -8.909258010710875 ], [ -35.720681983999953, -8.909050128710891 ], [ -35.72067355099994, -8.908817632710875 ], [ -35.720676234999985, -8.908597302710888 ], [ -35.720472435999966, -8.908539457710877 ], [ -35.720320150999953, -8.908444279710903 ], [ -35.720015578999949, -8.908349100710881 ], [ -35.719408469999962, -8.908051394710915 ], [ -35.71729109599994, -8.907840490710901 ], [ -35.71643449, -8.907697723710898 ], [ -35.715977434999957, -8.907325958710901 ], [ -35.715980030999951, -8.906869042710957 ], [ -35.715929858999971, -8.906184604710967 ], [ -35.715933269999937, -8.905616114710948 ], [ -35.716021636999983, -8.904738175711014 ], [ -35.716039854999963, -8.903791486711054 ], [ -35.716116252999946, -8.903071818711034 ], [ -35.716366131999962, -8.902903850711068 ], [ -35.717069825999943, -8.902888057711079 ], [ -35.717804067999964, -8.902984803711078 ], [ -35.718789520999962, -8.903077478711037 ], [ -35.719773824999947, -8.902982055711032 ], [ -35.720985322999979, -8.903401405711035 ], [ -35.722271758999966, -8.903619045711046 ], [ -35.723304460999941, -8.903622574711012 ], [ -35.724338672999977, -8.903399756711019 ] ] ] } },
{ "type": "Feature", "properties": { "num_setor": "AL_FD_SR_01_CPRM", "munic": "FELIZ DESERTO", "grau_risco": "Alto", "distancia_km": 0.81, "chuva_24h": 1.7, "chuva_72h": 8.1, "fonte_estacao": "openmeteo", "codigo_estacao": "openmeteo", "nome_estacao": "Open-Meteo (célula de grade)" }, "geometry": { "type": "Polygon", "coordinates": [ [ [ -36.297060329999965, -10.286993459667974 ], [ -36.29727525, -10.286784681667974 ], [ -36.297483891999946, -10.286601318667971 ], [ -36.297720481999932, -10.286381761667993 ], [ -36.298313264999933, -10.285917004667972 ], [ -36.298084124999939, -10.285596310668002 ], [ -36.299146532999941, -10.284717811668022 ], [ -36.299961592999971, -10.285569824668036 ], [ -36.300421123999968, -10.286038984667988 ], [ -36.302008085999944, -10.287742739667934 ], [ -36.302323430999934, -10.288106304667902 ], [ -36.302566206999984, -10.288525908667896 ], [ -36.302792322999942, -10.288826917667874 ], [ -36.303092917999948, -10.289227929667932 ], [ -36.30337484599994, -10.289538090667877 ], [ -36.303558255999974, -10.289773724667899 ], [ -36.303786819999971, -10.290002552667886 ], [ -36.30399107799996, -10.290260017667883 ], [ -36.304157080999971, -10.290469593667849 ], [ -36.304328773999941, -10.290753755667858 ], [ -36.304478423999967, -10.290996105667855 ], [ -36.30462429499994, -10.291186841667827 ], [ -36.30486372799993, -10.291423462667817 ], [ -36.305150533999957, -10.291655084667813 ], [ -36.305315224999958, -10.291780660667824 ], [ -36.305394195999952, -10.291931260667809 ], [ -36.305563823999933, -10.292223960667791 ], [ -36.305697777999967, -10.292533066667804 ], [ -36.305881929999941, -10.292935790667768 ], [ -36.306109092999975, -10.293109802667761 ], [ -36.306259700999924, -10.293188072667773 ], [ -36.306530356999929, -10.292947675667756 ], [ -36.306728045999932, -10.292803907667775 ], [ -36.306906874999981, -10.292724878667764 ], [ -36.307069367999929, -10.292558550667806 ], [ -36.307128610999939, -10.292441637667803 ], [ -36.307224555999937, -10.292272842667828 ], [ -36.307395455999938, -10.292046890667789 ], [ -36.307561747999955, -10.292032608667791 ], [ -36.307698521999953, -10.292019869667788 ], [ -36.307999677999931, -10.291994855667827 ], [ -36.308186402999979, -10.291977472667831 ], [ -36.308491142999969, -10.29196293266784 ], [ -36.30871321099994, -10.291957664667786 ], [ -36.308965959999966, -10.291959258667811 ], [ -36.309280773999937, -10.291920056667834 ], [ -36.30951837799995, -10.291894602667803 ], [ -36.310061459999929, -10.29184627566781 ], [ -36.310176099999978, -10.291983791667796 ], [ -36.310247845999982, -10.292294042667814 ], [ -36.310194871999947, -10.292703987667807 ], [ -36.309988045999944, -10.293226758667755 ], [ -36.309951555999923, -10.293297179667787 ], [ -36.309566353999969, -10.293626413667765 ], [ -36.30916640199996, -10.294008022667743 ], [ -36.309058451999931, -10.294146956667737 ], [ -36.308887653999932, -10.294228193667754 ], [ -36.308658976999936, -10.293984924667752 ], [ -36.308275038999959, -10.293583971667772 ], [ -36.308042156999939, -10.293349880667741 ], [ -36.307799952999972, -10.293096424667754 ], [ -36.307526349999939, -10.293346367667775 ], [ -36.307350749999955, -10.293540747667754 ], [ -36.30729632099996, -10.293512143667781 ], [ -36.307353434999982, -10.293405300667768 ], [ -36.307545397999938, -10.293165540667772 ], [ -36.307676558999958, -10.293012636667768 ], [ -36.307430809999971, -10.292794072667816 ], [ -36.307256776999957, -10.292671020667772 ], [ -36.307025318999933, -10.292732896667784 ], [ -36.306849751999948, -10.292859244667762 ], [ -36.306463189999924, -10.293203867667803 ], [ -36.306508015999952, -10.293320729667766 ], [ -36.306557211999966, -10.293447955667778 ], [ -36.306640665999964, -10.29370357166777 ], [ -36.306781568999952, -10.293778869667729 ], [ -36.307097046999957, -10.293894741667764 ], [ -36.307094171999942, -10.294010337667757 ], [ -36.307101020999944, -10.294274620667734 ], [ -36.307085326999989, -10.29446306866774 ], [ -36.307175953999945, -10.294576104667751 ], [ -36.307239953999961, -10.294681517667724 ], [ -36.307384764999938, -10.294943281667734 ], [ -36.307602965999934, -10.295265295667722 ], [ -36.307987958999945, -10.295805632667665 ], [ -36.308501214999978, -10.296566539667676 ], [ -36.308920303999969, -10.297273542667659 ], [ -36.309152903999966, -10.29769187666766 ], [ -36.308476202999941, -10.29815130466765 ], [ -36.307907370999942, -10.298525295667627 ], [ -36.307821192999938, -10.298407770667628 ], [ -36.307403117999968, -10.297692577667631 ], [ -36.307068853999965, -10.297130962667671 ], [ -36.306841272999975, -10.29685111866765 ], [ -36.306631974999966, -10.296619568667685 ], [ -36.306220074999942, -10.296135293667684 ], [ -36.305848061999939, -10.295723955667707 ], [ -36.30566970499995, -10.295431598667676 ], [ -36.305469685999981, -10.295206933667723 ], [ -36.305445488999965, -10.295251719667705 ], [ -36.305375903999959, -10.295473222667681 ], [ -36.305425336999981, -10.295525071667722 ], [ -36.305565445999939, -10.295741376667694 ], [ -36.305633494999931, -10.295958080667715 ], [ -36.305899414999949, -10.296654540667666 ], [ -36.306030144999966, -10.297004989667649 ], [ -36.305977365999979, -10.297095005667646 ], [ -36.306029544999944, -10.297384967667654 ], [ -36.306205316999979, -10.297845796667659 ], [ -36.306412425999952, -10.298270430667598 ], [ -36.306403490999969, -10.298645885667627 ], [ -36.306539655999984, -10.298952324667599 ], [ -36.306739602999983, -10.299417468667571 ], [ -36.306984997999962, -10.299943215667582 ], [ -36.304846859999941, -10.300274215667537 ], [ -36.304811296999958, -10.300184159667568 ], [ -36.304766720999964, -10.300128713667588 ], [ -36.304704226999938, -10.299999823667552 ], [ -36.304320444999981, -10.29928134366758 ], [ -36.303707691999932, -10.298118990667636 ], [ -36.303446714999957, -10.297549833667622 ], [ -36.303263253999944, -10.296613646667673 ], [ -36.303144362999944, -10.296191570667684 ], [ -36.303031865999969, -10.295498147667727 ], [ -36.303175334999928, -10.294704999667735 ], [ -36.303245376999946, -10.294106072667761 ], [ -36.303199201999966, -10.293218201667759 ], [ -36.303109223999968, -10.292537624667805 ], [ -36.302596509999944, -10.292198438667802 ], [ -36.302172107999979, -10.291928253667825 ], [ -36.302105509999933, -10.291342279667859 ], [ -36.301784313999981, -10.291014804667864 ], [ -36.301690845999929, -10.290695493667872 ], [ -36.301507481999977, -10.29057185566783 ], [ -36.301169325999979, -10.290322543667845 ], [ -36.300862338999934, -10.289892219667877 ], [ -36.300444139999968, -10.289501768667904 ], [ -36.299850391999946, -10.288798405667908 ], [ -36.299468730999934, -10.288180447667914 ], [ -36.299160017999952, -10.287747899667936 ], [ -36.298566131999955, -10.28704870566796 ], [ -36.298298939999938, -10.287257084667965 ], [ -36.298030982999933, -10.287438120667973 ], [ -36.298107345999938, -10.28759891366793 ], [ -36.298217723999983, -10.287844485667911 ], [ -36.29832575699993, -10.288108619667927 ], [ -36.298488504999966, -10.288295957667904 ], [ -36.298797328999967, -10.288612972667904 ], [ -36.299126205999983, -10.288999644667888 ], [ -36.299383435999971, -10.289316445667868 ], [ -36.299499489999953, -10.289442822667887 ], [ -36.29971652699993, -10.289727204667892 ], [ -36.299893376999925, -10.289937955667883 ], [ -36.300076241999932, -10.290141529667887 ], [ -36.30024035799994, -10.290373962667886 ], [ -36.300426571999935, -10.290646338667878 ], [ -36.300591371999928, -10.290882513667869 ], [ -36.300551462999984, -10.290949721667831 ], [ -36.300436773999934, -10.291095007667845 ], [ -36.300371432999945, -10.291205843667809 ], [ -36.300417705999962, -10.291262954667863 ], [ -36.300600024999937, -10.291477725667795 ], [ -36.300773368999955, -10.291633721667845 ], [ -36.300890212999946, -10.29172404066782 ], [ -36.300913044999959, -10.291792104667824 ], [ -36.300924233999979, -10.291988303667825 ], [ -36.30079868699994, -10.292128062667809 ], [ -36.300571908999984, -10.292214194667773 ], [ -36.300479278999951, -10.292175850667819 ], [ -36.30031185699994, -10.291982848667823 ], [ -36.29978304399998, -10.291407936667852 ], [ -36.299143969999932, -10.290657781667823 ], [ -36.29825479699997, -10.289652847667877 ], [ -36.297691422999954, -10.288992458667879 ], [ -36.296725902999981, -10.28786778266795 ], [ -36.29670522999993, -10.28774501666795 ], [ -36.296705552999974, -10.287363045667943 ], [ -36.296706445999973, -10.28736006166795 ], [ -36.297060329999965, -10.286993459667974 ] ] ] } },
{ "type": "Feature", "properties": { "num_setor": "AL_JEQUIAD_SR_3_CPRM", "munic": "JEQUIÁ DA PRAIA", "grau_risco": "Muito alto", "distancia_km": 1.64, "chuva_24h": 0.7, "chuva_72h": 6.1, "fonte_estacao": "openmeteo", "codigo_estacao": "openmeteo", "nome_estacao": "Open-Meteo (célula de grade)" }, "geometry": { "type": "Polygon", "coordinates": [ [ [ -36.027166253999951, -10.008705765676545 ], [ -36.027219847999959, -10.008694128676552 ], [ -36.027271452999969, -10.008727044676556 ], [ -36.027252149999981, -10.008822214676567 ], [ -36.027236892999952, -10.008897438676563 ], [ -36.027188901999978, -10.009071768676554 ], [ -36.02712374999993, -10.009130248676557 ], [ -36.027097345999948, -10.009153948676547 ], [ -36.027036881999948, -10.009170086676578 ], [ -36.027013745999966, -10.009214051676549 ], [ -36.026986090999969, -10.009294352676573 ], [ -36.026985885999977, -10.009374863676532 ], [ -36.026997274999921, -10.009443311676568 ], [ -36.027019453999969, -10.009597065676562 ], [ -36.027025433999938, -10.00969493867651 ], [ -36.027036798999966, -10.00981524667653 ], [ -36.027046072999951, -10.009904437676557 ], [ -36.027079197999967, -10.010011704676531 ], [ -36.027134654999941, -10.010265781676541 ], [ -36.027117144999977, -10.010315356676536 ], [ -36.027041726999983, -10.010547347676496 ], [ -36.027015336999966, -10.010657627676489 ], [ -36.026978796999977, -10.010712076676496 ], [ -36.02691850399998, -10.010801921676483 ], [ -36.026852431999941, -10.010954997676484 ], [ -36.026852807999944, -10.011099285676474 ], [ -36.026866955999935, -10.011311076676495 ], [ -36.026864499999931, -10.011451446676482 ], [ -36.026855998999963, -10.011576629676515 ], [ -36.026878429999961, -10.011682203676475 ], [ -36.026917829999945, -10.011751224676475 ], [ -36.026962060999949, -10.011816000676463 ], [ -36.026970754999979, -10.011889864676464 ], [ -36.026985422999935, -10.011970165676484 ], [ -36.026978801999967, -10.012116992676463 ], [ -36.026958309999934, -10.012172903676468 ], [ -36.026927413999935, -10.012257196676444 ], [ -36.026912829999958, -10.012296987676454 ], [ -36.026707175999938, -10.012132545676486 ], [ -36.026564534999977, -10.011763952676478 ], [ -36.026543581999931, -10.011680945676488 ], [ -36.02646503099993, -10.011692754676487 ], [ -36.026449328999945, -10.011638636676508 ], [ -36.026420961999975, -10.011540866676482 ], [ -36.02646960199997, -10.011495380676509 ], [ -36.026478223999959, -10.011448166676507 ], [ -36.026517735999953, -10.011428605676516 ], [ -36.02652064199998, -10.011377563676461 ], [ -36.026513593999937, -10.011301395676503 ], [ -36.026514637999973, -10.011243396676472 ], [ -36.026491010999962, -10.011152298676487 ], [ -36.026510010999971, -10.01109644267647 ], [ -36.026611252999942, -10.011059184676508 ], [ -36.026638976999948, -10.010933859676518 ], [ -36.026668193999967, -10.010844121676534 ], [ -36.026726262999944, -10.010726863676483 ], [ -36.026796066999957, -10.01064468267651 ], [ -36.026852711999936, -10.010516804676518 ], [ -36.026880809999973, -10.010414502676493 ], [ -36.026903263999941, -10.010337032676498 ], [ -36.026906434999937, -10.01020760367653 ], [ -36.026882699999931, -10.01014129667653 ], [ -36.026818043999981, -10.010152751676523 ], [ -36.026785059999952, -10.01015859567651 ], [ -36.026714819999938, -10.010213935676527 ], [ -36.026667595999982, -10.010236977676541 ], [ -36.026592008999948, -10.010231380676506 ], [ -36.026568275999978, -10.010162048676548 ], [ -36.026569051999957, -10.01011181067652 ], [ -36.026569302999974, -10.010029274676544 ], [ -36.026552931999952, -10.009838324676565 ], [ -36.026529367999956, -10.009717468676543 ], [ -36.026511443999937, -10.009626252676551 ], [ -36.026509188999967, -10.009561102676541 ], [ -36.026594080999985, -10.009522171676538 ], [ -36.02661472099993, -10.009426742676549 ], [ -36.026613391999945, -10.009410249676574 ], [ -36.026596022999968, -10.009342349676542 ], [ -36.026584544999935, -10.009295523676583 ], [ -36.026569585999937, -10.009228048676546 ], [ -36.026624813999945, -10.009198223676533 ], [ -36.026635627999951, -10.009129101676574 ], [ -36.026664277999942, -10.008967748676573 ], [ -36.026753296999964, -10.008958109676596 ], [ -36.026774893999978, -10.00888237867655 ], [ -36.02680481699997, -10.00879989567659 ], [ -36.026831096999956, -10.00873984767656 ], [ -36.026884377999977, -10.008738229676567 ], [ -36.02696539599998, -10.008738628676554 ], [ -36.027053836999983, -10.008725425676575 ], [ -36.027092125999957, -10.008719710676587 ], [ -36.027098585999966, -10.008720459676562 ], [ -36.027166253999951, -10.008705765676545 ] ] ] } },
{ "type": "Feature", "properties": { "num_setor": "AL_JEQUIAD_SR_4_CPRM", "munic": "JEQUIÁ DA PRAIA", "grau_risco": "Muito alto", "distancia_km": 1.45, "chuva_24h": 0.8, "chuva_72h": 7.9, "fonte_estacao": "openmeteo", "codigo_estacao": "openmeteo", "nome_estacao": "Open-Meteo (célula de grade)" }, "geometry": { "type": "Polygon", "coordinates": [ [ [ -36.047830115999943, -9.962224039678027 ], [ -36.048004353999943, -9.962139365678038 ], [ -36.048148780999952, -9.962069178678027 ], [ -36.048186201999961, -9.962170185678046 ], [ -36.048105335999935, -9.962291192677995 ], [ -36.048090990999981, -9.962369057678023 ], [ -36.048076049999956, -9.962450155677981 ], [ -36.048039796999944, -9.962524706677991 ], [ -36.048031789999982, -9.962523829677997 ], [ -36.047947037999961, -9.962440163677984 ], [ -36.047876702999929, -9.962420034678029 ], [ -36.04773357299996, -9.962449872678015 ], [ -36.047585433999984, -9.962458554677999 ], [ -36.047507871999983, -9.962462311678008 ], [ -36.047238217999961, -9.962600664678012 ], [ -36.046897983999941, -9.962764853677983 ], [ -36.046716563999951, -9.962852401677987 ], [ -36.046608204999977, -9.962984900678009 ], [ -36.046427775999973, -9.963125852677981 ], [ -36.046291333999932, -9.963224873677964 ], [ -36.046152830999965, -9.963349993677957 ], [ -36.046182303999956, -9.96343903967799 ], [ -36.046250450999935, -9.963531936677988 ], [ -36.04614358799995, -9.963574394677982 ], [ -36.046024548999974, -9.963514934677999 ], [ -36.04586309299998, -9.963520469677956 ], [ -36.045640713999944, -9.963550182677956 ], [ -36.045456568999953, -9.963595464677985 ], [ -36.045333771999942, -9.963658730677965 ], [ -36.045156957999957, -9.963677600677986 ], [ -36.045063940999974, -9.963635785677956 ], [ -36.044988144999934, -9.963601711677967 ], [ -36.044925320999937, -9.963460227677995 ], [ -36.044823270999984, -9.963363946677976 ], [ -36.044847614999988, -9.963249949678001 ], [ -36.045019883999942, -9.963257117677971 ], [ -36.045214621999946, -9.963278454677992 ], [ -36.045391295999934, -9.963282191677983 ], [ -36.045661557999949, -9.963257034677996 ], [ -36.045933174999959, -9.963188599677991 ], [ -36.04619834399994, -9.963154541677953 ], [ -36.046556102999944, -9.962915350677966 ], [ -36.046679951999977, -9.962824223678014 ], [ -36.047115409999954, -9.962571361677991 ], [ -36.047368348999953, -9.962448442678021 ], [ -36.047830115999943, -9.962224039678027 ] ] ] } },
{ "type": "Feature", "properties": { "num_setor": "AL_JEQUIAD_SR_1_CPRM", "munic": "JEQUIÁ DA PRAIA", "grau_risco": "Muito alto", "distancia_km": 1.37, "chuva_24h": 0.8, "chuva_72h": 6.2, "fonte_estacao": "openmeteo", "codigo_estacao": "openmeteo", "nome_estacao": "Open-Meteo (célula de grade)" }, "geometry": { "type": "Polygon", "coordinates": [ [ [ -35.974465231999943, -9.963275894678004 ], [ -35.974439292999932, -9.963223805678004 ], [ -35.974415865999958, -9.96316192467798 ], [ -35.974403635999977, -9.963122250677984 ], [ -35.974444366999933, -9.963104492677974 ], [ -35.97448828399996, -9.963085347677966 ], [ -35.974524580999969, -9.96315242867796 ], [ -35.97455469799997, -9.963208086677975 ], [ -35.974613810999983, -9.963317331677997 ], [ -35.974664556999976, -9.963308090677955 ], [ -35.974691389999975, -9.963365263677971 ], [ -35.974726996999948, -9.963441130677989 ], [ -35.974768518999952, -9.963529599677978 ], [ -35.974805428999957, -9.963628125677957 ], [ -35.974841504999972, -9.963724429677969 ], [ -35.974879167999973, -9.963719384677942 ], [ -35.974922405999962, -9.963819408677944 ], [ -35.974826611999958, -9.963854768677969 ], [ -35.974896507999972, -9.964021413677942 ], [ -35.975026002999982, -9.964330153677977 ], [ -35.975113119999946, -9.964537857677959 ], [ -35.975177985999949, -9.964692508677958 ], [ -35.975067301999957, -9.964736090677938 ], [ -35.974907526999971, -9.964333789677955 ], [ -35.974799268999966, -9.964061205677938 ], [ -35.974731260999931, -9.963889965677962 ], [ -35.974695395999959, -9.963693996677959 ], [ -35.974662200999944, -9.963622708677951 ], [ -35.974614569999964, -9.963520418677978 ], [ -35.974597269999947, -9.963483265677992 ], [ -35.974560987999951, -9.963433798677997 ], [ -35.974507643999971, -9.963361068677992 ], [ -35.974489653999967, -9.963324940677959 ], [ -35.974465231999943, -9.963275894678004 ] ] ] } },
{ "type": "Feature", "properties": { "num_setor": "AL_JEQUIAD_SR_2_CPRM", "munic": "JEQUIÁ DA PRAIA", "grau_risco": "Alto", "distancia_km": 1.35, "chuva_24h": 0.8, "chuva_72h": 6.2, "fonte_estacao": "openmeteo", "codigo_estacao": "openmeteo", "nome_estacao": "Open-Meteo (célula de grade)" }, "geometry": { "type": "Polygon", "coordinates": [ [ [ -35.97480318099997, -9.963590520677974 ], [ -35.974878747999981, -9.963551297677991 ], [ -35.974939031999952, -9.963540529677942 ], [ -35.974989258999983, -9.963679842677974 ], [ -35.975109300999975, -9.964008518677954 ], [ -35.975131153999939, -9.964068124677922 ], [ -35.97521349699997, -9.964050914677971 ], [ -35.975266114999954, -9.964208849677968 ], [ -35.975147336999953, -9.964262763677951 ], [ -35.975088471999975, -9.964114474677976 ], [ -35.975009567999969, -9.963915705677973 ], [ -35.974937017999935, -9.963755978677938 ], [ -35.974878316999934, -9.96362959767797 ], [ -35.974827730999948, -9.963650733677953 ], [ -35.97480318099997, -9.963590520677974 ] ] ] } },
{ "type": "Feature", "properties": { "num_setor": "AL_CLE_SR_02_CPRM", "munic": "COLÔNIA LEOPOLDINA", "grau_risco": "Alto", "distancia_km": 0.8, "chuva_24h": 0.7, "chuva_72h": 2.5, "fonte_estacao": "openmeteo", "codigo_estacao": "openmeteo", "nome_estacao": "Open-Meteo (célula de grade)" }, "geometry": { "type": "Polygon", "coordinates": [ [ [ -35.716970462999932, -8.916177689710619 ], [ -35.716773117999935, -8.915960316710631 ], [ -35.716692945999966, -8.915812584710672 ], [ -35.716863645999979, -8.915445011710677 ], [ -35.717046265999954, -8.915547510710653 ], [ -35.717124705999936, -8.915656875710663 ], [ -35.717267880999941, -8.915739568710686 ], [ -35.717388845999949, -8.915783996710646 ], [ -35.717468135999979, -8.915803098710661 ], [ -35.717588381999981, -8.915807160710674 ], [ -35.717737673999977, -8.915857002710633 ], [ -35.71782546399993, -8.915894278710626 ], [ -35.717934743999933, -8.916009468710655 ], [ -35.718050798999968, -8.916170881710654 ], [ -35.718152504999978, -8.916207900710639 ], [ -35.71825254099997, -8.916273645710667 ], [ -35.718368527999985, -8.916335285710622 ], [ -35.718428096999958, -8.916386026710612 ], [ -35.718543991999979, -8.916448101710634 ], [ -35.718671663999942, -8.916495366710659 ], [ -35.718792005999937, -8.916500987710622 ], [ -35.718958064999981, -8.916683750710611 ], [ -35.718983831999935, -8.916775047710651 ], [ -35.71907060999996, -8.916855095710616 ], [ -35.719157137999957, -8.916901569710598 ], [ -35.719277226999964, -8.917008071710594 ], [ -35.719312577999965, -8.917063853710598 ], [ -35.719330255999978, -8.917187963710591 ], [ -35.719165263999976, -8.917361864710623 ], [ -35.719121142999938, -8.917422633710592 ], [ -35.719017293999968, -8.917482770710633 ], [ -35.718951926999971, -8.917547441710594 ], [ -35.718893480999952, -8.917587420710593 ], [ -35.718837166999947, -8.917623392710572 ], [ -35.718675509999969, -8.917349725710592 ], [ -35.718541563999956, -8.917091575710625 ], [ -35.718393922999951, -8.91681982171065 ], [ -35.718174055999945, -8.916533619710618 ], [ -35.717944235999937, -8.916331539710619 ], [ -35.717586433999948, -8.91635574571065 ], [ -35.71735573199993, -8.916419570710628 ], [ -35.717182744999953, -8.916376626710662 ], [ -35.716970462999932, -8.916177689710619 ] ] ] } },
{ "type": "Feature", "properties": { "num_setor": "AL_CA_SR_02_CPRM", "munic": "CAMPESTRE", "grau_risco": "Alto", "distancia_km": 0.23, "chuva_24h": 0.1, "chuva_72h": 2.1, "fonte_estacao": "openmeteo", "codigo_estacao": "openmeteo", "nome_estacao": "Open-Meteo (célula de grade)" }, "geometry": { "type": "Polygon", "coordinates": [ [ [ -35.567044045999978, -8.845145783712871 ], [ -35.567152457999953, -8.845101916712895 ], [ -35.567333382999941, -8.845195877712891 ], [ -35.56733331199996, -8.845231793712889 ], [ -35.567478713999947, -8.845184941712869 ], [ -35.567551198999979, -8.845323404712843 ], [ -35.567660319999952, -8.845423350712876 ], [ -35.567806203999965, -8.845520841712839 ], [ -35.567915771999942, -8.845621164712862 ], [ -35.568061357999966, -8.845722735712874 ], [ -35.568166830999928, -8.845911293712858 ], [ -35.568272693999972, -8.846025867712862 ], [ -35.568342432999941, -8.846175487712861 ], [ -35.568412025999969, -8.846324794712812 ], [ -35.568516906999946, -8.846475108712804 ], [ -35.568586551999942, -8.846587274712807 ], [ -35.568584980999958, -8.846733150712836 ], [ -35.568583408999984, -8.846878836712827 ], [ -35.568581840999968, -8.847024333712834 ], [ -35.568580273999942, -8.847169640712798 ], [ -35.568578708999951, -8.847314759712813 ], [ -35.56850662599993, -8.847457450712813 ], [ -35.568434579999973, -8.847600068712792 ], [ -35.567929389999961, -8.847962596712765 ], [ -35.567745534999972, -8.848273355712754 ], [ -35.56736357799997, -8.848632658712788 ], [ -35.567143230999932, -8.848678656712746 ], [ -35.566962418999935, -8.848800100712742 ], [ -35.566719853999984, -8.848941635712753 ], [ -35.566547915999934, -8.849061944712757 ], [ -35.566362569999967, -8.849215712712766 ], [ -35.566190859999942, -8.849329640712728 ], [ -35.566022090999979, -8.849406239712737 ], [ -35.566046755999935, -8.84958628671275 ], [ -35.566120576999936, -8.849757151712716 ], [ -35.565991114999981, -8.849984318712696 ], [ -35.565966801999934, -8.850104364712701 ], [ -35.565905149999935, -8.850220718712698 ], [ -35.565870712999981, -8.850275479712691 ], [ -35.565857549999976, -8.850333187712739 ], [ -35.56579854599994, -8.850467946712723 ], [ -35.565791488999935, -8.850531254712719 ], [ -35.565684328999971, -8.850671857712692 ], [ -35.565648566999982, -8.850847988712673 ], [ -35.565612789999932, -8.851059403712689 ], [ -35.565541297999971, -8.851200236712673 ], [ -35.565469787999973, -8.851341105712679 ], [ -35.565433993999939, -8.851517360712657 ], [ -35.565362469999968, -8.851623019712694 ], [ -35.565326682999974, -8.85172877371269 ], [ -35.565219357999979, -8.851869691712693 ], [ -35.565111981999955, -8.852045948712645 ], [ -35.565076178999959, -8.852116480712633 ], [ -35.565004582999961, -8.852292895712635 ], [ -35.56493304899994, -8.852469384712643 ], [ -35.564825734999943, -8.852610553712653 ], [ -35.564754185999952, -8.852716447712645 ], [ -35.564682630999982, -8.852892977712619 ], [ -35.564682636999976, -8.852998913712627 ], [ -35.564611077999984, -8.853175456712627 ], [ -35.564503725999941, -8.853352010712634 ], [ -35.564432153999967, -8.853528583712603 ], [ -35.564324774999932, -8.853634546712607 ], [ -35.564181569999953, -8.853705218712598 ], [ -35.564039746999981, -8.85377550071262 ], [ -35.563934373999984, -8.853774988712578 ], [ -35.563759123999944, -8.853738914712602 ], [ -35.563619243999938, -8.853632708712611 ], [ -35.563619213999971, -8.853456762712598 ], [ -35.563619186999972, -8.853315999712615 ], [ -35.563619156999948, -8.853140037712601 ], [ -35.563549291999948, -8.852928982712646 ], [ -35.563479504999975, -8.852753299712646 ], [ -35.563479477999977, -8.852612658712612 ], [ -35.563479449999932, -8.852472013712632 ], [ -35.563479429, -8.852366524712677 ], [ -35.563514263999942, -8.852190454712666 ], [ -35.563514237999982, -8.852049754712635 ], [ -35.563549093999939, -8.851873537712658 ], [ -35.563583975999954, -8.851732415712664 ], [ -35.563653822999981, -8.851555589712696 ], [ -35.563654982999928, -8.851415527712682 ], [ -35.563690932999975, -8.851239792712667 ], [ -35.563692304999961, -8.851064961712682 ], [ -35.563761744999958, -8.850922663712677 ], [ -35.563796581999952, -8.850781083712691 ], [ -35.563797054999952, -8.850605509712723 ], [ -35.563866213999972, -8.850462268712686 ], [ -35.563865803999931, -8.850285557712697 ], [ -35.563935821999962, -8.850142827712711 ], [ -35.563971111999933, -8.850001192712737 ], [ -35.564249314999984, -8.849861285712739 ], [ -35.564325445999941, -8.849630632712726 ], [ -35.564382003999988, -8.849488619712714 ], [ -35.564416245999951, -8.849392450712756 ], [ -35.564973359999954, -8.84917080071275 ], [ -35.565279219999979, -8.848973789712753 ], [ -35.56551447399994, -8.848913043712773 ], [ -35.565740397999946, -8.84887406271273 ], [ -35.566179821999981, -8.848811363712779 ], [ -35.56649046299998, -8.848557897712778 ], [ -35.566775465999967, -8.848218867712776 ], [ -35.566876442999956, -8.848023893712767 ], [ -35.567046028999982, -8.847890720712776 ], [ -35.567348448999944, -8.847730964712762 ], [ -35.56763035999996, -8.847451126712791 ], [ -35.567556167999953, -8.846979161712829 ], [ -35.567418789999969, -8.846731344712834 ], [ -35.567222568999966, -8.846668288712847 ], [ -35.567154401999971, -8.846598245712803 ], [ -35.567078445999982, -8.846499013712835 ], [ -35.567114652999976, -8.846319199712811 ], [ -35.567114961999941, -8.846069701712855 ], [ -35.567115138999952, -8.845927065712843 ], [ -35.567079257999978, -8.845821922712862 ], [ -35.56704342699993, -8.845681139712854 ], [ -35.566971668999933, -8.845506653712865 ], [ -35.566971860999956, -8.845328293712873 ], [ -35.567044045999978, -8.845145783712871 ] ] ] } },
{ "type": "Feature", "properties": { "num_setor": "AL_CA_SR_01_CPRM", "munic": "CAMPESTRE", "grau_risco": "Alto", "distancia_km": 1.69, "chuva_24h": 0.1, "chuva_72h": 2.1, "fonte_estacao": "openmeteo", "codigo_estacao": "openmeteo", "nome_estacao": "Open-Meteo (célula de grade)" }, "geometry": { "type": "Polygon", "coordinates": [ [ [ -35.567693822999956, -8.842846130712925 ], [ -35.567421324999934, -8.842001666712997 ], [ -35.567165864999936, -8.841324862712993 ], [ -35.567043496999929, -8.840461755713031 ], [ -35.56706173799995, -8.83984348271307 ], [ -35.566868037999939, -8.837905543713116 ], [ -35.566634843999964, -8.837155809713135 ], [ -35.566437196999971, -8.83620367271314 ], [ -35.566060679999964, -8.835717110713164 ], [ -35.566060236999931, -8.835400511713202 ], [ -35.565894653999976, -8.835035935713176 ], [ -35.565398060999939, -8.834699446713186 ], [ -35.564873334999959, -8.834366646713228 ], [ -35.563988936999976, -8.833702699713228 ], [ -35.563367362999941, -8.833284054713271 ], [ -35.562850552999976, -8.833162780713245 ], [ -35.562189406999948, -8.832606226713244 ], [ -35.562149018999946, -8.832195060713264 ], [ -35.561767782999937, -8.831169433713312 ], [ -35.561625457999973, -8.830764718713322 ], [ -35.561555291999973, -8.829965176713356 ], [ -35.561913483999945, -8.829558080713374 ], [ -35.562620857999946, -8.829113468713354 ], [ -35.564286355999968, -8.827693072713441 ], [ -35.564582618999964, -8.828592545713425 ], [ -35.564823994999983, -8.830336411713342 ], [ -35.564967022999951, -8.831920005713298 ], [ -35.565884293999943, -8.832926408713282 ], [ -35.567252839999973, -8.834798002713191 ], [ -35.56786819499996, -8.836969489713127 ], [ -35.568143027999952, -8.838698657713065 ], [ -35.56805664299997, -8.840388575713019 ], [ -35.568373541999961, -8.841818238712982 ], [ -35.569037587999958, -8.842400902712948 ], [ -35.57019379999997, -8.842744077712945 ], [ -35.570917449999961, -8.843212223712937 ], [ -35.57178880299994, -8.843264387712946 ], [ -35.572771116999945, -8.843366592712906 ], [ -35.573522740999977, -8.843093633712945 ], [ -35.573837212999933, -8.844029503712886 ], [ -35.573579242999983, -8.844664943712859 ], [ -35.572867136999953, -8.845008361712862 ], [ -35.57173740099995, -8.844268688712878 ], [ -35.570718188999933, -8.844341089712891 ], [ -35.56964950899993, -8.843903754712885 ], [ -35.569356704999961, -8.844503295712908 ], [ -35.568788907999924, -8.844970737712895 ], [ -35.567920729999969, -8.845167386712866 ], [ -35.567475871999932, -8.844920289712876 ], [ -35.567674626999974, -8.843906365712908 ], [ -35.567693822999956, -8.842846130712925 ] ] ] } },
{ "type": "Feature", "properties": { "num_setor": "AL_CA_SR_05_CPRM", "munic": "CAMPESTRE", "grau_risco": "Alto", "distancia_km": 0.41, "chuva_24h": 0.1, "chuva_72h": 2.1, "fonte_estacao": "openmeteo", "codigo_estacao": "openmeteo", "nome_estacao": "Open-Meteo (célula de grade)" }, "geometry": { "type": "Polygon", "coordinates": [ [ [ -35.566641870999938, -8.847790311712814 ], [ -35.566617135999934, -8.847770524712766 ], [ -35.566616639999943, -8.847689374712806 ], [ -35.566665257999944, -8.847648265712804 ], [ -35.566760805999934, -8.847599062712806 ], [ -35.566839995999942, -8.847561398712816 ], [ -35.566892836999955, -8.847561177712826 ], [ -35.566935335999972, -8.847600229712802 ], [ -35.566842582999982, -8.847687649712798 ], [ -35.566786283999932, -8.847730737712777 ], [ -35.566763053999971, -8.847752442712768 ], [ -35.566681912999968, -8.847804088712806 ], [ -35.566641870999938, -8.847790311712814 ] ] ] } },
{ "type": "Feature", "properties": { "num_setor": "AL_CAPELA_SR_1_CPRM", "munic": "CAPELA", "grau_risco": "Alto", "distancia_km": 1.26, "chuva_24h": 1.2, "chuva_72h": 3.1, "fonte_estacao": "openmeteo", "codigo_estacao": "openmeteo", "nome_estacao": "Open-Meteo (célula de grade)" }, "geometry": { "type": "Polygon", "coordinates": [ [ [ -36.087630899999965, -9.412653350695106 ], [ -36.08765723199997, -9.412653347695093 ], [ -36.087673260999964, -9.412653345695107 ], [ -36.08769501699993, -9.412645444695109 ], [ -36.087712501999924, -9.412628214695079 ], [ -36.087713098999984, -9.412624217695111 ], [ -36.087717361999978, -9.412618874695116 ], [ -36.087725309999939, -9.41261217469509 ], [ -36.087732746999954, -9.412601408695087 ], [ -36.087736852999967, -9.412597355695084 ], [ -36.087738222999974, -9.412596003695116 ], [ -36.087751888999946, -9.412575599695122 ], [ -36.087779558999955, -9.412556359695092 ], [ -36.087820830999931, -9.412522451695116 ], [ -36.087834133999934, -9.41249607369509 ], [ -36.087839220999967, -9.412469315695096 ], [ -36.087840361999959, -9.412463317695096 ], [ -36.087841040999933, -9.412440647695126 ], [ -36.087839480999946, -9.4124360816951 ], [ -36.08783499499998, -9.412414621695133 ], [ -36.087837165999922, -9.412389793695139 ], [ -36.087837455999932, -9.412388230695125 ], [ -36.087842188999957, -9.412369377695098 ], [ -36.087855082999965, -9.412359880695087 ], [ -36.087878576999977, -9.412353519695118 ], [ -36.087891254999931, -9.412358288695099 ], [ -36.087903456999982, -9.412383526695137 ], [ -36.087914015999957, -9.412403789695091 ], [ -36.087914596999951, -9.412406888695109 ], [ -36.087920677999925, -9.41243607169509 ], [ -36.087920288999953, -9.41244367569511 ], [ -36.087928346999945, -9.412473790695124 ], [ -36.087928905999952, -9.412476775695104 ], [ -36.087929688999971, -9.412506363695124 ], [ -36.087931950999973, -9.41253970469513 ], [ -36.087931391999973, -9.412542487695079 ], [ -36.087930239999935, -9.412571470695132 ], [ -36.08792520999998, -9.412613493695122 ], [ -36.087885408999966, -9.412680716695093 ], [ -36.087852934999944, -9.412714106695089 ], [ -36.087836347999939, -9.412730585695099 ], [ -36.087818124999956, -9.412744418695123 ], [ -36.087795358999983, -9.412759393695129 ], [ -36.087775627999974, -9.412770548695104 ], [ -36.087757737999937, -9.412777948695114 ], [ -36.087737109999978, -9.412788993695123 ], [ -36.087717368999961, -9.412795103695085 ], [ -36.087686875999964, -9.4128072606951 ], [ -36.087653385999943, -9.412810894695099 ], [ -36.087627675999954, -9.412806054695125 ], [ -36.087601253999935, -9.412797559695091 ], [ -36.087577925999938, -9.412780476695103 ], [ -36.087546432999943, -9.412764540695093 ], [ -36.087512827999944, -9.412744705695101 ], [ -36.087481485999945, -9.412720817695117 ], [ -36.087448283999947, -9.412700513695086 ], [ -36.087413198999968, -9.41268522069509 ], [ -36.087379326999951, -9.412664539695131 ], [ -36.087349841999981, -9.412640938695123 ], [ -36.087331257999949, -9.412623452695133 ], [ -36.087312663999974, -9.412602877695127 ], [ -36.087293743999965, -9.412584817695121 ], [ -36.087273569999979, -9.412563785695118 ], [ -36.087266007999972, -9.412545535695081 ], [ -36.087267634999932, -9.412532817695089 ], [ -36.087277468999957, -9.412522832695123 ], [ -36.087290971999948, -9.412511395695116 ], [ -36.087292220999977, -9.412509954695118 ], [ -36.087297159999927, -9.412505641695082 ], [ -36.087308471999961, -9.412492582695119 ], [ -36.087325989999954, -9.412476565695117 ], [ -36.087332205999985, -9.412472200695111 ], [ -36.087334680999959, -9.412470751695086 ], [ -36.087351238999929, -9.412454343695126 ], [ -36.08735253499998, -9.412452833695124 ], [ -36.087359957999979, -9.412449809695094 ], [ -36.087375136999981, -9.412439185695128 ], [ -36.08737644699994, -9.412437662695085 ], [ -36.087410818999956, -9.412431556695093 ], [ -36.087413244999937, -9.412431556695093 ], [ -36.087432891999981, -9.412443737695131 ], [ -36.087432647999947, -9.412446770695119 ], [ -36.087439859999961, -9.412461864695114 ], [ -36.087442015999947, -9.412464868695119 ], [ -36.087457408999967, -9.412481303695079 ], [ -36.087457146999945, -9.412484276695126 ], [ -36.087469202999955, -9.412509355695082 ], [ -36.087469986999963, -9.41251374469511 ], [ -36.087475467999973, -9.412531203695098 ], [ -36.087478794999981, -9.412546707695137 ], [ -36.087478431999955, -9.41255086669509 ], [ -36.087485300999958, -9.412566035695084 ], [ -36.087487394999982, -9.412568781695086 ], [ -36.087501972999974, -9.412587894695102 ], [ -36.087503008999931, -9.412589252695122 ], [ -36.087521447999961, -9.412602782695101 ], [ -36.087533428999961, -9.412621569695096 ], [ -36.087536336999953, -9.412626903695131 ], [ -36.087540667999974, -9.41262956569512 ], [ -36.087549168999942, -9.41263620369512 ], [ -36.08757800199993, -9.41264545769508 ], [ -36.087591297999957, -9.412649410695112 ], [ -36.087595724999971, -9.41265072569513 ], [ -36.087601452999934, -9.412650724695085 ], [ -36.087626320999959, -9.412653351695102 ], [ -36.087630899999965, -9.412653350695106 ] ] ] } },
{ "type": "Feature", "properties": { "num_setor": "AL_CA_SR_03_CPRM", "munic": "CAMPESTRE", "grau_risco": "Alto", "distancia_km": 0.21, "chuva_24h": 0.1, "chuva_72h": 2.1, "fonte_estacao": "openmeteo", "codigo_estacao": "openmeteo", "nome_estacao": "Open-Meteo (célula de grade)" }, "geometry": { "type": "Polygon", "coordinates": [ [ [ -35.567870429999964, -8.849991446712748 ], [ -35.567719207999971, -8.849556174712756 ], [ -35.567618496999955, -8.849256457712752 ], [ -35.567630816999944, -8.84914553271275 ], [ -35.56769535899997, -8.849069601712728 ], [ -35.567846111999984, -8.848947712712773 ], [ -35.567918426999938, -8.848948963712738 ], [ -35.567994905999967, -8.84899838271278 ], [ -35.568057574999955, -8.84906633371272 ], [ -35.568058455999953, -8.849158975712752 ], [ -35.568059351999985, -8.849290931712762 ], [ -35.568084354999939, -8.84954259171276 ], [ -35.568175566999962, -8.849728679712717 ], [ -35.568261928999959, -8.849855946712758 ], [ -35.568304029999979, -8.849963336712731 ], [ -35.568284937999977, -8.850004959712747 ], [ -35.568204231999971, -8.850008448712739 ], [ -35.56810961399998, -8.850028683712708 ], [ -35.567913877999956, -8.850064527712727 ], [ -35.567870429999964, -8.849991446712748 ] ] ] } },
{ "type": "Feature", "properties": { "num_setor": "AL_CA_SR_04_CPRM", "munic": "CAMPESTRE", "grau_risco": "Alto", "distancia_km": 0.33, "chuva_24h": 0.1, "chuva_72h": 2.1, "fonte_estacao": "openmeteo", "codigo_estacao": "openmeteo", "nome_estacao": "Open-Meteo (célula de grade)" }, "geometry": { "type": "Polygon", "coordinates": [ [ [ -35.569394437999961, -8.849553050712712 ], [ -35.569190526999932, -8.849504520712751 ], [ -35.569042794999973, -8.849448546712731 ], [ -35.568939497999963, -8.849404666712717 ], [ -35.568802895999966, -8.849335671712728 ], [ -35.568691238999975, -8.84929819171273 ], [ -35.568684378999933, -8.849253338712762 ], [ -35.569402890999982, -8.848812360712754 ], [ -35.569984944999931, -8.849389200712743 ], [ -35.569652534999932, -8.849562387712762 ], [ -35.569394437999961, -8.849553050712712 ] ] ] } },
{ "type": "Feature", "properties": { "num_setor": "AL_BQ_SR_05_CPRM", "munic": "BRANQUINHA", "grau_risco": "Alto", "distancia_km": 1.5, "chuva_24h": 0.9, "chuva_72h": 3.6, "fonte_estacao": "openmeteo", "codigo_estacao": "openmeteo", "nome_estacao": "Open-Meteo (célula de grade)" }, "geometry": { "type": "Polygon", "coordinates": [ [ [ -36.017400872999929, -9.246667166700275 ], [ -36.017340891999929, -9.246587760700281 ], [ -36.017299503999944, -9.246532880700293 ], [ -36.017318324999962, -9.246505489700294 ], [ -36.017345311999975, -9.246488263700281 ], [ -36.017383885999948, -9.246453077700286 ], [ -36.017427884999961, -9.246412329700282 ], [ -36.017567637999946, -9.246312783700287 ], [ -36.01767906699996, -9.246218707700306 ], [ -36.017796570999963, -9.246092730700324 ], [ -36.017970217999959, -9.245957669700298 ], [ -36.018068408999966, -9.246041833700284 ], [ -36.018092362999937, -9.246046197700288 ], [ -36.018055830999977, -9.24606681770033 ], [ -36.018003307999948, -9.246119197700327 ], [ -36.017922996999964, -9.24621745970032 ], [ -36.01785665899996, -9.246284526700288 ], [ -36.017778374999978, -9.246374740700297 ], [ -36.017689692999966, -9.246459759700283 ], [ -36.017588294999939, -9.246582797700301 ], [ -36.017461399999945, -9.246687257700282 ], [ -36.017422874999959, -9.24669296670028 ], [ -36.017400872999929, -9.246667166700275 ] ] ] } },
{ "type": "Feature", "properties": { "num_setor": "AL_BQ_SR_06_CPRM", "munic": "BRANQUINHA", "grau_risco": "Muito alto", "distancia_km": 1.18, "chuva_24h": 0.9, "chuva_72h": 3.6, "fonte_estacao": "openmeteo", "codigo_estacao": "openmeteo", "nome_estacao": "Open-Meteo (célula de grade)" }, "geometry": { "type": "Polygon", "coordinates": [ [ [ -36.01075022699996, -9.245160688700311 ], [ -36.010640785999954, -9.244948408700351 ], [ -36.010529707999979, -9.244728997700369 ], [ -36.010299524999937, -9.244168137700374 ], [ -36.010301933999976, -9.244043217700368 ], [ -36.010380253999983, -9.243963776700395 ], [ -36.010462641999936, -9.243953833700388 ], [ -36.010629600999948, -9.243940763700367 ], [ -36.010785157999976, -9.243980360700379 ], [ -36.010936860999948, -9.244041486700365 ], [ -36.011096875999947, -9.244145868700381 ], [ -36.011207000999946, -9.244291577700356 ], [ -36.011318997999979, -9.244480214700355 ], [ -36.011417698999935, -9.244779178700377 ], [ -36.011515473999957, -9.245046458700365 ], [ -36.011629895999931, -9.245285082700324 ], [ -36.011774193999941, -9.245498793700328 ], [ -36.011817882999942, -9.245721034700335 ], [ -36.012006656999972, -9.245970594700314 ], [ -36.01212431099998, -9.246239577700322 ], [ -36.012165216999961, -9.24656349370027 ], [ -36.012138859999929, -9.246870466700285 ], [ -36.01213675799994, -9.247164941700245 ], [ -36.012015650999956, -9.247394626700261 ], [ -36.011857387999953, -9.247478915700286 ], [ -36.011776869999956, -9.247465948700258 ], [ -36.01162712799993, -9.247136479700258 ], [ -36.011619072999963, -9.247096069700266 ], [ -36.011673086999963, -9.247022174700257 ], [ -36.011707821999948, -9.246947834700281 ], [ -36.011765585999967, -9.246836597700288 ], [ -36.011709006999972, -9.246670398700317 ], [ -36.011638704999939, -9.246709930700279 ], [ -36.011551856, -9.246517555700304 ], [ -36.011411118999945, -9.246225146700317 ], [ -36.011251252999948, -9.245911330700302 ], [ -36.01119469799994, -9.245783318700306 ], [ -36.01114028699994, -9.245642176700343 ], [ -36.01108779599997, -9.245533607700329 ], [ -36.010981339999944, -9.245253776700345 ], [ -36.010935162999942, -9.245235177700353 ], [ -36.010873922999963, -9.245226542700326 ], [ -36.010803942999985, -9.245235206700327 ], [ -36.01075022699996, -9.245160688700311 ] ] ] } },
{ "type": "Feature", "properties": { "num_setor": "AL_BQ_SR_03_CPRM", "munic": "BRANQUINHA", "grau_risco": "Alto", "distancia_km": 0.81, "chuva_24h": 0.9, "chuva_72h": 3.6, "fonte_estacao": "openmeteo", "codigo_estacao": "openmeteo", "nome_estacao": "Open-Meteo (célula de grade)" }, "geometry": { "type": "Polygon", "coordinates": [ [ [ -36.012655016999929, -9.242643405700417 ], [ -36.012619878999942, -9.242614079700417 ], [ -36.012607909999929, -9.2425771437004 ], [ -36.012607396999954, -9.242534643700392 ], [ -36.012602221999941, -9.242466781700418 ], [ -36.012587534999966, -9.242377191700403 ], [ -36.012587030999953, -9.242334583700405 ], [ -36.012569517999964, -9.24225020870044 ], [ -36.01255477899997, -9.242153632700402 ], [ -36.012539004999958, -9.242070742700424 ], [ -36.012537108999943, -9.242031409700459 ], [ -36.012518128999943, -9.241952106700456 ], [ -36.012516403999932, -9.241881681700416 ], [ -36.012512414999946, -9.241799228700469 ], [ -36.012507570999965, -9.241733988700442 ], [ -36.012492223999971, -9.241631879700435 ], [ -36.012484935999964, -9.241531208700456 ], [ -36.012513812999941, -9.241458069700457 ], [ -36.012530327999968, -9.241414398700453 ], [ -36.012551270999943, -9.241356131700464 ], [ -36.012584384999975, -9.241321578700427 ], [ -36.012628961999951, -9.241295378700451 ], [ -36.012667900999929, -9.24128735070043 ], [ -36.01272176699996, -9.241280397700468 ], [ -36.012744605999956, -9.241324140700454 ], [ -36.012774686999933, -9.24139345870044 ], [ -36.01280202199996, -9.241562738700454 ], [ -36.012825000999953, -9.242027631700459 ], [ -36.012837655999931, -9.242194227700438 ], [ -36.012862234999943, -9.242276264700404 ], [ -36.012889861999959, -9.242347763700405 ], [ -36.012894726999946, -9.242418703700398 ], [ -36.012899280999932, -9.242482617700407 ], [ -36.012901478999936, -9.242532704700441 ], [ -36.012888384999947, -9.242591922700427 ], [ -36.01278608399997, -9.242650689700408 ], [ -36.012655016999929, -9.242643405700417 ] ] ] } },
{ "type": "Feature", "properties": { "num_setor": "AL_BQ_SR_04_CPRM", "munic": "BRANQUINHA", "grau_risco": "Alto", "distancia_km": 1.41, "chuva_24h": 0.9, "chuva_72h": 3.6, "fonte_estacao": "openmeteo", "codigo_estacao": "openmeteo", "nome_estacao": "Open-Meteo (célula de grade)" }, "geometry": { "type": "Polygon", "coordinates": [ [ [ -36.015689968999936, -9.24643851070029 ], [ -36.015692093999974, -9.246401939700286 ], [ -36.01569884099996, -9.246362821700323 ], [ -36.015714493999958, -9.246321906700327 ], [ -36.015732567999976, -9.246294902700326 ], [ -36.015766570999972, -9.246263733700314 ], [ -36.015847277999967, -9.246206925700305 ], [ -36.015918184999983, -9.246170715700288 ], [ -36.015994453999944, -9.246154013700302 ], [ -36.016050886999956, -9.246150120700326 ], [ -36.016085552999989, -9.246161227700295 ], [ -36.016119193999941, -9.246189783700313 ], [ -36.01613631999993, -9.246207419700315 ], [ -36.016166200999976, -9.246242864700292 ], [ -36.016184673999931, -9.246276280700298 ], [ -36.016037620999953, -9.246377091700271 ], [ -36.015773036999974, -9.246558473700263 ], [ -36.015709006999941, -9.246490279700277 ], [ -36.015689968999936, -9.24643851070029 ] ] ] } },
{ "type": "Feature", "properties": { "num_setor": "AL_BQ_SR_07_CPRM", "munic": "BRANQUINHA", "grau_risco": "Muito alto", "distancia_km": 1.28, "chuva_24h": 0.9, "chuva_72h": 3.6, "fonte_estacao": "openmeteo", "codigo_estacao": "openmeteo", "nome_estacao": "Open-Meteo (célula de grade)" }, "geometry": { "type": "Polygon", "coordinates": [ [ [ -36.009049655999945, -9.245695728700349 ], [ -36.009059007999952, -9.245610639700306 ], [ -36.009058079999932, -9.245496248700299 ], [ -36.009073788999949, -9.245321691700319 ], [ -36.009078616999943, -9.245157326700344 ], [ -36.009096310999951, -9.245062984700333 ], [ -36.009098406999961, -9.245026268700322 ], [ -36.009161831999961, -9.244982741700319 ], [ -36.00923903499995, -9.244953534700366 ], [ -36.009280262999937, -9.244970686700364 ], [ -36.009318589999964, -9.244980818700364 ], [ -36.009358020999962, -9.245008050700346 ], [ -36.009504873999951, -9.24520314170036 ], [ -36.009588837999956, -9.245328766700306 ], [ -36.009659940999938, -9.245449532700315 ], [ -36.009717702999978, -9.24553517270032 ], [ -36.009781829999959, -9.245595072700322 ], [ -36.009877510999949, -9.245666836700295 ], [ -36.009974922999959, -9.245704688700343 ], [ -36.010054305, -9.24572534970029 ], [ -36.010112865999929, -9.245728102700342 ], [ -36.010209045999936, -9.245719814700342 ], [ -36.010253398999964, -9.245708989700338 ], [ -36.010333171999946, -9.245739922700338 ], [ -36.010392013999933, -9.24576122670031 ], [ -36.010461267, -9.245787012700298 ], [ -36.010521654999934, -9.245814310700309 ], [ -36.010549097999956, -9.245824563700339 ], [ -36.010622927999982, -9.245983036700334 ], [ -36.010646958999985, -9.24605547170032 ], [ -36.010659891999978, -9.246165907700318 ], [ -36.010702856999956, -9.246232038700294 ], [ -36.01090159499995, -9.246635044700286 ], [ -36.010919913999942, -9.24674943870026 ], [ -36.011125259999972, -9.247171109700272 ], [ -36.01132848299995, -9.247520561700286 ], [ -36.011431200999937, -9.247705691700252 ], [ -36.011456050999982, -9.247732356700261 ], [ -36.011460216999986, -9.247823941700274 ], [ -36.011164391999955, -9.247947585700246 ], [ -36.011072777999978, -9.247835340700227 ], [ -36.011002842999972, -9.247735735700282 ], [ -36.010919782999963, -9.247625129700269 ], [ -36.010890325999981, -9.247562314700231 ], [ -36.010833672999979, -9.247501006700245 ], [ -36.010701798999946, -9.247422174700251 ], [ -36.010625335999976, -9.247350050700264 ], [ -36.010543779999971, -9.247292812700257 ], [ -36.010477456999972, -9.24726166970026 ], [ -36.010384178999971, -9.247191422700265 ], [ -36.010328001999937, -9.247125617700249 ], [ -36.010258119999946, -9.246995810700298 ], [ -36.010217850999936, -9.246917570700253 ], [ -36.010181324999962, -9.24682203470031 ], [ -36.010151097999938, -9.246729167700275 ], [ -36.010152128999955, -9.246688970700307 ], [ -36.01012177399997, -9.24661984170031 ], [ -36.010054688999958, -9.246534125700315 ], [ -36.01002712199994, -9.246454111700325 ], [ -36.009988727999939, -9.246386885700268 ], [ -36.009943754999931, -9.246307741700292 ], [ -36.009875164999983, -9.246249792700297 ], [ -36.009744448999982, -9.246249039700304 ], [ -36.009626959999935, -9.246227883700302 ], [ -36.009447273999967, -9.246213550700272 ], [ -36.009290977999967, -9.246180305700282 ], [ -36.009179397999958, -9.246126651700285 ], [ -36.009092608999936, -9.246007880700326 ], [ -36.009066886999967, -9.245887617700282 ], [ -36.009044775999939, -9.245813459700331 ], [ -36.009049655999945, -9.245695728700349 ] ] ] } },
{ "type": "Feature", "properties": { "num_setor": "AL_CA_SR_01_CPRM", "munic": "CAJUEIRO", "grau_risco": "Alto", "distancia_km": 2.14, "chuva_24h": 1.2, "chuva_72h": 3.1, "fonte_estacao": "openmeteo", "codigo_estacao": "openmeteo", "nome_estacao": "Open-Meteo (célula de grade)" }, "geometry": { "type": "Polygon", "coordinates": [ [ [ -36.150339275999961, -9.386551090695907 ], [ -36.150971003999985, -9.38632325169592 ], [ -36.151702846999967, -9.385419423695968 ], [ -36.152373213999965, -9.384501534696 ], [ -36.152826582999978, -9.383788577696 ], [ -36.153132604999939, -9.383351367696045 ], [ -36.153579874999934, -9.38271005969605 ], [ -36.154024277999952, -9.382193666696068 ], [ -36.154446227999983, -9.381645961696051 ], [ -36.154885411999942, -9.381123274696071 ], [ -36.155686182999943, -9.380214059696117 ], [ -36.15605346399996, -9.379884365696116 ], [ -36.156449466999959, -9.379627320696109 ], [ -36.156723848999945, -9.37948681969614 ], [ -36.156950825999957, -9.379290846696128 ], [ -36.158351102999966, -9.380992277696093 ], [ -36.158105125999953, -9.381205754696071 ], [ -36.158092852999971, -9.38122099669609 ], [ -36.157089049999968, -9.381849524696062 ], [ -36.156738512999937, -9.382099987696039 ], [ -36.156366162999973, -9.382238839696059 ], [ -36.15592870699993, -9.382642689696045 ], [ -36.155423505999977, -9.383363759696017 ], [ -36.154910907999984, -9.384096485696018 ], [ -36.154672166999944, -9.384392381695957 ], [ -36.154366319999951, -9.384815684695996 ], [ -36.154040779999946, -9.385225021695932 ], [ -36.153670031999987, -9.38578159469596 ], [ -36.153336112999973, -9.386024518695915 ], [ -36.152867931999936, -9.386553123695899 ], [ -36.152497581999967, -9.386952253695886 ], [ -36.15196483699998, -9.387431234695885 ], [ -36.151630353999963, -9.387634266695887 ], [ -36.151232053999934, -9.387692387695882 ], [ -36.150887347999962, -9.38776096369587 ], [ -36.150514410999961, -9.38780006169587 ], [ -36.15017943099997, -9.387822356695875 ], [ -36.149791472999937, -9.387890340695867 ], [ -36.149407419999932, -9.388313324695861 ], [ -36.149341119999974, -9.388486009695859 ], [ -36.148920441999962, -9.389330265695824 ], [ -36.148623008999948, -9.390371280695792 ], [ -36.148890697999946, -9.391263577695767 ], [ -36.149362516999929, -9.392130895695761 ], [ -36.150158588999936, -9.393328558695693 ], [ -36.150139914999947, -9.393880985695677 ], [ -36.150169658999971, -9.394535336695697 ], [ -36.15047535399998, -9.395016114695681 ], [ -36.150623623999934, -9.395447865695614 ], [ -36.150580993999938, -9.395813313695628 ], [ -36.15073487199993, -9.396360687695621 ], [ -36.15085260099994, -9.396565061695636 ], [ -36.150978528999936, -9.396681666695589 ], [ -36.151087003999976, -9.396902084695608 ], [ -36.150979967999945, -9.397099975695575 ], [ -36.150942178999976, -9.397216930695587 ], [ -36.150863503999972, -9.397466953695606 ], [ -36.150822029999972, -9.397715515695566 ], [ -36.150735029999964, -9.397847680695584 ], [ -36.150631679999947, -9.397991722695568 ], [ -36.15045615799994, -9.398139224695569 ], [ -36.150282936999929, -9.398268780695554 ], [ -36.149850877999938, -9.398554038695563 ], [ -36.149537308999982, -9.39871880469552 ], [ -36.149263385999973, -9.398822025695534 ], [ -36.149015179999935, -9.398877982695552 ], [ -36.149021560999984, -9.398979408695508 ], [ -36.149502901999938, -9.398994300695534 ], [ -36.149636775999966, -9.399229063695508 ], [ -36.149854823999938, -9.399228987695517 ], [ -36.150379164999947, -9.399064611695531 ], [ -36.15084420799996, -9.398730760695555 ], [ -36.151267635999943, -9.39837955669554 ], [ -36.151485070999968, -9.398178509695574 ], [ -36.151808054999947, -9.398306185695555 ], [ -36.151815852999967, -9.398306803695558 ], [ -36.152440198999962, -9.398615289695538 ], [ -36.152482540999983, -9.398899618695546 ], [ -36.152820039999945, -9.399198896695532 ], [ -36.153018429999975, -9.39939991869552 ], [ -36.15310779999993, -9.399637286695517 ], [ -36.152949244999945, -9.399877688695485 ], [ -36.152619866999942, -9.400136249695485 ], [ -36.152505002999931, -9.400241697695479 ], [ -36.152421894999975, -9.400328829695512 ], [ -36.152351739999972, -9.400577725695474 ], [ -36.152290271999952, -9.40073541469545 ], [ -36.152370378999933, -9.401002729695477 ], [ -36.152378785999922, -9.401014487695443 ], [ -36.152384376999976, -9.401022305695477 ], [ -36.152477873999942, -9.401134657695442 ], [ -36.152280662999942, -9.401370116695444 ], [ -36.151981031999973, -9.401493610695479 ], [ -36.151832902999949, -9.401520630695428 ], [ -36.151661162999972, -9.401367472695437 ], [ -36.151614628999937, -9.401173377695457 ], [ -36.151499147999971, -9.401007751695458 ], [ -36.151364015999945, -9.400904477695494 ], [ -36.151197400999934, -9.400884373695451 ], [ -36.151027159999956, -9.400786229695457 ], [ -36.150852571999962, -9.400657782695456 ], [ -36.150643104999972, -9.400624409695505 ], [ -36.150458205999939, -9.400657092695477 ], [ -36.150270045999946, -9.400639081695463 ], [ -36.149874893999936, -9.400433598695468 ], [ -36.149776427999939, -9.400191809695507 ], [ -36.149753036999982, -9.399889405695497 ], [ -36.149610897999935, -9.399627485695481 ], [ -36.149486510999957, -9.399488666695513 ], [ -36.149215991999938, -9.399473760695527 ], [ -36.149101089999924, -9.399472543695497 ], [ -36.149038317999953, -9.399528735695538 ], [ -36.148909014999958, -9.399559204695501 ], [ -36.148729886999945, -9.399569050695519 ], [ -36.148631279999961, -9.399480396695495 ], [ -36.14851671699995, -9.39948247569551 ], [ -36.148321847999966, -9.399462237695516 ], [ -36.14810928199995, -9.399452315695511 ], [ -36.147899199999983, -9.39943504269549 ], [ -36.147664286999941, -9.399387051695518 ], [ -36.147334738999973, -9.399327859695539 ], [ -36.147320414999967, -9.399281148695497 ], [ -36.147336430999928, -9.399083612695531 ], [ -36.147505733999942, -9.399078419695542 ], [ -36.148065198999973, -9.39918819069552 ], [ -36.148130341999945, -9.399195284695535 ], [ -36.148321342999971, -9.399208378695526 ], [ -36.148435795999944, -9.399173925695516 ], [ -36.148413112999947, -9.398903218695553 ], [ -36.148414007999975, -9.398732588695548 ], [ -36.148259800999938, -9.398561249695533 ], [ -36.147979119999945, -9.398424956695568 ], [ -36.147840243999944, -9.39831921369557 ], [ -36.147513195999977, -9.398146149695545 ], [ -36.147366716999947, -9.397790629695589 ], [ -36.147225087999971, -9.397432788695566 ], [ -36.147062379999966, -9.397176199695561 ], [ -36.146806354999967, -9.396902622695604 ], [ -36.146426586999951, -9.396807528695593 ], [ -36.146127951, -9.396724291695577 ], [ -36.14553462799995, -9.396582729695627 ], [ -36.145157495999975, -9.396501223695616 ], [ -36.14455247799998, -9.39699193269562 ], [ -36.144164740999933, -9.397309624695565 ], [ -36.143686792999972, -9.397136091695559 ], [ -36.143459184999983, -9.39704417069559 ], [ -36.143214386999944, -9.396957962695618 ], [ -36.142918551999969, -9.397215740695597 ], [ -36.142530583999928, -9.39764180669558 ], [ -36.142283665999976, -9.397898917695562 ], [ -36.142053803999943, -9.398143390695566 ], [ -36.141865091999932, -9.398328076695574 ], [ -36.14166965499993, -9.398513721695556 ], [ -36.141405602999946, -9.398831756695506 ], [ -36.14118885399995, -9.399122161695544 ], [ -36.141023766999979, -9.399467866695504 ], [ -36.140918889999966, -9.399660881695535 ], [ -36.140711127999964, -9.399856239695506 ], [ -36.140490865999936, -9.400127572695505 ], [ -36.139946041999963, -9.400510690695496 ], [ -36.139327654999924, -9.400963890695463 ], [ -36.138760127999944, -9.401319399695478 ], [ -36.138507929999946, -9.401470730695459 ], [ -36.13834488699996, -9.401610251695448 ], [ -36.138213306999944, -9.401891357695431 ], [ -36.138170215999935, -9.402044034695438 ], [ -36.13834458499997, -9.402182791695445 ], [ -36.138610229999983, -9.402470351695436 ], [ -36.138845466999946, -9.402783431695442 ], [ -36.13912378699996, -9.403228247695392 ], [ -36.139674173999936, -9.403643933695376 ], [ -36.140163452999957, -9.403828517695384 ], [ -36.140883906999925, -9.404118765695369 ], [ -36.141115003999978, -9.404486954695384 ], [ -36.14104068599994, -9.40461567169538 ], [ -36.141066029999934, -9.404745291695368 ], [ -36.141152171999977, -9.404905163695348 ], [ -36.141199221999955, -9.405033319695359 ], [ -36.141224502999933, -9.405199114695343 ], [ -36.141103940999983, -9.405400503695319 ], [ -36.140896811999937, -9.405614426695299 ], [ -36.140772654999985, -9.405685412695322 ], [ -36.14052238599993, -9.405763559695336 ], [ -36.140459242999952, -9.405674964695315 ], [ -36.14049885999998, -9.405592844695315 ], [ -36.140681234999931, -9.405498655695336 ], [ -36.140860313999944, -9.405400568695315 ], [ -36.14059141599995, -9.405012880695335 ], [ -36.140121005999958, -9.404986277695356 ], [ -36.139752502999961, -9.404781836695372 ], [ -36.139469333999948, -9.404820682695368 ], [ -36.139183855999924, -9.404928484695366 ], [ -36.138912723999965, -9.405116954695314 ], [ -36.138586571999952, -9.404896178695326 ], [ -36.138436514999967, -9.404451798695364 ], [ -36.13833592199996, -9.404240777695389 ], [ -36.13809734299997, -9.404377524695382 ], [ -36.137774909999962, -9.404545010695328 ], [ -36.137449567999965, -9.404700251695342 ], [ -36.13725730699997, -9.404841205695353 ], [ -36.137029017999964, -9.404978402695365 ], [ -36.13681355999995, -9.405149321695328 ], [ -36.136642237999979, -9.405240026695319 ], [ -36.13647799599994, -9.405324889695349 ], [ -36.136192400999953, -9.405460276695353 ], [ -36.135761148999961, -9.405650153695307 ], [ -36.135478688999967, -9.405798999695314 ], [ -36.135193176999969, -9.405942984695331 ], [ -36.134915587999963, -9.406093968695281 ], [ -36.13476229499998, -9.406140460695308 ], [ -36.13449554399994, -9.406220060695288 ], [ -36.133757189999983, -9.406269339695292 ], [ -36.133328718999962, -9.406230890695293 ], [ -36.13261648699995, -9.406163039695326 ], [ -36.132383039999979, -9.406135644695302 ], [ -36.132135276999975, -9.406127641695299 ], [ -36.131876892999969, -9.406030657695318 ], [ -36.131511502999949, -9.405964161695334 ], [ -36.131271305999967, -9.405913397695299 ], [ -36.131140814999974, -9.405675803695312 ], [ -36.131058279999934, -9.405361993695349 ], [ -36.131096009999965, -9.404694722695377 ], [ -36.131099209999945, -9.404659296695371 ], [ -36.131102798999962, -9.404629675695356 ], [ -36.131105283999943, -9.404581890695367 ], [ -36.131109650999974, -9.40456402669534 ], [ -36.131144553999953, -9.404231294695347 ], [ -36.131404676999978, -9.403894741695403 ], [ -36.131871932999957, -9.403283497695398 ], [ -36.132181239999966, -9.402811263695433 ], [ -36.132584698999942, -9.402299443695407 ], [ -36.132996658999957, -9.401889555695444 ], [ -36.133483246999958, -9.401542820695463 ], [ -36.134033666999983, -9.401178847695476 ], [ -36.134674701999977, -9.400703620695452 ], [ -36.135180157999976, -9.400328327695483 ], [ -36.135855301999982, -9.400281282695506 ], [ -36.136374412999942, -9.400188715695487 ], [ -36.136935137999956, -9.3998778696955 ], [ -36.137598322999963, -9.399378044695505 ], [ -36.138097950999963, -9.398850989695553 ], [ -36.139112806999947, -9.397738266695578 ], [ -36.139250243999982, -9.397408583695574 ], [ -36.140007106999981, -9.397175588695607 ], [ -36.140597742999944, -9.396814294695597 ], [ -36.140870075999935, -9.396453325695623 ], [ -36.141087758999959, -9.396166161695593 ], [ -36.14141127999995, -9.395774482695646 ], [ -36.141695069999962, -9.395459827695642 ], [ -36.141899396999975, -9.395192886695646 ], [ -36.142044833999933, -9.394834591695648 ], [ -36.142159728999957, -9.394567690695675 ], [ -36.142263059999955, -9.394273240695677 ], [ -36.142331089999971, -9.394069947695712 ], [ -36.142420012999935, -9.393895086695709 ], [ -36.142562089999956, -9.393624998695683 ], [ -36.142941163999978, -9.39358017769573 ], [ -36.143326680999955, -9.393599572695708 ], [ -36.143738410999958, -9.393680954695723 ], [ -36.14415488599996, -9.393755898695671 ], [ -36.144617740999934, -9.393880707695665 ], [ -36.145038245999956, -9.394012192695712 ], [ -36.145300117999959, -9.394135333695674 ], [ -36.145509445999949, -9.394244202695694 ], [ -36.145818616999975, -9.394415887695686 ], [ -36.146108711999936, -9.394568913695654 ], [ -36.146368754999962, -9.394712867695652 ], [ -36.146605518999934, -9.394874701695688 ], [ -36.146965222999938, -9.39515253769563 ], [ -36.147423787999969, -9.395491540695637 ], [ -36.147766557999944, -9.39586065069564 ], [ -36.148173167999971, -9.396421450695637 ], [ -36.148487038999974, -9.396678509695606 ], [ -36.148826281999959, -9.397018521695575 ], [ -36.149166617999974, -9.39698429169559 ], [ -36.149366688999976, -9.396853467695601 ], [ -36.149597214999972, -9.396504786695626 ], [ -36.149683761999931, -9.396151089695598 ], [ -36.149566308999965, -9.39561242569564 ], [ -36.149367157999961, -9.395150843695644 ], [ -36.149189455999931, -9.394728086695689 ], [ -36.148961329999963, -9.394384317695657 ], [ -36.148848314999945, -9.394048372695703 ], [ -36.14857088399998, -9.393474520695724 ], [ -36.148057886999943, -9.393196889695714 ], [ -36.147403534999967, -9.39251279469574 ], [ -36.147184618999972, -9.39187162269573 ], [ -36.146913922999943, -9.391461211695779 ], [ -36.146273290999943, -9.391114861695767 ], [ -36.145856884999951, -9.390401023695819 ], [ -36.145618939999963, -9.389865644695792 ], [ -36.145440479999927, -9.389003089695851 ], [ -36.146065087999943, -9.388081048695859 ], [ -36.146957385999933, -9.387664642695864 ], [ -36.147925473999976, -9.38750161769587 ], [ -36.147344048999969, -9.387277980695893 ], [ -36.148061007999964, -9.386970154695916 ], [ -36.148277180999969, -9.386727010695907 ], [ -36.148761679999943, -9.386770833695905 ], [ -36.149344585999984, -9.386619422695921 ], [ -36.149695010999942, -9.386621570695937 ], [ -36.150339275999961, -9.386551090695907 ] ] ] } },
{ "type": "Feature", "properties": { "num_setor": "AL_BQ_SR_08_CPRM", "munic": "BRANQUINHA", "grau_risco": "Alto", "distancia_km": 1.03, "chuva_24h": 0.9, "chuva_72h": 3.6, "fonte_estacao": "openmeteo", "codigo_estacao": "openmeteo", "nome_estacao": "Open-Meteo (célula de grade)" }, "geometry": { "type": "Polygon", "coordinates": [ [ [ -36.01318857699993, -9.244069328700375 ], [ -36.01308359199993, -9.243878747700352 ], [ -36.012898032999942, -9.243511484700379 ], [ -36.012943556999971, -9.243500204700414 ], [ -36.013018775999967, -9.243492750700394 ], [ -36.013085816999926, -9.24348911370037 ], [ -36.01317019499993, -9.243492707700399 ], [ -36.013266157999965, -9.243519836700383 ], [ -36.013320518999933, -9.243556753700377 ], [ -36.013335574999928, -9.243591305700363 ], [ -36.013344166999957, -9.243616586700398 ], [ -36.013347354999951, -9.243677411700382 ], [ -36.013353109999969, -9.243752257700402 ], [ -36.013382003999936, -9.24383265870039 ], [ -36.013381718999938, -9.243836340700383 ], [ -36.013441448999977, -9.243897011700362 ], [ -36.013444490999973, -9.24390092870037 ], [ -36.013502520999964, -9.243963740700377 ], [ -36.01351137599994, -9.244010622700369 ], [ -36.013506448999976, -9.244062775700385 ], [ -36.01349479299995, -9.244117195700349 ], [ -36.013466249999965, -9.244179884700353 ], [ -36.013431932999936, -9.244238042700349 ], [ -36.01339880699993, -9.244285728700369 ], [ -36.013367829999929, -9.244310104700359 ], [ -36.01332881999997, -9.244314126700349 ], [ -36.01318857699993, -9.244069328700375 ] ] ] } },
{ "type": "Feature", "properties": { "num_setor": "AL_BARRADE_SR_3_CPRM", "munic": "BARRA DE SANTO ANTÔNIO", "grau_risco": "Alto", "distancia_km": 1.19, "chuva_24h": 0.5, "chuva_72h": 3.6, "fonte_estacao": "openmeteo", "codigo_estacao": "openmeteo", "nome_estacao": "Open-Meteo (célula de grade)" }, "geometry": { "type": "Polygon", "coordinates": [ [ [ -35.513630056999943, -9.435786073694391 ], [ -35.513711509999951, -9.4357718776944 ], [ -35.513919743999963, -9.435735585694394 ], [ -35.514255061999961, -9.435677935694368 ], [ -35.514751358999945, -9.435587218694389 ], [ -35.515003559999968, -9.435538751694391 ], [ -35.515505959999984, -9.435460915694392 ], [ -35.515633304999938, -9.435442494694405 ], [ -35.515987862999964, -9.435371424694415 ], [ -35.516638118999943, -9.435241677694401 ], [ -35.516950684999976, -9.43518665669442 ], [ -35.517048513999953, -9.435169435694414 ], [ -35.517226137999955, -9.435151957694396 ], [ -35.517525843999977, -9.435122468694415 ], [ -35.517634911999949, -9.435100421694392 ], [ -35.517812141999968, -9.435064594694428 ], [ -35.517971855999974, -9.435032309694385 ], [ -35.518066967999971, -9.435024281694428 ], [ -35.518204727999937, -9.435012654694432 ], [ -35.51828471999994, -9.434994779694406 ], [ -35.518468286999962, -9.434953758694395 ], [ -35.518552632999949, -9.434934910694427 ], [ -35.518691303999958, -9.434916353694389 ], [ -35.518810138999982, -9.434900450694434 ], [ -35.51898815699996, -9.434876628694433 ], [ -35.519501026999933, -9.435520876694365 ], [ -35.519169990999956, -9.435593614694398 ], [ -35.51849791099994, -9.4357364776944 ], [ -35.518134853999982, -9.435811543694358 ], [ -35.518159388999948, -9.435877375694377 ], [ -35.518195478999985, -9.435974215694399 ], [ -35.518253229999971, -9.436129176694365 ], [ -35.518274899999938, -9.436187321694385 ], [ -35.518090651999955, -9.436263535694366 ], [ -35.518033067999973, -9.436133633694347 ], [ -35.517936006999939, -9.435914673694372 ], [ -35.51789026199998, -9.435811477694378 ], [ -35.517814503999944, -9.435825620694361 ], [ -35.517640827999976, -9.435858045694401 ], [ -35.517271081999979, -9.435925537694358 ], [ -35.516913418999934, -9.435983398694376 ], [ -35.516589513999975, -9.436035797694398 ], [ -35.516487214999984, -9.436052346694352 ], [ -35.516390158999968, -9.436068047694404 ], [ -35.516232087999981, -9.43610639869434 ], [ -35.515983864999953, -9.436167521694367 ], [ -35.515645904999928, -9.436236165694375 ], [ -35.515349092999941, -9.436291233694369 ], [ -35.515036718999966, -9.436349188694349 ], [ -35.514594213999942, -9.43643128669436 ], [ -35.51442457099995, -9.436462760694384 ], [ -35.514209922999946, -9.436492456694333 ], [ -35.51410005799994, -9.436500186694387 ], [ -35.513944744999939, -9.436511113694333 ], [ -35.513730668999976, -9.436558243694375 ], [ -35.51367111299993, -9.436369785694353 ], [ -35.513544939999981, -9.435970526694357 ], [ -35.513496716999953, -9.435817928694373 ], [ -35.513630056999943, -9.435786073694391 ] ] ] } },
{ "type": "Feature", "properties": { "num_setor": "AL_BSM_SR_01_CPRM", "munic": "BARRA DE SÃO MIGUEL", "grau_risco": "Alto", "distancia_km": 2.11, "chuva_24h": 1.0, "chuva_72h": 5.9, "fonte_estacao": "openmeteo", "codigo_estacao": "openmeteo", "nome_estacao": "Open-Meteo (célula de grade)" }, "geometry": { "type": "Polygon", "coordinates": [ [ [ -35.906253040999957, -9.837897485681887 ], [ -35.906277243999966, -9.837891117681876 ], [ -35.906313377999936, -9.837890219681881 ], [ -35.906355626999982, -9.837889169681842 ], [ -35.906391946999975, -9.837888324681852 ], [ -35.906440619999955, -9.837887522681868 ], [ -35.906477181999939, -9.837886920681861 ], [ -35.906513694999944, -9.837892073681882 ], [ -35.906531932999933, -9.837897534681876 ], [ -35.906556315999978, -9.837902904681879 ], [ -35.906580737999946, -9.8379082836819 ], [ -35.90661140199996, -9.837907791681866 ], [ -35.906654285999934, -9.83791867768185 ], [ -35.906691172999956, -9.837923889681873 ], [ -35.906721933999961, -9.837935015681879 ], [ -35.906746589999955, -9.837946265681877 ], [ -35.906771301999981, -9.837957573681884 ], [ -35.906796073999942, -9.837963081681844 ], [ -35.906820886999981, -9.837974440681881 ], [ -35.906845738999941, -9.837979970681898 ], [ -35.906870669999932, -9.837997232681861 ], [ -35.906895612999961, -9.838002791681848 ], [ -35.906926873999964, -9.838014162681878 ], [ -35.906951955999943, -9.838025636681838 ], [ -35.906983353999976, -9.838037060681874 ], [ -35.907008552999969, -9.838048584681879 ], [ -35.907027746999972, -9.838077998681859 ], [ -35.907053153999982, -9.838095552681869 ], [ -35.907072414999959, -9.838119189681837 ], [ -35.907085321999944, -9.838136986681832 ], [ -35.90709845899994, -9.838166827681849 ], [ -35.907117888999949, -9.83819070068188 ], [ -35.907137382999963, -9.838214652681875 ], [ -35.907150571999978, -9.838238740681845 ], [ -35.907170124999936, -9.838262937681863 ], [ -35.907183154999984, -9.838287506681864 ], [ -35.90720267599994, -9.838318254681832 ], [ -35.907215763999943, -9.83834292468185 ], [ -35.9072288, -9.838361434681866 ], [ -35.907248353999933, -9.838386143681872 ], [ -35.907261597999934, -9.838417165681845 ], [ -35.907268350999971, -9.838442053681829 ], [ -35.907425148999941, -9.838554091681878 ], [ -35.907086491999962, -9.838998681681835 ], [ -35.907086465999953, -9.838985919681852 ], [ -35.907066963999966, -9.838966731681849 ], [ -35.907040996999967, -9.838947542681842 ], [ -35.90700858799994, -9.838941088681826 ], [ -35.906982633, -9.838928251681846 ], [ -35.906950257999938, -9.838915421681845 ], [ -35.906924409999938, -9.838908997681852 ], [ -35.906898607999956, -9.838908950681837 ], [ -35.906859929999939, -9.838902512681816 ], [ -35.906840601999932, -9.83888975668183 ], [ -35.90680201899994, -9.838889695681855 ], [ -35.906769911999959, -9.838876945681857 ], [ -35.906737847999977, -9.838876878681827 ], [ -35.906712263999964, -9.838870467681867 ], [ -35.906686726999965, -9.838864068681834 ], [ -35.906654833999937, -9.83885768168185 ], [ -35.906622913999968, -9.838857646681829 ], [ -35.906591083999956, -9.838851288681822 ], [ -35.906565665999949, -9.838844945681828 ], [ -35.906552933999933, -9.838844933681836 ], [ -35.906527638999933, -9.838832292681825 ], [ -35.906496042999947, -9.83881967068184 ], [ -35.906470943999977, -9.838800792681843 ], [ -35.906445803999929, -9.838788231681844 ], [ -35.90641449699995, -9.838769431681822 ], [ -35.906383388999984, -9.838744433681866 ], [ -35.90635829699994, -9.838738206681834 ], [ -35.906333500999949, -9.83871952968182 ], [ -35.906308623999962, -9.838707111681838 ], [ -35.906283792999943, -9.838694715681857 ], [ -35.906259157999955, -9.838676146681834 ], [ -35.906240994999962, -9.838651429681864 ], [ -35.90622271999996, -9.838632944681864 ], [ -35.90620464999995, -9.838608346681827 ], [ -35.90618057699993, -9.838577698681823 ], [ -35.906162621999954, -9.838553251681835 ], [ -35.906144712999946, -9.838528870681834 ], [ -35.906132863999972, -9.838510622681826 ], [ -35.906121413999976, -9.838480255681871 ], [ -35.90610363199994, -9.838456067681866 ], [ -35.906092258999927, -9.838425871681862 ], [ -35.906087077999985, -9.838395734681844 ], [ -35.906075366999971, -9.838377743681855 ], [ -35.906063900999982, -9.838353796681867 ], [ -35.90605861399996, -9.838329882681876 ], [ -35.906047462999936, -9.838300122681858 ], [ -35.906042209999953, -9.838276341681867 ], [ -35.90603100799995, -9.838246679681847 ], [ -35.906025672999938, -9.838216873681862 ], [ -35.906020424999959, -9.838193252681833 ], [ -35.906021769999938, -9.838157902681873 ], [ -35.906022662999931, -9.838134402681881 ], [ -35.906023554999926, -9.838110955681886 ], [ -35.906030535999953, -9.838087532681875 ], [ -35.906043588999978, -9.838064128681886 ], [ -35.906056613999972, -9.838040774681875 ], [ -35.906075552999937, -9.838017296681874 ], [ -35.906094108999973, -9.83799949268184 ], [ -35.906118449999951, -9.837987362681883 ], [ -35.90613698799995, -9.837969571681878 ], [ -35.906161507999968, -9.837951652681857 ], [ -35.906185845999971, -9.837939521681859 ], [ -35.906204188999929, -9.837927530681847 ], [ -35.906228534999968, -9.837915396681872 ], [ -35.906253040999957, -9.837897485681887 ] ] ] } },
{ "type": "Feature", "properties": { "num_setor": "AL_BARRADE_SR_1_CPRM", "munic": "BARRA DE SANTO ANTÔNIO", "grau_risco": "Alto", "distancia_km": 1.76, "chuva_24h": 0.7, "chuva_72h": 4.1, "fonte_estacao": "openmeteo", "codigo_estacao": "openmeteo", "nome_estacao": "Open-Meteo (célula de grade)" }, "geometry": { "type": "Polygon", "coordinates": [ [ [ -35.523684464999974, -9.434696153694398 ], [ -35.523715889999949, -9.434687542694402 ], [ -35.523773418999951, -9.434671778694394 ], [ -35.523786476999931, -9.434698670694441 ], [ -35.523899120999943, -9.434677292694403 ], [ -35.523909558999947, -9.434712760694417 ], [ -35.524030210999967, -9.434733965694418 ], [ -35.52403464899993, -9.434792428694426 ], [ -35.523849263999978, -9.434806085694442 ], [ -35.523874201999945, -9.434880503694439 ], [ -35.523783995999963, -9.43489135869441 ], [ -35.523770673999927, -9.434831771694402 ], [ -35.523656661999944, -9.434875245694389 ], [ -35.523571452999931, -9.434924655694415 ], [ -35.523490632999938, -9.434971521694409 ], [ -35.523312422999936, -9.434999447694381 ], [ -35.523243825999941, -9.434913566694426 ], [ -35.523267665999974, -9.434886513694426 ], [ -35.52327560599997, -9.434877503694381 ], [ -35.523296372999937, -9.434868254694424 ], [ -35.523321085999953, -9.434898104694408 ], [ -35.52334925699995, -9.434889792694426 ], [ -35.523421029999945, -9.434848047694393 ], [ -35.523449982999978, -9.434832760694396 ], [ -35.523463067999963, -9.434829670694393 ], [ -35.523504308999975, -9.434819931694387 ], [ -35.523540036999975, -9.434811494694424 ], [ -35.523578241999928, -9.434786572694399 ], [ -35.523623905999955, -9.434756783694407 ], [ -35.523631615999932, -9.434720643694442 ], [ -35.523684464999974, -9.434696153694398 ] ] ] } },
{ "type": "Feature", "properties": { "num_setor": "AL_BARRADE_SR_2_CPRM", "munic": "BARRA DE SANTO ANTÔNIO", "grau_risco": "Alto", "distancia_km": 1.8, "chuva_24h": 0.7, "chuva_72h": 4.1, "fonte_estacao": "openmeteo", "codigo_estacao": "openmeteo", "nome_estacao": "Open-Meteo (célula de grade)" }, "geometry": { "type": "Polygon", "coordinates": [ [ [ -35.523310614999957, -9.434308487694423 ], [ -35.523355111999933, -9.43428702869444 ], [ -35.523411920999933, -9.434250472694441 ], [ -35.523469389999946, -9.434316823694425 ], [ -35.523602482999934, -9.434261969694443 ], [ -35.523679457999947, -9.434354197694409 ], [ -35.523820400999966, -9.434425812694432 ], [ -35.523801678999973, -9.434481218694435 ], [ -35.523898051999936, -9.43448619169442 ], [ -35.524006640999964, -9.434426008694407 ], [ -35.524053690999949, -9.434487571694435 ], [ -35.524014191999974, -9.434509863694416 ], [ -35.523946619999947, -9.434547998694432 ], [ -35.523915129999978, -9.434538538694431 ], [ -35.523874834999958, -9.434546940694423 ], [ -35.523788669999931, -9.434566588694395 ], [ -35.523661499999946, -9.43460171869441 ], [ -35.523598602999982, -9.434615526694413 ], [ -35.523542551999981, -9.434627832694446 ], [ -35.523423088999948, -9.434665105694419 ], [ -35.52332308299998, -9.434696307694422 ], [ -35.523273266999979, -9.434711849694393 ], [ -35.523205378999933, -9.434715686694402 ], [ -35.52319235199996, -9.434716423694388 ], [ -35.523161718999972, -9.434723224694437 ], [ -35.523121371999942, -9.434733780694442 ], [ -35.52307594399997, -9.434749756694428 ], [ -35.52303736999994, -9.434606068694393 ], [ -35.523050798999975, -9.43454800869443 ], [ -35.523054423999952, -9.434532336694417 ], [ -35.523056392999941, -9.4345023776944 ], [ -35.523159387999947, -9.434456078694442 ], [ -35.523154612999981, -9.434406141694417 ], [ -35.523144876999943, -9.434380288694408 ], [ -35.523128354999983, -9.434336419694443 ], [ -35.523140599999984, -9.43430932269446 ], [ -35.523175055999957, -9.434309737694441 ], [ -35.523255125999981, -9.43432783069443 ], [ -35.523310614999957, -9.434308487694423 ] ] ] } },
{ "type": "Feature", "properties": { "num_setor": "AL_BQ_SR_01_CPRM", "munic": "BRANQUINHA", "grau_risco": "Alto", "distancia_km": 0.93, "chuva_24h": 0.9, "chuva_72h": 3.6, "fonte_estacao": "openmeteo", "codigo_estacao": "openmeteo", "nome_estacao": "Open-Meteo (célula de grade)" }, "geometry": { "type": "Polygon", "coordinates": [ [ [ -36.016037620999953, -9.246377091700271 ], [ -36.016090892999955, -9.246458921700278 ], [ -36.016163117999945, -9.246439893700281 ], [ -36.016242184999953, -9.246376580700279 ], [ -36.016398773999981, -9.246300082700282 ], [ -36.016512324999951, -9.246457854700305 ], [ -36.016567121999977, -9.246529460700303 ], [ -36.01628543299995, -9.246723122700319 ], [ -36.015644519999967, -9.247144244700284 ], [ -36.014990241999953, -9.24753369070025 ], [ -36.01493998899997, -9.247522274700248 ], [ -36.014908887999972, -9.247496055700244 ], [ -36.014896467999961, -9.247424831700297 ], [ -36.014879533999931, -9.24729975670027 ], [ -36.014831906999973, -9.247234800700252 ], [ -36.014767562999964, -9.247119286700295 ], [ -36.014719087999936, -9.247041696700254 ], [ -36.014585826999962, -9.246841158700256 ], [ -36.014458414999979, -9.246710087700261 ], [ -36.014278607999984, -9.246584858700277 ], [ -36.014193180999939, -9.246550402700302 ], [ -36.014079354999978, -9.246569510700303 ], [ -36.014060786999949, -9.246473398700303 ], [ -36.01384457599994, -9.246531624700269 ], [ -36.013816994999956, -9.246469884700295 ], [ -36.013686906999965, -9.246430989700302 ], [ -36.013430696999933, -9.246423112700279 ], [ -36.013271121999935, -9.246469725700269 ], [ -36.013094494999962, -9.246527763700287 ], [ -36.012904808999963, -9.246589051700267 ], [ -36.012772118999976, -9.246668400700305 ], [ -36.012667908999951, -9.246626923700276 ], [ -36.01268360499995, -9.246512254700312 ], [ -36.012580986999978, -9.246485585700293 ], [ -36.012493678999931, -9.246462601700292 ], [ -36.012420173999942, -9.24649746570028 ], [ -36.012402267999953, -9.246348587700275 ], [ -36.01237260299996, -9.246189500700298 ], [ -36.012335032999943, -9.2460718677003 ], [ -36.01226526399995, -9.245861045700318 ], [ -36.012263824999934, -9.245754515700336 ], [ -36.012284782999984, -9.245640564700336 ], [ -36.012259789999973, -9.245522048700295 ], [ -36.012213737999957, -9.245330571700318 ], [ -36.012092816999939, -9.245066890700354 ], [ -36.011931600999958, -9.244787450700375 ], [ -36.011809261999929, -9.244492666700376 ], [ -36.01166404199995, -9.244174882700381 ], [ -36.011655551999979, -9.244171239700377 ], [ -36.011517197999986, -9.243892988700386 ], [ -36.011437066999967, -9.243746375700363 ], [ -36.011333448999949, -9.243556654700397 ], [ -36.011239208999939, -9.243433333700414 ], [ -36.011097991999975, -9.243335698700381 ], [ -36.010981170999969, -9.243240989700391 ], [ -36.010905093999952, -9.243178697700399 ], [ -36.010877061999963, -9.243082863700417 ], [ -36.01080955499998, -9.243005214700379 ], [ -36.010686229999969, -9.242915002700403 ], [ -36.010541614999966, -9.242879791700394 ], [ -36.010427069999935, -9.242860307700392 ], [ -36.010295534999955, -9.242869267700391 ], [ -36.010162780999963, -9.242890299700395 ], [ -36.010081640999942, -9.242934178700425 ], [ -36.009983293999944, -9.242985831700388 ], [ -36.009915752, -9.243021141700423 ], [ -36.009809584999971, -9.243060004700407 ], [ -36.009698985999933, -9.243057043700404 ], [ -36.009578453999957, -9.243013055700393 ], [ -36.00954165099995, -9.242967820700432 ], [ -36.009518156999938, -9.242821102700383 ], [ -36.009501457999932, -9.242594447700434 ], [ -36.009497769999939, -9.242586477700431 ], [ -36.009487916999952, -9.242443673700423 ], [ -36.009432705999984, -9.242291471700446 ], [ -36.009277829999974, -9.242177971700457 ], [ -36.009052447999977, -9.242088994700437 ], [ -36.008710972999943, -9.24193609870041 ], [ -36.008583045999956, -9.241731382700433 ], [ -36.00842576499997, -9.241479600700474 ], [ -36.008275705999949, -9.241191595700469 ], [ -36.008266787999958, -9.241174880700459 ], [ -36.008164720999957, -9.241059068700475 ], [ -36.008109751999946, -9.240953842700458 ], [ -36.008058010999946, -9.240796337700456 ], [ -36.008043852999947, -9.240570989700506 ], [ -36.008073964999937, -9.240387732700507 ], [ -36.00819997199995, -9.240263177700509 ], [ -36.008319987999982, -9.240194284700509 ], [ -36.008483097999942, -9.240172755700474 ], [ -36.008672912999948, -9.240185255700501 ], [ -36.00867693999993, -9.240185276700508 ], [ -36.008889669999974, -9.240182529700512 ], [ -36.009061660999976, -9.240198742700485 ], [ -36.009302728999963, -9.240237494700517 ], [ -36.009499886999947, -9.240287489700496 ], [ -36.009708133999936, -9.240356305700502 ], [ -36.009926735999954, -9.240424625700467 ], [ -36.010171931999935, -9.240511593700464 ], [ -36.010362742999973, -9.240545623700463 ], [ -36.010546563999981, -9.240526792700489 ], [ -36.010657650999974, -9.240447110700508 ], [ -36.010735349999948, -9.24033988770047 ], [ -36.010778313999936, -9.240227695700511 ], [ -36.010776826999965, -9.240122722700496 ], [ -36.010779277999966, -9.240001590700496 ], [ -36.010783446999937, -9.239993725700513 ], [ -36.010877516999983, -9.239883605700529 ], [ -36.011016357999949, -9.239892059700477 ], [ -36.011182577999939, -9.239919967700526 ], [ -36.011371815999951, -9.240002045700525 ], [ -36.011472523999942, -9.240141782700501 ], [ -36.011589273999967, -9.240339592700463 ], [ -36.011632310999971, -9.240599081700488 ], [ -36.011646754999958, -9.240843962700495 ], [ -36.011672113999971, -9.240977677700497 ], [ -36.011722056999929, -9.241118172700467 ], [ -36.011830309999937, -9.241325783700466 ], [ -36.011907809999975, -9.241494048700417 ], [ -36.012026897999931, -9.24171058370046 ], [ -36.01211720699996, -9.242078695700446 ], [ -36.012257304999935, -9.242335113700431 ], [ -36.012358810999956, -9.242565594700437 ], [ -36.01243418699994, -9.242791645700402 ], [ -36.012548074999984, -9.243206569700373 ], [ -36.012674076999929, -9.243505990700381 ], [ -36.012836705999966, -9.243958508700402 ], [ -36.012868573999981, -9.244175372700376 ], [ -36.012986830999978, -9.244418599700371 ], [ -36.013275587999942, -9.244671650700381 ], [ -36.013602836999951, -9.244919815700326 ], [ -36.013767506999955, -9.245019576700326 ], [ -36.013921268999979, -9.245078286700341 ], [ -36.014130982999973, -9.245224573700346 ], [ -36.014296309999963, -9.245355566700312 ], [ -36.014521964999979, -9.245578568700346 ], [ -36.014645119999955, -9.245668757700335 ], [ -36.014758008999934, -9.245810544700285 ], [ -36.014872447999949, -9.245981725700323 ], [ -36.015032754999936, -9.246204984700311 ], [ -36.015303901999978, -9.246589906700267 ], [ -36.015376362999973, -9.246636880700308 ], [ -36.01550143999998, -9.246576583700305 ], [ -36.015673190999962, -9.24644848370027 ], [ -36.015689941999938, -9.246438974700277 ], [ -36.015709006999941, -9.246490279700277 ], [ -36.015773036999974, -9.246558473700263 ], [ -36.016037620999953, -9.246377091700271 ] ] ] } },
{ "type": "Feature", "properties": { "num_setor": "AL_BQ_SR_02_CPRM", "munic": "BRANQUINHA", "grau_risco": "Alto", "distancia_km": 1.67, "chuva_24h": 0.9, "chuva_72h": 3.6, "fonte_estacao": "openmeteo", "codigo_estacao": "openmeteo", "nome_estacao": "Open-Meteo (célula de grade)" }, "geometry": { "type": "Polygon", "coordinates": [ [ [ -36.017997891999983, -9.245911956700336 ], [ -36.018130031999931, -9.245783036700333 ], [ -36.018192089999957, -9.245733383700315 ], [ -36.01823452699994, -9.245698255700335 ], [ -36.018305505999933, -9.245642376700335 ], [ -36.018308358999946, -9.245642313700316 ], [ -36.018385364999972, -9.245583191700343 ], [ -36.01845416599997, -9.245558571700313 ], [ -36.018514586999963, -9.245560021700323 ], [ -36.018563608999955, -9.245573244700317 ], [ -36.01861559799994, -9.245606394700351 ], [ -36.018670547999932, -9.245677549700289 ], [ -36.01870517499998, -9.245764240700323 ], [ -36.018748295999956, -9.245896579700325 ], [ -36.018776966999951, -9.245974037700284 ], [ -36.018817037999959, -9.246062786700321 ], [ -36.018862768999952, -9.246137094700291 ], [ -36.018865627999951, -9.246139953700299 ], [ -36.018948506999941, -9.246197208700295 ], [ -36.01906551299993, -9.246237461700304 ], [ -36.019261738999944, -9.246297714700313 ], [ -36.019434489999981, -9.246318337700332 ], [ -36.019604286999936, -9.246330213700308 ], [ -36.019858086999932, -9.246350764700278 ], [ -36.02044056699998, -9.247932650700223 ], [ -36.020320946999959, -9.248535224700234 ], [ -36.019922236999946, -9.248791534700217 ], [ -36.019233487999941, -9.249129947700217 ], [ -36.018207297999936, -9.24929371270018 ], [ -36.017415934999981, -9.249627232700199 ], [ -36.017328248999945, -9.249679809700222 ], [ -36.01655582799998, -9.250378884700192 ], [ -36.015251726999963, -9.25015245670018 ], [ -36.014581832999966, -9.250378950700179 ], [ -36.014092934999951, -9.250646768700165 ], [ -36.013537317999983, -9.251097558700152 ], [ -36.013025024999934, -9.251325576700129 ], [ -36.01249267399993, -9.251703303700113 ], [ -36.011769515999958, -9.252026175700131 ], [ -36.011343991999979, -9.251955522700102 ], [ -36.010966371999984, -9.252217003700093 ], [ -36.010661438999932, -9.2523338887001 ], [ -36.010407850999968, -9.252290605700139 ], [ -36.010233495999955, -9.252120524700116 ], [ -36.010071737999965, -9.251612711700115 ], [ -36.009925020999958, -9.250274273700157 ], [ -36.009883417999966, -9.249528956700185 ], [ -36.009891810999932, -9.249419434700188 ], [ -36.009956132999946, -9.249360275700198 ], [ -36.010096590999979, -9.249303045700218 ], [ -36.010232615999939, -9.249236443700219 ], [ -36.010391510999966, -9.249186182700205 ], [ -36.010484750999979, -9.24913311270023 ], [ -36.01058786599998, -9.249084472700186 ], [ -36.010705729999984, -9.249100752700194 ], [ -36.010858535999944, -9.249095100700222 ], [ -36.01104541299997, -9.248997241700236 ], [ -36.01111822799993, -9.248938169700233 ], [ -36.01120288299996, -9.24892956170021 ], [ -36.011296989999941, -9.248951972700242 ], [ -36.011386698999956, -9.248987588700228 ], [ -36.011520596999951, -9.249014435700241 ], [ -36.011583525999988, -9.24899473070019 ], [ -36.011580701999947, -9.248946958700232 ], [ -36.011603978999972, -9.248890423700228 ], [ -36.011690974999965, -9.248860102700242 ], [ -36.011808235999979, -9.248895269700197 ], [ -36.012014366999949, -9.248922259700239 ], [ -36.012137365999934, -9.248892360700214 ], [ -36.012190620999945, -9.248792361700229 ], [ -36.012298708999943, -9.248718543700198 ], [ -36.012443723999979, -9.248671098700251 ], [ -36.012510030999977, -9.248780793700238 ], [ -36.012595377999958, -9.248820249700207 ], [ -36.01283583999998, -9.248725378700218 ], [ -36.013030647999983, -9.24893013670021 ], [ -36.013075311999955, -9.248952028700215 ], [ -36.01355971299995, -9.24876898470024 ], [ -36.01404835999994, -9.248557762700228 ], [ -36.014236306999976, -9.248594389700209 ], [ -36.014596261999941, -9.248387027700247 ], [ -36.014657901999954, -9.248454348700212 ], [ -36.014731166999979, -9.248398527700219 ], [ -36.014838028999975, -9.248333350700211 ], [ -36.014852803999929, -9.248281648700265 ], [ -36.014849015999971, -9.248191089700262 ], [ -36.014915404999954, -9.248146844700242 ], [ -36.014865000999983, -9.248029604700235 ], [ -36.014858127999958, -9.247971503700256 ], [ -36.014799709999977, -9.247875811700256 ], [ -36.014811377999926, -9.247774924700227 ], [ -36.014868203999981, -9.247672423700282 ], [ -36.014926241999945, -9.247585806700259 ], [ -36.015012213999974, -9.247532689700266 ], [ -36.015408747999963, -9.247326791700283 ], [ -36.015695991999962, -9.247148329700273 ], [ -36.01581948299998, -9.247063028700271 ], [ -36.015959233999979, -9.247224443700242 ], [ -36.016071305999958, -9.24714914170028 ], [ -36.016103544999964, -9.24716276070029 ], [ -36.016169444999946, -9.247127718700257 ], [ -36.016443434999928, -9.246948995700285 ], [ -36.01638244399993, -9.246824992700295 ], [ -36.016417616999945, -9.246798446700275 ], [ -36.01669123999995, -9.246607336700283 ], [ -36.016814465999971, -9.246728006700275 ], [ -36.016833461999965, -9.246757264700259 ], [ -36.017059198999952, -9.246614198700307 ], [ -36.017243783999952, -9.246515888700308 ], [ -36.017466888999934, -9.246370683700292 ], [ -36.017472788999953, -9.246367733700279 ], [ -36.017574201999935, -9.24629336670032 ], [ -36.01770006299995, -9.246167987700321 ], [ -36.017837146999959, -9.246050192700331 ], [ -36.017997891999983, -9.245911956700336 ] ], [ [ -36.017400872999929, -9.246667166700275 ], [ -36.017422874999959, -9.24669296670028 ], [ -36.017461399999945, -9.246687257700282 ], [ -36.017588294999939, -9.246582797700301 ], [ -36.017689692999966, -9.246459759700283 ], [ -36.017778374999978, -9.246374740700297 ], [ -36.01785665899996, -9.246284526700288 ], [ -36.017922996999964, -9.24621745970032 ], [ -36.018003307999948, -9.246119197700327 ], [ -36.018055830999977, -9.24606681770033 ], [ -36.018092362999937, -9.246046197700288 ], [ -36.018068408999966, -9.246041833700284 ], [ -36.017970217999959, -9.245957669700298 ], [ -36.017796570999963, -9.246092730700324 ], [ -36.01767906699996, -9.246218707700306 ], [ -36.017567637999946, -9.246312783700287 ], [ -36.017427884999961, -9.246412329700282 ], [ -36.017383885999948, -9.246453077700286 ], [ -36.017345311999975, -9.246488263700281 ], [ -36.017318324999962, -9.246505489700294 ], [ -36.017299503999944, -9.246532880700293 ], [ -36.017340891999929, -9.246587760700281 ], [ -36.017400872999929, -9.246667166700275 ] ] ] } },
{ "type": "Feature", "properties": { "num_setor": "AL_BSM_SR_02_CPRM", "munic": "BARRA DE SÃO MIGUEL", "grau_risco": "Alto", "distancia_km": 2.01, "chuva_24h": 1.0, "chuva_72h": 5.9, "fonte_estacao": "openmeteo", "codigo_estacao": "openmeteo", "nome_estacao": "Open-Meteo (célula de grade)" }, "geometry": { "type": "Polygon", "coordinates": [ [ [ -35.907626633999939, -9.838616926681862 ], [ -35.907534981999959, -9.838560230681871 ], [ -35.90745656799993, -9.838503741681835 ], [ -35.90738410199998, -9.838422690681847 ], [ -35.907342271999937, -9.83823708668189 ], [ -35.908938631999945, -9.837697955681861 ], [ -35.909085223999966, -9.837781862681897 ], [ -35.909168307999956, -9.837860392681886 ], [ -35.909206466999933, -9.83793337468189 ], [ -35.909222755999963, -9.838049804681877 ], [ -35.90921873599995, -9.838154823681865 ], [ -35.909218547999949, -9.838229415681839 ], [ -35.909169844999951, -9.838279621681862 ], [ -35.90902137099993, -9.838298724681867 ], [ -35.90879625599996, -9.838368531681853 ], [ -35.908499550999977, -9.838425756681884 ], [ -35.908235934999929, -9.838482811681835 ], [ -35.908068022999942, -9.838514643681824 ], [ -35.90787903699993, -9.838572254681871 ], [ -35.907731294999962, -9.838661162681824 ], [ -35.907626633999939, -9.838616926681862 ] ] ] } },
{ "type": "Feature", "properties": { "num_setor": "AL_BSM_SR_03_CPRM", "munic": "BARRA DE SÃO MIGUEL", "grau_risco": "Alto", "distancia_km": 1.77, "chuva_24h": 1.0, "chuva_72h": 5.9, "fonte_estacao": "openmeteo", "codigo_estacao": "openmeteo", "nome_estacao": "Open-Meteo (célula de grade)" }, "geometry": { "type": "Polygon", "coordinates": [ [ [ -35.900896342999943, -9.840316461681811 ], [ -35.900600162999972, -9.840135639681812 ], [ -35.900526912999965, -9.839994398681828 ], [ -35.900353443999961, -9.839789370681792 ], [ -35.900222882999969, -9.839591837681795 ], [ -35.900153340999957, -9.839497463681838 ], [ -35.900083976999952, -9.839420570681815 ], [ -35.899901929999935, -9.839224160681814 ], [ -35.899815267999941, -9.839156014681834 ], [ -35.899719900999969, -9.839087909681805 ], [ -35.899528947999947, -9.838977547681827 ], [ -35.899320350999972, -9.838772492681851 ], [ -35.899207043999979, -9.838695798681828 ], [ -35.899041843999953, -9.838524416681864 ], [ -35.898841646999983, -9.838344507681875 ], [ -35.898772873999974, -9.838173191681848 ], [ -35.898703742999942, -9.83802773568187 ], [ -35.898656843999966, -9.837844540681905 ], [ -35.89854801599995, -9.837718151681901 ], [ -35.89833641499996, -9.837584513681884 ], [ -35.898240462999979, -9.837427183681909 ], [ -35.898208699999941, -9.837326999681894 ], [ -35.898216771999955, -9.837130888681919 ], [ -35.898282334999976, -9.836994007681918 ], [ -35.898426178999955, -9.836891828681903 ], [ -35.898579251999926, -9.836763543681897 ], [ -35.898754830999962, -9.836688763681927 ], [ -35.898945244999936, -9.8366223946819 ], [ -35.899072314999955, -9.836617662681919 ], [ -35.899144084999932, -9.836592423681907 ], [ -35.899324129999968, -9.836537996681894 ], [ -35.899708592999964, -9.836931149681883 ], [ -35.899838865999982, -9.837187953681884 ], [ -35.899861733999956, -9.837315214681871 ], [ -35.899944836999964, -9.837432187681907 ], [ -35.899992334999979, -9.83750238868188 ], [ -35.900082377999979, -9.837846171681868 ], [ -35.900176099999953, -9.837984727681894 ], [ -35.900343128999964, -9.838125852681859 ], [ -35.900488036999946, -9.83816418168186 ], [ -35.900702948999935, -9.838294425681854 ], [ -35.901155417999973, -9.838717552681867 ], [ -35.901309849999961, -9.838928015681843 ], [ -35.902472301999978, -9.840217933681791 ], [ -35.903965548999963, -9.840829642681777 ], [ -35.903493697999977, -9.841497307681731 ], [ -35.902384292999955, -9.841827849681748 ], [ -35.900896342999943, -9.840316461681811 ] ] ] } },
{ "type": "Feature", "properties": { "num_setor": "AL_VI_SR_01_CPRM", "munic": "VIÇOSA", "grau_risco": "Alto", "distancia_km": 1.52, "chuva_24h": 1.0, "chuva_72h": 3.3, "fonte_estacao": "openmeteo", "codigo_estacao": "openmeteo", "nome_estacao": "Open-Meteo (célula de grade)" }, "geometry": { "type": "Polygon", "coordinates": [ [ [ -36.302519336999978, -9.338591645697408 ], [ -36.302644032999972, -9.338536038697425 ], [ -36.302784969999948, -9.338442685697423 ], [ -36.303208312999971, -9.338321096697424 ], [ -36.303347918999975, -9.338273601697434 ], [ -36.303515668999978, -9.338210624697403 ], [ -36.303726582999957, -9.338165912697438 ], [ -36.303920948999973, -9.338104878697436 ], [ -36.304103776999966, -9.338078313697455 ], [ -36.304311799999937, -9.338040386697458 ], [ -36.304439486999975, -9.338032892697418 ], [ -36.30463838999998, -9.338057610697437 ], [ -36.304890398999923, -9.338106871697448 ], [ -36.305077394999955, -9.338190992697427 ], [ -36.305263525999969, -9.338277535697436 ], [ -36.305436595999936, -9.338427439697442 ], [ -36.305704057999947, -9.338596293697421 ], [ -36.305825196999926, -9.338659293697431 ], [ -36.306005719999973, -9.3386833766974 ], [ -36.306075479999954, -9.338651191697396 ], [ -36.306140442999947, -9.338658116697426 ], [ -36.306214807999936, -9.338707496697431 ], [ -36.306282345999932, -9.338761169697396 ], [ -36.306336080999984, -9.338813133697419 ], [ -36.306458022999948, -9.338871291697414 ], [ -36.30652307299993, -9.338927641697385 ], [ -36.306635666999966, -9.338947479697399 ], [ -36.306682858999977, -9.338960978697425 ], [ -36.306746408999963, -9.339132528697379 ], [ -36.306997483999965, -9.339284854697398 ], [ -36.307402242999956, -9.339477974697402 ], [ -36.307811821999962, -9.339666568697405 ], [ -36.308223701999964, -9.33990317969738 ], [ -36.309019847999934, -9.340406984697372 ], [ -36.309618128999944, -9.34081372869732 ], [ -36.309937972999933, -9.341015736697345 ], [ -36.310354147999931, -9.341507535697309 ], [ -36.310873596999954, -9.342010264697301 ], [ -36.311149795999938, -9.342349470697323 ], [ -36.311402236999982, -9.342622874697298 ], [ -36.311688363999956, -9.343077783697261 ], [ -36.311839574999965, -9.343379951697274 ], [ -36.311989910999955, -9.343870037697277 ], [ -36.312160173999985, -9.344399792697256 ], [ -36.31216921999993, -9.345144815697212 ], [ -36.312150151999958, -9.345822602697167 ], [ -36.312213199999967, -9.346612183697198 ], [ -36.31205986599997, -9.347279251697158 ], [ -36.311500310999975, -9.348130323697122 ], [ -36.310587595999948, -9.349379873697094 ], [ -36.309179873999938, -9.350904000697032 ], [ -36.308582025999954, -9.351544512697028 ], [ -36.307880952999938, -9.352183263696997 ], [ -36.307189178999977, -9.352831292696973 ], [ -36.30664896299993, -9.35350743669696 ], [ -36.306168259999936, -9.354158598696932 ], [ -36.305912628999977, -9.354737116696915 ], [ -36.304873952999969, -9.356899216696869 ], [ -36.304161882999949, -9.35939402769675 ], [ -36.30409991199997, -9.362600126696666 ], [ -36.304239146999983, -9.363101724696675 ], [ -36.304400087999966, -9.363466526696646 ], [ -36.304607547999979, -9.363986079696629 ], [ -36.304609727999946, -9.364408739696584 ], [ -36.304543026999966, -9.364886928696608 ], [ -36.30467360199998, -9.365191689696589 ], [ -36.304968625999948, -9.365407223696588 ], [ -36.305339674999971, -9.365551587696579 ], [ -36.305802516999954, -9.36572361769656 ], [ -36.306544944999985, -9.366065551696558 ], [ -36.307101921999958, -9.366432372696545 ], [ -36.307838115999971, -9.366822217696559 ], [ -36.308596227999949, -9.36706242469654 ], [ -36.308997132999934, -9.367033118696499 ], [ -36.30936883499993, -9.36700160769653 ], [ -36.309868015999939, -9.366903398696547 ], [ -36.310162559999981, -9.366896197696525 ], [ -36.311298853, -9.366650311696528 ], [ -36.311988091999979, -9.366531541696554 ], [ -36.31386811699997, -9.366186428696581 ], [ -36.314203119999945, -9.366122208696575 ], [ -36.314597019999951, -9.366165692696571 ], [ -36.315254704999973, -9.366266856696569 ], [ -36.315487620999932, -9.36625212969656 ], [ -36.315723047999931, -9.366217887696534 ], [ -36.316144415999936, -9.365968221696543 ], [ -36.316646390999949, -9.365552884696568 ], [ -36.317193486999933, -9.364831399696602 ], [ -36.317536089999976, -9.364495585696623 ], [ -36.31802448499996, -9.363999741696647 ], [ -36.318269167999972, -9.363766776696641 ], [ -36.31874731399995, -9.363542504696628 ], [ -36.319260576999966, -9.36328183169662 ], [ -36.319942221999952, -9.36293648569667 ], [ -36.320166381999961, -9.362800186696655 ], [ -36.320407707999948, -9.362697382696664 ], [ -36.32066002199997, -9.36260721869664 ], [ -36.321044054999959, -9.362461193696653 ], [ -36.32152235999996, -9.362352644696649 ], [ -36.321927205999941, -9.362191520696665 ], [ -36.322407698999939, -9.362180135696679 ], [ -36.322878382999932, -9.362167616696683 ], [ -36.323376850999985, -9.362112481696659 ], [ -36.323887180999975, -9.362070178696676 ], [ -36.324405917999968, -9.362088899696673 ], [ -36.324628761999982, -9.362112246696698 ], [ -36.324797498999935, -9.362112244696666 ], [ -36.324997100999951, -9.362168040696682 ], [ -36.325180957999969, -9.362219091696698 ], [ -36.325412273999973, -9.362263391696654 ], [ -36.325669189999978, -9.362329415696689 ], [ -36.32608165299996, -9.362447175696648 ], [ -36.326369969999973, -9.362541581696668 ], [ -36.326856679999935, -9.362689420696679 ], [ -36.327261843999963, -9.362827955696636 ], [ -36.327615125999955, -9.362918801696665 ], [ -36.327920850999931, -9.363029578696642 ], [ -36.328191127999958, -9.363247107696628 ], [ -36.328525122999963, -9.363536654696651 ], [ -36.328719537999973, -9.363749841696622 ], [ -36.328926670999977, -9.363959366696623 ], [ -36.329146751999929, -9.364107333696587 ], [ -36.329371447999961, -9.364314377696624 ], [ -36.329715090999969, -9.364554604696623 ], [ -36.329824992999932, -9.364800671696589 ], [ -36.329686018999951, -9.3653586326966 ], [ -36.329455707999955, -9.365836459696574 ], [ -36.329279562999943, -9.366191696696573 ], [ -36.329273515999944, -9.366448806696518 ], [ -36.329225595999958, -9.366884305696553 ], [ -36.329289570999947, -9.367103145696548 ], [ -36.329528026999981, -9.367546777696518 ], [ -36.329838948999964, -9.367906362696518 ], [ -36.330069293999941, -9.368424424696475 ], [ -36.330233396999972, -9.36868309369647 ], [ -36.330587943999937, -9.36909598569645 ], [ -36.330587746999981, -9.369099824696487 ], [ -36.33095985999995, -9.369406034696445 ], [ -36.331479704999943, -9.369779499696422 ], [ -36.331821821999938, -9.370037164696406 ], [ -36.332154584999955, -9.370103558696455 ], [ -36.332385289999934, -9.370123129696449 ], [ -36.332745915999958, -9.370008692696413 ], [ -36.333207905999984, -9.369780405696448 ], [ -36.333564094999929, -9.369718172696459 ], [ -36.333780446999981, -9.369704461696454 ], [ -36.334039892999954, -9.369793543696433 ], [ -36.334284792999938, -9.369894129696457 ], [ -36.334524099999953, -9.369996699696417 ], [ -36.334823086999961, -9.370082970696412 ], [ -36.334951335999961, -9.371656131696369 ], [ -36.334758830999931, -9.371665067696403 ], [ -36.334471387999933, -9.371710514696387 ], [ -36.334114602999932, -9.371700884696361 ], [ -36.333626321999937, -9.371752693696379 ], [ -36.332895419999943, -9.371540957696403 ], [ -36.332400455999959, -9.371400176696378 ], [ -36.332382553999935, -9.371399547696383 ], [ -36.331233315999953, -9.371290144696379 ], [ -36.330512339999984, -9.370754765696411 ], [ -36.329777085999979, -9.370205110696443 ], [ -36.328900491999939, -9.369191459696475 ], [ -36.32850788099995, -9.368120702696471 ], [ -36.328324856999984, -9.366576433696565 ], [ -36.32837911699994, -9.366086208696554 ], [ -36.328660124999942, -9.365613485696596 ], [ -36.329085026999962, -9.365142043696615 ], [ -36.328787403999968, -9.3646217996966 ], [ -36.327523519999943, -9.363671033696614 ], [ -36.325879866999969, -9.362967841696635 ], [ -36.324072610999963, -9.362765511696658 ], [ -36.324062591999962, -9.36274977669669 ], [ -36.323007864999965, -9.362880824696635 ], [ -36.321973551999982, -9.363075472696677 ], [ -36.321016622999934, -9.363267198696644 ], [ -36.320354579999957, -9.363583001696608 ], [ -36.319633574999962, -9.364061259696639 ], [ -36.318634432999943, -9.364499065696608 ], [ -36.317477597999982, -9.365480861696588 ], [ -36.31691455899994, -9.366264201696564 ], [ -36.315991271999962, -9.366906284696551 ], [ -36.314805708999984, -9.366875909696555 ], [ -36.313858375999985, -9.366954817696525 ], [ -36.31301489599997, -9.367001562696547 ], [ -36.312343384999963, -9.367146481696524 ], [ -36.311863642999981, -9.367321390696532 ], [ -36.310460979999966, -9.367433433696526 ], [ -36.309799756999951, -9.36756543769649 ], [ -36.307983140999966, -9.367583517696508 ], [ -36.306721694999965, -9.366954608696526 ], [ -36.306040794999944, -9.366624638696539 ], [ -36.304753443999971, -9.366007429696579 ], [ -36.304254155999963, -9.36568403669655 ], [ -36.304008250999971, -9.365362934696577 ], [ -36.303901609999969, -9.364803946696572 ], [ -36.303803236999954, -9.36333372469665 ], [ -36.303621009999972, -9.362783105696646 ], [ -36.303417271999933, -9.36194850469667 ], [ -36.303427592999981, -9.359933729696762 ], [ -36.303539443999966, -9.358953993696762 ], [ -36.304480498999965, -9.355814860696867 ], [ -36.304691883999972, -9.35535683869691 ], [ -36.304957729999956, -9.354860269696914 ], [ -36.305536097999948, -9.353839445696925 ], [ -36.306378463999977, -9.352679853696996 ], [ -36.306734039999981, -9.352299123696985 ], [ -36.307129327, -9.351761731696996 ], [ -36.307693539999946, -9.351359881697 ], [ -36.30844904199995, -9.350650801697052 ], [ -36.309608701999935, -9.349551787697051 ], [ -36.310069543999923, -9.349001101697072 ], [ -36.310565800999939, -9.348352439697084 ], [ -36.311031441999944, -9.347788867697133 ], [ -36.311270073999935, -9.347242553697123 ], [ -36.311562820999939, -9.346595458697166 ], [ -36.311486163999973, -9.34557940469721 ], [ -36.311366547999967, -9.345094975697192 ], [ -36.311404420999956, -9.34447603869725 ], [ -36.311075554999945, -9.343832116697277 ], [ -36.310720603999982, -9.343235358697262 ], [ -36.309948879999979, -9.342290492697295 ], [ -36.308866997999985, -9.341364808697346 ], [ -36.307547556999964, -9.340673462697373 ], [ -36.306679698999972, -9.340253282697391 ], [ -36.306016100999955, -9.340124377697341 ], [ -36.30512964299993, -9.340221380697344 ], [ -36.304316936999953, -9.34036955569734 ], [ -36.30383558699998, -9.340570656697347 ], [ -36.30349005599993, -9.341022742697326 ], [ -36.30289656399998, -9.341489158697307 ], [ -36.302500089999967, -9.341720082697295 ], [ -36.301810571999965, -9.342081740697308 ], [ -36.301268056999959, -9.343029693697268 ], [ -36.300931776999953, -9.343824069697225 ], [ -36.300488539999947, -9.344594211697222 ], [ -36.299778095999962, -9.345434760697225 ], [ -36.299170624999931, -9.346177796697162 ], [ -36.298659279999981, -9.347130859697131 ], [ -36.298196556999983, -9.34761908769711 ], [ -36.297511602999975, -9.348269133697128 ], [ -36.296541905999959, -9.349361917697074 ], [ -36.295885232999979, -9.350011055697077 ], [ -36.295105556999943, -9.350966454697014 ], [ -36.29465333699995, -9.351679712697006 ], [ -36.294236925999947, -9.352276025697005 ], [ -36.293739974999937, -9.353186457696928 ], [ -36.29336914299995, -9.354201291696945 ], [ -36.293195178999959, -9.355021281696885 ], [ -36.293161006999981, -9.355489022696899 ], [ -36.293021847999967, -9.355948953696846 ], [ -36.292690538999977, -9.356799080696856 ], [ -36.292477205999944, -9.357818618696809 ], [ -36.292406353999979, -9.358662746696764 ], [ -36.291976920999957, -9.359530017696745 ], [ -36.291571465999937, -9.36054985269673 ], [ -36.291110166999943, -9.36109424169674 ], [ -36.290653565999946, -9.361655603696706 ], [ -36.290207948999978, -9.362345385696678 ], [ -36.288768079999954, -9.36404830469659 ], [ -36.286930340999966, -9.365166385696575 ], [ -36.285038537999981, -9.366119823696559 ], [ -36.282940250999957, -9.36677293969656 ], [ -36.281682948999958, -9.367288446696532 ], [ -36.280503000999936, -9.367819086696484 ], [ -36.277120528999944, -9.367801869696487 ], [ -36.275556277999954, -9.367306984696535 ], [ -36.274370122999983, -9.366183648696541 ], [ -36.273150745999942, -9.364400483696588 ], [ -36.27161672099993, -9.363439615696628 ], [ -36.269715076999937, -9.363303723696619 ], [ -36.268228133999969, -9.363533388696624 ], [ -36.267095231999967, -9.363857774696607 ], [ -36.26606970499995, -9.365091979696567 ], [ -36.264713684999947, -9.365539238696547 ], [ -36.263356356999957, -9.365621303696562 ], [ -36.262418579999981, -9.365882010696547 ], [ -36.262001007999963, -9.36650063469656 ], [ -36.262028146999967, -9.367900829696483 ], [ -36.262205714999936, -9.368600139696479 ], [ -36.262742101999955, -9.370326484696442 ], [ -36.262860737999972, -9.371863401696404 ], [ -36.262922515999954, -9.372919944696372 ], [ -36.262980125999945, -9.373536381696317 ], [ -36.263155458999961, -9.374082879696298 ], [ -36.263803395999958, -9.374244341696288 ], [ -36.265267235999943, -9.374122728696316 ], [ -36.266812797999926, -9.374839167696262 ], [ -36.267045035999956, -9.375790802696278 ], [ -36.267012634999965, -9.377046212696234 ], [ -36.267102076999947, -9.378068923696167 ], [ -36.267153724999957, -9.379109700696143 ], [ -36.266972092999936, -9.380340572696117 ], [ -36.266620230999933, -9.382143762696037 ], [ -36.265987955999947, -9.383721042696036 ], [ -36.265434561999939, -9.384937898695977 ], [ -36.264872532999959, -9.385663358695972 ], [ -36.264063101999966, -9.385890019695962 ], [ -36.263190212, -9.385961595695939 ], [ -36.261682527999938, -9.385283778695969 ], [ -36.260629231999928, -9.384822371695996 ], [ -36.259515847999985, -9.384517544695967 ], [ -36.258571960999973, -9.384274094696005 ], [ -36.258095511999962, -9.383330221695994 ], [ -36.256212554999941, -9.382924011696016 ], [ -36.254761962999964, -9.382717409696026 ], [ -36.253961604999972, -9.382459723696037 ], [ -36.252660027999987, -9.382146902696078 ], [ -36.251824327999941, -9.381640078696082 ], [ -36.251069327999971, -9.381278829696058 ], [ -36.249867912999946, -9.380700791696121 ], [ -36.249002980999933, -9.38008780469613 ], [ -36.248077101999968, -9.379545679696161 ], [ -36.247501721999981, -9.379168363696143 ], [ -36.247047739999971, -9.378816044696153 ], [ -36.246575222999979, -9.378527937696145 ], [ -36.245769172999935, -9.377893903696199 ], [ -36.245090590999951, -9.377548702696194 ], [ -36.243708156999958, -9.376825050696237 ], [ -36.242165109999974, -9.37655564369623 ], [ -36.240643903999967, -9.377309228696182 ], [ -36.238724378999962, -9.377782796696197 ], [ -36.238302629999964, -9.376319519696267 ], [ -36.238821618999964, -9.376278460696252 ], [ -36.239324427999975, -9.376086369696234 ], [ -36.239952077999931, -9.375877117696248 ], [ -36.240541580999945, -9.375499386696244 ], [ -36.240867504999983, -9.375371593696261 ], [ -36.241098379999983, -9.375162148696271 ], [ -36.24130626699997, -9.37501494369625 ], [ -36.241430407999928, -9.374932095696282 ], [ -36.241786541999943, -9.374793728696307 ], [ -36.241943668999966, -9.374750914696266 ], [ -36.242132217999938, -9.3746808426963 ], [ -36.242424702999983, -9.374644532696324 ], [ -36.242743379999979, -9.374645907696271 ], [ -36.242868859999938, -9.374707852696298 ], [ -36.242853736999962, -9.374955699696262 ], [ -36.243094937999956, -9.375096977696256 ], [ -36.243293165999944, -9.374796178696259 ], [ -36.24336306299994, -9.3746246786963 ], [ -36.24329768399997, -9.374438465696302 ], [ -36.24322553899998, -9.374219701696296 ], [ -36.243148059999946, -9.373901681696298 ], [ -36.243114870999932, -9.373774082696308 ], [ -36.243313974999978, -9.373648146696295 ], [ -36.243540257999939, -9.373704202696301 ], [ -36.243695504999948, -9.374080772696304 ], [ -36.243773002999944, -9.374402114696297 ], [ -36.244177741999977, -9.374684807696262 ], [ -36.244440525999948, -9.374714121696277 ], [ -36.244576178999978, -9.37479898269628 ], [ -36.244805928999945, -9.37518369169627 ], [ -36.244988790999969, -9.37557219369628 ], [ -36.245365353999951, -9.376036145696228 ], [ -36.245724018999965, -9.37622237469623 ], [ -36.246685138999965, -9.376817948696198 ], [ -36.247811772999967, -9.377644114696198 ], [ -36.248377627999957, -9.378026846696178 ], [ -36.248955783999975, -9.378407359696148 ], [ -36.249562201999936, -9.378829414696138 ], [ -36.250018331999968, -9.379171353696131 ], [ -36.250159623999934, -9.379406527696137 ], [ -36.250253717999954, -9.379564101696143 ], [ -36.250409644999934, -9.379740752696142 ], [ -36.250561650999941, -9.379905750696143 ], [ -36.250921311999946, -9.380117923696099 ], [ -36.251420928999949, -9.380373300696123 ], [ -36.25283326899995, -9.381041735696066 ], [ -36.253786801999979, -9.381363930696077 ], [ -36.254590210999936, -9.381432085696087 ], [ -36.256135778999976, -9.38166205169609 ], [ -36.256972721999944, -9.381696294696042 ], [ -36.258185955999977, -9.381726814696098 ], [ -36.25874093799996, -9.382017093696044 ], [ -36.260811585999932, -9.383217033695997 ], [ -36.262517474999974, -9.384369201695998 ], [ -36.263987370999985, -9.384638924695956 ], [ -36.264784111999973, -9.382792058696023 ], [ -36.265412504999965, -9.381462739696081 ], [ -36.265652470999953, -9.379857045696099 ], [ -36.265767907999923, -9.37921189969617 ], [ -36.265364690999945, -9.378344256696206 ], [ -36.265320517999953, -9.377195061696201 ], [ -36.264788966999959, -9.376465121696235 ], [ -36.264733813999953, -9.37645144769624 ], [ -36.264713172999954, -9.376436081696221 ], [ -36.263794314999984, -9.375811961696245 ], [ -36.262881670999946, -9.375385589696267 ], [ -36.262350083999934, -9.375106114696258 ], [ -36.261622521999982, -9.374864142696296 ], [ -36.261475865999955, -9.374561272696267 ], [ -36.261389439999959, -9.374180990696301 ], [ -36.261255410999979, -9.373570165696345 ], [ -36.261059123999985, -9.372278909696389 ], [ -36.261094384999986, -9.371906745696396 ], [ -36.261159687999964, -9.3713980566964 ], [ -36.26122364299993, -9.370943702696417 ], [ -36.261283247999984, -9.370500661696394 ], [ -36.261346359999948, -9.370164973696451 ], [ -36.26134090499994, -9.369784183696462 ], [ -36.261287222999954, -9.369571572696469 ], [ -36.261065038999966, -9.369010017696439 ], [ -36.260738292999974, -9.368725903696491 ], [ -36.260366996999942, -9.368426824696504 ], [ -36.260061346999976, -9.367951559696488 ], [ -36.25994709899993, -9.367527981696517 ], [ -36.260000138999942, -9.367104187696496 ], [ -36.260073224999928, -9.36667290669654 ], [ -36.260182959999952, -9.366126329696533 ], [ -36.26024094099995, -9.365895038696564 ], [ -36.260329508999973, -9.36566136469655 ], [ -36.260463767999958, -9.365401265696564 ], [ -36.260643461999962, -9.365003760696609 ], [ -36.260791665999932, -9.364491246696586 ], [ -36.260800213999971, -9.364181889696605 ], [ -36.260858018999954, -9.36393346769664 ], [ -36.26126624099993, -9.363330683696644 ], [ -36.261519547999967, -9.363198988696654 ], [ -36.261907207999961, -9.363222264696635 ], [ -36.262333547999951, -9.363346959696635 ], [ -36.262854876999938, -9.363457208696618 ], [ -36.263388856999939, -9.363552204696646 ], [ -36.264230985999973, -9.363538035696648 ], [ -36.265738307999989, -9.363012501696652 ], [ -36.266199171999972, -9.362835125696641 ], [ -36.266820825999957, -9.362619570696635 ], [ -36.267883529999956, -9.362262722696684 ], [ -36.268725750999977, -9.362132796696685 ], [ -36.269301163999948, -9.361912175696714 ], [ -36.270398910999972, -9.362073997696704 ], [ -36.271107989999969, -9.362196786696686 ], [ -36.271717588999927, -9.362291200696671 ], [ -36.272883264999962, -9.362772924696651 ], [ -36.274463086999958, -9.363807887696614 ], [ -36.27542184999993, -9.365008802696602 ], [ -36.276122241999929, -9.365697639696569 ], [ -36.27718785199994, -9.366040094696562 ], [ -36.277813435999974, -9.36603974169655 ], [ -36.278387708999958, -9.366146829696531 ], [ -36.278776997999955, -9.366408253696559 ], [ -36.279352038999946, -9.366808624696555 ], [ -36.280836439999973, -9.366504149696562 ], [ -36.281659786999967, -9.366139260696547 ], [ -36.282391148999977, -9.365905875696553 ], [ -36.284101285999952, -9.365291613696572 ], [ -36.284923460999948, -9.364923594696579 ], [ -36.28592512299997, -9.364573960696612 ], [ -36.286301971999933, -9.364389697696629 ], [ -36.286894681999975, -9.364160399696605 ], [ -36.286927772999945, -9.363734176696646 ], [ -36.28744170799996, -9.36345106669666 ], [ -36.287446743999965, -9.36345118269662 ], [ -36.287783295999937, -9.36316258569663 ], [ -36.288042626999975, -9.363163689696664 ], [ -36.288869121999944, -9.362824220696636 ], [ -36.289183029999947, -9.362430021696669 ], [ -36.289479854999968, -9.361956889696666 ], [ -36.289828510999939, -9.360921217696692 ], [ -36.290044859999966, -9.360339484696729 ], [ -36.29022305899997, -9.359828194696778 ], [ -36.290329352999947, -9.359455248696758 ], [ -36.290497250999977, -9.35875839369678 ], [ -36.290651947999947, -9.358375406696769 ], [ -36.290867444999947, -9.357912938696821 ], [ -36.291143113999965, -9.357292239696813 ], [ -36.291388938999944, -9.356885533696849 ], [ -36.291626024999971, -9.356401600696865 ], [ -36.292101541999955, -9.35568546769686 ], [ -36.292498020999972, -9.354752954696936 ], [ -36.292600849999928, -9.354331828696903 ], [ -36.293106439999974, -9.353059432696954 ], [ -36.29345041299996, -9.35237898369696 ], [ -36.29385263599994, -9.351597738697 ], [ -36.294443188999935, -9.350584825697021 ], [ -36.294879655999978, -9.349809655697044 ], [ -36.295318257999952, -9.349081559697078 ], [ -36.295612581999933, -9.348636685697114 ], [ -36.295986354999968, -9.348121808697131 ], [ -36.29662620299996, -9.347305034697166 ], [ -36.298358468999936, -9.345775439697199 ], [ -36.298470969999983, -9.345670108697213 ], [ -36.298657501999969, -9.34549417569718 ], [ -36.29875074399996, -9.345277091697202 ], [ -36.298828119999932, -9.344996179697219 ], [ -36.298926880999943, -9.344633111697215 ], [ -36.29899755699995, -9.344235013697224 ], [ -36.299024724999981, -9.344035083697223 ], [ -36.299076, -9.34369380469723 ], [ -36.299148732999974, -9.343324110697273 ], [ -36.299307950999939, -9.343048275697258 ], [ -36.299520898999958, -9.342796411697257 ], [ -36.299860348999971, -9.342507753697287 ], [ -36.300044623999959, -9.34232865069729 ], [ -36.300330587999959, -9.342075329697298 ], [ -36.300648197999976, -9.341757989697326 ], [ -36.300906285999929, -9.341452574697323 ], [ -36.301114810999934, -9.341246536697337 ], [ -36.301282970999978, -9.341076625697347 ], [ -36.301457272999976, -9.340858355697346 ], [ -36.301534175999961, -9.340716590697328 ], [ -36.30163443899994, -9.340518023697351 ], [ -36.301747219999982, -9.340306232697385 ], [ -36.301873635999982, -9.3400178446974 ], [ -36.301911193999956, -9.339780168697359 ], [ -36.301953210999955, -9.339565616697382 ], [ -36.301985909999985, -9.339408051697387 ], [ -36.302057382999976, -9.339225425697364 ], [ -36.302141226999936, -9.339064529697419 ], [ -36.302211494999931, -9.338879624697398 ], [ -36.302371083999958, -9.338726192697413 ], [ -36.302519336999978, -9.338591645697408 ] ] ] } },
{ "type": "Feature", "properties": { "num_setor": "AL_VI_SR_02_CPRM", "munic": "VIÇOSA", "grau_risco": "Muito alto", "distancia_km": 1.29, "chuva_24h": 1.0, "chuva_72h": 3.2, "fonte_estacao": "openmeteo", "codigo_estacao": "openmeteo", "nome_estacao": "Open-Meteo (célula de grade)" }, "geometry": { "type": "Polygon", "coordinates": [ [ [ -36.254729054999977, -9.374030951696296 ], [ -36.254994841999967, -9.374032286696336 ], [ -36.255285149999963, -9.374123766696314 ], [ -36.255477432999953, -9.37421128669633 ], [ -36.255807933999968, -9.374243651696311 ], [ -36.255991037999934, -9.374171433696302 ], [ -36.256485522999981, -9.374093513696332 ], [ -36.256599363999953, -9.374310692696277 ], [ -36.256249303999937, -9.374523982696303 ], [ -36.256015177999984, -9.374659158696312 ], [ -36.255969844999981, -9.375107351696252 ], [ -36.256118803999989, -9.376374652696256 ], [ -36.255476956999985, -9.37634332469622 ], [ -36.254970636999929, -9.376235610696256 ], [ -36.254307380999933, -9.376092515696264 ], [ -36.253926900999943, -9.375737931696237 ], [ -36.253795861999947, -9.375359295696251 ], [ -36.253782706999971, -9.374941498696256 ], [ -36.253754551999982, -9.374726276696313 ], [ -36.253728383999935, -9.374572336696298 ], [ -36.253753574999955, -9.374278478696288 ], [ -36.25378836699997, -9.374085448696301 ], [ -36.254136910999932, -9.374101687696291 ], [ -36.254249362999929, -9.374032215696289 ], [ -36.254466715999961, -9.374039184696317 ], [ -36.254729054999977, -9.374030951696296 ] ] ] } },
{ "type": "Feature", "properties": { "num_setor": "AL_VI_SR_03_CPRM", "munic": "VIÇOSA", "grau_risco": "Muito alto", "distancia_km": 1.08, "chuva_24h": 1.0, "chuva_72h": 3.2, "fonte_estacao": "openmeteo", "codigo_estacao": "openmeteo", "nome_estacao": "Open-Meteo (célula de grade)" }, "geometry": { "type": "Polygon", "coordinates": [ [ [ -36.250813873999967, -9.374741695696279 ], [ -36.250514617999954, -9.374682158696311 ], [ -36.250017505999942, -9.374487786696307 ], [ -36.249454130999936, -9.3743352116963 ], [ -36.248804274999948, -9.374175978696318 ], [ -36.248521262999922, -9.374005983696303 ], [ -36.248539498999946, -9.373664916696292 ], [ -36.249104415999966, -9.373819103696311 ], [ -36.249692527999969, -9.373965860696289 ], [ -36.250312018999978, -9.374125480696327 ], [ -36.250388027999975, -9.374167270696329 ], [ -36.251017819999959, -9.374392528696319 ], [ -36.251082463999978, -9.374463708696281 ], [ -36.251071254999943, -9.374550077696306 ], [ -36.250963568999964, -9.374749037696283 ], [ -36.250813873999967, -9.374741695696279 ] ] ] } },
{ "type": "Feature", "properties": { "num_setor": "AL_SA_SR_02_CPRM", "munic": "SATUBA", "grau_risco": "Alto", "distancia_km": 1.19, "chuva_24h": 1.0, "chuva_72h": 6.4, "fonte_estacao": "openmeteo", "codigo_estacao": "openmeteo", "nome_estacao": "Open-Meteo (célula de grade)" }, "geometry": { "type": "Polygon", "coordinates": [ [ [ -35.825430501999953, -9.568774133690253 ], [ -35.82550520299997, -9.56873814369024 ], [ -35.825776718999975, -9.568557465690251 ], [ -35.82612551699998, -9.568355273690242 ], [ -35.826667107999988, -9.568165237690248 ], [ -35.827050074999931, -9.568014032690249 ], [ -35.827274082999956, -9.567921895690285 ], [ -35.827416291999953, -9.567912053690282 ], [ -35.827298240999937, -9.568216826690266 ], [ -35.827058543999954, -9.568332350690278 ], [ -35.82676356199994, -9.568455856690244 ], [ -35.826422839999964, -9.568583722690249 ], [ -35.826118522999934, -9.568723310690215 ], [ -35.825913856999932, -9.568832461690215 ], [ -35.825730264999947, -9.568984679690244 ], [ -35.825500954999939, -9.569041629690233 ], [ -35.825430501999953, -9.568774133690253 ] ] ] } },
{ "type": "Feature", "properties": { "num_setor": "AL_UP_SR_01_CPRM", "munic": "UNIÃO DOS PALMARES", "grau_risco": "Alto", "distancia_km": 1.77, "chuva_24h": 0.8, "chuva_72h": 2.7, "fonte_estacao": "openmeteo", "codigo_estacao": "openmeteo", "nome_estacao": "Open-Meteo (célula de grade)" }, "geometry": { "type": "Polygon", "coordinates": [ [ [ -36.073384145999967, -9.101212610704829 ], [ -36.073917821999942, -9.101136676704831 ], [ -36.074212444999944, -9.100988038704854 ], [ -36.074508716999958, -9.100809217704839 ], [ -36.07487589699997, -9.100642807704881 ], [ -36.075027637999931, -9.100336158704854 ], [ -36.075106958999982, -9.099880575704908 ], [ -36.075209767999979, -9.099391839704897 ], [ -36.075383814999952, -9.098964759704904 ], [ -36.075596605999976, -9.098408048704924 ], [ -36.07569160699996, -9.098205899704906 ], [ -36.075975047999975, -9.097630870704979 ], [ -36.076124585999928, -9.097342684704948 ], [ -36.076232851999968, -9.097019026704949 ], [ -36.076445441999965, -9.096881344704956 ], [ -36.076662164999966, -9.09688072570496 ], [ -36.076945414999955, -9.097012267704979 ], [ -36.076973552999966, -9.097228415704969 ], [ -36.076706481999963, -9.097711536704953 ], [ -36.076301054999931, -9.098340132704944 ], [ -36.076109660999975, -9.098717808704899 ], [ -36.075950306999971, -9.099307297704879 ], [ -36.075892981999971, -9.099825965704905 ], [ -36.075791088999956, -9.100288192704841 ], [ -36.075747190999941, -9.100736542704828 ], [ -36.07576192199997, -9.101069210704871 ], [ -36.075761987999954, -9.101387449704827 ], [ -36.075762173999976, -9.101647980704806 ], [ -36.075733677999949, -9.102025276704801 ], [ -36.075690050999981, -9.102445933704798 ], [ -36.075616742999955, -9.10276474170481 ], [ -36.075587436999967, -9.103054565704799 ], [ -36.075572805999968, -9.103402360704766 ], [ -36.07555816799993, -9.10367771570475 ], [ -36.075558193999939, -9.103909592704767 ], [ -36.075602238999977, -9.104170421704774 ], [ -36.075690286999929, -9.10434424870474 ], [ -36.075778339999943, -9.104576042704739 ], [ -36.075777434999971, -9.104861589704702 ], [ -36.075601098999982, -9.104916985704753 ], [ -36.075395826999966, -9.104901117704703 ], [ -36.074751627999945, -9.104881704704741 ], [ -36.074283452999964, -9.104896966704716 ], [ -36.073857665999981, -9.104845175704741 ], [ -36.073416776999984, -9.104762021704708 ], [ -36.073123455999962, -9.104747616704708 ], [ -36.07268328899994, -9.104646655704727 ], [ -36.072448351999988, -9.10453122870476 ], [ -36.072183984999981, -9.104401343704726 ], [ -36.071993437999936, -9.104299760704729 ], [ -36.07181894699994, -9.104167721704737 ], [ -36.071645346999958, -9.103919366704748 ], [ -36.071502346999978, -9.103482587704777 ], [ -36.071432480999931, -9.103032450704765 ], [ -36.071420791999969, -9.1025977997048 ], [ -36.071422641999966, -9.102178730704841 ], [ -36.07140409799996, -9.102071020704832 ], [ -36.071759071999963, -9.101832020704821 ], [ -36.071960645999987, -9.101458238704833 ], [ -36.072205451999935, -9.101335525704842 ], [ -36.072556817999953, -9.101222516704823 ], [ -36.072902878999969, -9.101243906704855 ], [ -36.073384145999967, -9.101212610704829 ] ] ] } },
{ "type": "Feature", "properties": { "num_setor": "AL_SMC_SR_02_CPRM", "munic": "SÃO MIGUEL DOS CAMPOS", "grau_risco": "Alto", "distancia_km": 1.23, "chuva_24h": 1.6, "chuva_72h": 5.0, "fonte_estacao": "openmeteo", "codigo_estacao": "openmeteo", "nome_estacao": "Open-Meteo (célula de grade)" }, "geometry": { "type": "Polygon", "coordinates": [ [ [ -36.104795057999979, -9.789135343683363 ], [ -36.104595506999942, -9.788315916683432 ], [ -36.104626620999966, -9.788280257683388 ], [ -36.104744095999934, -9.788251297683436 ], [ -36.10494620299994, -9.78742123268346 ], [ -36.105408076999929, -9.783693415683549 ], [ -36.105919094999933, -9.784153485683568 ], [ -36.106177746999947, -9.785417669683504 ], [ -36.106126471999964, -9.7859884616835 ], [ -36.106114683999976, -9.786038882683467 ], [ -36.106096183999966, -9.786079038683479 ], [ -36.106022952999979, -9.786154089683487 ], [ -36.105124449999948, -9.787839378683401 ], [ -36.10512489599995, -9.787854109683426 ], [ -36.105096901999964, -9.787938049683447 ], [ -36.10506341599995, -9.7883737496834 ], [ -36.105134030999977, -9.788663760683399 ], [ -36.105194753999967, -9.788818084683383 ], [ -36.10525685399994, -9.789001126683386 ], [ -36.105269844999953, -9.789036478683375 ], [ -36.105282885999941, -9.789066152683404 ], [ -36.105633218999969, -9.789671360683347 ], [ -36.106003362999957, -9.790313872683333 ], [ -36.106848533999937, -9.791644006683303 ], [ -36.106883556999946, -9.791719833683279 ], [ -36.106895386999952, -9.791750352683287 ], [ -36.10689562999994, -9.791756280683295 ], [ -36.107026365999957, -9.792021887683299 ], [ -36.107037462999983, -9.792041924683316 ], [ -36.10704661699998, -9.792050923683304 ], [ -36.107280661999944, -9.792676777683248 ], [ -36.107643813999971, -9.793916111683256 ], [ -36.10754319899997, -9.793926921683244 ], [ -36.107511981999949, -9.793906067683233 ], [ -36.107472436999956, -9.79384373168325 ], [ -36.107148419999938, -9.79331142168323 ], [ -36.107056199999931, -9.793149871683264 ], [ -36.105030892999928, -9.789529415683351 ], [ -36.104928625999946, -9.789376475683392 ], [ -36.10487405899994, -9.789251739683358 ], [ -36.104848198999953, -9.789218914683367 ], [ -36.104821701999981, -9.789177243683396 ], [ -36.104827544999971, -9.789141636683368 ], [ -36.104803588999971, -9.789143494683392 ], [ -36.104795057999979, -9.789135343683363 ] ] ] } },
{ "type": "Feature", "properties": { "num_setor": "AL_SA_SR_01_CPRM", "munic": "SATUBA", "grau_risco": "Alto", "distancia_km": 1.26, "chuva_24h": 1.0, "chuva_72h": 6.4, "fonte_estacao": "openmeteo", "codigo_estacao": "openmeteo", "nome_estacao": "Open-Meteo (célula de grade)" }, "geometry": { "type": "Polygon", "coordinates": [ [ [ -35.826928571999929, -9.575730105690045 ], [ -35.826754802999972, -9.574423848690076 ], [ -35.827517610999962, -9.574274333690049 ], [ -35.828016700999967, -9.574161508690084 ], [ -35.82892508499998, -9.574425694690051 ], [ -35.830296219999973, -9.574936571690046 ], [ -35.830915621999956, -9.575376934690025 ], [ -35.83159539899998, -9.576097211690032 ], [ -35.831892832999984, -9.576462994689976 ], [ -35.832283273999963, -9.576663002690005 ], [ -35.832676293999953, -9.576528932690003 ], [ -35.832735815999968, -9.57651309568997 ], [ -35.833119018999987, -9.576377905689995 ], [ -35.833553464999966, -9.575622177690022 ], [ -35.83401747299996, -9.575122562690071 ], [ -35.834460591999971, -9.575097854690057 ], [ -35.834663472999978, -9.575696451689995 ], [ -35.834383937999974, -9.576769024690011 ], [ -35.834423545999982, -9.577037408689979 ], [ -35.834575622999978, -9.577281905689958 ], [ -35.835103395999958, -9.578237262689941 ], [ -35.835396834999976, -9.579515544689887 ], [ -35.835480795999963, -9.580872485689882 ], [ -35.835211197999968, -9.581919722689815 ], [ -35.83437894399998, -9.582449705689841 ], [ -35.832962578999968, -9.583169196689797 ], [ -35.832404721999978, -9.583444513689781 ], [ -35.831673600999984, -9.583542951689783 ], [ -35.830907749999945, -9.583635487689785 ], [ -35.830084116999956, -9.583729331689781 ], [ -35.829241096999965, -9.58354393568978 ], [ -35.828085779999981, -9.583910543689752 ], [ -35.827067439999951, -9.58282630868977 ], [ -35.827153912999961, -9.581906421689846 ], [ -35.827123371999967, -9.580451042689846 ], [ -35.827174515999957, -9.579078658689905 ], [ -35.827307942999937, -9.577892575689951 ], [ -35.827568206999956, -9.577828232689932 ], [ -35.827855522999982, -9.577729267689934 ], [ -35.827417855999954, -9.576785349689997 ], [ -35.826928571999929, -9.575730105690045 ] ] ] } },
{ "type": "Feature", "properties": { "num_setor": "AL_UP_SR_03_CPRM", "munic": "UNIÃO DOS PALMARES", "grau_risco": "Alto", "distancia_km": 1.66, "chuva_24h": 0.6, "chuva_72h": 2.8, "fonte_estacao": "openmeteo", "codigo_estacao": "openmeteo", "nome_estacao": "Open-Meteo (célula de grade)" }, "geometry": { "type": "Polygon", "coordinates": [ [ [ -36.035840159999964, -9.158541209703051 ], [ -36.035929799999963, -9.15788177970308 ], [ -36.035722799999974, -9.157694939703067 ], [ -36.035388359999956, -9.157554899703099 ], [ -36.034774919999961, -9.15720299970312 ], [ -36.034167959999934, -9.156734999703124 ], [ -36.033654959999978, -9.15614396970313 ], [ -36.033235919999989, -9.155410019703165 ], [ -36.032880959999943, -9.154469969703204 ], [ -36.032712119999928, -9.153603989703216 ], [ -36.032686919999946, -9.152913959703247 ], [ -36.032771159999982, -9.151586009703271 ], [ -36.032997959999932, -9.150425009703282 ], [ -36.033265079999985, -9.149387039703338 ], [ -36.034010279999961, -9.147928859703406 ], [ -36.034354439999959, -9.147339359703379 ], [ -36.035071919999943, -9.146624039703417 ], [ -36.035380079999989, -9.146239559703444 ], [ -36.035552159999952, -9.145406609703459 ], [ -36.035310239999944, -9.14425226970352 ], [ -36.034606079999946, -9.14299478970351 ], [ -36.033743159999972, -9.142299269703567 ], [ -36.032107319999966, -9.140926319703595 ], [ -36.030524759999935, -9.139271759703622 ], [ -36.029882159999943, -9.138620969703696 ], [ -36.029142, -9.13788701970368 ], [ -36.028416959999959, -9.137058029703701 ], [ -36.027803879999958, -9.136009979703724 ], [ -36.027686159999973, -9.135295019703767 ], [ -36.027843119999943, -9.134665019703785 ], [ -36.028289879999932, -9.134051039703834 ], [ -36.028738079999982, -9.133395029703852 ], [ -36.029004839999963, -9.132848009703876 ], [ -36.029118959999948, -9.132341039703885 ], [ -36.029054879999933, -9.131819039703856 ], [ -36.02908403999993, -9.131626979703899 ], [ -36.029319839999971, -9.131423039703909 ], [ -36.029957039999942, -9.131318999703904 ], [ -36.031451039999979, -9.130947029703917 ], [ -36.032253839999953, -9.13074695970392 ], [ -36.032987159999948, -9.130643009703938 ], [ -36.034117919999971, -9.130859009703901 ], [ -36.034875, -9.131166989703893 ], [ -36.03587615999993, -9.132026039703897 ], [ -36.036284039999941, -9.132797969703859 ], [ -36.036416159999931, -9.133608959703821 ], [ -36.036396, -9.134335979703796 ], [ -36.03626496, -9.135132029703795 ], [ -36.035921879999933, -9.136529009703729 ], [ -36.035790839999947, -9.137405969703728 ], [ -36.035880839999948, -9.138176009703665 ], [ -36.03619115999993, -9.139125959703643 ], [ -36.03644351999997, -9.140580809703616 ], [ -36.036793079999939, -9.141557219703603 ], [ -36.037068119999958, -9.142505819703532 ], [ -36.037525679999931, -9.143073449703547 ], [ -36.037721159999933, -9.143623349703491 ], [ -36.037749959999928, -9.144661139703457 ], [ -36.037572119999936, -9.145143179703442 ], [ -36.037475639999975, -9.145597949703463 ], [ -36.03729815999997, -9.147148199703395 ], [ -36.03726359999996, -9.148142429703368 ], [ -36.036978839999961, -9.149465609703313 ], [ -36.036860759999968, -9.150693029703296 ], [ -36.036726839999979, -9.152171729703259 ], [ -36.036673199999932, -9.153107909703222 ], [ -36.036671039999923, -9.15449399970316 ], [ -36.036826919999953, -9.155214989703127 ], [ -36.037188, -9.155823749703146 ], [ -36.03767111999997, -9.156271769703096 ], [ -36.03818087999997, -9.156411179703124 ], [ -36.038465279999969, -9.156522779703089 ], [ -36.039443039999973, -9.156778019703079 ], [ -36.040116959999985, -9.157031009703109 ], [ -36.041120639999981, -9.157168529703117 ], [ -36.041850719999957, -9.157529069703081 ], [ -36.042727319999983, -9.158177609703042 ], [ -36.043307279999965, -9.158899859703039 ], [ -36.043673039999931, -9.159668099703037 ], [ -36.043653959999972, -9.160988849702981 ], [ -36.043257959999949, -9.162803969702935 ], [ -36.043137359999946, -9.163692089702861 ], [ -36.042888959999971, -9.164664179702834 ], [ -36.04287383999997, -9.165525119702801 ], [ -36.042971039999934, -9.166046039702826 ], [ -36.042908039999922, -9.166759199702778 ], [ -36.042347879999966, -9.167821379702762 ], [ -36.041245199999935, -9.168749999702705 ], [ -36.039971519999938, -9.169357679702721 ], [ -36.038050559999931, -9.1700035197027 ], [ -36.036565199999984, -9.170254979702706 ], [ -36.035920439999984, -9.170501939702666 ], [ -36.03518387999997, -9.170849339702672 ], [ -36.034979039999939, -9.170952119702683 ], [ -36.034855559999983, -9.171161819702654 ], [ -36.034818119999954, -9.171476999702667 ], [ -36.034905239999944, -9.171914219702638 ], [ -36.035133479999956, -9.172281329702638 ], [ -36.035420039999963, -9.1726657197026 ], [ -36.035721359999968, -9.172840589702613 ], [ -36.036168119999957, -9.173512979702572 ], [ -36.036329039999941, -9.174049019702537 ], [ -36.036821159999931, -9.174753989702523 ], [ -36.037218959999961, -9.175073039702548 ], [ -36.037770119999948, -9.1752830097025 ], [ -36.038486879999944, -9.17546696970251 ], [ -36.039175919999934, -9.175569029702526 ], [ -36.039963959999966, -9.17556200970253 ], [ -36.041816879999942, -9.175384979702503 ], [ -36.04380696, -9.175291019702545 ], [ -36.044829, -9.175327019702506 ], [ -36.045698039999934, -9.175389029702524 ], [ -36.046540079999943, -9.175573979702527 ], [ -36.04713191999997, -9.175798979702526 ], [ -36.047694959999944, -9.176159969702502 ], [ -36.048229919999983, -9.176644979702463 ], [ -36.048679919999984, -9.177308009702438 ], [ -36.049060079999947, -9.178175969702405 ], [ -36.049335839999969, -9.179015039702422 ], [ -36.049397039999974, -9.18050399970233 ], [ -36.049214879999958, -9.181819979702311 ], [ -36.048515039999984, -9.18325403970227 ], [ -36.047809079999979, -9.183854609702269 ], [ -36.046951199999967, -9.184837139702219 ], [ -36.04628088, -9.185627879702217 ], [ -36.045618119999972, -9.186114689702185 ], [ -36.045096839999928, -9.18642662970219 ], [ -36.043988039999924, -9.18716597970217 ], [ -36.04299371999997, -9.188113589702105 ], [ -36.042641279999941, -9.188815229702076 ], [ -36.042074279999952, -9.189376829702086 ], [ -36.041576039999939, -9.190360439702049 ], [ -36.041202359999943, -9.191798639701993 ], [ -36.041367239999943, -9.192917609701958 ], [ -36.041413679999948, -9.194006609701949 ], [ -36.041287679999989, -9.194960069701931 ], [ -36.041152319999981, -9.195911639701889 ], [ -36.040906439999958, -9.196792199701845 ], [ -36.04043951999995, -9.197281259701834 ], [ -36.039660839999954, -9.197447759701811 ], [ -36.039199679999967, -9.197358479701817 ], [ -36.038869199999958, -9.196988489701859 ], [ -36.038822039999964, -9.196466939701844 ], [ -36.039031919999957, -9.196091549701869 ], [ -36.039439079999966, -9.195923879701876 ], [ -36.03964139999993, -9.195623099701907 ], [ -36.039736439999956, -9.195372449701919 ], [ -36.03969864, -9.194924699701897 ], [ -36.039625919999935, -9.194597549701935 ], [ -36.039571199999955, -9.194281289701909 ], [ -36.039464279999954, -9.194050079701936 ], [ -36.039286439999955, -9.193699709701967 ], [ -36.03913163999993, -9.193458779701956 ], [ -36.039005279999969, -9.193135139702001 ], [ -36.03881303999998, -9.192959819701954 ], [ -36.038298959999963, -9.192798899701975 ], [ -36.03803075999997, -9.192812039702 ], [ -36.037601639999934, -9.192426029702007 ], [ -36.037316879999935, -9.192160349701979 ], [ -36.037192679999976, -9.191971709702015 ], [ -36.037180799999931, -9.191784959702003 ], [ -36.037192319999974, -9.191380409702031 ], [ -36.037324439999963, -9.190846529702009 ], [ -36.037384559999964, -9.190619819702031 ], [ -36.03750335999996, -9.190353779702052 ], [ -36.037635119999948, -9.190118879702052 ], [ -36.037791, -9.189868319702066 ], [ -36.037999079999963, -9.189604079702105 ], [ -36.038254679999966, -9.189344789702078 ], [ -36.038974679999967, -9.188851229702095 ], [ -36.039719519999949, -9.188360279702088 ], [ -36.040349879999958, -9.187696799702158 ], [ -36.040621319999964, -9.187071119702125 ], [ -36.040938119999964, -9.186057089702196 ], [ -36.040904639999951, -9.185005709702196 ], [ -36.04044491999997, -9.184374629702262 ], [ -36.039850199999933, -9.183386789702245 ], [ -36.039052079999983, -9.182529899702306 ], [ -36.037014839999983, -9.180963989702343 ], [ -36.034337159999957, -9.178233029702421 ], [ -36.03249, -9.175875029702478 ], [ -36.031656959999964, -9.174824009702535 ], [ -36.030853079999929, -9.173423519702604 ], [ -36.030209039999932, -9.172493909702615 ], [ -36.029355119999934, -9.171497339702659 ], [ -36.028178639999972, -9.170406089702691 ], [ -36.026290079999967, -9.168613109702742 ], [ -36.024933959999942, -9.166755779702797 ], [ -36.024297119999979, -9.165613679702847 ], [ -36.023560919999959, -9.164947139702877 ], [ -36.023026319999936, -9.164194739702893 ], [ -36.02252483999996, -9.163788479702868 ], [ -36.021422519999938, -9.164045339702895 ], [ -36.019926, -9.163519919702875 ], [ -36.01940687999997, -9.16278200970291 ], [ -36.018855359999975, -9.162434339702918 ], [ -36.01687751999998, -9.161251109702974 ], [ -36.014876639999954, -9.160394309702987 ], [ -36.013586399999951, -9.160077419702985 ], [ -36.012999959999945, -9.159606179703024 ], [ -36.011702159999963, -9.159286139703024 ], [ -36.010315799999944, -9.159169769703016 ], [ -36.008786519999944, -9.158971589703041 ], [ -36.007223039999928, -9.158791409703019 ], [ -36.004991039999936, -9.158338259703033 ], [ -36.003359159999945, -9.157754429703079 ], [ -36.002796119999971, -9.156743189703077 ], [ -36.002514599999984, -9.15613109970309 ], [ -36.002597039999955, -9.155538899703144 ], [ -36.003514679999967, -9.155089799703125 ], [ -36.004710959999962, -9.154830059703142 ], [ -36.006662879999965, -9.155515679703141 ], [ -36.010054439999976, -9.155688299703135 ], [ -36.011003399999936, -9.155495699703154 ], [ -36.012452039999971, -9.155799089703137 ], [ -36.013052159999972, -9.156216959703105 ], [ -36.01434815999994, -9.156911039703095 ], [ -36.015374879999968, -9.157431959703068 ], [ -36.016022159999984, -9.157854059703093 ], [ -36.016689959999951, -9.158230979703033 ], [ -36.017685359999973, -9.158336459703028 ], [ -36.018142199999943, -9.158202089703078 ], [ -36.018383039999947, -9.157693949703077 ], [ -36.018436679999972, -9.157399739703092 ], [ -36.018571319999985, -9.156866489703107 ], [ -36.018625319999956, -9.156333959703094 ], [ -36.018522359999963, -9.155361329703142 ], [ -36.01845, -9.154323449703158 ], [ -36.019078199999967, -9.152837729703208 ], [ -36.019567079999945, -9.15217847970327 ], [ -36.020351159999962, -9.151349129703295 ], [ -36.021610799999955, -9.150501239703276 ], [ -36.022534199999946, -9.150262109703327 ], [ -36.023189039999977, -9.15093098970328 ], [ -36.023424839999961, -9.151458029703273 ], [ -36.023569919999943, -9.152227979703252 ], [ -36.023537879999935, -9.152831969703239 ], [ -36.023483519999957, -9.153602189703211 ], [ -36.023319719999961, -9.154629449703174 ], [ -36.023076359999948, -9.156114269703105 ], [ -36.022640399999943, -9.15720938970307 ], [ -36.022268879999956, -9.158013359703039 ], [ -36.021924359999957, -9.158415569703026 ], [ -36.021729599999958, -9.158644889703035 ], [ -36.021687119999967, -9.158887619703055 ], [ -36.021888, -9.159376769703005 ], [ -36.022409279999977, -9.159825509703019 ], [ -36.023156279999967, -9.160668179702993 ], [ -36.02400659999995, -9.161443079702973 ], [ -36.024562799999956, -9.162010259702912 ], [ -36.025308719999941, -9.162639449702938 ], [ -36.025914959999966, -9.162934469702883 ], [ -36.026663399999961, -9.163019429702915 ], [ -36.027321839999956, -9.163126349702923 ], [ -36.027854279999929, -9.162959759702931 ], [ -36.02821715999994, -9.16265231970292 ], [ -36.028414439999949, -9.16232813970292 ], [ -36.028567799999962, -9.161960759702929 ], [ -36.028834919999959, -9.161448029702974 ], [ -36.029125799999974, -9.16068788970299 ], [ -36.029356199999938, -9.160165529703011 ], [ -36.029633759999967, -9.159825329702986 ], [ -36.029830679999975, -9.159738119702983 ], [ -36.030071159999977, -9.159689429703015 ], [ -36.030277439999963, -9.159734699703003 ], [ -36.030530159999955, -9.159870779702997 ], [ -36.030760919999977, -9.160120619702971 ], [ -36.03085343999993, -9.160506359702975 ], [ -36.030876479999954, -9.160801019702975 ], [ -36.030854879999936, -9.161403029702976 ], [ -36.030684959999974, -9.161895959702965 ], [ -36.030017159999943, -9.162548999702926 ], [ -36.029484, -9.163110959702877 ], [ -36.029408039999964, -9.163511999702907 ], [ -36.029529, -9.163842029702886 ], [ -36.029802239999974, -9.164090699702895 ], [ -36.030486959999969, -9.164571029702834 ], [ -36.03096, -9.164976029702828 ], [ -36.031371839999963, -9.165299039702862 ], [ -36.031896359999962, -9.165382559702834 ], [ -36.032436719999964, -9.165165029702852 ], [ -36.032878079999932, -9.164676329702857 ], [ -36.033088679999935, -9.164438189702851 ], [ -36.033517439999969, -9.164346119702861 ], [ -36.033886439999954, -9.164520719702836 ], [ -36.034344719999979, -9.164696489702825 ], [ -36.03480983999998, -9.164839409702854 ], [ -36.035420759999965, -9.165061169702829 ], [ -36.035968319999938, -9.165282389702845 ], [ -36.036729359999974, -9.165373559702852 ], [ -36.037644839999984, -9.165213539702851 ], [ -36.038160719999958, -9.165067649702863 ], [ -36.038814119999984, -9.164754089702871 ], [ -36.039247559999971, -9.164451329702873 ], [ -36.039933359999964, -9.164103749702898 ], [ -36.040428719999966, -9.163884779702856 ], [ -36.041040359999961, -9.163617479702905 ], [ -36.041330879999975, -9.163332449702869 ], [ -36.041636519999933, -9.162967679702911 ], [ -36.041829119999932, -9.16257131970289 ], [ -36.042019919999973, -9.161985779702933 ], [ -36.042020279999974, -9.161573759702948 ], [ -36.041907599999945, -9.161209709702989 ], [ -36.04161707999998, -9.160752779702959 ], [ -36.041455799999937, -9.160469729702964 ], [ -36.041188679999948, -9.160082909703016 ], [ -36.040863959999967, -9.159859079702986 ], [ -36.040668839999967, -9.15981668970301 ], [ -36.040408559999953, -9.159774749702994 ], [ -36.040006799999958, -9.159551729703036 ], [ -36.039811319999956, -9.159433649702988 ], [ -36.03939803999998, -9.159090119703048 ], [ -36.038478239999961, -9.15870275970302 ], [ -36.037420919999931, -9.158607089703063 ], [ -36.036821519999933, -9.15870392970303 ], [ -36.036529919999964, -9.158768639703034 ], [ -36.036004319999954, -9.159205409703043 ], [ -36.035853839999959, -9.15914510970301 ], [ -36.035840159999964, -9.158541209703051 ] ] ] } },
{ "type": "Feature", "properties": { "num_setor": "AL_UP_SR_02_CPRM", "munic": "UNIÃO DOS PALMARES", "grau_risco": "Alto", "distancia_km": 2.22, "chuva_24h": 0.6, "chuva_72h": 2.8, "fonte_estacao": "openmeteo", "codigo_estacao": "openmeteo", "nome_estacao": "Open-Meteo (célula de grade)" }, "geometry": { "type": "Polygon", "coordinates": [ [ [ -36.051906077999945, -9.129382413703969 ], [ -36.05224210199998, -9.129337657703948 ], [ -36.052532683999971, -9.129328522703974 ], [ -36.052845912999942, -9.129301204703944 ], [ -36.053191022999954, -9.129359596703969 ], [ -36.05346353099997, -9.129512530703932 ], [ -36.053753913999977, -9.129503927703963 ], [ -36.054066877999958, -9.129477412703968 ], [ -36.054378861999972, -9.129454522703941 ], [ -36.054687331999958, -9.129467065703965 ], [ -36.054973829999938, -9.129495820703978 ], [ -36.055274443999963, -9.129586899703932 ], [ -36.05552437599993, -9.129756669703943 ], [ -36.055828894999934, -9.129993573703958 ], [ -36.056100200999936, -9.130097644703964 ], [ -36.056360981999944, -9.13021395570396 ], [ -36.056677301999969, -9.13037652070393 ], [ -36.056938510999942, -9.130492952703902 ], [ -36.057151532999967, -9.130593680703901 ], [ -36.057357700999937, -9.130768886703891 ], [ -36.05757786199996, -9.130999527703921 ], [ -36.057825042999973, -9.131171528703927 ], [ -36.058003546999942, -9.131397447703922 ], [ -36.058118362999949, -9.131674142703879 ], [ -36.058210066999948, -9.131969175703851 ], [ -36.058260625999935, -9.132260017703871 ], [ -36.05823405499995, -9.132501714703844 ], [ -36.058198620999981, -9.132824026703871 ], [ -36.058208171999986, -9.133110608703861 ], [ -36.058258412999983, -9.133401667703852 ], [ -36.058349457999952, -9.133697153703812 ], [ -36.05844050099995, -9.133992635703823 ], [ -36.058372805999973, -9.134230078703817 ], [ -36.058237175999984, -9.134521352703819 ], [ -36.058006685999935, -9.13474109770379 ], [ -36.057780673999957, -9.134920573703804 ], [ -36.057509381999978, -9.135136003703769 ], [ -36.05723295699994, -9.135208070703785 ], [ -36.056946192999931, -9.13536059870378 ], [ -36.056704757999967, -9.135477130703777 ], [ -36.056641079999956, -9.135490601703758 ], [ -36.056188654999971, -9.135849636703778 ], [ -36.055939728999931, -9.136047165703772 ], [ -36.055689678999954, -9.136244112703764 ], [ -36.055480687999932, -9.136445439703715 ], [ -36.055271802999982, -9.136646663703729 ], [ -36.055158440999946, -9.136919417703703 ], [ -36.054968903999963, -9.137144096703739 ], [ -36.054911254999979, -9.137485659703733 ], [ -36.054798806999941, -9.137760044703683 ], [ -36.054472299999929, -9.137857761703691 ], [ -36.05426697799993, -9.137648775703676 ], [ -36.053994656999983, -9.137494056703723 ], [ -36.053746797999963, -9.137327000703714 ], [ -36.053566375999935, -9.137106585703725 ], [ -36.053403710999937, -9.136907859703724 ], [ -36.053222648999963, -9.136686662703751 ], [ -36.053004950999934, -9.136420232703754 ], [ -36.052823377999971, -9.136197161703763 ], [ -36.052641714999936, -9.135973980703751 ], [ -36.052392052999949, -9.13580444770373 ], [ -36.052142561999979, -9.135634580703792 ], [ -36.05196099799997, -9.135410979703778 ], [ -36.051716148999958, -9.135200852703786 ], [ -36.051516982999942, -9.134954888703799 ], [ -36.051263415999983, -9.134642090703775 ], [ -36.05108573199994, -9.134378342703828 ], [ -36.050926149999952, -9.134136780703793 ], [ -36.050748232999972, -9.13387267870384 ], [ -36.050498080999951, -9.133702654703852 ], [ -36.050288660999968, -9.133536989703801 ], [ -36.050083470999937, -9.133330857703848 ], [ -36.049859892999962, -9.133102183703825 ], [ -36.049636161999949, -9.132873361703837 ], [ -36.049371411999971, -9.132639962703877 ], [ -36.049237986999977, -9.132338878703887 ], [ -36.049192236999943, -9.132007086703901 ], [ -36.04906025099995, -9.131706838703884 ], [ -36.049091745999931, -9.131424280703905 ], [ -36.049341271999936, -9.131226569703916 ], [ -36.049636372999942, -9.13117675770393 ], [ -36.049894864999942, -9.131081875703888 ], [ -36.05013989899993, -9.130924439703898 ], [ -36.050390143999955, -9.130727646703924 ], [ -36.050616718999947, -9.130547435703942 ], [ -36.050867745999938, -9.130352538703915 ], [ -36.051067647999957, -9.13023190270396 ], [ -36.051316791999966, -9.130033652703931 ], [ -36.051547906999929, -9.129813217703973 ], [ -36.051697323999974, -9.129583895703927 ], [ -36.051906077999945, -9.129382413703969 ] ] ] } },
{ "type": "Feature", "properties": { "num_setor": "AL_SLQ_SR_03_CPRM", "munic": "SÃO LUÍS DO QUITUNDE", "grau_risco": "Alto", "distancia_km": 1.47, "chuva_24h": 0.6, "chuva_72h": 3.8, "fonte_estacao": "openmeteo", "codigo_estacao": "openmeteo", "nome_estacao": "Open-Meteo (célula de grade)" }, "geometry": { "type": "Polygon", "coordinates": [ [ [ -35.565666784999962, -9.310874383698257 ], [ -35.565656314999963, -9.310711416698274 ], [ -35.565655592999981, -9.310644266698263 ], [ -35.565767176999941, -9.310628126698306 ], [ -35.56591655099993, -9.310592634698311 ], [ -35.566042022999966, -9.310590895698287 ], [ -35.566179286999954, -9.31056861969831 ], [ -35.566205932999942, -9.310655575698261 ], [ -35.566231743999936, -9.310757437698269 ], [ -35.566331412999943, -9.310873575698276 ], [ -35.566420026999936, -9.310974217698277 ], [ -35.566526760999977, -9.311005135698268 ], [ -35.566643085999935, -9.310985075698278 ], [ -35.56682480999995, -9.310993257698266 ], [ -35.566976599999975, -9.311026330698265 ], [ -35.567156337999961, -9.311042438698273 ], [ -35.567282445999979, -9.31104178969826 ], [ -35.56753570199993, -9.311046430698289 ], [ -35.567715846999931, -9.311023034698268 ], [ -35.56795746399996, -9.310992224698277 ], [ -35.568140356999947, -9.310998447698291 ], [ -35.568220336999957, -9.311206707698245 ], [ -35.568236283999966, -9.311560880698238 ], [ -35.568205818999949, -9.311879070698263 ], [ -35.568135997999946, -9.311991158698238 ], [ -35.567825490999951, -9.311896300698233 ], [ -35.567573232999962, -9.31194911869826 ], [ -35.567495438999963, -9.311979405698272 ], [ -35.567331894999938, -9.31199436469827 ], [ -35.567236641999948, -9.312024501698225 ], [ -35.567098169999952, -9.312101792698247 ], [ -35.566975480999936, -9.312053992698244 ], [ -35.56679024999994, -9.311762818698272 ], [ -35.566539199999973, -9.311566499698278 ], [ -35.566302118999943, -9.311486180698276 ], [ -35.56622759499993, -9.311422905698272 ], [ -35.566109222999955, -9.311379059698288 ], [ -35.566045569999979, -9.311298945698274 ], [ -35.565910106999972, -9.311254676698285 ], [ -35.565722086999983, -9.311273386698291 ], [ -35.565691987999969, -9.311157314698265 ], [ -35.565686601999971, -9.311018706698285 ], [ -35.565666784999962, -9.310874383698257 ] ] ] } },
{ "type": "Feature", "properties": { "num_setor": "AL_SLQ_SR_01_CPRM", "munic": "SÃO LUÍS DO QUITUNDE", "grau_risco": "Alto", "distancia_km": 1.08, "chuva_24h": 0.6, "chuva_72h": 3.8, "fonte_estacao": "openmeteo", "codigo_estacao": "openmeteo", "nome_estacao": "Open-Meteo (célula de grade)" }, "geometry": { "type": "Polygon", "coordinates": [ [ [ -35.561887297999931, -9.308467463698332 ], [ -35.562283559999969, -9.307780609698371 ], [ -35.56269950199993, -9.306601915698435 ], [ -35.562971658999977, -9.306322464698408 ], [ -35.563388732999947, -9.306351055698396 ], [ -35.563674713999944, -9.306800943698432 ], [ -35.563760329999987, -9.307254411698404 ], [ -35.562942360999955, -9.308918651698328 ], [ -35.562730575999979, -9.308871262698348 ], [ -35.562556427999937, -9.308970777698333 ], [ -35.562357007999935, -9.309383597698329 ], [ -35.562056132999942, -9.309859317698313 ], [ -35.56102713599995, -9.312836981698233 ], [ -35.56052533299993, -9.313468783698196 ], [ -35.56087367899994, -9.314819032698137 ], [ -35.560361142999966, -9.315057366698149 ], [ -35.560191670999984, -9.315413450698113 ], [ -35.560243187999959, -9.315680842698118 ], [ -35.560316823999983, -9.316046178698119 ], [ -35.560401768999952, -9.316236563698112 ], [ -35.56044808199993, -9.316324872698084 ], [ -35.560526279999976, -9.316450502698103 ], [ -35.56062650399997, -9.316587614698097 ], [ -35.560732831999921, -9.316628702698088 ], [ -35.560850671999965, -9.316581051698098 ], [ -35.560974374999944, -9.316653771698087 ], [ -35.561094910999941, -9.316692313698116 ], [ -35.561016680999955, -9.317038452698085 ], [ -35.561132465999947, -9.317084225698096 ], [ -35.561427282999944, -9.317155096698091 ], [ -35.561756159999959, -9.317262484698087 ], [ -35.562018737999956, -9.317349345698084 ], [ -35.562171589999927, -9.31740996769806 ], [ -35.562359966999971, -9.317500499698058 ], [ -35.562377589999983, -9.317531357698062 ], [ -35.562343061999968, -9.317588463698044 ], [ -35.562219036999977, -9.317558506698067 ], [ -35.562093726999933, -9.317505774698096 ], [ -35.561977212999977, -9.317466546698103 ], [ -35.561744008999938, -9.31735613869809 ], [ -35.561612811999964, -9.317325595698062 ], [ -35.561388197999975, -9.317246595698096 ], [ -35.561179114999959, -9.317215026698108 ], [ -35.561093091999965, -9.317193322698104 ], [ -35.560918347999973, -9.317133056698111 ], [ -35.560818820999941, -9.317097524698086 ], [ -35.560737791999941, -9.317059222698084 ], [ -35.56065642599998, -9.317039706698068 ], [ -35.560600489999956, -9.317027416698094 ], [ -35.560505051999939, -9.317225557698094 ], [ -35.560444538999946, -9.317364364698077 ], [ -35.560418983999966, -9.317459796698092 ], [ -35.56033748599998, -9.317675714698071 ], [ -35.560275325999953, -9.317871783698084 ], [ -35.560175581999943, -9.318195569698043 ], [ -35.560129211999936, -9.318345779698054 ], [ -35.560007434999939, -9.318730159698056 ], [ -35.559881832999956, -9.319088158698005 ], [ -35.559672398999965, -9.319669881698024 ], [ -35.559483306999937, -9.320355280697967 ], [ -35.559210250999968, -9.321218956697937 ], [ -35.559113642999932, -9.321571385697956 ], [ -35.559101767999948, -9.321702010697949 ], [ -35.559389106999951, -9.321904160697947 ], [ -35.559741764999956, -9.322014035697908 ], [ -35.560176428999974, -9.322131237697917 ], [ -35.560508460999984, -9.322269597697906 ], [ -35.560793891999936, -9.322342938697922 ], [ -35.560885607999978, -9.322219158697903 ], [ -35.560984403999953, -9.322032625697929 ], [ -35.561103305999943, -9.322007578697921 ], [ -35.561109146999968, -9.322013864697956 ], [ -35.561354152999968, -9.322070093697951 ], [ -35.561912364999948, -9.322206373697936 ], [ -35.562059473999966, -9.321838101697942 ], [ -35.562060893999956, -9.321828292697937 ], [ -35.562201218999974, -9.321441529697953 ], [ -35.562430910999971, -9.320760423697978 ], [ -35.562489821999975, -9.32049476569799 ], [ -35.562497160999953, -9.320438482698005 ], [ -35.562332005999963, -9.320436494697997 ], [ -35.562259986999941, -9.320380289697981 ], [ -35.562321959999963, -9.320099657697988 ], [ -35.562505355999974, -9.319673765697992 ], [ -35.562682649999942, -9.319302726698046 ], [ -35.562892864999981, -9.318975492698 ], [ -35.562920009999971, -9.31885781069801 ], [ -35.562671535999982, -9.318617866698029 ], [ -35.562548983999932, -9.318385427698036 ], [ -35.562452524999976, -9.318149260698073 ], [ -35.562429556999973, -9.317950445698049 ], [ -35.562426162999948, -9.317834941698043 ], [ -35.562618955999937, -9.317731501698072 ], [ -35.562743875999956, -9.318263535698062 ], [ -35.563364827999969, -9.31865152769806 ], [ -35.56361613699994, -9.318814360698049 ], [ -35.564185901999963, -9.319162499698017 ], [ -35.564583546999984, -9.319512491698008 ], [ -35.565497720999929, -9.320105075697986 ], [ -35.567093400999966, -9.321643876697921 ], [ -35.567554231999956, -9.322115009697926 ], [ -35.568119235999973, -9.322911755697895 ], [ -35.568524283999977, -9.323684055697868 ], [ -35.568436711999937, -9.323986553697848 ], [ -35.568420808999974, -9.324001829697847 ], [ -35.568090325999947, -9.324663991697856 ], [ -35.567436331999943, -9.325246702697829 ], [ -35.566854973999959, -9.325504260697807 ], [ -35.566532335999966, -9.325726004697849 ], [ -35.565738549999935, -9.326034503697803 ], [ -35.56503775799996, -9.326203245697826 ], [ -35.563970949999948, -9.326210723697814 ], [ -35.563032932999931, -9.32619565469779 ], [ -35.562123609999951, -9.326382332697811 ], [ -35.560565449999956, -9.326702155697788 ], [ -35.560113932999961, -9.326727448697811 ], [ -35.559668870999936, -9.32667538569781 ], [ -35.559435274999942, -9.326521875697802 ], [ -35.558995813999957, -9.32608370669781 ], [ -35.558525662999955, -9.325578501697798 ], [ -35.558043313, -9.325278365697839 ], [ -35.557293421999923, -9.324348966697848 ], [ -35.556704081999953, -9.323394228697916 ], [ -35.556256, -9.322855602697892 ], [ -35.555193259999946, -9.322703151697935 ], [ -35.554847433999953, -9.322391160697901 ], [ -35.554701064999954, -9.321234517697933 ], [ -35.554897805999929, -9.320708071697965 ], [ -35.554891615999964, -9.32066327169796 ], [ -35.554869735999944, -9.320207496697996 ], [ -35.554707620999977, -9.319773954698011 ], [ -35.554477152999937, -9.319407336698037 ], [ -35.554292653999937, -9.318840832698051 ], [ -35.554079315999957, -9.318265519698054 ], [ -35.553989937999972, -9.316992055698083 ], [ -35.55407024699997, -9.316169634698101 ], [ -35.553816924999978, -9.315628834698106 ], [ -35.553440708999979, -9.314955872698176 ], [ -35.553386254999964, -9.313634558698226 ], [ -35.553541238999969, -9.311828956698228 ], [ -35.554651195999945, -9.310507954698279 ], [ -35.555426285999935, -9.309672734698303 ], [ -35.555603000999945, -9.308920734698345 ], [ -35.555955503999932, -9.308087601698363 ], [ -35.556300550999936, -9.307647428698358 ], [ -35.557636302999988, -9.308402052698362 ], [ -35.559297453999932, -9.30949370169831 ], [ -35.559896613999967, -9.309474117698342 ], [ -35.560451609999973, -9.309505595698319 ], [ -35.560604589999976, -9.30955256669834 ], [ -35.560704409999971, -9.309609969698309 ], [ -35.561056031999954, -9.309600919698354 ], [ -35.56162420499993, -9.309197798698332 ], [ -35.561739684999957, -9.308958982698357 ], [ -35.561887297999931, -9.308467463698332 ] ] ] } },
{ "type": "Feature", "properties": { "num_setor": "AL_SLQ_SR_02_CPRM", "munic": "SÃO LUÍS DO QUITUNDE", "grau_risco": "Alto", "distancia_km": 1.64, "chuva_24h": 0.6, "chuva_72h": 3.8, "fonte_estacao": "openmeteo", "codigo_estacao": "openmeteo", "nome_estacao": "Open-Meteo (célula de grade)" }, "geometry": { "type": "Polygon", "coordinates": [ [ [ -35.566022676999978, -9.30669590669841 ], [ -35.566306328999936, -9.306610757698435 ], [ -35.566604769999977, -9.306580234698425 ], [ -35.566970467999965, -9.306529976698434 ], [ -35.567221519999975, -9.306515946698445 ], [ -35.567626769999947, -9.306537674698422 ], [ -35.567878056999973, -9.306644747698403 ], [ -35.567904021999937, -9.306854092698428 ], [ -35.56767597299995, -9.306905619698403 ], [ -35.567296008999961, -9.306916511698383 ], [ -35.567087074999954, -9.307033757698381 ], [ -35.566732007999974, -9.307198632698372 ], [ -35.566341214999966, -9.307456686698389 ], [ -35.56605706299996, -9.307753464698383 ], [ -35.565910601, -9.308132927698386 ], [ -35.565766552999946, -9.308414115698348 ], [ -35.565678630999962, -9.308640894698341 ], [ -35.565582351999979, -9.308927834698347 ], [ -35.565528930999953, -9.309137172698337 ], [ -35.565443757999958, -9.309389630698305 ], [ -35.565391906999935, -9.309723970698295 ], [ -35.565268225999944, -9.309921914698322 ], [ -35.565211832999978, -9.310103389698288 ], [ -35.565203711999963, -9.310247593698325 ], [ -35.565146823999946, -9.310493870698293 ], [ -35.565058058999966, -9.310694749698259 ], [ -35.56499958899996, -9.310874799698293 ], [ -35.564925191999968, -9.311012021698264 ], [ -35.564696961999964, -9.311326000698251 ], [ -35.564478371999932, -9.311586259698258 ], [ -35.564404555999943, -9.311707937698234 ], [ -35.564260326999943, -9.311760383698273 ], [ -35.564141237999927, -9.311847975698269 ], [ -35.563941152999966, -9.311972866698248 ], [ -35.563836896999931, -9.312033931698256 ], [ -35.56361143099997, -9.311920824698255 ], [ -35.563403420999975, -9.311793495698254 ], [ -35.563534727999979, -9.311622399698278 ], [ -35.563683605999984, -9.311672727698269 ], [ -35.563822662999939, -9.311690497698269 ], [ -35.563923417999945, -9.311585264698273 ], [ -35.564063447999956, -9.311413657698244 ], [ -35.564176332999978, -9.311276990698257 ], [ -35.56431968399994, -9.311122311698274 ], [ -35.564408605999972, -9.310979516698282 ], [ -35.564497436999936, -9.310784465698299 ], [ -35.564626653999937, -9.310548907698271 ], [ -35.564716017999963, -9.310400372698277 ], [ -35.564829105999934, -9.310177727698278 ], [ -35.564855454999929, -9.3100694186983 ], [ -35.564983311999981, -9.30979754369829 ], [ -35.565061003999972, -9.309675952698317 ], [ -35.565172487, -9.309531594698322 ], [ -35.565165160999982, -9.309483113698303 ], [ -35.565067772999946, -9.309415658698343 ], [ -35.564920364999978, -9.309323022698313 ], [ -35.564764405999938, -9.309294635698324 ], [ -35.564538526999968, -9.30923382369831 ], [ -35.564344524999967, -9.309170304698338 ], [ -35.564199316999975, -9.309141788698353 ], [ -35.564015320999943, -9.309022484698342 ], [ -35.563921671999935, -9.308991748698356 ], [ -35.564038562999933, -9.30870309369835 ], [ -35.564137093999939, -9.308455484698369 ], [ -35.564269358999987, -9.30814357769836 ], [ -35.564354760999947, -9.308032773698391 ], [ -35.564419937999958, -9.3078710426984 ], [ -35.564498463999939, -9.30769221669838 ], [ -35.564650419999964, -9.307560323698377 ], [ -35.564767151999945, -9.307424809698364 ], [ -35.564900946999948, -9.307310410698385 ], [ -35.565000337999948, -9.30708145769842 ], [ -35.565169709999964, -9.306733802698389 ], [ -35.565203014999959, -9.306654219698386 ], [ -35.565510073999967, -9.306676677698443 ], [ -35.565758749999929, -9.306725383698407 ], [ -35.566022676999978, -9.30669590669841 ] ] ] } },
{ "type": "Feature", "properties": { "num_setor": "AL_SLQ_SR_06_CPRM", "munic": "SÃO LUÍS DO QUITUNDE", "grau_risco": "Alto", "distancia_km": 0.35, "chuva_24h": 0.6, "chuva_72h": 3.8, "fonte_estacao": "openmeteo", "codigo_estacao": "openmeteo", "nome_estacao": "Open-Meteo (célula de grade)" }, "geometry": { "type": "Polygon", "coordinates": [ [ [ -35.569437015999938, -9.32616329169778 ], [ -35.569436973999984, -9.326161456697809 ], [ -35.569390987999952, -9.326116867697783 ], [ -35.569453400999976, -9.326008475697826 ], [ -35.569603431999951, -9.325798243697802 ], [ -35.569732128999931, -9.32557391469782 ], [ -35.569815557999959, -9.325340448697832 ], [ -35.569870603999959, -9.325392780697822 ], [ -35.570050991999949, -9.325424747697808 ], [ -35.570180857999958, -9.325448140697853 ], [ -35.570137666999983, -9.325546013697812 ], [ -35.570093603999972, -9.325606779697797 ], [ -35.570022561999956, -9.325621958697797 ], [ -35.569951129999936, -9.325664811697823 ], [ -35.569832232999936, -9.325838878697809 ], [ -35.569767502999987, -9.325967657697825 ], [ -35.569697263999956, -9.326079716697825 ], [ -35.569630454999981, -9.326199198697825 ], [ -35.569528018999961, -9.326221482697777 ], [ -35.569437015999938, -9.32616329169778 ] ] ] } },
{ "type": "Feature", "properties": { "num_setor": "AL_SMC_SR_01_CPRM", "munic": "SÃO MIGUEL DOS CAMPOS", "grau_risco": "Alto", "distancia_km": 2.15, "chuva_24h": 0.8, "chuva_72h": 3.8, "fonte_estacao": "openmeteo", "codigo_estacao": "openmeteo", "nome_estacao": "Open-Meteo (célula de grade)" }, "geometry": { "type": "Polygon", "coordinates": [ [ [ -36.09855545399995, -9.773928468683842 ], [ -36.099508369999967, -9.773690323683882 ], [ -36.101292427999965, -9.772864649683912 ], [ -36.102399011999978, -9.772618794683918 ], [ -36.103784866999945, -9.772574348683913 ], [ -36.104453659999933, -9.772628159683888 ], [ -36.105053517999977, -9.772782896683889 ], [ -36.105434436999928, -9.773129269683894 ], [ -36.106265087999923, -9.773411883683844 ], [ -36.10625029299996, -9.77424193968386 ], [ -36.106331240999964, -9.775152974683829 ], [ -36.106347758999959, -9.77572592068379 ], [ -36.106017318999932, -9.775779444683803 ], [ -36.105673641999935, -9.775803313683813 ], [ -36.105336499999964, -9.775820946683785 ], [ -36.104972896999982, -9.775838278683811 ], [ -36.104451991999952, -9.775866663683818 ], [ -36.104108185999962, -9.775812347683775 ], [ -36.103654585999948, -9.775783975683803 ], [ -36.103139012999975, -9.775787875683829 ], [ -36.102347252999955, -9.775770506683799 ], [ -36.101871117999956, -9.775777642683819 ], [ -36.101446931999931, -9.775756285683775 ], [ -36.101033810999979, -9.775842594683811 ], [ -36.100778679999962, -9.775961901683786 ], [ -36.100270457999954, -9.776124656683805 ], [ -36.099823632999964, -9.776468737683775 ], [ -36.099582514999952, -9.776816181683758 ], [ -36.099474703999931, -9.77690697668376 ], [ -36.099444974999983, -9.777073664683735 ], [ -36.099512212999969, -9.777458272683774 ], [ -36.099418098999934, -9.777702238683734 ], [ -36.099255307999961, -9.777899176683718 ], [ -36.099000190999959, -9.778095888683699 ], [ -36.098705042999946, -9.778306909683735 ], [ -36.098407101999953, -9.778398332683691 ], [ -36.098488166999971, -9.778821216683722 ], [ -36.09871979299993, -9.77970503668365 ], [ -36.098752408999928, -9.779979577683649 ], [ -36.098765474999936, -9.780213428683661 ], [ -36.098847769999963, -9.780489775683655 ], [ -36.098907795999935, -9.780860871683629 ], [ -36.099009549999948, -9.781241403683627 ], [ -36.099069130999965, -9.781619450683587 ], [ -36.099196300999942, -9.782189030683622 ], [ -36.09920836699996, -9.782666863683589 ], [ -36.099079486999983, -9.783255442683586 ], [ -36.098937843999977, -9.783663016683583 ], [ -36.098827029999939, -9.783942115683523 ], [ -36.098664945999921, -9.783948866683527 ], [ -36.098515274999954, -9.783889600683532 ], [ -36.098545428999955, -9.783722068683556 ], [ -36.098501329999976, -9.783256195683579 ], [ -36.098504812999977, -9.783098888683588 ], [ -36.098709869999936, -9.782915791683546 ], [ -36.098791823999925, -9.782538392683611 ], [ -36.098731555999954, -9.782143592683587 ], [ -36.09862906799998, -9.781741617683613 ], [ -36.098545311999942, -9.781468031683627 ], [ -36.098549182999925, -9.781197532683631 ], [ -36.098299266999952, -9.780455258683647 ], [ -36.098061480999938, -9.780152931683674 ], [ -36.097827465999956, -9.779308341683718 ], [ -36.097735959999959, -9.778834986683679 ], [ -36.097669596999935, -9.778670061683696 ], [ -36.097731074999956, -9.778483873683721 ], [ -36.097563460999936, -9.778313957683723 ], [ -36.097439759999929, -9.777787931683747 ], [ -36.096913019999931, -9.777650917683738 ], [ -36.096452537999937, -9.777912188683731 ], [ -36.09576889199996, -9.778356543683719 ], [ -36.094710512999939, -9.778764454683682 ], [ -36.093607704999954, -9.779092197683683 ], [ -36.092731640999951, -9.779564320683676 ], [ -36.09215779799996, -9.780349455683657 ], [ -36.092027225999971, -9.781463306683641 ], [ -36.091124402999981, -9.781705051683605 ], [ -36.091070808999973, -9.782193811683587 ], [ -36.091349648999937, -9.782400173683614 ], [ -36.091620722999949, -9.782928716683566 ], [ -36.09165386899997, -9.783247748683552 ], [ -36.091003169999972, -9.783180354683571 ], [ -36.090820700999984, -9.783246565683566 ], [ -36.089915818999941, -9.783782594683531 ], [ -36.08940103599997, -9.784002730683515 ], [ -36.088143109999983, -9.784072790683558 ], [ -36.08689751299994, -9.784428196683532 ], [ -36.084681720999981, -9.784859417683501 ], [ -36.083374039999967, -9.785836705683472 ], [ -36.082319234999943, -9.786883042683431 ], [ -36.081064644999969, -9.78774965368345 ], [ -36.079653414999939, -9.788826742683401 ], [ -36.079316433999971, -9.789339664683368 ], [ -36.079359472999947, -9.789535550683386 ], [ -36.079303095999933, -9.79092973368334 ], [ -36.078344136999931, -9.790943585683342 ], [ -36.076737455999933, -9.791329375683329 ], [ -36.076518752999959, -9.791651353683301 ], [ -36.075400078999962, -9.792021722683291 ], [ -36.074014131999952, -9.792163843683294 ], [ -36.070626613999934, -9.788266662683395 ], [ -36.071797291999928, -9.787285218683442 ], [ -36.072848436999948, -9.78689024068348 ], [ -36.075489333999933, -9.785421857683495 ], [ -36.077871057999971, -9.783586899683534 ], [ -36.083335170999931, -9.781447217683588 ], [ -36.08619215899995, -9.780069062683639 ], [ -36.087843668999938, -9.779599745683701 ], [ -36.090325160999953, -9.77805712668372 ], [ -36.092329721999931, -9.776787288683781 ], [ -36.093087879999985, -9.775194687683801 ], [ -36.093975493999949, -9.773737905683857 ], [ -36.094630992999953, -9.773721353683881 ], [ -36.096172377999956, -9.773938516683874 ], [ -36.096954450999931, -9.774054003683833 ], [ -36.09855545399995, -9.773928468683842 ] ] ] } },
{ "type": "Feature", "properties": { "num_setor": "AL_SLQ_SR_04_CPRM", "munic": "SÃO LUÍS DO QUITUNDE", "grau_risco": "Alto", "distancia_km": 0.98, "chuva_24h": 0.6, "chuva_72h": 3.8, "fonte_estacao": "openmeteo", "codigo_estacao": "openmeteo", "nome_estacao": "Open-Meteo (célula de grade)" }, "geometry": { "type": "Polygon", "coordinates": [ [ [ -35.568009933999974, -9.313805850698166 ], [ -35.568455571999948, -9.313691755698207 ], [ -35.56876459199998, -9.313578555698223 ], [ -35.569099860999984, -9.313546774698207 ], [ -35.569181746999959, -9.313770148698172 ], [ -35.569129576999956, -9.313941869698185 ], [ -35.568874731999983, -9.314105022698195 ], [ -35.56884629099995, -9.314125502698179 ], [ -35.568832061999956, -9.314140371698171 ], [ -35.568381032999973, -9.314439001698187 ], [ -35.568367648999981, -9.314453244698202 ], [ -35.568235753999943, -9.314567865698161 ], [ -35.568183873999942, -9.314680980698192 ], [ -35.568208155999969, -9.314789477698174 ], [ -35.568319360999965, -9.314845997698159 ], [ -35.568558966999944, -9.31475344569815 ], [ -35.568835989999968, -9.314625855698171 ], [ -35.569117069999947, -9.314481766698178 ], [ -35.569279391999942, -9.314280405698186 ], [ -35.569560647999928, -9.3141083226982 ], [ -35.569627933999975, -9.314137310698191 ], [ -35.569677781999928, -9.314228813698159 ], [ -35.569822697999939, -9.314632936698146 ], [ -35.569604789999971, -9.314802053698134 ], [ -35.569310919999971, -9.315012683698152 ], [ -35.569093186999964, -9.315199854698145 ], [ -35.568825286999981, -9.315432505698162 ], [ -35.568632706999949, -9.315604441698122 ], [ -35.568460644999959, -9.315794087698139 ], [ -35.568337130999971, -9.315936923698137 ], [ -35.568240805999949, -9.316083958698135 ], [ -35.568189716999939, -9.316255889698136 ], [ -35.567926426999975, -9.316784501698107 ], [ -35.567879900999969, -9.317046592698071 ], [ -35.56781286599994, -9.31729779669811 ], [ -35.567702936999979, -9.317537361698067 ], [ -35.567620644999977, -9.317707546698058 ], [ -35.567190024999945, -9.317848577698053 ], [ -35.566792702999983, -9.317640766698061 ], [ -35.566656561999935, -9.317494715698064 ], [ -35.566521318999946, -9.317281990698092 ], [ -35.566519801999959, -9.316944952698099 ], [ -35.566546113999948, -9.316801024698103 ], [ -35.566548741999952, -9.3166874186981 ], [ -35.566462486999967, -9.3165824706981 ], [ -35.566173650999929, -9.316552021698088 ], [ -35.565748534999955, -9.316515442698112 ], [ -35.565292470999964, -9.316392787698133 ], [ -35.564867063999941, -9.316279395698134 ], [ -35.564661917999956, -9.316180234698097 ], [ -35.564372586999973, -9.315913452698128 ], [ -35.564451781999935, -9.315756829698124 ], [ -35.564517203999969, -9.315516343698127 ], [ -35.564712874999948, -9.315277677698171 ], [ -35.565112634999942, -9.315377491698111 ], [ -35.565651104999972, -9.315440568698158 ], [ -35.566148100999953, -9.315417363698117 ], [ -35.56644524799998, -9.315276079698128 ], [ -35.566600006999977, -9.315049933698145 ], [ -35.566645511999972, -9.314684604698183 ], [ -35.566709738999982, -9.314257659698173 ], [ -35.56685549599996, -9.313939263698177 ], [ -35.567128910999941, -9.313771307698198 ], [ -35.567232489999988, -9.313825941698171 ], [ -35.567369682999981, -9.313930253698192 ], [ -35.567646237999952, -9.313930728698166 ], [ -35.568009933999974, -9.313805850698166 ] ] ] } },
{ "type": "Feature", "properties": { "num_setor": "AL_SLQ_SR_05_CPRM", "munic": "SÃO LUÍS DO QUITUNDE", "grau_risco": "Alto", "distancia_km": 0.63, "chuva_24h": 0.6, "chuva_72h": 3.8, "fonte_estacao": "openmeteo", "codigo_estacao": "openmeteo", "nome_estacao": "Open-Meteo (célula de grade)" }, "geometry": { "type": "Polygon", "coordinates": [ [ [ -35.56553120399996, -9.319419231698038 ], [ -35.565411379999944, -9.319366447697988 ], [ -35.565328663999935, -9.319255866698052 ], [ -35.565323589999934, -9.319050063698031 ], [ -35.565382599999964, -9.318870853698028 ], [ -35.56554807599997, -9.318756103698009 ], [ -35.565698512, -9.318743846698036 ], [ -35.565999602999966, -9.31864945669802 ], [ -35.566130337999937, -9.318452092698051 ], [ -35.566138804999973, -9.318229069698065 ], [ -35.566102668999974, -9.318215666698046 ], [ -35.566193273999943, -9.317984081698063 ], [ -35.566306734999948, -9.317803045698057 ], [ -35.56633680799996, -9.317688335698065 ], [ -35.566550062999966, -9.317723601698056 ], [ -35.566802009999947, -9.31786144769808 ], [ -35.567001758999936, -9.31809161569805 ], [ -35.566908288999969, -9.318402855698071 ], [ -35.566544272999977, -9.318895848698023 ], [ -35.566350587999978, -9.31921474369803 ], [ -35.566150136999966, -9.319361468698007 ], [ -35.565920479999924, -9.319424354698031 ], [ -35.565695995999931, -9.31943000469802 ], [ -35.56553120399996, -9.319419231698038 ] ] ] } },
{ "type": "Feature", "properties": { "num_setor": "AL_SJL_SR_04_CPRM", "munic": "SÃO JOSÉ DA LAJE", "grau_risco": "Alto", "distancia_km": 2.24, "chuva_24h": 0.9, "chuva_72h": 4.0, "fonte_estacao": "openmeteo", "codigo_estacao": "openmeteo", "nome_estacao": "Open-Meteo (célula de grade)" }, "geometry": { "type": "Polygon", "coordinates": [ [ [ -36.055684543999973, -9.013149160707586 ], [ -36.055603247999954, -9.013121801707589 ], [ -36.055523361999974, -9.013096033707592 ], [ -36.055442250999938, -9.013065374707589 ], [ -36.055362910999975, -9.013034165707611 ], [ -36.055308441999955, -9.013002873707594 ], [ -36.055238928999984, -9.012963122707617 ], [ -36.055226454999968, -9.012913353707635 ], [ -36.055213839999965, -9.012827983707609 ], [ -36.055234367999951, -9.012770102707636 ], [ -36.05526445299995, -9.012716822707613 ], [ -36.055291851999989, -9.012675034707643 ], [ -36.055311856999936, -9.012645542707627 ], [ -36.055427661999943, -9.012689202707646 ], [ -36.05568354199994, -9.012815302707628 ], [ -36.05579611799994, -9.012861964707616 ], [ -36.055875699999945, -9.012905985707617 ], [ -36.056023327999981, -9.012989701707623 ], [ -36.056003897999972, -9.01305965270762 ], [ -36.055924342999951, -9.013103057707603 ], [ -36.055839125999967, -9.013132953707604 ], [ -36.055768460999957, -9.013150887707573 ], [ -36.055684543999973, -9.013149160707586 ] ] ] } },
{ "type": "Feature", "properties": { "num_setor": "AL_SJL_SR_05_CPRM", "munic": "SÃO JOSÉ DA LAJE", "grau_risco": "Muito alto", "distancia_km": 1.8, "chuva_24h": 0.9, "chuva_72h": 4.0, "fonte_estacao": "openmeteo", "codigo_estacao": "openmeteo", "nome_estacao": "Open-Meteo (célula de grade)" }, "geometry": { "type": "Polygon", "coordinates": [ [ [ -36.061529570999937, -9.01253916970763 ], [ -36.061527744999978, -9.012435782707616 ], [ -36.061556233999966, -9.012355388707608 ], [ -36.061589760999929, -9.012254411707625 ], [ -36.06159165899993, -9.01219986670761 ], [ -36.061623356999974, -9.012130306707633 ], [ -36.061699295999972, -9.01214061870766 ], [ -36.061841117999968, -9.012193002707612 ], [ -36.062083421999937, -9.01228052770764 ], [ -36.062200562999976, -9.012350148707602 ], [ -36.062219355999957, -9.012467056707656 ], [ -36.062492136999936, -9.012569022707636 ], [ -36.062629431999937, -9.01248882770763 ], [ -36.062856936999935, -9.012570829707631 ], [ -36.063102809999975, -9.012594805707653 ], [ -36.062980376999974, -9.012783703707617 ], [ -36.062981509999929, -9.012972967707585 ], [ -36.062944961999953, -9.013087597707621 ], [ -36.062924253999938, -9.013162475707576 ], [ -36.062856491999973, -9.013198360707626 ], [ -36.062264103999951, -9.013588137707572 ], [ -36.062158737999937, -9.013460247707581 ], [ -36.062089976999971, -9.013345058707605 ], [ -36.061935676999944, -9.013170041707605 ], [ -36.061847129999933, -9.012996620707613 ], [ -36.061742911999943, -9.012903848707591 ], [ -36.061656722999942, -9.012781011707613 ], [ -36.06157655699996, -9.012646436707607 ], [ -36.061529570999937, -9.01253916970763 ] ] ] } },
{ "type": "Feature", "properties": { "num_setor": "AL_SJL_SR_02_CPRM", "munic": "SÃO JOSÉ DA LAJE", "grau_risco": "Muito alto", "distancia_km": 1.42, "chuva_24h": 0.9, "chuva_72h": 4.0, "fonte_estacao": "openmeteo", "codigo_estacao": "openmeteo", "nome_estacao": "Open-Meteo (célula de grade)" }, "geometry": { "type": "Polygon", "coordinates": [ [ [ -36.063324436999942, -9.01790422970744 ], [ -36.063284176999957, -9.017874743707422 ], [ -36.063347714999964, -9.01741420470748 ], [ -36.063492175999954, -9.017415642707451 ], [ -36.063548571999952, -9.017453992707466 ], [ -36.063593301999958, -9.01754870070746 ], [ -36.063593598999937, -9.017551538707462 ], [ -36.063602940999942, -9.017661739707449 ], [ -36.063544388999958, -9.017744237707479 ], [ -36.06351972899995, -9.017842276707444 ], [ -36.063462168999934, -9.017886674707444 ], [ -36.063407575999975, -9.017915114707439 ], [ -36.063324436999942, -9.01790422970744 ] ] ] } },
{ "type": "Feature", "properties": { "num_setor": "AL_SJL_SR_03_CPRM", "munic": "SÃO JOSÉ DA LAJE", "grau_risco": "Muito alto", "distancia_km": 2.23, "chuva_24h": 0.9, "chuva_72h": 4.0, "fonte_estacao": "openmeteo", "codigo_estacao": "openmeteo", "nome_estacao": "Open-Meteo (célula de grade)" }, "geometry": { "type": "Polygon", "coordinates": [ [ [ -36.053482674999941, -9.012932890707596 ], [ -36.053390027999967, -9.012883477707584 ], [ -36.053384451999932, -9.012721157707636 ], [ -36.053598549999947, -9.012583301707602 ], [ -36.053687418999964, -9.012492427707638 ], [ -36.053715728999968, -9.012454122707608 ], [ -36.053701190999959, -9.012356623707616 ], [ -36.053625052999962, -9.012281373707614 ], [ -36.053582914999929, -9.012169404707629 ], [ -36.053727837999929, -9.011929920707621 ], [ -36.053786414999934, -9.011844162707664 ], [ -36.053753056999938, -9.011761087707649 ], [ -36.053784964999977, -9.011641180707654 ], [ -36.053904646999975, -9.011584118707656 ], [ -36.053942449999965, -9.011592462707645 ], [ -36.054018050999957, -9.011629033707651 ], [ -36.054046290999956, -9.011646701707644 ], [ -36.054080673999984, -9.011686442707667 ], [ -36.054020324999954, -9.011744388707633 ], [ -36.053921541999948, -9.011805944707628 ], [ -36.053927360999978, -9.011845435707624 ], [ -36.053999408999971, -9.011977495707617 ], [ -36.053927371999976, -9.012006265707639 ], [ -36.053930180999949, -9.01202863170764 ], [ -36.05395868599993, -9.012072262707617 ], [ -36.053978155999971, -9.012113297707653 ], [ -36.053931758999973, -9.012237218707606 ], [ -36.053966470999967, -9.012334285707617 ], [ -36.053996649999931, -9.012384300707613 ], [ -36.053922835999963, -9.012460337707592 ], [ -36.053785347999955, -9.012583822707608 ], [ -36.053753153999928, -9.012669740707629 ], [ -36.053803097999946, -9.012756179707601 ], [ -36.053872073999976, -9.012894914707601 ], [ -36.053951486999949, -9.012998710707619 ], [ -36.053974017999963, -9.013076480707578 ], [ -36.054012049999976, -9.013154025707587 ], [ -36.054058257999941, -9.01322457370758 ], [ -36.054109873999948, -9.013337398707607 ], [ -36.054148228999964, -9.013398396707585 ], [ -36.054018699999972, -9.013464922707595 ], [ -36.054027502999929, -9.013482881707588 ], [ -36.054035228999965, -9.013506617707586 ], [ -36.054044536999982, -9.013521609707572 ], [ -36.054043993999983, -9.013536490707599 ], [ -36.053991947999975, -9.013562888707593 ], [ -36.054050425999947, -9.01360583670758 ], [ -36.054083151999976, -9.013678048707593 ], [ -36.054051441999945, -9.013700320707555 ], [ -36.053847548999947, -9.01382115770755 ], [ -36.05378970199996, -9.013852293707568 ], [ -36.053755194999958, -9.013850830707581 ], [ -36.053681023999957, -9.013901507707573 ], [ -36.053577216999948, -9.013928804707604 ], [ -36.053529129999959, -9.013952666707576 ], [ -36.053459100999923, -9.014000671707572 ], [ -36.053415213999983, -9.014027026707561 ], [ -36.053319150999982, -9.014221062707596 ], [ -36.053073451999978, -9.014433529707572 ], [ -36.052968431999943, -9.014452329707531 ], [ -36.05284835599997, -9.014417715707573 ], [ -36.05259299599993, -9.014294329707539 ], [ -36.052414240999951, -9.014203064707569 ], [ -36.05240403099998, -9.014111226707561 ], [ -36.052495796999949, -9.013898661707604 ], [ -36.052833670999966, -9.013858262707597 ], [ -36.053052712999943, -9.013841926707556 ], [ -36.053308544999936, -9.013725642707556 ], [ -36.053440878999936, -9.013610479707587 ], [ -36.053810849999934, -9.013402374707587 ], [ -36.053807056999972, -9.013282367707612 ], [ -36.05375672699995, -9.013136110707585 ], [ -36.053734238999937, -9.013045825707586 ], [ -36.053677518999955, -9.012950088707614 ], [ -36.053558145999943, -9.012971757707588 ], [ -36.053482674999941, -9.012932890707596 ] ] ] } },
{ "type": "Feature", "properties": { "num_setor": "AL_SJL_SR_07_CPRM", "munic": "SÃO JOSÉ DA LAJE", "grau_risco": "Alto", "distancia_km": 1.5, "chuva_24h": 0.9, "chuva_72h": 4.0, "fonte_estacao": "openmeteo", "codigo_estacao": "openmeteo", "nome_estacao": "Open-Meteo (célula de grade)" }, "geometry": { "type": "Polygon", "coordinates": [ [ [ -36.061852835999957, -9.009216825707714 ], [ -36.061889449999967, -9.009215122707706 ], [ -36.061970244999941, -9.009237698707693 ], [ -36.062012608999964, -9.009262472707746 ], [ -36.061955261999969, -9.009360846707688 ], [ -36.061871383999971, -9.009488890707695 ], [ -36.061770247999959, -9.0095979067077 ], [ -36.061659152999937, -9.009700804707723 ], [ -36.061549559999946, -9.009785008707677 ], [ -36.061528906999968, -9.009770450707704 ], [ -36.061493433999949, -9.009721833707703 ], [ -36.061469553999984, -9.009684442707727 ], [ -36.061413805999962, -9.009632751707713 ], [ -36.061381335999954, -9.009579447707715 ], [ -36.061382979999962, -9.009571565707738 ], [ -36.061411282999977, -9.009528482707706 ], [ -36.061435103999933, -9.009484351707721 ], [ -36.061457128999962, -9.00943398070774 ], [ -36.061513909999974, -9.009405882707712 ], [ -36.061581616999945, -9.00937569070771 ], [ -36.061678762999975, -9.009364301707702 ], [ -36.061733044999983, -9.009286934707742 ], [ -36.061780307999982, -9.009223487707741 ], [ -36.061811023999951, -9.009229547707722 ], [ -36.061852835999957, -9.009216825707714 ] ] ] } },
{ "type": "Feature", "properties": { "num_setor": "AL_SJL_SR_08_CPRM", "munic": "SÃO JOSÉ DA LAJE", "grau_risco": "Muito alto", "distancia_km": 1.54, "chuva_24h": 0.9, "chuva_72h": 4.0, "fonte_estacao": "openmeteo", "codigo_estacao": "openmeteo", "nome_estacao": "Open-Meteo (célula de grade)" }, "geometry": { "type": "Polygon", "coordinates": [ [ [ -36.059914532999983, -9.008841740707757 ], [ -36.059862753999937, -9.008823868707752 ], [ -36.059802926999964, -9.008788567707727 ], [ -36.059807580999973, -9.008763462707764 ], [ -36.059839262999958, -9.008692071707763 ], [ -36.059887499999945, -9.008564990707749 ], [ -36.05987138699993, -9.008462704707741 ], [ -36.059834233999936, -9.008401954707754 ], [ -36.059798666999939, -9.00837836070772 ], [ -36.059816713999965, -9.008358541707734 ], [ -36.059850779999977, -9.008340515707772 ], [ -36.059885148999967, -9.00833656970773 ], [ -36.05988941499993, -9.00833694870775 ], [ -36.059947861999937, -9.008359280707763 ], [ -36.060115607999926, -9.008406571707752 ], [ -36.060192405999942, -9.008434741707758 ], [ -36.060203537999939, -9.008548073707766 ], [ -36.060169945999974, -9.00861359170775 ], [ -36.060130305999962, -9.008682812707738 ], [ -36.060077412999931, -9.008738150707721 ], [ -36.060023399999977, -9.00878577870772 ], [ -36.059970675999978, -9.008847716707765 ], [ -36.059914532999983, -9.008841740707757 ] ] ] } },
{ "type": "Feature", "properties": { "num_setor": "AL_SA_SR_03_CPRM", "munic": "SATUBA", "grau_risco": "Alto", "distancia_km": 1.5, "chuva_24h": 1.0, "chuva_72h": 6.4, "fonte_estacao": "openmeteo", "codigo_estacao": "openmeteo", "nome_estacao": "Open-Meteo (célula de grade)" }, "geometry": { "type": "Polygon", "coordinates": [ [ [ -35.827418233999936, -9.572471526690121 ], [ -35.827185008999948, -9.572249024690137 ], [ -35.826932443999965, -9.572093574690115 ], [ -35.826421093999954, -9.57183045769016 ], [ -35.826424418999977, -9.571755275690165 ], [ -35.826467801999968, -9.571594192690151 ], [ -35.826652448999944, -9.571492809690138 ], [ -35.826761714999975, -9.571420920690167 ], [ -35.826924737999946, -9.571546726690139 ], [ -35.826941053999967, -9.57154796669016 ], [ -35.827252700999964, -9.571807480690133 ], [ -35.827539003999959, -9.572167305690105 ], [ -35.827837761999945, -9.572557304690136 ], [ -35.82777241399998, -9.572652135690092 ], [ -35.827706474999957, -9.572718498690122 ], [ -35.827418233999936, -9.572471526690121 ] ] ] } },
{ "type": "Feature", "properties": { "num_setor": "AL_SJL_SR_06_CPRM", "munic": "SÃO JOSÉ DA LAJE", "grau_risco": "Alto", "distancia_km": 1.35, "chuva_24h": 0.9, "chuva_72h": 4.0, "fonte_estacao": "openmeteo", "codigo_estacao": "openmeteo", "nome_estacao": "Open-Meteo (célula de grade)" }, "geometry": { "type": "Polygon", "coordinates": [ [ [ -36.063267355999983, -9.009682575707689 ], [ -36.063168065999953, -9.00958994570771 ], [ -36.063081973999942, -9.009517524707743 ], [ -36.063033773999969, -9.009477461707711 ], [ -36.06299751399996, -9.009427622707729 ], [ -36.063141857999938, -9.009239340707722 ], [ -36.063229376999971, -9.009144028707746 ], [ -36.063331019999964, -9.008863432707708 ], [ -36.06344629299997, -9.008599256707752 ], [ -36.063485502999981, -9.008496004707723 ], [ -36.063576788999967, -9.008457482707769 ], [ -36.06374147899993, -9.008508443707761 ], [ -36.063865539999938, -9.008540086707759 ], [ -36.063965095999947, -9.008556379707748 ], [ -36.064033261999946, -9.008577003707753 ], [ -36.064090009999973, -9.008584219707723 ], [ -36.064134902999967, -9.008615789707759 ], [ -36.064196158999955, -9.008695775707759 ], [ -36.064300909999929, -9.008765309707728 ], [ -36.064363502999988, -9.008892878707753 ], [ -36.064336137999931, -9.009020074707745 ], [ -36.064300964999973, -9.009175593707711 ], [ -36.064285373999944, -9.009237012707734 ], [ -36.064268542999969, -9.00928976470772 ], [ -36.064183622999963, -9.009369551707719 ], [ -36.06410998399997, -9.009485145707732 ], [ -36.064025117999961, -9.009618806707742 ], [ -36.063926580999976, -9.009842285707736 ], [ -36.063820834999945, -9.009815201707717 ], [ -36.063703011999962, -9.009728492707708 ], [ -36.06355106999996, -9.009724285707691 ], [ -36.063466121999966, -9.009739522707703 ], [ -36.063267355999983, -9.009682575707689 ] ] ] } },
{ "type": "Feature", "properties": { "num_setor": "AL_MU_SR_01_CPRM", "munic": "MURICI", "grau_risco": "Alto", "distancia_km": 1.69, "chuva_24h": 0.9, "chuva_72h": 3.1, "fonte_estacao": "openmeteo", "codigo_estacao": "openmeteo", "nome_estacao": "Open-Meteo (célula de grade)" }, "geometry": { "type": "Polygon", "coordinates": [ [ [ -35.953461173999983, -9.303927208698484 ], [ -35.954117263999933, -9.303019099698551 ], [ -35.95437016999994, -9.302157399698533 ], [ -35.954906780999977, -9.3006997036986 ], [ -35.956054464999958, -9.300029785698589 ], [ -35.957762431999981, -9.299239916698653 ], [ -35.959458190999953, -9.298831072698684 ], [ -35.960640318999936, -9.298240569698688 ], [ -35.962033634999955, -9.297599456698672 ], [ -35.962610775999963, -9.2974273776987 ], [ -35.963305530999946, -9.297806952698702 ], [ -35.963716139999974, -9.298268924698666 ], [ -35.964085784999952, -9.298843161698681 ], [ -35.964585632999956, -9.300289584698632 ], [ -35.964788220999935, -9.301314572698583 ], [ -35.964823039999949, -9.302307362698553 ], [ -35.964613803999953, -9.303895962698496 ], [ -35.964275992999944, -9.305465614698436 ], [ -35.962937623999949, -9.306733425698395 ], [ -35.96050384199998, -9.309209076698318 ], [ -35.957607227999972, -9.312207703698233 ], [ -35.957216474999939, -9.312328508698226 ], [ -35.956321274999937, -9.312433722698247 ], [ -35.955302941999946, -9.312637961698215 ], [ -35.954607615999976, -9.312997085698207 ], [ -35.953839538999944, -9.313564137698195 ], [ -35.953187605999972, -9.314174604698165 ], [ -35.952473837999946, -9.31494889469813 ], [ -35.951993069999965, -9.315674234698134 ], [ -35.951737955999931, -9.316005295698126 ], [ -35.951458203999948, -9.316618030698113 ], [ -35.951164021999944, -9.317199228698053 ], [ -35.950772792999942, -9.317824379698049 ], [ -35.950441692999959, -9.318285569698045 ], [ -35.950104488999955, -9.31840206269805 ], [ -35.949436556999956, -9.318400116698044 ], [ -35.948972848999972, -9.318496697698023 ], [ -35.948556839999981, -9.318609488698014 ], [ -35.94805742799997, -9.318877252698005 ], [ -35.947741836999967, -9.319154828698025 ], [ -35.947330447999946, -9.319550430697989 ], [ -35.946792756999969, -9.319854546698027 ], [ -35.946400017999963, -9.319979362698003 ], [ -35.945931947999952, -9.320084829697969 ], [ -35.945614884999941, -9.320290681697987 ], [ -35.945321996999951, -9.320428386697968 ], [ -35.944651784999962, -9.320719895697977 ], [ -35.944345372999976, -9.320823367697951 ], [ -35.944078334999965, -9.32099092069798 ], [ -35.943662909999944, -9.320732109697964 ], [ -35.943199647999954, -9.320478237697989 ], [ -35.942526298999951, -9.320192796697981 ], [ -35.941770434999967, -9.319767814698025 ], [ -35.941040700999963, -9.319330016698038 ], [ -35.941021027999966, -9.319322964698035 ], [ -35.940366497999939, -9.318802726698014 ], [ -35.940162710999971, -9.318510023698067 ], [ -35.939734873999953, -9.318158516698078 ], [ -35.939033833999929, -9.317885221698083 ], [ -35.938536961999944, -9.317536575698078 ], [ -35.938319393999961, -9.317196193698093 ], [ -35.938051105999932, -9.316333227698117 ], [ -35.938069704999975, -9.315885257698161 ], [ -35.938134598999959, -9.31566531869813 ], [ -35.938382414999971, -9.315657638698118 ], [ -35.938755381999954, -9.315711154698157 ], [ -35.939080100999945, -9.315763358698133 ], [ -35.939289860999963, -9.315643304698165 ], [ -35.939342758999942, -9.314753186698159 ], [ -35.939504013999965, -9.314235288698173 ], [ -35.940314612999941, -9.312685658698223 ], [ -35.941160348999972, -9.312264781698234 ], [ -35.94145363399997, -9.312260208698216 ], [ -35.941537791999963, -9.313780614698171 ], [ -35.941604328, -9.314682312698144 ], [ -35.941623615999966, -9.315413360698157 ], [ -35.941760709999983, -9.316186921698096 ], [ -35.942291483999952, -9.316134804698102 ], [ -35.942541700999982, -9.315938659698146 ], [ -35.942691595999975, -9.316014259698145 ], [ -35.942930425999975, -9.316210060698099 ], [ -35.943228174999938, -9.316427145698123 ], [ -35.943886562999971, -9.31651018569811 ], [ -35.944662824999966, -9.316393193698101 ], [ -35.945082042999957, -9.316280038698094 ], [ -35.945297955999933, -9.316116527698112 ], [ -35.945460210999954, -9.315736115698101 ], [ -35.945606296999983, -9.31521827069812 ], [ -35.945638297999949, -9.314769321698169 ], [ -35.945595373999936, -9.314403118698182 ], [ -35.945490004999954, -9.314146063698166 ], [ -35.945306083999988, -9.31386083869821 ], [ -35.945099058999972, -9.313698895698193 ], [ -35.944934862999958, -9.313420831698217 ], [ -35.944982888999959, -9.313109329698239 ], [ -35.945077374999983, -9.312792515698208 ], [ -35.94526810699994, -9.312334869698255 ], [ -35.945495126999958, -9.311898727698253 ], [ -35.946166974999983, -9.310495830698311 ], [ -35.946294986999931, -9.310149045698289 ], [ -35.946236010999939, -9.309887182698306 ], [ -35.945426128999941, -9.309070701698312 ], [ -35.945092873999954, -9.308950788698327 ], [ -35.944661763999939, -9.30879566469833 ], [ -35.944193260999953, -9.308802562698368 ], [ -35.943613442999947, -9.308748435698375 ], [ -35.943477732999952, -9.308393139698374 ], [ -35.943825837999952, -9.308168351698351 ], [ -35.94410088799998, -9.30802556169837 ], [ -35.944316673999936, -9.307861827698366 ], [ -35.944557865999968, -9.307686169698377 ], [ -35.94460404299997, -9.307439664698377 ], [ -35.944680854999945, -9.307050461698399 ], [ -35.94497469199996, -9.306673471698407 ], [ -35.945441397999957, -9.306489828698394 ], [ -35.945903871, -9.306260556698451 ], [ -35.946232477999956, -9.305851709698437 ], [ -35.94631120899993, -9.305397937698446 ], [ -35.946355764999971, -9.304975409698455 ], [ -35.946387877999939, -9.304526963698459 ], [ -35.946580480999955, -9.304244978698511 ], [ -35.946869499999934, -9.304063387698513 ], [ -35.947280162999959, -9.303931838698517 ], [ -35.94826229399996, -9.303712357698483 ], [ -35.949659936999979, -9.303771906698495 ], [ -35.951167464999962, -9.303866570698508 ], [ -35.952154284999949, -9.30415668069848 ], [ -35.953461173999983, -9.303927208698484 ] ] ] } },
{ "type": "Feature", "properties": { "num_setor": "AL_PJ_SR_01_CPRM", "munic": "PAULO JACINTO", "grau_risco": "Alto", "distancia_km": 1.85, "chuva_24h": 0.9, "chuva_72h": 4.2, "fonte_estacao": "openmeteo", "codigo_estacao": "openmeteo", "nome_estacao": "Open-Meteo (célula de grade)" }, "geometry": { "type": "Polygon", "coordinates": [ [ [ -36.376416996999978, -9.366866873696562 ], [ -36.376597133999944, -9.366740512696552 ], [ -36.376663666999953, -9.366679596696551 ], [ -36.376733797999975, -9.36658442669655 ], [ -36.376825520999944, -9.366407198696574 ], [ -36.376864614999924, -9.366263190696573 ], [ -36.376931069999955, -9.366094437696548 ], [ -36.376972068999976, -9.365937585696585 ], [ -36.37700190399994, -9.365783687696576 ], [ -36.377038322999965, -9.365628034696545 ], [ -36.377066741999954, -9.365496374696585 ], [ -36.377134673999933, -9.365378773696589 ], [ -36.37725975099994, -9.365234863696578 ], [ -36.377363865999932, -9.365068683696579 ], [ -36.377484687999981, -9.364914775696619 ], [ -36.377592621999952, -9.364752509696601 ], [ -36.377769543999932, -9.364569570696597 ], [ -36.377835672999936, -9.364523734696636 ], [ -36.377907034999964, -9.364461601696609 ], [ -36.37809086599998, -9.36433893769661 ], [ -36.378255152999941, -9.364232191696637 ], [ -36.378436444999977, -9.364116419696623 ], [ -36.378565493999929, -9.364100377696602 ], [ -36.378701020999983, -9.364103397696606 ], [ -36.378810068999947, -9.364105478696596 ], [ -36.378975561999937, -9.364116380696638 ], [ -36.379088466999974, -9.364165975696649 ], [ -36.379149361999964, -9.364261048696603 ], [ -36.379157067999984, -9.364406235696636 ], [ -36.379201998999967, -9.364721027696609 ], [ -36.379208719999951, -9.364862130696579 ], [ -36.379229654999961, -9.365103575696603 ], [ -36.379251709999949, -9.36535260769659 ], [ -36.379277012999978, -9.365569296696595 ], [ -36.379285724999932, -9.365706494696539 ], [ -36.379286112999978, -9.366053705696549 ], [ -36.379277498999947, -9.366256865696558 ], [ -36.379298535999965, -9.366514141696561 ], [ -36.37930941299993, -9.366691179696558 ], [ -36.379298314999971, -9.366843979696519 ], [ -36.379265496999949, -9.366957984696525 ], [ -36.379193596999983, -9.367252627696528 ], [ -36.379142734999959, -9.3674748776965 ], [ -36.379126686999939, -9.367643177696539 ], [ -36.379103872999963, -9.367828044696505 ], [ -36.379258151999977, -9.368119747696511 ], [ -36.379447563999967, -9.36824804669649 ], [ -36.37965719999994, -9.36840688569648 ], [ -36.379841307999982, -9.368438138696513 ], [ -36.38001696699996, -9.36849800469647 ], [ -36.380648485999984, -9.368508505696484 ], [ -36.380987506999929, -9.368476024696488 ], [ -36.381219241999929, -9.368410080696506 ], [ -36.381414805999952, -9.368332736696475 ], [ -36.381479350999939, -9.368228588696493 ], [ -36.381599155999936, -9.368062015696497 ], [ -36.381696103999957, -9.36796330569652 ], [ -36.381883835999929, -9.367788339696499 ], [ -36.382114930999933, -9.367654494696508 ], [ -36.382243653999979, -9.367560878696496 ], [ -36.382435209999983, -9.367489967696528 ], [ -36.382611351999969, -9.367556418696539 ], [ -36.382710606999979, -9.367629208696529 ], [ -36.382882317999929, -9.367805461696529 ], [ -36.382928309999954, -9.367900732696489 ], [ -36.382938417999981, -9.368051475696497 ], [ -36.382939890999978, -9.368064568696493 ], [ -36.38294572299997, -9.368239656696485 ], [ -36.382947142999974, -9.368252041696476 ], [ -36.382945130999929, -9.368432450696462 ], [ -36.382852875999959, -9.369353831696449 ], [ -36.382852240999966, -9.369796279696432 ], [ -36.382809778999963, -9.370562439696421 ], [ -36.382784574999967, -9.371085082696412 ], [ -36.382766518999972, -9.371496014696374 ], [ -36.382709111999937, -9.372132982696389 ], [ -36.382569341999954, -9.372679162696322 ], [ -36.382451491999973, -9.373114206696345 ], [ -36.382337100999962, -9.373469890696326 ], [ -36.382040683999946, -9.374022235696328 ], [ -36.381687675999963, -9.374807667696288 ], [ -36.381519497999932, -9.375066540696293 ], [ -36.381413219999956, -9.375319563696255 ], [ -36.38127862399994, -9.375602294696273 ], [ -36.381206625999937, -9.375794485696257 ], [ -36.381171266999949, -9.376025186696221 ], [ -36.381087582999953, -9.376123525696253 ], [ -36.380944675999956, -9.376192240696245 ], [ -36.380855431999976, -9.376197750696235 ], [ -36.380723645999979, -9.376216215696218 ], [ -36.380656425, -9.376142854696244 ], [ -36.380601703999957, -9.376077079696254 ], [ -36.380606475999969, -9.376013459696265 ], [ -36.380636894999959, -9.375363892696242 ], [ -36.380384420999974, -9.375003755696286 ], [ -36.380037167999944, -9.374538377696291 ], [ -36.379630117999959, -9.374008465696321 ], [ -36.379270453999936, -9.373662544696318 ], [ -36.378952124999955, -9.373261693696326 ], [ -36.378601600999957, -9.372571156696385 ], [ -36.378467446999935, -9.372149630696367 ], [ -36.378413034999944, -9.371898924696353 ], [ -36.378301574999966, -9.371803556696387 ], [ -36.378097222999941, -9.37180602369639 ], [ -36.377971684999977, -9.371828626696383 ], [ -36.377660105999951, -9.371929566696359 ], [ -36.377267667999945, -9.371946653696366 ], [ -36.376560033999965, -9.372020684696361 ], [ -36.376665600999964, -9.372638267696352 ], [ -36.376756511999922, -9.373113138696326 ], [ -36.376863987999968, -9.373838376696332 ], [ -36.376738376999981, -9.374349014696296 ], [ -36.376722457999968, -9.374685000696266 ], [ -36.376770954999976, -9.37507732969628 ], [ -36.376972417999973, -9.375296100696266 ], [ -36.377136693999944, -9.375488065696253 ], [ -36.377109679999933, -9.375689303696239 ], [ -36.376994185999926, -9.37588387969625 ], [ -36.376836587999946, -9.375863626696242 ], [ -36.37656775399995, -9.375590411696258 ], [ -36.376371518999974, -9.375505845696262 ], [ -36.376152367999957, -9.375467140696257 ], [ -36.37595435399993, -9.375545440696238 ], [ -36.375776903999963, -9.375660331696242 ], [ -36.375596752999968, -9.375857521696235 ], [ -36.375346361999959, -9.375904575696223 ], [ -36.375036575999957, -9.375894559696247 ], [ -36.374862316999952, -9.375889547696273 ], [ -36.374785644999974, -9.37588949169624 ], [ -36.374692750999941, -9.375883750696248 ], [ -36.374649746999971, -9.375873552696261 ], [ -36.374579179999955, -9.375852533696234 ], [ -36.374521988999959, -9.375803124696253 ], [ -36.374514993999981, -9.375757765696246 ], [ -36.374541053999963, -9.375688316696278 ], [ -36.374650570999968, -9.375533736696266 ], [ -36.374723557999971, -9.375482133696288 ], [ -36.374763910999945, -9.375423720696267 ], [ -36.374771932999977, -9.375315147696291 ], [ -36.374825983999983, -9.375243485696252 ], [ -36.374877924999964, -9.375207453696285 ], [ -36.374905292999983, -9.375131441696263 ], [ -36.374942584999921, -9.375079520696294 ], [ -36.375036382999951, -9.374929535696291 ], [ -36.375114971999949, -9.374798947696307 ], [ -36.375209140999971, -9.3746475016963 ], [ -36.37526668199996, -9.374510188696314 ], [ -36.375255738999954, -9.374425369696274 ], [ -36.375195957999949, -9.374315984696299 ], [ -36.375116233999954, -9.374268165696325 ], [ -36.375044895999963, -9.374300257696293 ], [ -36.374999852999963, -9.374466765696297 ], [ -36.374967076999951, -9.374592822696284 ], [ -36.374934227999972, -9.37463917169628 ], [ -36.374884829999985, -9.374709757696275 ], [ -36.374845225999934, -9.374771654696294 ], [ -36.374803888999956, -9.37482151769631 ], [ -36.374757408999983, -9.374866524696294 ], [ -36.374705171999942, -9.37496534569628 ], [ -36.374623780999968, -9.37509853069626 ], [ -36.374561110999934, -9.375221994696272 ], [ -36.37449621899998, -9.37538572469626 ], [ -36.374468389999947, -9.375480465696254 ], [ -36.374444585999981, -9.375636274696282 ], [ -36.374413505999939, -9.375694789696258 ], [ -36.374434816999944, -9.375764767696257 ], [ -36.374415871999929, -9.375875353696259 ], [ -36.374376925999968, -9.37591910769625 ], [ -36.374341926999932, -9.375953084696228 ], [ -36.374283411999954, -9.376073892696251 ], [ -36.374272997999981, -9.376172739696248 ], [ -36.374270725999963, -9.376230457696241 ], [ -36.374278104999966, -9.376339119696238 ], [ -36.37428697099994, -9.376626576696243 ], [ -36.374292983999958, -9.376720352696214 ], [ -36.374290747999964, -9.376771637696256 ], [ -36.374295175999976, -9.376842254696198 ], [ -36.374361936999946, -9.376909587696204 ], [ -36.374393780999981, -9.376949125696212 ], [ -36.374542150999957, -9.377003606696217 ], [ -36.374557484999968, -9.37700370169623 ], [ -36.374718502999933, -9.377072177696194 ], [ -36.374862271999973, -9.377136776696238 ], [ -36.374961826999936, -9.377226276696238 ], [ -36.375041298999975, -9.377297862696224 ], [ -36.37510517599997, -9.377386155696195 ], [ -36.375186734999943, -9.377445602696204 ], [ -36.375232020999931, -9.377479050696214 ], [ -36.375164365999971, -9.377535387696202 ], [ -36.375114161999932, -9.377566058696191 ], [ -36.375060622999968, -9.377540752696197 ], [ -36.375007263999969, -9.377482993696185 ], [ -36.37495533799995, -9.377411372696221 ], [ -36.374884203999954, -9.377332098696197 ], [ -36.37482050899996, -9.377274613696184 ], [ -36.374747615999979, -9.377225398696197 ], [ -36.374709881999941, -9.377192772696194 ], [ -36.374658493999959, -9.377168010696238 ], [ -36.374600983999983, -9.377167233696213 ], [ -36.374492413999974, -9.377191316696187 ], [ -36.37436777399995, -9.377223148696233 ], [ -36.374254363999967, -9.377216977696238 ], [ -36.374128389999953, -9.37710874269621 ], [ -36.374083935999977, -9.377044313696194 ], [ -36.374047383999937, -9.376905692696232 ], [ -36.374072099999978, -9.376743804696209 ], [ -36.37404892099994, -9.37661407569623 ], [ -36.374104820999939, -9.376431186696259 ], [ -36.374091610999976, -9.376357751696217 ], [ -36.374024132999985, -9.376333519696237 ], [ -36.37397019499997, -9.376336907696206 ], [ -36.373894272999962, -9.376405579696202 ], [ -36.373849003999958, -9.376517046696213 ], [ -36.373778283999968, -9.376636152696214 ], [ -36.373621453999938, -9.376863766696237 ], [ -36.373491029999968, -9.377099031696194 ], [ -36.373370512999934, -9.377330378696191 ], [ -36.373226497999951, -9.377504087696215 ], [ -36.373108422999962, -9.37764382769622 ], [ -36.372786668999936, -9.377815356696207 ], [ -36.372528655999929, -9.377961393696186 ], [ -36.372318565999933, -9.378041506696208 ], [ -36.371770827999967, -9.378325768696177 ], [ -36.371346779999953, -9.378535660696153 ], [ -36.371336071999963, -9.378543033696173 ], [ -36.371318218999939, -9.378550365696169 ], [ -36.371061279999928, -9.378679397696189 ], [ -36.370858537999936, -9.378833833696184 ], [ -36.370659460999946, -9.378983449696173 ], [ -36.37042654499993, -9.379153889696136 ], [ -36.370295570999929, -9.379261102696171 ], [ -36.370245139999952, -9.379257813696166 ], [ -36.370205892999934, -9.379235923696141 ], [ -36.370146407999982, -9.37918866469615 ], [ -36.370068610999965, -9.379111950696169 ], [ -36.369943980999949, -9.37896109869618 ], [ -36.369871598999957, -9.378894031696152 ], [ -36.369787889999941, -9.378799252696167 ], [ -36.369710189999978, -9.378706171696175 ], [ -36.369668499999925, -9.378625350696138 ], [ -36.369661977999954, -9.378546560696169 ], [ -36.369669106999936, -9.378484717696198 ], [ -36.36973178299997, -9.378262423696182 ], [ -36.369766696999932, -9.378117597696191 ], [ -36.369831706999946, -9.377960336696162 ], [ -36.369900978999965, -9.377839976696185 ], [ -36.370303064999973, -9.377578332696219 ], [ -36.370664628999975, -9.377296609696227 ], [ -36.370967528999984, -9.377052095696206 ], [ -36.371506628999953, -9.376652021696247 ], [ -36.371741673999963, -9.376505750696245 ], [ -36.372037841999941, -9.376297677696238 ], [ -36.372117036999953, -9.376145503696259 ], [ -36.372082203999987, -9.375895383696228 ], [ -36.372068343999956, -9.37570153169624 ], [ -36.372038277999934, -9.375584287696277 ], [ -36.372033586999976, -9.375496632696265 ], [ -36.372050316999946, -9.375353865696271 ], [ -36.372039164999933, -9.375143158696268 ], [ -36.372040460999983, -9.375015352696302 ], [ -36.372134051999979, -9.374883933696298 ], [ -36.372497966999958, -9.374653420696283 ], [ -36.372629941999946, -9.374577476696285 ], [ -36.372770343999946, -9.374646550696287 ], [ -36.372951566999973, -9.374804975696284 ], [ -36.373108841999965, -9.374954326696276 ], [ -36.373191240999972, -9.375044904696306 ], [ -36.373236233999933, -9.375073604696276 ], [ -36.373365837999984, -9.374865113696265 ], [ -36.373441377999931, -9.374698764696282 ], [ -36.373536660999946, -9.374536679696291 ], [ -36.373615106999978, -9.37439102469631 ], [ -36.373739207999961, -9.374182860696305 ], [ -36.373775851999937, -9.374085685696295 ], [ -36.373806626999965, -9.374010684696332 ], [ -36.373871981999969, -9.373994750696296 ], [ -36.373902270999963, -9.373930521696323 ], [ -36.373910455999976, -9.373832647696323 ], [ -36.373966516999928, -9.373749645696327 ], [ -36.374034551999955, -9.373643212696354 ], [ -36.374062008999935, -9.373499146696332 ], [ -36.374059777999946, -9.373214489696339 ], [ -36.374023622999971, -9.372949478696336 ], [ -36.373973745999933, -9.372665988696323 ], [ -36.373915392999947, -9.372458634696329 ], [ -36.373868684999934, -9.372261011696379 ], [ -36.37384648099993, -9.372143298696374 ], [ -36.373802068999964, -9.371923706696377 ], [ -36.373776272999969, -9.371778702696382 ], [ -36.373670496999978, -9.371760016696353 ], [ -36.373453146999964, -9.371794371696382 ], [ -36.373319040999945, -9.371836716696382 ], [ -36.373214207999979, -9.371883699696379 ], [ -36.373077485999943, -9.371934762696382 ], [ -36.373042942, -9.371990934696349 ], [ -36.373070868999953, -9.372103028696378 ], [ -36.373208011999964, -9.37230766769637 ], [ -36.373311997999956, -9.372521054696335 ], [ -36.37343154399997, -9.372762633696368 ], [ -36.373554252999959, -9.372977663696352 ], [ -36.373642747999952, -9.373116002696335 ], [ -36.373727658999947, -9.373297133696312 ], [ -36.373819320999985, -9.373422243696306 ], [ -36.373875993999945, -9.373499480696326 ], [ -36.373898157999975, -9.373592715696329 ], [ -36.373867592999943, -9.373667242696312 ], [ -36.373816849999969, -9.373743809696313 ], [ -36.373732395999987, -9.373740508696326 ], [ -36.373579725999946, -9.373640051696297 ], [ -36.373413835999941, -9.373488509696328 ], [ -36.373335309999959, -9.373417936696319 ], [ -36.373250751999933, -9.373367664696309 ], [ -36.37308283599998, -9.373404147696341 ], [ -36.372906912999952, -9.373502461696345 ], [ -36.372805304999929, -9.373552780696315 ], [ -36.372681979999982, -9.373610203696305 ], [ -36.372583190999926, -9.373651868696328 ], [ -36.372501054999923, -9.373674671696302 ], [ -36.372412546999946, -9.373689908696317 ], [ -36.372281506999975, -9.373693711696344 ], [ -36.372209492999957, -9.373682301696331 ], [ -36.372013129999978, -9.373682305696347 ], [ -36.371795135999946, -9.373660159696293 ], [ -36.371613006999951, -9.373654190696326 ], [ -36.371459536999964, -9.373634836696304 ], [ -36.371220649999941, -9.373603686696322 ], [ -36.370997338999985, -9.37355347169634 ], [ -36.37079717499995, -9.373492017696352 ], [ -36.370581883999932, -9.373414077696317 ], [ -36.370403395999972, -9.373323076696328 ], [ -36.370275071999963, -9.373234046696309 ], [ -36.370204144999946, -9.373163413696355 ], [ -36.370113020999952, -9.373091809696334 ], [ -36.370022109999979, -9.373027927696329 ], [ -36.36991375599996, -9.372936862696344 ], [ -36.369804392999981, -9.372807766696324 ], [ -36.369716952999966, -9.37269886369636 ], [ -36.369612794999966, -9.372601098696352 ], [ -36.369541847999983, -9.372473217696331 ], [ -36.369486690999963, -9.372327575696382 ], [ -36.36951522399994, -9.372292942696351 ], [ -36.369564540999932, -9.37224442269634 ], [ -36.369615710999945, -9.372199747696371 ], [ -36.369673430999967, -9.372155788696384 ], [ -36.369762197999933, -9.372099792696375 ], [ -36.369849685999952, -9.372071701696393 ], [ -36.369957128999943, -9.372013222696371 ], [ -36.370099366999966, -9.371917052696366 ], [ -36.370186335999961, -9.371840345696366 ], [ -36.37029326399994, -9.371715422696386 ], [ -36.370409530999943, -9.371580090696378 ], [ -36.370493131999979, -9.371457599696363 ], [ -36.370539826999959, -9.37137970769639 ], [ -36.370573930999967, -9.371303529696416 ], [ -36.370611420999978, -9.371208115696385 ], [ -36.370658437999964, -9.371100586696393 ], [ -36.370727174999956, -9.371023149696372 ], [ -36.370782546999976, -9.370982911696384 ], [ -36.37086857099996, -9.370914967696416 ], [ -36.370938981999984, -9.370829910696388 ], [ -36.370979980999941, -9.370765381696403 ], [ -36.371056087999932, -9.370618707696405 ], [ -36.371143537999956, -9.370432272696414 ], [ -36.371227804999933, -9.370256017696438 ], [ -36.371289585999939, -9.370119653696431 ], [ -36.371323239999981, -9.370026692696419 ], [ -36.371349318999933, -9.369933250696448 ], [ -36.37130962699996, -9.369860184696419 ], [ -36.371219085999947, -9.369776566696457 ], [ -36.371141208999973, -9.369694004696422 ], [ -36.370994701999962, -9.369604446696467 ], [ -36.370857094999963, -9.369505324696474 ], [ -36.370771641999966, -9.369432672696451 ], [ -36.370740986999976, -9.369343840696434 ], [ -36.370738166999956, -9.369255967696452 ], [ -36.370754632999933, -9.369158833696467 ], [ -36.370820634999973, -9.369063425696478 ], [ -36.370912830999941, -9.369009928696476 ], [ -36.37097026999993, -9.368945860696444 ], [ -36.371021528999961, -9.368890713696493 ], [ -36.371078530999966, -9.368854348696466 ], [ -36.371138538999958, -9.368844044696464 ], [ -36.371324712999979, -9.368832848696464 ], [ -36.371466702999953, -9.368841292696468 ], [ -36.371578047999947, -9.368842838696487 ], [ -36.37171703599995, -9.368839363696456 ], [ -36.371838786999938, -9.368838517696473 ], [ -36.371958383999981, -9.368839717696467 ], [ -36.372075561999964, -9.368853930696453 ], [ -36.372247981999976, -9.368906229696451 ], [ -36.372457415999975, -9.368989701696476 ], [ -36.372597419999977, -9.36907662569649 ], [ -36.372884244999966, -9.369158639696474 ], [ -36.373119834999954, -9.369223961696488 ], [ -36.373266808999972, -9.36925439469643 ], [ -36.373462467999957, -9.369307114696475 ], [ -36.373609542999922, -9.369314868696438 ], [ -36.373710333999952, -9.369314198696475 ], [ -36.373809637999955, -9.36928428269646 ], [ -36.373912470999983, -9.369199827696484 ], [ -36.373993930999973, -9.369089804696436 ], [ -36.374029348999954, -9.369019863696451 ], [ -36.374064202999932, -9.368923590696461 ], [ -36.374164496999981, -9.368792886696445 ], [ -36.37425194799993, -9.368601907696485 ], [ -36.374299435999944, -9.368383836696493 ], [ -36.374301768999942, -9.368217165696503 ], [ -36.374330446999977, -9.368038016696488 ], [ -36.374368569999945, -9.367861216696474 ], [ -36.374421789999928, -9.367740109696497 ], [ -36.374498037999956, -9.367593700696537 ], [ -36.374635177999942, -9.367438220696496 ], [ -36.374874984999963, -9.367217922696515 ], [ -36.375208581999971, -9.367012739696522 ], [ -36.375525671999981, -9.366929576696526 ], [ -36.375796829999956, -9.366926670696508 ], [ -36.376092735999976, -9.366942851696541 ], [ -36.376219727999974, -9.366960906696542 ], [ -36.376416996999978, -9.366866873696562 ] ] ] } },
{ "type": "Feature", "properties": { "num_setor": "AL_M.CA_SR_02_CPRM", "munic": "MATRIZ DE CAMARAGIBE", "grau_risco": "Alto", "distancia_km": 1.41, "chuva_24h": 0.7, "chuva_72h": 3.1, "fonte_estacao": "openmeteo", "codigo_estacao": "openmeteo", "nome_estacao": "Open-Meteo (célula de grade)" }, "geometry": { "type": "Polygon", "coordinates": [ [ [ -35.520395453999981, -9.146987685703388 ], [ -35.520308238999974, -9.146904869703413 ], [ -35.52029503499994, -9.146761625703407 ], [ -35.520302691999973, -9.146628190703398 ], [ -35.520302450999964, -9.1466158927034 ], [ -35.520320303999931, -9.146447019703391 ], [ -35.520319515999972, -9.146402362703409 ], [ -35.520313502999947, -9.146363799703435 ], [ -35.520306108999932, -9.146253033703402 ], [ -35.520300117999966, -9.146220313703429 ], [ -35.520243928999946, -9.14612739370345 ], [ -35.520232742999951, -9.146114268703435 ], [ -35.520152419999931, -9.145934272703455 ], [ -35.520143159999975, -9.14577448370345 ], [ -35.520256832999962, -9.145558526703432 ], [ -35.520656803999941, -9.145450624703473 ], [ -35.520949427999938, -9.145458712703425 ], [ -35.521224095999969, -9.145573532703443 ], [ -35.521351280999966, -9.145623140703425 ], [ -35.52147859199993, -9.145649833703427 ], [ -35.521620302999963, -9.145720067703444 ], [ -35.521681638999951, -9.145803788703452 ], [ -35.521677557999965, -9.145912644703447 ], [ -35.521667430999969, -9.146026119703416 ], [ -35.521637075999934, -9.146119583703443 ], [ -35.521595343999934, -9.146215589703417 ], [ -35.521562464999931, -9.146278802703449 ], [ -35.521503670999955, -9.146400694703424 ], [ -35.521445290999957, -9.1464649237034 ], [ -35.521308235999975, -9.146530798703413 ], [ -35.52118408299998, -9.146571609703438 ], [ -35.521034820999944, -9.146607119703411 ], [ -35.520882096999969, -9.146624024703401 ], [ -35.520839863999981, -9.146635821703414 ], [ -35.520790930999965, -9.1467079727034 ], [ -35.52073646599996, -9.146827627703388 ], [ -35.520662125999927, -9.147002395703394 ], [ -35.520511104999969, -9.147003308703409 ], [ -35.520395453999981, -9.146987685703388 ] ] ] } },
{ "type": "Feature", "properties": { "num_setor": "AL_M.CA_SR_03_CPRM", "munic": "MATRIZ DE CAMARAGIBE", "grau_risco": "Alto", "distancia_km": 1.51, "chuva_24h": 0.2, "chuva_72h": 2.3, "fonte_estacao": "openmeteo", "codigo_estacao": "openmeteo", "nome_estacao": "Open-Meteo (célula de grade)" }, "geometry": { "type": "Polygon", "coordinates": [ [ [ -35.522376101999953, -9.147200662703424 ], [ -35.522373979999941, -9.146851682703428 ], [ -35.522640681999974, -9.146538251703438 ], [ -35.522973030999935, -9.146425978703432 ], [ -35.523703875999949, -9.146312078703403 ], [ -35.524226297999967, -9.146334780703425 ], [ -35.525110130999963, -9.146432249703444 ], [ -35.52549352799997, -9.146762438703391 ], [ -35.525378083999954, -9.14711982570339 ], [ -35.524402755999972, -9.147249938703393 ], [ -35.522827633999952, -9.147340384703394 ], [ -35.522376101999953, -9.147200662703424 ] ] ] } },
{ "type": "Feature", "properties": { "num_setor": "AL_RIOLARG_SR_2_CPRM", "munic": "RIO LARGO", "grau_risco": "Alto", "distancia_km": 2.11, "chuva_24h": 0.5, "chuva_72h": 4.0, "fonte_estacao": "openmeteo", "codigo_estacao": "openmeteo", "nome_estacao": "Open-Meteo (célula de grade)" }, "geometry": { "type": "Polygon", "coordinates": [ [ [ -35.849607262999939, -9.484699929692884 ], [ -35.849603897999941, -9.484627353692845 ], [ -35.849609860999976, -9.484571339692854 ], [ -35.849620119999948, -9.484474953692862 ], [ -35.84962117699996, -9.484425905692866 ], [ -35.849619058999963, -9.484377269692894 ], [ -35.849617371999955, -9.484316064692887 ], [ -35.84961736799994, -9.484289401692857 ], [ -35.849727730999966, -9.484306392692853 ], [ -35.849727284999965, -9.484338766692856 ], [ -35.849727146999953, -9.484348758692851 ], [ -35.849726437999948, -9.484400221692891 ], [ -35.849717107999929, -9.484456136692856 ], [ -35.849708415999942, -9.484508222692885 ], [ -35.849697366999976, -9.484574434692865 ], [ -35.849696162999976, -9.484631617692886 ], [ -35.849697325999955, -9.484678453692853 ], [ -35.849701044999961, -9.48472408869284 ], [ -35.849709913999959, -9.484761550692857 ], [ -35.849717408999936, -9.484793211692841 ], [ -35.849739208999949, -9.484845401692862 ], [ -35.849751813999951, -9.484863086692851 ], [ -35.849768768999979, -9.48488687569286 ], [ -35.849786169999959, -9.484911289692855 ], [ -35.849777709999955, -9.484983059692832 ], [ -35.849768346999952, -9.485062497692823 ], [ -35.849761608999984, -9.485119651692868 ], [ -35.849758153999979, -9.485148961692817 ], [ -35.849737521999941, -9.485221621692814 ], [ -35.849713484999938, -9.485306272692824 ], [ -35.849663537999959, -9.48544921469284 ], [ -35.849622731999936, -9.485565992692843 ], [ -35.849584571999969, -9.485675199692816 ], [ -35.849552611999968, -9.485766663692795 ], [ -35.849441157999934, -9.485744751692827 ], [ -35.849482401999971, -9.485585320692849 ], [ -35.84951274499997, -9.485468024692812 ], [ -35.849538885999948, -9.485366041692838 ], [ -35.849574006999944, -9.485220971692861 ], [ -35.849613227999946, -9.485066619692827 ], [ -35.849633718999939, -9.484987350692863 ], [ -35.84964797899994, -9.484886993692859 ], [ -35.849656030999938, -9.484859962692857 ], [ -35.849665048999952, -9.484829690692855 ], [ -35.84968037799996, -9.484778229692866 ], [ -35.84965847199993, -9.484711969692883 ], [ -35.84960797399998, -9.484715284692841 ], [ -35.849607262999939, -9.484699929692884 ] ] ] } },
{ "type": "Feature", "properties": { "num_setor": "AL_SJL_SR_01_CPRM", "munic": "SÃO JOSÉ DA LAJE", "grau_risco": "Alto", "distancia_km": 1.67, "chuva_24h": 0.9, "chuva_72h": 4.0, "fonte_estacao": "openmeteo", "codigo_estacao": "openmeteo", "nome_estacao": "Open-Meteo (célula de grade)" }, "geometry": { "type": "Polygon", "coordinates": [ [ [ -36.064011694999976, -8.97167156670888 ], [ -36.064188184999985, -8.971362826708908 ], [ -36.064393087999974, -8.9709300127089 ], [ -36.064733010999923, -8.970314426708944 ], [ -36.064942334999955, -8.969739753708938 ], [ -36.065278738999943, -8.969050618709 ], [ -36.06548189199998, -8.968491610708982 ], [ -36.065644815, -8.968016788708997 ], [ -36.06582685199993, -8.967487363709044 ], [ -36.065910043999963, -8.966975715709074 ], [ -36.065960434999965, -8.96637347370908 ], [ -36.065993207999952, -8.966166698709051 ], [ -36.065929497999946, -8.965989649709055 ], [ -36.065979143999982, -8.965588860709094 ], [ -36.066265536999936, -8.964817797709115 ], [ -36.066501270999936, -8.9644598587091 ], [ -36.066737714999931, -8.964166137709125 ], [ -36.067225794999956, -8.963344132709167 ], [ -36.067437133999931, -8.963030416709188 ], [ -36.067665548999969, -8.962964485709199 ], [ -36.068018803999962, -8.962759190709201 ], [ -36.068143637999981, -8.962732240709201 ], [ -36.068228928999929, -8.962714718709195 ], [ -36.068171186999955, -8.963718852709126 ], [ -36.067944476999976, -8.963958510709121 ], [ -36.067809146999934, -8.964075171709169 ], [ -36.067709258999969, -8.964383581709106 ], [ -36.067704029999959, -8.964547253709139 ], [ -36.067881242999924, -8.964944323709089 ], [ -36.06794287699995, -8.965182208709134 ], [ -36.067841740999931, -8.965649383709092 ], [ -36.067785667999942, -8.965815716709074 ], [ -36.067401478999948, -8.967091025709029 ], [ -36.067313070999944, -8.967570762709046 ], [ -36.067299282999954, -8.967928485709017 ], [ -36.06734359699994, -8.968291908709016 ], [ -36.06735241399997, -8.968567871708983 ], [ -36.06723879499998, -8.969105109708959 ], [ -36.067393984999967, -8.969763516708941 ], [ -36.067488436999952, -8.970593241708931 ], [ -36.067367883999964, -8.971185114708925 ], [ -36.06704915499995, -8.972551781708846 ], [ -36.066942961999985, -8.973382591708846 ], [ -36.066728686999959, -8.97367264570884 ], [ -36.066504193999947, -8.973950878708846 ], [ -36.066078469999979, -8.974406338708787 ], [ -36.064908928999955, -8.975874149708794 ], [ -36.064409535999971, -8.976317896708746 ], [ -36.064009201999966, -8.977033630708705 ], [ -36.063375106999956, -8.977515400708716 ], [ -36.062519961999953, -8.977885266708732 ], [ -36.061808804999941, -8.978059053708714 ], [ -36.060851837999962, -8.978356753708688 ], [ -36.060435469999959, -8.978234528708708 ], [ -36.060189783999931, -8.978146792708692 ], [ -36.059878015999971, -8.978212765708703 ], [ -36.059550796999929, -8.978364729708696 ], [ -36.059317995999947, -8.978578920708681 ], [ -36.058996903999969, -8.97900038870868 ], [ -36.058835230999932, -8.979313177708638 ], [ -36.058283241999952, -8.979851553708629 ], [ -36.057790841999967, -8.979991532708663 ], [ -36.05736679499995, -8.97984905370863 ], [ -36.056450056999942, -8.979617705708643 ], [ -36.055821756999933, -8.979407205708668 ], [ -36.055468478999956, -8.979256495708661 ], [ -36.055072922999955, -8.979170523708634 ], [ -36.054339986999935, -8.979529111708663 ], [ -36.053830452999925, -8.979952686708662 ], [ -36.053434363999941, -8.980564228708651 ], [ -36.053151070999945, -8.981348267708622 ], [ -36.053059742999949, -8.98201771870856 ], [ -36.05306382699996, -8.982025286708563 ], [ -36.052998685999967, -8.982550631708573 ], [ -36.052919992999932, -8.983007155708524 ], [ -36.052596494999932, -8.983440911708511 ], [ -36.052055995999979, -8.984176123708489 ], [ -36.051645464999979, -8.984653680708485 ], [ -36.051368991999936, -8.984780046708494 ], [ -36.051122917999976, -8.984886314708461 ], [ -36.051110756999947, -8.984899116708474 ], [ -36.050764086999948, -8.985020877708473 ], [ -36.050435930999981, -8.984973529708464 ], [ -36.050183423999961, -8.984952834708478 ], [ -36.049816960999976, -8.984965239708485 ], [ -36.048898971999961, -8.985424440708483 ], [ -36.048280080999973, -8.985850905708439 ], [ -36.047942920999958, -8.986276110708436 ], [ -36.047666915999969, -8.986526470708412 ], [ -36.046822404999944, -8.987301032708395 ], [ -36.046150397999952, -8.98796330470838 ], [ -36.045758905999946, -8.98837338770838 ], [ -36.044982293999965, -8.989141616708377 ], [ -36.04464401499996, -8.989458109708321 ], [ -36.044346977999965, -8.989956545708344 ], [ -36.043969041999958, -8.990347202708303 ], [ -36.043722660999947, -8.990732920708314 ], [ -36.043607870999949, -8.990968357708322 ], [ -36.043471193999949, -8.991199085708274 ], [ -36.043304028999948, -8.9915198927083 ], [ -36.043247245999964, -8.991816826708297 ], [ -36.043237580999971, -8.992131230708278 ], [ -36.043169077999949, -8.99241687670823 ], [ -36.043099397999981, -8.992542570708236 ], [ -36.043210429999931, -8.992762762708255 ], [ -36.04319658999998, -8.992934745708228 ], [ -36.043113554999934, -8.993133815708227 ], [ -36.043002710999929, -8.993343021708245 ], [ -36.04295258999997, -8.993559965708222 ], [ -36.042888912999963, -8.993840822708222 ], [ -36.042700945999968, -8.994151118708219 ], [ -36.042607189999956, -8.994412351708162 ], [ -36.042562751999981, -8.994708374708186 ], [ -36.042622126999959, -8.994942932708168 ], [ -36.042684792999978, -8.995182170708164 ], [ -36.042685656999936, -8.995358975708182 ], [ -36.042842744999973, -8.995483304708134 ], [ -36.042807608999958, -8.995683220708175 ], [ -36.04268359699995, -8.995786566708118 ], [ -36.042481061999972, -8.995870871708146 ], [ -36.042271315999983, -8.995907377708155 ], [ -36.042278042999953, -8.99605228970815 ], [ -36.042337828999962, -8.996173991708144 ], [ -36.042347448999976, -8.996187120708115 ], [ -36.042490512999969, -8.996344011708125 ], [ -36.042604007999955, -8.996404020708107 ], [ -36.042779675999952, -8.996488786708143 ], [ -36.042894065999974, -8.996668135708088 ], [ -36.043061762999969, -8.996959678708084 ], [ -36.043284182999962, -8.997302027708125 ], [ -36.043628319999982, -8.997776043708109 ], [ -36.043786574999949, -8.998122392708082 ], [ -36.043923022999934, -8.998483502708041 ], [ -36.044108306999931, -8.998790618708075 ], [ -36.044293330999956, -8.999038947708057 ], [ -36.044497397999976, -8.999339701708006 ], [ -36.044628908999982, -8.999582237708033 ], [ -36.044744958999956, -8.999692132708013 ], [ -36.044996036999969, -8.999922980708003 ], [ -36.045278053999937, -9.000192917707979 ], [ -36.045582667999952, -9.000474944707999 ], [ -36.045822286999964, -9.000705189708006 ], [ -36.046117134999974, -9.001011706708006 ], [ -36.046387956999986, -9.001223583707965 ], [ -36.04665461899998, -9.001411559707968 ], [ -36.046839296999956, -9.001479656707964 ], [ -36.047101402999935, -9.001502429707967 ], [ -36.047412499999943, -9.001534582707983 ], [ -36.047586290999959, -9.001598907707962 ], [ -36.047832300999964, -9.00156416870796 ], [ -36.048104077999938, -9.001464594707976 ], [ -36.048343726999974, -9.001706437707945 ], [ -36.048522766999952, -9.001996743707936 ], [ -36.048718424999947, -9.002216124707953 ], [ -36.048956428999929, -9.002379382707929 ], [ -36.049498931999949, -9.002705170707921 ], [ -36.049876934999929, -9.002911363707915 ], [ -36.050200396999969, -9.00312260270791 ], [ -36.050604834999938, -9.003379667707934 ], [ -36.050986910999939, -9.003640621707927 ], [ -36.051385549999964, -9.003829456707876 ], [ -36.051769967999974, -9.003972508707871 ], [ -36.052037543, -9.004033587707905 ], [ -36.052351747999978, -9.003906783707921 ], [ -36.052722967999955, -9.003727760707882 ], [ -36.052873902999984, -9.003704654707922 ], [ -36.052961250999935, -9.003566548707919 ], [ -36.052918921999947, -9.003479214707925 ], [ -36.052855484999952, -9.003355591707891 ], [ -36.052796873999966, -9.003220503707913 ], [ -36.052755656999977, -9.003095745707892 ], [ -36.052741585999975, -9.003012952707902 ], [ -36.052837372999932, -9.002872914707925 ], [ -36.052984287999948, -9.002841777707916 ], [ -36.053187365999975, -9.00281431870795 ], [ -36.053298603999963, -9.002805061707907 ], [ -36.053369888999953, -9.002648823707924 ], [ -36.053334659999969, -9.00224332170796 ], [ -36.053454475999956, -9.002079662707958 ], [ -36.053537405999975, -9.002092867707974 ], [ -36.053681134999977, -9.002111347707967 ], [ -36.053879495999979, -9.00216835070796 ], [ -36.054048001999938, -9.002077749707951 ], [ -36.054465941999979, -9.001175697707962 ], [ -36.055023259999984, -9.001056803708002 ], [ -36.055440523999948, -9.001267748707983 ], [ -36.055852065999943, -9.001384569707989 ], [ -36.056477422999933, -9.001299521707971 ], [ -36.056523259999949, -9.002163115707948 ], [ -36.056052118999958, -9.0031685767079 ], [ -36.055670049999947, -9.003732525707909 ], [ -36.055086134999954, -9.003682926707889 ], [ -36.054739735999924, -9.003570543707907 ], [ -36.054743478999967, -9.003793152707889 ], [ -36.054701437999931, -9.004116397707879 ], [ -36.054622761999951, -9.004149522707904 ], [ -36.054542458999947, -9.004160235707889 ], [ -36.054453397999964, -9.004148786707892 ], [ -36.054423678999967, -9.004177215707886 ], [ -36.054412604999975, -9.004467298707862 ], [ -36.054412040999978, -9.004470661707879 ], [ -36.054417788999956, -9.004812629707855 ], [ -36.054367118999949, -9.004943855707863 ], [ -36.054341941999951, -9.005208227707849 ], [ -36.05430075999994, -9.005499273707821 ], [ -36.054259716999979, -9.00589609170782 ], [ -36.054226820999929, -9.006178986707813 ], [ -36.054229223999982, -9.0063914037078 ], [ -36.054163323999951, -9.006872210707813 ], [ -36.053960708999966, -9.007527202707761 ], [ -36.054030359999956, -9.007956579707736 ], [ -36.054210841999975, -9.008422982707739 ], [ -36.054308670999944, -9.008886539707715 ], [ -36.054550710999933, -9.009338086707713 ], [ -36.05472255799998, -9.010068611707684 ], [ -36.055077716999961, -9.010489889707703 ], [ -36.055682514999944, -9.010883328707687 ], [ -36.055793922999953, -9.010937092707662 ], [ -36.055863848999941, -9.01083533270765 ], [ -36.056050216999949, -9.010794636707674 ], [ -36.056143147999933, -9.010692146707651 ], [ -36.056216054999936, -9.010576065707673 ], [ -36.056358573999944, -9.010427342707679 ], [ -36.05644469899994, -9.010399633707689 ], [ -36.05657270599994, -9.010456933707664 ], [ -36.056841198999962, -9.010727843707699 ], [ -36.056898577999952, -9.010796292707662 ], [ -36.057281552999939, -9.010914122707677 ], [ -36.057907831999955, -9.011201684707654 ], [ -36.058463693999954, -9.011424298707645 ], [ -36.058955996999941, -9.011620922707653 ], [ -36.059122223999957, -9.011649479707659 ], [ -36.059896127999934, -9.01197029870761 ], [ -36.060811900999965, -9.01228016970761 ], [ -36.06086862899997, -9.012412213707607 ], [ -36.061135928999931, -9.012971929707588 ], [ -36.06135623299997, -9.013251417707622 ], [ -36.061564566999955, -9.013472224707566 ], [ -36.061915033999973, -9.013720553707609 ], [ -36.062363939999955, -9.014017105707541 ], [ -36.06251310399994, -9.014250669707582 ], [ -36.062585130999935, -9.014448748707546 ], [ -36.062786538999944, -9.014728774707573 ], [ -36.062846590999982, -9.014930609707564 ], [ -36.062910753, -9.015268284707517 ], [ -36.062978038999972, -9.015494825707529 ], [ -36.063034494999954, -9.01574682170749 ], [ -36.063125357999979, -9.016000088707495 ], [ -36.063194918999955, -9.016235120707515 ], [ -36.06328119899996, -9.016601207707478 ], [ -36.063312843999938, -9.016982654707467 ], [ -36.063302750999981, -9.017199877707448 ], [ -36.063297420999959, -9.017318593707474 ], [ -36.063323966999974, -9.017351481707498 ], [ -36.063360387999978, -9.017340205707484 ], [ -36.063398290999942, -9.017333330707489 ], [ -36.063400851999965, -9.017362983707443 ], [ -36.063359655999932, -9.017371314707448 ], [ -36.063334482999949, -9.017377885707479 ], [ -36.063317520999931, -9.017393795707482 ], [ -36.063308185999972, -9.017428682707452 ], [ -36.063287499999944, -9.017510181707479 ], [ -36.063242636999973, -9.017652995707492 ], [ -36.06322150099993, -9.017763515707442 ], [ -36.063189740999974, -9.017871934707459 ], [ -36.063109432999966, -9.018164622707447 ], [ -36.063039042999947, -9.018330180707439 ], [ -36.062962047999974, -9.018480056707459 ], [ -36.06285036799995, -9.018616019707444 ], [ -36.062735567999937, -9.018689810707412 ], [ -36.062631451999955, -9.018741879707409 ], [ -36.062455661999934, -9.018861252707422 ], [ -36.062343839999976, -9.018938805707405 ], [ -36.062175067999931, -9.019066088707444 ], [ -36.06194660999995, -9.019167538707428 ], [ -36.061757548999935, -9.019313952707389 ], [ -36.061647209999933, -9.019352555707393 ], [ -36.06154260999994, -9.019474803707418 ], [ -36.061449449999941, -9.019542350707368 ], [ -36.06125282499994, -9.019451365707384 ], [ -36.061088248999965, -9.019421969707388 ], [ -36.060817921999963, -9.019345557707398 ], [ -36.060565946999922, -9.019232056707413 ], [ -36.060411974999965, -9.019188049707431 ], [ -36.060284036999974, -9.019130198707419 ], [ -36.060192606999969, -9.01905658670743 ], [ -36.060100901999931, -9.018991424707432 ], [ -36.060084047999965, -9.01890168370743 ], [ -36.060223567999962, -9.018754978707406 ], [ -36.060368779999976, -9.018791382707429 ], [ -36.06058242499995, -9.018800270707445 ], [ -36.060837201999959, -9.018744325707406 ], [ -36.061051642999985, -9.018624161707459 ], [ -36.06117852199997, -9.018441709707412 ], [ -36.061141074999966, -9.018301375707445 ], [ -36.061080519999969, -9.018243526707474 ], [ -36.060962381999964, -9.018188187707441 ], [ -36.060869267999976, -9.018120673707422 ], [ -36.060824132999983, -9.01802436870743 ], [ -36.060889111999977, -9.017961114707427 ], [ -36.061041749999958, -9.017897008707465 ], [ -36.061244096999928, -9.017785412707459 ], [ -36.061487354999933, -9.017668296707447 ], [ -36.06174791799998, -9.017553613707461 ], [ -36.061930232999941, -9.017460208707492 ], [ -36.06208858399998, -9.017315671707454 ], [ -36.062116401999958, -9.017143434707497 ], [ -36.062059939999983, -9.017008543707492 ], [ -36.061872208999944, -9.016893894707481 ], [ -36.061675876999971, -9.016739149707513 ], [ -36.06145102499994, -9.016561974707486 ], [ -36.061259311999947, -9.016381578707472 ], [ -36.061096278999969, -9.016218723707494 ], [ -36.060995496999965, -9.015962879707519 ], [ -36.060996104999958, -9.015738856707543 ], [ -36.060962983999957, -9.015582574707507 ], [ -36.060749712999957, -9.015459623707535 ], [ -36.060479245999943, -9.015331610707547 ], [ -36.060221039999931, -9.015248010707511 ], [ -36.060008030999938, -9.01508801670751 ], [ -36.060003055999971, -9.015072916707526 ], [ -36.059938403999979, -9.014762365707554 ], [ -36.059920806999969, -9.014540415707536 ], [ -36.059838492999972, -9.014339455707569 ], [ -36.059742498999981, -9.014195408707584 ], [ -36.059659064999956, -9.014070903707557 ], [ -36.059495849999962, -9.013914598707597 ], [ -36.059344343999953, -9.013704509707598 ], [ -36.059069774999955, -9.01351322570757 ], [ -36.058927724999933, -9.013370123707592 ], [ -36.058677659999944, -9.013229339707602 ], [ -36.058533453999985, -9.013164189707595 ], [ -36.058297577999951, -9.013120402707605 ], [ -36.057981054999971, -9.013084529707609 ], [ -36.057624760999943, -9.013049370707616 ], [ -36.057297516999938, -9.013021525707583 ], [ -36.05710180899996, -9.013022617707632 ], [ -36.057095505999939, -9.013022529707598 ], [ -36.056884998999976, -9.013019561707603 ], [ -36.056671452999971, -9.013031915707582 ], [ -36.056475469999953, -9.013050262707621 ], [ -36.056199830999951, -9.013002692707625 ], [ -36.056021465999947, -9.012898158707637 ], [ -36.055922921999979, -9.012859261707609 ], [ -36.05575707699996, -9.012780156707612 ], [ -36.055614739999953, -9.012722960707615 ], [ -36.055493092999939, -9.012670144707618 ], [ -36.055350399999959, -9.012597778707644 ], [ -36.055207687999939, -9.012523776707624 ], [ -36.054955062999966, -9.012438050707619 ], [ -36.054788195999947, -9.012421728707595 ], [ -36.054691039999966, -9.012351605707652 ], [ -36.054572166999947, -9.012160617707616 ], [ -36.054447536999938, -9.012116922707634 ], [ -36.054337589999932, -9.012010998707611 ], [ -36.054239131999964, -9.011809106707666 ], [ -36.054169998999953, -9.011674877707639 ], [ -36.054077377999938, -9.011627799707624 ], [ -36.053892856999937, -9.01151581570763 ], [ -36.053760844999942, -9.011367219707655 ], [ -36.053564515999938, -9.011112314707644 ], [ -36.053333930999941, -9.010763930707654 ], [ -36.053158531999941, -9.010419610707705 ], [ -36.053135705999978, -9.010243325707711 ], [ -36.05306423199994, -9.010029837707718 ], [ -36.052958620999959, -9.009886920707725 ], [ -36.052826512999957, -9.009657323707694 ], [ -36.052726577999977, -9.009554131707709 ], [ -36.052579894999951, -9.009388792707739 ], [ -36.052486043999977, -9.008951989707741 ], [ -36.05250197699997, -9.008646965707744 ], [ -36.052502235999953, -9.008266984707776 ], [ -36.052540711999939, -9.007839281707778 ], [ -36.052594686999953, -9.007440601707804 ], [ -36.052552356999968, -9.007235804707772 ], [ -36.052520318999939, -9.006483403707794 ], [ -36.052458664999961, -9.005988429707815 ], [ -36.052265658999943, -9.005458711707837 ], [ -36.051377027999933, -9.005051961707828 ], [ -36.051167007999936, -9.004937951707886 ], [ -36.050859902999946, -9.004732089707863 ], [ -36.050555858999928, -9.004523690707886 ], [ -36.050280603999958, -9.004386953707851 ], [ -36.050006015999941, -9.004141022707861 ], [ -36.049734260999969, -9.003872052707889 ], [ -36.04924430799997, -9.003587144707872 ], [ -36.048751600999935, -9.003291478707888 ], [ -36.048286120999933, -9.002946529707939 ], [ -36.047795391999955, -9.002782987707954 ], [ -36.047011167999983, -9.002367303707949 ], [ -36.046651538999974, -9.002134844707941 ], [ -36.046176784999943, -9.001806773707942 ], [ -36.045801593999961, -9.001428688707987 ], [ -36.045551403999973, -9.001099794707981 ], [ -36.045127086999969, -9.000730543708 ], [ -36.044696564999981, -9.000293800707992 ], [ -36.044328292999978, -8.999916898708035 ], [ -36.04412637099994, -8.999689665708008 ], [ -36.043940956999961, -8.999387975708061 ], [ -36.043723326999952, -8.999053743708069 ], [ -36.043610022999928, -8.998777153708081 ], [ -36.043512781999937, -8.998513549708033 ], [ -36.043330652999941, -8.998184922708058 ], [ -36.043143109999953, -8.997978358708062 ], [ -36.042951564999953, -8.997659880708079 ], [ -36.042791496999939, -8.997453487708102 ], [ -36.042659530999977, -8.997227805708107 ], [ -36.042539371999965, -8.997052317708079 ], [ -36.042340200999945, -8.996847734708115 ], [ -36.042088259999957, -8.996617723708139 ], [ -36.04186485799994, -8.996346500708119 ], [ -36.041615375999989, -8.996067321708107 ], [ -36.041395281999947, -8.995817889708142 ], [ -36.041092393999975, -8.995455224708143 ], [ -36.040871742999975, -8.995286439708181 ], [ -36.040706618999934, -8.995077671708192 ], [ -36.040569913999946, -8.994851945708145 ], [ -36.040398495999966, -8.994558817708201 ], [ -36.040269719999969, -8.994332050708195 ], [ -36.040188690999969, -8.994041174708192 ], [ -36.040170510999921, -8.993918365708193 ], [ -36.040294089999975, -8.993645934708217 ], [ -36.04063517499997, -8.99317527170825 ], [ -36.040967741999964, -8.992952996708256 ], [ -36.041528186999976, -8.992585516708246 ], [ -36.041965768999944, -8.991999611708284 ], [ -36.042613032999952, -8.991294751708267 ], [ -36.043152427999978, -8.990694505708307 ], [ -36.043433757999935, -8.990281166708344 ], [ -36.043745196999964, -8.98992391870835 ], [ -36.044095909999953, -8.989463154708343 ], [ -36.044847000999937, -8.988640020708401 ], [ -36.045009388999972, -8.988400922708394 ], [ -36.045325781999964, -8.987997774708377 ], [ -36.045586293999975, -8.98769384870843 ], [ -36.045880902999954, -8.987538307708409 ], [ -36.046258709999961, -8.987217087708427 ], [ -36.046811693999985, -8.986686898708422 ], [ -36.047229960999964, -8.986256335708427 ], [ -36.047549602999929, -8.985901300708457 ], [ -36.048772121999953, -8.984818775708479 ], [ -36.048937131999935, -8.98472761970848 ], [ -36.049242422999953, -8.984518057708481 ], [ -36.049672852999947, -8.984281388708487 ], [ -36.050028059999931, -8.984288626708508 ], [ -36.050390953999965, -8.98438681970849 ], [ -36.050966348999964, -8.984360601708534 ], [ -36.051662022999949, -8.984201430708529 ], [ -36.052128976999938, -8.983484438708521 ], [ -36.052359607999954, -8.982867079708543 ], [ -36.05236344399998, -8.982456117708567 ], [ -36.052340422999968, -8.981526690708577 ], [ -36.052585755999985, -8.980940973708616 ], [ -36.052642617999929, -8.98043501370864 ], [ -36.052624098999956, -8.979972739708625 ], [ -36.052787398999953, -8.979308509708664 ], [ -36.053221690999976, -8.978676664708702 ], [ -36.053540305999945, -8.978324258708717 ], [ -36.053899454999964, -8.978258336708683 ], [ -36.054229090999968, -8.978379391708703 ], [ -36.055034654999922, -8.978502808708699 ], [ -36.055670516999953, -8.978650382708675 ], [ -36.056201694999977, -8.978760471708702 ], [ -36.056777106999959, -8.978631085708683 ], [ -36.05679644199995, -8.978622641708675 ], [ -36.057154822999969, -8.978519940708678 ], [ -36.057396951999969, -8.978377139708703 ], [ -36.057652721999936, -8.978283440708717 ], [ -36.057928052999955, -8.978169526708722 ], [ -36.058405075999929, -8.97796645070868 ], [ -36.058917491999978, -8.977383736708738 ], [ -36.059181297999935, -8.976745112708723 ], [ -36.059363537999957, -8.976876807708715 ], [ -36.059609169999931, -8.977020186708716 ], [ -36.059864567999966, -8.976906204708763 ], [ -36.06013252799994, -8.976382282708762 ], [ -36.060204920999979, -8.975931644708757 ], [ -36.060258570999963, -8.975645461708753 ], [ -36.06050758899994, -8.975309346708784 ], [ -36.06076040499994, -8.974893740708806 ], [ -36.060872880999966, -8.974514809708817 ], [ -36.060817473999975, -8.974088694708854 ], [ -36.06069703299994, -8.973594229708835 ], [ -36.060518664999968, -8.972839048708874 ], [ -36.06036845999995, -8.97249515870887 ], [ -36.060261886999974, -8.972306472708881 ], [ -36.060193060999957, -8.972035151708869 ], [ -36.060218022999948, -8.971693812708889 ], [ -36.060821924999971, -8.971272289708901 ], [ -36.061059142999966, -8.971216769708917 ], [ -36.061485140999935, -8.971190640708926 ], [ -36.061785909999976, -8.971212795708938 ], [ -36.062216604999946, -8.971234306708942 ], [ -36.062654219999956, -8.971356106708917 ], [ -36.063290608999978, -8.971587901708903 ], [ -36.063723277999941, -8.971757712708879 ], [ -36.064011694999976, -8.97167156670888 ] ] ] } },
{ "type": "Feature", "properties": { "num_setor": "AL_RIOLARG_SR_1_CPRM", "munic": "RIO LARGO", "grau_risco": "Alto", "distancia_km": 1.9, "chuva_24h": 0.5, "chuva_72h": 4.0, "fonte_estacao": "openmeteo", "codigo_estacao": "openmeteo", "nome_estacao": "Open-Meteo (célula de grade)" }, "geometry": { "type": "Polygon", "coordinates": [ [ [ -35.845542271999925, -9.482126387692913 ], [ -35.845641053999934, -9.48210328469292 ], [ -35.845715043999974, -9.482089259692941 ], [ -35.845758296999975, -9.48208242469291 ], [ -35.845818403999935, -9.482072925692933 ], [ -35.845905497999979, -9.482073743692915 ], [ -35.846001224999959, -9.482074642692959 ], [ -35.846085421999931, -9.482091309692912 ], [ -35.846134645999932, -9.482101052692938 ], [ -35.846245838999955, -9.482111413692961 ], [ -35.846336991999976, -9.482123108692914 ], [ -35.846373122999985, -9.482131483692966 ], [ -35.846448466999959, -9.482148949692935 ], [ -35.846473782999965, -9.482147825692941 ], [ -35.846509614999952, -9.482146235692928 ], [ -35.846571154999936, -9.482143503692946 ], [ -35.846605101999955, -9.482148050692954 ], [ -35.846654815999948, -9.482154708692914 ], [ -35.846710132999931, -9.482161825692961 ], [ -35.846788964999973, -9.482171403692906 ], [ -35.846841665999939, -9.482182608692934 ], [ -35.846906682999929, -9.482196432692941 ], [ -35.84691384499996, -9.482243274692955 ], [ -35.846955333999979, -9.482232559692928 ], [ -35.846989339999936, -9.482230822692935 ], [ -35.847027210999954, -9.482228889692909 ], [ -35.847097490999943, -9.4822289546929 ], [ -35.847134836999942, -9.482228988692947 ], [ -35.847170017999929, -9.482237143692936 ], [ -35.847211905999984, -9.48224685369296 ], [ -35.847245532999978, -9.482254648692946 ], [ -35.847294257999977, -9.482247997692909 ], [ -35.847380474999966, -9.482236228692946 ], [ -35.847427048999975, -9.482222727692932 ], [ -35.847488730999935, -9.482204845692923 ], [ -35.847542806999975, -9.482170890692936 ], [ -35.84759646699996, -9.482137196692911 ], [ -35.847637796999948, -9.482165525692944 ], [ -35.847681127999977, -9.482195226692959 ], [ -35.847611976999929, -9.482242902692905 ], [ -35.847555811999939, -9.482284957692956 ], [ -35.847497573999931, -9.482331146692946 ], [ -35.847375154999945, -9.482393132692939 ], [ -35.84724731499994, -9.482370491692945 ], [ -35.847182448999945, -9.482361820692899 ], [ -35.847087377999969, -9.482353458692939 ], [ -35.846987705999936, -9.482349665692924 ], [ -35.846868293999933, -9.482347928692937 ], [ -35.846830485999931, -9.482340934692946 ], [ -35.846762062999979, -9.482328276692941 ], [ -35.846638861999963, -9.482298747692925 ], [ -35.846585618999939, -9.482284660692921 ], [ -35.846560025999963, -9.48228201269295 ], [ -35.846501168999964, -9.482275922692954 ], [ -35.846444795999957, -9.482270089692907 ], [ -35.846375846999933, -9.482261983692913 ], [ -35.846286609999936, -9.482251492692955 ], [ -35.846168381999973, -9.482242632692918 ], [ -35.846081165999976, -9.482239158692938 ], [ -35.845978669999965, -9.482236586692915 ], [ -35.845929946999945, -9.482229805692945 ], [ -35.845881127999974, -9.482223011692939 ], [ -35.845816403999947, -9.482235116692936 ], [ -35.84573088999997, -9.482250834692925 ], [ -35.845637985999922, -9.482274746692942 ], [ -35.845569637999972, -9.482299903692923 ], [ -35.845548536999956, -9.482239986692937 ], [ -35.845535235999932, -9.482183554692929 ], [ -35.845542271999925, -9.482126387692913 ] ] ] } },
{ "type": "Feature", "properties": { "num_setor": "AL_PILAR_SR_1_CPRM", "munic": "PILAR", "grau_risco": "Alto", "distancia_km": 1.07, "chuva_24h": 0.4, "chuva_72h": 3.2, "fonte_estacao": "openmeteo", "codigo_estacao": "openmeteo", "nome_estacao": "Open-Meteo (célula de grade)" }, "geometry": { "type": "Polygon", "coordinates": [ [ [ -35.950328611999957, -9.608253163689016 ], [ -35.950523244999943, -9.608183798689018 ], [ -35.95081035499993, -9.60807223668899 ], [ -35.95096120399996, -9.608013620688997 ], [ -35.951358037999967, -9.607900408689027 ], [ -35.951547427999969, -9.60793879068904 ], [ -35.951898250999932, -9.608001305689008 ], [ -35.952272846999961, -9.608053490689024 ], [ -35.952437079999974, -9.608219353689021 ], [ -35.952743518999966, -9.608258929689034 ], [ -35.952991494999935, -9.608290954689027 ], [ -35.953306072999965, -9.60837075868902 ], [ -35.953599296999975, -9.608445145688997 ], [ -35.954061180999929, -9.608562319689026 ], [ -35.954323981999941, -9.60861409568898 ], [ -35.954879690999974, -9.60872357668902 ], [ -35.955097372999944, -9.608766462688976 ], [ -35.955268485999966, -9.608891909688987 ], [ -35.955480164999983, -9.609047096689002 ], [ -35.955596309999983, -9.609092301688996 ], [ -35.955744696999943, -9.609150054688957 ], [ -35.955987701999966, -9.60897278068901 ], [ -35.956331578999936, -9.609192186688984 ], [ -35.956557625999949, -9.609336413688947 ], [ -35.957166423999979, -9.609752644688962 ], [ -35.957452518999958, -9.60997707368897 ], [ -35.957763227999976, -9.610202160688956 ], [ -35.957857375999936, -9.610314555688921 ], [ -35.958001657999951, -9.610486801688959 ], [ -35.958239374999948, -9.610751738688947 ], [ -35.958626724999931, -9.611119705688914 ], [ -35.958843533999982, -9.611289867688932 ], [ -35.959204122999942, -9.611572875688914 ], [ -35.959526342999936, -9.611839315688865 ], [ -35.959849709999958, -9.612108989688901 ], [ -35.96006357299995, -9.612309293688867 ], [ -35.960406016999968, -9.612642073688871 ], [ -35.960630349, -9.612839922688881 ], [ -35.960844103999932, -9.61303410868886 ], [ -35.961126798999949, -9.613329787688826 ], [ -35.961377786999947, -9.613592373688833 ], [ -35.961242574999972, -9.613732160688857 ], [ -35.961102990999962, -9.613860813688843 ], [ -35.960936974999989, -9.613985857688853 ], [ -35.960664454999971, -9.614058664688832 ], [ -35.960353411999961, -9.614322274688819 ], [ -35.960366893999954, -9.614482934688816 ], [ -35.960392929999955, -9.614733926688828 ], [ -35.960443005999934, -9.6151177556888 ], [ -35.960501618999956, -9.615500852688788 ], [ -35.960426250999951, -9.615722129688754 ], [ -35.960377786999963, -9.615833329688748 ], [ -35.960291884999947, -9.615813281688794 ], [ -35.960085845999977, -9.615765194688754 ], [ -35.959871715999952, -9.615686494688797 ], [ -35.959593104999954, -9.615584095688794 ], [ -35.959422529999983, -9.615521403688762 ], [ -35.959159221999982, -9.615326472688757 ], [ -35.958911824, -9.615143320688789 ], [ -35.958816144999957, -9.615099671688768 ], [ -35.958583593999947, -9.614993578688772 ], [ -35.958434870999952, -9.614925730688819 ], [ -35.958301374999962, -9.614864828688791 ], [ -35.958201564999968, -9.61475802868882 ], [ -35.95800789599997, -9.614550796688796 ], [ -35.957817844999965, -9.614347435688813 ], [ -35.957562097999983, -9.614073777688848 ], [ -35.957346553999976, -9.613843137688818 ], [ -35.957030813999957, -9.613501535688835 ], [ -35.956605509999974, -9.613040810688863 ], [ -35.956521763999945, -9.612987087688856 ], [ -35.956334043999959, -9.61286666368888 ], [ -35.956086400999936, -9.612707798688881 ], [ -35.955860276999942, -9.612550454688883 ], [ -35.95542641399993, -9.612188787688901 ], [ -35.955256445999957, -9.612047102688889 ], [ -35.95522164099998, -9.612050582688871 ], [ -35.955099620999931, -9.611929527688902 ], [ -35.954775693999984, -9.611608163688915 ], [ -35.954494594999971, -9.611291914688943 ], [ -35.954284811999969, -9.611055900688898 ], [ -35.954164442999961, -9.610941976688951 ], [ -35.954023105999958, -9.610813321688935 ], [ -35.95349166099993, -9.610329556688933 ], [ -35.953205956999966, -9.610069485688927 ], [ -35.952833522999981, -9.609802413688945 ], [ -35.952660896999937, -9.60967862368898 ], [ -35.952286714999957, -9.609409351688962 ], [ -35.952101942999946, -9.609279968688963 ], [ -35.951928773999946, -9.609209830688956 ], [ -35.951463557999944, -9.60902125768896 ], [ -35.951105158999951, -9.608875564688983 ], [ -35.950791812999967, -9.608777688689006 ], [ -35.950534771999969, -9.60870948068899 ], [ -35.950144165999973, -9.608658059688967 ], [ -35.949938799999984, -9.60864328368902 ], [ -35.949738969999942, -9.608646549688984 ], [ -35.949585877999937, -9.608709112689013 ], [ -35.949426563999964, -9.608766337688985 ], [ -35.949397384999941, -9.608769254689006 ], [ -35.949196808999943, -9.608754679688982 ], [ -35.949068079999961, -9.608749884688992 ], [ -35.948929306999958, -9.608751123689018 ], [ -35.948895546999942, -9.608766311688976 ], [ -35.948727580999957, -9.608847999688999 ], [ -35.948601122999953, -9.608866983689005 ], [ -35.948310938999953, -9.608910546688968 ], [ -35.947984271999928, -9.608998838689015 ], [ -35.947721308999974, -9.609073809688953 ], [ -35.947386393999977, -9.609188796688969 ], [ -35.947289251999962, -9.609232582688957 ], [ -35.947268336999976, -9.609252227688968 ], [ -35.947213503999933, -9.609368673688964 ], [ -35.947106202999976, -9.609571273688982 ], [ -35.947015419999957, -9.609719214688937 ], [ -35.946818402999952, -9.609652180688951 ], [ -35.946727178999936, -9.609629462688986 ], [ -35.946560465999937, -9.60957359768895 ], [ -35.946243727999963, -9.609500569688979 ], [ -35.945930030999932, -9.60941522568897 ], [ -35.94576733699995, -9.609431485688967 ], [ -35.94561254599995, -9.609392141688952 ], [ -35.945271920999978, -9.609287022688999 ], [ -35.945201233999967, -9.609259347688994 ], [ -35.945037035999974, -9.609305165688985 ], [ -35.944882555999982, -9.60930296268897 ], [ -35.944807040999933, -9.609265573688974 ], [ -35.944694430999959, -9.609209818688965 ], [ -35.944946210999944, -9.609048654689008 ], [ -35.945166631999939, -9.608979194688994 ], [ -35.945625724999964, -9.608904171688968 ], [ -35.946181579999973, -9.608813335689003 ], [ -35.946453049999946, -9.608768972688978 ], [ -35.94668797199995, -9.608693541689009 ], [ -35.946892716999969, -9.60862779968901 ], [ -35.947071333999929, -9.608578494689009 ], [ -35.947169376999973, -9.608551431689003 ], [ -35.94731447099997, -9.608528077688995 ], [ -35.947469069999954, -9.608503193689026 ], [ -35.947793114999968, -9.60844008668901 ], [ -35.948258583999966, -9.608344930689025 ], [ -35.948896790999981, -9.608160477689001 ], [ -35.949028842999951, -9.608120963689027 ], [ -35.949196394999944, -9.608110699688996 ], [ -35.949346006999967, -9.608101534689002 ], [ -35.94958864299997, -9.608143055689023 ], [ -35.94971056299994, -9.608132770688981 ], [ -35.949812007999981, -9.608116250689013 ], [ -35.949920357999929, -9.60812304968902 ], [ -35.950000113999977, -9.608128055688994 ], [ -35.95000095599994, -9.608329308688997 ], [ -35.950328611999957, -9.608253163689016 ] ] ] } },
{ "type": "Feature", "properties": { "num_setor": "AL_MARECHA_SR_3_CPRM", "munic": "MARECHAL DEODORO", "grau_risco": "Alto", "distancia_km": 1.69, "chuva_24h": 1.1, "chuva_72h": 7.6, "fonte_estacao": "openmeteo", "codigo_estacao": "openmeteo", "nome_estacao": "Open-Meteo (célula de grade)" }, "geometry": { "type": "Polygon", "coordinates": [ [ [ -35.903066184999943, -9.718802336685556 ], [ -35.903014634999977, -9.718750567685577 ], [ -35.903090862999932, -9.718628448685557 ], [ -35.903192686999937, -9.718465324685573 ], [ -35.903303426999969, -9.718288413685604 ], [ -35.90339172399996, -9.718148901685574 ], [ -35.903516765999946, -9.717975999685601 ], [ -35.903616996999972, -9.717837403685612 ], [ -35.90376320799993, -9.7176634246856 ], [ -35.903904897999951, -9.717497504685584 ], [ -35.90392905799996, -9.717449764685629 ], [ -35.903981366999972, -9.717346403685617 ], [ -35.904040819999977, -9.717205163685611 ], [ -35.904236533999949, -9.717312662685636 ], [ -35.904199827999946, -9.717394296685596 ], [ -35.904138926999956, -9.717529740685613 ], [ -35.904016611999964, -9.717660337685617 ], [ -35.903965077999942, -9.717724684685598 ], [ -35.903898683999955, -9.717807582685612 ], [ -35.903833189999943, -9.7178893596856 ], [ -35.903792445999962, -9.717929424685606 ], [ -35.903730792999959, -9.71799004768557 ], [ -35.903699777999975, -9.718020545685567 ], [ -35.90362586699996, -9.718093223685607 ], [ -35.903598482999939, -9.718138091685585 ], [ -35.90352687099994, -9.718255427685595 ], [ -35.903459880999947, -9.718365192685583 ], [ -35.903395129999979, -9.718495500685574 ], [ -35.903325908999939, -9.718670528685564 ], [ -35.903303344999983, -9.718740167685576 ], [ -35.90325796299993, -9.718822441685591 ], [ -35.903193660999932, -9.71890912268556 ], [ -35.903066184999943, -9.718802336685556 ] ] ] } },
{ "type": "Feature", "properties": { "num_setor": "AL_M.CA_SR_05_CPRM", "munic": "MATRIZ DE CAMARAGIBE", "grau_risco": "Alto", "distancia_km": 1.49, "chuva_24h": 0.2, "chuva_72h": 2.3, "fonte_estacao": "openmeteo", "codigo_estacao": "openmeteo", "nome_estacao": "Open-Meteo (célula de grade)" }, "geometry": { "type": "Polygon", "coordinates": [ [ [ -35.545052411999961, -9.166328532702803 ], [ -35.545332104999943, -9.165188316702828 ], [ -35.545872866999957, -9.165257933702838 ], [ -35.546030242999954, -9.165743158702805 ], [ -35.545947650999949, -9.166211303702793 ], [ -35.545630065999944, -9.166407798702808 ], [ -35.545052411999961, -9.166328532702803 ] ] ] } },
{ "type": "Feature", "properties": { "num_setor": "AL_MARECHA_SR_1_CPRM", "munic": "MARECHAL DEODORO", "grau_risco": "Alto", "distancia_km": 1.71, "chuva_24h": 1.1, "chuva_72h": 7.6, "fonte_estacao": "openmeteo", "codigo_estacao": "openmeteo", "nome_estacao": "Open-Meteo (célula de grade)" }, "geometry": { "type": "Polygon", "coordinates": [ [ [ -35.893433716999944, -9.722740608685465 ], [ -35.893510766999952, -9.722730242685444 ], [ -35.893532276999963, -9.722809513685437 ], [ -35.893548834999926, -9.722809764685454 ], [ -35.893597196999963, -9.722810497685435 ], [ -35.893614578999973, -9.722903427685429 ], [ -35.89369916499993, -9.722904794685459 ], [ -35.893707512999981, -9.722987090685422 ], [ -35.893571842999961, -9.723019260685417 ], [ -35.89347762899996, -9.723041600685459 ], [ -35.893433716999944, -9.722740608685465 ] ] ] } },
{ "type": "Feature", "properties": { "num_setor": "AL_MARECHA_SR_2_CPRM", "munic": "MARECHAL DEODORO", "grau_risco": "Alto", "distancia_km": 1.67, "chuva_24h": 1.1, "chuva_72h": 7.6, "fonte_estacao": "openmeteo", "codigo_estacao": "openmeteo", "nome_estacao": "Open-Meteo (célula de grade)" }, "geometry": { "type": "Polygon", "coordinates": [ [ [ -35.89400835199995, -9.722942146685451 ], [ -35.89399705899995, -9.722873941685467 ], [ -35.893988915999955, -9.722824756685455 ], [ -35.89399979999996, -9.722733501685427 ], [ -35.894015088999936, -9.722605312685468 ], [ -35.894050582999967, -9.722504019685472 ], [ -35.894068685999969, -9.722452355685462 ], [ -35.894101551999938, -9.722358561685461 ], [ -35.894136040999967, -9.722307085685443 ], [ -35.894179059999942, -9.722242876685433 ], [ -35.89422317899993, -9.722155284685433 ], [ -35.894291623999948, -9.722004835685453 ], [ -35.894365552999943, -9.721853280685458 ], [ -35.894408686999952, -9.721773963685491 ], [ -35.894444254999939, -9.721707195685479 ], [ -35.894501586999979, -9.721558074685488 ], [ -35.89459569099995, -9.721587075685457 ], [ -35.894601558999966, -9.72160215368551 ], [ -35.894581593999931, -9.721646861685466 ], [ -35.894526450999933, -9.7217703396855 ], [ -35.894498687999942, -9.721811857685482 ], [ -35.894464443999937, -9.721864248685488 ], [ -35.89441348499998, -9.721947974685495 ], [ -35.894352528999953, -9.722056217685486 ], [ -35.894411300999934, -9.722071172685469 ], [ -35.894463153999936, -9.722084365685445 ], [ -35.894436319999947, -9.722175695685474 ], [ -35.894423069999959, -9.722220788685453 ], [ -35.894405465999967, -9.722280703685465 ], [ -35.894402014999976, -9.722324981685484 ], [ -35.894395556999939, -9.722407849685469 ], [ -35.894391350999967, -9.722461821685458 ], [ -35.894383144999956, -9.722487265685473 ], [ -35.89436782699994, -9.722534760685463 ], [ -35.894350120999938, -9.722589659685422 ], [ -35.894348084999933, -9.72262255968543 ], [ -35.894344796999974, -9.722675690685442 ], [ -35.894342188999929, -9.722717827685415 ], [ -35.894337770999982, -9.722789214685468 ], [ -35.894342980999973, -9.722814686685469 ], [ -35.894351101999973, -9.72285438868545 ], [ -35.89436440299994, -9.722919419685413 ], [ -35.894373239999936, -9.72296262168544 ], [ -35.894372180999945, -9.722984420685465 ], [ -35.894317885999953, -9.722991638685411 ], [ -35.894294540999965, -9.722994741685456 ], [ -35.894219069999963, -9.722991745685414 ], [ -35.894177726999935, -9.722990104685433 ], [ -35.894077793999941, -9.723030400685445 ], [ -35.894018738999932, -9.723004891685433 ], [ -35.89400835199995, -9.722942146685451 ] ] ] } },
{ "type": "Feature", "properties": { "num_setor": "AL_MARECHA_SR_6_CPRM", "munic": "MARECHAL DEODORO", "grau_risco": "Alto", "distancia_km": 1.2, "chuva_24h": 1.1, "chuva_72h": 7.6, "fonte_estacao": "openmeteo", "codigo_estacao": "openmeteo", "nome_estacao": "Open-Meteo (célula de grade)" }, "geometry": { "type": "Polygon", "coordinates": [ [ [ -35.851148452999951, -9.765024125684134 ], [ -35.851089763999944, -9.76486524468414 ], [ -35.851073892999977, -9.76478112668412 ], [ -35.851052722999952, -9.764668924684157 ], [ -35.85099865199993, -9.764523064684132 ], [ -35.850957053999934, -9.764410849684131 ], [ -35.850933666999936, -9.764335356684136 ], [ -35.850893760999945, -9.764206537684142 ], [ -35.850854871999957, -9.764130930684159 ], [ -35.850801699999977, -9.764027555684184 ], [ -35.850980103999966, -9.76395909468417 ], [ -35.851222296999936, -9.763866156684157 ], [ -35.851358797999978, -9.763813775684167 ], [ -35.851855364999949, -9.763643925684152 ], [ -35.852138469999943, -9.763547088684156 ], [ -35.85241969499998, -9.76345199568418 ], [ -35.852705797999931, -9.763351722684201 ], [ -35.853002864999944, -9.763269784684207 ], [ -35.853155423999958, -9.763403114684182 ], [ -35.853261649999979, -9.763528851684207 ], [ -35.853441973999963, -9.763785230684141 ], [ -35.85344194399994, -9.763810617684189 ], [ -35.853502154999944, -9.763884586684165 ], [ -35.853580486999938, -9.763975975684138 ], [ -35.853733761999933, -9.764003558684159 ], [ -35.853832293999979, -9.764034311684188 ], [ -35.853974911999948, -9.764078824684166 ], [ -35.853932794999935, -9.764261053684173 ], [ -35.853823345999949, -9.764383328684138 ], [ -35.853534189999955, -9.764436443684152 ], [ -35.853322617999936, -9.764483092684159 ], [ -35.853130071999942, -9.764535717684124 ], [ -35.852985153999946, -9.764584761684159 ], [ -35.852879073999929, -9.764620660684171 ], [ -35.852742768999974, -9.76466710168417 ], [ -35.852607027999966, -9.764702098684159 ], [ -35.85244754699994, -9.764743216684119 ], [ -35.852224086999968, -9.764813338684128 ], [ -35.852047996999943, -9.764877847684151 ], [ -35.85178716799993, -9.764973400684147 ], [ -35.851600653999981, -9.765044629684148 ], [ -35.851410340999962, -9.765085174684147 ], [ -35.851313392999941, -9.765106258684117 ], [ -35.851148452999951, -9.765024125684134 ] ] ] } },
{ "type": "Feature", "properties": { "num_setor": "AL_M.CA_SR_01_CPRM", "munic": "MATRIZ DE CAMARAGIBE", "grau_risco": "Alto", "distancia_km": 0.89, "chuva_24h": 0.2, "chuva_72h": 2.3, "fonte_estacao": "openmeteo", "codigo_estacao": "openmeteo", "nome_estacao": "Open-Meteo (célula de grade)" }, "geometry": { "type": "Polygon", "coordinates": [ [ [ -35.527485512999931, -9.148627709703375 ], [ -35.526805126999932, -9.14787852370339 ], [ -35.526733318999966, -9.1470715947034 ], [ -35.527339173999962, -9.146302306703403 ], [ -35.528964908999974, -9.146315060703413 ], [ -35.530027656999948, -9.146877611703422 ], [ -35.531358019999971, -9.14728695970342 ], [ -35.533158297999933, -9.147804492703393 ], [ -35.537419098999976, -9.149093041703342 ], [ -35.538632219999954, -9.149810676703314 ], [ -35.539872061999972, -9.150969191703263 ], [ -35.54073464499993, -9.15211033370322 ], [ -35.541506765999941, -9.154116490703203 ], [ -35.541156122999958, -9.155712989703108 ], [ -35.540386417999969, -9.156883390703099 ], [ -35.536724132999957, -9.159681356703015 ], [ -35.535797633999948, -9.159801407703018 ], [ -35.533049278999954, -9.160528448702998 ], [ -35.531385426999975, -9.160625628703013 ], [ -35.529652800999941, -9.160711724702974 ], [ -35.528374421999956, -9.160494663702972 ], [ -35.528250760999981, -9.15954400470299 ], [ -35.528517884999928, -9.158482442703063 ], [ -35.53038303599994, -9.157955318703049 ], [ -35.532693256999949, -9.158081349703076 ], [ -35.532558781999967, -9.157674330703069 ], [ -35.53255595699995, -9.157127734703097 ], [ -35.532532812999932, -9.156523494703091 ], [ -35.53255319799996, -9.155907583703151 ], [ -35.533149345999959, -9.155879924703139 ], [ -35.533263276999946, -9.1567573347031 ], [ -35.533304344999976, -9.157266259703109 ], [ -35.533289209999964, -9.15758475970309 ], [ -35.533436116999951, -9.158061634703078 ], [ -35.534337258999983, -9.157909212703045 ], [ -35.534726526999975, -9.157536373703088 ], [ -35.534624845999922, -9.156912718703078 ], [ -35.534316502999957, -9.15540537570317 ], [ -35.534158807999972, -9.154901449703159 ], [ -35.535301538999931, -9.153590018703234 ], [ -35.535624363999936, -9.153127456703187 ], [ -35.535429311999962, -9.152839943703206 ], [ -35.535542776999932, -9.152590732703231 ], [ -35.535835132999978, -9.152685666703242 ], [ -35.536060375999966, -9.15277807370324 ], [ -35.536291390999963, -9.15264638670323 ], [ -35.536848464999927, -9.15233227370323 ], [ -35.537016235999943, -9.151849927703237 ], [ -35.536941174999988, -9.15146891170324 ], [ -35.536697010999944, -9.151292280703261 ], [ -35.536268944999961, -9.151248217703296 ], [ -35.535132508999943, -9.151349745703254 ], [ -35.534578352999972, -9.151180465703295 ], [ -35.533798212999947, -9.150834546703265 ], [ -35.533403972999963, -9.150510948703309 ], [ -35.533672757999966, -9.150181194703308 ], [ -35.533486759999967, -9.149764456703311 ], [ -35.532964126999964, -9.149451330703348 ], [ -35.532577817999936, -9.149544043703356 ], [ -35.531913262999979, -9.149487609703316 ], [ -35.531554944999975, -9.150289561703309 ], [ -35.531278161999971, -9.150539570703314 ], [ -35.530890781999972, -9.150385926703294 ], [ -35.530952095999965, -9.14965021070331 ], [ -35.531074392999983, -9.149057249703334 ], [ -35.530241750999949, -9.148965849703364 ], [ -35.529494627999952, -9.148899776703333 ], [ -35.529051822999975, -9.148895812703362 ], [ -35.52889698599995, -9.149373886703344 ], [ -35.528596522999976, -9.150096185703283 ], [ -35.528472759999943, -9.150626357703297 ], [ -35.528242119999959, -9.15124941770328 ], [ -35.527981490999927, -9.151620324703268 ], [ -35.52798430699994, -9.151650303703237 ], [ -35.52782942299995, -9.151958099703238 ], [ -35.527469232999977, -9.152011261703271 ], [ -35.52723399599995, -9.151333414703275 ], [ -35.52725553199997, -9.151288188703274 ], [ -35.527416635999941, -9.150671613703313 ], [ -35.527334488999941, -9.150029238703297 ], [ -35.527195589999963, -9.14951462670335 ], [ -35.52752346099993, -9.149010605703332 ], [ -35.527485512999931, -9.148627709703375 ] ] ] } },
{ "type": "Feature", "properties": { "num_setor": "AL_MARECHA_SR_4_CPRM", "munic": "MARECHAL DEODORO", "grau_risco": "Alto", "distancia_km": 1.47, "chuva_24h": 1.1, "chuva_72h": 7.6, "fonte_estacao": "openmeteo", "codigo_estacao": "openmeteo", "nome_estacao": "Open-Meteo (célula de grade)" }, "geometry": { "type": "Polygon", "coordinates": [ [ [ -35.893352191999952, -9.727580076685312 ], [ -35.893272187999969, -9.727556165685284 ], [ -35.893125597999976, -9.727512352685295 ], [ -35.893096617999959, -9.727405392685318 ], [ -35.893049887999958, -9.7272890516853 ], [ -35.893009032999949, -9.727131144685286 ], [ -35.892956974999947, -9.72695141168531 ], [ -35.892901801999983, -9.726779881685326 ], [ -35.892918394999981, -9.726696591685304 ], [ -35.892945406999957, -9.72656099768534 ], [ -35.892973500999965, -9.726419976685348 ], [ -35.893052143999967, -9.726222978685326 ], [ -35.893182553999964, -9.726051948685344 ], [ -35.893227469999943, -9.725935506685367 ], [ -35.89327058799995, -9.725785656685353 ], [ -35.893271095999978, -9.725709852685357 ], [ -35.893269699999962, -9.725625082685356 ], [ -35.893213433999961, -9.725497782685391 ], [ -35.893076877999924, -9.725400379685347 ], [ -35.893115190999936, -9.725083151685386 ], [ -35.893130645999975, -9.724767187685361 ], [ -35.893105031999937, -9.724605888685408 ], [ -35.893149864999941, -9.724503222685378 ], [ -35.893184230999964, -9.724425033685414 ], [ -35.893189541999959, -9.724347147685377 ], [ -35.893202111999983, -9.724162811685426 ], [ -35.893232855999941, -9.723920465685438 ], [ -35.893192084999953, -9.723769436685391 ], [ -35.893074148999972, -9.723408560685401 ], [ -35.893006866999933, -9.723082017685433 ], [ -35.893052113999943, -9.722880928685411 ], [ -35.893031251999957, -9.722707038685439 ], [ -35.893015171999934, -9.72257300068544 ], [ -35.89291475299995, -9.722468215685478 ], [ -35.89280425499993, -9.722352915685477 ], [ -35.892685237999963, -9.72233322968545 ], [ -35.892507783999974, -9.72230050868548 ], [ -35.892370797999938, -9.722269412685442 ], [ -35.892187244999946, -9.722200442685473 ], [ -35.892046576999974, -9.722001951685488 ], [ -35.892057716999943, -9.721788943685487 ], [ -35.892101229999987, -9.721707322685502 ], [ -35.892196017999936, -9.721529523685474 ], [ -35.892406125999969, -9.721474596685468 ], [ -35.892713819999983, -9.721298194685506 ], [ -35.892745435999984, -9.721168758685504 ], [ -35.89286722099996, -9.720794314685529 ], [ -35.892868393999947, -9.720771825685524 ], [ -35.892877969999965, -9.720588253685507 ], [ -35.892889584999978, -9.720365608685505 ], [ -35.892839440999978, -9.720187594685544 ], [ -35.892755455999975, -9.719889447685526 ], [ -35.89273017599993, -9.71972427368552 ], [ -35.892680690999953, -9.719400951685543 ], [ -35.892643226999951, -9.719156162685584 ], [ -35.89261530899995, -9.718973757685557 ], [ -35.892546212999939, -9.71876810668558 ], [ -35.892481608999958, -9.718622673685578 ], [ -35.892467839999938, -9.718539362685556 ], [ -35.892408494999984, -9.718159615685616 ], [ -35.89238139899993, -9.717946266685587 ], [ -35.892326776999937, -9.717549501685596 ], [ -35.892271456999929, -9.717212322685615 ], [ -35.892241505999948, -9.717072797685617 ], [ -35.892197383999928, -9.716931578685616 ], [ -35.892155706999972, -9.716798187685608 ], [ -35.892054827999971, -9.716343455685635 ], [ -35.891905245999965, -9.715625142685667 ], [ -35.891786704999959, -9.715061687685663 ], [ -35.891623392999975, -9.714416696685687 ], [ -35.891560015999971, -9.714131558685708 ], [ -35.891582016999962, -9.714037652685692 ], [ -35.891745180999976, -9.713388599685748 ], [ -35.891883371999938, -9.712560448685771 ], [ -35.891995754999982, -9.71216208768578 ], [ -35.892038422999974, -9.712104856685757 ], [ -35.892145887999959, -9.711969024685802 ], [ -35.892237600999984, -9.71195997668576 ], [ -35.892252080999981, -9.712096582685772 ], [ -35.892258842999979, -9.712237027685768 ], [ -35.892237592999948, -9.712384019685757 ], [ -35.892213903999959, -9.712547877685758 ], [ -35.892151179999985, -9.712852514685753 ], [ -35.892125598999939, -9.712991776685755 ], [ -35.892064326999957, -9.713084741685773 ], [ -35.892041784999947, -9.713149020685723 ], [ -35.89202063499993, -9.713218413685711 ], [ -35.891951418999952, -9.713460648685738 ], [ -35.89190981399998, -9.713606249685716 ], [ -35.891869602999968, -9.71393439168571 ], [ -35.891842997999959, -9.714162368685704 ], [ -35.891812322999961, -9.714281181685736 ], [ -35.891837787999975, -9.714334686685719 ], [ -35.891882688999935, -9.714429031685693 ], [ -35.891932279999935, -9.714533229685722 ], [ -35.891965636999942, -9.714671415685672 ], [ -35.891999815999945, -9.714868811685704 ], [ -35.89201656399996, -9.715044764685684 ], [ -35.892066788999955, -9.715216385685684 ], [ -35.892207261999943, -9.715259421685698 ], [ -35.892267923999952, -9.715281270685704 ], [ -35.892388141999959, -9.715324569685672 ], [ -35.892451410999968, -9.715423017685691 ], [ -35.892458399999953, -9.715544563685684 ], [ -35.892472595999955, -9.715639924685661 ], [ -35.892491762999946, -9.715879712685645 ], [ -35.892502062999938, -9.716060574685667 ], [ -35.89252709799996, -9.716088831685665 ], [ -35.892622771999989, -9.716228194685621 ], [ -35.892697900999963, -9.716378737685634 ], [ -35.89279759599998, -9.716578509685666 ], [ -35.892849622999961, -9.716716445685645 ], [ -35.892876821999948, -9.716856392685614 ], [ -35.892875312999927, -9.717059902685618 ], [ -35.892819073999938, -9.717165970685592 ], [ -35.892834179999966, -9.717323858685637 ], [ -35.892885172999968, -9.717484154685623 ], [ -35.892983835999985, -9.717703351685593 ], [ -35.893112235999979, -9.717977130685584 ], [ -35.893269644999975, -9.718331929685604 ], [ -35.893378708999933, -9.718589291685561 ], [ -35.893476988999964, -9.718880814685591 ], [ -35.893547852999973, -9.719065028685582 ], [ -35.893640234999964, -9.719295172685577 ], [ -35.893769058999965, -9.719775382685539 ], [ -35.893907869999964, -9.720228780685524 ], [ -35.893931101999954, -9.720411384685542 ], [ -35.893950663999931, -9.720845686685504 ], [ -35.893938468999977, -9.721029613685525 ], [ -35.893879827999967, -9.721220568685508 ], [ -35.89383782699997, -9.721409497685489 ], [ -35.893808566999951, -9.721554397685498 ], [ -35.893739875999984, -9.721893806685474 ], [ -35.893675191999932, -9.722054883685447 ], [ -35.893575158999958, -9.722358479685475 ], [ -35.893533505999983, -9.722555002685466 ], [ -35.893530074999944, -9.722638952685434 ], [ -35.893548834999926, -9.722809764685454 ], [ -35.893571842999961, -9.723019260685417 ], [ -35.893575934999944, -9.723056514685423 ], [ -35.893599387999984, -9.723144238685441 ], [ -35.893649221999965, -9.72333063968545 ], [ -35.893695243999957, -9.723553746685388 ], [ -35.89376840999995, -9.723888083685411 ], [ -35.893831749999947, -9.724190019685423 ], [ -35.893843737999923, -9.724391774685396 ], [ -35.893888692999958, -9.724536109685413 ], [ -35.893922585999967, -9.724644930685379 ], [ -35.893955683999927, -9.724751196685361 ], [ -35.894025959999965, -9.725066630685367 ], [ -35.894046043999936, -9.72533206668537 ], [ -35.894063486999983, -9.72557502568535 ], [ -35.894033327999978, -9.72577805468538 ], [ -35.893991893999953, -9.725935688685313 ], [ -35.893968194999957, -9.726044880685341 ], [ -35.893882374999976, -9.726207911685339 ], [ -35.893820184999981, -9.726371769685338 ], [ -35.893774187999952, -9.726566924685306 ], [ -35.893721411999934, -9.726802551685347 ], [ -35.893664804999965, -9.727162214685313 ], [ -35.893623628999933, -9.727365662685294 ], [ -35.893505153999968, -9.727580211685305 ], [ -35.893352191999952, -9.727580076685312 ] ] ] } },
{ "type": "Feature", "properties": { "num_setor": "AL_MARECHA_SR_5_CPRM", "munic": "MARECHAL DEODORO", "grau_risco": "Alto", "distancia_km": 0.87, "chuva_24h": 1.1, "chuva_72h": 7.6, "fonte_estacao": "openmeteo", "codigo_estacao": "openmeteo", "nome_estacao": "Open-Meteo (célula de grade)" }, "geometry": { "type": "Polygon", "coordinates": [ [ [ -35.866858950999983, -9.760304681684294 ], [ -35.866972502999943, -9.760210228684265 ], [ -35.867157308999936, -9.76032129168428 ], [ -35.867269029999932, -9.760268828684252 ], [ -35.867346926999971, -9.760268734684283 ], [ -35.867420581999966, -9.760268646684301 ], [ -35.867533363999947, -9.760327213684297 ], [ -35.867585860999952, -9.760387101684305 ], [ -35.867644131999953, -9.760453579684258 ], [ -35.867848264999964, -9.76032584368429 ], [ -35.868079768999962, -9.76034984968428 ], [ -35.868116619999967, -9.760359123684255 ], [ -35.868223286999978, -9.760534774684258 ], [ -35.868340246999935, -9.760684450684284 ], [ -35.868422949999967, -9.760775470684248 ], [ -35.868486527999949, -9.760845442684245 ], [ -35.868550650999964, -9.760899077684273 ], [ -35.868626983999945, -9.761002268684257 ], [ -35.868692477999957, -9.761081930684274 ], [ -35.868829757999947, -9.761171060684264 ], [ -35.868897368999967, -9.761216532684283 ], [ -35.868931534999945, -9.761278829684283 ], [ -35.869035880999938, -9.761476656684234 ], [ -35.869032071999982, -9.761645174684244 ], [ -35.869032649999944, -9.761657120684216 ], [ -35.86898357299998, -9.761736139684206 ], [ -35.868938615999973, -9.761808526684256 ], [ -35.868822554999952, -9.761936644684207 ], [ -35.868719941999984, -9.762076901684196 ], [ -35.868725649999924, -9.762152842684236 ], [ -35.868738995999934, -9.762330434684227 ], [ -35.868731492999984, -9.762492761684221 ], [ -35.868725036999933, -9.762632434684193 ], [ -35.868724269999973, -9.762718525684212 ], [ -35.868723791999962, -9.762772294684183 ], [ -35.86872331099994, -9.762826275684189 ], [ -35.868684559999956, -9.76298735468419 ], [ -35.868645010999956, -9.763130522684207 ], [ -35.868601583999975, -9.763308428684184 ], [ -35.868485107999959, -9.763366960684204 ], [ -35.868324976999929, -9.763220990684205 ], [ -35.868189696999927, -9.763015429684183 ], [ -35.86805802899994, -9.762895725684201 ], [ -35.867935323999973, -9.762784170684212 ], [ -35.867725177999944, -9.762617238684198 ], [ -35.867572840999969, -9.762424279684208 ], [ -35.867454953999982, -9.762274956684196 ], [ -35.867202643999974, -9.762043289684222 ], [ -35.866931757999964, -9.761810174684214 ], [ -35.866857868999944, -9.761616488684231 ], [ -35.866641756999968, -9.761427731684252 ], [ -35.866490899999967, -9.761321738684277 ], [ -35.866236780999941, -9.761265481684237 ], [ -35.866055255999981, -9.761298142684268 ], [ -35.865976294999939, -9.761138295684253 ], [ -35.865867659999935, -9.761051916684275 ], [ -35.865803636999942, -9.760931832684282 ], [ -35.86613839599994, -9.760724741684289 ], [ -35.866434249999941, -9.760538207684272 ], [ -35.866746733999946, -9.760398025684283 ], [ -35.866858950999983, -9.760304681684294 ] ] ] } },
{ "type": "Feature", "properties": { "num_setor": "AL_MA_SR_07_CPRM", "munic": "MARAGOGI", "grau_risco": "Alto", "distancia_km": 1.49, "chuva_24h": 0.0, "chuva_72h": 4.0, "fonte_estacao": "openmeteo", "codigo_estacao": "openmeteo", "nome_estacao": "Open-Meteo (célula de grade)" }, "geometry": { "type": "Polygon", "coordinates": [ [ [ -35.219033222999947, -9.008445728707754 ], [ -35.219281081999952, -9.008242299707756 ], [ -35.219503824999947, -9.008467085707732 ], [ -35.219624675999967, -9.008555482707749 ], [ -35.219707779999972, -9.008503347707771 ], [ -35.219800723999981, -9.008524578707776 ], [ -35.219900021999941, -9.008468720707723 ], [ -35.220001341999932, -9.008446065707771 ], [ -35.220118342999967, -9.008589482707771 ], [ -35.220157379999932, -9.008686031707748 ], [ -35.220166211999988, -9.008775510707737 ], [ -35.220250027999953, -9.008812116707723 ], [ -35.220319669999981, -9.008855450707712 ], [ -35.220371546999957, -9.00895111370774 ], [ -35.220414410999979, -9.008976570707723 ], [ -35.220504997999967, -9.009024997707746 ], [ -35.220543906999978, -9.00914978170773 ], [ -35.220622439999936, -9.009283206707725 ], [ -35.220696921999945, -9.009281551707712 ], [ -35.22078051799997, -9.009335555707707 ], [ -35.220880560999944, -9.009567657707736 ], [ -35.220973725999954, -9.009693200707707 ], [ -35.221082562999982, -9.009748975707723 ], [ -35.221276054999969, -9.009701207707716 ], [ -35.221433111999943, -9.009658209707696 ], [ -35.22169912399994, -9.009592379707723 ], [ -35.22184939899995, -9.00958717470774 ], [ -35.222018341999956, -9.009703105707713 ], [ -35.22202139999996, -9.009845145707729 ], [ -35.221662381999977, -9.009918529707686 ], [ -35.221238421999942, -9.010056389707678 ], [ -35.221038355999951, -9.01017126070767 ], [ -35.220917032999978, -9.01023081970769 ], [ -35.220828490999963, -9.010283747707689 ], [ -35.220786167999961, -9.010322120707682 ], [ -35.220756252999934, -9.010330444707705 ], [ -35.220624871999966, -9.010477599707674 ], [ -35.220269145999964, -9.010142620707684 ], [ -35.219946998999944, -9.009778864707675 ], [ -35.219705738999949, -9.009512329707709 ], [ -35.219500564999976, -9.009243308707708 ], [ -35.219410182999979, -9.009117612707715 ], [ -35.21930383199998, -9.008979199707722 ], [ -35.21912453799996, -9.008750547707747 ], [ -35.218942182999974, -9.008555660707739 ], [ -35.219033222999947, -9.008445728707754 ] ] ] } },
{ "type": "Feature", "properties": { "num_setor": "AL_MA_SR_08_CPRM", "munic": "MARAGOGI", "grau_risco": "Alto", "distancia_km": 1.41, "chuva_24h": 0.0, "chuva_72h": 4.0, "fonte_estacao": "openmeteo", "codigo_estacao": "openmeteo", "nome_estacao": "Open-Meteo (célula de grade)" }, "geometry": { "type": "Polygon", "coordinates": [ [ [ -35.220753048999939, -9.00657236670779 ], [ -35.22074566799995, -9.006323362707846 ], [ -35.220839121999965, -9.006250940707826 ], [ -35.221054199999969, -9.006116552707834 ], [ -35.221198562999973, -9.006016920707831 ], [ -35.221538872999929, -9.005954796707835 ], [ -35.221906470999954, -9.005947737707846 ], [ -35.222184936999952, -9.006028908707819 ], [ -35.222579488999934, -9.006351089707817 ], [ -35.222791258999962, -9.006815487707815 ], [ -35.222938751999948, -9.007545255707779 ], [ -35.222884396999973, -9.007880865707747 ], [ -35.22287395099994, -9.007890238707761 ], [ -35.222777325999971, -9.008153110707759 ], [ -35.222595180999974, -9.008307748707729 ], [ -35.222377533999975, -9.008410376707761 ], [ -35.222208726999945, -9.008468607707727 ], [ -35.222102959999972, -9.008360414707772 ], [ -35.222052004999966, -9.008301539707736 ], [ -35.222026038999957, -9.008260089707766 ], [ -35.222000321999921, -9.008213711707731 ], [ -35.221984122999977, -9.008172016707739 ], [ -35.221941778999962, -9.008162561707737 ], [ -35.221891771999928, -9.008112868707752 ], [ -35.221888349999972, -9.008070103707762 ], [ -35.221843072999945, -9.008016956707747 ], [ -35.221800563999977, -9.007968585707751 ], [ -35.221713776999934, -9.007875288707782 ], [ -35.221735229999979, -9.007853910707738 ], [ -35.22177282399997, -9.00782769470776 ], [ -35.221853560999932, -9.007799652707758 ], [ -35.22185643399996, -9.007765456707766 ], [ -35.221864676999928, -9.007739751707783 ], [ -35.221919548999949, -9.007687256707738 ], [ -35.221941096999956, -9.007654775707801 ], [ -35.22208500499994, -9.007551818707782 ], [ -35.222001990999964, -9.007506082707778 ], [ -35.221933761999935, -9.007441527707785 ], [ -35.221803701999931, -9.007567735707761 ], [ -35.221723390999955, -9.007515062707796 ], [ -35.221689993999973, -9.00743727070779 ], [ -35.221621716999948, -9.007346835707777 ], [ -35.221493321999958, -9.007100191707778 ], [ -35.221913292999943, -9.006894395707787 ], [ -35.221743401999959, -9.006678683707801 ], [ -35.221625583999973, -9.006665082707825 ], [ -35.221125875999974, -9.006913972707785 ], [ -35.220929315999967, -9.006947105707772 ], [ -35.220858125999939, -9.006854949707774 ], [ -35.220810493999977, -9.006728687707806 ], [ -35.220753048999939, -9.00657236670779 ] ] ] } },
{ "type": "Feature", "properties": { "num_setor": "AL_MA_SR_05_CPRM", "munic": "MARAGOGI", "grau_risco": "Alto", "distancia_km": 1.63, "chuva_24h": 0.0, "chuva_72h": 4.0, "fonte_estacao": "openmeteo", "codigo_estacao": "openmeteo", "nome_estacao": "Open-Meteo (célula de grade)" }, "geometry": { "type": "Polygon", "coordinates": [ [ [ -35.224409247, -9.00783857370776 ], [ -35.224259617999969, -9.007788392707759 ], [ -35.224235401999977, -9.007749724707759 ], [ -35.224248203999935, -9.007685971707755 ], [ -35.224227786999961, -9.007588104707787 ], [ -35.224239283999964, -9.007451360707769 ], [ -35.224289406999951, -9.007324809707772 ], [ -35.224326410999943, -9.007270810707785 ], [ -35.224402012999981, -9.007235508707774 ], [ -35.224462911999979, -9.007201033707769 ], [ -35.224493868999964, -9.007038361707783 ], [ -35.22451731099995, -9.006917083707791 ], [ -35.224446599999965, -9.006864311707787 ], [ -35.224344971999983, -9.006792715707796 ], [ -35.224280285999953, -9.006633677707807 ], [ -35.224277552999979, -9.006629664707788 ], [ -35.224237019999975, -9.00647490770783 ], [ -35.224222257999941, -9.006273687707823 ], [ -35.224288290999937, -9.006270037707836 ], [ -35.224349314999984, -9.006267429707844 ], [ -35.224402042999941, -9.006398298707815 ], [ -35.224471735999934, -9.006539044707804 ], [ -35.224480084999982, -9.006608094707785 ], [ -35.224534137999967, -9.006701764707795 ], [ -35.224600390999967, -9.006766801707805 ], [ -35.224673755999959, -9.006838496707772 ], [ -35.224700094999946, -9.007018603707783 ], [ -35.224685976999979, -9.007193249707779 ], [ -35.224670118999938, -9.007368181707765 ], [ -35.224695761999953, -9.007457200707798 ], [ -35.224701546999945, -9.00749745470779 ], [ -35.224710756999968, -9.007568490707797 ], [ -35.22470700599996, -9.007714018707748 ], [ -35.224678726999969, -9.007801519707746 ], [ -35.224526384999926, -9.007839795707739 ], [ -35.224409247, -9.00783857370776 ] ] ] } },
{ "type": "Feature", "properties": { "num_setor": "AL_MA_SR_06_CPRM", "munic": "MARAGOGI", "grau_risco": "Alto", "distancia_km": 1.02, "chuva_24h": 0.0, "chuva_72h": 4.0, "fonte_estacao": "openmeteo", "codigo_estacao": "openmeteo", "nome_estacao": "Open-Meteo (célula de grade)" }, "geometry": { "type": "Polygon", "coordinates": [ [ [ -35.218388988999948, -9.006283998707813 ], [ -35.218376125999953, -9.006022707707803 ], [ -35.218377558999975, -9.005726020707808 ], [ -35.21850053999998, -9.005203020707842 ], [ -35.218908363999958, -9.004764302707853 ], [ -35.219141391999983, -9.004642531707846 ], [ -35.219200392999937, -9.004841364707858 ], [ -35.219074254999946, -9.004935739707852 ], [ -35.218938821999984, -9.005075245707838 ], [ -35.218621510999981, -9.00542004870784 ], [ -35.218690038999966, -9.005601476707858 ], [ -35.218725606999953, -9.005874489707818 ], [ -35.218601964999948, -9.006032503707832 ], [ -35.218655202999969, -9.006303432707835 ], [ -35.218565933999969, -9.006355536707792 ], [ -35.218388988999948, -9.006283998707813 ] ] ] } },
{ "type": "Feature", "properties": { "num_setor": "AL_MA_SR_11_CPRM", "munic": "MARAGOGI", "grau_risco": "Alto", "distancia_km": 2.13, "chuva_24h": 0.0, "chuva_72h": 4.0, "fonte_estacao": "openmeteo", "codigo_estacao": "openmeteo", "nome_estacao": "Open-Meteo (célula de grade)" }, "geometry": { "type": "Polygon", "coordinates": [ [ [ -35.195808961999944, -8.981333069708601 ], [ -35.195767641999964, -8.981252360708618 ], [ -35.19577641099994, -8.9810550287086 ], [ -35.195991915999961, -8.981173045708632 ], [ -35.196226678999949, -8.98133545070859 ], [ -35.196514530999934, -8.981362160708583 ], [ -35.196791299999973, -8.981268974708625 ], [ -35.196936443999952, -8.981298261708584 ], [ -35.197034960999929, -8.981597934708601 ], [ -35.197135937999974, -8.98182643670857 ], [ -35.197213412999929, -8.982032664708585 ], [ -35.197295793999956, -8.98230127070854 ], [ -35.197650100999965, -8.982725001708546 ], [ -35.197592866999969, -8.983014891708565 ], [ -35.197450479999929, -8.983141027708569 ], [ -35.197353010999961, -8.983213050708539 ], [ -35.197208201999956, -8.983242349708538 ], [ -35.197115116999953, -8.983209821708527 ], [ -35.197063226999944, -8.983218485708532 ], [ -35.197008111999935, -8.983171846708526 ], [ -35.197001614999976, -8.983095437708556 ], [ -35.196965083999942, -8.982996091708548 ], [ -35.196886672999938, -8.982891672708528 ], [ -35.196873580999977, -8.98284741370853 ], [ -35.196801293999947, -8.982693952708564 ], [ -35.19673843399994, -8.982546530708579 ], [ -35.196648135999965, -8.98255087570856 ], [ -35.196583842999985, -8.982470729708547 ], [ -35.196554784999933, -8.982423285708583 ], [ -35.196480305999955, -8.982551568708557 ], [ -35.196352664999949, -8.982519951708575 ], [ -35.196286108999971, -8.982365276708537 ], [ -35.196210980999979, -8.982173729708562 ], [ -35.196203971999978, -8.982087071708577 ], [ -35.196351083999957, -8.982099353708575 ], [ -35.196323895999967, -8.981866548708595 ], [ -35.196293357999934, -8.981796130708588 ], [ -35.196253665999969, -8.981691481708612 ], [ -35.196237760999971, -8.981555085708601 ], [ -35.196212695999968, -8.981490435708588 ], [ -35.196143045999968, -8.981491478708582 ], [ -35.195974699999965, -8.981438124708601 ], [ -35.195808961999944, -8.981333069708601 ] ] ] } },
{ "type": "Feature", "properties": { "num_setor": "AL_MA_SR_12_CPRM", "munic": "MARAGOGI", "grau_risco": "Alto", "distancia_km": 1.96, "chuva_24h": 0.0, "chuva_72h": 4.0, "fonte_estacao": "openmeteo", "codigo_estacao": "openmeteo", "nome_estacao": "Open-Meteo (célula de grade)" }, "geometry": { "type": "Polygon", "coordinates": [ [ [ -35.198270167999958, -8.986154640708422 ], [ -35.198306367999976, -8.986104448708474 ], [ -35.198583969999959, -8.985786626708487 ], [ -35.198653854999975, -8.985836420708438 ], [ -35.198755759999983, -8.985917693708474 ], [ -35.198914276999972, -8.986092364708428 ], [ -35.199130417999982, -8.986269967708425 ], [ -35.199304283999936, -8.986447804708437 ], [ -35.19938583499993, -8.986525246708457 ], [ -35.199648746999969, -8.986791665708404 ], [ -35.199956163999957, -8.986983080708411 ], [ -35.200365066999943, -8.987208238708389 ], [ -35.200591014999929, -8.987194624708433 ], [ -35.200768129999972, -8.987155975708406 ], [ -35.200698746999933, -8.987306630708426 ], [ -35.200628642999952, -8.987583159708375 ], [ -35.200600103999925, -8.987954162708368 ], [ -35.200947105999944, -8.988193885708405 ], [ -35.200952933999929, -8.988199155708383 ], [ -35.201372507999963, -8.988560196708386 ], [ -35.201443294999933, -8.988722452708396 ], [ -35.201415630999975, -8.988816632708351 ], [ -35.20133444399994, -8.988841306708386 ], [ -35.201127091999979, -8.988735539708353 ], [ -35.200796105999984, -8.988525223708367 ], [ -35.200602343999947, -8.988413250708367 ], [ -35.200347828999952, -8.988303998708412 ], [ -35.199987896999971, -8.988013086708396 ], [ -35.199806738999939, -8.987874897708414 ], [ -35.199607839999942, -8.9876810157084 ], [ -35.199464862999946, -8.987536175708387 ], [ -35.199280355999974, -8.987344021708399 ], [ -35.199031111999943, -8.987128992708405 ], [ -35.198857518999944, -8.986851685708437 ], [ -35.198754313999984, -8.986745390708421 ], [ -35.198605417999943, -8.986640884708407 ], [ -35.19850636099995, -8.986599219708443 ], [ -35.198266241999924, -8.98642966170847 ], [ -35.198146784999949, -8.98630481570846 ], [ -35.198078357999975, -8.986223025708441 ], [ -35.198081966999943, -8.986186615708435 ], [ -35.198129352999956, -8.986156813708462 ], [ -35.198190249999982, -8.986200352708453 ], [ -35.198270167999958, -8.986154640708422 ] ] ] } },
{ "type": "Feature", "properties": { "num_setor": "AL_MA_SR_09_CPRM", "munic": "MARAGOGI", "grau_risco": "Alto", "distancia_km": 1.98, "chuva_24h": 0.0, "chuva_72h": 4.0, "fonte_estacao": "openmeteo", "codigo_estacao": "openmeteo", "nome_estacao": "Open-Meteo (célula de grade)" }, "geometry": { "type": "Polygon", "coordinates": [ [ [ -35.224618763999956, -9.011513865707672 ], [ -35.224592809999933, -9.011431856707635 ], [ -35.224553254999933, -9.011212436707632 ], [ -35.224628656999982, -9.011196343707635 ], [ -35.224836301999972, -9.011112626707645 ], [ -35.224960871999933, -9.011108961707693 ], [ -35.225017550999944, -9.011173217707658 ], [ -35.225074047999954, -9.011459121707666 ], [ -35.224965746999935, -9.011503344707638 ], [ -35.224748011999964, -9.01151920770768 ], [ -35.224618763999956, -9.011513865707672 ] ] ] } },
{ "type": "Feature", "properties": { "num_setor": "AL_MA_SR_10_CPRM", "munic": "MARAGOGI", "grau_risco": "Alto", "distancia_km": 1.86, "chuva_24h": 0.0, "chuva_72h": 4.0, "fonte_estacao": "openmeteo", "codigo_estacao": "openmeteo", "nome_estacao": "Open-Meteo (célula de grade)" }, "geometry": { "type": "Polygon", "coordinates": [ [ [ -35.22343484299995, -9.010717409707656 ], [ -35.22358255599994, -9.010701111707661 ], [ -35.223730477999936, -9.010681164707663 ], [ -35.223837052999954, -9.010660679707669 ], [ -35.223842979999972, -9.010647949707693 ], [ -35.223908937999965, -9.010603818707651 ], [ -35.224012034999937, -9.010569041707658 ], [ -35.224019988999942, -9.010567514707665 ], [ -35.224069584999945, -9.01055339870768 ], [ -35.224189868999922, -9.010543971707664 ], [ -35.224315068999942, -9.010620701707653 ], [ -35.224405606999944, -9.010735144707681 ], [ -35.22440894999994, -9.010738004707676 ], [ -35.22446036499997, -9.010808391707663 ], [ -35.224463532999948, -9.010811068707662 ], [ -35.224499238999961, -9.010873826707668 ], [ -35.224534730999949, -9.010957959707646 ], [ -35.224561279999925, -9.011022197707691 ], [ -35.224565754999958, -9.011028328707654 ], [ -35.224569906999932, -9.011031562707677 ], [ -35.224586830999954, -9.01107446770766 ], [ -35.224532782999972, -9.011144490707633 ], [ -35.224414137999929, -9.011200863707643 ], [ -35.224223374999951, -9.01090029470766 ], [ -35.224169868999986, -9.01081594770768 ], [ -35.224104753999939, -9.010785588707687 ], [ -35.223968308999929, -9.010800095707689 ], [ -35.22356221299998, -9.0109090417077 ], [ -35.223290198999962, -9.010980408707674 ], [ -35.223071184999981, -9.01100244570768 ], [ -35.223032654999933, -9.010925784707647 ], [ -35.223024208999959, -9.01084957870769 ], [ -35.223073676999952, -9.010824426707652 ], [ -35.223245475999931, -9.010788438707674 ], [ -35.22343484299995, -9.010717409707656 ] ] ] } },
{ "type": "Feature", "properties": { "num_setor": "AL_MACEIO_SR_8_CPRM", "munic": "MACEIÓ", "grau_risco": "Muito alto", "distancia_km": 1.32, "chuva_24h": 0.9, "chuva_72h": 6.0, "fonte_estacao": "openmeteo", "codigo_estacao": "openmeteo", "nome_estacao": "Open-Meteo (célula de grade)" }, "geometry": { "type": "Polygon", "coordinates": [ [ [ -35.697076322999976, -9.621182444688582 ], [ -35.697037, -9.621126965688617 ], [ -35.696997179999983, -9.621062812688635 ], [ -35.696962065999969, -9.621006239688587 ], [ -35.696934128999942, -9.620946191688629 ], [ -35.696940213999937, -9.620927581688637 ], [ -35.696966423999989, -9.620913944688583 ], [ -35.697006049999963, -9.620893326688632 ], [ -35.697076183999968, -9.620856836688619 ], [ -35.697107622999965, -9.620822355688624 ], [ -35.697135645999928, -9.62079162068863 ], [ -35.697153627999967, -9.620743842688626 ], [ -35.69724950899996, -9.620720887688606 ], [ -35.697321264999964, -9.620703707688614 ], [ -35.697429805999946, -9.620718050688588 ], [ -35.697505766999939, -9.620728628688591 ], [ -35.697587433999956, -9.620756486688604 ], [ -35.697688988999971, -9.620791129688593 ], [ -35.697675353999955, -9.620871300688629 ], [ -35.697627158999971, -9.620930828688632 ], [ -35.697594186999929, -9.62097155568863 ], [ -35.69753114699995, -9.621049034688591 ], [ -35.697481890999931, -9.62110944868861 ], [ -35.697443649999968, -9.621115129688619 ], [ -35.697407921999968, -9.621120436688599 ], [ -35.697373300999971, -9.621133800688574 ], [ -35.697319746999938, -9.621154472688586 ], [ -35.697228388, -9.621189738688582 ], [ -35.697179780999932, -9.621210021688613 ], [ -35.697115021999934, -9.621237044688577 ], [ -35.697076322999976, -9.621182444688582 ] ] ] } },
{ "type": "Feature", "properties": { "num_setor": "AL_MACEIO_SR_9_CPRM", "munic": "MACEIÓ", "grau_risco": "Alto", "distancia_km": 0.54, "chuva_24h": 0.9, "chuva_72h": 7.0, "fonte_estacao": "openmeteo", "codigo_estacao": "openmeteo", "nome_estacao": "Open-Meteo (célula de grade)" }, "geometry": { "type": "Polygon", "coordinates": [ [ [ -35.74175897899994, -9.643226878687903 ], [ -35.741812631999949, -9.64315061168791 ], [ -35.741838834999953, -9.643068126687909 ], [ -35.741832582999962, -9.643029965687941 ], [ -35.74178305199996, -9.643017190687932 ], [ -35.741732375999959, -9.643004119687919 ], [ -35.741668561999973, -9.642971780687949 ], [ -35.741656708999983, -9.642907199687944 ], [ -35.741690522999932, -9.642821133687947 ], [ -35.741707755999983, -9.642783970687951 ], [ -35.741765345999958, -9.642745536687919 ], [ -35.741842732999935, -9.642765820687934 ], [ -35.741912518999982, -9.642796453687923 ], [ -35.742106932999938, -9.64288246368794 ], [ -35.742195728999945, -9.642928494687954 ], [ -35.742273906999969, -9.642969022687947 ], [ -35.742330115999948, -9.64298877568795 ], [ -35.742462730999932, -9.643035380687918 ], [ -35.742553032999972, -9.643077427687935 ], [ -35.742635333999942, -9.643115748687913 ], [ -35.742716578999932, -9.643156976687903 ], [ -35.742756350999969, -9.643177158687921 ], [ -35.74279735999994, -9.643187627687928 ], [ -35.742826778999984, -9.643212763687911 ], [ -35.742815228999973, -9.643246624687926 ], [ -35.742794463999935, -9.643307503687915 ], [ -35.742748393999932, -9.643412800687912 ], [ -35.742841917999954, -9.643446539687913 ], [ -35.742950444999963, -9.643485691687916 ], [ -35.743094294999935, -9.643536359687877 ], [ -35.743196151999939, -9.643567098687891 ], [ -35.743206674999961, -9.643640809687914 ], [ -35.743198333999942, -9.643680826687918 ], [ -35.743183092999971, -9.643753951687891 ], [ -35.743169110999929, -9.643839536687908 ], [ -35.743161145999977, -9.643888292687917 ], [ -35.743147516999954, -9.643921192687873 ], [ -35.74312103799997, -9.643985115687899 ], [ -35.743147767999972, -9.6440611236879 ], [ -35.743187084999931, -9.644115617687884 ], [ -35.743149638999967, -9.644194179687885 ], [ -35.74315809899997, -9.644237643687866 ], [ -35.743172416999982, -9.644311198687886 ], [ -35.743191196999931, -9.644374346687865 ], [ -35.743212775999957, -9.644427293687897 ], [ -35.743236212999932, -9.644484796687889 ], [ -35.743249673999969, -9.644603187687887 ], [ -35.74327525199994, -9.644680645687844 ], [ -35.743302133999975, -9.644762048687866 ], [ -35.743384789999944, -9.644811033687839 ], [ -35.743449571999975, -9.644829160687879 ], [ -35.743502854999967, -9.644844069687892 ], [ -35.743536890999962, -9.644886166687897 ], [ -35.743548479999959, -9.644951748687882 ], [ -35.743554982999974, -9.64500521368789 ], [ -35.74354944199996, -9.645100557687879 ], [ -35.743545249999954, -9.645169240687869 ], [ -35.743542199999979, -9.645255006687844 ], [ -35.743548176999973, -9.645379204687824 ], [ -35.743559495999939, -9.645614398687842 ], [ -35.743570483999974, -9.645842730687844 ], [ -35.743558470999972, -9.646109524687798 ], [ -35.74355552399993, -9.646174994687845 ], [ -35.743533130999936, -9.646299916687834 ], [ -35.743506095999976, -9.646450734687837 ], [ -35.743481317999965, -9.646588960687822 ], [ -35.743469395999966, -9.646655467687809 ], [ -35.743388803999942, -9.646781236687827 ], [ -35.743346229999929, -9.646950002687817 ], [ -35.743299505999971, -9.647114361687819 ], [ -35.743227864999938, -9.647315317687763 ], [ -35.743150687999957, -9.647512907687785 ], [ -35.743073166999977, -9.647676772687769 ], [ -35.743052228999943, -9.64771564468777 ], [ -35.743016090999966, -9.647828918687768 ], [ -35.743000731999985, -9.647877060687795 ], [ -35.742917191999936, -9.647832647687787 ], [ -35.742824151999976, -9.647796316687803 ], [ -35.742722120999936, -9.647779970687798 ], [ -35.742684449999956, -9.647773935687789 ], [ -35.742620639999984, -9.647644737687768 ], [ -35.742633718999969, -9.647534109687815 ], [ -35.742641626999962, -9.647467229687795 ], [ -35.742646818999958, -9.647423311687781 ], [ -35.742705139999941, -9.647254852687777 ], [ -35.742764033999947, -9.647084737687779 ], [ -35.742830107999964, -9.646919222687796 ], [ -35.74287310699998, -9.646811509687815 ], [ -35.742914674999952, -9.64670738168779 ], [ -35.742962888999955, -9.646621690687814 ], [ -35.743007795999972, -9.646559884687795 ], [ -35.743031991999942, -9.646368761687818 ], [ -35.743046425999978, -9.646129107687845 ], [ -35.743058009999977, -9.645918769687862 ], [ -35.743062384999973, -9.645839332687855 ], [ -35.743032252999967, -9.645701316687859 ], [ -35.743003061999957, -9.645581651687868 ], [ -35.743003188999978, -9.645432846687836 ], [ -35.743003273999925, -9.645332931687872 ], [ -35.743003339999973, -9.645255537687866 ], [ -35.742966989999957, -9.645256230687867 ], [ -35.742923763999954, -9.645257055687837 ], [ -35.742936253999972, -9.645147889687884 ], [ -35.742944612999963, -9.645074821687876 ], [ -35.742920587999947, -9.644931637687858 ], [ -35.742905649999955, -9.644827255687849 ], [ -35.742891321999934, -9.644727139687852 ], [ -35.742851944999984, -9.644592490687895 ], [ -35.742840858999955, -9.644554583687862 ], [ -35.742779684999959, -9.644508596687896 ], [ -35.742659640999932, -9.644416386687906 ], [ -35.742607531999965, -9.644375758687888 ], [ -35.742573094999955, -9.644348909687894 ], [ -35.74248971999998, -9.644306787687864 ], [ -35.74242132899996, -9.64427223668787 ], [ -35.742355198999974, -9.644238827687902 ], [ -35.742226468999945, -9.644149096687897 ], [ -35.742052635999976, -9.644031401687878 ], [ -35.741900769999972, -9.643943114687902 ], [ -35.741744209999972, -9.643863114687873 ], [ -35.741643517999933, -9.643791772687925 ], [ -35.741572937999926, -9.643735786687916 ], [ -35.741491336999957, -9.643652560687904 ], [ -35.741424902999938, -9.643589564687908 ], [ -35.741346212999929, -9.64354579968793 ], [ -35.74126552599995, -9.643515729687891 ], [ -35.741210842999976, -9.643477334687903 ], [ -35.741145854999957, -9.643428883687909 ], [ -35.741083371999935, -9.643387414687908 ], [ -35.740999731999977, -9.64332897068792 ], [ -35.74092933299994, -9.643260753687883 ], [ -35.740882366999983, -9.643257219687916 ], [ -35.740824147999938, -9.643252838687921 ], [ -35.740770911999959, -9.643228987687939 ], [ -35.740716343999964, -9.643214266687934 ], [ -35.740748854999936, -9.643104718687921 ], [ -35.74077570999998, -9.643033973687901 ], [ -35.740852777999976, -9.64304023468792 ], [ -35.740942571999938, -9.643043978687942 ], [ -35.74103767899993, -9.64305245668792 ], [ -35.741109665999943, -9.643067130687921 ], [ -35.741184078999936, -9.643086106687903 ], [ -35.741255990999946, -9.643108830687918 ], [ -35.741310516999924, -9.643126060687946 ], [ -35.741362585999973, -9.643159949687892 ], [ -35.741424905999963, -9.643200510687942 ], [ -35.741498425999964, -9.64323279768789 ], [ -35.741601213999957, -9.643284326687914 ], [ -35.741674866999972, -9.643333773687894 ], [ -35.74175897899994, -9.643226878687903 ] ] ] } },
{ "type": "Feature", "properties": { "num_setor": "AL_MACEIO_SR_6_CPRM", "munic": "MACEIÓ", "grau_risco": "Alto", "distancia_km": 1.4, "chuva_24h": 0.9, "chuva_72h": 6.0, "fonte_estacao": "openmeteo", "codigo_estacao": "openmeteo", "nome_estacao": "Open-Meteo (célula de grade)" }, "geometry": { "type": "Polygon", "coordinates": [ [ [ -35.728065323999942, -9.621795452688577 ], [ -35.728075273999934, -9.621731132688602 ], [ -35.728056476999939, -9.621672540688586 ], [ -35.728037120999943, -9.621612207688569 ], [ -35.728098599999953, -9.621593533688579 ], [ -35.728206065999977, -9.621687667688567 ], [ -35.728214181999938, -9.621779772688591 ], [ -35.72821460199998, -9.621827245688582 ], [ -35.728215339999963, -9.621910823688573 ], [ -35.728188619999969, -9.621990411688568 ], [ -35.728149582999947, -9.622106682688592 ], [ -35.728117907999945, -9.622159165688583 ], [ -35.72807364099998, -9.622232513688585 ], [ -35.728022890999974, -9.622316603688549 ], [ -35.727953792999976, -9.622411202688566 ], [ -35.727926766999929, -9.622448202688593 ], [ -35.727908733999982, -9.622505249688571 ], [ -35.727888966999949, -9.622567778688561 ], [ -35.72787018899993, -9.622642703688538 ], [ -35.727848114999979, -9.622712303688548 ], [ -35.727820262999956, -9.62276940468853 ], [ -35.727798241999949, -9.622814549688529 ], [ -35.727716745999942, -9.622882366688531 ], [ -35.72771327199996, -9.622952103688574 ], [ -35.727746138999976, -9.62304772768856 ], [ -35.727760949999954, -9.623090818688555 ], [ -35.727746441999955, -9.623153518688563 ], [ -35.727731964999975, -9.623216080688536 ], [ -35.727697593999949, -9.623297094688528 ], [ -35.727676156999962, -9.62334762268855 ], [ -35.727616213999966, -9.623364866688545 ], [ -35.727565709999965, -9.62337939468855 ], [ -35.727520119999951, -9.623376689688509 ], [ -35.727396169999963, -9.62336933468853 ], [ -35.727333706999957, -9.623352319688564 ], [ -35.727262915999972, -9.623333036688534 ], [ -35.727191353999956, -9.623302120688527 ], [ -35.727123020999954, -9.623272599688537 ], [ -35.727033641999974, -9.623255838688557 ], [ -35.726962941999943, -9.623242580688535 ], [ -35.726867818999949, -9.623237085688553 ], [ -35.726798075999959, -9.623233055688539 ], [ -35.726700953999966, -9.62325232768857 ], [ -35.726636480999957, -9.623296379688536 ], [ -35.726599322999959, -9.62330239168856 ], [ -35.726551871999959, -9.623310070688518 ], [ -35.726466612999957, -9.623349404688529 ], [ -35.726389778999931, -9.623317228688542 ], [ -35.726319811999929, -9.62325534168852 ], [ -35.726278075999971, -9.623219107688529 ], [ -35.726213409999957, -9.623163773688567 ], [ -35.726130204999947, -9.623105150688534 ], [ -35.726036499999964, -9.623056725688551 ], [ -35.725965698999971, -9.623020137688549 ], [ -35.725926794999964, -9.623000032688523 ], [ -35.725889841999951, -9.62295138068855 ], [ -35.725915355999973, -9.622895852688529 ], [ -35.72602988899996, -9.622829477688571 ], [ -35.72606873299997, -9.622761449688525 ], [ -35.726089837999957, -9.622703080688545 ], [ -35.726133360999938, -9.622635588688572 ], [ -35.726179447999989, -9.622626838688564 ], [ -35.726257535999935, -9.622668511688566 ], [ -35.72635897899994, -9.622733934688535 ], [ -35.726472699999931, -9.622814721688533 ], [ -35.726524825999945, -9.62283655168857 ], [ -35.72663817199998, -9.622859386688546 ], [ -35.726828161999947, -9.622872360688564 ], [ -35.726970996999967, -9.622870498688526 ], [ -35.727085267999939, -9.622868501688556 ], [ -35.727135183999962, -9.622871561688543 ], [ -35.727217104999966, -9.622876584688575 ], [ -35.727277664, -9.622885856688566 ], [ -35.727313845999959, -9.622880648688568 ], [ -35.727361772999984, -9.622816001688586 ], [ -35.727391100999967, -9.622828711688546 ], [ -35.72746634799995, -9.622813949688563 ], [ -35.727470809999943, -9.622744263688555 ], [ -35.727474819999934, -9.622681662688585 ], [ -35.727503294999963, -9.622599436688565 ], [ -35.727548157999934, -9.622470560688557 ], [ -35.727585941999955, -9.622362413688563 ], [ -35.727568193999957, -9.622271543688557 ], [ -35.727604091999979, -9.622168113688597 ], [ -35.727642707999962, -9.622041616688607 ], [ -35.727760502999956, -9.622048094688594 ], [ -35.727818272999968, -9.621940156688554 ], [ -35.727900359999978, -9.621806949688589 ], [ -35.727983497999958, -9.621825823688557 ], [ -35.728065323999942, -9.621795452688577 ] ] ] } },
{ "type": "Feature", "properties": { "num_setor": "AL_MACEIO_SR_7_CPRM", "munic": "MACEIÓ", "grau_risco": "Muito alto", "distancia_km": 1.18, "chuva_24h": 0.9, "chuva_72h": 6.0, "fonte_estacao": "openmeteo", "codigo_estacao": "openmeteo", "nome_estacao": "Open-Meteo (célula de grade)" }, "geometry": { "type": "Polygon", "coordinates": [ [ [ -35.754332942999952, -9.619013963688696 ], [ -35.754256568999949, -9.618983147688647 ], [ -35.754296462999946, -9.618892342688689 ], [ -35.754368176999947, -9.618774033688682 ], [ -35.75438208199995, -9.618714210688664 ], [ -35.75439216999996, -9.618670808688707 ], [ -35.754418377999968, -9.618610440688657 ], [ -35.754453661999946, -9.618517103688713 ], [ -35.75450197899994, -9.61843436568871 ], [ -35.754537026999969, -9.618276464688694 ], [ -35.754559234999931, -9.618219703688698 ], [ -35.754593888999985, -9.618113623688679 ], [ -35.754692604999946, -9.617905309688727 ], [ -35.754765808999935, -9.617767725688713 ], [ -35.754845254999971, -9.617619075688694 ], [ -35.754948809999966, -9.617384770688702 ], [ -35.755038082999924, -9.617216707688721 ], [ -35.755188373999943, -9.616876248688751 ], [ -35.755282768999955, -9.616692080688731 ], [ -35.755404140999929, -9.616462680688773 ], [ -35.755476801999976, -9.616325348688767 ], [ -35.755528632999983, -9.616227384688754 ], [ -35.755558335999979, -9.616216196688779 ], [ -35.755644143999973, -9.616242592688788 ], [ -35.755728795999971, -9.616466460688757 ], [ -35.755706721999957, -9.61651702168872 ], [ -35.755662677999972, -9.616617902688761 ], [ -35.755615360999961, -9.616726283688772 ], [ -35.755558563999948, -9.61679509768874 ], [ -35.755509021999956, -9.616890639688735 ], [ -35.755456630999959, -9.616991676688714 ], [ -35.755401606999953, -9.617078075688704 ], [ -35.755472945999941, -9.617151883688731 ], [ -35.755503416999943, -9.617226183688725 ], [ -35.755471367999967, -9.617335417688693 ], [ -35.755488046999965, -9.617389136688747 ], [ -35.755504544999951, -9.617442272688704 ], [ -35.755521147999957, -9.617495750688748 ], [ -35.755516008999962, -9.617587782688741 ], [ -35.755460180999926, -9.617672658688692 ], [ -35.755380902999946, -9.617781804688688 ], [ -35.755347704999963, -9.617866759688727 ], [ -35.755311392999943, -9.61798593268869 ], [ -35.755250936999971, -9.61801196568868 ], [ -35.755224519999963, -9.618092329688714 ], [ -35.755200943999967, -9.618164049688708 ], [ -35.755148714999955, -9.618186340688698 ], [ -35.755106208999962, -9.618246666688677 ], [ -35.755066395999961, -9.618326166688703 ], [ -35.75500808399994, -9.618327815688717 ], [ -35.755016090999959, -9.618378225688689 ], [ -35.755024987999946, -9.6184342266887 ], [ -35.754934418999937, -9.61844339368867 ], [ -35.75493398499998, -9.618513541688694 ], [ -35.754933630999972, -9.618570674688677 ], [ -35.754884232999984, -9.618647751688689 ], [ -35.754844200999969, -9.618675293688687 ], [ -35.754802743999953, -9.618703816688653 ], [ -35.754780106999924, -9.618782464688705 ], [ -35.754751258999924, -9.618906304688661 ], [ -35.754728514999947, -9.619003944688695 ], [ -35.754711269999973, -9.61907797568869 ], [ -35.754651636999938, -9.619058826688661 ], [ -35.754563616999974, -9.619030562688689 ], [ -35.754504528999966, -9.619026714688683 ], [ -35.754473243999932, -9.619051758688659 ], [ -35.754390653999963, -9.619037248688693 ], [ -35.754332942999952, -9.619013963688696 ] ] ] } },
{ "type": "Feature", "properties": { "num_setor": "AL_MA_SR_03_CPRM", "munic": "MARAGOGI", "grau_risco": "Alto", "distancia_km": 1.19, "chuva_24h": 0.0, "chuva_72h": 4.0, "fonte_estacao": "openmeteo", "codigo_estacao": "openmeteo", "nome_estacao": "Open-Meteo (célula de grade)" }, "geometry": { "type": "Polygon", "coordinates": [ [ [ -35.223331347999931, -8.999641076708052 ], [ -35.223259649999925, -8.999572524708036 ], [ -35.223141293999959, -8.999413830708049 ], [ -35.223089724999966, -8.999290329708034 ], [ -35.223060431999954, -8.999220040708028 ], [ -35.223059992999936, -8.999217819708042 ], [ -35.223007164999956, -8.999175659708026 ], [ -35.222958865999935, -8.999133677708054 ], [ -35.222891090999951, -8.999043772708017 ], [ -35.223078852999947, -8.998960288708062 ], [ -35.223213728999959, -8.998913387708036 ], [ -35.22335306399998, -8.998846930708046 ], [ -35.223477056999968, -8.998834655708027 ], [ -35.223636344999932, -8.998928542708073 ], [ -35.223751287999953, -8.999078517708062 ], [ -35.223669926999946, -8.999288957708044 ], [ -35.223589573999966, -8.999445466708003 ], [ -35.223533656999962, -8.99953742770801 ], [ -35.223489534999942, -8.999616593708048 ], [ -35.223440836999949, -8.999655369708044 ], [ -35.223331347999931, -8.999641076708052 ] ] ] } },
{ "type": "Feature", "properties": { "num_setor": "AL_MA_SR_04_CPRM", "munic": "MARAGOGI", "grau_risco": "Alto", "distancia_km": 1.28, "chuva_24h": 0.0, "chuva_72h": 4.0, "fonte_estacao": "openmeteo", "codigo_estacao": "openmeteo", "nome_estacao": "Open-Meteo (célula de grade)" }, "geometry": { "type": "Polygon", "coordinates": [ [ [ -35.223433213999954, -9.000555648708017 ], [ -35.223491760999934, -9.000435105707984 ], [ -35.22354871899995, -9.000335780707982 ], [ -35.223630883999938, -9.000236375708027 ], [ -35.223708261999946, -9.000154739708021 ], [ -35.223861523999965, -9.000008810707991 ], [ -35.224029779999967, -8.99981104370802 ], [ -35.224182306999978, -8.999706454708042 ], [ -35.224260106999964, -8.999720018708002 ], [ -35.224336147999963, -8.999798191708026 ], [ -35.224395007999924, -8.999881414708014 ], [ -35.224408088999951, -8.999950119707997 ], [ -35.224397691999968, -9.000055211708007 ], [ -35.224366903999972, -9.00014120370799 ], [ -35.224368056999936, -9.000150494708011 ], [ -35.224365838, -9.000247564707994 ], [ -35.224439553999957, -9.000405984707973 ], [ -35.224556878999984, -9.000730533707991 ], [ -35.224552300999967, -9.000735300708001 ], [ -35.224505317999956, -9.000848136707971 ], [ -35.224414300999968, -9.000963135707972 ], [ -35.22431913499998, -9.001005268707992 ], [ -35.224202797999965, -9.000993595707971 ], [ -35.224077201999933, -9.000932283707963 ], [ -35.223939221999956, -9.000855575707968 ], [ -35.223769603999983, -9.000747840708003 ], [ -35.223651845999939, -9.000669492708019 ], [ -35.223545313999978, -9.000635240707977 ], [ -35.223544161999932, -9.000640139708015 ], [ -35.223433213999954, -9.000555648708017 ] ] ] } },
{ "type": "Feature", "properties": { "num_setor": "AL_MA_SR_01_CPRM", "munic": "MARAGOGI", "grau_risco": "Alto", "distancia_km": 0.84, "chuva_24h": 0.0, "chuva_72h": 4.0, "fonte_estacao": "openmeteo", "codigo_estacao": "openmeteo", "nome_estacao": "Open-Meteo (célula de grade)" }, "geometry": { "type": "Polygon", "coordinates": [ [ [ -35.241872839999928, -9.050725483706408 ], [ -35.241913795999949, -9.050627245706449 ], [ -35.241949619999957, -9.050509030706408 ], [ -35.241995003999932, -9.050418007706432 ], [ -35.24203160199994, -9.050292681706445 ], [ -35.242040026999966, -9.050194630706436 ], [ -35.242040842999984, -9.050056513706435 ], [ -35.242040654999983, -9.049990897706476 ], [ -35.24204099599995, -9.049921378706445 ], [ -35.242031573999952, -9.04984122870648 ], [ -35.242055616999941, -9.049811877706453 ], [ -35.242066714999964, -9.049782070706481 ], [ -35.242153926999947, -9.049773411706477 ], [ -35.24235796399995, -9.049750779706452 ], [ -35.242481937999969, -9.049769085706467 ], [ -35.242540241999968, -9.049802068706448 ], [ -35.242517418999967, -9.049969130706446 ], [ -35.242381669999936, -9.050485680706416 ], [ -35.242335306999962, -9.050641130706435 ], [ -35.242308162999961, -9.050717604706401 ], [ -35.24226379299995, -9.050931912706405 ], [ -35.242204167999944, -9.051078918706422 ], [ -35.242105628999973, -9.051189525706429 ], [ -35.242013433999944, -9.051215312706395 ], [ -35.241995913999972, -9.051318606706383 ], [ -35.242016381999974, -9.051389604706388 ], [ -35.24195341199993, -9.051470704706379 ], [ -35.241945892999979, -9.051565676706369 ], [ -35.24196051499996, -9.051632866706411 ], [ -35.241976399999942, -9.051727063706416 ], [ -35.242030473999932, -9.05178098670641 ], [ -35.242033600999946, -9.051846576706369 ], [ -35.241996069999971, -9.052015808706386 ], [ -35.24196834199995, -9.052051264706362 ], [ -35.241922332999941, -9.052070732706369 ], [ -35.241877158999955, -9.052118513706397 ], [ -35.241815126999938, -9.052133539706364 ], [ -35.241771274999969, -9.052067792706362 ], [ -35.241759474999981, -9.051939900706401 ], [ -35.241745705999961, -9.051759412706392 ], [ -35.241739085999939, -9.051631471706388 ], [ -35.24172666099998, -9.051238014706419 ], [ -35.241718783999936, -9.051030530706443 ], [ -35.241712112999949, -9.05084815870641 ], [ -35.241775501999939, -9.050755040706411 ], [ -35.241849897999934, -9.050755598706429 ], [ -35.241872839999928, -9.050725483706408 ] ] ] } },
{ "type": "Feature", "properties": { "num_setor": "AL_MA_SR_02_CPRM", "munic": "MARAGOGI", "grau_risco": "Alto", "distancia_km": 0.74, "chuva_24h": 0.0, "chuva_72h": 4.0, "fonte_estacao": "openmeteo", "codigo_estacao": "openmeteo", "nome_estacao": "Open-Meteo (célula de grade)" }, "geometry": { "type": "Polygon", "coordinates": [ [ [ -35.241523576999953, -9.051826240706388 ], [ -35.241506767999965, -9.051729026706402 ], [ -35.24148947499998, -9.05163041270638 ], [ -35.241501678999953, -9.051522191706379 ], [ -35.241534759999979, -9.051499983706423 ], [ -35.24155501499996, -9.051499409706407 ], [ -35.24160278599993, -9.05150481170641 ], [ -35.241624060999982, -9.051537590706385 ], [ -35.241642234999972, -9.051539602706423 ], [ -35.241652217999956, -9.0515938767064 ], [ -35.241665897999951, -9.051693346706404 ], [ -35.241668148999963, -9.051786883706406 ], [ -35.241685550999932, -9.051865952706381 ], [ -35.241650697999944, -9.051878701706389 ], [ -35.241585437999959, -9.051873180706401 ], [ -35.241540887999975, -9.05187948470641 ], [ -35.241523576999953, -9.051826240706388 ] ] ] } },
{ "type": "Feature", "properties": { "num_setor": "AL_RIOLARG_SR_3_CPRM", "munic": "RIO LARGO", "grau_risco": "Alto", "distancia_km": 1.88, "chuva_24h": 0.5, "chuva_72h": 4.0, "fonte_estacao": "openmeteo", "codigo_estacao": "openmeteo", "nome_estacao": "Open-Meteo (célula de grade)" }, "geometry": { "type": "Polygon", "coordinates": [ [ [ -35.853135261999967, -9.485266996692825 ], [ -35.853205645999935, -9.485266111692866 ], [ -35.853257419999977, -9.485264180692816 ], [ -35.853280164999944, -9.485267191692868 ], [ -35.853334107999956, -9.485274332692834 ], [ -35.853402249999931, -9.485271530692856 ], [ -35.853435364999939, -9.485273184692813 ], [ -35.853504434999934, -9.485276632692843 ], [ -35.853733345999956, -9.485300218692839 ], [ -35.85381154099997, -9.485342702692844 ], [ -35.853800091999972, -9.485489711692823 ], [ -35.853522127999945, -9.485463462692852 ], [ -35.853106251999968, -9.485424189692829 ], [ -35.853109116, -9.485344148692837 ], [ -35.853111015999957, -9.485291042692845 ], [ -35.853135261999967, -9.485266996692825 ] ] ] } },
{ "type": "Feature", "properties": { "num_setor": "AL_SM_SR12_CPRM", "munic": "SANTANA DO MUNDAÚ", "grau_risco": "Alto", "distancia_km": 0.59, "chuva_24h": 0.7, "chuva_72h": 3.1, "fonte_estacao": "openmeteo", "codigo_estacao": "openmeteo", "nome_estacao": "Open-Meteo (célula de grade)" }, "geometry": { "type": "Polygon", "coordinates": [ [ [ -36.247097389999958, -9.142252180703547 ], [ -36.246993840999956, -9.142130251703563 ], [ -36.246924984999964, -9.142025891703545 ], [ -36.246873543999982, -9.141921664703538 ], [ -36.246840445999958, -9.141696433703542 ], [ -36.246912227999928, -9.141420080703609 ], [ -36.246983610999962, -9.141195643703574 ], [ -36.247158542999955, -9.141093135703576 ], [ -36.247489794999971, -9.141043730703609 ], [ -36.247662597999977, -9.141218104703588 ], [ -36.247659670999951, -9.141598815703569 ], [ -36.247517704999943, -9.14194386170356 ], [ -36.247201471, -9.142304888703546 ], [ -36.247097389999958, -9.142252180703547 ] ] ] } },
{ "type": "Feature", "properties": { "num_setor": "AL_SM_SR1.1_CPRM", "munic": "SANTANA DO MUNDAÚ", "grau_risco": "Alto", "distancia_km": 0.82, "chuva_24h": 0.7, "chuva_72h": 3.1, "fonte_estacao": "openmeteo", "codigo_estacao": "openmeteo", "nome_estacao": "Open-Meteo (célula de grade)" }, "geometry": { "type": "Polygon", "coordinates": [ [ [ -36.214521362999953, -9.168508970702719 ], [ -36.214762672999946, -9.168272867702759 ], [ -36.215056527999934, -9.168384959702747 ], [ -36.215405070999971, -9.168570691702723 ], [ -36.215753899999982, -9.16871981570274 ], [ -36.216067032999945, -9.168722226702705 ], [ -36.216250798999972, -9.168778555702726 ], [ -36.216637609999971, -9.168781533702722 ], [ -36.21689605499995, -9.168710304702707 ], [ -36.217172632999961, -9.168675823702708 ], [ -36.217559015999932, -9.168733711702727 ], [ -36.217852444999949, -9.168900712702737 ], [ -36.218165577999962, -9.16890312170273 ], [ -36.218368193999936, -9.168904680702724 ], [ -36.218515264999951, -9.168942422702743 ], [ -36.218198565999955, -9.169397604702731 ], [ -36.218140882999926, -9.169708341702721 ], [ -36.217993097999965, -9.16976211970271 ], [ -36.21756873299995, -9.169850376702669 ], [ -36.217163358999983, -9.169865560702679 ], [ -36.216942038999953, -9.169900467702721 ], [ -36.216518815999962, -9.169842294702702 ], [ -36.216152278999971, -9.169601510702686 ], [ -36.215913395999962, -9.169526451702714 ], [ -36.215748333999954, -9.169433656702704 ], [ -36.215343388999948, -9.169393929702709 ], [ -36.215105932999961, -9.16913583370274 ], [ -36.214721835999967, -9.168785085702728 ], [ -36.214521362999953, -9.168508970702719 ] ] ] } },
{ "type": "Feature", "properties": { "num_setor": "AL_RIOLARG_SR_4_CPRM", "munic": "RIO LARGO", "grau_risco": "Alto", "distancia_km": 1.66, "chuva_24h": 0.5, "chuva_72h": 4.0, "fonte_estacao": "openmeteo", "codigo_estacao": "openmeteo", "nome_estacao": "Open-Meteo (célula de grade)" }, "geometry": { "type": "Polygon", "coordinates": [ [ [ -35.856113899999968, -9.484912339692833 ], [ -35.856411399999963, -9.484686973692847 ], [ -35.856702391999924, -9.484470443692867 ], [ -35.856773016999966, -9.484546389692849 ], [ -35.856919516999938, -9.484674032692878 ], [ -35.856840131999945, -9.484733055692883 ], [ -35.856811466999943, -9.484754838692851 ], [ -35.856718321999949, -9.484825623692839 ], [ -35.856647402999954, -9.484869083692866 ], [ -35.85659902499998, -9.484898729692839 ], [ -35.856492068999955, -9.484961557692852 ], [ -35.856414658999938, -9.485004702692855 ], [ -35.856228579999936, -9.48508332369285 ], [ -35.856113899999968, -9.484912339692833 ] ] ] } },
{ "type": "Feature", "properties": { "num_setor": "AL_COQUEIR_SR_1_CPRM", "munic": "COQUEIRO SECO", "grau_risco": "Alto", "distancia_km": 2.3, "chuva_24h": 0.9, "chuva_72h": 7.0, "fonte_estacao": "openmeteo", "codigo_estacao": "openmeteo", "nome_estacao": "Open-Meteo (célula de grade)" }, "geometry": { "type": "Polygon", "coordinates": [ [ [ -35.789443656999936, -9.663837607687261 ], [ -35.789372052999965, -9.663837177687258 ], [ -35.789298812999959, -9.663836737687257 ], [ -35.789258575999952, -9.6638350026873 ], [ -35.789182861999961, -9.663819481687279 ], [ -35.789049338999973, -9.663792109687304 ], [ -35.788916159999928, -9.663757221687288 ], [ -35.788915835999944, -9.66363780468728 ], [ -35.788959885999937, -9.663442307687298 ], [ -35.788991239999973, -9.663317659687301 ], [ -35.789131503999954, -9.663308275687294 ], [ -35.789344528999948, -9.663296033687269 ], [ -35.789532819999977, -9.663285342687264 ], [ -35.789694496999971, -9.663276163687305 ], [ -35.789719918999943, -9.663317751687297 ], [ -35.78972474699998, -9.663353680687274 ], [ -35.789733290999948, -9.663417273687262 ], [ -35.789738776999968, -9.663458102687265 ], [ -35.78974468499996, -9.663502068687283 ], [ -35.789747514999931, -9.663523135687321 ], [ -35.789752214999957, -9.663543351687309 ], [ -35.789770157999953, -9.663620540687273 ], [ -35.789781439999956, -9.663655798687298 ], [ -35.789818434999972, -9.66376321068727 ], [ -35.789699325999948, -9.663804064687287 ], [ -35.789510284999949, -9.663831028687262 ], [ -35.789463334999937, -9.663837725687261 ], [ -35.789443656999936, -9.663837607687261 ] ] ] } },
{ "type": "Feature", "properties": { "num_setor": "AL_SM_SR15_CPRM", "munic": "SANTANA DO MUNDAÚ", "grau_risco": "Alto", "distancia_km": 1.3, "chuva_24h": 0.7, "chuva_72h": 3.1, "fonte_estacao": "openmeteo", "codigo_estacao": "openmeteo", "nome_estacao": "Open-Meteo (célula de grade)" }, "geometry": { "type": "Polygon", "coordinates": [ [ [ -36.223978361999961, -9.16736032970277 ], [ -36.223804038999958, -9.167252622702788 ], [ -36.223805466999977, -9.167068904702775 ], [ -36.223845891999929, -9.166875816702779 ], [ -36.223973440999941, -9.166741417702793 ], [ -36.22422688599994, -9.166685343702808 ], [ -36.224323965999929, -9.166715098702769 ], [ -36.224438852999981, -9.166957728702766 ], [ -36.224466164999967, -9.167199685702769 ], [ -36.224308973999939, -9.167391877702745 ], [ -36.224182326999937, -9.167410245702788 ], [ -36.224123867999943, -9.167419466702754 ], [ -36.223978361999961, -9.16736032970277 ] ] ] } },
{ "type": "Feature", "properties": { "num_setor": "AL_SM_SR2_CPRM", "munic": "SANTANA DO MUNDAÚ", "grau_risco": "Alto", "distancia_km": 0.99, "chuva_24h": 0.7, "chuva_72h": 3.1, "fonte_estacao": "openmeteo", "codigo_estacao": "openmeteo", "nome_estacao": "Open-Meteo (célula de grade)" }, "geometry": { "type": "Polygon", "coordinates": [ [ [ -36.22345562299995, -9.17084748970268 ], [ -36.22367993499995, -9.170428200702656 ], [ -36.223627379999989, -9.170080004702665 ], [ -36.224070022999967, -9.170010184702704 ], [ -36.224292198999933, -9.169865451702691 ], [ -36.22455292099994, -9.169501356702693 ], [ -36.224402147999967, -9.169939514702689 ], [ -36.224197111999956, -9.170249123702684 ], [ -36.224213822999957, -9.170468909702672 ], [ -36.224415586999953, -9.170580288702645 ], [ -36.224562517999978, -9.170636331702669 ], [ -36.224727299999977, -9.170765730702673 ], [ -36.224725306999964, -9.171021982702646 ], [ -36.224484710999945, -9.171166574702667 ], [ -36.224209552999973, -9.171018023702684 ], [ -36.224044913999926, -9.170870319702656 ], [ -36.223786894999925, -9.17088664370266 ], [ -36.22360269699994, -9.170885228702668 ], [ -36.22345562299995, -9.17084748970268 ] ] ] } },
{ "type": "Feature", "properties": { "num_setor": "AL_SM_SR11_CPRM", "munic": "SANTANA DO MUNDAÚ", "grau_risco": "Alto", "distancia_km": 0.5, "chuva_24h": 0.7, "chuva_72h": 3.1, "fonte_estacao": "openmeteo", "codigo_estacao": "openmeteo", "nome_estacao": "Open-Meteo (célula de grade)" }, "geometry": { "type": "Polygon", "coordinates": [ [ [ -36.243848518999982, -9.15030942970329 ], [ -36.243448536999949, -9.150237162703283 ], [ -36.243292613999984, -9.150132139703281 ], [ -36.243191065999952, -9.149750633703301 ], [ -36.24336866799996, -9.149302028703332 ], [ -36.243542006, -9.149407183703307 ], [ -36.243750568999928, -9.149460687703348 ], [ -36.244322820999969, -9.149776549703322 ], [ -36.244530185999963, -9.149985799703323 ], [ -36.244563147999948, -9.150228335703297 ], [ -36.244301142, -9.150330178703333 ], [ -36.243848518999982, -9.15030942970329 ] ] ] } },
{ "type": "Feature", "properties": { "num_setor": "AL_SM_SR14_CPRM", "munic": "SANTANA DO MUNDAÚ", "grau_risco": "Alto", "distancia_km": 1.09, "chuva_24h": 0.7, "chuva_72h": 3.1, "fonte_estacao": "openmeteo", "codigo_estacao": "openmeteo", "nome_estacao": "Open-Meteo (célula de grade)" }, "geometry": { "type": "Polygon", "coordinates": [ [ [ -36.222220474999972, -9.168168772702721 ], [ -36.222192862999975, -9.167965492702741 ], [ -36.222251471999982, -9.167936932702762 ], [ -36.222329540999958, -9.16790852270274 ], [ -36.222455887999949, -9.167928833702751 ], [ -36.222494432999945, -9.167977478702742 ], [ -36.222540227999957, -9.168345286702749 ], [ -36.222422709999933, -9.168441083702717 ], [ -36.222305791999936, -9.16845952470273 ], [ -36.222220474999972, -9.168168772702721 ] ] ] } },
{ "type": "Feature", "properties": { "num_setor": "AL_SM_SR13_CPRM", "munic": "SANTANA DO MUNDAÚ", "grau_risco": "Alto", "distancia_km": 1.97, "chuva_24h": 0.7, "chuva_72h": 3.1, "fonte_estacao": "openmeteo", "codigo_estacao": "openmeteo", "nome_estacao": "Open-Meteo (célula de grade)" }, "geometry": { "type": "Polygon", "coordinates": [ [ [ -36.229541177999977, -9.16329449670293 ], [ -36.229662942999937, -9.163135725702901 ], [ -36.229837139999972, -9.163123750702889 ], [ -36.230077159999951, -9.163258674702901 ], [ -36.230143190999968, -9.163378956702905 ], [ -36.229995673999952, -9.163404444702913 ], [ -36.229862271999934, -9.163336880702909 ], [ -36.229741332999936, -9.163389188702871 ], [ -36.229579599999965, -9.163521035702898 ], [ -36.229391803999931, -9.163559522702876 ], [ -36.229243977999943, -9.163624933702861 ], [ -36.229123348999963, -9.163637317702857 ], [ -36.229082141999974, -9.163770087702906 ], [ -36.229026716999947, -9.164009216702871 ], [ -36.228932147999956, -9.164114960702854 ], [ -36.228785353999967, -9.164047292702877 ], [ -36.228799983999977, -9.163887702702867 ], [ -36.228788140999946, -9.163687983702911 ], [ -36.228856544999928, -9.163502188702864 ], [ -36.229017659999954, -9.163450188702884 ], [ -36.229151577999964, -9.163451214702892 ], [ -36.22940684699995, -9.163346700702908 ], [ -36.229541177999977, -9.16329449670293 ] ] ] } },
{ "type": "Feature", "properties": { "num_setor": "AL_SM_SR6_CPRM", "munic": "SANTANA DO MUNDAÚ", "grau_risco": "Alto", "distancia_km": 0.53, "chuva_24h": 0.7, "chuva_72h": 3.1, "fonte_estacao": "openmeteo", "codigo_estacao": "openmeteo", "nome_estacao": "Open-Meteo (célula de grade)" }, "geometry": { "type": "Polygon", "coordinates": [ [ [ -36.217480682999962, -9.172009943702639 ], [ -36.217383678999965, -9.171970517702636 ], [ -36.21735606999993, -9.17176723770265 ], [ -36.217415659999979, -9.171612978702655 ], [ -36.21742704899998, -9.171400329702617 ], [ -36.21750534499995, -9.171342913702675 ], [ -36.21766118499994, -9.171324772702674 ], [ -36.217757963999922, -9.17139320670263 ], [ -36.217833697999936, -9.171664545702612 ], [ -36.217696263999983, -9.171818205702634 ], [ -36.21770463799993, -9.171992327702604 ], [ -36.217644821999954, -9.172175594702606 ], [ -36.217480682999962, -9.172009943702639 ] ] ] } },
{ "type": "Feature", "properties": { "num_setor": "AL_SM_SR5_CPRM", "munic": "SANTANA DO MUNDAÚ", "grau_risco": "Alto", "distancia_km": 0.72, "chuva_24h": 0.7, "chuva_72h": 3.1, "fonte_estacao": "openmeteo", "codigo_estacao": "openmeteo", "nome_estacao": "Open-Meteo (célula de grade)" }, "geometry": { "type": "Polygon", "coordinates": [ [ [ -36.214628794999953, -9.170846936702668 ], [ -36.214710034999939, -9.170412419702652 ], [ -36.21484844899993, -9.170133060702675 ], [ -36.21488880499993, -9.169949644702712 ], [ -36.214969364999945, -9.16960215070268 ], [ -36.215250870999967, -9.169691347702701 ], [ -36.215473616999937, -9.169828441702663 ], [ -36.215569564999953, -9.170003237702671 ], [ -36.215538336999941, -9.170264082702669 ], [ -36.215350136999966, -9.170688105702652 ], [ -36.215182304999978, -9.170996248702625 ], [ -36.215035817999926, -9.171062808702672 ], [ -36.214879676999942, -9.171119624702664 ], [ -36.214628794999953, -9.170846936702668 ] ] ] } },
{ "type": "Feature", "properties": { "num_setor": "AL_SM_SR7_CPRM", "munic": "SANTANA DO MUNDAÚ", "grau_risco": "Alto", "distancia_km": 0.77, "chuva_24h": 0.7, "chuva_72h": 3.1, "fonte_estacao": "openmeteo", "codigo_estacao": "openmeteo", "nome_estacao": "Open-Meteo (célula de grade)" }, "geometry": { "type": "Polygon", "coordinates": [ [ [ -36.222997206999935, -9.173495665702573 ], [ -36.222999361999939, -9.173218789702601 ], [ -36.22303715399994, -9.172838353702607 ], [ -36.223230732999987, -9.172580254702606 ], [ -36.223371260999954, -9.172425581702615 ], [ -36.223563088999988, -9.172392444702618 ], [ -36.223805679999941, -9.172550059702591 ], [ -36.223785438999975, -9.172913325702599 ], [ -36.223729425999977, -9.173397456702588 ], [ -36.223485352999937, -9.173430192702575 ], [ -36.223293253999934, -9.173497939702569 ], [ -36.223101289999924, -9.173548381702595 ], [ -36.222997206999935, -9.173495665702573 ] ] ] } },
{ "type": "Feature", "properties": { "num_setor": "AL_SM_SR3_CPRM", "munic": "SANTANA DO MUNDAÚ", "grau_risco": "Alto", "distancia_km": 1.12, "chuva_24h": 0.7, "chuva_72h": 3.1, "fonte_estacao": "openmeteo", "codigo_estacao": "openmeteo", "nome_estacao": "Open-Meteo (célula de grade)" }, "geometry": { "type": "Polygon", "coordinates": [ [ [ -36.225123151999981, -9.167235928702778 ], [ -36.225254933999963, -9.166870842702799 ], [ -36.22547554199997, -9.166927449702776 ], [ -36.22545299799998, -9.16745811770277 ], [ -36.225358339999957, -9.16778687970274 ], [ -36.225227837999967, -9.167987231702771 ], [ -36.225115470999981, -9.168224333702732 ], [ -36.224930278999977, -9.168351045702725 ], [ -36.224800629999947, -9.168441575702746 ], [ -36.224633428999944, -9.168623339702728 ], [ -36.224355711999983, -9.168804257702739 ], [ -36.224188226999956, -9.169022629702734 ], [ -36.223926507999977, -9.16951485170271 ], [ -36.223759164999933, -9.169714919702676 ], [ -36.223593388999973, -9.16971364670272 ], [ -36.223428037999952, -9.169657462702711 ], [ -36.223189008999952, -9.169600711702719 ], [ -36.223060497999938, -9.169544810702728 ], [ -36.222600148999959, -9.169522968702706 ], [ -36.222213334999935, -9.16951999770269 ], [ -36.221937751999967, -9.169426355702722 ], [ -36.221736417999978, -9.169260065702693 ], [ -36.22159019999998, -9.16911250270271 ], [ -36.221444409999947, -9.168910029702721 ], [ -36.221169112999981, -9.168779779702737 ], [ -36.220875110999941, -9.168685996702733 ], [ -36.221262778999971, -9.168579147702721 ], [ -36.221612180999955, -9.168655050702744 ], [ -36.221815223999954, -9.168601696702705 ], [ -36.221963577999929, -9.16847470370273 ], [ -36.222109795999984, -9.168622265702721 ], [ -36.222293137999948, -9.168733502702715 ], [ -36.222495325999937, -9.168789970702734 ], [ -36.223046776999979, -9.168940644702733 ], [ -36.223066904999939, -9.168721141702758 ], [ -36.223344765999968, -9.168521922702737 ], [ -36.223567224999954, -9.168340582702763 ], [ -36.223881353999957, -9.168214859702765 ], [ -36.224084966999953, -9.168088289702753 ], [ -36.224143356999946, -9.167686030702766 ], [ -36.224439207999978, -9.16754186270275 ], [ -36.224661523999949, -9.167378824702773 ], [ -36.22493696399993, -9.167490767702745 ], [ -36.225123151999981, -9.167235928702778 ] ] ] } },
{ "type": "Feature", "properties": { "num_setor": "AL_SM_SR4_CPRM", "munic": "SANTANA DO MUNDAÚ", "grau_risco": "Alto", "distancia_km": 0.85, "chuva_24h": 0.7, "chuva_72h": 3.1, "fonte_estacao": "openmeteo", "codigo_estacao": "openmeteo", "nome_estacao": "Open-Meteo (célula de grade)" }, "geometry": { "type": "Polygon", "coordinates": [ [ [ -36.213847714999929, -9.169931952702685 ], [ -36.213752372999977, -9.169679802702698 ], [ -36.213813698999957, -9.16930315070271 ], [ -36.214067068999945, -9.169256754702696 ], [ -36.214242065999933, -9.169277442702697 ], [ -36.21437753899994, -9.169375184702735 ], [ -36.214385382999978, -9.169616990702689 ], [ -36.214325415999951, -9.169819595702704 ], [ -36.214177948999975, -9.170011856702697 ], [ -36.214031538999961, -9.170068746702691 ], [ -36.213847714999929, -9.169931952702685 ] ] ] } },
{ "type": "Feature", "properties": { "num_setor": "AL_SM_SR10_CPRM", "munic": "SANTANA DO MUNDAÚ", "grau_risco": "Alto", "distancia_km": 1.81, "chuva_24h": 0.7, "chuva_72h": 3.1, "fonte_estacao": "openmeteo", "codigo_estacao": "openmeteo", "nome_estacao": "Open-Meteo (célula de grade)" }, "geometry": { "type": "Polygon", "coordinates": [ [ [ -36.230080620999956, -9.166266430702793 ], [ -36.230175705999955, -9.166094147702809 ], [ -36.23031096699998, -9.165922173702812 ], [ -36.230457142999967, -9.166069686702807 ], [ -36.230321881999942, -9.166241661702797 ], [ -36.23032064299997, -9.166401354702794 ], [ -36.230291897999969, -9.166653996702816 ], [ -36.230090400999984, -9.16673230470276 ], [ -36.229930316999962, -9.166651227702825 ], [ -36.229824006999934, -9.166543944702783 ], [ -36.229663819999985, -9.16647617570279 ], [ -36.229611490999957, -9.16631607170282 ], [ -36.229799493999963, -9.166250968702828 ], [ -36.230000062999977, -9.166292431702834 ], [ -36.230080620999956, -9.166266430702793 ] ] ] } },
{ "type": "Feature", "properties": { "num_setor": "AL_SM_SR1.2_CPRM", "munic": "SANTANA DO MUNDAÚ", "grau_risco": "Alto", "distancia_km": 0.82, "chuva_24h": 0.7, "chuva_72h": 3.1, "fonte_estacao": "openmeteo", "codigo_estacao": "openmeteo", "nome_estacao": "Open-Meteo (célula de grade)" }, "geometry": { "type": "Polygon", "coordinates": [ [ [ -36.218588229999959, -9.169034507702751 ], [ -36.21893834499997, -9.169018895702719 ], [ -36.219343291999962, -9.169058619702694 ], [ -36.219969130999971, -9.1691183467027 ], [ -36.220521291999944, -9.169177506702736 ], [ -36.220761173999961, -9.16912443570271 ], [ -36.221128, -9.169328608702687 ], [ -36.221549514999936, -9.169606420702715 ], [ -36.222284022999936, -9.16990494270269 ], [ -36.222724386999971, -9.170127983702709 ], [ -36.223184879999963, -9.170131520702704 ], [ -36.22340591699998, -9.170133217702666 ], [ -36.223514157999944, -9.170426926702655 ], [ -36.223382940999954, -9.170718797702644 ], [ -36.223179326999968, -9.170845366702681 ], [ -36.223178187999963, -9.170991796702642 ], [ -36.223454484999934, -9.170993918702656 ], [ -36.224043489999929, -9.17105335770264 ], [ -36.224282235999965, -9.171146715702651 ], [ -36.224336355999981, -9.171293569702627 ], [ -36.224077482999967, -9.171419715702633 ], [ -36.223874295999963, -9.17149137470264 ], [ -36.223724516999937, -9.171801406702649 ], [ -36.223447649999969, -9.171872498702633 ], [ -36.223394668999958, -9.171579214702637 ], [ -36.223139354999937, -9.171247765702658 ], [ -36.222644583999958, -9.17091447770264 ], [ -36.22227761399995, -9.170728609702682 ], [ -36.221834542999943, -9.170853338702665 ], [ -36.221300370999984, -9.170849233702652 ], [ -36.220840732999932, -9.170735870702691 ], [ -36.220676094999931, -9.170588166702661 ], [ -36.220291419999974, -9.170310636702668 ], [ -36.220107935999977, -9.170217702702661 ], [ -36.219556200999932, -9.170103630702696 ], [ -36.219004181999935, -9.170026164702703 ], [ -36.218710037999983, -9.169950682702707 ], [ -36.218268250999984, -9.169910674702658 ], [ -36.218271246999961, -9.169526297702683 ], [ -36.218384045999983, -9.169234288702729 ], [ -36.218588229999959, -9.169034507702751 ] ] ] } },
{ "type": "Feature", "properties": { "num_setor": "AL_M.CA_SR_04_CPRM", "munic": "MATRIZ DE CAMARAGIBE", "grau_risco": "Alto", "distancia_km": 1.54, "chuva_24h": 0.7, "chuva_72h": 3.1, "fonte_estacao": "openmeteo", "codigo_estacao": "openmeteo", "nome_estacao": "Open-Meteo (célula de grade)" }, "geometry": { "type": "Polygon", "coordinates": [ [ [ -35.521233423999945, -9.150351642703319 ], [ -35.521126654999932, -9.150324687703304 ], [ -35.521068341999978, -9.150227168703299 ], [ -35.521093998999959, -9.150029519703338 ], [ -35.521487841999942, -9.149961353703333 ], [ -35.521971919999942, -9.149956743703312 ], [ -35.522193541999968, -9.149976938703306 ], [ -35.522234967999971, -9.150181252703327 ], [ -35.521934936999969, -9.150273965703285 ], [ -35.521684022999978, -9.150291179703309 ], [ -35.521365962999937, -9.15038876070329 ], [ -35.521233423999945, -9.150351642703319 ] ] ] } },
{ "type": "Feature", "properties": { "num_setor": "AL_ARAPIRA_SR_003_SGB", "munic": "ARAPIRACA", "grau_risco": "Alto", "distancia_km": 0.37, "chuva_24h": 1.3, "chuva_72h": 5.6, "fonte_estacao": "openmeteo", "codigo_estacao": "openmeteo", "nome_estacao": "Open-Meteo (célula de grade)" }, "geometry": { "type": "Polygon", "coordinates": [ [ [ -36.66441528699994, -9.737163246684997 ], [ -36.665042110999941, -9.738071355684994 ], [ -36.665145976999952, -9.738336389684981 ], [ -36.664692895999963, -9.73872317168493 ], [ -36.664238942999923, -9.73910944668496 ], [ -36.663735933999931, -9.738983491684914 ], [ -36.663562421999984, -9.73915754068492 ], [ -36.663084688999959, -9.739029289684947 ], [ -36.662815102999957, -9.73880249268497 ], [ -36.662642224999964, -9.738426512684986 ], [ -36.662852234999939, -9.73828543768494 ], [ -36.662905138999967, -9.738214899684957 ], [ -36.663320348999939, -9.737995270684946 ], [ -36.663539977999967, -9.737791673684963 ], [ -36.66365540399994, -9.737660216684958 ], [ -36.663953585999934, -9.73748547568499 ], [ -36.66441528699994, -9.737163246684997 ] ] ] } },
{ "type": "Feature", "properties": { "num_setor": "AL_ARAPIRA_SR_006_SGB", "munic": "ARAPIRACA", "grau_risco": "Alto", "distancia_km": 1.39, "chuva_24h": 1.3, "chuva_72h": 5.6, "fonte_estacao": "openmeteo", "codigo_estacao": "openmeteo", "nome_estacao": "Open-Meteo (célula de grade)" }, "geometry": { "type": "Polygon", "coordinates": [ [ [ -36.667811515, -9.757090936684355 ], [ -36.66808515799994, -9.757122061684376 ], [ -36.66792953099997, -9.757801630684353 ], [ -36.667732404999981, -9.757818489684379 ], [ -36.667627263999975, -9.757834179684375 ], [ -36.667580943999951, -9.757672060684344 ], [ -36.667658143999972, -9.757588427684366 ], [ -36.667705749999975, -9.757570413684336 ], [ -36.667812542999968, -9.757563980684385 ], [ -36.667867869999945, -9.757319514684362 ], [ -36.667902609999935, -9.757310507684348 ], [ -36.667928342999971, -9.757234594684355 ], [ -36.66784470999994, -9.757226874684374 ], [ -36.667508890999954, -9.757185701684385 ], [ -36.667537196999938, -9.757059608684379 ], [ -36.667811515, -9.757090936684355 ] ] ] } },
{ "type": "Feature", "properties": { "num_setor": "AL_ARAPIRA_SR_002_SGB", "munic": "ARAPIRACA", "grau_risco": "Alto", "distancia_km": 0.39, "chuva_24h": 1.3, "chuva_72h": 5.6, "fonte_estacao": "openmeteo", "codigo_estacao": "openmeteo", "nome_estacao": "Open-Meteo (célula de grade)" }, "geometry": { "type": "Polygon", "coordinates": [ [ [ -36.691571344999936, -9.734351697685087 ], [ -36.691798042999956, -9.734874008685072 ], [ -36.691662023999974, -9.734973756685086 ], [ -36.691417190999964, -9.734424240685073 ], [ -36.691571344999936, -9.734351697685087 ] ] ] } },
{ "type": "Feature", "properties": { "num_setor": "AL_ARAPIRA_SR_005_SGB", "munic": "ARAPIRACA", "grau_risco": "Alto", "distancia_km": 1.18, "chuva_24h": 1.3, "chuva_72h": 5.6, "fonte_estacao": "openmeteo", "codigo_estacao": "openmeteo", "nome_estacao": "Open-Meteo (célula de grade)" }, "geometry": { "type": "Polygon", "coordinates": [ [ [ -36.65880193899995, -9.747824805684639 ], [ -36.658771108999929, -9.747892815684645 ], [ -36.658500884999967, -9.74778490668464 ], [ -36.65853806299998, -9.747720524684693 ], [ -36.65880193899995, -9.747824805684639 ] ] ] } },
{ "type": "Feature", "properties": { "num_setor": "AL_ARAPIRA_SR_004_SGB", "munic": "ARAPIRACA", "grau_risco": "Muito alto", "distancia_km": 1.72, "chuva_24h": 1.3, "chuva_72h": 5.6, "fonte_estacao": "openmeteo", "codigo_estacao": "openmeteo", "nome_estacao": "Open-Meteo (célula de grade)" }, "geometry": { "type": "Polygon", "coordinates": [ [ [ -36.673356985999931, -9.746000238684724 ], [ -36.673589141999969, -9.746929124684696 ], [ -36.673179149999953, -9.747046201684714 ], [ -36.673013940999965, -9.746043257684692 ], [ -36.673356985999931, -9.746000238684724 ] ] ] } },
{ "type": "Feature", "properties": { "num_setor": "AL_ARAPIRA_SR_007_SGB", "munic": "ARAPIRACA", "grau_risco": "Alto", "distancia_km": 1.48, "chuva_24h": 1.3, "chuva_72h": 5.6, "fonte_estacao": "openmeteo", "codigo_estacao": "openmeteo", "nome_estacao": "Open-Meteo (célula de grade)" }, "geometry": { "type": "Polygon", "coordinates": [ [ [ -36.672855380999977, -9.761543825684271 ], [ -36.672848420999969, -9.761693857684223 ], [ -36.672790418999966, -9.761695404684238 ], [ -36.672793512999931, -9.761623481684229 ], [ -36.672789637999983, -9.761532025684229 ], [ -36.672641526999939, -9.761516217684227 ], [ -36.672444162999966, -9.761475915684226 ], [ -36.672528602999932, -9.761211093684274 ], [ -36.672591157999939, -9.761166376684235 ], [ -36.672833456999967, -9.761453385684257 ], [ -36.672855380999977, -9.761543825684271 ] ] ] } },
{ "type": "Feature", "properties": { "num_setor": "AL_ARAPIRA_SR_008_SGB", "munic": "ARAPIRACA", "grau_risco": "Alto", "distancia_km": 1.36, "chuva_24h": 1.3, "chuva_72h": 5.6, "fonte_estacao": "openmeteo", "codigo_estacao": "openmeteo", "nome_estacao": "Open-Meteo (célula de grade)" }, "geometry": { "type": "Polygon", "coordinates": [ [ [ -36.672755169999959, -9.762574861684211 ], [ -36.671947192999937, -9.762826552684214 ], [ -36.671875051999962, -9.762653414684182 ], [ -36.671747529999955, -9.762716336684221 ], [ -36.671527172999959, -9.76277525268422 ], [ -36.671438541999976, -9.762594793684189 ], [ -36.671344415999954, -9.762371263684228 ], [ -36.671709864999968, -9.762253471684202 ], [ -36.672063389999948, -9.762284543684222 ], [ -36.672070633999965, -9.762390501684221 ], [ -36.672298277999971, -9.762379279684206 ], [ -36.672690978999981, -9.762426663684229 ], [ -36.672755169999959, -9.762574861684211 ] ] ] } },
{ "type": "Feature", "properties": { "num_setor": "AL_ARAPIRA_SR_013_SGB", "munic": "ARAPIRACA", "grau_risco": "Alto", "distancia_km": 1.45, "chuva_24h": 1.7, "chuva_72h": 6.8, "fonte_estacao": "openmeteo", "codigo_estacao": "openmeteo", "nome_estacao": "Open-Meteo (célula de grade)" }, "geometry": { "type": "Polygon", "coordinates": [ [ [ -36.625779853999973, -9.78504825568354 ], [ -36.628658394999945, -9.784299403683548 ], [ -36.628715806999935, -9.784469096683516 ], [ -36.628242300999943, -9.784615056683514 ], [ -36.626457976999973, -9.785123286683529 ], [ -36.626002688999961, -9.785203442683493 ], [ -36.625935356999953, -9.785790188683491 ], [ -36.62574993599997, -9.785806043683504 ], [ -36.625816283999939, -9.785193936683529 ], [ -36.625779853999973, -9.78504825568354 ] ] ] } },
{ "type": "Feature", "properties": { "num_setor": "AL_ARAPIRA_SR_011_SGB", "munic": "ARAPIRACA", "grau_risco": "Alto", "distancia_km": 1.94, "chuva_24h": 1.3, "chuva_72h": 5.6, "fonte_estacao": "openmeteo", "codigo_estacao": "openmeteo", "nome_estacao": "Open-Meteo (célula de grade)" }, "geometry": { "type": "Polygon", "coordinates": [ [ [ -36.677009150999929, -9.778648401683681 ], [ -36.677082619999965, -9.778495276683698 ], [ -36.677477033999935, -9.778680109683679 ], [ -36.677399697999931, -9.778846381683675 ], [ -36.677077979999979, -9.778683976683709 ], [ -36.677009150999929, -9.778648401683681 ] ] ] } },
{ "type": "Feature", "properties": { "num_setor": "AL_ARAPIRA_SR_012_SGB", "munic": "ARAPIRACA", "grau_risco": "Alto", "distancia_km": 1.6, "chuva_24h": 1.7, "chuva_72h": 6.8, "fonte_estacao": "openmeteo", "codigo_estacao": "openmeteo", "nome_estacao": "Open-Meteo (célula de grade)" }, "geometry": { "type": "Polygon", "coordinates": [ [ [ -36.637512060999939, -9.785476603683479 ], [ -36.637272692999943, -9.785315661683509 ], [ -36.637202154999954, -9.785091223683482 ], [ -36.637363768999933, -9.785051431683481 ], [ -36.637504806999971, -9.785393179683513 ], [ -36.637913305999966, -9.785308299683489 ], [ -36.637867522999954, -9.784820086683521 ], [ -36.63967385199993, -9.784410217683519 ], [ -36.639789920999931, -9.784841849683524 ], [ -36.638353563999942, -9.78544033268348 ], [ -36.638019863999943, -9.785538265683488 ], [ -36.637823996999941, -9.785520129683491 ], [ -36.637512060999939, -9.785476603683479 ] ] ] } },
{ "type": "Feature", "properties": { "num_setor": "AL_ARAPIRA_SR_009_SGB", "munic": "ARAPIRACA", "grau_risco": "Alto", "distancia_km": 0.45, "chuva_24h": 1.7, "chuva_72h": 6.8, "fonte_estacao": "openmeteo", "codigo_estacao": "openmeteo", "nome_estacao": "Open-Meteo (célula de grade)" }, "geometry": { "type": "Polygon", "coordinates": [ [ [ -36.631867739999961, -9.763739134684201 ], [ -36.631539899999943, -9.763953954684187 ], [ -36.630545156999972, -9.764406036684155 ], [ -36.630401204999949, -9.764093635684139 ], [ -36.630519506999974, -9.764021285684155 ], [ -36.630495459999963, -9.763931510684168 ], [ -36.630537141999973, -9.763918685684164 ], [ -36.630556378999984, -9.763963572684164 ], [ -36.631066174999944, -9.763716690684173 ], [ -36.631364356999939, -9.763586837684203 ], [ -36.631753917999959, -9.763304686684194 ], [ -36.631412450999967, -9.76272595668418 ], [ -36.631346441999938, -9.76246322868419 ], [ -36.631818843999952, -9.76224822368423 ], [ -36.632254895999957, -9.763240561684199 ], [ -36.632062576999942, -9.763383016684195 ], [ -36.632140271999958, -9.76364935968415 ], [ -36.631999195999981, -9.763727912684187 ], [ -36.631959117999941, -9.763668596684152 ], [ -36.631867739999961, -9.763739134684201 ] ] ] } },
{ "type": "Feature", "properties": { "num_setor": "AL_ARAPIRA_SR_001_SGB", "munic": "ARAPIRACA", "grau_risco": "Alto", "distancia_km": 1.15, "chuva_24h": 1.3, "chuva_72h": 5.6, "fonte_estacao": "openmeteo", "codigo_estacao": "openmeteo", "nome_estacao": "Open-Meteo (célula de grade)" }, "geometry": { "type": "Polygon", "coordinates": [ [ [ -36.680756853999981, -9.703126306686034 ], [ -36.680917712999936, -9.703059797686072 ], [ -36.680954833999969, -9.703141773686054 ], [ -36.681184912999981, -9.703661476686056 ], [ -36.681039745999954, -9.703720350686044 ], [ -36.680756853999981, -9.703126306686034 ] ] ] } },
{ "type": "Feature", "properties": { "num_setor": "AL_ARAPIRA_SR_010_SGB", "munic": "ARAPIRACA", "grau_risco": "Alto", "distancia_km": 1.67, "chuva_24h": 1.3, "chuva_72h": 5.6, "fonte_estacao": "openmeteo", "codigo_estacao": "openmeteo", "nome_estacao": "Open-Meteo (célula de grade)" }, "geometry": { "type": "Polygon", "coordinates": [ [ [ -36.675568961999936, -9.771474658683953 ], [ -36.675731033999966, -9.77139719768391 ], [ -36.675921351999932, -9.771900268683925 ], [ -36.675668479999963, -9.77203194468394 ], [ -36.675568961999936, -9.771474658683953 ] ] ] } }
]
}
