{
"type": "FeatureCollection",
"name": "setores_ac",
"crs": { "type": "name", "properties": { "name": "urn:ogc:def:crs:OGC:1.3:CRS84" } },
"features": [
{ "type": "Feature", "properties": { "num_setor": "AC_RIOBRAN_SR_003_CPRM", "munic": "RIO BRANCO", "grau_risco": "Alto", "distancia_km": 2.11, "chuva_24h": 2.2, "chuva_72h": 2.4, "fonte_estacao": "openmeteo", "codigo_estacao": "openmeteo", "nome_estacao": "Open-Meteo (célula de grade)" }, "geometry": { "type": "Polygon", "coordinates": [ [ [ -67.767963968999936, -9.961886300678003 ], [ -67.767900441999984, -9.962243993678005 ], [ -67.767696631999968, -9.962203020677995 ], [ -67.767581077999978, -9.962701973678012 ], [ -67.767273253999974, -9.962638958677989 ], [ -67.766963630999953, -9.963358084678008 ], [ -67.766854536999972, -9.963557355677981 ], [ -67.766702432999978, -9.963482749677992 ], [ -67.766773115999968, -9.963313109677969 ], [ -67.766496718999974, -9.963185124677961 ], [ -67.766887295999936, -9.962496448678005 ], [ -67.766988297999944, -9.96073122767803 ], [ -67.767130995999935, -9.959797693678107 ], [ -67.76723835699994, -9.959475610678096 ], [ -67.767460747999962, -9.959552296678101 ], [ -67.767670246999955, -9.958702399678105 ], [ -67.767656633999934, -9.957759434678151 ], [ -67.767661054999962, -9.956930483678164 ], [ -67.767594157999952, -9.956195721678208 ], [ -67.767860464999956, -9.95613599967821 ], [ -67.767946454999958, -9.9564427166782 ], [ -67.768342641999936, -9.956952624678159 ], [ -67.768366202999971, -9.957628016678134 ], [ -67.768072596999957, -9.958023842678161 ], [ -67.768072596999957, -9.958669776678127 ], [ -67.768005221999942, -9.958785431678123 ], [ -67.76784417999994, -9.959636651678109 ], [ -67.76788619499996, -9.960538059678083 ], [ -67.767991437999967, -9.960548717678041 ], [ -67.767770837999933, -9.961845524678017 ], [ -67.767963968999936, -9.961886300678003 ] ] ] } },
{ "type": "Feature", "properties": { "num_setor": "AC_RIOBRAN_SR_022_CPRM", "munic": "RIO BRANCO", "grau_risco": "Muito alto", "distancia_km": 0.36, "chuva_24h": 2.2, "chuva_72h": 2.4, "fonte_estacao": "openmeteo", "codigo_estacao": "openmeteo", "nome_estacao": "Open-Meteo (célula de grade)" }, "geometry": { "type": "Polygon", "coordinates": [ [ [ -67.809577885999943, -9.946917260678488 ], [ -67.809828978999974, -9.947079702678455 ], [ -67.809771878999982, -9.947196047678489 ], [ -67.80967372799995, -9.94716001467847 ], [ -67.809611429999961, -9.947280592678482 ], [ -67.809444631999952, -9.947239729678504 ], [ -67.80936451499997, -9.947212893678481 ], [ -67.809266827999977, -9.947145197678456 ], [ -67.809301103999985, -9.947062077678456 ], [ -67.809172567999951, -9.946978100678491 ], [ -67.809028606999959, -9.946876985678479 ], [ -67.808929205999959, -9.946812717678469 ], [ -67.808826376999946, -9.94692154467848 ], [ -67.808734687999959, -9.946994381678484 ], [ -67.808828946999938, -9.947125488678498 ], [ -67.808742399999971, -9.947180331678481 ], [ -67.808885931999953, -9.947448114678446 ], [ -67.808741970999961, -9.947526950678443 ], [ -67.808744541999943, -9.947565511678436 ], [ -67.808623717999978, -9.947625495678459 ], [ -67.808571445999974, -9.947544088678482 ], [ -67.808509748999938, -9.947570652678468 ], [ -67.808337509999944, -9.947677766678465 ], [ -67.808268100999953, -9.947740320678474 ], [ -67.808113856999967, -9.947850005678452 ], [ -67.807945902999961, -9.94795540467846 ], [ -67.807875636999938, -9.947836294678448 ], [ -67.807668264999961, -9.947980255678434 ], [ -67.807588571999986, -9.948017102678426 ], [ -67.80741547699995, -9.948125929678442 ], [ -67.807322930999987, -9.94800767667846 ], [ -67.807162688999938, -9.948084797678462 ], [ -67.807041007999942, -9.948114789678474 ], [ -67.806879051999942, -9.948186770678436 ], [ -67.806768510999973, -9.947957975678438 ], [ -67.806701671999974, -9.947902276678469 ], [ -67.806502868999985, -9.947767741678444 ], [ -67.806383758999971, -9.947575794678484 ], [ -67.806604840999967, -9.947431833678442 ], [ -67.80655685499994, -9.947341858678467 ], [ -67.806823495999936, -9.947209334678494 ], [ -67.806882601999973, -9.947332025678488 ], [ -67.807154976999982, -9.947173047678493 ], [ -67.807374344999971, -9.947041940678483 ], [ -67.807652840999936, -9.94689198167849 ], [ -67.807867924999982, -9.946783153678481 ], [ -67.807851642999935, -9.94671374467849 ], [ -67.807975037999938, -9.946672612678514 ], [ -67.808092434999935, -9.946840566678516 ], [ -67.808151560999988, -9.94681228867851 ], [ -67.808235537999963, -9.946950251678492 ], [ -67.808486612999957, -9.946766872678477 ], [ -67.80870940899996, -9.946568069678504 ], [ -67.808749682999974, -9.946525224678505 ], [ -67.808716009999955, -9.946497794678512 ], [ -67.80880452599996, -9.946352985678512 ], [ -67.809577885999943, -9.946917260678488 ] ] ] } },
{ "type": "Feature", "properties": { "num_setor": "AC_RIOBRAN_SR_020_CPRM", "munic": "RIO BRANCO", "grau_risco": "Muito alto", "distancia_km": 0.79, "chuva_24h": 2.2, "chuva_72h": 2.4, "fonte_estacao": "openmeteo", "codigo_estacao": "openmeteo", "nome_estacao": "Open-Meteo (célula de grade)" }, "geometry": { "type": "Polygon", "coordinates": [ [ [ -67.81321066199996, -9.950914739678383 ], [ -67.81314668999994, -9.951020901678334 ], [ -67.813022907999937, -9.951072845678336 ], [ -67.812662613999976, -9.950912592678348 ], [ -67.812794775999976, -9.95060681167835 ], [ -67.812984709999967, -9.950671639678356 ], [ -67.812886899999967, -9.950879771678363 ], [ -67.813086948999967, -9.950972326678338 ], [ -67.813163267999983, -9.950889382678355 ], [ -67.81321066199996, -9.950914739678383 ] ] ] } },
{ "type": "Feature", "properties": { "num_setor": "AC_RIOBRAN_SR_040_CPRM", "munic": "RIO BRANCO", "grau_risco": "Alto", "distancia_km": 1.7, "chuva_24h": 2.2, "chuva_72h": 2.4, "fonte_estacao": "openmeteo", "codigo_estacao": "openmeteo", "nome_estacao": "Open-Meteo (célula de grade)" }, "geometry": { "type": "Polygon", "coordinates": [ [ [ -67.817075801999977, -9.928078148679051 ], [ -67.817063123999958, -9.927864659679077 ], [ -67.818126260999975, -9.927730170679075 ], [ -67.818145834999939, -9.927947656679072 ], [ -67.817075801999977, -9.928078148679051 ] ] ] } },
{ "type": "Feature", "properties": { "num_setor": "AC_RIOBRAN_SR_002_CPRM", "munic": "RIO BRANCO", "grau_risco": "Muito alto", "distancia_km": 0.98, "chuva_24h": 2.2, "chuva_72h": 2.4, "fonte_estacao": "openmeteo", "codigo_estacao": "openmeteo", "nome_estacao": "Open-Meteo (célula de grade)" }, "geometry": { "type": "Polygon", "coordinates": [ [ [ -67.801028847999987, -9.975725078677616 ], [ -67.800630658999978, -9.975659377677575 ], [ -67.799742819999949, -9.97552361567762 ], [ -67.79971480599994, -9.975622743677606 ], [ -67.799157750999939, -9.975507453677615 ], [ -67.799062932999959, -9.97552038367758 ], [ -67.798795718999941, -9.975474052677617 ], [ -67.798808648999966, -9.975410480677581 ], [ -67.798691203999965, -9.975394318677624 ], [ -67.798713830999986, -9.975322128677597 ], [ -67.799092024999936, -9.975350142677609 ], [ -67.799103876999936, -9.975270409677606 ], [ -67.799315061999948, -9.975290881677626 ], [ -67.799303209999948, -9.975380311677617 ], [ -67.800821371999973, -9.975550552677587 ], [ -67.800868780999963, -9.975430953677581 ], [ -67.801110135999977, -9.975470819677589 ], [ -67.801078888999939, -9.975609813677581 ], [ -67.80118448099995, -9.975617356677615 ], [ -67.801159698999982, -9.975706786677618 ], [ -67.80159284399997, -9.97575527267758 ], [ -67.801870832999953, -9.975774667677571 ], [ -67.801899924999987, -9.975731568677585 ], [ -67.802192997999953, -9.975770357677614 ], [ -67.802204810999967, -9.975665125677606 ], [ -67.802648266999938, -9.975689240677578 ], [ -67.802577259999964, -9.975996042677579 ], [ -67.802380030999984, -9.975970745677602 ], [ -67.802392726999983, -9.975883406677605 ], [ -67.801951642999938, -9.97585332367759 ], [ -67.801898846999961, -9.976127001677568 ], [ -67.801559442999974, -9.976039726677566 ], [ -67.801583075999986, -9.975873370677611 ], [ -67.801021144999936, -9.975773309677601 ], [ -67.801028847999987, -9.975725078677616 ] ] ] } },
{ "type": "Feature", "properties": { "num_setor": "AC_RIOBRAN_SR_032_CPRM", "munic": "RIO BRANCO", "grau_risco": "Alto", "distancia_km": 1.13, "chuva_24h": 2.2, "chuva_72h": 2.4, "fonte_estacao": "openmeteo", "codigo_estacao": "openmeteo", "nome_estacao": "Open-Meteo (célula de grade)" }, "geometry": { "type": "Polygon", "coordinates": [ [ [ -67.799810127999933, -9.973980270677654 ], [ -67.799807114999965, -9.974258925677638 ], [ -67.79964182599997, -9.974257837677659 ], [ -67.799593861999938, -9.974214372677626 ], [ -67.799335234999944, -9.974205454677636 ], [ -67.79887371999996, -9.974194307677632 ], [ -67.798877688999937, -9.974134766677643 ], [ -67.798887672999967, -9.973984999677658 ], [ -67.799810127999933, -9.973980270677654 ] ] ] } },
{ "type": "Feature", "properties": { "num_setor": "AC_RIOBRAN_SR_041_CPRM", "munic": "RIO BRANCO", "grau_risco": "Muito alto", "distancia_km": 0.45, "chuva_24h": 2.2, "chuva_72h": 2.4, "fonte_estacao": "openmeteo", "codigo_estacao": "openmeteo", "nome_estacao": "Open-Meteo (célula de grade)" }, "geometry": { "type": "Polygon", "coordinates": [ [ [ -67.805530132999934, -9.9751229346776 ], [ -67.805640830999948, -9.974932179677609 ], [ -67.806086945999937, -9.975110388677608 ], [ -67.806050308999943, -9.975202403677613 ], [ -67.806175482999947, -9.975254788677622 ], [ -67.806212982999966, -9.975154956677633 ], [ -67.806368116999977, -9.975220889677598 ], [ -67.80620012299994, -9.975564279677599 ], [ -67.805898965999972, -9.975428593677583 ], [ -67.805231454999955, -9.975193945677589 ], [ -67.804894325999953, -9.975009202677619 ], [ -67.805124602999967, -9.974480246677651 ], [ -67.805293647999974, -9.974522119677641 ], [ -67.805236901999933, -9.974620211677605 ], [ -67.805084389999934, -9.974923418677603 ], [ -67.805362178999985, -9.975045064677619 ], [ -67.805530132999934, -9.9751229346776 ] ] ] } },
{ "type": "Feature", "properties": { "num_setor": "AC_RIOBRAN_SR_033_CPRM", "munic": "RIO BRANCO", "grau_risco": "Alto", "distancia_km": 0.38, "chuva_24h": 2.2, "chuva_72h": 2.4, "fonte_estacao": "openmeteo", "codigo_estacao": "openmeteo", "nome_estacao": "Open-Meteo (célula de grade)" }, "geometry": { "type": "Polygon", "coordinates": [ [ [ -67.808046912999941, -9.977184074677563 ], [ -67.807804162999957, -9.977394302677515 ], [ -67.807576512999958, -9.977034243677579 ], [ -67.807407042999955, -9.97683019867755 ], [ -67.807176716999948, -9.976648923677571 ], [ -67.806946746999984, -9.97651432967754 ], [ -67.806705756999975, -9.976369309677558 ], [ -67.80663396999995, -9.976269988677561 ], [ -67.806689721999987, -9.976168358677555 ], [ -67.806823291999933, -9.97622875567758 ], [ -67.806838390999985, -9.976210172677598 ], [ -67.807327374999943, -9.97643956467758 ], [ -67.807273041999963, -9.976571911677555 ], [ -67.80750550099998, -9.976699870677541 ], [ -67.807894758999964, -9.976892542677565 ], [ -67.807964446999961, -9.976988945677547 ], [ -67.808046912999941, -9.977184074677563 ] ] ] } },
{ "type": "Feature", "properties": { "num_setor": "AC_RIOBRAN_SR_026_CPRM", "munic": "RIO BRANCO", "grau_risco": "Alto", "distancia_km": 1.19, "chuva_24h": 2.2, "chuva_72h": 2.4, "fonte_estacao": "openmeteo", "codigo_estacao": "openmeteo", "nome_estacao": "Open-Meteo (célula de grade)" }, "geometry": { "type": "Polygon", "coordinates": [ [ [ -67.82055930599995, -9.982875947677373 ], [ -67.820582707999961, -9.98319856167733 ], [ -67.820554290999951, -9.983365719677344 ], [ -67.82050080099998, -9.983379092677346 ], [ -67.820550947999948, -9.983693348677361 ], [ -67.820597751999969, -9.983690005677355 ], [ -67.820604245999959, -9.983853606677339 ], [ -67.820671666999942, -9.983857956677326 ], [ -67.820845340999938, -9.984212582677308 ], [ -67.820801684999935, -9.984520779677336 ], [ -67.82076490999998, -9.984686266677338 ], [ -67.820701389999954, -9.984893541677305 ], [ -67.820671301999937, -9.985077415677319 ], [ -67.820545932999948, -9.985358240677305 ], [ -67.820382118999987, -9.985538771677264 ], [ -67.82017985799996, -9.985717629677277 ], [ -67.82018487299996, -9.985761090677302 ], [ -67.819932463999976, -9.985970038677257 ], [ -67.819740232999948, -9.986122151677268 ], [ -67.819646623999972, -9.986202387677299 ], [ -67.819410931999982, -9.986275936677275 ], [ -67.819260619999966, -9.986339820677252 ], [ -67.818359786999963, -9.986945174677249 ], [ -67.818391210999948, -9.987001088677223 ], [ -67.817078792999951, -9.987628081677228 ], [ -67.815665951999961, -9.987984128677187 ], [ -67.814877572999933, -9.988402650677191 ], [ -67.814808626999934, -9.98841832067717 ], [ -67.814425304999986, -9.988638029677192 ], [ -67.813593807999951, -9.989012519677189 ], [ -67.812882910999974, -9.989253717677151 ], [ -67.812552362999952, -9.989484331677172 ], [ -67.812559132999979, -9.98949873967714 ], [ -67.81222816099995, -9.989711029677178 ], [ -67.812263263999967, -9.989801295677147 ], [ -67.811995810999974, -9.989941707677145 ], [ -67.811780177999935, -9.990050360677126 ], [ -67.811441546999959, -9.989957360677138 ], [ -67.811313071999962, -9.989742549677166 ], [ -67.811721672999965, -9.989538857677159 ], [ -67.811467592999975, -9.989261375677167 ], [ -67.811166708999963, -9.988932074677207 ], [ -67.81110151699994, -9.988985565677167 ], [ -67.810802304999982, -9.98863620567721 ], [ -67.810703681999939, -9.988662950677217 ], [ -67.810556582999936, -9.988734828677188 ], [ -67.810424527999942, -9.988609459677207 ], [ -67.810359335999976, -9.98862617567721 ], [ -67.810235639999974, -9.98851418067721 ], [ -67.809974872999987, -9.988228340677223 ], [ -67.809714106999934, -9.988016049677208 ], [ -67.809523546999969, -9.987880651677209 ], [ -67.809478414999944, -9.987924112677229 ], [ -67.809286182999983, -9.987703464677253 ], [ -67.809134069999971, -9.987400909677236 ], [ -67.808873302999984, -9.986989700677263 ], [ -67.808632595999939, -9.986642012677239 ], [ -67.808493854999938, -9.98646984067728 ], [ -67.808226402999935, -9.986185671677287 ], [ -67.808057572999985, -9.985976724677272 ], [ -67.807918831999984, -9.985841326677271 ], [ -67.807716570999958, -9.985715958677279 ], [ -67.807589530999962, -9.985761090677302 ], [ -67.807118145999937, -9.985802880677252 ], [ -67.807041253999955, -9.985428446677284 ], [ -67.806925914999965, -9.984692952677342 ], [ -67.806842335999988, -9.984303474677311 ], [ -67.806730339999945, -9.983750182677319 ], [ -67.806721981999942, -9.983526190677351 ], [ -67.806735354999944, -9.983096595677347 ], [ -67.806765442999961, -9.982860902677379 ], [ -67.806847350999988, -9.982484797677406 ], [ -67.806976061999933, -9.98215549667739 ], [ -67.807099758999982, -9.981898073677405 ], [ -67.80743240299995, -9.981336423677414 ], [ -67.807464998999933, -9.98132472267741 ], [ -67.807755017999966, -9.981471821677404 ], [ -67.808340069999986, -9.981374869677433 ], [ -67.808614208999984, -9.981124133677447 ], [ -67.808727875999978, -9.981172608677413 ], [ -67.808786380999948, -9.981114103677442 ], [ -67.80902374599998, -9.981289619677392 ], [ -67.809025416999987, -9.981425017677447 ], [ -67.808483825999986, -9.981914789677413 ], [ -67.808915092999939, -9.982277522677375 ], [ -67.809200932999943, -9.981996696677387 ], [ -67.809386477999965, -9.981914789677413 ], [ -67.809553635999976, -9.981802793677421 ], [ -67.809769268999958, -9.981565429677389 ], [ -67.810066809999967, -9.981796107677416 ], [ -67.810648518999983, -9.982093648677417 ], [ -67.811108202999947, -9.982319311677395 ], [ -67.811292076999962, -9.982075261677407 ], [ -67.811613019999982, -9.982165526677386 ], [ -67.811806922999949, -9.982125408677371 ], [ -67.811959036999951, -9.982167197677398 ], [ -67.812288337999973, -9.982127080677373 ], [ -67.812448808999989, -9.982063560677403 ], [ -67.812396989999968, -9.981979981677378 ], [ -67.81254910399997, -9.981898073677405 ], [ -67.812413259999971, -9.981654703677389 ], [ -67.812652741999955, -9.981538684677428 ], [ -67.812938580999969, -9.981583817677391 ], [ -67.81301547399994, -9.981311349677407 ], [ -67.813129140999933, -9.981227771677428 ], [ -67.812948610999968, -9.980995421677452 ], [ -67.813068964999957, -9.980920200677426 ], [ -67.813219406999963, -9.980796503677436 ], [ -67.813254509999979, -9.980485590677425 ], [ -67.813518618999979, -9.980477232677424 ], [ -67.81356207999994, -9.980014205677472 ], [ -67.813374862999979, -9.979984116677464 ], [ -67.813386563999984, -9.979771826677496 ], [ -67.813314686999945, -9.979746752677487 ], [ -67.813333073999956, -9.979626399677494 ], [ -67.813671152999973, -9.979648308677488 ], [ -67.813685776999932, -9.979221877677505 ], [ -67.813701162999962, -9.979195169677498 ], [ -67.813732365999954, -9.97894207867752 ], [ -67.813743664999947, -9.978602418677516 ], [ -67.81341832399994, -9.978586677677495 ], [ -67.813448412999946, -9.97823898967753 ], [ -67.813779524999973, -9.978273994677499 ], [ -67.813787217999959, -9.977961105677521 ], [ -67.813546813999949, -9.977945590677548 ], [ -67.813579428999958, -9.977745095677557 ], [ -67.813829546999955, -9.977756377677551 ], [ -67.813992660999986, -9.97652322967755 ], [ -67.81386869399995, -9.976503655677593 ], [ -67.813966562999951, -9.975953415677614 ], [ -67.814318366999942, -9.975783362677578 ], [ -67.814853906999986, -9.975683732677568 ], [ -67.814851731999966, -9.975472770677593 ], [ -67.815569436999965, -9.975564114677583 ], [ -67.816162561999988, -9.975803567677582 ], [ -67.816964571999961, -9.976158056677589 ], [ -67.816924376999964, -9.976244847677586 ], [ -67.817837819999966, -9.97677986367758 ], [ -67.817990059999943, -9.976834235677545 ], [ -67.818090103999964, -9.976903830677564 ], [ -67.818050955999979, -9.977382300677563 ], [ -67.818522901999984, -9.978032584677502 ], [ -67.818709939999962, -9.977910792677553 ], [ -67.819544156999939, -9.979342648677461 ], [ -67.819796796999981, -9.97990111567746 ], [ -67.819753873999957, -9.980048683677447 ], [ -67.819934387999979, -9.980459732677463 ], [ -67.82018884699994, -9.980631546677461 ], [ -67.820381857999962, -9.980911674677433 ], [ -67.820641145999957, -9.981922233677414 ], [ -67.820570762999978, -9.981951559677421 ], [ -67.820582707999961, -9.982128751677374 ], [ -67.820669677999945, -9.98213095667742 ], [ -67.820672972999944, -9.982289223677384 ], [ -67.820532560999936, -9.982312625677389 ], [ -67.820525874999987, -9.982503185677404 ], [ -67.820412206999947, -9.982523244677411 ], [ -67.820440623999957, -9.982884304677384 ], [ -67.82055930599995, -9.982875947677373 ] ], [ [ -67.815792880999936, -9.977328157677571 ], [ -67.815509975999987, -9.977179308677544 ], [ -67.815368522999961, -9.977420610677541 ], [ -67.815286239999978, -9.97739194967756 ], [ -67.815232617999982, -9.977515836677521 ], [ -67.81513554199995, -9.97747885567753 ], [ -67.815063428999963, -9.977614760677509 ], [ -67.815004258999977, -9.977587949677512 ], [ -67.814882221999937, -9.977772854677532 ], [ -67.81480825999995, -9.977740496677534 ], [ -67.814690844999973, -9.97794574167755 ], [ -67.814595617999942, -9.978099212677517 ], [ -67.814543844999946, -9.978144514677503 ], [ -67.814459712999962, -9.978350684677508 ], [ -67.814367259999983, -9.978704778677484 ], [ -67.814339986999983, -9.978737598677483 ], [ -67.814288212999941, -9.979094466677516 ], [ -67.814365872999986, -9.979125900677513 ], [ -67.814266948999943, -9.979414352677507 ], [ -67.814315023999939, -9.979492937677483 ], [ -67.814217024999948, -9.979786937677471 ], [ -67.814292835999936, -9.979816522677471 ], [ -67.814193910999961, -9.980095729677467 ], [ -67.81436309999998, -9.980220540677436 ], [ -67.814085741999975, -9.980908388677459 ], [ -67.813985892999938, -9.98087880367741 ], [ -67.813834269999973, -9.981300388677424 ], [ -67.813952609999944, -9.981603633677407 ], [ -67.814185590999955, -9.981673897677394 ], [ -67.814566495999941, -9.981892085677405 ], [ -67.814400080999974, -9.982217519677388 ], [ -67.814329816999987, -9.982487481677383 ], [ -67.815291324999976, -9.982971933677394 ], [ -67.816482115999975, -9.983530347677327 ], [ -67.816578266999954, -9.983582121677372 ], [ -67.817003548999935, -9.9846841576773 ], [ -67.817073812999979, -9.984795100677326 ], [ -67.817598944999986, -9.98460649767731 ], [ -67.81783562399994, -9.985519930677272 ], [ -67.818667697999956, -9.985379402677308 ], [ -67.818730923999965, -9.985451677677283 ], [ -67.819402234999984, -9.985115449677314 ], [ -67.819433668999977, -9.985137638677298 ], [ -67.819827517999954, -9.984936091677296 ], [ -67.819426272999976, -9.984174280677351 ], [ -67.819366177999939, -9.984182601677354 ], [ -67.819262630999958, -9.983911715677349 ], [ -67.819188668999971, -9.983627885677361 ], [ -67.819265404999953, -9.983297829677378 ], [ -67.819309781999948, -9.983051904677385 ], [ -67.819282046999945, -9.98285960367736 ], [ -67.819509479999965, -9.982810603677372 ], [ -67.81941425399998, -9.982364981677408 ], [ -67.819372649999934, -9.982143094677413 ], [ -67.819291291999946, -9.98203954767737 ], [ -67.819147989999976, -9.981874981677418 ], [ -67.819050305999951, -9.981851644677397 ], [ -67.818524858999979, -9.981588378677417 ], [ -67.818847518999974, -9.981045680677427 ], [ -67.818590499999971, -9.980916247677452 ], [ -67.818229009999982, -9.980685115677444 ], [ -67.818506367999987, -9.980161833677451 ], [ -67.818127311999945, -9.979935323677447 ], [ -67.817976613999974, -9.979780003677478 ], [ -67.817729764999967, -9.9796690606775 ], [ -67.817852727999934, -9.979420362677503 ], [ -67.817740859999958, -9.979378758677456 ], [ -67.817886934999933, -9.979099551677516 ], [ -67.817322048999984, -9.978766721677474 ], [ -67.817604953999933, -9.978210156677545 ], [ -67.816550992999964, -9.977679477677551 ], [ -67.816437275999988, -9.977621232677558 ], [ -67.815792880999936, -9.977328157677571 ] ] ] } },
{ "type": "Feature", "properties": { "num_setor": "AC_RIOBRAN_SR_001_CPRM", "munic": "RIO BRANCO", "grau_risco": "Alto", "distancia_km": 0.93, "chuva_24h": 2.2, "chuva_72h": 2.4, "fonte_estacao": "openmeteo", "codigo_estacao": "openmeteo", "nome_estacao": "Open-Meteo (célula de grade)" }, "geometry": { "type": "Polygon", "coordinates": [ [ [ -67.804885952999939, -9.976876109677583 ], [ -67.80552374399997, -9.977410845677529 ], [ -67.805410650999988, -9.977575047677531 ], [ -67.805577570999958, -9.977718588677524 ], [ -67.805483924999976, -9.977813609677513 ], [ -67.805233942999962, -9.978094840677535 ], [ -67.80512955599994, -9.978258646677522 ], [ -67.804957486999967, -9.978492760677485 ], [ -67.804955243999984, -9.978675589677515 ], [ -67.804933922999965, -9.978954623677465 ], [ -67.805190445999983, -9.979157261677475 ], [ -67.804990361999955, -9.979356233677494 ], [ -67.805010793999941, -9.979399013677494 ], [ -67.804856275999953, -9.979486488677482 ], [ -67.804808387999969, -9.979419445677479 ], [ -67.804503821999958, -9.979602696677476 ], [ -67.804344510999954, -9.979705111677488 ], [ -67.804269490999957, -9.979583541677464 ], [ -67.804195331999949, -9.979630521677498 ], [ -67.804021386999977, -9.979602745677466 ], [ -67.803958908999959, -9.979663068677487 ], [ -67.804042117999984, -9.979829293677472 ], [ -67.803854463999983, -9.979923863677456 ], [ -67.803808491999973, -9.979870867677489 ], [ -67.803724208999938, -9.979901515677438 ], [ -67.803681429999983, -9.979832557677456 ], [ -67.803825730999961, -9.979728481677448 ], [ -67.803527549999956, -9.979478826677505 ], [ -67.80344262899996, -9.979579710677443 ], [ -67.803373670999974, -9.979523521677484 ], [ -67.803268955999954, -9.979658884677454 ], [ -67.803435330999946, -9.979796670677487 ], [ -67.803458166999974, -9.980005457677445 ], [ -67.803387483999984, -9.980046780677451 ], [ -67.803188774999967, -9.979918159677464 ], [ -67.803128844999947, -9.979982140677444 ], [ -67.803093136999962, -9.980069488677463 ], [ -67.802947149999966, -9.980215021677481 ], [ -67.802855205999947, -9.980160748677438 ], [ -67.802788800999963, -9.980243115677441 ], [ -67.802839881999944, -9.980297388677428 ], [ -67.802769645999945, -9.980379755677431 ], [ -67.802729420999981, -9.98036123867743 ], [ -67.802578733999951, -9.980543212677469 ], [ -67.802773989999935, -9.980651937677425 ], [ -67.802500380999959, -9.980882458677405 ], [ -67.802480991999971, -9.981041883677451 ], [ -67.80237111699995, -9.981453373677414 ], [ -67.801569297999947, -9.981406069677401 ], [ -67.801376822999941, -9.981385408677388 ], [ -67.801380093999967, -9.981281021677432 ], [ -67.801360703999933, -9.981128059677419 ], [ -67.801352086999941, -9.980996641677452 ], [ -67.801360054999975, -9.98085320667742 ], [ -67.801051136999945, -9.980843867677445 ], [ -67.80103103099998, -9.980537904677435 ], [ -67.801103523999984, -9.980532112677468 ], [ -67.801110945999937, -9.980276228677464 ], [ -67.801451311999983, -9.980259916677451 ], [ -67.801453486999947, -9.980418681677426 ], [ -67.801716179999971, -9.980438652677458 ], [ -67.801754958999936, -9.980391255677457 ], [ -67.801724797999952, -9.980365402677448 ], [ -67.801842155999964, -9.98021961867747 ], [ -67.801852573999952, -9.980085927677443 ], [ -67.801188152999941, -9.97998370967745 ], [ -67.799809251999989, -9.979616353677491 ], [ -67.799807607999981, -9.979477624677484 ], [ -67.800022334999937, -9.978836785677471 ], [ -67.801212065999948, -9.979112803677486 ], [ -67.801274142999944, -9.978863947677509 ], [ -67.801295596999978, -9.978864969677504 ], [ -67.801349741999957, -9.978638172677531 ], [ -67.801414102999956, -9.97865349667747 ], [ -67.801476420999961, -9.978404224677524 ], [ -67.802113902999963, -9.978499234677514 ], [ -67.802147615999957, -9.978403203677516 ], [ -67.802172308999957, -9.978403752677504 ], [ -67.802193587999966, -9.978404224677519 ], [ -67.802217166999981, -9.978301256677497 ], [ -67.802304942999967, -9.977917940677498 ], [ -67.802653310999972, -9.977975150677523 ], [ -67.802744233999988, -9.977603286677544 ], [ -67.803438925999956, -9.977720770677534 ], [ -67.803469573999962, -9.977458218677553 ], [ -67.80371271599995, -9.977504190677568 ], [ -67.80370862999996, -9.977730986677548 ], [ -67.803852675999963, -9.977793304677553 ], [ -67.804152491999957, -9.977890403677511 ], [ -67.804885952999939, -9.976876109677583 ] ] ] } },
{ "type": "Feature", "properties": { "num_setor": "AC_RIOBRAN_SR_037_CPRM", "munic": "RIO BRANCO", "grau_risco": "Alto", "distancia_km": 1.19, "chuva_24h": 0.4, "chuva_72h": 1.1, "fonte_estacao": "openmeteo", "codigo_estacao": "openmeteo", "nome_estacao": "Open-Meteo (célula de grade)" }, "geometry": { "type": "Polygon", "coordinates": [ [ [ -67.80974585599995, -9.993700381677007 ], [ -67.809973860999946, -9.993412363677033 ], [ -67.810307898999952, -9.993010868677036 ], [ -67.810264401999973, -9.992878202677083 ], [ -67.810539565999989, -9.992640915677089 ], [ -67.810523210999975, -9.992245316677094 ], [ -67.810547677999978, -9.99207132767709 ], [ -67.81062344999998, -9.991808038677121 ], [ -67.811284412999953, -9.991570021677106 ], [ -67.811193068999955, -9.991243792677119 ], [ -67.811208554999951, -9.991064601677103 ], [ -67.811268100999939, -9.990954535677119 ], [ -67.811264838999932, -9.990824043677137 ], [ -67.811242002999961, -9.990826218677096 ], [ -67.811249614999952, -9.99075118567713 ], [ -67.811387514999979, -9.990546704677104 ], [ -67.811480150999955, -9.990551098677136 ], [ -67.811572266999974, -9.990343620677152 ], [ -67.811841067999978, -9.990374151677145 ], [ -67.811845527999935, -9.991081764677093 ], [ -67.811982543999989, -9.991542836677088 ], [ -67.811756357999968, -9.991632005677118 ], [ -67.811578018999967, -9.991846229677106 ], [ -67.811399680999955, -9.992153972677102 ], [ -67.811888066999984, -9.992837124677045 ], [ -67.812158997999973, -9.993220616677062 ], [ -67.811641089999966, -9.993868852677062 ], [ -67.811400767999942, -9.993767721677056 ], [ -67.811024676999978, -9.99440960067704 ], [ -67.810700077999968, -9.995032478677018 ], [ -67.81064282799997, -9.995154196677014 ], [ -67.810283975999937, -9.994894300676979 ], [ -67.809706436999988, -9.994203915677012 ], [ -67.809357483999975, -9.994569158677029 ], [ -67.809419467999987, -9.99464310367703 ], [ -67.809322685999973, -9.994719223676992 ], [ -67.809103024999956, -9.994874726677015 ], [ -67.808828991999974, -9.995377120676963 ], [ -67.808734218999973, -9.995975983676939 ], [ -67.808651740999949, -9.996527622676961 ], [ -67.808982319999984, -9.996616792676917 ], [ -67.808970579999936, -9.996756248676919 ], [ -67.808362599999953, -9.996597896676956 ], [ -67.808442953999986, -9.99627968867695 ], [ -67.808477751999988, -9.996071988676976 ], [ -67.808547346999944, -9.995920835676936 ], [ -67.808621292999987, -9.995616355676992 ], [ -67.808601718999967, -9.995344497676985 ], [ -67.808742824999968, -9.995027908676972 ], [ -67.808982116999971, -9.994695234676987 ], [ -67.808881825999947, -9.994592761677017 ], [ -67.809348543999988, -9.994196032677049 ], [ -67.809712637999951, -9.993805353677034 ], [ -67.80974585599995, -9.993700381677007 ] ] ] } },
{ "type": "Feature", "properties": { "num_setor": "AC_RIOBRAN_SR_055_CPRM", "munic": "RIO BRANCO", "grau_risco": "Alto", "distancia_km": 1.24, "chuva_24h": 1.0, "chuva_72h": 1.5, "fonte_estacao": "openmeteo", "codigo_estacao": "openmeteo", "nome_estacao": "Open-Meteo (célula de grade)" }, "geometry": { "type": "Polygon", "coordinates": [ [ [ -67.750794777999943, -9.96355850367795 ], [ -67.750673530999961, -9.963675731677965 ], [ -67.749967483999967, -9.963060118678008 ], [ -67.750067988999945, -9.962937629677977 ], [ -67.750794777999943, -9.96355850367795 ] ] ] } },
{ "type": "Feature", "properties": { "num_setor": "AC_RIOBRAN_SR_039_CPRM", "munic": "RIO BRANCO", "grau_risco": "Muito alto", "distancia_km": 1.13, "chuva_24h": 2.2, "chuva_72h": 2.4, "fonte_estacao": "openmeteo", "codigo_estacao": "openmeteo", "nome_estacao": "Open-Meteo (célula de grade)" }, "geometry": { "type": "Polygon", "coordinates": [ [ [ -67.802756692999935, -9.936746946678811 ], [ -67.802767813999935, -9.936734655678789 ], [ -67.80314053099994, -9.93735950467879 ], [ -67.803106583999977, -9.93736940567879 ], [ -67.803111814999966, -9.937424755678757 ], [ -67.802894909999964, -9.937569358678768 ], [ -67.802793910999981, -9.937460602678803 ], [ -67.802789738999934, -9.937461818678788 ], [ -67.802570493999951, -9.93746547367879 ], [ -67.802402404999953, -9.937268152678763 ], [ -67.802524965999964, -9.937189775678803 ], [ -67.802451126999983, -9.937084635678788 ], [ -67.802613935999943, -9.936904710678794 ], [ -67.80258876399995, -9.936869856678818 ], [ -67.802742235999972, -9.936701768678816 ], [ -67.802756692999935, -9.936746946678811 ] ] ] } },
{ "type": "Feature", "properties": { "num_setor": "AC_RIOBRAN_SR_011_CPRM", "munic": "RIO BRANCO", "grau_risco": "Alto", "distancia_km": 0.72, "chuva_24h": 0.4, "chuva_72h": 1.1, "fonte_estacao": "openmeteo", "codigo_estacao": "openmeteo", "nome_estacao": "Open-Meteo (célula de grade)" }, "geometry": { "type": "Polygon", "coordinates": [ [ [ -67.810017037999955, -9.997202885676939 ], [ -67.810198573999969, -9.997341549676902 ], [ -67.810132255999974, -9.997478873676931 ], [ -67.809993592999945, -9.99763495367694 ], [ -67.809809377999954, -9.997470164676951 ], [ -67.810017037999955, -9.997202885676939 ] ] ] } },
{ "type": "Feature", "properties": { "num_setor": "AC_RIOBRAN_SR_056_CPRM", "munic": "RIO BRANCO", "grau_risco": "Alto", "distancia_km": 1.66, "chuva_24h": 2.2, "chuva_72h": 2.4, "fonte_estacao": "openmeteo", "codigo_estacao": "openmeteo", "nome_estacao": "Open-Meteo (célula de grade)" }, "geometry": { "type": "Polygon", "coordinates": [ [ [ -67.803264608999939, -9.956442523678186 ], [ -67.803429365999932, -9.956659308678201 ], [ -67.803260273999967, -9.956815393678161 ], [ -67.802937830999952, -9.957175917678175 ], [ -67.802627261999987, -9.957431061678159 ], [ -67.802731318999975, -9.95760448967814 ], [ -67.802617332999944, -9.957660157678154 ], [ -67.802561209999965, -9.957991397678121 ], [ -67.802704287999973, -9.958264546678119 ], [ -67.802393134999988, -9.958554006678147 ], [ -67.802233174999969, -9.958596102678101 ], [ -67.80201895099998, -9.958363392678132 ], [ -67.802401805999978, -9.957925331678142 ], [ -67.802440827999988, -9.957769246678126 ], [ -67.802327781999963, -9.957527157678156 ], [ -67.802480021999941, -9.957471698678141 ], [ -67.802369103999979, -9.957238988678171 ], [ -67.802725781999982, -9.95705303767819 ], [ -67.802657611999962, -9.956928121678185 ], [ -67.803048468999975, -9.956668956678204 ], [ -67.803264608999939, -9.956442523678186 ] ] ] } },
{ "type": "Feature", "properties": { "num_setor": "AC_RIOBRAN_SR_036_CPRM", "munic": "RIO BRANCO", "grau_risco": "Alto", "distancia_km": 0.84, "chuva_24h": 0.5, "chuva_72h": 0.7, "fonte_estacao": "openmeteo", "codigo_estacao": "openmeteo", "nome_estacao": "Open-Meteo (célula de grade)" }, "geometry": { "type": "Polygon", "coordinates": [ [ [ -67.838432841999975, -9.951788856678323 ], [ -67.838429492999978, -9.951884858678339 ], [ -67.838413627999955, -9.951998557678328 ], [ -67.838186229999963, -9.952014422678356 ], [ -67.838183840999989, -9.95175170867833 ], [ -67.837854063999941, -9.951745427678365 ], [ -67.837844667999946, -9.951223909678356 ], [ -67.837896349999937, -9.951209814678368 ], [ -67.837886952999952, -9.95092321467834 ], [ -67.837988684999971, -9.950942508678365 ], [ -67.837990194999975, -9.950895711678386 ], [ -67.838267272999985, -9.950829212678375 ], [ -67.838378104999947, -9.951305787678352 ], [ -67.839489810999964, -9.951287259678349 ], [ -67.839453, -9.950751448678353 ], [ -67.840103179999971, -9.950413692678392 ], [ -67.840440065999985, -9.950483612678379 ], [ -67.840952682999955, -9.950346080678388 ], [ -67.841563549999933, -9.950494881678351 ], [ -67.842644314999973, -9.949977994678365 ], [ -67.843142250999961, -9.94983755067841 ], [ -67.843112001999941, -9.949577905678394 ], [ -67.844006737999962, -9.94914186367842 ], [ -67.844839182999976, -9.949311749678396 ], [ -67.845524392999948, -9.949572242678427 ], [ -67.846351174999938, -9.949900690678373 ], [ -67.847676290999971, -9.950478305678407 ], [ -67.847632338999972, -9.951052563678358 ], [ -67.847065642999951, -9.950970347678346 ], [ -67.846516342999962, -9.95086841567834 ], [ -67.846164299999941, -9.95080675267835 ], [ -67.846161088999963, -9.950817074678382 ], [ -67.846040649999964, -9.950708290678364 ], [ -67.846049093999966, -9.950514081678348 ], [ -67.845719781999946, -9.950125661678376 ], [ -67.844961803999979, -9.950242874678381 ], [ -67.844782553999949, -9.949923341678412 ], [ -67.844729150999967, -9.949902399678365 ], [ -67.844597497999985, -9.950037114678368 ], [ -67.844357656999932, -9.950242069678374 ], [ -67.844226833999983, -9.950294398678398 ], [ -67.844017517999987, -9.950355449678385 ], [ -67.843851809999933, -9.950438303678354 ], [ -67.843594525999947, -9.950442664678397 ], [ -67.843372126999952, -9.950486271678395 ], [ -67.843093038999939, -9.950516796678395 ], [ -67.842879362999952, -9.95061273367836 ], [ -67.842664770999988, -9.950630615678373 ], [ -67.84260515699998, -9.950675009678358 ], [ -67.842072605999988, -9.950839473678375 ], [ -67.841751508999948, -9.951082254678369 ], [ -67.841116324999973, -9.951320448678375 ], [ -67.841058747999966, -9.951637120678361 ], [ -67.841182910999976, -9.951781976678326 ], [ -67.841196877999948, -9.951914666678306 ], [ -67.84122647199996, -9.952198765678352 ], [ -67.841285658999936, -9.952447352678325 ], [ -67.841416025999933, -9.952526258678324 ], [ -67.84143027999994, -9.952844597678304 ], [ -67.841482374999941, -9.952978948678281 ], [ -67.841719945999955, -9.952956676678317 ], [ -67.841770552999947, -9.95326031767827 ], [ -67.841826782999988, -9.953333416678293 ], [ -67.841984225999965, -9.953541466678304 ], [ -67.842209145999959, -9.953788878678257 ], [ -67.842394703999958, -9.95414312567827 ], [ -67.842269601999988, -9.954252189678281 ], [ -67.842300001999945, -9.954381387678245 ], [ -67.841869362999944, -9.954736031678264 ], [ -67.841434115999959, -9.954476411678264 ], [ -67.841511895999986, -9.954784146678229 ], [ -67.841444419999959, -9.954817884678244 ], [ -67.841388189999975, -9.955037180678248 ], [ -67.841264483999964, -9.955166509678248 ], [ -67.84130384499997, -9.955380182678205 ], [ -67.841084548999959, -9.955419543678209 ], [ -67.841050810999945, -9.955183377678232 ], [ -67.841022695999982, -9.954632325678263 ], [ -67.840921481999942, -9.954474882678227 ], [ -67.840752792999979, -9.954199355678259 ], [ -67.840719054999965, -9.953906960678292 ], [ -67.840629086999968, -9.953704533678255 ], [ -67.840550364999956, -9.953653926678273 ], [ -67.840522250999982, -9.953344662678267 ], [ -67.840572856999984, -9.952844216678297 ], [ -67.840626491999956, -9.952813901678295 ], [ -67.840484562999961, -9.952371739678295 ], [ -67.840197469999964, -9.951797554678308 ], [ -67.839528994999966, -9.951857599678304 ], [ -67.839522430999978, -9.951762065678338 ], [ -67.839065258999938, -9.951981859678311 ], [ -67.83885467999994, -9.951771279678324 ], [ -67.838432841999975, -9.951788856678323 ] ] ] } },
{ "type": "Feature", "properties": { "num_setor": "AC_RIOBRAN_SR_042_CPRM", "munic": "RIO BRANCO", "grau_risco": "Muito alto", "distancia_km": 0.75, "chuva_24h": 2.2, "chuva_72h": 2.4, "fonte_estacao": "openmeteo", "codigo_estacao": "openmeteo", "nome_estacao": "Open-Meteo (célula de grade)" }, "geometry": { "type": "Polygon", "coordinates": [ [ [ -67.802069527999947, -9.974111013677648 ], [ -67.802410716999987, -9.974184750677624 ], [ -67.802410799999961, -9.974183044677643 ], [ -67.803393625999945, -9.974350995677629 ], [ -67.803443388999938, -9.974360326677621 ], [ -67.803872597999941, -9.974447412677632 ], [ -67.80386047099995, -9.974664654677646 ], [ -67.803605119999986, -9.974584261677624 ], [ -67.802982390999944, -9.974496239677629 ], [ -67.802400488999979, -9.974457910677625 ], [ -67.80222858999997, -9.974496239677629 ], [ -67.801785701999961, -9.97440037567763 ], [ -67.801836589999937, -9.97423490667766 ], [ -67.801931830999933, -9.97426800867764 ], [ -67.802003261999971, -9.97428484967763 ], [ -67.802069527999947, -9.974111013677648 ] ] ] } },
{ "type": "Feature", "properties": { "num_setor": "AC_RIOBRAN_SR_038_CPRM", "munic": "RIO BRANCO", "grau_risco": "Alto", "distancia_km": 1.85, "chuva_24h": 2.2, "chuva_72h": 2.4, "fonte_estacao": "openmeteo", "codigo_estacao": "openmeteo", "nome_estacao": "Open-Meteo (célula de grade)" }, "geometry": { "type": "Polygon", "coordinates": [ [ [ -67.802594202999956, -9.959548693678116 ], [ -67.802735444999939, -9.959638636678088 ], [ -67.802668147999952, -9.959745518678101 ], [ -67.802614863999963, -9.959897758678071 ], [ -67.801742847999947, -9.959730919678108 ], [ -67.801645961999952, -9.959694408678086 ], [ -67.801482846999988, -9.959286622678123 ], [ -67.80166040499995, -9.959216508678084 ], [ -67.801716644999942, -9.959206152678117 ], [ -67.801856923999935, -9.959452999678076 ], [ -67.801952617999973, -9.95959436567812 ], [ -67.802397376999977, -9.959665048678106 ], [ -67.802594202999956, -9.959548693678116 ] ] ] } },
{ "type": "Feature", "properties": { "num_setor": "AC_RIOBRAN_SR_035_CPRM", "munic": "RIO BRANCO", "grau_risco": "Alto", "distancia_km": 0.56, "chuva_24h": 0.5, "chuva_72h": 0.7, "fonte_estacao": "openmeteo", "codigo_estacao": "openmeteo", "nome_estacao": "Open-Meteo (célula de grade)" }, "geometry": { "type": "Polygon", "coordinates": [ [ [ -67.833735718999947, -9.945583091678515 ], [ -67.833706613999937, -9.945806191678528 ], [ -67.833386588999986, -9.945777618678525 ], [ -67.83336944499996, -9.945945250678514 ], [ -67.833109424999975, -9.945913819678495 ], [ -67.832519338999987, -9.945864854678534 ], [ -67.832537951999939, -9.945751902678543 ], [ -67.832169352999983, -9.945686182678536 ], [ -67.831892187999983, -9.945662371678527 ], [ -67.831942027999958, -9.945185165678518 ], [ -67.831975306999936, -9.945040323678523 ], [ -67.832051449999938, -9.944897556678523 ], [ -67.832398801999943, -9.944935514678539 ], [ -67.83252258999994, -9.944658711678576 ], [ -67.832836340999961, -9.944545033678535 ], [ -67.833597151999982, -9.944670181678584 ], [ -67.833810287999938, -9.94481154767856 ], [ -67.834274079999943, -9.944897898678551 ], [ -67.834184745999949, -9.945448069678518 ], [ -67.834457147999956, -9.945480452678536 ], [ -67.834534517999941, -9.944946388678533 ], [ -67.834575839999957, -9.94463103367854 ], [ -67.834703432999959, -9.944454234678574 ], [ -67.835064096999986, -9.94449075467856 ], [ -67.835144566999986, -9.94439506067857 ], [ -67.835327254999982, -9.944437470678567 ], [ -67.835433823999949, -9.944846344678563 ], [ -67.835564314999942, -9.945059481678566 ], [ -67.835340304999988, -9.94666888067848 ], [ -67.835598025999957, -9.946680842678509 ], [ -67.835706768999955, -9.94701033467849 ], [ -67.836198683999953, -9.947199787678503 ], [ -67.836288318999948, -9.94761594967845 ], [ -67.835977538999941, -9.947924864678455 ], [ -67.835744828999964, -9.947997721678465 ], [ -67.835607812999967, -9.947771536678443 ], [ -67.835558435999985, -9.947577534678446 ], [ -67.835355528999969, -9.947611683678485 ], [ -67.835244713999941, -9.947193384678455 ], [ -67.834957528999951, -9.947196284678489 ], [ -67.835145047999958, -9.946020071678511 ], [ -67.834619336999936, -9.945931601678533 ], [ -67.834625861999939, -9.945850044678499 ], [ -67.834381189999988, -9.945810896678509 ], [ -67.834383364999951, -9.945668443678549 ], [ -67.833735718999947, -9.945583091678515 ] ] ] } },
{ "type": "Feature", "properties": { "num_setor": "AC_RIOBRAN_SR_047_CPRM", "munic": "RIO BRANCO", "grau_risco": "Alto", "distancia_km": 1.07, "chuva_24h": 0.4, "chuva_72h": 1.1, "fonte_estacao": "openmeteo", "codigo_estacao": "openmeteo", "nome_estacao": "Open-Meteo (célula de grade)" }, "geometry": { "type": "Polygon", "coordinates": [ [ [ -67.789376237999988, -10.004785179676677 ], [ -67.789512891999948, -10.004742307676686 ], [ -67.789672321999944, -10.00510537867666 ], [ -67.789873283999952, -10.005171026676686 ], [ -67.789953668999942, -10.005354571676644 ], [ -67.790390425999988, -10.005405481676679 ], [ -67.790674451999962, -10.004706134676679 ], [ -67.79094977699998, -10.004816738676714 ], [ -67.790863012999978, -10.004994521676677 ], [ -67.79079496199995, -10.004974956676675 ], [ -67.790663733999963, -10.005227295676656 ], [ -67.790740099999937, -10.005254090676653 ], [ -67.790686509999944, -10.005480507676662 ], [ -67.790653015999965, -10.005472469676693 ], [ -67.790623541999935, -10.00569620667668 ], [ -67.789767497999946, -10.005616535676653 ], [ -67.789657443999943, -10.006102056676657 ], [ -67.789510212999971, -10.006078034676674 ], [ -67.789490116999957, -10.006506753676616 ], [ -67.78944751399996, -10.006529906676644 ], [ -67.789366859999973, -10.006573740676636 ], [ -67.78938829599997, -10.006735849676609 ], [ -67.789285134999943, -10.006750586676612 ], [ -67.789337384999953, -10.007124376676636 ], [ -67.789252980999947, -10.007129735676637 ], [ -67.789072115999943, -10.007035952676627 ], [ -67.788859095999953, -10.006967625676619 ], [ -67.788659473999985, -10.006939491676627 ], [ -67.788579654999978, -10.006387752676654 ], [ -67.788940820999983, -10.006166457676633 ], [ -67.78904264099998, -10.006167797676675 ], [ -67.789097570999957, -10.005822142676637 ], [ -67.789285134999943, -10.005358590676661 ], [ -67.789417769999943, -10.005377347676689 ], [ -67.789449923999939, -10.005165667676687 ], [ -67.789376237999988, -10.004785179676677 ] ] ] } },
{ "type": "Feature", "properties": { "num_setor": "AC_RIOBRAN_SR_054_CPRM", "munic": "RIO BRANCO", "grau_risco": "Alto", "distancia_km": 1.38, "chuva_24h": 2.2, "chuva_72h": 2.4, "fonte_estacao": "openmeteo", "codigo_estacao": "openmeteo", "nome_estacao": "Open-Meteo (célula de grade)" }, "geometry": { "type": "Polygon", "coordinates": [ [ [ -67.799807607999981, -9.979477624677484 ], [ -67.799809251999989, -9.979616353677491 ], [ -67.799709366999934, -9.979947687677488 ], [ -67.799179328999969, -9.979912455677477 ], [ -67.799064109999961, -9.979846808677493 ], [ -67.799206123999966, -9.979652545677471 ], [ -67.79866620599995, -9.979255980677463 ], [ -67.798528211999951, -9.979030902677504 ], [ -67.798270980999973, -9.978803145677503 ], [ -67.797914607999985, -9.978666491677494 ], [ -67.797836902999961, -9.978607542677503 ], [ -67.797815466999964, -9.978288683677512 ], [ -67.797621203999938, -9.978135952677498 ], [ -67.796216036999965, -9.977640784677533 ], [ -67.796099367999943, -9.977973379677556 ], [ -67.795536915999946, -9.977809693677552 ], [ -67.79548641699995, -9.977896760677526 ], [ -67.795361040999978, -9.977848003677519 ], [ -67.79515207999998, -9.977315154677516 ], [ -67.795040634999964, -9.977200225677571 ], [ -67.795124218999945, -9.976914646677546 ], [ -67.797422782999945, -9.977499735677554 ], [ -67.797803408999982, -9.976841757677587 ], [ -67.79808475599998, -9.976241551677601 ], [ -67.798668582999937, -9.976493120677592 ], [ -67.798477301999981, -9.976940228677583 ], [ -67.798410313999966, -9.977193440677535 ], [ -67.798210691999941, -9.977615460677551 ], [ -67.798225428999956, -9.977652973677543 ], [ -67.798102172999961, -9.977813073677504 ], [ -67.798210021999978, -9.977872692677503 ], [ -67.798105959999987, -9.977996964677509 ], [ -67.798647448999986, -9.978405241677512 ], [ -67.799045353999986, -9.978750895677493 ], [ -67.79925435399997, -9.978915684677485 ], [ -67.799483450999958, -9.979017505677474 ], [ -67.799377917999948, -9.979343323677485 ], [ -67.799807607999981, -9.979477624677484 ] ] ] } },
{ "type": "Feature", "properties": { "num_setor": "AC_RIOBRAN_SR_049_CPRM", "munic": "RIO BRANCO", "grau_risco": "Alto", "distancia_km": 1.63, "chuva_24h": 0.4, "chuva_72h": 1.1, "fonte_estacao": "openmeteo", "codigo_estacao": "openmeteo", "nome_estacao": "Open-Meteo (célula de grade)" }, "geometry": { "type": "Polygon", "coordinates": [ [ [ -67.798678095999946, -9.993461644677062 ], [ -67.798785275999933, -9.993599638677054 ], [ -67.798430242999984, -9.99392653667701 ], [ -67.798850922999975, -9.994294966677037 ], [ -67.798816089999946, -9.994368652677045 ], [ -67.799698982999985, -9.994747800677008 ], [ -67.799744533999956, -9.994637941676997 ], [ -67.799873149999939, -9.994544159677032 ], [ -67.800240239999937, -9.994696890676984 ], [ -67.800325983999983, -9.994988954676987 ], [ -67.800236220999977, -9.995290397676985 ], [ -67.799743193999973, -9.995102833677009 ], [ -67.799573046999967, -9.995013070677004 ], [ -67.799232750999977, -9.994889813677023 ], [ -67.798730345999957, -9.994643300676993 ], [ -67.798541441999987, -9.994568274677002 ], [ -67.798447659999965, -9.994719665677026 ], [ -67.798230620999959, -9.994553537676989 ], [ -67.798056453999948, -9.994848281677012 ], [ -67.797783145999972, -9.994706268677001 ], [ -67.797397817999979, -9.994605472677037 ], [ -67.797024848999968, -9.99462588367701 ], [ -67.797145425999986, -9.994162331677037 ], [ -67.79723920899994, -9.994073908677018 ], [ -67.797170881999932, -9.993626433677049 ], [ -67.797985446999974, -9.993358483677035 ], [ -67.798163633999934, -9.993784523677059 ], [ -67.798678095999946, -9.993461644677062 ] ] ] } },
{ "type": "Feature", "properties": { "num_setor": "AC_RIOBRAN_SR_048_CPRM", "munic": "RIO BRANCO", "grau_risco": "Alto", "distancia_km": 1.44, "chuva_24h": 0.4, "chuva_72h": 1.1, "fonte_estacao": "openmeteo", "codigo_estacao": "openmeteo", "nome_estacao": "Open-Meteo (célula de grade)" }, "geometry": { "type": "Polygon", "coordinates": [ [ [ -67.794229925999957, -10.003903251676698 ], [ -67.791518103999977, -10.002851867676734 ], [ -67.791267658999971, -10.002428459676787 ], [ -67.790672167999958, -10.002304519676754 ], [ -67.790668924999977, -10.001841258676771 ], [ -67.790979686999947, -10.001774994676779 ], [ -67.791303708999976, -10.001337792676789 ], [ -67.791398992999973, -10.00097180267683 ], [ -67.791414144999976, -10.000794842676799 ], [ -67.791417728999988, -10.000786527676798 ], [ -67.790012480999962, -10.000177473676823 ], [ -67.79035953999994, -9.999473148676824 ], [ -67.791434740999932, -10.000112825676846 ], [ -67.791700138999943, -9.999741948676833 ], [ -67.791933932999939, -9.999742384676821 ], [ -67.792394256999955, -9.999813402676853 ], [ -67.792748120999988, -9.999687508676848 ], [ -67.793411614999968, -9.999010403676852 ], [ -67.793612364999944, -9.998585086676911 ], [ -67.793544313999973, -9.998326493676908 ], [ -67.793724648999955, -9.998016862676925 ], [ -67.793678871999987, -9.997772224676899 ], [ -67.793719701999976, -9.997715231676917 ], [ -67.793890679999947, -9.997795191676905 ], [ -67.794762422999952, -9.99732274567692 ], [ -67.794952270999943, -9.997412406676929 ], [ -67.795122397999933, -9.997606350676907 ], [ -67.795346965999954, -9.997914280676913 ], [ -67.795857345999934, -9.997585935676918 ], [ -67.796110834999979, -9.997546806676892 ], [ -67.796275857999944, -9.997589337676919 ], [ -67.796361771999955, -9.997381783676943 ], [ -67.796816010999976, -9.997536598676904 ], [ -67.79683472499994, -9.997504274676887 ], [ -67.797266846999946, -9.997638674676917 ], [ -67.797133990999953, -9.997890968676922 ], [ -67.797453986999983, -9.998021460676899 ], [ -67.797860589999971, -9.998480802676882 ], [ -67.797989885999982, -9.998334493676888 ], [ -67.798884753999971, -9.99770502467692 ], [ -67.798949401999948, -9.99777988067688 ], [ -67.799153553999986, -9.997643778676888 ], [ -67.799328784999943, -9.997897267676933 ], [ -67.79953618199994, -9.997758269676916 ], [ -67.799578870999937, -9.997783282676885 ], [ -67.799650324999959, -9.998358311676879 ], [ -67.799805139999933, -9.999042221676874 ], [ -67.799347498999964, -9.999190231676849 ], [ -67.799440910999976, -9.999493563676873 ], [ -67.799063386999933, -9.999680197676867 ], [ -67.799122773999954, -9.999889959676853 ], [ -67.79924882499995, -10.000182071676852 ], [ -67.799209695999934, -10.000212694676833 ], [ -67.799274343999969, -10.000328380676846 ], [ -67.799446171999932, -10.000210992676823 ], [ -67.799546389999932, -10.000526233676821 ], [ -67.79949720999997, -10.001189222676771 ], [ -67.799539741999979, -10.001582215676818 ], [ -67.799170409999988, -10.001594630676776 ], [ -67.799170566999976, -10.00185952267678 ], [ -67.799265680999952, -10.001861729676802 ], [ -67.799269239999944, -10.001987117676755 ], [ -67.799582116999943, -10.001989324676778 ], [ -67.799694557999942, -10.002771402676741 ], [ -67.799211239999977, -10.002841660676729 ], [ -67.799221447999969, -10.003171706676769 ], [ -67.799796475999983, -10.00322274467675 ], [ -67.800230275999979, -10.003113003676731 ], [ -67.800939728999936, -10.002933528676756 ], [ -67.80096776399995, -10.003323466676759 ], [ -67.801014584999962, -10.00397470567672 ], [ -67.80061988999995, -10.004158442676696 ], [ -67.800953338999989, -10.004832144676703 ], [ -67.800720574999957, -10.005104723676704 ], [ -67.800436152999964, -10.005437796676679 ], [ -67.80026262399997, -10.005742323676635 ], [ -67.800473580999949, -10.006063862676653 ], [ -67.800227054999937, -10.006255600676658 ], [ -67.799874891999934, -10.005648247676657 ], [ -67.799401938999949, -10.005535963676648 ], [ -67.799451118999968, -10.005325512676665 ], [ -67.799488546999953, -10.005112853676673 ], [ -67.799704607999956, -10.005157086676659 ], [ -67.799769255999934, -10.00497675267667 ], [ -67.799849215999984, -10.004924012676669 ], [ -67.799747139999965, -10.004815131676706 ], [ -67.799832359999982, -10.004777197676676 ], [ -67.799779463999982, -10.004641602676724 ], [ -67.799815189999947, -10.004633096676699 ], [ -67.799787969999954, -10.004573551676705 ], [ -67.799721620999946, -10.004473176676715 ], [ -67.799706308999987, -10.004194168676712 ], [ -67.799372859999949, -10.004180558676715 ], [ -67.79923845999997, -10.004733470676689 ], [ -67.798663431999955, -10.004655212676726 ], [ -67.79875375599994, -10.004375698676732 ], [ -67.798520681999946, -10.0043144526767 ], [ -67.798522383999966, -10.004210675676715 ], [ -67.798336787999972, -10.004236700676726 ], [ -67.79826533499994, -10.003903251676698 ], [ -67.797921677999966, -10.003944082676732 ], [ -67.797469140999965, -10.00417885767669 ], [ -67.796822658999986, -10.004304751676692 ], [ -67.796431366999968, -10.004321763676689 ], [ -67.796089568999946, -10.00431955667673 ], [ -67.79609297199994, -10.004345075676687 ], [ -67.795107779999967, -10.004379607676713 ], [ -67.794612867999945, -10.004295738676683 ], [ -67.794151666999937, -10.004158442676696 ], [ -67.794229925999957, -10.003903251676698 ] ], [ [ -67.798336787999972, -10.000269342676839 ], [ -67.798076110999943, -9.999795167676826 ], [ -67.798310451999953, -9.999667837676832 ], [ -67.79824605899995, -9.999585547676867 ], [ -67.798304118999965, -9.999524705676839 ], [ -67.798208595999938, -9.999419185676862 ], [ -67.798090103999982, -9.999541199676857 ], [ -67.797853627999984, -9.999316631676841 ], [ -67.797552502999963, -9.998918534676893 ], [ -67.797324532999937, -9.998739901676879 ], [ -67.797052329999985, -9.998420063676891 ], [ -67.796943448999968, -9.9983996486769 ], [ -67.796450080999932, -9.998879405676881 ], [ -67.795738950999976, -9.99820230067688 ], [ -67.795296620999977, -9.998454088676883 ], [ -67.794929146999948, -9.9981478606769 ], [ -67.794687566999983, -9.998317987676879 ], [ -67.794483414999945, -9.998001551676898 ], [ -67.794323494999958, -9.998062796676878 ], [ -67.794292872999961, -9.998311182676877 ], [ -67.793990046999966, -9.998699071676901 ], [ -67.79376377799997, -9.998864094676851 ], [ -67.793785894999985, -9.998910028676868 ], [ -67.793561326999964, -9.999144803676886 ], [ -67.793522197999948, -9.999095466676872 ], [ -67.793408212999964, -9.99920264667686 ], [ -67.793449042999953, -9.999282606676854 ], [ -67.793314642999974, -9.999357462676873 ], [ -67.793100282999944, -9.999587133676865 ], [ -67.793159827999943, -9.999658586676842 ], [ -67.793040738999935, -9.999837219676856 ], [ -67.792880819999937, -9.999743650676855 ], [ -67.792637537999951, -10.000054982676808 ], [ -67.792542266999988, -10.00003796967682 ], [ -67.792501436999942, -10.000254030676818 ], [ -67.792423177999979, -10.000238719676853 ], [ -67.792401061999954, -10.000357808676856 ], [ -67.792334711999956, -10.000510922676852 ], [ -67.792249648999984, -10.000500714676802 ], [ -67.792213166999943, -10.000876884676831 ], [ -67.792224438999938, -10.000876772676811 ], [ -67.792178209999975, -10.001196789676793 ], [ -67.792195930999981, -10.001397634676776 ], [ -67.792078162999985, -10.001699943676771 ], [ -67.792091934999974, -10.001753967676775 ], [ -67.792192259999979, -10.001798098676758 ], [ -67.792332587999965, -10.001995256676796 ], [ -67.792760029999954, -10.002487796676775 ], [ -67.793549417999941, -10.003277184676724 ], [ -67.794491920999974, -10.003481337676751 ], [ -67.796094515999982, -10.003474532676748 ], [ -67.796872965999967, -10.002836994676738 ], [ -67.797546526999952, -10.002319621676774 ], [ -67.797786438999935, -10.002135341676796 ], [ -67.797316004999971, -10.0015813736768 ], [ -67.797559656999965, -10.001390765676778 ], [ -67.797660616999963, -10.00153299867679 ], [ -67.798098609999954, -10.001278194676791 ], [ -67.797943662999955, -10.001096434676814 ], [ -67.798175035999975, -10.000928008676809 ], [ -67.798039058999962, -10.000819927676806 ], [ -67.798301935999973, -10.000518317676807 ], [ -67.79820605599997, -10.000370369676803 ], [ -67.798336787999972, -10.000269342676839 ] ] ] } },
{ "type": "Feature", "properties": { "num_setor": "AC_RIOBRAN_SR_051_CPRM", "munic": "RIO BRANCO", "grau_risco": "Alto", "distancia_km": 2.04, "chuva_24h": 2.2, "chuva_72h": 2.4, "fonte_estacao": "openmeteo", "codigo_estacao": "openmeteo", "nome_estacao": "Open-Meteo (célula de grade)" }, "geometry": { "type": "Polygon", "coordinates": [ [ [ -67.792967583999939, -9.985010664677304 ], [ -67.793505184999958, -9.985019170677333 ], [ -67.793595351999954, -9.985386644677289 ], [ -67.793908385999941, -9.985347515677274 ], [ -67.794253742999956, -9.986463547677269 ], [ -67.794117641999946, -9.986810606677231 ], [ -67.794052993999969, -9.987242728677229 ], [ -67.793464354999969, -9.987167872677261 ], [ -67.793406320999964, -9.987455090677235 ], [ -67.793440536999981, -9.987593190677243 ], [ -67.793603858999973, -9.98791302867723 ], [ -67.793678714999942, -9.98843361667719 ], [ -67.79372975299998, -9.988511875677206 ], [ -67.793787595999959, -9.9890698916772 ], [ -67.792892728999959, -9.989199187677144 ], [ -67.792923350999956, -9.989311471677162 ], [ -67.792552474999979, -9.989365911677149 ], [ -67.792093131999934, -9.988750052677174 ], [ -67.791875369999957, -9.988110375677211 ], [ -67.79190258999995, -9.987484308677244 ], [ -67.792001263999964, -9.986842930677247 ], [ -67.791780098999936, -9.986723841677248 ], [ -67.791812422999953, -9.986643882677242 ], [ -67.791955329999951, -9.986664297677239 ], [ -67.792215623999937, -9.986048438677262 ], [ -67.792302387999939, -9.986085866677247 ], [ -67.792545669999981, -9.985720093677257 ], [ -67.792268362999948, -9.985572083677289 ], [ -67.792312595999988, -9.985451292677265 ], [ -67.792595006999989, -9.985078715677325 ], [ -67.792967583999939, -9.985010664677304 ] ] ] } },
{ "type": "Feature", "properties": { "num_setor": "AC_RIOBRAN_SR_008_CPRM", "munic": "RIO BRANCO", "grau_risco": "Alto", "distancia_km": 1.5, "chuva_24h": 0.4, "chuva_72h": 1.1, "fonte_estacao": "openmeteo", "codigo_estacao": "openmeteo", "nome_estacao": "Open-Meteo (célula de grade)" }, "geometry": { "type": "Polygon", "coordinates": [ [ [ -67.821611315999974, -9.998252098676899 ], [ -67.82176392599996, -9.998407252676863 ], [ -67.821942873999944, -9.998513001676914 ], [ -67.822088589999964, -9.99838214667691 ], [ -67.822908513999948, -9.998979871676864 ], [ -67.82308177799996, -9.99913754967686 ], [ -67.823271659999932, -9.999224293676841 ], [ -67.823497757999974, -9.99940967167686 ], [ -67.823609870999974, -9.999260914676883 ], [ -67.823712404999981, -9.999321322676854 ], [ -67.823667098999977, -9.999401601676887 ], [ -67.823794273999965, -9.999508110676858 ], [ -67.82372830199995, -9.999620978676823 ], [ -67.823853092999968, -9.999703642676867 ], [ -67.823950858999979, -9.999591569676852 ], [ -67.824064520999968, -9.999681386676851 ], [ -67.824175798999988, -9.999535930676871 ], [ -67.824360997999975, -9.999703642676876 ], [ -67.824500889999968, -9.999816510676839 ], [ -67.824435712999957, -9.999910301676824 ], [ -67.824532683999962, -9.99997627367684 ], [ -67.824709933999941, -10.000109012676814 ], [ -67.824837108999986, -10.000218701676811 ], [ -67.825062844999934, -10.000461923676854 ], [ -67.825086689999978, -10.0004563596768 ], [ -67.825291759999971, -10.000639173676827 ], [ -67.825427677999983, -10.000765553676807 ], [ -67.825494444999947, -10.000701966676806 ], [ -67.825612081999964, -10.000836294676805 ], [ -67.825728923999975, -10.000990494676797 ], [ -67.825964991999967, -10.001277432676774 ], [ -67.826147011999979, -10.001476938676772 ], [ -67.826494357999934, -10.001816336676804 ], [ -67.826964110999938, -10.002219322676778 ], [ -67.826793219999956, -10.002457775676783 ], [ -67.826672402999975, -10.00260959067676 ], [ -67.826601661999973, -10.002708946676776 ], [ -67.826395797999965, -10.002547593676772 ], [ -67.826030169999967, -10.002290063676785 ], [ -67.826049245999968, -10.002249526676767 ], [ -67.825790126999948, -10.002056379676764 ], [ -67.825572339999951, -10.001902974676781 ], [ -67.825383961999933, -10.001771030676807 ], [ -67.825104176999957, -10.001588216676787 ], [ -67.825022307999973, -10.00155403867676 ], [ -67.825008000999958, -10.001572319676816 ], [ -67.824815648999959, -10.001437991676823 ], [ -67.824837108999986, -10.001375993676783 ], [ -67.824736163999944, -10.001288560676814 ], [ -67.824755239999945, -10.001242459676803 ], [ -67.824579579999977, -10.001135155676824 ], [ -67.824554939999985, -10.001153437676813 ], [ -67.824400739999987, -10.001039774676842 ], [ -67.824238591999972, -10.000914984676811 ], [ -67.82426800099995, -10.000870472676819 ], [ -67.824107442999946, -10.000761579676819 ], [ -67.823967549999963, -10.000658249676821 ], [ -67.82369730299996, -10.000453179676839 ], [ -67.823411159999978, -10.000219495676825 ], [ -67.823289548999981, -10.00034031267686 ], [ -67.823128194999981, -10.000213932676829 ], [ -67.823035198999946, -10.000107422676862 ], [ -67.823168731999942, -9.999958787676848 ], [ -67.823117861999947, -9.999910301676824 ], [ -67.822133889999975, -9.999334513676846 ], [ -67.82156807299998, -9.998912813676856 ], [ -67.821365085999958, -9.999167997676878 ], [ -67.821204086999956, -9.999061448676867 ], [ -67.820905493999987, -9.998960463676857 ], [ -67.82065750299995, -9.998816755676865 ], [ -67.820253086999969, -9.998447948676903 ], [ -67.819766006999942, -9.998030814676891 ], [ -67.819542178999939, -9.997836236676898 ], [ -67.819364133999954, -9.997668365676931 ], [ -67.819497666999951, -9.99751702767691 ], [ -67.819131402999972, -9.997181285676914 ], [ -67.818969890999938, -9.996979077676961 ], [ -67.819074174999969, -9.996845543676926 ], [ -67.818795660999967, -9.996546682676962 ], [ -67.819285284999978, -9.996151167676937 ], [ -67.819872833999966, -9.996119374676987 ], [ -67.81987410499994, -9.995980753676976 ], [ -67.820077584999979, -9.995988384676993 ], [ -67.820119552999984, -9.99629487567698 ], [ -67.820185683999966, -9.996469105676949 ], [ -67.820267075999936, -9.99664079167693 ], [ -67.820399337999959, -9.996812477676965 ], [ -67.820569751999983, -9.99704012167691 ], [ -67.820905493999987, -9.997494135676902 ], [ -67.821611315999974, -9.998252098676899 ] ] ] } },
{ "type": "Feature", "properties": { "num_setor": "AC_RIOBRAN_SR_053_CPRM", "munic": "RIO BRANCO", "grau_risco": "Muito alto", "distancia_km": 1.48, "chuva_24h": 2.2, "chuva_72h": 2.4, "fonte_estacao": "openmeteo", "codigo_estacao": "openmeteo", "nome_estacao": "Open-Meteo (célula de grade)" }, "geometry": { "type": "Polygon", "coordinates": [ [ [ -67.796808978999934, -9.975318630677586 ], [ -67.79671344999997, -9.975574928677593 ], [ -67.795662628999935, -9.975141551677629 ], [ -67.795557779999967, -9.974969133677599 ], [ -67.79561952399996, -9.974837489677634 ], [ -67.796808978999934, -9.975318630677586 ] ] ] } },
{ "type": "Feature", "properties": { "num_setor": "AC_RIOBRAN_SR_052_CPRM", "munic": "RIO BRANCO", "grau_risco": "Alto", "distancia_km": 1.73, "chuva_24h": 2.2, "chuva_72h": 2.4, "fonte_estacao": "openmeteo", "codigo_estacao": "openmeteo", "nome_estacao": "Open-Meteo (célula de grade)" }, "geometry": { "type": "Polygon", "coordinates": [ [ [ -67.795116045999976, -9.981912696677373 ], [ -67.794907044999945, -9.982597307677409 ], [ -67.794664550999983, -9.982562473677385 ], [ -67.794655172999967, -9.982419120677397 ], [ -67.794805955999948, -9.982428653677365 ], [ -67.794861493999974, -9.981908677677417 ], [ -67.794822640999939, -9.981797478677414 ], [ -67.794661871999949, -9.981545606677392 ], [ -67.794557371999986, -9.981556324677385 ], [ -67.794147333999945, -9.98142970767741 ], [ -67.793775964999952, -9.981355697677422 ], [ -67.793573265999953, -9.981571638677442 ], [ -67.793564284999945, -9.982552090677373 ], [ -67.793335187999958, -9.982817360677368 ], [ -67.793093363999958, -9.982827408677403 ], [ -67.793084655999962, -9.982611039677364 ], [ -67.793088674999979, -9.982489122677359 ], [ -67.79326217199997, -9.982474385677405 ], [ -67.793199873999981, -9.981302107677431 ], [ -67.793130206999933, -9.981323543677426 ], [ -67.792840255999977, -9.980313525677474 ], [ -67.793045802999984, -9.98022629167744 ], [ -67.793459784999982, -9.980876068677453 ], [ -67.793808118999948, -9.980983247677445 ], [ -67.793969724999954, -9.980996310677433 ], [ -67.794039391999945, -9.980956787677435 ], [ -67.794196811999939, -9.980966836677405 ], [ -67.794538447999969, -9.980764534677414 ], [ -67.794479498999976, -9.980388065677428 ], [ -67.794563902999982, -9.980323757677439 ], [ -67.794723254999951, -9.980710275677454 ], [ -67.794940538999981, -9.981138323677436 ], [ -67.794862833999957, -9.981165118677437 ], [ -67.795116045999976, -9.981912696677373 ] ] ] } },
{ "type": "Feature", "properties": { "num_setor": "AC_RIOBRAN_SR_046_CPRM", "munic": "RIO BRANCO", "grau_risco": "Alto", "distancia_km": 1.43, "chuva_24h": 0.4, "chuva_72h": 1.1, "fonte_estacao": "openmeteo", "codigo_estacao": "openmeteo", "nome_estacao": "Open-Meteo (célula de grade)" }, "geometry": { "type": "Polygon", "coordinates": [ [ [ -67.799486151999986, -10.011220327676522 ], [ -67.799634162999951, -10.011453826676497 ], [ -67.799877868999943, -10.011638839676461 ], [ -67.79985617799997, -10.012091801676446 ], [ -67.79959077999996, -10.012075214676493 ], [ -67.799584399999958, -10.012220672676449 ], [ -67.799463184999979, -10.012209189676472 ], [ -67.799479771999984, -10.011723051676505 ], [ -67.799163335999935, -10.011507416676498 ], [ -67.799376419999987, -10.01116418567651 ], [ -67.799486151999986, -10.011220327676522 ] ] ] } },
{ "type": "Feature", "properties": { "num_setor": "AC_RIOBRAN_SR_043_CPRM", "munic": "RIO BRANCO", "grau_risco": "Alto", "distancia_km": 1.19, "chuva_24h": 0.2, "chuva_72h": 0.5, "fonte_estacao": "openmeteo", "codigo_estacao": "openmeteo", "nome_estacao": "Open-Meteo (célula de grade)" }, "geometry": { "type": "Polygon", "coordinates": [ [ [ -67.830158279999978, -10.006736184676644 ], [ -67.829998180999951, -10.006992076676623 ], [ -67.829029222999964, -10.006422330676642 ], [ -67.828537187999984, -10.006148705676678 ], [ -67.828610873999935, -10.005935686676683 ], [ -67.827891429999966, -10.005610128676649 ], [ -67.827864634999969, -10.00565032067667 ], [ -67.827690467999957, -10.005521704676696 ], [ -67.827579268999955, -10.005687833676665 ], [ -67.82719074299996, -10.005506967676675 ], [ -67.827238972999965, -10.00540916667665 ], [ -67.826940209999975, -10.005280550676664 ], [ -67.827060751999966, -10.004995399676659 ], [ -67.827500223999948, -10.005197486676698 ], [ -67.828652439999985, -10.00575042967669 ], [ -67.829278066999962, -10.006068321676677 ], [ -67.829253951999988, -10.006119231676639 ], [ -67.829832721999935, -10.006468905676638 ], [ -67.829800567999939, -10.006513116676622 ], [ -67.830158279999978, -10.006736184676644 ] ] ] } },
{ "type": "Feature", "properties": { "num_setor": "AC_RIOBRAN_SR_050_CPRM", "munic": "RIO BRANCO", "grau_risco": "Muito alto", "distancia_km": 1.96, "chuva_24h": 2.2, "chuva_72h": 2.4, "fonte_estacao": "openmeteo", "codigo_estacao": "openmeteo", "nome_estacao": "Open-Meteo (célula de grade)" }, "geometry": { "type": "Polygon", "coordinates": [ [ [ -67.794224570999972, -9.984366792677308 ], [ -67.794697511999971, -9.984814686677277 ], [ -67.794233487999975, -9.984948226677313 ], [ -67.794096833999959, -9.985023252677301 ], [ -67.793934724999986, -9.985272445677305 ], [ -67.793908385999941, -9.985347515677274 ], [ -67.793595351999954, -9.985386644677289 ], [ -67.793505184999958, -9.985019170677333 ], [ -67.793765916999973, -9.984972342677326 ], [ -67.793924006999987, -9.984981720677284 ], [ -67.794137025999987, -9.984753963677296 ], [ -67.793937403999962, -9.984594533677305 ], [ -67.794009749999987, -9.984485344677308 ], [ -67.794224570999972, -9.984366792677308 ] ] ] } },
{ "type": "Feature", "properties": { "num_setor": "AC_RIOBRAN_SR_045_CPRM", "munic": "RIO BRANCO", "grau_risco": "Alto", "distancia_km": 1.12, "chuva_24h": 0.4, "chuva_72h": 1.1, "fonte_estacao": "openmeteo", "codigo_estacao": "openmeteo", "nome_estacao": "Open-Meteo (célula de grade)" }, "geometry": { "type": "Polygon", "coordinates": [ [ [ -67.805959783999981, -9.992531525677055 ], [ -67.806834470999945, -9.992445446677081 ], [ -67.806843848999961, -9.992898280677059 ], [ -67.807324817999984, -9.992883543677049 ], [ -67.807291324999937, -9.994033715677 ], [ -67.807154000999958, -9.994040414677045 ], [ -67.80716672799997, -9.994259463677045 ], [ -67.807136583999977, -9.994259463677052 ], [ -67.807105769999964, -9.994456405676988 ], [ -67.806911171999957, -9.994633587676992 ], [ -67.806734062999965, -9.994556570677037 ], [ -67.806461686999967, -9.994252429677022 ], [ -67.806505439999967, -9.993938725677026 ], [ -67.806329051999967, -9.993910124677036 ], [ -67.805692671999964, -9.993926201677031 ], [ -67.805473623999944, -9.994200849677034 ], [ -67.805439794999984, -9.994351068677011 ], [ -67.805452187999947, -9.994350900677022 ], [ -67.805448168999988, -9.994427266676997 ], [ -67.806245313999966, -9.994440636677028 ], [ -67.806325766999976, -9.994499225677012 ], [ -67.806229477999977, -9.994638339676996 ], [ -67.806512429999941, -9.995015414676997 ], [ -67.806563339999968, -9.995236473676998 ], [ -67.80647584999997, -9.995263669676964 ], [ -67.806497691999937, -9.995349011676996 ], [ -67.806320845999949, -9.995421358677007 ], [ -67.80631012799995, -9.995381165676989 ], [ -67.806166153999982, -9.995424454677005 ], [ -67.806182973999967, -9.995473431676958 ], [ -67.806059594999965, -9.995503082676983 ], [ -67.805997966999939, -9.995686627676946 ], [ -67.806772339999952, -9.995646435676983 ], [ -67.806779038999935, -9.996080513676979 ], [ -67.806867461999957, -9.99636520967697 ], [ -67.806631666999976, -9.996469709676932 ], [ -67.806480275999945, -9.996485786676917 ], [ -67.806355678999978, -9.996452962676958 ], [ -67.806240460999959, -9.996507222676978 ], [ -67.806035479999935, -9.996537366676966 ], [ -67.805987918999961, -9.99633506467692 ], [ -67.805815091999932, -9.996138122676985 ], [ -67.805581975999985, -9.996009506676952 ], [ -67.804950954999981, -9.99575629467699 ], [ -67.805049563999944, -9.99550262067698 ], [ -67.804857611999978, -9.995444242676983 ], [ -67.804658890999974, -9.99527800567701 ], [ -67.804748771999982, -9.995095958677004 ], [ -67.80460035599998, -9.995015812676991 ], [ -67.80461467899994, -9.994884119676984 ], [ -67.804881852999983, -9.994271254677011 ], [ -67.805057973999965, -9.994355357677009 ], [ -67.805328763999967, -9.99384179767703 ], [ -67.805615569999986, -9.993562451677018 ], [ -67.805813751999949, -9.993352789677049 ], [ -67.80597050199998, -9.993055366677064 ], [ -67.805959783999981, -9.992531525677055 ] ] ] } },
{ "type": "Feature", "properties": { "num_setor": "AC_RIOBRAN_SR_044_CPRM", "munic": "RIO BRANCO", "grau_risco": "Muito alto", "distancia_km": 1.09, "chuva_24h": 0.4, "chuva_72h": 1.1, "fonte_estacao": "openmeteo", "codigo_estacao": "openmeteo", "nome_estacao": "Open-Meteo (célula de grade)" }, "geometry": { "type": "Polygon", "coordinates": [ [ [ -67.81527972899994, -9.99569600667696 ], [ -67.815628732999983, -9.996110657676972 ], [ -67.815451215999985, -9.99624865167697 ], [ -67.814715695999951, -9.995449492676991 ], [ -67.81496354899997, -9.995260588676981 ], [ -67.815315901999952, -9.995669211676963 ], [ -67.81527972899994, -9.99569600667696 ] ] ] } },
{ "type": "Feature", "properties": { "num_setor": "AC_RIOBRAN_SR_012_CPRM", "munic": "RIO BRANCO", "grau_risco": "Muito alto", "distancia_km": 1.36, "chuva_24h": 0.4, "chuva_72h": 1.1, "fonte_estacao": "openmeteo", "codigo_estacao": "openmeteo", "nome_estacao": "Open-Meteo (célula de grade)" }, "geometry": { "type": "Polygon", "coordinates": [ [ [ -67.815939340999932, -9.993392411677025 ], [ -67.816234229999964, -9.993539100677046 ], [ -67.816369150999947, -9.993645912677053 ], [ -67.816203363999932, -9.993831423677026 ], [ -67.81608358699998, -9.993719685677044 ], [ -67.815819916999942, -9.993586243677052 ], [ -67.815869756999973, -9.993465662677025 ], [ -67.815598976999979, -9.993308610677074 ], [ -67.815547257999981, -9.993364827677016 ], [ -67.815198915999986, -9.99321058667706 ], [ -67.815296596999985, -9.993072569677084 ], [ -67.815543851999962, -9.993184053677027 ], [ -67.815738394999983, -9.993255766677034 ], [ -67.815902715999982, -9.993121605677034 ], [ -67.816003199999955, -9.993226108677076 ], [ -67.81597265299996, -9.993266302677027 ], [ -67.81602989199996, -9.993313557677052 ], [ -67.815939340999932, -9.993392411677025 ] ] ] } },
{ "type": "Feature", "properties": { "num_setor": "AC_RIOBRAN_SR_009_CPRM", "munic": "RIO BRANCO", "grau_risco": "Muito alto", "distancia_km": 0.96, "chuva_24h": 2.2, "chuva_72h": 2.4, "fonte_estacao": "openmeteo", "codigo_estacao": "openmeteo", "nome_estacao": "Open-Meteo (célula de grade)" }, "geometry": { "type": "Polygon", "coordinates": [ [ [ -67.82024053899994, -9.974578700677606 ], [ -67.82033946699994, -9.974635230677656 ], [ -67.820468723999966, -9.974795275677618 ], [ -67.820605413999942, -9.974930728677602 ], [ -67.820718687999943, -9.975063702677589 ], [ -67.820761975999972, -9.975124335677625 ], [ -67.820546314999945, -9.97524592567761 ], [ -67.820472678999977, -9.975285544677616 ], [ -67.820240966999961, -9.975117876677599 ], [ -67.819887774999984, -9.974751441677626 ], [ -67.819830976999981, -9.974695260677635 ], [ -67.819907530999956, -9.974549560677616 ], [ -67.819651938999982, -9.974384104677636 ], [ -67.819179030999976, -9.974187162677644 ], [ -67.818929476999983, -9.974087931677666 ], [ -67.818595072999983, -9.973901287677675 ], [ -67.818193084999962, -9.973724749677674 ], [ -67.817948399999977, -9.973677486677676 ], [ -67.817770727999971, -9.973734085677677 ], [ -67.817385774999934, -9.973761304677627 ], [ -67.817214683999964, -9.973776858677637 ], [ -67.817073649999941, -9.973741144677666 ], [ -67.816691701999957, -9.973770778677645 ], [ -67.816618165999955, -9.974011142677616 ], [ -67.816314143999932, -9.973931021677624 ], [ -67.816268900999944, -9.97401530867767 ], [ -67.816146217999972, -9.973980410677648 ], [ -67.816167995999933, -9.973848074677678 ], [ -67.816224144999978, -9.973700535677672 ], [ -67.816175851999958, -9.973623706677648 ], [ -67.816174754999963, -9.973513951677669 ], [ -67.815931097999965, -9.973299928677667 ], [ -67.815745611999944, -9.973214319677673 ], [ -67.81579620499997, -9.973103133677641 ], [ -67.816066233999948, -9.97320183467766 ], [ -67.816059442999972, -9.973234555677681 ], [ -67.816270584999984, -9.973446314677643 ], [ -67.816365659999974, -9.973491382677659 ], [ -67.816415049999932, -9.97337778567767 ], [ -67.816531145999988, -9.973437932677658 ], [ -67.816604309999946, -9.973475611677671 ], [ -67.81662605799994, -9.973429214677671 ], [ -67.816868201999966, -9.973546946677633 ], [ -67.816877308999949, -9.973520539677686 ], [ -67.817168862999949, -9.973600040677638 ], [ -67.817271963999985, -9.973384577677693 ], [ -67.817857233999973, -9.973608683677641 ], [ -67.817889337999986, -9.973515460677687 ], [ -67.818323531999965, -9.973523678677687 ], [ -67.818622939999955, -9.973624777677635 ], [ -67.818779589999963, -9.973689559677664 ], [ -67.818922348999934, -9.973741430677652 ], [ -67.819296331999965, -9.973904405677668 ], [ -67.819241556999941, -9.974031068677672 ], [ -67.81934819099996, -9.974074183677647 ], [ -67.819373155999983, -9.974018128677638 ], [ -67.819479084999955, -9.974068570677662 ], [ -67.81953961499994, -9.974111446677613 ], [ -67.819680337999955, -9.974183458677649 ], [ -67.819693302999951, -9.974153206677661 ], [ -67.819877896999969, -9.974234082677624 ], [ -67.819871723999938, -9.974251369677619 ], [ -67.819866166999986, -9.974264334677612 ], [ -67.819963328999961, -9.974310692677633 ], [ -67.820076823999955, -9.974356090677629 ], [ -67.820157566999967, -9.974385339677648 ], [ -67.820233503999987, -9.974414355677634 ], [ -67.82024053899994, -9.974578700677606 ] ] ] } },
{ "type": "Feature", "properties": { "num_setor": "AC_RIOBRAN_SR_004_CPRM", "munic": "RIO BRANCO", "grau_risco": "Muito alto", "distancia_km": 1.62, "chuva_24h": 2.2, "chuva_72h": 2.4, "fonte_estacao": "openmeteo", "codigo_estacao": "openmeteo", "nome_estacao": "Open-Meteo (célula de grade)" }, "geometry": { "type": "Polygon", "coordinates": [ [ [ -67.786973713999942, -9.959025999678097 ], [ -67.786972467999988, -9.959023240678112 ], [ -67.786868092999953, -9.958961734678102 ], [ -67.786834543999987, -9.958857359678134 ], [ -67.786800994999965, -9.958678431678109 ], [ -67.786832679999975, -9.958581512678128 ], [ -67.786810313999979, -9.958391401678139 ], [ -67.786773036999932, -9.958253477678138 ], [ -67.786213886999974, -9.957545220678179 ], [ -67.786146788999986, -9.957616046678137 ], [ -67.786064779999947, -9.95752658167816 ], [ -67.786109511999939, -9.957474394678169 ], [ -67.785964132999936, -9.957347653678141 ], [ -67.785803843999986, -9.95720227467814 ], [ -67.785928719999959, -9.957075534678163 ], [ -67.785503125999981, -9.956706577678192 ], [ -67.785460214999944, -9.9567173056782 ], [ -67.785424428999988, -9.956669590678212 ], [ -67.78563401699995, -9.956466357678178 ], [ -67.78568142499995, -9.956509882678198 ], [ -67.785705059999941, -9.956497745678201 ], [ -67.785707998999953, -9.956500773678187 ], [ -67.785917971999936, -9.956383306678198 ], [ -67.786025328999983, -9.956286386678221 ], [ -67.786111810999955, -9.956359448678171 ], [ -67.786044712999967, -9.956445930678203 ], [ -67.786055460999933, -9.956590937678213 ], [ -67.786243707999972, -9.956762409678182 ], [ -67.786120694999966, -9.956868648678169 ], [ -67.786323852999942, -9.957150087678148 ], [ -67.786441274999959, -9.957051304678156 ], [ -67.786502780999967, -9.95699166167817 ], [ -67.786571360999972, -9.957057385678187 ], [ -67.786655764999978, -9.957002455678161 ], [ -67.786773036999932, -9.957110946678144 ], [ -67.786661206999952, -9.957209730678196 ], [ -67.786819632999936, -9.957360700678176 ], [ -67.786709666999968, -9.957470666678146 ], [ -67.786853181999959, -9.957621637678182 ], [ -67.78699138099995, -9.957534463678131 ], [ -67.787056348999954, -9.957692424678143 ], [ -67.787300182999957, -9.957563809678156 ], [ -67.787367169999982, -9.957679027678168 ], [ -67.78709949399996, -9.957885211678137 ], [ -67.787130893999972, -9.957960855678129 ], [ -67.787186808999934, -9.958065230678168 ], [ -67.787257633999957, -9.958214336678143 ], [ -67.787235267999961, -9.958242294678112 ], [ -67.787211037999953, -9.958214336678138 ], [ -67.787158850999958, -9.958244158678134 ], [ -67.787121573999968, -9.958216200678155 ], [ -67.787086160999934, -9.958139783678154 ], [ -67.787019062999946, -9.958113689678132 ], [ -67.786994833999984, -9.958212472678133 ], [ -67.786937054999953, -9.958275843678139 ], [ -67.786955692999982, -9.958363443678106 ], [ -67.786983650999957, -9.958361579678156 ], [ -67.78698551399998, -9.95845849967812 ], [ -67.786940781999988, -9.95845849967812 ], [ -67.786955692999982, -9.958553554678145 ], [ -67.78695382899997, -9.958602014678116 ], [ -67.786972467999988, -9.958618788678127 ], [ -67.787002288999986, -9.958644882678145 ], [ -67.786970603999976, -9.958695206678115 ], [ -67.786944509999955, -9.95873807467809 ], [ -67.787011607999943, -9.95876789567809 ], [ -67.78695382899997, -9.958859223678143 ], [ -67.786942645999943, -9.958855495678115 ], [ -67.786925871999983, -9.958890908678098 ], [ -67.786948237999979, -9.95891700267812 ], [ -67.787027608999949, -9.958956687678102 ], [ -67.787011117999953, -9.958999816678103 ], [ -67.786973713999942, -9.959025999678097 ] ] ] } },
{ "type": "Feature", "properties": { "num_setor": "AC_RIOBRAN_SR_013_CPRM", "munic": "RIO BRANCO", "grau_risco": "Muito alto", "distancia_km": 1.09, "chuva_24h": 0.2, "chuva_72h": 0.5, "fonte_estacao": "openmeteo", "codigo_estacao": "openmeteo", "nome_estacao": "Open-Meteo (célula de grade)" }, "geometry": { "type": "Polygon", "coordinates": [ [ [ -67.828770927999983, -10.003885200676713 ], [ -67.828952776999984, -10.003621725676719 ], [ -67.829070015999946, -10.003691770676749 ], [ -67.829144532999976, -10.003607815676713 ], [ -67.829285120999941, -10.003651034676736 ], [ -67.829412804999947, -10.003604718676726 ], [ -67.829467934999968, -10.00364010567675 ], [ -67.829559245999974, -10.003684463676716 ], [ -67.829469684999935, -10.003854883676736 ], [ -67.829517198999952, -10.003870777676735 ], [ -67.829469048999954, -10.003977154676734 ], [ -67.829486749999944, -10.00398386967672 ], [ -67.829360607999945, -10.004199181676734 ], [ -67.828770927999983, -10.003885200676713 ] ] ] } },
{ "type": "Feature", "properties": { "num_setor": "AC_RIOBRAN_SR_010_CPRM", "munic": "RIO BRANCO", "grau_risco": "Muito alto", "distancia_km": 0.35, "chuva_24h": 2.2, "chuva_72h": 2.4, "fonte_estacao": "openmeteo", "codigo_estacao": "openmeteo", "nome_estacao": "Open-Meteo (célula de grade)" }, "geometry": { "type": "Polygon", "coordinates": [ [ [ -67.812371295999981, -9.974103614677627 ], [ -67.812463944999934, -9.974080451677644 ], [ -67.812554277999936, -9.973966956677657 ], [ -67.812614499999938, -9.973848829677648 ], [ -67.812692995999953, -9.973679184677678 ], [ -67.81277546299998, -9.973709047677639 ], [ -67.812880092999933, -9.973506543677681 ], [ -67.813006119999955, -9.973554560677661 ], [ -67.813234358999978, -9.973654675677668 ], [ -67.81327713099995, -9.973590879677671 ], [ -67.813481624999952, -9.973662321677637 ], [ -67.813791848999983, -9.973769218677665 ], [ -67.813823796999941, -9.973706022677682 ], [ -67.81392786899994, -9.973476595677665 ], [ -67.813960895999969, -9.973399720677675 ], [ -67.814181598999937, -9.973520536677659 ], [ -67.814273793999973, -9.973349318677675 ], [ -67.814318792999984, -9.973369074677647 ], [ -67.814454576999935, -9.973140647677683 ], [ -67.814630497999985, -9.973204441677664 ], [ -67.814721258999953, -9.973042996677655 ], [ -67.814767721999942, -9.972903608677685 ], [ -67.815382460999956, -9.973160940677664 ], [ -67.815301338999973, -9.973314319677639 ], [ -67.814840130999983, -9.973303220677693 ], [ -67.814609644999962, -9.973416268677637 ], [ -67.814633790999949, -9.973534804677637 ], [ -67.814317695999932, -9.973722486677675 ], [ -67.814342407999959, -9.973879328677638 ], [ -67.81424948199998, -9.973940087677642 ], [ -67.814135111999974, -9.974011568677662 ], [ -67.814068550999934, -9.973947484677637 ], [ -67.813769887999968, -9.973994882677625 ], [ -67.813704076999954, -9.97440119367762 ], [ -67.813590373999943, -9.974386338677659 ], [ -67.813589460999935, -9.974268044677657 ], [ -67.81334256599996, -9.974229719677613 ], [ -67.813247600999944, -9.974292257677618 ], [ -67.81297200399996, -9.974273050677635 ], [ -67.812971197999957, -9.974275014677618 ], [ -67.812795748999974, -9.974422976677639 ], [ -67.812734942999953, -9.974418620677604 ], [ -67.812626080999962, -9.974457996677627 ], [ -67.812549644999933, -9.974478842677609 ], [ -67.812502976999951, -9.974476508677618 ], [ -67.812224662999938, -9.974468821677631 ], [ -67.812024907999955, -9.974858453677625 ], [ -67.812238930999968, -9.975014305677593 ], [ -67.812144884999952, -9.975265528677609 ], [ -67.812482453999962, -9.975510014677585 ], [ -67.812510260999943, -9.975908585677576 ], [ -67.812428489999945, -9.975894396677564 ], [ -67.812338456999953, -9.976205012677594 ], [ -67.812238776999948, -9.976188935677595 ], [ -67.81232360499996, -9.976627832677568 ], [ -67.812334761999978, -9.977180083677537 ], [ -67.812275308999972, -9.977382721677548 ], [ -67.812382132999971, -9.977405611677517 ], [ -67.812338258999944, -9.977692700677542 ], [ -67.81228198499997, -9.977685070677518 ], [ -67.812207589999957, -9.978015079677553 ], [ -67.812252417999957, -9.978088520677529 ], [ -67.812202820999971, -9.978131441677519 ], [ -67.812327766999942, -9.978346996677519 ], [ -67.812214266999945, -9.978656022677475 ], [ -67.812264816999971, -9.978682728677505 ], [ -67.812204251999958, -9.978868238677491 ], [ -67.812008935999984, -9.978790326677501 ], [ -67.812177545999987, -9.978406607677499 ], [ -67.811890293999966, -9.978118220677505 ], [ -67.812080259999959, -9.977914455677524 ], [ -67.812072629999989, -9.97778283367756 ], [ -67.81209335799997, -9.977505891677543 ], [ -67.811853689999964, -9.977433860677539 ], [ -67.811891082999978, -9.977302797677515 ], [ -67.811939159999952, -9.977165121677565 ], [ -67.812009295999985, -9.977002105677528 ], [ -67.812039111999979, -9.976998788677529 ], [ -67.812094894999973, -9.97682307267754 ], [ -67.812135760999979, -9.976744597677531 ], [ -67.811935913999946, -9.976544158677573 ], [ -67.811908427999981, -9.976529512677558 ], [ -67.81188332399995, -9.976536611677576 ], [ -67.811406561999945, -9.976358677677558 ], [ -67.811481619999938, -9.976132711677609 ], [ -67.811579301999984, -9.975956005677563 ], [ -67.811617715999944, -9.975956005677563 ], [ -67.811761495999974, -9.97571344667762 ], [ -67.81161113099995, -9.975635520677603 ], [ -67.811673690999953, -9.97543027767763 ], [ -67.811484911999969, -9.975340278677619 ], [ -67.811676042999977, -9.974907523677613 ], [ -67.812046858999963, -9.974060532677635 ], [ -67.812287802999947, -9.974175264677616 ], [ -67.812315759999933, -9.974196628677637 ], [ -67.812371295999981, -9.974103614677627 ] ] ] } },
{ "type": "Feature", "properties": { "num_setor": "AC_RIOBRAN_SR_005_CPRM", "munic": "RIO BRANCO", "grau_risco": "Muito alto", "distancia_km": 1.3, "chuva_24h": 2.2, "chuva_72h": 2.4, "fonte_estacao": "openmeteo", "codigo_estacao": "openmeteo", "nome_estacao": "Open-Meteo (célula de grade)" }, "geometry": { "type": "Polygon", "coordinates": [ [ [ -67.776832074999959, -9.95559974167821 ], [ -67.776375221999956, -9.955552850678199 ], [ -67.776183637999964, -9.95561313867824 ], [ -67.776111291999939, -9.955374663678249 ], [ -67.776302875999988, -9.955338490678237 ], [ -67.776309573999981, -9.955361266678219 ], [ -67.776389958999971, -9.955345189678214 ], [ -67.77684547299998, -9.955441651678202 ], [ -67.776832074999959, -9.95559974167821 ] ] ] } },
{ "type": "Feature", "properties": { "num_setor": "AC_RIOBRAN_SR_007_CPRM", "munic": "RIO BRANCO", "grau_risco": "Alto", "distancia_km": 1.65, "chuva_24h": 0.5, "chuva_72h": 0.7, "fonte_estacao": "openmeteo", "codigo_estacao": "openmeteo", "nome_estacao": "Open-Meteo (célula de grade)" }, "geometry": { "type": "Polygon", "coordinates": [ [ [ -67.843495044999941, -9.99046491967715 ], [ -67.843510993999985, -9.990592511677162 ], [ -67.843152040999939, -9.990613855677163 ], [ -67.843223911999985, -9.990384449677149 ], [ -67.843309456999975, -9.990065469677129 ], [ -67.843127924999976, -9.989956227677128 ], [ -67.84323595799998, -9.989658586677155 ], [ -67.843116807999934, -9.989107134677152 ], [ -67.842796610999983, -9.988962009677197 ], [ -67.842677370999979, -9.988900813677203 ], [ -67.842463011999939, -9.988723966677176 ], [ -67.842503203999968, -9.988627504677195 ], [ -67.841412650999985, -9.988123760677198 ], [ -67.841165038999975, -9.987983301677232 ], [ -67.841050777999953, -9.987695437677221 ], [ -67.84122416799994, -9.98762240967724 ], [ -67.841098814999953, -9.987328052677219 ], [ -67.841146917999936, -9.987114904677233 ], [ -67.840920731999972, -9.987038059677262 ], [ -67.840944080999975, -9.986983839677229 ], [ -67.840775511999936, -9.986883936677248 ], [ -67.84092319399997, -9.986718880677243 ], [ -67.841023095999958, -9.986540793677248 ], [ -67.841329060999954, -9.986649766677264 ], [ -67.841330257999971, -9.986645911677268 ], [ -67.84168208899996, -9.986750157677244 ], [ -67.841968764999933, -9.986789250677246 ], [ -67.842021574999933, -9.986800999677255 ], [ -67.842060722999975, -9.986937290677233 ], [ -67.842562390999944, -9.986883644677267 ], [ -67.842690707999964, -9.987065607677254 ], [ -67.842818299999976, -9.987325141677251 ], [ -67.843043760999933, -9.987234522677211 ], [ -67.843152212999939, -9.987444659677212 ], [ -67.843218245999935, -9.987549008677234 ], [ -67.843328347999943, -9.987383854677242 ], [ -67.843491012999948, -9.987488095677206 ], [ -67.843723900999976, -9.987681538677212 ], [ -67.84398080699998, -9.987636682677216 ], [ -67.844414915999948, -9.987592284677216 ], [ -67.844630323999979, -9.986904668677248 ], [ -67.845065296999962, -9.986985862677262 ], [ -67.845421973999976, -9.987168551677241 ], [ -67.845681715999945, -9.987381919677242 ], [ -67.845184036999967, -9.98814385667721 ], [ -67.844851779999942, -9.988575254677185 ], [ -67.844952260999946, -9.988711908677194 ], [ -67.844857138999942, -9.988801671677198 ], [ -67.844992075999983, -9.988964988677182 ], [ -67.844842735999976, -9.989130278677166 ], [ -67.844631048999986, -9.988915691677208 ], [ -67.844448359999944, -9.988788099677199 ], [ -67.844349766999983, -9.989159276677169 ], [ -67.84428279499997, -9.989591105677189 ], [ -67.843987288999983, -9.98967544367715 ], [ -67.843695614999945, -9.990122677677174 ], [ -67.843716880999978, -9.990451870677131 ], [ -67.843495044999941, -9.99046491967715 ] ] ] } },
{ "type": "Feature", "properties": { "num_setor": "AC_RIOBRAN_SR_006_CPRM", "munic": "RIO BRANCO", "grau_risco": "Alto", "distancia_km": 0.95, "chuva_24h": 2.2, "chuva_72h": 2.4, "fonte_estacao": "openmeteo", "codigo_estacao": "openmeteo", "nome_estacao": "Open-Meteo (célula de grade)" }, "geometry": { "type": "Polygon", "coordinates": [ [ [ -67.770756794999954, -9.945467498678543 ], [ -67.771004647999973, -9.945644274678518 ], [ -67.770811759999958, -9.946206594678527 ], [ -67.77088422099996, -9.946705460678501 ], [ -67.770924641999954, -9.948257809678465 ], [ -67.771132276999936, -9.948442585678423 ], [ -67.770937975999971, -9.948673079678416 ], [ -67.770948320999935, -9.949029786678441 ], [ -67.770675198999982, -9.949052082678437 ], [ -67.770591589999981, -9.948411081678442 ], [ -67.770558145999985, -9.947789588678472 ], [ -67.770577654999954, -9.946986943678471 ], [ -67.770429945999979, -9.945788550678529 ], [ -67.770317984999963, -9.94532123467852 ], [ -67.770233762999965, -9.945092631678547 ], [ -67.770054097999946, -9.944998510678534 ], [ -67.770145533999937, -9.944821354678535 ], [ -67.770243978999986, -9.94487260467854 ], [ -67.77048498299996, -9.944318246678563 ], [ -67.770499480999945, -9.944302633678552 ], [ -67.770499480999945, -9.94425090567859 ], [ -67.770528635999938, -9.944054111678566 ], [ -67.770645254999977, -9.943733409678568 ], [ -67.770849337999948, -9.943522037678612 ], [ -67.771024265999984, -9.943215912678601 ], [ -67.771259149999935, -9.943028763678612 ], [ -67.771414427999957, -9.942961585678615 ], [ -67.771532325999942, -9.943067425678629 ], [ -67.771701133999954, -9.942905315678615 ], [ -67.771820084999945, -9.942576068678591 ], [ -67.771987552999974, -9.942431375678616 ], [ -67.772070348999932, -9.942519129678599 ], [ -67.772133871999984, -9.942586456678615 ], [ -67.772286602999941, -9.94257841767859 ], [ -67.772357878999969, -9.942488785678625 ], [ -67.772556944999963, -9.942238452678632 ], [ -67.772732451999957, -9.942325535678618 ], [ -67.773037913999985, -9.942062945678643 ], [ -67.773143753999989, -9.941752124678631 ], [ -67.773553715999981, -9.941860643678659 ], [ -67.773753624999983, -9.942069314678658 ], [ -67.773421705999965, -9.942401233678604 ], [ -67.77294341299995, -9.942902523678637 ], [ -67.772948558999985, -9.942911529678602 ], [ -67.772889265999936, -9.942964469678591 ], [ -67.772626740999954, -9.943320741678615 ], [ -67.772520220999979, -9.94323174767861 ], [ -67.772448603999976, -9.943171914678581 ], [ -67.772390732999952, -9.943250895678585 ], [ -67.772135775999971, -9.943598852678601 ], [ -67.772092339999972, -9.94355375367857 ], [ -67.77189539699998, -9.943761413678562 ], [ -67.771707831999947, -9.94391012567856 ], [ -67.771556181999983, -9.943753679678554 ], [ -67.771288329999948, -9.944196514678547 ], [ -67.77116283099997, -9.944507751678545 ], [ -67.77099519099994, -9.944930495678516 ], [ -67.770839074999969, -9.945312711678557 ], [ -67.770756794999954, -9.945467498678543 ] ] ] } },
{ "type": "Feature", "properties": { "num_setor": "AC_RIOBRAN_SR_030_CPRM", "munic": "RIO BRANCO", "grau_risco": "Alto", "distancia_km": 1.64, "chuva_24h": 0.5, "chuva_72h": 0.7, "fonte_estacao": "openmeteo", "codigo_estacao": "openmeteo", "nome_estacao": "Open-Meteo (célula de grade)" }, "geometry": { "type": "Polygon", "coordinates": [ [ [ -67.879750741999942, -9.932958541678898 ], [ -67.880258572999935, -9.933299995678913 ], [ -67.88011623899996, -9.933446865678889 ], [ -67.87993234299995, -9.93364144867888 ], [ -67.880029420999961, -9.933727990678896 ], [ -67.879978015999939, -9.93390678267888 ], [ -67.879678015999957, -9.934306775678897 ], [ -67.879386452999938, -9.934126443678887 ], [ -67.879131660999974, -9.93447135967889 ], [ -67.878613589999986, -9.935111835678875 ], [ -67.878274190999946, -9.935225279678837 ], [ -67.878150332999951, -9.935190276678846 ], [ -67.877784665999968, -9.935055110678841 ], [ -67.877330864999976, -9.934751859678856 ], [ -67.877092316999949, -9.934274763678873 ], [ -67.877684621999947, -9.933682771678884 ], [ -67.877867310999989, -9.933802388678872 ], [ -67.877987291999943, -9.933679175678886 ], [ -67.878352304999964, -9.933526181678928 ], [ -67.879230949999965, -9.932440924678959 ], [ -67.879075016999934, -9.932199338678952 ], [ -67.879272187999959, -9.932100753678972 ], [ -67.879681146999985, -9.932573591678905 ], [ -67.879907331999959, -9.932769328678907 ], [ -67.879750741999942, -9.932958541678898 ] ] ] } },
{ "type": "Feature", "properties": { "num_setor": "AC_RIOBRAN_SR_034_CPRM", "munic": "RIO BRANCO", "grau_risco": "Alto", "distancia_km": 1.06, "chuva_24h": 0.6, "chuva_72h": 0.9, "fonte_estacao": "openmeteo", "codigo_estacao": "openmeteo", "nome_estacao": "Open-Meteo (célula de grade)" }, "geometry": { "type": "Polygon", "coordinates": [ [ [ -67.88918997199994, -9.911359368679603 ], [ -67.889325018999955, -9.910717112679629 ], [ -67.889833408999948, -9.910846706679608 ], [ -67.889764312999944, -9.911089918679593 ], [ -67.889594749999958, -9.911935561679563 ], [ -67.889000655999951, -9.911789437679591 ], [ -67.888817814999982, -9.911364390679585 ], [ -67.888979284999948, -9.911212418679622 ], [ -67.88918997199994, -9.911359368679603 ] ] ] } },
{ "type": "Feature", "properties": { "num_setor": "AC_RIOBRAN_SR_031_CPRM", "munic": "RIO BRANCO", "grau_risco": "Alto", "distancia_km": 0.29, "chuva_24h": 0.5, "chuva_72h": 0.7, "fonte_estacao": "openmeteo", "codigo_estacao": "openmeteo", "nome_estacao": "Open-Meteo (célula de grade)" }, "geometry": { "type": "Polygon", "coordinates": [ [ [ -67.866906473999961, -9.94314354667863 ], [ -67.86682779399996, -9.943219842678594 ], [ -67.866863420999948, -9.943300003678624 ], [ -67.866578403999938, -9.943442512678622 ], [ -67.86651011899994, -9.943463294678597 ], [ -67.866406205999965, -9.943347506678586 ], [ -67.866305262999958, -9.94314265067861 ], [ -67.866234007999935, -9.942973421678619 ], [ -67.866189473999952, -9.942756689678616 ], [ -67.866275572999939, -9.942578553678631 ], [ -67.866260728999976, -9.942430107678614 ], [ -67.866228069999977, -9.942281660678658 ], [ -67.866159784999979, -9.942112431678607 ], [ -67.866418346999978, -9.941995271678618 ], [ -67.866303062999975, -9.94187601167865 ], [ -67.866210916999933, -9.941713962678621 ], [ -67.866563611999936, -9.941434349678648 ], [ -67.866719305999936, -9.941624994678627 ], [ -67.866713795999942, -9.941853733678641 ], [ -67.867011751999939, -9.941744989678652 ], [ -67.867055248999975, -9.941462257678651 ], [ -67.867230173999985, -9.941449160678676 ], [ -67.867227425999943, -9.941644270678667 ], [ -67.867269836999981, -9.941923479678643 ], [ -67.867411208999954, -9.94252430867863 ], [ -67.867541976999973, -9.942619733678615 ], [ -67.867683348999947, -9.942778776678606 ], [ -67.867817651999985, -9.94297669667861 ], [ -67.867997899999978, -9.943093328678616 ], [ -67.868151611999963, -9.943322188678605 ], [ -67.868156942999974, -9.943319522678603 ], [ -67.868248834999974, -9.943545717678575 ], [ -67.868126909999944, -9.943587223678579 ], [ -67.868132202999959, -9.943598731678577 ], [ -67.867679813999985, -9.943909748678568 ], [ -67.867534908999971, -9.943637608678584 ], [ -67.867467787999942, -9.943663873678616 ], [ -67.867414742999983, -9.943542182678614 ], [ -67.867301645999987, -9.943407880678567 ], [ -67.867288388999953, -9.943361481678583 ], [ -67.867340522999939, -9.943284179678619 ], [ -67.867255632999957, -9.942991108678591 ], [ -67.86698303299994, -9.943137451678616 ], [ -67.866980343999955, -9.943130470678611 ], [ -67.866931663999935, -9.943150514678603 ], [ -67.866906473999961, -9.94314354667863 ] ] ] } },
{ "type": "Feature", "properties": { "num_setor": "AC_RIOBRAN_SR_029_CPRM", "munic": "RIO BRANCO", "grau_risco": "Muito alto", "distancia_km": 2.16, "chuva_24h": 2.2, "chuva_72h": 2.4, "fonte_estacao": "openmeteo", "codigo_estacao": "openmeteo", "nome_estacao": "Open-Meteo (célula de grade)" }, "geometry": { "type": "Polygon", "coordinates": [ [ [ -67.797364194999943, -9.959247700678128 ], [ -67.797215771999959, -9.959349098678098 ], [ -67.797433389999981, -9.959696384678105 ], [ -67.797650755999939, -9.959954549678089 ], [ -67.797705851999979, -9.959849045678062 ], [ -67.797813851999933, -9.959916072678066 ], [ -67.797696267999982, -9.960187226678073 ], [ -67.797399463999966, -9.959919280678067 ], [ -67.797293656999955, -9.959800247678096 ], [ -67.797198136999953, -9.959698849678077 ], [ -67.797102054999982, -9.959619712678075 ], [ -67.797029489999943, -9.959547147678103 ], [ -67.797079103999977, -9.959500461678081 ], [ -67.79702032299997, -9.959404941678082 ], [ -67.796973296999965, -9.959315299678106 ], [ -67.796783041999959, -9.959093272678109 ], [ -67.796914480999988, -9.958961834678128 ], [ -67.796789887999978, -9.958729762678114 ], [ -67.796945971999946, -9.958677734678142 ], [ -67.797364194999943, -9.959247700678128 ] ] ] } },
{ "type": "Feature", "properties": { "num_setor": "AC_RIOBRAN_SR_019_CPRM", "munic": "RIO BRANCO", "grau_risco": "Alto", "distancia_km": 0.78, "chuva_24h": 2.2, "chuva_72h": 2.4, "fonte_estacao": "openmeteo", "codigo_estacao": "openmeteo", "nome_estacao": "Open-Meteo (célula de grade)" }, "geometry": { "type": "Polygon", "coordinates": [ [ [ -67.816659044999938, -9.946592038678476 ], [ -67.81650598799996, -9.94648456067852 ], [ -67.816605411999944, -9.946362095678527 ], [ -67.816578424999989, -9.946341962678506 ], [ -67.816699342999982, -9.946178484678518 ], [ -67.81663456299998, -9.946122269678487 ], [ -67.816850748999968, -9.945786105678522 ], [ -67.816837350999947, -9.945777396678546 ], [ -67.81696663699995, -9.945576769678514 ], [ -67.817200421999985, -9.945687298678498 ], [ -67.816978024999969, -9.945974004678479 ], [ -67.816807876999974, -9.946319659678522 ], [ -67.816813235999973, -9.946443920678512 ], [ -67.81700079999996, -9.946559138678477 ], [ -67.816802226999982, -9.946831919678502 ], [ -67.816605435999975, -9.947157442678499 ], [ -67.816277272999969, -9.947515639678462 ], [ -67.816067290999968, -9.947367116678457 ], [ -67.815831701999969, -9.947735864678476 ], [ -67.815801922999981, -9.947974980678456 ], [ -67.816017426999963, -9.948144728678473 ], [ -67.815966515999946, -9.948200327678414 ], [ -67.816219727999965, -9.948424735678426 ], [ -67.816095131999987, -9.948526556678466 ], [ -67.815851072999976, -9.948295766678424 ], [ -67.81564001199996, -9.948483371678426 ], [ -67.815433036999934, -9.948346294678451 ], [ -67.815322267999989, -9.948259568678447 ], [ -67.815536411999972, -9.948012876678437 ], [ -67.815434445999983, -9.947914195678447 ], [ -67.815501309999945, -9.947841252678481 ], [ -67.815557701999978, -9.947779396678481 ], [ -67.815470635999986, -9.947707695678464 ], [ -67.815532255999983, -9.947633475678474 ], [ -67.815495230999943, -9.947598661678477 ], [ -67.815627854999946, -9.947471011678456 ], [ -67.815547458999959, -9.94740552767845 ], [ -67.815664325999933, -9.947291969678497 ], [ -67.815737268999953, -9.947335072678497 ], [ -67.816074973999946, -9.947047022678509 ], [ -67.816156917999933, -9.947113601678472 ], [ -67.816293063999979, -9.947054419678507 ], [ -67.816398464999963, -9.94701939667849 ], [ -67.816659044999938, -9.946592038678476 ] ] ] } },
{ "type": "Feature", "properties": { "num_setor": "AC_RIOBRAN_SR_018_CPRM", "munic": "RIO BRANCO", "grau_risco": "Alto", "distancia_km": 0.98, "chuva_24h": 2.2, "chuva_72h": 2.4, "fonte_estacao": "openmeteo", "codigo_estacao": "openmeteo", "nome_estacao": "Open-Meteo (célula de grade)" }, "geometry": { "type": "Polygon", "coordinates": [ [ [ -67.818629014999942, -9.944196315678544 ], [ -67.818843422999976, -9.944153212678556 ], [ -67.818879894999952, -9.944228366678558 ], [ -67.81920261199997, -9.944168685678571 ], [ -67.819240187999981, -9.944229471678575 ], [ -67.819287711999948, -9.944351042678536 ], [ -67.819311841999934, -9.944431099678585 ], [ -67.819353012999954, -9.944442078678556 ], [ -67.81940928299997, -9.944574292678562 ], [ -67.819576956999981, -9.944515083678544 ], [ -67.819722494999951, -9.944791678678532 ], [ -67.819439305999936, -9.944810080678554 ], [ -67.819360654999969, -9.944614079678555 ], [ -67.819273343999953, -9.944601922678537 ], [ -67.819236872999966, -9.944515717678534 ], [ -67.819152643999985, -9.944491484678565 ], [ -67.818955019999976, -9.944480505678534 ], [ -67.818907258999957, -9.944378366678571 ], [ -67.818812242999968, -9.944387773678562 ], [ -67.818581700999971, -9.944395783678546 ], [ -67.818560264999974, -9.94433951467858 ], [ -67.818109439999944, -9.944487556678553 ], [ -67.818067907999932, -9.944408511678555 ], [ -67.817738330999987, -9.944525069678546 ], [ -67.817699477999952, -9.944437985678578 ], [ -67.817329707999988, -9.944628229678584 ], [ -67.817273173999979, -9.944513238678558 ], [ -67.81755947399995, -9.944322097678542 ], [ -67.817579570999953, -9.944346212678578 ], [ -67.818116531999976, -9.944174681678543 ], [ -67.818576727999982, -9.944043588678557 ], [ -67.818629014999942, -9.944196315678544 ] ] ] } },
{ "type": "Feature", "properties": { "num_setor": "AC_RIOBRAN_SR_023_CPRM", "munic": "RIO BRANCO", "grau_risco": "Alto", "distancia_km": 0.57, "chuva_24h": 2.2, "chuva_72h": 2.4, "fonte_estacao": "openmeteo", "codigo_estacao": "openmeteo", "nome_estacao": "Open-Meteo (célula de grade)" }, "geometry": { "type": "Polygon", "coordinates": [ [ [ -67.808436782999934, -9.949347870678389 ], [ -67.808538350999982, -9.949281540678408 ], [ -67.808619190999934, -9.949451511678388 ], [ -67.808658573999935, -9.949596607678426 ], [ -67.808726976999935, -9.949747922678402 ], [ -67.808604680999963, -9.949826689678401 ], [ -67.808511403999944, -9.949613190678415 ], [ -67.808534204999944, -9.94953856967841 ], [ -67.808436782999934, -9.949347870678389 ] ] ] } },
{ "type": "Feature", "properties": { "num_setor": "AC_RIOBRAN_SR_021_CPRM", "munic": "RIO BRANCO", "grau_risco": "Muito alto", "distancia_km": 0.66, "chuva_24h": 2.2, "chuva_72h": 2.4, "fonte_estacao": "openmeteo", "codigo_estacao": "openmeteo", "nome_estacao": "Open-Meteo (célula de grade)" }, "geometry": { "type": "Polygon", "coordinates": [ [ [ -67.81277524099994, -9.949819411678398 ], [ -67.812470875999963, -9.949692132678374 ], [ -67.812532746999977, -9.949520647678423 ], [ -67.812428350999937, -9.949479654678397 ], [ -67.812437201999956, -9.94945766367842 ], [ -67.812385708999955, -9.949436937678414 ], [ -67.812427574999958, -9.949337981678431 ], [ -67.812478447999979, -9.949355185678392 ], [ -67.81252147899994, -9.949248276678441 ], [ -67.813027052999985, -9.949467003678386 ], [ -67.813138918999982, -9.94951384467841 ], [ -67.813040617999945, -9.949713776678388 ], [ -67.812961464999944, -9.949860943678404 ], [ -67.812917615999936, -9.950012068678404 ], [ -67.812735047999979, -9.949949366678362 ], [ -67.81277524099994, -9.949819411678398 ] ] ] } },
{ "type": "Feature", "properties": { "num_setor": "AC_RIOBRAN_SR_025_CPRM", "munic": "RIO BRANCO", "grau_risco": "Muito alto", "distancia_km": 1.2, "chuva_24h": 2.2, "chuva_72h": 2.4, "fonte_estacao": "openmeteo", "codigo_estacao": "openmeteo", "nome_estacao": "Open-Meteo (célula de grade)" }, "geometry": { "type": "Polygon", "coordinates": [ [ [ -67.803309662999936, -9.95279425067829 ], [ -67.803257288999987, -9.952615077678304 ], [ -67.80355826999994, -9.9525444716783 ], [ -67.803727166999977, -9.952468819678341 ], [ -67.803861670999936, -9.952182103678343 ], [ -67.804013002999966, -9.952148474678312 ], [ -67.804144335999979, -9.952088368678345 ], [ -67.80423452499997, -9.952069840678336 ], [ -67.804224805999979, -9.9520383466783 ], [ -67.804313975999946, -9.952020947678298 ], [ -67.804341161999957, -9.952180799678315 ], [ -67.804115094999986, -9.952236674678305 ], [ -67.803993758999979, -9.952303477678338 ], [ -67.803909230999977, -9.952459384678297 ], [ -67.80392237999996, -9.95258335767833 ], [ -67.803965582999979, -9.952720479678279 ], [ -67.80397497499996, -9.952788101678298 ], [ -67.803924135999978, -9.952858240678291 ], [ -67.803958733999934, -9.95293896967828 ], [ -67.803915786999937, -9.952970208678291 ], [ -67.803915786999937, -9.953046159678273 ], [ -67.803898697999955, -9.953160085678308 ], [ -67.803921483999943, -9.953281607678271 ], [ -67.803972750999947, -9.953384141678281 ], [ -67.803997434999985, -9.953522752678285 ], [ -67.804018138999936, -9.953633493678302 ], [ -67.803938389999985, -9.953658177678278 ], [ -67.803978263999966, -9.95379488967825 ], [ -67.803890920999947, -9.953821472678257 ], [ -67.803915604999986, -9.953912613678249 ], [ -67.80386053999996, -9.953931601678264 ], [ -67.803879527999982, -9.954032236678291 ], [ -67.803862911999943, -9.954036422678245 ], [ -67.803897734999964, -9.954240717678243 ], [ -67.803988526999944, -9.954359949678269 ], [ -67.804082863999952, -9.954407593678278 ], [ -67.804136496999945, -9.954462680678237 ], [ -67.804182627999978, -9.954779233678231 ], [ -67.804067300999975, -9.954790368678252 ], [ -67.804045825999935, -9.954639051678241 ], [ -67.803808808999975, -9.954674445678252 ], [ -67.803770631999953, -9.95460763467824 ], [ -67.80360320799997, -9.954637063678238 ], [ -67.803482710999958, -9.954529689678255 ], [ -67.803407549999974, -9.954343575678228 ], [ -67.803507764999949, -9.954271595678261 ], [ -67.803481517999955, -9.954149109678253 ], [ -67.803548330999945, -9.954094679678283 ], [ -67.803577012999938, -9.954024277678274 ], [ -67.803642606999972, -9.953963483678244 ], [ -67.803641782999932, -9.953944702678248 ], [ -67.803622694999945, -9.953759781678283 ], [ -67.803735191999976, -9.953728137678295 ], [ -67.80388329699997, -9.953616109678249 ], [ -67.803894707999973, -9.9535621346783 ], [ -67.803744896999945, -9.953247429678315 ], [ -67.803693629999941, -9.953089831678271 ], [ -67.803764268999942, -9.953032822678288 ], [ -67.80381119499998, -9.953005581678289 ], [ -67.803850962999945, -9.952969591678274 ], [ -67.803823276999935, -9.952894860678292 ], [ -67.803775005999967, -9.952777511678304 ], [ -67.803851360999943, -9.952740129678288 ], [ -67.803769339999974, -9.9525775176783 ], [ -67.803309662999936, -9.95279425067829 ] ] ] } },
{ "type": "Feature", "properties": { "num_setor": "AC_RIOBRAN_SR_024_CPRM", "munic": "RIO BRANCO", "grau_risco": "Muito alto", "distancia_km": 1.03, "chuva_24h": 2.2, "chuva_72h": 2.4, "fonte_estacao": "openmeteo", "codigo_estacao": "openmeteo", "nome_estacao": "Open-Meteo (célula de grade)" }, "geometry": { "type": "Polygon", "coordinates": [ [ [ -67.806161705999955, -9.952783317678294 ], [ -67.806433106999975, -9.952668209678315 ], [ -67.806516532999979, -9.952819222678302 ], [ -67.806411985999944, -9.952884696678295 ], [ -67.806465230999947, -9.953005719678309 ], [ -67.806615800999964, -9.953530989678256 ], [ -67.806453170999987, -9.953590127678298 ], [ -67.806425713999943, -9.953499308678262 ], [ -67.80631339699994, -9.95318771867831 ], [ -67.806161705999955, -9.952783317678294 ] ] ] } },
{ "type": "Feature", "properties": { "num_setor": "AC_RIOBRAN_SR_028_CPRM", "munic": "RIO BRANCO", "grau_risco": "Alto", "distancia_km": 1.97, "chuva_24h": 2.2, "chuva_72h": 2.4, "fonte_estacao": "openmeteo", "codigo_estacao": "openmeteo", "nome_estacao": "Open-Meteo (célula de grade)" }, "geometry": { "type": "Polygon", "coordinates": [ [ [ -67.797997525999961, -9.959955782678076 ], [ -67.79832050999994, -9.959981604678068 ], [ -67.798328296999955, -9.959933239678072 ], [ -67.798422905999985, -9.959939945678094 ], [ -67.79850960899995, -9.959901737678058 ], [ -67.798663474999955, -9.959847574678101 ], [ -67.798752082999954, -9.959844425678096 ], [ -67.798959288999981, -9.959842955678059 ], [ -67.799122410999985, -9.959847860678085 ], [ -67.799126573999956, -9.959795137678082 ], [ -67.799311796999973, -9.959779876678091 ], [ -67.799313692999988, -9.959841323678097 ], [ -67.79952684999995, -9.959840923678069 ], [ -67.799540182999976, -9.959978280678092 ], [ -67.799661378999986, -9.959954418678059 ], [ -67.799764596999978, -9.959951702678072 ], [ -67.800262886999974, -9.95987699667811 ], [ -67.800318765999975, -9.959741826678091 ], [ -67.800415505999979, -9.959609220678074 ], [ -67.800569450999944, -9.959622279678102 ], [ -67.800752143999944, -9.959453701678108 ], [ -67.800779014999932, -9.959242936678089 ], [ -67.800461528999961, -9.959104887678105 ], [ -67.800314802999935, -9.959101808678099 ], [ -67.800184530999957, -9.958954246678118 ], [ -67.799644503999957, -9.95925439267813 ], [ -67.799512629999981, -9.959096543678134 ], [ -67.799974711999937, -9.958714631678124 ], [ -67.80047267499998, -9.958487805678107 ], [ -67.80057199099997, -9.958559652678126 ], [ -67.800462837999987, -9.958625934678096 ], [ -67.800531491999948, -9.958715492678111 ], [ -67.800445827999965, -9.958770416678091 ], [ -67.800789641999984, -9.958985471678092 ], [ -67.801087120999966, -9.958998637678132 ], [ -67.801076065999951, -9.959755279678104 ], [ -67.800717273999965, -9.959735477678102 ], [ -67.800622927999939, -9.959871447678076 ], [ -67.800545639999939, -9.960125556678092 ], [ -67.800321853999947, -9.960097583678106 ], [ -67.799846309999964, -9.960125556678092 ], [ -67.79977071999997, -9.960155804678068 ], [ -67.799728214999959, -9.96023182367807 ], [ -67.799553113999934, -9.960204987678047 ], [ -67.799412058999962, -9.960232817678074 ], [ -67.799383226999964, -9.960350133678071 ], [ -67.799197311999933, -9.960296446678077 ], [ -67.799210236999954, -9.960207962678076 ], [ -67.799074030999975, -9.960190067678099 ], [ -67.799099139999953, -9.960113188678097 ], [ -67.798907005999979, -9.960143339678069 ], [ -67.798799108999958, -9.960161846678053 ], [ -67.798675666999941, -9.960182419678089 ], [ -67.798445768999954, -9.960207040678052 ], [ -67.798439731999963, -9.96011450867806 ], [ -67.798321507999958, -9.960122168678049 ], [ -67.798306880999974, -9.960167893678058 ], [ -67.798142465999945, -9.960104566678096 ], [ -67.798075697999934, -9.960093992678052 ], [ -67.798016380999968, -9.96008868567807 ], [ -67.797993836999979, -9.960089914678097 ], [ -67.797997525999961, -9.959955782678076 ] ] ] } },
{ "type": "Feature", "properties": { "num_setor": "AC_RIOBRAN_SR_027_CPRM", "munic": "RIO BRANCO", "grau_risco": "Muito alto", "distancia_km": 1.79, "chuva_24h": 2.2, "chuva_72h": 2.4, "fonte_estacao": "openmeteo", "codigo_estacao": "openmeteo", "nome_estacao": "Open-Meteo (célula de grade)" }, "geometry": { "type": "Polygon", "coordinates": [ [ [ -67.796886816999972, -9.954250182678244 ], [ -67.79713148999997, -9.954233870678232 ], [ -67.797179336999989, -9.954333914678257 ], [ -67.797493667999959, -9.954290799678276 ], [ -67.797490983999978, -9.954234430678278 ], [ -67.797646833999977, -9.954212451678288 ], [ -67.797708000999933, -9.954234809678258 ], [ -67.797914508999952, -9.954189660678237 ], [ -67.797906584999964, -9.954729954678236 ], [ -67.797686795999937, -9.954737947678236 ], [ -67.797554921999961, -9.95467201067825 ], [ -67.797377092999966, -9.954538138678259 ], [ -67.797208696999974, -9.954550313678252 ], [ -67.797208911999974, -9.954653368678263 ], [ -67.797059718999947, -9.954665581678254 ], [ -67.79692971299994, -9.954635785678215 ], [ -67.796868014999973, -9.954585952678229 ], [ -67.796799197999974, -9.95456696867822 ], [ -67.796792078999943, -9.954609682678239 ], [ -67.796708829999943, -9.954601669678226 ], [ -67.796699767999939, -9.954624050678229 ], [ -67.796574816999964, -9.95460803067826 ], [ -67.796558797999978, -9.954495895678269 ], [ -67.796328119999941, -9.954361333678236 ], [ -67.796049383999957, -9.954310071678247 ], [ -67.795866973999978, -9.95432665267826 ], [ -67.795850210999959, -9.954271981678277 ], [ -67.795625939999979, -9.954159846678273 ], [ -67.795619532999979, -9.953967614678268 ], [ -67.795810072999984, -9.953951462678262 ], [ -67.795811066999988, -9.953692970678276 ], [ -67.795648366999956, -9.95365043267827 ], [ -67.795649079999976, -9.953501993678293 ], [ -67.795889657999965, -9.953512048678249 ], [ -67.795895064999968, -9.953301211678262 ], [ -67.795964173999948, -9.953272424678296 ], [ -67.796138557999939, -9.953326842678292 ], [ -67.796116130999962, -9.953403735678263 ], [ -67.796087295999939, -9.953493443678273 ], [ -67.796072875999982, -9.953699751678295 ], [ -67.796068072999958, -9.953890721678242 ], [ -67.796102367999936, -9.953956433678279 ], [ -67.796311149999951, -9.953993219678287 ], [ -67.796278340999947, -9.954162233678277 ], [ -67.796354987999962, -9.954165761678254 ], [ -67.796437050999941, -9.954169101678289 ], [ -67.796545981999941, -9.953951239678293 ], [ -67.796693359999949, -9.954034539678259 ], [ -67.796792679999953, -9.954069782678278 ], [ -67.796847144999958, -9.954185121678263 ], [ -67.796886816999972, -9.954250182678244 ] ] ] } },
{ "type": "Feature", "properties": { "num_setor": "AC_RIOBRAN_SR_015_CPRM", "munic": "RIO BRANCO", "grau_risco": "Muito alto", "distancia_km": 1.18, "chuva_24h": 0.5, "chuva_72h": 0.7, "fonte_estacao": "openmeteo", "codigo_estacao": "openmeteo", "nome_estacao": "Open-Meteo (célula de grade)" }, "geometry": { "type": "Polygon", "coordinates": [ [ [ -67.829311257999962, -9.941327132678664 ], [ -67.829174312999953, -9.941439748678629 ], [ -67.828977678999934, -9.94160682167862 ], [ -67.828893862999962, -9.941507766678662 ], [ -67.828634057999977, -9.94167464967868 ], [ -67.828565307999952, -9.941626525678632 ], [ -67.828483030999962, -9.941566244678631 ], [ -67.828463345999978, -9.941552822678634 ], [ -67.828507563999949, -9.941463205678684 ], [ -67.828520123999965, -9.941437749678682 ], [ -67.828522291999946, -9.941437131678681 ], [ -67.828581876999976, -9.941452027678659 ], [ -67.828805041999942, -9.941452027678659 ], [ -67.828946965999933, -9.941332741678641 ], [ -67.829067173999988, -9.94120831667867 ], [ -67.829209430999981, -9.941112142678652 ], [ -67.829330513999935, -9.941010373678687 ], [ -67.829361652999978, -9.940981458678655 ], [ -67.829398943999934, -9.940934676678696 ], [ -67.829500975999963, -9.941060972678642 ], [ -67.829261618999965, -9.94127133867867 ], [ -67.829311257999962, -9.941327132678664 ] ] ] } },
{ "type": "Feature", "properties": { "num_setor": "AC_RIOBRAN_SR_014_CPRM", "munic": "RIO BRANCO", "grau_risco": "Muito alto", "distancia_km": 0.86, "chuva_24h": 0.2, "chuva_72h": 0.5, "fonte_estacao": "openmeteo", "codigo_estacao": "openmeteo", "nome_estacao": "Open-Meteo (célula de grade)" }, "geometry": { "type": "Polygon", "coordinates": [ [ [ -67.831315273999962, -10.005240470676702 ], [ -67.831526313999973, -10.004972713676697 ], [ -67.831685911999955, -10.005107251676684 ], [ -67.831505209999932, -10.005327524676654 ], [ -67.831315273999962, -10.005240470676702 ] ] ] } },
{ "type": "Feature", "properties": { "num_setor": "AC_RIOBRAN_SR_017_CPRM", "munic": "RIO BRANCO", "grau_risco": "Alto", "distancia_km": 1.21, "chuva_24h": 0.5, "chuva_72h": 0.7, "fonte_estacao": "openmeteo", "codigo_estacao": "openmeteo", "nome_estacao": "Open-Meteo (célula de grade)" }, "geometry": { "type": "Polygon", "coordinates": [ [ [ -67.828581876999976, -9.941452027678659 ], [ -67.828522291999946, -9.941437131678681 ], [ -67.828520123999965, -9.941437749678682 ], [ -67.828507563999949, -9.941463205678684 ], [ -67.828463345999978, -9.941552822678634 ], [ -67.828515978999974, -9.94159038367863 ], [ -67.828565307999952, -9.941626525678632 ], [ -67.828634057999977, -9.94167464967868 ], [ -67.828798830999972, -9.941971241678651 ], [ -67.829100124999968, -9.941754526678642 ], [ -67.82922162999995, -9.941960124678666 ], [ -67.829002051999964, -9.94217446267864 ], [ -67.828719225999976, -9.942419657678624 ], [ -67.828985834999969, -9.942719761678632 ], [ -67.82926852099996, -9.9431618776786 ], [ -67.829115789999946, -9.943318627678574 ], [ -67.828616064999949, -9.94301048567859 ], [ -67.828341416999933, -9.942742536678617 ], [ -67.828261031999943, -9.942838998678612 ], [ -67.827908314999945, -9.942496450678629 ], [ -67.828009159999965, -9.942333914678626 ], [ -67.827907135999965, -9.942233560678645 ], [ -67.827745629999981, -9.942113315678638 ], [ -67.827561725999942, -9.941903475678629 ], [ -67.827229921999958, -9.941620716678681 ], [ -67.827160099999958, -9.941541096678671 ], [ -67.827397159999975, -9.941334484678674 ], [ -67.827415645999963, -9.941367107678658 ], [ -67.827580687999955, -9.94124366167868 ], [ -67.827878976999955, -9.941153697678644 ], [ -67.827950754999961, -9.941087693678689 ], [ -67.828114864999975, -9.940954970678657 ], [ -67.828177098999959, -9.940996920678677 ], [ -67.828376180999953, -9.940785536678682 ], [ -67.828436451999949, -9.940685696678662 ], [ -67.828443806999985, -9.940667191678706 ], [ -67.828575935999936, -9.940556970678706 ], [ -67.828793421999933, -9.940347096678705 ], [ -67.828821694999988, -9.94036993267868 ], [ -67.829079490999959, -9.940156615678713 ], [ -67.829436093999959, -9.940501511678701 ], [ -67.829562235999958, -9.940389506678697 ], [ -67.829734050999946, -9.940504774678699 ], [ -67.82988194099994, -9.940616779678704 ], [ -67.829979809999941, -9.940466713678695 ], [ -67.830221219999942, -9.940614604678675 ], [ -67.830081341999971, -9.94083995567865 ], [ -67.830069552999987, -9.940854397678663 ], [ -67.830027341999937, -9.94090610367868 ], [ -67.829932636999956, -9.941022113678676 ], [ -67.829633766999962, -9.940716366678661 ], [ -67.829470524999977, -9.940844875678694 ], [ -67.829361652999978, -9.940981458678655 ], [ -67.829330513999935, -9.941010373678687 ], [ -67.829209430999981, -9.941112142678652 ], [ -67.829067173999988, -9.94120831667867 ], [ -67.828946965999933, -9.941332741678641 ], [ -67.828805041999942, -9.941452027678659 ], [ -67.828581876999976, -9.941452027678659 ] ] ] } },
{ "type": "Feature", "properties": { "num_setor": "AC_RIOBRAN_SR_016_CPRM", "munic": "RIO BRANCO", "grau_risco": "Muito alto", "distancia_km": 1.09, "chuva_24h": 0.5, "chuva_72h": 0.7, "fonte_estacao": "openmeteo", "codigo_estacao": "openmeteo", "nome_estacao": "Open-Meteo (célula de grade)" }, "geometry": { "type": "Polygon", "coordinates": [ [ [ -67.830081341999971, -9.94083995567865 ], [ -67.83008216199994, -9.940838950678653 ], [ -67.830220090999944, -9.940913219678691 ], [ -67.830413334999946, -9.941036369678665 ], [ -67.830031470999984, -9.941404811678677 ], [ -67.829947769999933, -9.941321110678684 ], [ -67.829847922999988, -9.941428471678632 ], [ -67.829656640999985, -9.941254901678672 ], [ -67.829716710999946, -9.941191434678656 ], [ -67.829576682999971, -9.941056838678653 ], [ -67.829631831999961, -9.940992204678645 ], [ -67.829470524999977, -9.940844875678694 ], [ -67.829633766999962, -9.940716366678661 ], [ -67.829932636999956, -9.941022113678676 ], [ -67.830027341999937, -9.94090610367868 ], [ -67.830069552999987, -9.940854397678663 ], [ -67.830081341999971, -9.94083995567865 ] ] ] } },
{ "type": "Feature", "properties": { "num_setor": "AC_CZS_SR_08_CPRM", "munic": "CRUZEIRO DO SUL", "grau_risco": "Muito alto", "distancia_km": 0.6, "chuva_24h": 0.2, "chuva_72h": 13.2, "fonte_estacao": "openmeteo", "codigo_estacao": "openmeteo", "nome_estacao": "Open-Meteo (célula de grade)" }, "geometry": { "type": "Polygon", "coordinates": [ [ [ -72.658619524999949, -7.634643129751163 ], [ -72.658705013999963, -7.634748807751117 ], [ -72.658706455999948, -7.634755708751126 ], [ -72.658487753999964, -7.634766411751164 ], [ -72.657806586999982, -7.634690063751118 ], [ -72.657747044999951, -7.634579087751142 ], [ -72.658061763999967, -7.634437076751174 ], [ -72.658273750999967, -7.634462364751128 ], [ -72.658416537999983, -7.63451377275118 ], [ -72.658533860999967, -7.634556012751145 ], [ -72.65854, -7.63455954175117 ], [ -72.658551564999982, -7.634563613751137 ], [ -72.658563269999945, -7.634576771751139 ], [ -72.658571937999966, -7.634584304751168 ], [ -72.658619524999949, -7.634643129751163 ] ] ] } },
{ "type": "Feature", "properties": { "num_setor": "AC_CZS_SR_10_CPRM", "munic": "CRUZEIRO DO SUL", "grau_risco": "Muito alto", "distancia_km": 1.32, "chuva_24h": 0.2, "chuva_72h": 13.2, "fonte_estacao": "openmeteo", "codigo_estacao": "openmeteo", "nome_estacao": "Open-Meteo (célula de grade)" }, "geometry": { "type": "Polygon", "coordinates": [ [ [ -72.667472731999965, -7.638739570751039 ], [ -72.668011007999951, -7.638321073751049 ], [ -72.669096913999965, -7.637974980751043 ], [ -72.66888856099996, -7.638618945751018 ], [ -72.66833623499997, -7.639108141750992 ], [ -72.66798794999994, -7.639002554750986 ], [ -72.667683340999986, -7.638996926750989 ], [ -72.667681327999958, -7.638997613751005 ], [ -72.667421561999959, -7.639072831751005 ], [ -72.667472731999965, -7.638739570751039 ] ] ] } },
{ "type": "Feature", "properties": { "num_setor": "AC_CZS_SR_09_CPRM", "munic": "CRUZEIRO DO SUL", "grau_risco": "Muito alto", "distancia_km": 1.12, "chuva_24h": 0.2, "chuva_72h": 13.2, "fonte_estacao": "openmeteo", "codigo_estacao": "openmeteo", "nome_estacao": "Open-Meteo (célula de grade)" }, "geometry": { "type": "Polygon", "coordinates": [ [ [ -72.666168821999975, -7.635785034751122 ], [ -72.665969627999971, -7.636104698751077 ], [ -72.665619828999979, -7.635915978751092 ], [ -72.665201194999952, -7.635614095751082 ], [ -72.665062979999959, -7.635493423751107 ], [ -72.665098255999965, -7.635419232751107 ], [ -72.66522206999997, -7.635276571751128 ], [ -72.665384829999937, -7.635111295751108 ], [ -72.665471648999983, -7.635219255751145 ], [ -72.665477762999956, -7.635219353751132 ], [ -72.665485130999969, -7.635220332751123 ], [ -72.66554161199997, -7.635249410751134 ], [ -72.665611675999969, -7.635285481751144 ], [ -72.665614155999947, -7.635287260751145 ], [ -72.665917935999971, -7.635435569751142 ], [ -72.666074015999982, -7.635516656751089 ], [ -72.666221653999969, -7.635688794751123 ], [ -72.666226754999968, -7.635692065751091 ], [ -72.666168821999975, -7.635785034751122 ] ] ] } },
{ "type": "Feature", "properties": { "num_setor": "AC_CZS_SR_07_CPRM", "munic": "CRUZEIRO DO SUL", "grau_risco": "Muito alto", "distancia_km": 0.85, "chuva_24h": 0.2, "chuva_72h": 13.2, "fonte_estacao": "openmeteo", "codigo_estacao": "openmeteo", "nome_estacao": "Open-Meteo (célula de grade)" }, "geometry": { "type": "Polygon", "coordinates": [ [ [ -72.657834922999939, -7.632402510751218 ], [ -72.657728987999974, -7.6323922837512 ], [ -72.657724343999973, -7.632384639751205 ], [ -72.657390154999973, -7.63236972075124 ], [ -72.657195331999958, -7.632308076751216 ], [ -72.65704954499995, -7.632292660751215 ], [ -72.656879739999965, -7.632365243751232 ], [ -72.656872417999978, -7.632365252751196 ], [ -72.656864734999942, -7.632360134751208 ], [ -72.656677282999965, -7.632339804751223 ], [ -72.656559548999951, -7.632290712751236 ], [ -72.656563922999965, -7.632285490751211 ], [ -72.656822776999945, -7.632155292751202 ], [ -72.656837779999989, -7.632155270751204 ], [ -72.657061126999963, -7.632117104751238 ], [ -72.657164804999979, -7.632135904751203 ], [ -72.657513297999969, -7.632173062751196 ], [ -72.657701871999961, -7.63222342575121 ], [ -72.657844656999941, -7.632254909751237 ], [ -72.658066601999963, -7.632267992751244 ], [ -72.658301931999972, -7.632370683751231 ], [ -72.658006644999944, -7.632400602751217 ], [ -72.657913218999965, -7.632410068751208 ], [ -72.657834922999939, -7.632402510751218 ] ] ] } },
{ "type": "Feature", "properties": { "num_setor": "AC_CZS_SR_06_CPRM", "munic": "CRUZEIRO DO SUL", "grau_risco": "Muito alto", "distancia_km": 1.27, "chuva_24h": 0.2, "chuva_72h": 13.2, "fonte_estacao": "openmeteo", "codigo_estacao": "openmeteo", "nome_estacao": "Open-Meteo (célula de grade)" }, "geometry": { "type": "Polygon", "coordinates": [ [ [ -72.643208672999947, -7.640423106750952 ], [ -72.64309359899994, -7.640553159750969 ], [ -72.643321480999987, -7.639426416751019 ], [ -72.644509475999939, -7.63806911875105 ], [ -72.645514724999941, -7.63720046575108 ], [ -72.646232662999978, -7.636719610751059 ], [ -72.646809233999988, -7.636377690751084 ], [ -72.647635833999971, -7.636163470751117 ], [ -72.64634429299997, -7.637128365751065 ], [ -72.645251094999935, -7.638114822751048 ], [ -72.643676419999963, -7.639894473750985 ], [ -72.643208672999947, -7.640423106750952 ] ] ] } },
{ "type": "Feature", "properties": { "num_setor": "AC_SDG_SR_01_CPRM", "munic": "SENADOR GUIOMARD", "grau_risco": "Alto", "distancia_km": 1.27, "chuva_24h": 0.4, "chuva_72h": 1.3, "fonte_estacao": "openmeteo", "codigo_estacao": "openmeteo", "nome_estacao": "Open-Meteo (célula de grade)" }, "geometry": { "type": "Polygon", "coordinates": [ [ [ -67.727802879999956, -10.143398746672384 ], [ -67.727784314999951, -10.143396653672408 ], [ -67.727766163999945, -10.143386438672373 ], [ -67.727744262999977, -10.14337578667242 ], [ -67.727714883999965, -10.143364279672406 ], [ -67.727682071999936, -10.143344147672378 ], [ -67.727645723999956, -10.143315293672389 ], [ -67.727629089999937, -10.14325513667238 ], [ -67.727629826999987, -10.143234226672391 ], [ -67.727630419999969, -10.143217430672383 ], [ -67.727633262999973, -10.143136820672382 ], [ -67.727633997999988, -10.143115290672419 ], [ -67.727634574999968, -10.1430979416724 ], [ -67.727590931999941, -10.143013851672427 ], [ -67.72758358699997, -10.142999699672423 ], [ -67.727568488999964, -10.142984638672422 ], [ -67.727553133999947, -10.142978448672404 ], [ -67.727530317999936, -10.142957990672409 ], [ -67.727511122999942, -10.14294686167244 ], [ -67.727434358999972, -10.142870416672393 ], [ -67.72741892199997, -10.142850436672402 ], [ -67.727415053999948, -10.142845429672432 ], [ -67.727301350999937, -10.142730975672405 ], [ -67.727281546999961, -10.142719405672437 ], [ -67.727265802999966, -10.142717865672411 ], [ -67.727246027999968, -10.142701909672439 ], [ -67.727194616999952, -10.142678183672441 ], [ -67.727170899999976, -10.142671203672423 ], [ -67.72715094199998, -10.142655139672399 ], [ -67.727139105999981, -10.142654009672409 ], [ -67.726965091999944, -10.142618482672452 ], [ -67.726945021999938, -10.14260708867244 ], [ -67.726928477999934, -10.142586499672415 ], [ -67.726904167999976, -10.142569881672452 ], [ -67.72688180199998, -10.142510118672426 ], [ -67.726880269999981, -10.142476035672427 ], [ -67.726879168999972, -10.142451546672431 ], [ -67.72685944899996, -10.142375230672439 ], [ -67.726857926999969, -10.142344946672445 ], [ -67.726852855999937, -10.142324273672457 ], [ -67.726803135999944, -10.142299341672434 ], [ -67.726785744999972, -10.142277361672447 ], [ -67.726772355999969, -10.14225567467243 ], [ -67.726702570999976, -10.142114303672447 ], [ -67.72667606999994, -10.142085506672428 ], [ -67.726653209999938, -10.142051600672421 ], [ -67.726636264999968, -10.142044729672438 ], [ -67.726556239999979, -10.141918225672468 ], [ -67.726539315999958, -10.141916341672442 ], [ -67.726504554999963, -10.141901566672427 ], [ -67.726487615999986, -10.141899681672466 ], [ -67.72634605199994, -10.141779168672462 ], [ -67.726320396999938, -10.141776318672472 ], [ -67.726299020999988, -10.14177394467246 ], [ -67.726263634999953, -10.141758862672456 ], [ -67.72622395999997, -10.141743397672457 ], [ -67.726200778999953, -10.141724225672453 ], [ -67.726158502999965, -10.141686176672444 ], [ -67.726140678999968, -10.14167863267247 ], [ -67.726046254999972, -10.141646634672469 ], [ -67.726024441999982, -10.14163237467247 ], [ -67.725841493999951, -10.141529348672444 ], [ -67.725826694999967, -10.141515900672442 ], [ -67.725804591999974, -10.141501718672473 ], [ -67.725789716999941, -10.141488207672452 ], [ -67.725782207999941, -10.141479416672484 ], [ -67.725747870999953, -10.141427421672446 ], [ -67.725727603999985, -10.141368022672442 ], [ -67.725739445999977, -10.141281566672482 ], [ -67.725738612999976, -10.141256153672479 ], [ -67.725726858999963, -10.141238086672489 ], [ -67.725726277999968, -10.141221004672495 ], [ -67.72568645399997, -10.141152896672443 ], [ -67.725678595999966, -10.141143516672452 ], [ -67.725651349999964, -10.141119301672457 ], [ -67.725591273999953, -10.141039288672456 ], [ -67.725445794999985, -10.140941485672496 ], [ -67.725433487999965, -10.140926892672496 ], [ -67.725365705999934, -10.140825399672451 ], [ -67.725353164999945, -10.140810502672483 ], [ -67.725337066999941, -10.140799863672507 ], [ -67.725320598999986, -10.140784559672461 ], [ -67.725281481999957, -10.140725348672506 ], [ -67.725264834999962, -10.140709849672485 ], [ -67.725255928999957, -10.140694993672472 ], [ -67.725238818999969, -10.140674667672505 ], [ -67.725221585999975, -10.140606703672475 ], [ -67.725216038999974, -10.140587036672464 ], [ -67.725210052999955, -10.140562420672506 ], [ -67.725206363999973, -10.140518484672507 ], [ -67.725204300999962, -10.140493908672463 ], [ -67.725210631999971, -10.140474908672516 ], [ -67.725216989999979, -10.140455831672471 ], [ -67.725256702999957, -10.140404922672491 ], [ -67.72527998299995, -10.140392546672517 ], [ -67.725314563999973, -10.140366458672492 ], [ -67.725337426999943, -10.140343984672501 ], [ -67.72547463799998, -10.140242169672515 ], [ -67.725589543999945, -10.140233202672519 ], [ -67.725606295999967, -10.140239961672496 ], [ -67.725631827999962, -10.14026284467249 ], [ -67.725661241999944, -10.140280979672491 ], [ -67.725673782999934, -10.140287287672509 ], [ -67.725711211999965, -10.140301119672493 ], [ -67.725736455999936, -10.140323801672499 ], [ -67.725852544999952, -10.140385489672513 ], [ -67.725873298999943, -10.140407484672513 ], [ -67.725893889999952, -10.140419476672511 ], [ -67.725918622999984, -10.140422391672486 ], [ -67.726009732999955, -10.140484149672503 ], [ -67.726017926999987, -10.140504874672512 ], [ -67.72603841199998, -10.140527190672472 ], [ -67.726054776999945, -10.140539148672488 ], [ -67.726075267999988, -10.140546861672485 ], [ -67.726172973999951, -10.140609340672496 ], [ -67.726188862999948, -10.140630557672473 ], [ -67.726200739999967, -10.140646417672491 ], [ -67.726220595999962, -10.140668128672479 ], [ -67.726232387999971, -10.140683881672498 ], [ -67.726320846999954, -10.140720740672467 ], [ -67.72633280499997, -10.140727202672451 ], [ -67.726352832999964, -10.140734912672489 ], [ -67.726377069999955, -10.140738676672473 ], [ -67.726405324999973, -10.14074306367246 ], [ -67.726496753999982, -10.140780151672464 ], [ -67.726508036999974, -10.14079558667248 ], [ -67.726527294999983, -10.140812216672488 ], [ -67.726531034999937, -10.140817336672463 ], [ -67.726588128999936, -10.140871333672465 ], [ -67.726598895999985, -10.140890909672457 ], [ -67.726609912999947, -10.140905949672455 ], [ -67.726633063999941, -10.140918258672459 ], [ -67.726671324999984, -10.140941648672479 ], [ -67.726702544999966, -10.140950634672491 ], [ -67.726740210999935, -10.140978265672453 ], [ -67.726754874999983, -10.140993640672486 ], [ -67.726757746999965, -10.141007269672457 ], [ -67.726763818999984, -10.141030098672497 ], [ -67.726778024999987, -10.141049643672487 ], [ -67.726811103999978, -10.14112379367247 ], [ -67.72682049499997, -10.141150922672463 ], [ -67.726825983999959, -10.141177363672444 ], [ -67.726843732999953, -10.141196933672454 ], [ -67.726911481999934, -10.141261545672466 ], [ -67.726921312999934, -10.14127972967246 ], [ -67.726928529999952, -10.141284941672485 ], [ -67.727011519999962, -10.141375587672469 ], [ -67.727025288999982, -10.141389871672446 ], [ -67.727039916999956, -10.141396041672454 ], [ -67.727060687999938, -10.141415358672464 ], [ -67.727301780999937, -10.14168066867248 ], [ -67.727411506999943, -10.141781503672435 ], [ -67.727420955999946, -10.141798414672424 ], [ -67.727439051999966, -10.141816606672446 ], [ -67.727452765999942, -10.141834083672476 ], [ -67.727644061999968, -10.142044469672461 ], [ -67.727657378999936, -10.14206626567246 ], [ -67.727670647999958, -10.142087981672452 ], [ -67.727679377999948, -10.142099127672417 ], [ -67.727684134999947, -10.142119457672459 ], [ -67.727705961999959, -10.142152028672417 ], [ -67.727876266999942, -10.142378678672408 ], [ -67.727884692999964, -10.142394106672452 ], [ -67.727897327999983, -10.142419543672426 ], [ -67.727905695999937, -10.142434859672454 ], [ -67.727951745999974, -10.142530789672445 ], [ -67.727952011999946, -10.142549537672442 ], [ -67.727956811999945, -10.142605914672409 ], [ -67.727956939999956, -10.142615163672428 ], [ -67.727977249999981, -10.1426453736724 ], [ -67.728001386999949, -10.142675836672424 ], [ -67.728013443999942, -10.14269555967241 ], [ -67.728072968999982, -10.142748246672399 ], [ -67.728084809999984, -10.142758726672415 ], [ -67.728108424999959, -10.142779628672431 ], [ -67.728128018999939, -10.142804428672431 ], [ -67.728232788999946, -10.142901533672433 ], [ -67.728248210999936, -10.142912218672445 ], [ -67.728271364999955, -10.142923848672407 ], [ -67.728286723999986, -10.142934493672435 ], [ -67.728328866999959, -10.142961501672396 ], [ -67.72834015799998, -10.142975921672413 ], [ -67.728347455999938, -10.142994131672417 ], [ -67.728358688999947, -10.143008463672391 ], [ -67.728377461999969, -10.143027991672387 ], [ -67.728455863999955, -10.143101676672401 ], [ -67.728470657999935, -10.143116202672436 ], [ -67.728481121999948, -10.14314278767244 ], [ -67.728495825999971, -10.143157203672429 ], [ -67.728502907999939, -10.143170643672409 ], [ -67.728552353999987, -10.143255582672374 ], [ -67.728555541999981, -10.143268307672422 ], [ -67.728562085999954, -10.143289597672414 ], [ -67.728565250999964, -10.143302236672394 ], [ -67.728604105999977, -10.143351674672415 ], [ -67.728660910999963, -10.143406953672391 ], [ -67.728682202999948, -10.143425666672421 ], [ -67.728688878999947, -10.143438467672389 ], [ -67.729222405999963, -10.143933145672367 ], [ -67.729244599999959, -10.143957539672405 ], [ -67.729370781999933, -10.144027782672387 ], [ -67.729383756999937, -10.144034823672378 ], [ -67.729414051999981, -10.144059997672359 ], [ -67.729563824999957, -10.144163730672361 ], [ -67.729567972999973, -10.144184943672387 ], [ -67.729589064999971, -10.144208372672395 ], [ -67.729668346999972, -10.144305671672388 ], [ -67.729684682999959, -10.144338109672397 ], [ -67.729692651999983, -10.144364253672402 ], [ -67.729781019999962, -10.144519126672382 ], [ -67.72979709599997, -10.14453572767235 ], [ -67.729800934999957, -10.144545861672384 ], [ -67.729817239999988, -10.144552827672388 ], [ -67.729950368999937, -10.144627779672367 ], [ -67.729966287999957, -10.144639378672363 ], [ -67.729974024999933, -10.144649879672379 ], [ -67.729985604999968, -10.144665595672393 ], [ -67.730092582999987, -10.144731402672386 ], [ -67.730107707999935, -10.144752069672384 ], [ -67.730107442999952, -10.144756692672383 ], [ -67.730232772999955, -10.144828755672384 ], [ -67.730258897999988, -10.144859757672345 ], [ -67.730273574999956, -10.144879985672377 ], [ -67.730406329999937, -10.144978946672369 ], [ -67.730417043999978, -10.144993820672356 ], [ -67.73043483899994, -10.14501852567234 ], [ -67.730453358999966, -10.145034325672368 ], [ -67.730471421999937, -10.145054472672355 ], [ -67.730501616999959, -10.145071710672353 ], [ -67.730528237999977, -10.145084028672374 ], [ -67.730563530999973, -10.14508862567236 ], [ -67.730593522999982, -10.14510577367234 ], [ -67.730660582999974, -10.145145264672331 ], [ -67.730671312999959, -10.145155415672358 ], [ -67.730784485999948, -10.145232000672346 ], [ -67.730794476999961, -10.145246382672363 ], [ -67.730807221999953, -10.145269714672311 ], [ -67.730820989999984, -10.145284546672352 ], [ -67.730923346999987, -10.145392448672311 ], [ -67.730933008999955, -10.145406407672311 ], [ -67.730938847999937, -10.145419833672317 ], [ -67.731056275999947, -10.145535723672339 ], [ -67.731065, -10.145553360672327 ], [ -67.731081164999978, -10.145571947672316 ], [ -67.731107165999958, -10.145599955672335 ], [ -67.731136742999979, -10.145628316672312 ], [ -67.731197092999935, -10.145696823672347 ], [ -67.731204098999967, -10.145721708672308 ], [ -67.731209424999975, -10.145734351672347 ], [ -67.731219083999974, -10.145743580672354 ], [ -67.731224379999958, -10.145756168672357 ], [ -67.731412359999979, -10.145958420672304 ], [ -67.731469702999959, -10.145996530672349 ], [ -67.731495349999989, -10.146013407672291 ], [ -67.731506730999968, -10.146021642672297 ], [ -67.731655910999962, -10.14610195167235 ], [ -67.731661491999944, -10.146106033672325 ], [ -67.731675483999936, -10.146111379672348 ], [ -67.731700513999954, -10.146128069672342 ], [ -67.731717242999935, -10.146133809672348 ], [ -67.731736677999947, -10.146143168672332 ], [ -67.731750494999972, -10.146151669672303 ], [ -67.731761646999985, -10.146153344672328 ], [ -67.73182748499994, -10.146195170672289 ], [ -67.731832825999959, -10.146202328672313 ], [ -67.732009017999985, -10.146341187672308 ], [ -67.732032757999946, -10.146357003672343 ], [ -67.732040884999947, -10.146358201672291 ], [ -67.732051715999944, -10.146359797672297 ], [ -67.732062543999973, -10.146361393672301 ], [ -67.732128458999966, -10.146355737672314 ], [ -67.732139278999966, -10.146357334672308 ], [ -67.732141982999963, -10.146357733672289 ], [ -67.732170120999967, -10.146346471672304 ], [ -67.732241429999988, -10.146310478672326 ], [ -67.732314646999953, -10.146321365672293 ], [ -67.732326781999973, -10.146338718672325 ], [ -67.732341848999965, -10.146353349672321 ], [ -67.732321773999956, -10.14639347867228 ], [ -67.732307262999939, -10.146403575672306 ], [ -67.732298412999967, -10.146411427672321 ], [ -67.732289315999935, -10.146422267672339 ], [ -67.732251, -10.146459007672325 ], [ -67.732236679999971, -10.14650184167232 ], [ -67.732230173999938, -10.146515763672314 ], [ -67.732228739999982, -10.146533327672332 ], [ -67.732228263999957, -10.146539165672317 ], [ -67.732231167999942, -10.146601091672318 ], [ -67.732240928999943, -10.146611203672297 ], [ -67.732245921999947, -10.146614819672317 ], [ -67.732258506999983, -10.146622415672303 ], [ -67.732266096999979, -10.146626395672284 ], [ -67.732330934999936, -10.146667328672315 ], [ -67.732338174999938, -10.146674086672299 ], [ -67.732350306999933, -10.14668438867232 ], [ -67.732364992999976, -10.146695031672317 ], [ -67.732374762999939, -10.146702111672305 ], [ -67.732391672999938, -10.146715868672283 ], [ -67.732423954999945, -10.146731768672275 ], [ -67.732444207999947, -10.146737465672278 ], [ -67.732464117999939, -10.146745927672315 ], [ -67.732510493999939, -10.146772150672277 ], [ -67.732515270999954, -10.146775625672316 ], [ -67.732529577999969, -10.146786029672278 ], [ -67.732551823999984, -10.146794748672324 ], [ -67.732664971999952, -10.146874161672299 ], [ -67.732731008999963, -10.146929596672281 ], [ -67.732734001999972, -10.146943491672273 ], [ -67.732744840999942, -10.146955745672285 ], [ -67.732769021999957, -10.147059692672299 ], [ -67.732767809999984, -10.147067356672302 ], [ -67.732777602999988, -10.1470843316723 ], [ -67.732780448999961, -10.14709769267232 ], [ -67.732784502999948, -10.147103436672271 ], [ -67.732802625999966, -10.147144537672299 ], [ -67.732806996999955, -10.147163001672284 ], [ -67.732809351999947, -10.147178562672284 ], [ -67.732810524999934, -10.147186319672276 ], [ -67.732810466999979, -10.147201450672274 ], [ -67.732815195999933, -10.1472171866723 ], [ -67.732852184999956, -10.147313901672272 ], [ -67.732856755999933, -10.147329164672303 ], [ -67.732877612999971, -10.147399876672271 ], [ -67.732878220999964, -10.147409562672264 ], [ -67.732882625999935, -10.147424491672298 ], [ -67.732892535999952, -10.1474353056723 ], [ -67.732898642999942, -10.147440849672279 ], [ -67.732920951999972, -10.147497959672275 ], [ -67.732928397999956, -10.147508254672259 ], [ -67.732934412999953, -10.147513684672303 ], [ -67.733052750999946, -10.147621514672281 ], [ -67.733140398999979, -10.147674294672258 ], [ -67.73320044899998, -10.14771961567228 ], [ -67.73326622999997, -10.147795432672252 ], [ -67.733283394999944, -10.147821743672253 ], [ -67.733290785999941, -10.147831701672276 ], [ -67.733298157999968, -10.147841635672266 ], [ -67.733384132999959, -10.147897795672245 ], [ -67.733418384999936, -10.147931694672259 ], [ -67.733420322999962, -10.147940525672261 ], [ -67.733432124999979, -10.147956289672276 ], [ -67.733492405999982, -10.148012424672237 ], [ -67.733500940999988, -10.148033126672269 ], [ -67.733500214999935, -10.148041350672267 ], [ -67.733502037999983, -10.148049916672285 ], [ -67.733529350999959, -10.148116876672255 ], [ -67.733528107999973, -10.148130293672246 ], [ -67.733528888999956, -10.148149351672267 ], [ -67.733528392999972, -10.148154680672238 ], [ -67.733542947999979, -10.148188932672271 ], [ -67.733547949999945, -10.148189625672272 ], [ -67.733626270999935, -10.148222710672259 ], [ -67.733661187999985, -10.148231617672256 ], [ -67.73366409199997, -10.148232069672247 ], [ -67.733742388999985, -10.148240814672246 ], [ -67.733748203999937, -10.148276178672234 ], [ -67.733742443999972, -10.148285571672263 ], [ -67.733716622999964, -10.14831570167223 ], [ -67.733702514999948, -10.148360894672233 ], [ -67.733765330999972, -10.148417388672264 ], [ -67.733776645999967, -10.148435725672238 ], [ -67.733787940999946, -10.14844738267225 ], [ -67.733835733999967, -10.148484314672254 ], [ -67.733846925999956, -10.148492575672257 ], [ -67.733858058999942, -10.148504084672247 ], [ -67.73392501099994, -10.148533800672221 ], [ -67.733969240999954, -10.148559951672263 ], [ -67.734013497999968, -10.14857632867227 ], [ -67.734047213999986, -10.148648100672219 ], [ -67.734105195999973, -10.148712413672216 ], [ -67.734105965999959, -10.148755438672239 ], [ -67.734130635999975, -10.148810590672257 ], [ -67.734129756999948, -10.148828520672204 ], [ -67.734131865999984, -10.148840824672252 ], [ -67.734137714999974, -10.148886378672254 ], [ -67.734153735999939, -10.148941857672213 ], [ -67.734198266999954, -10.149009939672201 ], [ -67.73420306099996, -10.149019341672254 ], [ -67.734212955999965, -10.149032395672211 ], [ -67.734230724999975, -10.149046640672202 ], [ -67.734281050999982, -10.149088676672223 ], [ -67.734290937999958, -10.149098714672254 ], [ -67.734338048999973, -10.149139825672222 ], [ -67.734345003999977, -10.14915211167224 ], [ -67.73437585399995, -10.149193076672214 ], [ -67.73438013599997, -10.149204815672222 ], [ -67.734404289999986, -10.149227817672196 ], [ -67.734413639999957, -10.149240237672217 ], [ -67.734465539999974, -10.149297200672233 ], [ -67.73451571399994, -10.149364255672221 ], [ -67.734534695999969, -10.149404517672187 ], [ -67.734582309999951, -10.149514751672216 ], [ -67.734673773999987, -10.149599332672228 ], [ -67.734673646999966, -10.149610050672223 ], [ -67.734670148999953, -10.149668999672215 ], [ -67.734669925999981, -10.149687785672217 ], [ -67.734672601999932, -10.149698564672191 ], [ -67.734741705999966, -10.149780104672184 ], [ -67.734752783999966, -10.149790998672193 ], [ -67.73475829299997, -10.149799131672191 ], [ -67.734824724999953, -10.149864460672184 ], [ -67.73503728299994, -10.150032938672215 ], [ -67.735048347999964, -10.15004381967219 ], [ -67.735117330999969, -10.150187449672215 ], [ -67.735125615999948, -10.150198298672191 ], [ -67.735197389999939, -10.150287770672206 ], [ -67.735274601999947, -10.150382564672208 ], [ -67.735670288999984, -10.150892664672179 ], [ -67.73575791899998, -10.15093029567217 ], [ -67.735998507999966, -10.151139652672182 ], [ -67.736080326999968, -10.151154102672164 ], [ -67.736134839999977, -10.151186927672164 ], [ -67.736227439999936, -10.151276482672152 ], [ -67.736338977999935, -10.151422459672133 ], [ -67.736341722999953, -10.151433162672184 ], [ -67.736349896999968, -10.151446609672131 ], [ -67.736355352999965, -10.151457351672168 ], [ -67.736437108999951, -10.151613235672141 ], [ -67.736502506999955, -10.151673493672156 ], [ -67.736623013999974, -10.151784567672113 ], [ -67.736759490999987, -10.151955038672158 ], [ -67.736843257999965, -10.152073394672128 ], [ -67.736965118999933, -10.15223386267211 ], [ -67.737005689999933, -10.152301714672138 ], [ -67.737018643999988, -10.152322086672134 ], [ -67.737126957999976, -10.152451653672117 ], [ -67.73712975899997, -10.152455116672096 ], [ -67.737228880999965, -10.152544483672136 ], [ -67.737251022999942, -10.152563761672107 ], [ -67.737266812999962, -10.15258345467212 ], [ -67.737323160999949, -10.152702304672092 ], [ -67.73732821699997, -10.152708545672089 ], [ -67.737334849999968, -10.152724753672127 ], [ -67.737366986999973, -10.152839200672107 ], [ -67.737370192999947, -10.152846988672115 ], [ -67.73737245999996, -10.1528614106721 ], [ -67.737380334999955, -10.152985758672084 ], [ -67.737400824999952, -10.153186517672072 ], [ -67.73745460899994, -10.153431816672093 ], [ -67.73743422299998, -10.153547626672102 ], [ -67.737433182999951, -10.153591498672091 ], [ -67.73740332999995, -10.153687513672088 ], [ -67.73740332899996, -10.153692847672062 ], [ -67.737343666999948, -10.153756766672073 ], [ -67.737335533999953, -10.153764751672107 ], [ -67.73727861499998, -10.153788658672054 ], [ -67.737251514999969, -10.15378862067206 ], [ -67.737232543999937, -10.15378059967208 ], [ -67.737227122999968, -10.153777927672083 ], [ -67.737218991999953, -10.153772587672114 ], [ -67.73719730199997, -10.153743246672096 ], [ -67.737197294999987, -10.153729921672097 ], [ -67.737191842999948, -10.153668609672081 ], [ -67.737178261999986, -10.153612605672107 ], [ -67.737161986999979, -10.153588589672099 ], [ -67.737067098999944, -10.153516506672089 ], [ -67.737067096999965, -10.153513839672097 ], [ -67.737053533999983, -10.15349515967211 ], [ -67.737045394999939, -10.153481816672077 ], [ -67.737015570999972, -10.153455124672071 ], [ -67.737004723999974, -10.153444447672095 ], [ -67.736996586999965, -10.153433772672097 ], [ -67.736985730999947, -10.153420431672105 ], [ -67.736947678999968, -10.153364399672071 ], [ -67.736942240999952, -10.153356393672095 ], [ -67.736931352999989, -10.153335041672126 ], [ -67.736928616999933, -10.153324364672086 ], [ -67.736923157999968, -10.153308347672082 ], [ -67.736914933999969, -10.153270964672071 ], [ -67.736909478999962, -10.153257610672098 ], [ -67.736887713999977, -10.153228226672091 ], [ -67.736884992999933, -10.15322555467209 ], [ -67.73683596799998, -10.153166756672096 ], [ -67.736792393999963, -10.153123970672102 ], [ -67.736781488999952, -10.153110596672112 ], [ -67.736729626999988, -10.153035662672123 ], [ -67.736721427999953, -10.153022275672095 ], [ -67.736713228999974, -10.153008886672092 ], [ -67.736710481999978, -10.153000851672084 ], [ -67.736666703999958, -10.152923148672098 ], [ -67.73666121499997, -10.15290974467209 ], [ -67.736576458999934, -10.152799761672126 ], [ -67.736570983999968, -10.15279170867208 ], [ -67.736560054999984, -10.152780970672129 ], [ -67.736518806999982, -10.152686960672133 ], [ -67.736516034999966, -10.152676209672144 ], [ -67.736447426999973, -10.152565948672114 ], [ -67.736441910999986, -10.152552492672138 ], [ -67.736433683999962, -10.152541727672125 ], [ -67.736430904999963, -10.152530960672134 ], [ -67.736425413999939, -10.152522884672107 ], [ -67.736189481999986, -10.152266776672143 ], [ -67.736164770999949, -10.152242477672123 ], [ -67.736153749999971, -10.152226274672154 ], [ -67.736148256999968, -10.152220872672153 ], [ -67.736137269999972, -10.152210067672108 ], [ -67.736041214999943, -10.152134402672116 ], [ -67.735849536999979, -10.15193546667212 ], [ -67.735838597999987, -10.151927418672127 ], [ -67.735824921999949, -10.151916687672156 ], [ -67.735770224999953, -10.151881806672122 ], [ -67.73576475599998, -10.151879123672137 ], [ -67.735701848999952, -10.151844236672167 ], [ -67.735690903999966, -10.151836184672169 ], [ -67.735679963999985, -10.151830816672156 ], [ -67.735608780999939, -10.151766387672131 ], [ -67.735606025999971, -10.151755646672145 ], [ -67.735597797999958, -10.151742220672144 ], [ -67.73559503599995, -10.151728793672142 ], [ -67.735589551999965, -10.151720736672139 ], [ -67.735562034999987, -10.151637461672127 ], [ -67.735556536999979, -10.151624026672165 ], [ -67.735548291999976, -10.151605216672136 ], [ -67.735545539999976, -10.151597154672125 ], [ -67.735512497999935, -10.151505767672134 ], [ -67.735509743999955, -10.151500392672139 ], [ -67.735506964999956, -10.151484262672126 ], [ -67.735493178999945, -10.151452004672153 ], [ -67.735484912999937, -10.151435874672149 ], [ -67.735473909999939, -10.151422435672167 ], [ -67.735468391999973, -10.151408989672136 ], [ -67.735460129999979, -10.151395543672169 ], [ -67.735449102999951, -10.151374026672174 ], [ -67.735440825999945, -10.151363275672132 ], [ -67.73539100399995, -10.151309556672134 ], [ -67.735377144999973, -10.151293427672178 ], [ -67.735371608999969, -10.151288051672131 ], [ -67.735280385999943, -10.151223494672154 ], [ -67.735272065999936, -10.151215416672152 ], [ -67.735180244999981, -10.151104871672173 ], [ -67.734903451999969, -10.15090029067219 ], [ -67.734620393999933, -10.150730387672166 ], [ -67.734366374999979, -10.150558629672201 ], [ -67.734355075999986, -10.1505522606722 ], [ -67.734174089999954, -10.150434595672202 ], [ -67.734146794999958, -10.150420926672203 ], [ -67.734131616999946, -10.150409530672205 ], [ -67.734048682999969, -10.150336579672166 ], [ -67.734021591999976, -10.150341652672179 ], [ -67.733903235999946, -10.150514202672177 ], [ -67.733776703999979, -10.15061556867219 ], [ -67.733763529999976, -10.150626703672158 ], [ -67.733678764999979, -10.150685680672192 ], [ -67.733672296999941, -10.150689414672161 ], [ -67.733662565999964, -10.150700655672189 ], [ -67.733649671999956, -10.150708094672197 ], [ -67.733623970999986, -10.150715439672162 ], [ -67.733582376999948, -10.150763655672206 ], [ -67.733582383999988, -10.150767362672163 ], [ -67.73358561799995, -10.150796934672179 ], [ -67.733598335999943, -10.150840984672167 ], [ -67.733598335999943, -10.150844628672164 ], [ -67.733557659999974, -10.150930935672164 ], [ -67.733554547999972, -10.150934484672154 ], [ -67.733508403999963, -10.151008484672184 ], [ -67.733460899999955, -10.151139487672166 ], [ -67.733448891999956, -10.151149795672184 ], [ -67.73340709699994, -10.15118406367216 ], [ -67.733404527999937, -10.151204249672181 ], [ -67.733338533999984, -10.151316887672138 ], [ -67.733260101999974, -10.151438935672173 ], [ -67.733143064999979, -10.151597361672158 ], [ -67.733140877999972, -10.151609518672167 ], [ -67.733083973999953, -10.151705300672125 ], [ -67.733085244999984, -10.151725906672141 ], [ -67.733083690999933, -10.151746394672164 ], [ -67.733078603999957, -10.151755117672115 ], [ -67.733079076999957, -10.151807248672137 ], [ -67.733029121999948, -10.151892333672148 ], [ -67.733014143999981, -10.151914700672137 ], [ -67.733011587999954, -10.151917482672163 ], [ -67.732974510999952, -10.151936759672141 ], [ -67.732964171999981, -10.151945029672165 ], [ -67.732950446999951, -10.15194492967214 ], [ -67.732939468999973, -10.151944849672134 ], [ -67.732893073999946, -10.151947288672144 ], [ -67.732873642999948, -10.151913709672158 ], [ -67.732872641999961, -10.151902494672131 ], [ -67.732871135999972, -10.151885613672167 ], [ -67.732870380999941, -10.151877147672117 ], [ -67.732872137999948, -10.151834584672146 ], [ -67.732878471999982, -10.151811734672153 ], [ -67.732885589999967, -10.151797405672143 ], [ -67.732899902999975, -10.151768592672115 ], [ -67.732900992999987, -10.151748245672152 ], [ -67.732906125999932, -10.151742441672136 ], [ -67.732905898999945, -10.151671780672146 ], [ -67.732904667999946, -10.151656900672162 ], [ -67.732903926999938, -10.151647946672156 ], [ -67.732905289999962, -10.151629996672121 ], [ -67.732904299999973, -10.15161797667214 ], [ -67.732902807999949, -10.151599882672157 ], [ -67.732899805999978, -10.151563459672166 ], [ -67.732899302999954, -10.151557358672175 ], [ -67.732883989999948, -10.151477194672125 ], [ -67.732880827999963, -10.151474071672133 ], [ -67.73288759999997, -10.151417377672162 ], [ -67.732914452999978, -10.15131487767214 ], [ -67.732991056999936, -10.151256321672143 ], [ -67.732992697999975, -10.151246042672161 ], [ -67.732994681999969, -10.151240885672125 ], [ -67.733053824999956, -10.151175543672164 ], [ -67.733148220999965, -10.151124661672185 ], [ -67.733147884999937, -10.151116636672178 ], [ -67.733216505999962, -10.151031422672158 ], [ -67.733221060999938, -10.151023039672136 ], [ -67.733227957999986, -10.151011815672145 ], [ -67.733301169999947, -10.15091741067218 ], [ -67.733339352999963, -10.150832540672162 ], [ -67.733339189999981, -10.150820760672199 ], [ -67.733328068999981, -10.150746414672183 ], [ -67.733322003999945, -10.150682668672152 ], [ -67.733309048999956, -10.150667899672197 ], [ -67.733285960999979, -10.150659363672203 ], [ -67.733273219999944, -10.150659628672184 ], [ -67.73320832099995, -10.150615665672191 ], [ -67.733200384999975, -10.15060671267217 ], [ -67.733152526999959, -10.150555677672157 ], [ -67.733140309999953, -10.150503180672201 ], [ -67.733180268999945, -10.150455026672196 ], [ -67.733190700999955, -10.150454769672185 ], [ -67.733198526999956, -10.150454576672184 ], [ -67.733214443999941, -10.150463676672185 ], [ -67.733222267999963, -10.150463485672212 ], [ -67.733237997999936, -10.150466260672198 ], [ -67.733274669999957, -10.15047168267221 ], [ -67.733277460999943, -10.150481072672212 ], [ -67.733280303999948, -10.15049357967216 ], [ -67.733327646999953, -10.150526854672185 ], [ -67.733338106999952, -10.150532836672182 ], [ -67.733345893999967, -10.150532656672159 ], [ -67.733410907999939, -10.150543588672171 ], [ -67.733426502999976, -10.1505432306722 ], [ -67.733434303999957, -10.150543052672209 ], [ -67.733491588999982, -10.150542623672195 ], [ -67.733496800999944, -10.150542647672159 ], [ -67.733520256999952, -10.150542755672166 ], [ -67.733591111999942, -10.150521260672166 ], [ -67.733599095999978, -10.150515038672204 ], [ -67.733607093999979, -10.150508806672162 ], [ -67.733633793999957, -10.150490059672206 ], [ -67.733649825999976, -10.150480661672182 ], [ -67.733806763999951, -10.150336327672216 ], [ -67.733975304999944, -10.150238337672191 ], [ -67.733916861999944, -10.150154824672196 ], [ -67.733864062999942, -10.150085809672191 ], [ -67.733877125999982, -10.150027620672182 ], [ -67.733920264999938, -10.149951148672191 ], [ -67.733926545999964, -10.149939749672171 ], [ -67.733944512999983, -10.149923477672191 ], [ -67.733953523999958, -10.14991531667221 ], [ -67.734038404999978, -10.149802366672205 ], [ -67.734041930999979, -10.149793574672188 ], [ -67.734052113999951, -10.149773226672222 ], [ -67.734053401999972, -10.149754853672231 ], [ -67.73405695699995, -10.149745980672222 ], [ -67.734066777999942, -10.149731610672191 ], [ -67.734069859999977, -10.1496883026722 ], [ -67.734070302999953, -10.149682087672218 ], [ -67.734059688999935, -10.149665158672192 ], [ -67.734046326999987, -10.149644712672183 ], [ -67.733972066999968, -10.149456573672206 ], [ -67.733960524999986, -10.149448718672222 ], [ -67.733942996999986, -10.149440162672214 ], [ -67.733937212999933, -10.149436226672226 ], [ -67.733867877999955, -10.149382277672226 ], [ -67.733729143999938, -10.149309966672224 ], [ -67.733614333999981, -10.149224295672211 ], [ -67.733554196999933, -10.149135892672204 ], [ -67.733524873999954, -10.14901355067221 ], [ -67.733507569999972, -10.148889975672239 ], [ -67.733429162999983, -10.148753011672213 ], [ -67.733419638999976, -10.148740547672261 ], [ -67.733378162999941, -10.148666965672232 ], [ -67.733365301999982, -10.148646236672262 ], [ -67.733365299999946, -10.148642357672244 ], [ -67.733319926999968, -10.148602109672243 ], [ -67.733271117999948, -10.148576834672259 ], [ -67.733191503999933, -10.148578539672249 ], [ -67.733143729999938, -10.148594082672266 ], [ -67.733101325999939, -10.148561311672259 ], [ -67.733088584999962, -10.148548149672234 ], [ -67.733106847999977, -10.148488602672272 ], [ -67.733107046999976, -10.148476646672233 ], [ -67.733127694999951, -10.148425757672269 ], [ -67.733128028999943, -10.148408686672258 ], [ -67.733128219999969, -10.14839889367226 ], [ -67.733131159999971, -10.148362166672259 ], [ -67.73313150599995, -10.148344775672225 ], [ -67.733129380999969, -10.148339540672229 ], [ -67.733112724999955, -10.148272111672265 ], [ -67.733108478999952, -10.148261609672256 ], [ -67.733099601999982, -10.148252939672261 ], [ -67.733092983999938, -10.148244562672238 ], [ -67.733088629999941, -10.14823647867223 ], [ -67.733034595999982, -10.14819393967224 ], [ -67.733027787999958, -10.148190529672265 ], [ -67.732955132999962, -10.148151109672261 ], [ -67.73293691899994, -10.14814645867227 ], [ -67.732925545999933, -10.148145191672256 ], [ -67.732900528999949, -10.148142405672278 ], [ -67.732873109999957, -10.148131476672241 ], [ -67.732818110999972, -10.148109553672279 ], [ -67.732752683999934, -10.148054467672251 ], [ -67.732745524999984, -10.148045642672239 ], [ -67.732738445999985, -10.148039493672242 ], [ -67.732731257999944, -10.148030635672232 ], [ -67.732724155999961, -10.148024464672238 ], [ -67.732669162999969, -10.147972294672236 ], [ -67.732659270999989, -10.147957536672269 ], [ -67.732656824999935, -10.147954527672264 ], [ -67.732642239999961, -10.147939190672286 ], [ -67.732637455999964, -10.147935911672286 ], [ -67.732515390999936, -10.147806715672244 ], [ -67.73236936099994, -10.147638973672278 ], [ -67.73230721699997, -10.147534867672304 ], [ -67.732295488999966, -10.147525557672244 ], [ -67.732241741999985, -10.147444027672265 ], [ -67.732161778999966, -10.147369068672305 ], [ -67.732151972999986, -10.147359635672304 ], [ -67.732144480999978, -10.14735044067228 ], [ -67.732095380999965, -10.147308522672267 ], [ -67.732083283999941, -10.147301561672268 ], [ -67.732073562999972, -10.147294916672289 ], [ -67.732063434999986, -10.147282557672296 ], [ -67.732051537999951, -10.147278503672259 ], [ -67.731981045999987, -10.147213510672298 ], [ -67.73188374199998, -10.147053088672275 ], [ -67.731853356999977, -10.146987301672288 ], [ -67.731817554999964, -10.146870793672278 ], [ -67.731755996999937, -10.14676749167233 ], [ -67.731751506999956, -10.146757748672307 ], [ -67.731729950999977, -10.146745874672309 ], [ -67.731639308999945, -10.146634902672297 ], [ -67.73162440599998, -10.146621621672292 ], [ -67.731567772999938, -10.146559779672312 ], [ -67.731563153999957, -10.146550473672331 ], [ -67.731553119999944, -10.146540475672284 ], [ -67.731537898999989, -10.146526881672282 ], [ -67.731473782999956, -10.146471717672284 ], [ -67.731388418999984, -10.146431152672337 ], [ -67.731334337999954, -10.146408781672339 ], [ -67.731249826999942, -10.146376123672326 ], [ -67.731235982999976, -10.146374233672306 ], [ -67.731175506999932, -10.146357365672316 ], [ -67.731169994999959, -10.14635672867229 ], [ -67.731140081999968, -10.146334550672293 ], [ -67.731129781999982, -10.146295608672295 ], [ -67.731122401999983, -10.146257276672314 ], [ -67.731119674999945, -10.146253784672307 ], [ -67.731105674999981, -10.146248733672282 ], [ -67.731052495999961, -10.146229286672288 ], [ -67.731018964999976, -10.146206075672302 ], [ -67.731002150999984, -10.146181432672345 ], [ -67.73099668499998, -10.146145178672333 ], [ -67.730983189999961, -10.146065782672292 ], [ -67.730928542999948, -10.145978992672338 ], [ -67.730869993999988, -10.145950677672332 ], [ -67.730858222999984, -10.1459423066723 ], [ -67.730849389999946, -10.145937698672318 ], [ -67.730837634999943, -10.145936034672348 ], [ -67.730793382999934, -10.145919670672317 ], [ -67.730781493999984, -10.145911239672348 ], [ -67.73076361699998, -10.145898560672332 ], [ -67.730718752999962, -10.145865206672303 ], [ -67.730643233999956, -10.145771084672354 ], [ -67.730634140999939, -10.145763081672351 ], [ -67.730291793999982, -10.145619486672352 ], [ -67.730267821999973, -10.145616838672343 ], [ -67.730240858999935, -10.14561386067234 ], [ -67.730193678999967, -10.145597931672313 ], [ -67.730184683999937, -10.14559693867235 ], [ -67.730168749999962, -10.145609461672363 ], [ -67.730146671999933, -10.14562480567232 ], [ -67.730115757999954, -10.145639092672326 ], [ -67.730052692999948, -10.145698687672361 ], [ -67.730049194999935, -10.145708712672356 ], [ -67.729984606999949, -10.145828098672339 ], [ -67.729984164999962, -10.145838160672341 ], [ -67.729983585999946, -10.145851581672353 ], [ -67.729983008999966, -10.145864955672339 ], [ -67.729953318999947, -10.145973160672341 ], [ -67.729949936999958, -10.145989393672339 ], [ -67.729943749999961, -10.146005264672295 ], [ -67.729943219999939, -10.146021629672314 ], [ -67.729874631999962, -10.146063447672317 ], [ -67.729855103999967, -10.146061459672305 ], [ -67.729849525999953, -10.146060891672349 ], [ -67.72978821199996, -10.146054648672317 ], [ -67.729785331999949, -10.146064018672297 ], [ -67.729779710999935, -10.1460698726723 ], [ -67.729757358999962, -10.146089988672326 ], [ -67.729726834999951, -10.146143782672322 ], [ -67.729726805999974, -10.146162544672348 ], [ -67.729710225999952, -10.146294789672318 ], [ -67.729688524999972, -10.1463656606723 ], [ -67.72968317699997, -10.146376643672282 ], [ -67.729680503999987, -10.14639077667232 ], [ -67.729677842999934, -10.146404851672285 ], [ -67.72966990499998, -10.146426826672325 ], [ -67.729661974999942, -10.146425915672296 ], [ -67.729595931999938, -10.146421182672324 ], [ -67.729585291999967, -10.146414259672325 ], [ -67.729566788999932, -10.146412134672291 ], [ -67.729556216999981, -10.146410920672281 ], [ -67.72949196199994, -10.146372026672287 ], [ -67.729483681999966, -10.146359545672283 ], [ -67.729478282999935, -10.146356037672318 ], [ -67.729458134999959, -10.146304250672303 ], [ -67.72945240599995, -10.146291850672299 ], [ -67.729469021999932, -10.146219454672297 ], [ -67.729477070999963, -10.146217369672296 ], [ -67.729487680999966, -10.146209553672305 ], [ -67.72950353899995, -10.146193236672341 ], [ -67.729592532999959, -10.146126839672332 ], [ -67.729597736999949, -10.146111666672322 ], [ -67.729603120999968, -10.146105914672331 ], [ -67.729682238999942, -10.145991921672316 ], [ -67.729684935999956, -10.145969228672314 ], [ -67.72972150399994, -10.145919838672299 ], [ -67.729790012999956, -10.145879579672297 ], [ -67.729792904999954, -10.145876476672317 ], [ -67.729857516999971, -10.145815744672307 ], [ -67.729861040999936, -10.14579236267231 ], [ -67.729861223999933, -10.145785574672312 ], [ -67.729880100999935, -10.145735968672302 ], [ -67.729889408999952, -10.145719707672322 ], [ -67.729898773999935, -10.145703440672349 ], [ -67.729914063999956, -10.145687705672316 ], [ -67.729932503999976, -10.145668730672321 ], [ -67.729941896999946, -10.145655719672355 ], [ -67.729960206999976, -10.145643571672306 ], [ -67.729969535999942, -10.145633975672324 ], [ -67.730015887999969, -10.145599782672347 ], [ -67.730047695999986, -10.145506043672329 ], [ -67.730075566999972, -10.145383431672343 ], [ -67.730075767999949, -10.145379699672361 ], [ -67.730070816999955, -10.145356563672326 ], [ -67.730062558999975, -10.145336739672334 ], [ -67.730059862999951, -10.145328852672352 ], [ -67.730042545999936, -10.145213110672366 ], [ -67.730009673999973, -10.145168862672374 ], [ -67.729943091999985, -10.145131449672345 ], [ -67.729940451999937, -10.145131159672344 ], [ -67.729931090999969, -10.145121894672327 ], [ -67.729921312999977, -10.145115319672339 ], [ -67.72990171899994, -10.145102143672354 ], [ -67.729894163999973, -10.145098552672367 ], [ -67.729751352999983, -10.145060725672337 ], [ -67.729680748999954, -10.144971645672332 ], [ -67.729665901999965, -10.144958665672377 ], [ -67.729656380999984, -10.144946233672371 ], [ -67.729613183999959, -10.144889835672343 ], [ -67.729551267999966, -10.144851186672373 ], [ -67.729526886999963, -10.144848547672375 ], [ -67.729499807999957, -10.144845617672377 ], [ -67.729488979999985, -10.144844445672376 ], [ -67.729419899999982, -10.144819453672369 ], [ -67.729409471999986, -10.144812470672367 ], [ -67.729396315999963, -10.14480518467235 ], [ -67.729385660999981, -10.144801097672369 ], [ -67.729377712999963, -10.144797302672362 ], [ -67.729364140999962, -10.144795836672353 ], [ -67.729303722999987, -10.144753901672344 ], [ -67.729292987999941, -10.144749779672336 ], [ -67.729279988999963, -10.144736494672363 ], [ -67.729269226999975, -10.144732359672387 ], [ -67.729261187999953, -10.144728515672343 ], [ -67.729221717999962, -10.144691354672373 ], [ -67.729216369999961, -10.144687773672388 ], [ -67.729200300999935, -10.144677017672386 ], [ -67.729133826999941, -10.144606086672354 ], [ -67.729076118999956, -10.144587662672398 ], [ -67.72904583199994, -10.144578287672346 ], [ -67.729035067999973, -10.144561727672343 ], [ -67.729026981999937, -10.144548492672357 ], [ -67.729016356999978, -10.144519375672365 ], [ -67.729011040999978, -10.14450317567236 ], [ -67.729005585999971, -10.144493136672345 ], [ -67.729002870999977, -10.144486518672357 ], [ -67.728967031999957, -10.144415621672351 ], [ -67.728947372999983, -10.144397392672374 ], [ -67.728938934999974, -10.144386779672354 ], [ -67.728882243999976, -10.144341671672359 ], [ -67.728868005999971, -10.144333612672382 ], [ -67.728836740999952, -10.144330315672397 ], [ -67.728770649999944, -10.144280483672398 ], [ -67.728750194999975, -10.144255057672364 ], [ -67.728705434999938, -10.144179705672357 ], [ -67.728699388999985, -10.144168875672404 ], [ -67.728452981999965, -10.143986452672401 ], [ -67.728351455999984, -10.143882287672367 ], [ -67.728345676999936, -10.143870388672406 ], [ -67.728329629999962, -10.143853524672371 ], [ -67.728304097999967, -10.143824180672397 ], [ -67.728231800999936, -10.143789457672398 ], [ -67.728196188999959, -10.14374735367241 ], [ -67.728184438999961, -10.14371918767241 ], [ -67.728167878999955, -10.143701903672392 ], [ -67.728155989999948, -10.143673471672367 ], [ -67.728156727999988, -10.143665787672409 ], [ -67.728138566999974, -10.143624688672418 ], [ -67.728136370999948, -10.143608729672373 ], [ -67.728121590999933, -10.14352768567241 ], [ -67.728118624999979, -10.143519336672375 ], [ -67.728108629999952, -10.143506162672367 ], [ -67.728092611999955, -10.143476124672389 ], [ -67.72807615399995, -10.143449932672389 ], [ -67.727996378999933, -10.143416477672396 ], [ -67.727988940999978, -10.143415638672399 ], [ -67.727873697999939, -10.143402646672406 ], [ -67.727858586999957, -10.143405027672406 ], [ -67.727802879999956, -10.143398746672384 ] ] ] } },
{ "type": "Feature", "properties": { "num_setor": "AC_TAR_SR_05_CPRM", "munic": "TARAUACÁ", "grau_risco": "Alto", "distancia_km": 2.17, "chuva_24h": 0.4, "chuva_72h": 0.4, "fonte_estacao": "openmeteo", "codigo_estacao": "openmeteo", "nome_estacao": "Open-Meteo (célula de grade)" }, "geometry": { "type": "Polygon", "coordinates": [ [ [ -70.778682298999968, -8.187818321733584 ], [ -70.778865573999951, -8.18785283073357 ], [ -70.779133610999963, -8.187880490733567 ], [ -70.779161630999965, -8.18788731873361 ], [ -70.779259740999976, -8.187907787733602 ], [ -70.779287968999938, -8.187907787733602 ], [ -70.779344423999987, -8.187907787733602 ], [ -70.77938676499997, -8.187907787733602 ], [ -70.779407935999984, -8.187907786733614 ], [ -70.779456909999965, -8.187907541733583 ], [ -70.779761936999932, -8.187932812733614 ], [ -70.779775561999941, -8.187939555733582 ], [ -70.779809756999953, -8.187953001733611 ], [ -70.779895979999935, -8.188068532733613 ], [ -70.77992329999995, -8.188375465733593 ], [ -70.779580854999949, -8.18840280573357 ], [ -70.77930285399998, -8.18836944873356 ], [ -70.779046273999938, -8.188191704733578 ], [ -70.778579347999937, -8.188063456733577 ], [ -70.778572532999988, -8.188049906733571 ], [ -70.778510887999971, -8.187934345733604 ], [ -70.778682298999968, -8.187818321733584 ] ] ] } },
{ "type": "Feature", "properties": { "num_setor": "AC_CZS_SR_12_CPRM", "munic": "CRUZEIRO DO SUL", "grau_risco": "Alto", "distancia_km": 0.75, "chuva_24h": 0.1, "chuva_72h": 16.8, "fonte_estacao": "openmeteo", "codigo_estacao": "openmeteo", "nome_estacao": "Open-Meteo (célula de grade)" }, "geometry": { "type": "Polygon", "coordinates": [ [ [ -72.679654047999975, -7.6425666637509 ], [ -72.679225278999979, -7.642330768750903 ], [ -72.679115774999957, -7.642205431750919 ], [ -72.679390595999962, -7.641772826750923 ], [ -72.680199668999933, -7.642137745750896 ], [ -72.680264195999939, -7.642515742750875 ], [ -72.68028239299997, -7.642622336750917 ], [ -72.680094044999976, -7.642660397750912 ], [ -72.680084318999945, -7.642658302750898 ], [ -72.680078068999933, -7.642657762750869 ], [ -72.67969147499997, -7.642586826750885 ], [ -72.679683617999956, -7.642582718750905 ], [ -72.679675766999935, -7.642578612750894 ], [ -72.679654047999975, -7.6425666637509 ] ] ] } },
{ "type": "Feature", "properties": { "num_setor": "AC_CZS_SR_11_CPRM", "munic": "CRUZEIRO DO SUL", "grau_risco": "Muito alto", "distancia_km": 1.56, "chuva_24h": 0.1, "chuva_72h": 16.8, "fonte_estacao": "openmeteo", "codigo_estacao": "openmeteo", "nome_estacao": "Open-Meteo (célula de grade)" }, "geometry": { "type": "Polygon", "coordinates": [ [ [ -72.672927026999957, -7.639474316750994 ], [ -72.672972830999981, -7.639547566751001 ], [ -72.67279528399996, -7.639779255750971 ], [ -72.672420015999933, -7.639669773751002 ], [ -72.672294757999964, -7.639554642750975 ], [ -72.672140354999954, -7.639402116751015 ], [ -72.672024344999954, -7.639292864751009 ], [ -72.671771828999965, -7.639137377750983 ], [ -72.671522824999954, -7.639056593751003 ], [ -72.671188405999942, -7.638914919750988 ], [ -72.670970280999938, -7.638863139751016 ], [ -72.670787417999975, -7.638765800751038 ], [ -72.670603243999949, -7.638634515751031 ], [ -72.670460594999952, -7.63854897375101 ], [ -72.670458868999958, -7.638547898751016 ], [ -72.670333854999967, -7.63825530675103 ], [ -72.67034006199998, -7.638255815751039 ], [ -72.670401136999942, -7.638264299751023 ], [ -72.670965441999954, -7.638342692751042 ], [ -72.67135525599997, -7.63843415975105 ], [ -72.671606729999951, -7.638578250751022 ], [ -72.671941784999945, -7.638606687750991 ], [ -72.672104888999968, -7.638719766751007 ], [ -72.672558556999945, -7.639043526751006 ], [ -72.672692749999953, -7.639234980751003 ], [ -72.67291032299994, -7.639447603750986 ], [ -72.672927026999957, -7.639474316750994 ] ] ] } },
{ "type": "Feature", "properties": { "num_setor": "AC_TAR_SR_01_CPRM", "munic": "TARAUACÁ", "grau_risco": "Alto", "distancia_km": 1.52, "chuva_24h": 0.4, "chuva_72h": 0.4, "fonte_estacao": "openmeteo", "codigo_estacao": "openmeteo", "nome_estacao": "Open-Meteo (célula de grade)" }, "geometry": { "type": "Polygon", "coordinates": [ [ [ -70.747069627999963, -8.145124781734919 ], [ -70.748440400999982, -8.144480908734995 ], [ -70.750735373999987, -8.143096162734999 ], [ -70.754085478999968, -8.141474723735087 ], [ -70.754675367999937, -8.141430355735052 ], [ -70.754709329999969, -8.141452767735078 ], [ -70.75521635299998, -8.141798213735047 ], [ -70.756122895999965, -8.142594810735057 ], [ -70.756134370999973, -8.142617370735044 ], [ -70.757790833999934, -8.144043801734973 ], [ -70.758935734999966, -8.145121098734933 ], [ -70.758992387999967, -8.145177186734932 ], [ -70.759831015999964, -8.145177376734916 ], [ -70.759853674999988, -8.145177382734966 ], [ -70.761310409999965, -8.144074983734955 ], [ -70.762436674999947, -8.14362526373502 ], [ -70.763003129999959, -8.143737931735011 ], [ -70.763218904999974, -8.144085584734997 ], [ -70.763159284999972, -8.14462635273499 ], [ -70.763159468999959, -8.144637585734939 ], [ -70.762132213999962, -8.145696780734943 ], [ -70.761269696999989, -8.146516337734919 ], [ -70.760589352999943, -8.147291038734904 ], [ -70.759898606999968, -8.148144405734874 ], [ -70.759321143999955, -8.148985909734838 ], [ -70.759321170999954, -8.148997129734813 ], [ -70.759146898999973, -8.149658282734805 ], [ -70.759147957999971, -8.149758894734779 ], [ -70.759148900999946, -8.149848275734794 ], [ -70.759426263999956, -8.150617657734754 ], [ -70.75985398499995, -8.151265839734751 ], [ -70.760348285999953, -8.151697251734745 ], [ -70.76077016499994, -8.151977279734705 ], [ -70.761280875999944, -8.152011418734739 ], [ -70.761735521999981, -8.151738284734749 ], [ -70.762122183999963, -8.151214194734759 ], [ -70.76381476499995, -8.150849192734752 ], [ -70.765778980999983, -8.151702990734766 ], [ -70.766688350999971, -8.153284752734718 ], [ -70.766766982999968, -8.154658044734653 ], [ -70.767079185999933, -8.155969039734602 ], [ -70.767347591999965, -8.158149195734534 ], [ -70.767893535999974, -8.159105532734493 ], [ -70.768607662999955, -8.159855668734492 ], [ -70.768911964999972, -8.160476814734491 ], [ -70.769001134999939, -8.161009763734462 ], [ -70.769255984999972, -8.162149173734438 ], [ -70.76955849899997, -8.163123164734372 ], [ -70.770189136999988, -8.163996410734368 ], [ -70.770956588999979, -8.164808272734318 ], [ -70.771738641999946, -8.165985687734313 ], [ -70.77207754799997, -8.166905303734261 ], [ -70.772297035999941, -8.168242322734224 ], [ -70.772730913999965, -8.169236399734164 ], [ -70.772801254999933, -8.169282266734198 ], [ -70.773400128999981, -8.170319690734171 ], [ -70.773467781999955, -8.170398122734124 ], [ -70.774102212999935, -8.172069481734066 ], [ -70.774896015999957, -8.173695580734041 ], [ -70.777190651999945, -8.176187623733973 ], [ -70.777710240999966, -8.176379248733985 ], [ -70.778325547999941, -8.176243214733953 ], [ -70.778427565999948, -8.176209555733955 ], [ -70.779020006999986, -8.175602510733993 ], [ -70.779311733999975, -8.174952947733996 ], [ -70.780073371999947, -8.174425222734023 ], [ -70.780848043999981, -8.173618082734043 ], [ -70.781501822999985, -8.172642915734096 ], [ -70.782215806999943, -8.171567953734115 ], [ -70.782736151999984, -8.170984725734145 ], [ -70.783675722999988, -8.169594723734198 ], [ -70.784218668999983, -8.168916260734177 ], [ -70.78451314199998, -8.168857554734172 ], [ -70.784922168999969, -8.168861841734198 ], [ -70.785319569999956, -8.168893073734173 ], [ -70.785637093999981, -8.169005122734211 ], [ -70.785784209999974, -8.169252648734162 ], [ -70.785795392999944, -8.169600831734183 ], [ -70.782017402999941, -8.177226040733906 ], [ -70.781760206999934, -8.177422559733937 ], [ -70.78154565799997, -8.177729707733921 ], [ -70.781305990999954, -8.178336263733884 ], [ -70.781305991999943, -8.178342818733912 ], [ -70.781296079999947, -8.17874259773386 ], [ -70.781032179999954, -8.179387816733875 ], [ -70.780784068999935, -8.181051570733811 ], [ -70.781248214999948, -8.182186049733748 ], [ -70.780951700999935, -8.182339690733802 ], [ -70.780298116999973, -8.182088437733764 ], [ -70.779788354999937, -8.181772530733818 ], [ -70.779554333999954, -8.181584339733812 ], [ -70.779380873999969, -8.181312976733803 ], [ -70.779111575999934, -8.180152469733828 ], [ -70.778575903999979, -8.179121784733868 ], [ -70.778003258999945, -8.178491364733896 ], [ -70.777996697999981, -8.178488045733859 ], [ -70.776985426999943, -8.177917833733932 ], [ -70.776608116999967, -8.177753867733932 ], [ -70.775878925999962, -8.177631154733941 ], [ -70.774971145999984, -8.177478292733946 ], [ -70.774007867999956, -8.176957047733952 ], [ -70.77317217999996, -8.175767047733977 ], [ -70.773168802999976, -8.175753734733968 ], [ -70.773165426999981, -8.175740424733982 ], [ -70.77293326299997, -8.175079734733989 ], [ -70.772488046999968, -8.173952081734054 ], [ -70.772215663999987, -8.17307990073405 ], [ -70.771986115999937, -8.172176655734114 ], [ -70.771943096999962, -8.171842988734118 ], [ -70.771812934999957, -8.171569672734119 ], [ -70.772281500999952, -8.171475514734102 ], [ -70.772245140999985, -8.171211731734132 ], [ -70.77218174099994, -8.171017861734105 ], [ -70.772117653999942, -8.170821892734157 ], [ -70.771823470999948, -8.170514762734163 ], [ -70.771610772999964, -8.170368936734166 ], [ -70.771072970999967, -8.170064298734138 ], [ -70.770625987999949, -8.16981110473416 ], [ -70.770335665999937, -8.169715309734178 ], [ -70.770082311999943, -8.169671056734181 ], [ -70.76994072399998, -8.169612044734174 ], [ -70.769523408999987, -8.16950139873418 ], [ -70.769046788999958, -8.169619275734153 ], [ -70.768927773999962, -8.169648709734149 ], [ -70.768771555999933, -8.169633937734169 ], [ -70.768563511999957, -8.169722228734168 ], [ -70.768362871999955, -8.16971480173415 ], [ -70.768221224999934, -8.16981061673415 ], [ -70.768050796999944, -8.169844368734191 ], [ -70.76792336799997, -8.169869604734185 ], [ -70.767861383999957, -8.169930909734155 ], [ -70.76781991699994, -8.170026724734162 ], [ -70.76767085299997, -8.170081535734148 ], [ -70.767527359999974, -8.170087019734126 ], [ -70.767266847999963, -8.170044581734153 ], [ -70.766833499999962, -8.170004175734173 ], [ -70.765752101999965, -8.170181796734147 ], [ -70.765587656999969, -8.17019710773417 ], [ -70.765463718999968, -8.170263193734167 ], [ -70.765227846999949, -8.17028351573412 ], [ -70.765238092999937, -8.170405228734122 ], [ -70.765284203999954, -8.170486368734133 ], [ -70.764842210999973, -8.170545584734141 ], [ -70.764238861999956, -8.17050511473416 ], [ -70.762527158999944, -8.17029798573418 ], [ -70.76187062799994, -8.170132409734153 ], [ -70.761114331999977, -8.169874859734144 ], [ -70.760777078999979, -8.169598816734171 ], [ -70.760604840999974, -8.169273813734179 ], [ -70.760600866999937, -8.168956151734204 ], [ -70.760608670999943, -8.168560764734188 ], [ -70.760768503999941, -8.167596337734231 ], [ -70.760889050999936, -8.16675510773427 ], [ -70.761229229999969, -8.165351393734321 ], [ -70.761363388999939, -8.16411550273434 ], [ -70.761477698999954, -8.163388426734388 ], [ -70.761668029999953, -8.162518035734378 ], [ -70.761512946999972, -8.161993518734425 ], [ -70.761182863999977, -8.161298095734429 ], [ -70.760985365999943, -8.160782348734429 ], [ -70.761178699999959, -8.160776986734463 ], [ -70.761194796999973, -8.160530984734489 ], [ -70.760914935999949, -8.160276667734452 ], [ -70.760797996999941, -8.160051122734487 ], [ -70.760702138999989, -8.159942837734475 ], [ -70.760263192999957, -8.159212799734522 ], [ -70.760179749999963, -8.15905881473453 ], [ -70.760096526999973, -8.158905235734517 ], [ -70.759916353999984, -8.158738437734504 ], [ -70.75966337899996, -8.158486668734525 ], [ -70.759608382999943, -8.158378774734537 ], [ -70.759603009999978, -8.158239548734555 ], [ -70.759457495999982, -8.158109366734537 ], [ -70.759385261999967, -8.158140723734551 ], [ -70.759014361999959, -8.157773840734535 ], [ -70.758752424999955, -8.157520935734572 ], [ -70.758495059999973, -8.15727244473454 ], [ -70.758311589999948, -8.156975681734561 ], [ -70.75791830999998, -8.156698144734579 ], [ -70.75763535699997, -8.156316602734574 ], [ -70.757352113999957, -8.156122879734587 ], [ -70.757131596999955, -8.155972057734626 ], [ -70.756807321999986, -8.155668505734589 ], [ -70.756542645999957, -8.155515275734626 ], [ -70.75634241399996, -8.155353645734646 ], [ -70.756192847999955, -8.155255726734612 ], [ -70.756030670999962, -8.155100445734631 ], [ -70.755678819999957, -8.154951449734622 ], [ -70.755540376999988, -8.155100971734639 ], [ -70.754261628999984, -8.154671341734657 ], [ -70.753612737999958, -8.154594297734642 ], [ -70.752177697999969, -8.154500225734623 ], [ -70.751388178999946, -8.15434689873466 ], [ -70.750645624999947, -8.15428738973468 ], [ -70.749915843999986, -8.154104063734678 ], [ -70.749542394999935, -8.153922882734664 ], [ -70.749066270999947, -8.153637862734698 ], [ -70.747877677999952, -8.152766416734702 ], [ -70.747200395999982, -8.152152300734716 ], [ -70.746753872999989, -8.151606014734762 ], [ -70.746627, -8.151152065734752 ], [ -70.746586134999973, -8.150443596734762 ], [ -70.746390113999951, -8.148514672734859 ], [ -70.746305855999935, -8.147463267734883 ], [ -70.746278472999961, -8.146680961734896 ], [ -70.746361000999968, -8.145955828734911 ], [ -70.747069627999963, -8.145124781734919 ] ] ] } },
{ "type": "Feature", "properties": { "num_setor": "AC_SENAMAD_SR_9_CPRM", "munic": "SENA MADUREIRA", "grau_risco": "Muito alto", "distancia_km": 1.39, "chuva_24h": 3.2, "chuva_72h": 3.4, "fonte_estacao": "openmeteo", "codigo_estacao": "openmeteo", "nome_estacao": "Open-Meteo (célula de grade)" }, "geometry": { "type": "Polygon", "coordinates": [ [ [ -68.654819317999966, -9.062565175706064 ], [ -68.654635583999948, -9.062723438706058 ], [ -68.654486783999971, -9.06263718970607 ], [ -68.654405821999944, -9.062420018706044 ], [ -68.654402209999944, -9.062386681706059 ], [ -68.654384747999984, -9.062346164706058 ], [ -68.654380326999956, -9.062305725706084 ], [ -68.654382114999976, -9.061953805706086 ], [ -68.654379087999985, -9.061925405706065 ], [ -68.654369488999976, -9.061643263706067 ], [ -68.654366257999982, -9.061613475706066 ], [ -68.654361388999973, -9.061568567706059 ], [ -68.654356491999977, -9.061523386706094 ], [ -68.654221278999955, -9.060736528706091 ], [ -68.654214038999953, -9.060736345706092 ], [ -68.654117006999968, -9.06051606270613 ], [ -68.654110269999933, -9.060456241706094 ], [ -68.654090642999961, -9.060412838706148 ], [ -68.654083790999948, -9.059749620706169 ], [ -68.653962410999952, -9.059347405706172 ], [ -68.653896467999971, -9.059140046706178 ], [ -68.65388603699995, -9.059099581706135 ], [ -68.653880666999953, -9.059034754706184 ], [ -68.653879992999975, -9.05902661270617 ], [ -68.653922990999945, -9.058762442706195 ], [ -68.653920230999972, -9.058728378706162 ], [ -68.65392475699997, -9.058694425706149 ], [ -68.654006009999932, -9.058515884706193 ], [ -68.654018168999983, -9.058481304706154 ], [ -68.654029736999973, -9.058437733706164 ], [ -68.654050057999939, -9.058411990706183 ], [ -68.654071058999932, -9.058395072706157 ], [ -68.65422951499994, -9.058504714706196 ], [ -68.654220716999987, -9.058996648706147 ], [ -68.654374490999942, -9.059910672706112 ], [ -68.654379623999944, -9.059941180706124 ], [ -68.654422697999962, -9.060645020706129 ], [ -68.654543883999963, -9.061246603706104 ], [ -68.654679033999969, -9.06159389570611 ], [ -68.654684322999969, -9.061891571706099 ], [ -68.654673370999944, -9.061919630706084 ], [ -68.654695170999958, -9.062245805706068 ], [ -68.654697538999983, -9.062272924706054 ], [ -68.654707594999934, -9.062313571706044 ], [ -68.654817439999988, -9.06254724170603 ], [ -68.654824883999936, -9.06256038170606 ], [ -68.654819317999966, -9.062565175706064 ] ] ] } },
{ "type": "Feature", "properties": { "num_setor": "AC_TAR_SR_03_CPRM", "munic": "TARAUACÁ", "grau_risco": "Muito alto", "distancia_km": 0.51, "chuva_24h": 0.4, "chuva_72h": 0.4, "fonte_estacao": "openmeteo", "codigo_estacao": "openmeteo", "nome_estacao": "Open-Meteo (célula de grade)" }, "geometry": { "type": "Polygon", "coordinates": [ [ [ -70.769046788999958, -8.169619275734153 ], [ -70.769523408999987, -8.16950139873418 ], [ -70.76994072399998, -8.169612044734174 ], [ -70.770082311999943, -8.169671056734181 ], [ -70.770335665999937, -8.169715309734178 ], [ -70.770625987999949, -8.16981110473416 ], [ -70.771072970999967, -8.170064298734138 ], [ -70.771610772999964, -8.170368936734166 ], [ -70.771823470999948, -8.170514762734163 ], [ -70.772117653999942, -8.170821892734157 ], [ -70.77218174099994, -8.171017861734105 ], [ -70.772245140999985, -8.171211731734132 ], [ -70.772281500999952, -8.171475514734102 ], [ -70.771812934999957, -8.171569672734119 ], [ -70.771746232999988, -8.171276243734122 ], [ -70.771606947999942, -8.171079340734112 ], [ -70.771482958999968, -8.170823835734135 ], [ -70.771284045999948, -8.170714673734135 ], [ -70.771151427999939, -8.17057569073414 ], [ -70.770929118999959, -8.17039218273413 ], [ -70.77068404399995, -8.170274642734171 ], [ -70.770446296999978, -8.170142320734156 ], [ -70.77022324099994, -8.170024622734163 ], [ -70.769844025999987, -8.169951591734176 ], [ -70.769478713999945, -8.169907336734141 ], [ -70.76945634599997, -8.169907321734179 ], [ -70.769046358999958, -8.16998840773414 ], [ -70.76872588699996, -8.170062140734165 ], [ -70.768688655999938, -8.170062108734157 ], [ -70.768197439999938, -8.17024609273415 ], [ -70.767981357999986, -8.170260872734158 ], [ -70.767668233999984, -8.170312611734172 ], [ -70.767282136999938, -8.170291819734135 ], [ -70.765786897999988, -8.170430373734169 ], [ -70.765530124999941, -8.170486370734167 ], [ -70.765417410999987, -8.170491440734162 ], [ -70.765294449999942, -8.17048636973413 ], [ -70.765284203999954, -8.170486368734133 ], [ -70.765238092999937, -8.170405228734122 ], [ -70.765227846999949, -8.17028351573412 ], [ -70.765463718999968, -8.170263193734167 ], [ -70.765587656999969, -8.17019710773417 ], [ -70.765752101999965, -8.170181796734147 ], [ -70.766833499999962, -8.170004175734173 ], [ -70.767266847999963, -8.170044581734153 ], [ -70.767527359999974, -8.170087019734126 ], [ -70.76767085299997, -8.170081535734148 ], [ -70.76781991699994, -8.170026724734162 ], [ -70.767861383999957, -8.169930909734155 ], [ -70.76792336799997, -8.169869604734185 ], [ -70.768050796999944, -8.169844368734191 ], [ -70.768221224999934, -8.16981061673415 ], [ -70.768362871999955, -8.16971480173415 ], [ -70.768563511999957, -8.169722228734168 ], [ -70.768771555999933, -8.169633937734169 ], [ -70.768927773999962, -8.169648709734149 ], [ -70.769046788999958, -8.169619275734153 ] ] ] } },
{ "type": "Feature", "properties": { "num_setor": "AC_TAR_SR_02_CPRM", "munic": "TARAUACÁ", "grau_risco": "Alto", "distancia_km": 1.45, "chuva_24h": 0.3, "chuva_72h": 0.3, "fonte_estacao": "openmeteo", "codigo_estacao": "openmeteo", "nome_estacao": "Open-Meteo (célula de grade)" }, "geometry": { "type": "Polygon", "coordinates": [ [ [ -70.782809826999937, -8.146124185734919 ], [ -70.782935867999981, -8.145622946734912 ], [ -70.783129062999933, -8.145229808734936 ], [ -70.783449744999984, -8.145039287734964 ], [ -70.783621208999989, -8.145074706734936 ], [ -70.783835409999938, -8.145138597734956 ], [ -70.784200804999955, -8.145338531734911 ], [ -70.784337048999987, -8.145575399734913 ], [ -70.784315342999946, -8.14558255073494 ], [ -70.784014239999976, -8.145802482734922 ], [ -70.78369000899994, -8.146046692734924 ], [ -70.783486241999981, -8.146171435734935 ], [ -70.783437452999976, -8.146403640734908 ], [ -70.783445990999951, -8.146677521734887 ], [ -70.783496629999945, -8.146828795734907 ], [ -70.783569523999972, -8.147162340734882 ], [ -70.783768472999952, -8.147373292734851 ], [ -70.783952880999948, -8.14744284873488 ], [ -70.784116308999955, -8.147540962734842 ], [ -70.784322818999954, -8.14782996473488 ], [ -70.784401035999963, -8.147970705734874 ], [ -70.784336071999974, -8.148223598734846 ], [ -70.784170284999959, -8.148413560734815 ], [ -70.783997462999935, -8.148533765734841 ], [ -70.783709818999967, -8.14862592073484 ], [ -70.78343433799995, -8.148810758734829 ], [ -70.783258200999967, -8.149024997734829 ], [ -70.78300812699996, -8.1493666327348 ], [ -70.782863833999954, -8.149630426734825 ], [ -70.782705430999954, -8.149794346734801 ], [ -70.782497246999981, -8.149779815734824 ], [ -70.78226764599998, -8.149722530734799 ], [ -70.782152205999978, -8.149857998734788 ], [ -70.781717996999987, -8.149618644734824 ], [ -70.781441270999949, -8.149520919734783 ], [ -70.781262839999954, -8.149325645734827 ], [ -70.781330113999957, -8.148933533734853 ], [ -70.781397252999966, -8.148579898734855 ], [ -70.78146639199997, -8.148322127734852 ], [ -70.781496828999934, -8.148111424734866 ], [ -70.78156114899997, -8.147858772734844 ], [ -70.781668973999956, -8.147490725734865 ], [ -70.781713865999961, -8.147242303734901 ], [ -70.781713801999956, -8.147219838734877 ], [ -70.781724675999953, -8.147096281734878 ], [ -70.781780456999968, -8.146950647734908 ], [ -70.781881282999962, -8.14682820673489 ], [ -70.782149970999967, -8.146776797734901 ], [ -70.782311328999981, -8.146787372734881 ], [ -70.782809826999937, -8.146124185734919 ] ] ] } },
{ "type": "Feature", "properties": { "num_setor": "AC_SENAMAD_SR_4_CPRM", "munic": "SENA MADUREIRA", "grau_risco": "Alto", "distancia_km": 0.52, "chuva_24h": 3.2, "chuva_72h": 3.4, "fonte_estacao": "openmeteo", "codigo_estacao": "openmeteo", "nome_estacao": "Open-Meteo (célula de grade)" }, "geometry": { "type": "Polygon", "coordinates": [ [ [ -68.660937438999952, -9.057864139706183 ], [ -68.661060389999989, -9.057825326706181 ], [ -68.661067981999963, -9.057796096706186 ], [ -68.661083282999982, -9.057747138706207 ], [ -68.661114230999942, -9.057697876706206 ], [ -68.661231429999987, -9.057614932706221 ], [ -68.661294044999977, -9.057613499706193 ], [ -68.661333195999987, -9.057612603706177 ], [ -68.661364529999958, -9.057611884706228 ], [ -68.661607669999967, -9.057606318706201 ], [ -68.661631229999955, -9.057605779706215 ], [ -68.661724810999942, -9.057623408706224 ], [ -68.661771547999933, -9.057632210706192 ], [ -68.662031762999959, -9.057753846706209 ], [ -68.662062402999936, -9.057763121706177 ], [ -68.662202506999961, -9.057885601706191 ], [ -68.662217366999982, -9.057894906706176 ], [ -68.662261212999965, -9.057932195706211 ], [ -68.662367924999955, -9.058052635706201 ], [ -68.662388103999945, -9.058089479706219 ], [ -68.662395045999972, -9.058098646706185 ], [ -68.662481586999945, -9.058253357706176 ], [ -68.662495214999979, -9.058271363706185 ], [ -68.662511591999987, -9.058432809706172 ], [ -68.662523414999953, -9.058468402706183 ], [ -68.662655733999941, -9.058636684706173 ], [ -68.662669548999986, -9.058645561706197 ], [ -68.662703589999978, -9.058672004706168 ], [ -68.662818614999935, -9.058759510706164 ], [ -68.662830414999974, -9.058785178706145 ], [ -68.662855718999936, -9.05881943670617 ], [ -68.662908528999935, -9.058988468706136 ], [ -68.662906534999934, -9.059005201706197 ], [ -68.662901570999963, -9.059046865706172 ], [ -68.662886842999967, -9.059170473706134 ], [ -68.662882955999976, -9.059203088706138 ], [ -68.662827557999947, -9.059372344706128 ], [ -68.662824671999942, -9.059396345706169 ], [ -68.662818930999947, -9.059444102706173 ], [ -68.662806298999953, -9.05949148670614 ], [ -68.662800659999959, -9.059538601706175 ], [ -68.662805834999972, -9.059783650706164 ], [ -68.662808144999985, -9.05982112370612 ], [ -68.662867478999942, -9.059888404706165 ], [ -68.662921419999975, -9.05994032570613 ], [ -68.662939625999968, -9.059955104706154 ], [ -68.662961114999973, -9.060143544706133 ], [ -68.66296478199996, -9.06016501170614 ], [ -68.662956924999946, -9.060221922706143 ], [ -68.662954969999987, -9.060236072706115 ], [ -68.66292836599996, -9.060436464706118 ], [ -68.662925701999939, -9.060456811706093 ], [ -68.662914248999982, -9.06054428770612 ], [ -68.662911625999982, -9.060564316706108 ], [ -68.662914559999933, -9.060590928706098 ], [ -68.662922135999963, -9.060630649706114 ], [ -68.662925033999954, -9.060657002706119 ], [ -68.662931942999933, -9.060839057706096 ], [ -68.662933783999961, -9.060871083706081 ], [ -68.662931105999974, -9.060890237706104 ], [ -68.662917722999964, -9.060941058706106 ], [ -68.662876787999949, -9.06105425470607 ], [ -68.66284587399997, -9.061097813706079 ], [ -68.662749725999959, -9.061122821706102 ], [ -68.662722617999975, -9.061141361706088 ], [ -68.662641335999979, -9.061153528706109 ], [ -68.66250155299997, -9.061212565706077 ], [ -68.662403176999987, -9.061218480706113 ], [ -68.662397059999932, -9.061218480706113 ], [ -68.662248775999956, -9.061236469706067 ], [ -68.662236556999972, -9.061236469706067 ], [ -68.662183414999959, -9.061212488706104 ], [ -68.66217097699996, -9.061133955706081 ], [ -68.662165277999975, -9.061127877706124 ], [ -68.662126118999936, -9.061072930706098 ], [ -68.662126558999944, -9.061066797706099 ], [ -68.662131430999978, -9.060998977706072 ], [ -68.662133213999937, -9.060974149706082 ], [ -68.66214473399998, -9.060904906706098 ], [ -68.662145702999965, -9.060892238706094 ], [ -68.662147644999948, -9.060866828706112 ], [ -68.662152534999962, -9.060802876706116 ], [ -68.662154009999938, -9.060783570706102 ], [ -68.662143325999978, -9.060757741706116 ], [ -68.66210702799998, -9.06064684470611 ], [ -68.662096142999985, -9.060620483706128 ], [ -68.662093034999941, -9.060574091706128 ], [ -68.662088541999935, -9.060547342706098 ], [ -68.662069426999949, -9.060452883706137 ], [ -68.662070867999944, -9.060432438706117 ], [ -68.66206322499994, -9.060259842706099 ], [ -68.662064160999932, -9.060245895706139 ], [ -68.662060370999939, -9.060203923706124 ], [ -68.662057024999967, -9.060154626706147 ], [ -68.662021395999943, -9.059983074706116 ], [ -68.662009767999962, -9.059954108706108 ], [ -68.662005280999949, -9.059917672706151 ], [ -68.661988573999963, -9.059859045706112 ], [ -68.661918508999975, -9.059656897706152 ], [ -68.661912933999986, -9.059633920706137 ], [ -68.661908272999938, -9.059330667706176 ], [ -68.661917428999971, -9.059290710706168 ], [ -68.661927067999954, -9.05924250170616 ], [ -68.661928358999944, -9.059218358706143 ], [ -68.661937516999956, -9.059047130706151 ], [ -68.661938944999974, -9.059021912706195 ], [ -68.661933609999949, -9.058988451706144 ], [ -68.66187040799997, -9.058811759706183 ], [ -68.66185706899995, -9.058786363706178 ], [ -68.661838035999949, -9.058726233706173 ], [ -68.661831096999947, -9.058717793706183 ], [ -68.661734852999984, -9.058561671706158 ], [ -68.661706617999982, -9.058526622706204 ], [ -68.661605358999964, -9.058448268706169 ], [ -68.661383351999973, -9.058381862706193 ], [ -68.661353495999947, -9.058382742706211 ], [ -68.661196901999972, -9.05840466070617 ], [ -68.661137422999957, -9.058405814706193 ], [ -68.661107695999988, -9.058406296706206 ], [ -68.660966548999966, -9.058407669706185 ], [ -68.660944270999948, -9.058407886706162 ], [ -68.660877451999966, -9.058408535706176 ], [ -68.660855183999956, -9.058408753706198 ], [ -68.660714700999961, -9.058428130706195 ], [ -68.660685068999953, -9.058428418706169 ], [ -68.660640628999943, -9.05842884970615 ], [ -68.660618100999955, -9.058420017706162 ], [ -68.660541547999969, -9.058357344706165 ], [ -68.660541208999973, -9.0583483487062 ], [ -68.660494661999962, -9.058303222706167 ], [ -68.660477803999981, -9.058257666706199 ], [ -68.660420583999951, -9.058155481706201 ], [ -68.660418795999988, -9.058117706706184 ], [ -68.660415647999969, -9.058051144706216 ], [ -68.660515314999941, -9.057886343706185 ], [ -68.660513741999978, -9.05784724370621 ], [ -68.660535290999974, -9.0578076837062 ], [ -68.660594227999979, -9.057727763706184 ], [ -68.660719163999943, -9.057756973706221 ], [ -68.660742647999939, -9.057766775706185 ], [ -68.660891264999975, -9.057864141706217 ], [ -68.660937438999952, -9.057864139706183 ] ] ] } },
{ "type": "Feature", "properties": { "num_setor": "AC_SENAMAD_SR_3_CPRM", "munic": "SENA MADUREIRA", "grau_risco": "Alto", "distancia_km": 1.07, "chuva_24h": 3.2, "chuva_72h": 3.4, "fonte_estacao": "openmeteo", "codigo_estacao": "openmeteo", "nome_estacao": "Open-Meteo (célula de grade)" }, "geometry": { "type": "Polygon", "coordinates": [ [ [ -68.660599100999946, -9.064632536705998 ], [ -68.660643228999959, -9.064617168706006 ], [ -68.660799904999976, -9.064530990706006 ], [ -68.660845560999974, -9.064491739705971 ], [ -68.660860935999949, -9.064476015705997 ], [ -68.661057223999933, -9.06437268370602 ], [ -68.661080593999941, -9.064348963706012 ], [ -68.661126470999989, -9.064317468705998 ], [ -68.661164645999975, -9.064293794706021 ], [ -68.661331905999987, -9.064214541705992 ], [ -68.661447748999933, -9.064142771706013 ], [ -68.661494498999957, -9.064110739705983 ], [ -68.661597, -9.064044324706 ], [ -68.661670804999972, -9.063878551706006 ], [ -68.661672873999976, -9.063853597706037 ], [ -68.661773614999959, -9.063650975706025 ], [ -68.661798598999951, -9.063625544706046 ], [ -68.661930522999967, -9.063514507706033 ], [ -68.661970423999946, -9.063497173706036 ], [ -68.662039982999943, -9.063366306706039 ], [ -68.662069084999985, -9.063343155706045 ], [ -68.662164433999976, -9.063241579706032 ], [ -68.66218648499995, -9.063225740706015 ], [ -68.662216179999973, -9.063186329706031 ], [ -68.662245875999986, -9.063154624706062 ], [ -68.662387536999972, -9.063034489706034 ], [ -68.662410340999941, -9.06300239970604 ], [ -68.662479039999937, -9.06290627070606 ], [ -68.66250182899995, -9.062882289706039 ], [ -68.662525044999938, -9.062842367706057 ], [ -68.662603302999969, -9.062697503706062 ], [ -68.662629050999954, -9.062583362706025 ], [ -68.662629780999964, -9.06255872770604 ], [ -68.662604964999957, -9.062376262706078 ], [ -68.662605920999965, -9.06234278870606 ], [ -68.662599839999984, -9.062292010706063 ], [ -68.662633555999946, -9.062181576706045 ], [ -68.662649059999978, -9.062173141706056 ], [ -68.662789071999953, -9.062096951706049 ], [ -68.662919982999938, -9.062072418706061 ], [ -68.662958044999982, -9.062073329706093 ], [ -68.663086930999953, -9.062084903706074 ], [ -68.663115717999972, -9.06211946170605 ], [ -68.663144013999954, -9.062162333706043 ], [ -68.663207213999954, -9.062263801706072 ], [ -68.663212657999964, -9.062305516706081 ], [ -68.663209571999971, -9.062363924706048 ], [ -68.663208187999942, -9.062389057706058 ], [ -68.663153556999987, -9.062570606706041 ], [ -68.663135668999985, -9.062627795706058 ], [ -68.663111240999967, -9.062668397706071 ], [ -68.663102574999982, -9.062692733706035 ], [ -68.663069659999962, -9.062757322706068 ], [ -68.663045471999965, -9.06279749070606 ], [ -68.662903691999986, -9.062996198706029 ], [ -68.662880341999937, -9.063027682706053 ], [ -68.662833850999959, -9.063083425706015 ], [ -68.662788569999975, -9.063115101706007 ], [ -68.662780924999936, -9.063123028706023 ], [ -68.662595217999979, -9.063216249706013 ], [ -68.662506986999972, -9.063253753706039 ], [ -68.662440816999947, -9.063277377706024 ], [ -68.662367133999965, -9.063316965706017 ], [ -68.662352432999967, -9.063324862706009 ], [ -68.662256658999979, -9.063410618706039 ], [ -68.662220064999985, -9.06344164270604 ], [ -68.662190911999971, -9.063464638706037 ], [ -68.662169114999983, -9.063479925706028 ], [ -68.66198848099998, -9.063676218706009 ], [ -68.66197411099995, -9.063720895706014 ], [ -68.66196692799997, -9.063750975706006 ], [ -68.66193844299994, -9.063810923705995 ], [ -68.661910109999951, -9.063848063706015 ], [ -68.661910122999984, -9.063862776706005 ], [ -68.661839831999941, -9.063972209706035 ], [ -68.661839981999947, -9.064008537705996 ], [ -68.66184001299996, -9.064015786706017 ], [ -68.661861589999944, -9.064174131706002 ], [ -68.661861701999953, -9.064209771706018 ], [ -68.661875709999947, -9.064245337706026 ], [ -68.661958935999962, -9.064337396706014 ], [ -68.661986515999956, -9.064365558705996 ], [ -68.662000251999984, -9.064386608705984 ], [ -68.662055212999974, -9.064421693706016 ], [ -68.662095839999949, -9.064505118705975 ], [ -68.662061072999961, -9.064580798705979 ], [ -68.662054115999979, -9.064601350706001 ], [ -68.661978746999978, -9.064710510705964 ], [ -68.661958335999941, -9.064737651705991 ], [ -68.661951539999961, -9.064751192705979 ], [ -68.661897470999975, -9.064838760706007 ], [ -68.661884010999984, -9.064852163705966 ], [ -68.661850411999978, -9.064878914705979 ], [ -68.661836947999973, -9.064878914705979 ], [ -68.661790250999957, -9.064938836705961 ], [ -68.661770118999982, -9.064938836705961 ], [ -68.661643580999964, -9.065011288705946 ], [ -68.661630186999957, -9.065011240705998 ], [ -68.661603395999975, -9.065011141705966 ], [ -68.661502474999963, -9.064991042705984 ], [ -68.661468484999943, -9.06497114770595 ], [ -68.661420010999962, -9.064911423705967 ], [ -68.661413108999966, -9.064904758705975 ], [ -68.661411972999986, -9.064858183705978 ], [ -68.661410668999963, -9.064804702705965 ], [ -68.661331408999956, -9.064635425705974 ], [ -68.661310906999972, -9.064635316705987 ], [ -68.661222020999958, -9.064634848705989 ], [ -68.661208570999975, -9.064641589705987 ], [ -68.661168740999983, -9.064675379705958 ], [ -68.661142167999969, -9.064695594705963 ], [ -68.660939086999974, -9.064857298705958 ], [ -68.660891752999987, -9.064996369705982 ], [ -68.660861084999965, -9.065055386705994 ], [ -68.660849311999982, -9.06508803770596 ], [ -68.660831218999988, -9.065120808705963 ], [ -68.660831619999954, -9.065127356705958 ], [ -68.660786246999976, -9.065250895705967 ], [ -68.660769340999934, -9.065295980705972 ], [ -68.660747641999933, -9.065366368705956 ], [ -68.660748919999946, -9.065385467705935 ], [ -68.660556682999982, -9.065555062705981 ], [ -68.660198341999944, -9.065592654705934 ], [ -68.660176651999961, -9.065592540705948 ], [ -68.660140497999976, -9.065592350705964 ], [ -68.659916215999942, -9.065591167705971 ], [ -68.659880021999982, -9.065590976705948 ], [ -68.659851061999973, -9.065590823705973 ], [ -68.659728228999938, -9.065613192705941 ], [ -68.659677924999983, -9.065636078705946 ], [ -68.659649375999948, -9.065658915705962 ], [ -68.659534792999978, -9.065697519705958 ], [ -68.659414735999974, -9.065781582705933 ], [ -68.659393481999984, -9.065789352705957 ], [ -68.659372495999946, -9.065804770705931 ], [ -68.659280066999941, -9.065820510705965 ], [ -68.659237188999953, -9.065820720705963 ], [ -68.659230043999969, -9.065820755705934 ], [ -68.659158600999945, -9.065821106705975 ], [ -68.659130029999972, -9.065821246705971 ], [ -68.659057535999978, -9.065798767705973 ], [ -68.659029005999969, -9.065799050705936 ], [ -68.658986220999964, -9.065799476705921 ], [ -68.658871746999978, -9.065792930705971 ], [ -68.658857497999975, -9.065793072705949 ], [ -68.658786278999969, -9.065793784705923 ], [ -68.658758826999986, -9.065809415705974 ], [ -68.658739569999966, -9.065840241705976 ], [ -68.65860377599995, -9.066015660705929 ], [ -68.658600024999942, -9.066060359705933 ], [ -68.658582266999986, -9.066104907705933 ], [ -68.658552859999986, -9.066178684705941 ], [ -68.658548697999947, -9.066215310705934 ], [ -68.658535893999954, -9.06622996770594 ], [ -68.658437515999935, -9.066303026705926 ], [ -68.658419764999962, -9.06633921470595 ], [ -68.658402085999967, -9.066375259705945 ], [ -68.658371938999949, -9.066425505705949 ], [ -68.658366255999965, -9.066439750705941 ], [ -68.658266749999939, -9.066495486705918 ], [ -68.65825978099997, -9.066495415705928 ], [ -68.658155180999984, -9.066494337705906 ], [ -68.658127973999967, -9.066358680705923 ], [ -68.658183012999984, -9.066272812705932 ], [ -68.658182301999943, -9.066265538705954 ], [ -68.658199859999968, -9.06615597970595 ], [ -68.658196312999962, -9.066119096705942 ], [ -68.658195598999953, -9.066111702705927 ], [ -68.658231256999954, -9.065963049705928 ], [ -68.658227027999942, -9.065917862705971 ], [ -68.658213615999955, -9.065773479705962 ], [ -68.65813583399995, -9.065704930705968 ], [ -68.658091747999947, -9.065696924705945 ], [ -68.657951264999951, -9.065665196705934 ], [ -68.657907681999973, -9.065664747705958 ], [ -68.657745794999983, -9.065716104705976 ], [ -68.657639710999945, -9.065738138705964 ], [ -68.657619747999945, -9.065753215705968 ], [ -68.65751542299995, -9.065783348705956 ], [ -68.65748866399997, -9.065798587705945 ], [ -68.657468137999956, -9.065806196705973 ], [ -68.657444364999947, -9.065844162705943 ], [ -68.657433974999947, -9.065874431705923 ], [ -68.65737358299998, -9.065957197705973 ], [ -68.657356155999935, -9.066039279705919 ], [ -68.657285355999988, -9.066082170705933 ], [ -68.657294376999971, -9.066149855705969 ], [ -68.657291222999959, -9.066176794705921 ], [ -68.65721254999994, -9.066290429705957 ], [ -68.657216228999971, -9.06631696570591 ], [ -68.65722081399997, -9.06635003270592 ], [ -68.657180193999977, -9.06648764270594 ], [ -68.657165861999943, -9.066526586705919 ], [ -68.657162023999945, -9.066545997705957 ], [ -68.657059677999939, -9.066616707705947 ], [ -68.65702747499995, -9.066623070705953 ], [ -68.657002858999988, -9.066635835705902 ], [ -68.656950566999967, -9.066680542705928 ], [ -68.656930988999989, -9.066680566705905 ], [ -68.656857253999988, -9.066667918705907 ], [ -68.656867381999973, -9.066648773705905 ], [ -68.656882125999971, -9.066616778705928 ], [ -68.656902508999963, -9.066578236705906 ], [ -68.656923939999956, -9.066545990705912 ], [ -68.656940781999936, -9.066526583705949 ], [ -68.656976417999942, -9.066455118705928 ], [ -68.656973516999983, -9.066435543705914 ], [ -68.656982727999946, -9.066409311705939 ], [ -68.656982415999948, -9.066363283705954 ], [ -68.657006448999937, -9.066257150705924 ], [ -68.65700045799997, -9.066217058705927 ], [ -68.656918134999955, -9.066156963705945 ], [ -68.656863768999983, -9.066150476705943 ], [ -68.656836056999964, -9.066143862705964 ], [ -68.656809389999978, -9.06614398670596 ], [ -68.656773920999967, -9.066130656705962 ], [ -68.65666282799998, -9.066104145705914 ], [ -68.656641693999973, -9.066097478705942 ], [ -68.656546638999941, -9.066090985705937 ], [ -68.65653320399997, -9.06609101770594 ], [ -68.656392472999983, -9.06597581170597 ], [ -68.656388945999936, -9.065955289705967 ], [ -68.656443083999989, -9.065837740705938 ], [ -68.656634115999964, -9.065717926705974 ], [ -68.656782935999956, -9.06570995870594 ], [ -68.656817025999942, -9.065709738705948 ], [ -68.656973344999983, -9.065701883705964 ], [ -68.657021583999949, -9.06570180570594 ], [ -68.657035406999967, -9.065701804705947 ], [ -68.657200676999935, -9.065638647705949 ], [ -68.657239788999959, -9.065617513705941 ], [ -68.657259784999951, -9.065610460705951 ], [ -68.65747437899995, -9.06553967270594 ], [ -68.657575945999952, -9.06551122870599 ], [ -68.657603836999954, -9.06551122870599 ], [ -68.657623339999986, -9.065496979705982 ], [ -68.657803159999958, -9.065469314705988 ], [ -68.657838367999943, -9.065469577705988 ], [ -68.657873566999967, -9.065469842705969 ], [ -68.658033017999969, -9.065442448705941 ], [ -68.658061062999934, -9.065442555705944 ], [ -68.658073899999977, -9.065428230705956 ], [ -68.658296208999957, -9.065400290705956 ], [ -68.658338313999934, -9.065400454705987 ], [ -68.658372401999941, -9.065386145705986 ], [ -68.658385832999954, -9.065378819705991 ], [ -68.658517700999937, -9.065370544705965 ], [ -68.658559526999966, -9.065370212705952 ], [ -68.658587418999957, -9.065369989705982 ], [ -68.658629269999949, -9.065369656705977 ], [ -68.658837430999938, -9.065338994705945 ], [ -68.658872429999974, -9.065338711705984 ], [ -68.65892144299994, -9.06533831370599 ], [ -68.659131381999941, -9.065322365705986 ], [ -68.659159500999976, -9.065322251705938 ], [ -68.659180594999953, -9.065322166705984 ], [ -68.659208312999965, -9.06530748170599 ], [ -68.659432146999961, -9.065212413705989 ], [ -68.659460227999944, -9.065197754705945 ], [ -68.659488241999952, -9.065175730705967 ], [ -68.659544350999965, -9.065124172705977 ], [ -68.659821561999934, -9.064975170705978 ], [ -68.659864525999978, -9.064959988705954 ], [ -68.660022746999971, -9.064891563705961 ], [ -68.660051492999969, -9.064891419706008 ], [ -68.660080333999986, -9.064883732705955 ], [ -68.660138195999934, -9.064860779705972 ], [ -68.66026848499996, -9.064822792705995 ], [ -68.660290414999963, -9.064807683705991 ], [ -68.660319749999985, -9.064784985705982 ], [ -68.66054051499998, -9.064647869705968 ], [ -68.66055503399997, -9.064647869705968 ], [ -68.660599100999946, -9.064632536705998 ] ] ] } },
{ "type": "Feature", "properties": { "num_setor": "AC_SENAMAD_SR_1_CPRM", "munic": "SENA MADUREIRA", "grau_risco": "Alto", "distancia_km": 1.94, "chuva_24h": 3.2, "chuva_72h": 3.4, "fonte_estacao": "openmeteo", "codigo_estacao": "openmeteo", "nome_estacao": "Open-Meteo (célula de grade)" }, "geometry": { "type": "Polygon", "coordinates": [ [ [ -68.661008064999976, -9.075276250705633 ], [ -68.661013477999973, -9.075276595705679 ], [ -68.661047667999981, -9.075303302705638 ], [ -68.661218446999953, -9.075578382705633 ], [ -68.66133498399995, -9.075719206705653 ], [ -68.66146873699995, -9.075738948705657 ], [ -68.661554924999962, -9.075947040705628 ], [ -68.661562744999969, -9.075975883705622 ], [ -68.661570524999945, -9.076004576705614 ], [ -68.661570107999978, -9.076010195705647 ], [ -68.661648300999957, -9.076206211705605 ], [ -68.661647887999948, -9.076211562705632 ], [ -68.661654623999937, -9.076249323705616 ], [ -68.661659013999952, -9.076254855705599 ], [ -68.661702671999933, -9.076367609705642 ], [ -68.661710867999943, -9.076383618705627 ], [ -68.661714738999933, -9.076394198705604 ], [ -68.661769532999983, -9.076525011705595 ], [ -68.661772394999957, -9.076545419705607 ], [ -68.661780354999962, -9.076560908705623 ], [ -68.661783642999978, -9.076576169705611 ], [ -68.661791106999942, -9.076596571705632 ], [ -68.661845703999973, -9.076756306705578 ], [ -68.661855730999946, -9.076791151705603 ], [ -68.661862049999968, -9.076816063705607 ], [ -68.66186494599998, -9.07683088470559 ], [ -68.661898587999985, -9.076937774705625 ], [ -68.661902543999986, -9.076942655705619 ], [ -68.662151859999938, -9.077173510705595 ], [ -68.66218226999996, -9.077181111705594 ], [ -68.662192417999961, -9.077181697705589 ], [ -68.66238954499994, -9.077200977705596 ], [ -68.662404471999935, -9.077207431705601 ], [ -68.662439292999977, -9.077220479705579 ], [ -68.66248429999996, -9.077227912705585 ], [ -68.662514658999953, -9.077227741705581 ], [ -68.662661861999936, -9.07722533470562 ], [ -68.662686902999951, -9.07723084970562 ], [ -68.662722470999938, -9.077230270705602 ], [ -68.662894019999953, -9.077245232705565 ], [ -68.66292862399996, -9.077256481705581 ], [ -68.662963687999934, -9.077261813705578 ], [ -68.663063880999971, -9.077325269705593 ], [ -68.663076413999988, -9.077353545705563 ], [ -68.663094243999979, -9.077376404705571 ], [ -68.66306358199995, -9.077489185705613 ], [ -68.663032859999987, -9.077500345705594 ], [ -68.662981928999955, -9.077517109705601 ], [ -68.66295710299994, -9.077517448705601 ], [ -68.662881958999947, -9.077529154705605 ], [ -68.662857186999986, -9.077529491705571 ], [ -68.662837035999985, -9.077535097705578 ], [ -68.662548902999959, -9.077576134705591 ], [ -68.66252923199994, -9.077576395705549 ], [ -68.662509565999983, -9.077576657705569 ], [ -68.662475362999942, -9.077576170705607 ], [ -68.662450736999972, -9.077585574705571 ], [ -68.662324164999973, -9.077579580705578 ], [ -68.662294853999981, -9.077578193705582 ], [ -68.662285074999943, -9.07757773070559 ], [ -68.66224092799996, -9.07758094770556 ], [ -68.662226146999956, -9.077585551705591 ], [ -68.662117794999972, -9.077622823705576 ], [ -68.662203321999982, -9.077813731705604 ], [ -68.662296845999947, -9.077939063705575 ], [ -68.662310641999966, -9.077959607705568 ], [ -68.662324373999979, -9.077980143705599 ], [ -68.662388626999984, -9.078046887705579 ], [ -68.662401931999966, -9.078072029705543 ], [ -68.66241082099998, -9.078087084705549 ], [ -68.662433883999938, -9.078097539705546 ], [ -68.662530662999984, -9.078137867705555 ], [ -68.662549014999968, -9.078147501705589 ], [ -68.662563115999944, -9.078147362705579 ], [ -68.662855607999973, -9.078134715705577 ], [ -68.662955883999985, -9.078021145705581 ], [ -68.662965228999951, -9.078016105705565 ], [ -68.662988236999979, -9.077986123705564 ], [ -68.663081750999936, -9.077884899705582 ], [ -68.663091189999989, -9.07787468270557 ], [ -68.663100647999954, -9.07786444670559 ], [ -68.663259125999957, -9.077736039705558 ], [ -68.663283416999946, -9.077725843705556 ], [ -68.663298015999942, -9.077715568705587 ], [ -68.663386364999951, -9.077626394705613 ], [ -68.663411218999954, -9.077598803705559 ], [ -68.663426266999977, -9.077576725705596 ], [ -68.663441539999951, -9.077543592705601 ], [ -68.663467200999946, -9.077487923705595 ], [ -68.663477340999975, -9.07747661270556 ], [ -68.66349269799997, -9.07745403070558 ], [ -68.663534375999973, -9.077370137705572 ], [ -68.663544797999975, -9.077353169705615 ], [ -68.663560549999943, -9.077324819705584 ], [ -68.663576379999938, -9.077296329705604 ], [ -68.663634375999948, -9.077215440705601 ], [ -68.66365005199998, -9.07720340570561 ], [ -68.663665950999984, -9.077185549705606 ], [ -68.663708184999962, -9.077149324705582 ], [ -68.663713748999953, -9.077137476705598 ], [ -68.663846486999944, -9.077050681705579 ], [ -68.663851686999976, -9.077050504705582 ], [ -68.663889096999981, -9.077026324705608 ], [ -68.664231706999942, -9.076877128705622 ], [ -68.664238600999965, -9.076860868705621 ], [ -68.664340504999984, -9.076705454705628 ], [ -68.664347216999943, -9.076680873705628 ], [ -68.664368621999984, -9.076631503705629 ], [ -68.664387988999977, -9.076379269705624 ], [ -68.66438588799997, -9.076336615705607 ], [ -68.664384199999972, -9.076302365705603 ], [ -68.664342389999945, -9.076112464705613 ], [ -68.664316267999936, -9.076077908705606 ], [ -68.664281640999945, -9.076035065705648 ], [ -68.664103029999978, -9.07589815070561 ], [ -68.664061171999947, -9.075881283705613 ], [ -68.664044309999952, -9.075872769705613 ], [ -68.664018726999984, -9.075855577705642 ], [ -68.663857527999937, -9.075769853705612 ], [ -68.663814589999959, -9.075743664705639 ], [ -68.663778509999986, -9.07569944370564 ], [ -68.66376963099998, -9.075690601705642 ], [ -68.663657718999957, -9.075520570705667 ], [ -68.663648028999944, -9.075502500705651 ], [ -68.663619580999978, -9.075457260705639 ], [ -68.663529971999935, -9.075187206705642 ], [ -68.663535103999948, -9.075149034705682 ], [ -68.663547879999953, -9.075101029705637 ], [ -68.663611854999942, -9.074931187705644 ], [ -68.663637648999952, -9.074931397705644 ], [ -68.663799683999969, -9.074913703705638 ], [ -68.663816881999935, -9.074913843705692 ], [ -68.663969623999947, -9.074893542705682 ], [ -68.664378026999941, -9.074888733705668 ], [ -68.664558860999932, -9.074940588705651 ], [ -68.664747175999935, -9.075000655705644 ], [ -68.664755485999933, -9.075009103705652 ], [ -68.664804458999981, -9.075026167705673 ], [ -68.664967118999982, -9.075077553705663 ], [ -68.664991595999936, -9.075094418705682 ], [ -68.665145454999958, -9.075162246705688 ], [ -68.665185845999986, -9.07518739270567 ], [ -68.665226045999987, -9.075196048705649 ], [ -68.665378464999947, -9.075214838705659 ], [ -68.665394482999943, -9.075215090705662 ], [ -68.665426510999964, -9.075215599705682 ], [ -68.66552252799994, -9.07521711870565 ], [ -68.665778963999969, -9.075163291705659 ], [ -68.665802956999983, -9.075163553705679 ], [ -68.665989602999957, -9.075041422705667 ], [ -68.66602248099997, -9.07500857370569 ], [ -68.666196578999973, -9.074826427705657 ], [ -68.666236896999976, -9.074827159705645 ], [ -68.666293606999943, -9.074819714705649 ], [ -68.666325837999977, -9.074820302705685 ], [ -68.666640461999975, -9.074660916705684 ], [ -68.666665136999939, -9.074660269705703 ], [ -68.666949726999974, -9.074598704705696 ], [ -68.667096941999944, -9.074708992705666 ], [ -68.667058632999954, -9.074821531705641 ], [ -68.667052427999977, -9.074829638705683 ], [ -68.666962122999962, -9.074903440705663 ], [ -68.666955987999984, -9.074911475705665 ], [ -68.666972456999986, -9.075004459705653 ], [ -68.667000080999969, -9.075003570705681 ], [ -68.667043073999935, -9.075017700705686 ], [ -68.667071466999971, -9.075024541705645 ], [ -68.667193302999976, -9.07506708070564 ], [ -68.667229942999938, -9.075089072705667 ], [ -68.667271389999939, -9.075087772705658 ], [ -68.667608875999974, -9.075094741705682 ], [ -68.667636977999962, -9.075094746705687 ], [ -68.66780313199996, -9.075056183705653 ], [ -68.667824247999988, -9.075056188705664 ], [ -68.667880557999979, -9.075056201705632 ], [ -68.668309230999967, -9.075014758705649 ], [ -68.668351498999982, -9.075014769705652 ], [ -68.668358544999933, -9.07501477170568 ], [ -68.668554397999969, -9.074967379705688 ], [ -68.668596770999955, -9.074967391705673 ], [ -68.668625017999943, -9.074967397705665 ], [ -68.668773486999953, -9.074969142705687 ], [ -68.668788034999977, -9.074993123705658 ], [ -68.66882418299997, -9.075048872705665 ], [ -68.668839636999962, -9.075142920705655 ], [ -68.66882635099995, -9.075189261705679 ], [ -68.668812878999972, -9.075219959705668 ], [ -68.66868952699997, -9.075317851705655 ], [ -68.668669053999963, -9.075332829705678 ], [ -68.668628435999949, -9.075370596705657 ], [ -68.668594818999964, -9.075407876705672 ], [ -68.668560953999986, -9.075430379705638 ], [ -68.668488958999944, -9.075551082705635 ], [ -68.668625204999955, -9.075857268705608 ], [ -68.668656625999972, -9.07590129770565 ], [ -68.668693773999962, -9.075959719705631 ], [ -68.668724747999988, -9.076003381705632 ], [ -68.668763309999974, -9.076025542705629 ], [ -68.668838778999941, -9.076091041705645 ], [ -68.668895038999949, -9.076234058705619 ], [ -68.66889316399994, -9.076262123705652 ], [ -68.668903328999988, -9.076304242705648 ], [ -68.668944142999976, -9.076367689705592 ], [ -68.668939632999979, -9.076423974705619 ], [ -68.668882903999986, -9.076486998705603 ], [ -68.668848552999975, -9.076514863705599 ], [ -68.668829212999981, -9.076514954705601 ], [ -68.668543713999952, -9.076563246705629 ], [ -68.668531265999945, -9.076556319705608 ], [ -68.668408918999944, -9.076416891705602 ], [ -68.668396542999972, -9.076402787705605 ], [ -68.668378202999975, -9.07637452470561 ], [ -68.668366824999964, -9.076331998705598 ], [ -68.668281024999942, -9.076158965705654 ], [ -68.668236070999967, -9.07611487270561 ], [ -68.66823627499997, -9.076107544705634 ], [ -68.668217176999974, -9.076078096705615 ], [ -68.668185037999933, -9.076027700705604 ], [ -68.668039807999946, -9.07591814570562 ], [ -68.667992860999959, -9.07591784170565 ], [ -68.667952603999936, -9.075917778705636 ], [ -68.667925763999961, -9.075917771705651 ], [ -68.667758054999979, -9.075925023705642 ], [ -68.667717810999989, -9.075925014705616 ], [ -68.667677568999977, -9.075925005705662 ], [ -68.667543160999969, -9.075910391705648 ], [ -68.667523021999955, -9.075910385705656 ], [ -68.667482743999983, -9.075910376705645 ], [ -68.667468983999981, -9.075895762705628 ], [ -68.667352576999974, -9.07582228970564 ], [ -68.667298585999959, -9.075822278705644 ], [ -68.667271694999954, -9.075822769705628 ], [ -68.667224392999969, -9.075816298705625 ], [ -68.667143500999941, -9.075810474705651 ], [ -68.666899692999948, -9.075777000705626 ], [ -68.666879475999963, -9.075777126705672 ], [ -68.66683231199994, -9.07577742170562 ], [ -68.666652934999945, -9.075814999705662 ], [ -68.666620856999941, -9.075836996705638 ], [ -68.66661414899994, -9.075837037705657 ], [ -68.666580774999943, -9.075843735705648 ], [ -68.66638839899997, -9.075897684705655 ], [ -68.666367977999982, -9.075897175705636 ], [ -68.666333925999936, -9.075896325705642 ], [ -68.666307280999945, -9.075902834705651 ], [ -68.665524502999972, -9.075877413705612 ], [ -68.665402272999984, -9.075867193705633 ], [ -68.665334291999955, -9.075865502705613 ], [ -68.665286653999942, -9.075864319705623 ], [ -68.665259413999934, -9.075863642705615 ], [ -68.665184628999953, -9.075862758705636 ], [ -68.665150658999949, -9.075862541705662 ], [ -68.664997491999941, -9.075941133705623 ], [ -68.664971043999969, -9.075955495705623 ], [ -68.664951683999959, -9.075977004705651 ], [ -68.664938804999963, -9.075991314705632 ], [ -68.664661782999985, -9.076285391705602 ], [ -68.664655563999986, -9.076292278705637 ], [ -68.664602225999943, -9.076388814705641 ], [ -68.664591374999986, -9.076423198705637 ], [ -68.664592839999955, -9.076443920705628 ], [ -68.664595273999964, -9.076478338705607 ], [ -68.664586437999958, -9.076721370705616 ], [ -68.664576328999942, -9.076761019705586 ], [ -68.664573295999958, -9.076807270705604 ], [ -68.664569725999968, -9.0768465897056 ], [ -68.664554152999983, -9.076982636705607 ], [ -68.664538542999935, -9.077027546705596 ], [ -68.664527895999981, -9.077053139705617 ], [ -68.664517777999947, -9.077085001705576 ], [ -68.664506211999935, -9.077097732705603 ], [ -68.664428430999976, -9.077217525705604 ], [ -68.66441135499997, -9.077236280705595 ], [ -68.664388112999973, -9.07725500770559 ], [ -68.664364912999986, -9.077273667705612 ], [ -68.664231198999971, -9.077371873705568 ], [ -68.664203247999978, -9.077402315705594 ], [ -68.664180964999957, -9.077426583705602 ], [ -68.66400110099994, -9.077881389705583 ], [ -68.664003598999955, -9.077926758705598 ], [ -68.664005257999975, -9.077956866705577 ], [ -68.663994929999944, -9.078141997705593 ], [ -68.663996646999976, -9.078171520705553 ], [ -68.663997929999937, -9.07819359270559 ], [ -68.663959218999935, -9.078338425705569 ], [ -68.66392682299994, -9.078359390705545 ], [ -68.663900281999986, -9.078366011705548 ], [ -68.66386799299994, -9.078386918705577 ], [ -68.663842179999961, -9.078401099705552 ], [ -68.663810271999978, -9.078422458705566 ], [ -68.663682903999984, -9.078500229705579 ], [ -68.663657458999978, -9.078514277705541 ], [ -68.663619374999939, -9.078535300705534 ], [ -68.663555197999983, -9.07856271570556 ], [ -68.663299669999958, -9.078676639705563 ], [ -68.663287072999935, -9.078683336705568 ], [ -68.663242687999968, -9.078703302705531 ], [ -68.663229396999952, -9.078703110705574 ], [ -68.663092786999982, -9.078777489705525 ], [ -68.663049051999963, -9.078803463705563 ], [ -68.663010681999936, -9.078816208705554 ], [ -68.662972410999942, -9.078829007705542 ], [ -68.662960981999959, -9.078842494705537 ], [ -68.662837256999978, -9.078901951705557 ], [ -68.662811832999978, -9.078908380705549 ], [ -68.662755424999943, -9.07892790170556 ], [ -68.662731057999963, -9.078941066705546 ], [ -68.662687990999984, -9.078960692705522 ], [ -68.662467019999951, -9.079035679705528 ], [ -68.662429588999942, -9.079048394705554 ], [ -68.662424032999979, -9.079054904705551 ], [ -68.66222664299994, -9.079170185705518 ], [ -68.662227736999967, -9.079176683705532 ], [ -68.662202266999941, -9.079113768705531 ], [ -68.662203708999982, -9.079140530705532 ], [ -68.662235654999961, -9.079449437705501 ], [ -68.662237080999944, -9.079475480705545 ], [ -68.662240444999952, -9.079536162705509 ], [ -68.662251768999965, -9.079605529705542 ], [ -68.662307609999971, -9.079819143705501 ], [ -68.662324006999938, -9.079852960705534 ], [ -68.662325329999987, -9.079878050705537 ], [ -68.662390971999969, -9.080027995705507 ], [ -68.662407396999981, -9.080069148705489 ], [ -68.662487813999974, -9.080256783705511 ], [ -68.662504426999988, -9.08030605670552 ], [ -68.662520592999954, -9.0803471187055 ], [ -68.662568883999938, -9.080476805705516 ], [ -68.662585009999987, -9.080524745705512 ], [ -68.662592380999968, -9.080532961705483 ], [ -68.662639124999941, -9.080651656705506 ], [ -68.662640317999944, -9.080682395705459 ], [ -68.662640912999962, -9.080697717705483 ], [ -68.662558455999942, -9.080874878705488 ], [ -68.66253263699997, -9.080911052705495 ], [ -68.662513500999978, -9.08094019170548 ], [ -68.662513881999985, -9.080947701705471 ], [ -68.662451063999981, -9.081049517705448 ], [ -68.662412319999987, -9.081085057705446 ], [ -68.662405949999936, -9.081092193705469 ], [ -68.662450415999956, -9.08115947270548 ], [ -68.662472671999979, -9.081196470705459 ], [ -68.662487308999971, -9.081218610705456 ], [ -68.662613156999953, -9.08133039670544 ], [ -68.662640994999947, -9.081359659705486 ], [ -68.662641297999983, -9.081366721705439 ], [ -68.662710520999951, -9.081446139705472 ], [ -68.662738101999935, -9.081481768705437 ], [ -68.66275195299994, -9.081502959705475 ], [ -68.662806234999948, -9.081566503705465 ], [ -68.662813805999974, -9.081606737705449 ], [ -68.662827436999976, -9.081633578705469 ], [ -68.662862643999972, -9.08175894770546 ], [ -68.662863388999938, -9.081791369705458 ], [ -68.662864573999968, -9.081842974705461 ], [ -68.662865014999966, -9.081862240705455 ], [ -68.662792433999982, -9.08200074970545 ], [ -68.662786840999956, -9.08202590270542 ], [ -68.662769218999983, -9.082069577705445 ], [ -68.662769407999974, -9.082075850705444 ], [ -68.662685375999956, -9.082192515705449 ], [ -68.662649186999943, -9.082228870705411 ], [ -68.662588633999974, -9.082276877705448 ], [ -68.66257040499994, -9.082288771705453 ], [ -68.662522181999975, -9.08232465270542 ], [ -68.662184043999957, -9.082495018705444 ], [ -68.662105409999981, -9.082523842705408 ], [ -68.662080987999957, -9.082529487705447 ], [ -68.662057730999948, -9.082547194705439 ], [ -68.661997465999946, -9.082564581705448 ], [ -68.661991280999985, -9.082564530705421 ], [ -68.661898409999935, -9.08256375070542 ], [ -68.661849425999947, -9.082569303705416 ], [ -68.661806010999953, -9.082568940705444 ], [ -68.661742656999934, -9.082491052705434 ], [ -68.661727759999962, -9.082466907705433 ], [ -68.66172709999995, -9.082460853705452 ], [ -68.661708135999959, -9.082400033705408 ], [ -68.661705450999989, -9.082375546705444 ], [ -68.66171058499998, -9.08218944570546 ], [ -68.66172125099996, -9.082170627705462 ], [ -68.661717571999986, -9.082132981705447 ], [ -68.661722045999966, -9.082114089705431 ], [ -68.661755808999942, -9.08193552870546 ], [ -68.66175398699994, -9.081916151705455 ], [ -68.661750938999944, -9.081883751705444 ], [ -68.661754951999967, -9.08171972470547 ], [ -68.661769517999971, -9.081666516705472 ], [ -68.661768294999945, -9.081653156705444 ], [ -68.661783574999959, -9.081606227705445 ], [ -68.661819188999971, -9.081369884705467 ], [ -68.661828368999977, -9.081327407705448 ], [ -68.661832251999954, -9.08129887970548 ], [ -68.661836875999938, -9.081277464705483 ], [ -68.661865, -9.081007028705498 ], [ -68.661860632999947, -9.080961891705467 ], [ -68.661858436999978, -9.080939215705452 ], [ -68.661849149999966, -9.080834396705459 ], [ -68.661845567999933, -9.080789873705472 ], [ -68.661843169999941, -9.080760062705483 ], [ -68.661839554999972, -9.080715153705492 ], [ -68.661897213999964, -9.080182862705493 ], [ -68.661894016999952, -9.080142410705491 ], [ -68.66189209099997, -9.080118045705486 ], [ -68.661890805999974, -9.080101764705484 ], [ -68.661880004999944, -9.079684691705506 ], [ -68.661867235999978, -9.079615860705541 ], [ -68.661857772999952, -9.079589823705549 ], [ -68.661848279999958, -9.079563707705532 ], [ -68.661765526999943, -9.079176601705536 ], [ -68.661752253999964, -9.079104675705516 ], [ -68.661741050999979, -9.079059435705553 ], [ -68.661735965999981, -9.078995734705565 ], [ -68.661689555999942, -9.078801722705565 ], [ -68.661681043999977, -9.07879229370557 ], [ -68.661581866999938, -9.078189864705562 ], [ -68.661563262999948, -9.078146882705544 ], [ -68.66154198199996, -9.07805129270554 ], [ -68.661540335999973, -9.07801641870555 ], [ -68.661475332999942, -9.077723862705591 ], [ -68.661463297999944, -9.077652057705579 ], [ -68.661451626999963, -9.077588828705601 ], [ -68.661393500999964, -9.077302596705605 ], [ -68.661373410999943, -9.077255136705592 ], [ -68.661349535999989, -9.077141133705574 ], [ -68.661318173999973, -9.077054408705614 ], [ -68.661298233999958, -9.077015441705596 ], [ -68.661033496999949, -9.076532129705637 ], [ -68.660993674999986, -9.076480759705646 ], [ -68.66073658199997, -9.076104850705644 ], [ -68.660706220999941, -9.07607264370564 ], [ -68.660664123999936, -9.076009117705619 ], [ -68.660404608999954, -9.075705968705645 ], [ -68.660337852999987, -9.075694194705612 ], [ -68.660307736999982, -9.075672443705649 ], [ -68.660250240999972, -9.075660795705646 ], [ -68.659868138999968, -9.075611336705634 ], [ -68.65984919899995, -9.075610996705649 ], [ -68.659820786999944, -9.07561048470566 ], [ -68.659773419999965, -9.075609632705632 ], [ -68.65973560499998, -9.075609104705647 ], [ -68.659229273999983, -9.075609351705657 ], [ -68.659080118999952, -9.075610641705653 ], [ -68.658811620999984, -9.075615162705647 ], [ -68.658774645999983, -9.075615813705637 ], [ -68.658746921999978, -9.075616301705651 ], [ -68.65843694299997, -9.07565224970565 ], [ -68.658393956999987, -9.075673857705647 ], [ -68.658348995999972, -9.075684462705649 ], [ -68.658288453999944, -9.075715692705636 ], [ -68.658005012999979, -9.075849765705659 ], [ -68.657605331999946, -9.075830447705661 ], [ -68.65759602199995, -9.075830365705622 ], [ -68.657149252999943, -9.075934084705656 ], [ -68.657121510999957, -9.075934077705611 ], [ -68.657066032999978, -9.075934062705656 ], [ -68.656752475999951, -9.076046359705638 ], [ -68.656663853999987, -9.076086416705619 ], [ -68.656610850999982, -9.076107110705616 ], [ -68.656542171999945, -9.076149027705652 ], [ -68.656507924999971, -9.076169928705617 ], [ -68.655952774999946, -9.07628830770563 ], [ -68.655925226999955, -9.076288081705634 ], [ -68.655906859999959, -9.076287929705646 ], [ -68.655418418999943, -9.076299276705653 ], [ -68.655372719999946, -9.076299262705616 ], [ -68.655345300999954, -9.07629925570564 ], [ -68.655098712999973, -9.076350941705646 ], [ -68.655065986999944, -9.07637157070565 ], [ -68.655042423999987, -9.076392163705638 ], [ -68.654686626999933, -9.076414693705606 ], [ -68.654266882999934, -9.076372414705645 ], [ -68.654239225999959, -9.076362312705612 ], [ -68.654175278999958, -9.076353109705623 ], [ -68.65365430199995, -9.076467599705607 ], [ -68.653600467999979, -9.076477499705614 ], [ -68.65352865899996, -9.076487646705628 ], [ -68.653475066999988, -9.076497919705613 ], [ -68.652711660999955, -9.076525029705635 ], [ -68.652674596999987, -9.076515081705617 ], [ -68.652656527999966, -9.076515078705597 ], [ -68.652116794999984, -9.0764388337056 ], [ -68.652052365999964, -9.076437352705623 ], [ -68.651539278999962, -9.07631618970561 ], [ -68.651519233999977, -9.076305590705601 ], [ -68.651445359999968, -9.076304514705615 ], [ -68.651008138999941, -9.076086280705633 ], [ -68.650961295999934, -9.076085489705644 ], [ -68.650659863999977, -9.075875241705621 ], [ -68.650625550999962, -9.075875418705625 ], [ -68.650261662999981, -9.075583390705646 ], [ -68.650225261999935, -9.075565243705652 ], [ -68.650195185999962, -9.075527843705656 ], [ -68.650016823999977, -9.075270210705678 ], [ -68.649978049999959, -9.075241164705671 ], [ -68.649941661999947, -9.075231653705636 ], [ -68.649904033999974, -9.075212386705665 ], [ -68.649841144999982, -9.075203023705662 ], [ -68.649620426999945, -9.075135869705647 ], [ -68.649581029999979, -9.075106613705643 ], [ -68.649378037999952, -9.074989150705662 ], [ -68.649366230999988, -9.074969308705633 ], [ -68.649298037999984, -9.074929826705663 ], [ -68.649253327999986, -9.074869949705645 ], [ -68.649230885999941, -9.074839894705681 ], [ -68.64905078299995, -9.074484488705654 ], [ -68.649055143999988, -9.074453460705689 ], [ -68.649047268999936, -9.074401682705689 ], [ -68.64903936099995, -9.074349679705684 ], [ -68.649028322999982, -9.074276608705715 ], [ -68.648944277999988, -9.073878106705672 ], [ -68.648949678999941, -9.07385249570571 ], [ -68.648954152999977, -9.073818240705718 ], [ -68.648896448999949, -9.073522069705719 ], [ -68.648861328999942, -9.073433242705716 ], [ -68.64884280299998, -9.073330420705743 ], [ -68.648836486999983, -9.07322090170571 ], [ -68.648834902999965, -9.073080367705744 ], [ -68.648857367999938, -9.072966892705713 ], [ -68.648852050999949, -9.072911981705712 ], [ -68.648848491999956, -9.072875228705755 ], [ -68.648839543999941, -9.072782828705726 ], [ -68.648841219999952, -9.072490818705729 ], [ -68.648877735999974, -9.07229642770575 ], [ -68.648933123999939, -9.072085022705746 ], [ -68.649102649999975, -9.071798861705785 ], [ -68.649128904999941, -9.071788623705773 ], [ -68.649161629999981, -9.071747554705755 ], [ -68.649348108999959, -9.071481087705747 ], [ -68.64937294899994, -9.071448469705773 ], [ -68.649404526999945, -9.071383231705784 ], [ -68.649419561999935, -9.071339619705769 ], [ -68.649642324999945, -9.071066161705801 ], [ -68.649669028999938, -9.071044080705798 ], [ -68.649758202999976, -9.070966454705797 ], [ -68.649803270999939, -9.070932782705766 ], [ -68.650196218999952, -9.070661396705823 ], [ -68.650214371999937, -9.070638027705808 ], [ -68.650270819999946, -9.070614618705815 ], [ -68.650561268999979, -9.070328576705796 ], [ -68.650720434999982, -9.070314821705797 ], [ -68.650773984999944, -9.070306829705792 ], [ -68.651024854999946, -9.070243846705827 ], [ -68.651032743999963, -9.07024382970584 ], [ -68.651196524999932, -9.07022781670579 ], [ -68.651202490999935, -9.070212114705805 ], [ -68.651255950999939, -9.070196281705785 ], [ -68.651277819999962, -9.070180491705823 ], [ -68.651442558999975, -9.070093050705816 ], [ -68.651486903999967, -9.070061084705827 ], [ -68.651531349999971, -9.069801875705807 ], [ -68.651614179999967, -9.069736231705845 ], [ -68.651643476999936, -9.069703162705803 ], [ -68.651674604999982, -9.069686701705836 ], [ -68.651737700999945, -9.06957802370583 ], [ -68.651761663999935, -9.069569756705837 ], [ -68.651813876999938, -9.069510818705842 ], [ -68.65193364199996, -9.069366139705831 ], [ -68.651971661999937, -9.069323204705819 ], [ -68.651994553999941, -9.069297352705851 ], [ -68.652032835999933, -9.069254120705862 ], [ -68.652177780999978, -9.06903801670587 ], [ -68.652193542999953, -9.069020542705859 ], [ -68.652215812999941, -9.06896830570583 ], [ -68.652210367999942, -9.068745602705876 ], [ -68.652201153999954, -9.068736369705857 ], [ -68.652184515999977, -9.068609355705879 ], [ -68.652180492999946, -9.068545430705868 ], [ -68.652178250999953, -9.068508876705859 ], [ -68.652233182999964, -9.068268259705885 ], [ -68.652256808999937, -9.06822180670585 ], [ -68.652491078999958, -9.067819168705897 ], [ -68.65253329899997, -9.067770225705871 ], [ -68.652550237999947, -9.067750588705891 ], [ -68.652696401999947, -9.067396278705923 ], [ -68.652721873999951, -9.067354554705902 ], [ -68.653038960999936, -9.066936629705896 ], [ -68.653057031999936, -9.06691581270594 ], [ -68.653201833999958, -9.066703213705939 ], [ -68.653220342999987, -9.066692344705944 ], [ -68.653248055999939, -9.066670491705928 ], [ -68.653368826999952, -9.066582745705919 ], [ -68.653580188999968, -9.066217085705921 ], [ -68.653578441999969, -9.066174567705945 ], [ -68.653694850999955, -9.065927829705958 ], [ -68.653743086999953, -9.065866757705964 ], [ -68.653750254999977, -9.065831274705928 ], [ -68.653788877999943, -9.065716527705939 ], [ -68.653999836999958, -9.065239567705996 ], [ -68.654185453999958, -9.06483457270595 ], [ -68.654211343999975, -9.064786011705985 ], [ -68.654209888999958, -9.064638968705964 ], [ -68.654242704999945, -9.064317869706016 ], [ -68.654251120999959, -9.064245792705988 ], [ -68.654250619999971, -9.064183729706018 ], [ -68.654250451999985, -9.064162961706005 ], [ -68.654265701999975, -9.063761079706005 ], [ -68.654265320999968, -9.063707324706003 ], [ -68.654226897999933, -9.062656306706032 ], [ -68.654130341999974, -9.062060431706069 ], [ -68.654156934999946, -9.061978195706043 ], [ -68.654165782999939, -9.061946879706055 ], [ -68.65410159299995, -9.061327596706079 ], [ -68.654110765999974, -9.061305372706064 ], [ -68.65401875799995, -9.060906316706079 ], [ -68.653888964999965, -9.060120466706108 ], [ -68.653900585999963, -9.059876800706155 ], [ -68.653900141999941, -9.059857309706111 ], [ -68.653828768999972, -9.059508229706145 ], [ -68.653714459999946, -9.059201696706134 ], [ -68.653566550999983, -9.058951459706156 ], [ -68.653537841999935, -9.058685150706184 ], [ -68.653591365999944, -9.058336828706164 ], [ -68.653529788999947, -9.058070981706189 ], [ -68.653390627999954, -9.057830550706182 ], [ -68.653374138999936, -9.057756102706225 ], [ -68.65334902799998, -9.057719655706213 ], [ -68.653242009999985, -9.057341734706229 ], [ -68.65323921199996, -9.057303408706193 ], [ -68.653209750999963, -9.057214665706205 ], [ -68.653114305999964, -9.056717341706239 ], [ -68.653112194999949, -9.056690187706231 ], [ -68.653005445999952, -9.056236957706242 ], [ -68.652997453999944, -9.056137929706274 ], [ -68.652995160999978, -9.056109503706251 ], [ -68.652964900999962, -9.055734531706291 ], [ -68.652975028999947, -9.055557147706253 ], [ -68.653067017999945, -9.055480738706279 ], [ -68.653245076999951, -9.055577701706257 ], [ -68.653484067999955, -9.055700868706277 ], [ -68.653609105999976, -9.055768980706276 ], [ -68.654031531999976, -9.055917775706247 ], [ -68.654048693999982, -9.055917912706279 ], [ -68.654123819999938, -9.055931262706245 ], [ -68.654141337999988, -9.055937766706238 ], [ -68.654170621999981, -9.055950714706247 ], [ -68.654210095999986, -9.056045724706236 ], [ -68.65420086599994, -9.056083215706238 ], [ -68.654195209999955, -9.056083172706238 ], [ -68.65412981299994, -9.056202979706262 ], [ -68.654115231999981, -9.056234427706215 ], [ -68.654099845999951, -9.056253274706258 ], [ -68.654026268999985, -9.056309696706252 ], [ -68.654005564999977, -9.056328371706236 ], [ -68.653985403999968, -9.056353140706229 ], [ -68.653933374999951, -9.056457173706232 ], [ -68.653934379999953, -9.056469260706253 ], [ -68.653921538999953, -9.056511504706233 ], [ -68.653919136999946, -9.056547449706208 ], [ -68.653956123999933, -9.056665629706227 ], [ -68.653962963999959, -9.056683172706236 ], [ -68.653981481999949, -9.056712268706223 ], [ -68.654001315999949, -9.056758622706234 ], [ -68.654029887999968, -9.056781573706237 ], [ -68.65410398399996, -9.056844323706216 ], [ -68.654143287999943, -9.056872728706237 ], [ -68.654165745999933, -9.056889752706226 ], [ -68.654192662999947, -9.056895311706217 ], [ -68.65426991399994, -9.05694066270625 ], [ -68.65429155299995, -9.056946548706252 ], [ -68.654397771999982, -9.056947379706212 ], [ -68.654430182999988, -9.056958905706258 ], [ -68.654451370999936, -9.056959016706218 ], [ -68.654504329999952, -9.056959292706246 ], [ -68.654782867999984, -9.056880883706228 ], [ -68.654873203999955, -9.056875632706232 ], [ -68.655037939999943, -9.056841081706224 ], [ -68.655064599999946, -9.056840935706234 ], [ -68.655091262999974, -9.056840786706218 ], [ -68.655160716999944, -9.056823331706241 ], [ -68.655192721999981, -9.056828848706221 ], [ -68.655208743999935, -9.056828760706239 ], [ -68.655230108999945, -9.056828640706259 ], [ -68.65546358499995, -9.056884577706217 ], [ -68.655484316999946, -9.056901669706226 ], [ -68.655505193999943, -9.056912997706247 ], [ -68.655520516999957, -9.056930040706211 ], [ -68.655531132999954, -9.056929984706231 ], [ -68.65563500899998, -9.056980486706246 ], [ -68.655665984999985, -9.05699711270624 ], [ -68.655686593999974, -9.05700817470624 ], [ -68.655805977999933, -9.057046281706196 ], [ -68.655831666999973, -9.0570572577062 ], [ -68.655836594999982, -9.057062790706237 ], [ -68.655923695999945, -9.057095888706247 ], [ -68.655943540999942, -9.057112374706247 ], [ -68.656075504999933, -9.05712817270623 ], [ -68.656110172999945, -9.057134895706245 ], [ -68.656295713999953, -9.057121434706206 ], [ -68.656324150999978, -9.057141603706251 ], [ -68.656363670999951, -9.057175093706215 ], [ -68.656380579999961, -9.057188446706199 ], [ -68.656401313999936, -9.057261446706239 ], [ -68.656400470999984, -9.057287809706196 ], [ -68.656399631999989, -9.057314073706237 ], [ -68.656390427999952, -9.057424624706215 ], [ -68.65638920899994, -9.057463232706221 ], [ -68.656387595999945, -9.057514382706211 ], [ -68.656378874999973, -9.057599767706183 ], [ -68.656371641999954, -9.05764533270618 ], [ -68.656365396999945, -9.057664647706206 ], [ -68.656288819999986, -9.057810929706211 ], [ -68.656277623999983, -9.057817386706192 ], [ -68.656232512999964, -9.057861909706176 ], [ -68.656226881999942, -9.057868230706177 ], [ -68.656160134999936, -9.057925012706177 ], [ -68.656143372999964, -9.057949891706201 ], [ -68.656136515999947, -9.058035443706169 ], [ -68.656141221999974, -9.05807727770617 ], [ -68.656139847999953, -9.058165225706212 ], [ -68.656139393999979, -9.05819426870619 ], [ -68.656139211999971, -9.058205846706191 ], [ -68.656085358999974, -9.058269083706195 ], [ -68.656069383999977, -9.058280500706186 ], [ -68.656042839999941, -9.058297570706197 ], [ -68.656026940999936, -9.058308935706179 ], [ -68.655989946999966, -9.058337269706213 ], [ -68.655953125999986, -9.05835980570617 ], [ -68.655905918999963, -9.058370890706211 ], [ -68.655895427999951, -9.058370835706166 ], [ -68.655801466999947, -9.058409885706164 ], [ -68.655765133999978, -9.058426827706159 ], [ -68.655744249999941, -9.058426829706203 ], [ -68.655728693999947, -9.05843246570617 ], [ -68.655697749999945, -9.058449340706199 ], [ -68.65560464899994, -9.058471865706162 ], [ -68.655573482999955, -9.058472023706191 ], [ -68.655558281999959, -9.05848327770615 ], [ -68.65544960699998, -9.058489398706165 ], [ -68.655423697999936, -9.0584895297062 ], [ -68.655413334999935, -9.058489579706189 ], [ -68.655345993999958, -9.058489916706204 ], [ -68.655319487999975, -9.0584788927062 ], [ -68.655298121999977, -9.058467819706198 ], [ -68.655276718999971, -9.058456728706171 ], [ -68.655260470999963, -9.058445590706176 ], [ -68.655193697999948, -9.058378152706208 ], [ -68.655113281999945, -9.058350109706165 ], [ -68.655066165999983, -9.058350363706204 ], [ -68.65503462099997, -9.058350256706204 ], [ -68.654949469999963, -9.058338496706195 ], [ -68.65492930399995, -9.058349652706168 ], [ -68.654913455999974, -9.058349484706184 ], [ -68.654793991999952, -9.058370785706181 ], [ -68.654742278999947, -9.058381501706206 ], [ -68.654732282999987, -9.058387018706181 ], [ -68.654679488999989, -9.058386469706189 ], [ -68.654649, -9.058397386706185 ], [ -68.654633163999961, -9.058397222706153 ], [ -68.654486571999939, -9.058406930706207 ], [ -68.654466120999984, -9.05841232570617 ], [ -68.654368907999981, -9.058438822706185 ], [ -68.65431347599997, -9.058460174706161 ], [ -68.654314205999981, -9.058465719706188 ], [ -68.654279273999975, -9.058520295706153 ], [ -68.654261165999969, -9.058541942706194 ], [ -68.654254379999941, -9.058607110706184 ], [ -68.65426393499996, -9.058713822706169 ], [ -68.654253191999942, -9.058714088706198 ], [ -68.654286754999987, -9.059035398706191 ], [ -68.654271863999952, -9.059267614706151 ], [ -68.654281759999947, -9.059267791706159 ], [ -68.654370305999976, -9.059264294706136 ], [ -68.65447424599995, -9.059271246706164 ], [ -68.654504126999939, -9.059276856706134 ], [ -68.654523792999953, -9.059277208706163 ], [ -68.654558188999943, -9.059277823706132 ], [ -68.654764175999958, -9.059291004706177 ], [ -68.654779038999948, -9.059296272706176 ], [ -68.654900706999967, -9.059297893706146 ], [ -68.654920495999988, -9.05930826770614 ], [ -68.654944748999981, -9.059308526706129 ], [ -68.655051578999974, -9.059324121706169 ], [ -68.655076153999971, -9.059344330706178 ], [ -68.655090816999973, -9.059354417706141 ], [ -68.655105361999972, -9.059359483706173 ], [ -68.655187531999957, -9.059389762706159 ], [ -68.655201930999965, -9.059389821706159 ], [ -68.655307499999935, -9.059410117706163 ], [ -68.655321853999965, -9.059420078706149 ], [ -68.655345770999986, -9.059420175706144 ], [ -68.655469799999935, -9.059440422706151 ], [ -68.655484035999962, -9.059445403706173 ], [ -68.655517410999948, -9.059445537706177 ], [ -68.655560310999988, -9.059445707706137 ], [ -68.655569728999978, -9.059450664706125 ], [ -68.655588660999967, -9.059455653706172 ], [ -68.655750436999938, -9.059460703706145 ], [ -68.655779012999972, -9.059460703706145 ], [ -68.655855694999957, -9.059450880706168 ], [ -68.655871225999988, -9.059426246706172 ], [ -68.655876501999956, -9.059416364706143 ], [ -68.655904334999946, -9.059341676706165 ], [ -68.65590565399998, -9.059316561706137 ], [ -68.655901354999969, -9.059306482706145 ], [ -68.655849442999966, -9.059281209706141 ], [ -68.655825708999942, -9.059271068706181 ], [ -68.655811624999956, -9.059260910706168 ], [ -68.655801929999939, -9.059260909706175 ], [ -68.65570065299994, -9.059245637706136 ], [ -68.65568609099995, -9.059245637706136 ], [ -68.655652264999958, -9.059240537706126 ], [ -68.655637840999987, -9.059235434706144 ], [ -68.655618689999983, -9.059225183706159 ], [ -68.655526648999967, -9.059209380706168 ], [ -68.655521780999948, -9.059209358706173 ], [ -68.655487942999969, -9.059193781706172 ], [ -68.655429913999967, -9.059146996706179 ], [ -68.655395787999964, -9.059126034706173 ], [ -68.655381131999945, -9.059115536706175 ], [ -68.655361600999981, -9.059089290706167 ], [ -68.655317329999946, -9.059020513706153 ], [ -68.655312379999941, -9.058999229706135 ], [ -68.655302378999977, -9.058880666706139 ], [ -68.655332646999966, -9.058787190706189 ], [ -68.655403890999935, -9.058726217706168 ], [ -68.655439509999951, -9.058720718706168 ], [ -68.655531063999945, -9.058720134706149 ], [ -68.655536150999978, -9.058720101706157 ], [ -68.65564810099994, -9.058719538706203 ], [ -68.655678615999989, -9.058719537706153 ], [ -68.65580246899998, -9.058679544706184 ], [ -68.655817782999975, -9.058679545706168 ], [ -68.655833368999936, -9.058673806706157 ], [ -68.655901618999962, -9.05863925770619 ], [ -68.655927232999943, -9.05863925770619 ], [ -68.656005540999956, -9.058616102706184 ], [ -68.656020923999961, -9.058616155706193 ], [ -68.656133571999987, -9.058616904706177 ], [ -68.656173513999988, -9.058697228706183 ], [ -68.65617221399998, -9.058714229706178 ], [ -68.656192267999984, -9.058781875706172 ], [ -68.656195983999964, -9.058798652706155 ], [ -68.656198277999977, -9.058832205706192 ], [ -68.656197362999933, -9.058843345706158 ], [ -68.656205218999958, -9.05893134970618 ], [ -68.656218514999978, -9.058952840706164 ], [ -68.656218096999964, -9.05895819970616 ], [ -68.656241130999945, -9.05904329970614 ], [ -68.65623859599998, -9.059074894706191 ], [ -68.656240569999966, -9.059111538706169 ], [ -68.656240147999938, -9.059116754706144 ], [ -68.656240431999947, -9.059173818706173 ], [ -68.656239177999964, -9.059189284706148 ], [ -68.656243217999986, -9.059199571706163 ], [ -68.656255921999957, -9.059281206706169 ], [ -68.656263476999982, -9.059306480706164 ], [ -68.656307718999983, -9.059406460706178 ], [ -68.656318544999976, -9.059445931706156 ], [ -68.656334523999988, -9.059480204706139 ], [ -68.656379955999967, -9.059552917706151 ], [ -68.656388966999941, -9.059557710706162 ], [ -68.656465508999986, -9.059595895706154 ], [ -68.656478666999988, -9.059605424706165 ], [ -68.656501754999965, -9.059610125706129 ], [ -68.656586725999944, -9.059609829706131 ], [ -68.656605614999933, -9.059609765706124 ], [ -68.656638675999943, -9.059609649706161 ], [ -68.656652846999975, -9.05960960170616 ], [ -68.656756478999966, -9.059575655706126 ], [ -68.656786859999954, -9.05956108970612 ], [ -68.656787504999954, -9.059556259706165 ], [ -68.656736735999971, -9.059434399706126 ], [ -68.656761542999959, -9.059329834706171 ], [ -68.656796628999984, -9.059213554706131 ], [ -68.65681240899994, -9.059120929706152 ], [ -68.656812604999971, -9.059105350706178 ], [ -68.656838182999934, -9.059037369706147 ], [ -68.656864139999982, -9.058963284706156 ], [ -68.656885139999986, -9.058904264706175 ], [ -68.656881221999981, -9.058849294706169 ], [ -68.656837128999939, -9.058777012706159 ], [ -68.656817132999947, -9.058760199706153 ], [ -68.656807147999984, -9.0587489617062 ], [ -68.656731341999944, -9.058709451706179 ], [ -68.656700834999981, -9.058703786706173 ], [ -68.656675402999952, -9.058686749706155 ], [ -68.656608913999946, -9.058641071706166 ], [ -68.656588364999948, -9.05862959370619 ], [ -68.65656254299995, -9.058606567706184 ], [ -68.656552162999958, -9.058595018706162 ], [ -68.656540893999988, -9.058501781706173 ], [ -68.656545775999973, -9.058472330706188 ], [ -68.65655596299996, -9.058448999706167 ], [ -68.656654812999989, -9.058379906706186 ], [ -68.656680967999932, -9.058380290706168 ], [ -68.656712390999985, -9.058368925706189 ], [ -68.656717649999962, -9.058363082706185 ], [ -68.656807015999959, -9.058328778706192 ], [ -68.656843719999983, -9.058329327706184 ], [ -68.656859442999973, -9.058329562706209 ], [ -68.657019907999938, -9.058396704706182 ], [ -68.657034838999948, -9.058420197706191 ], [ -68.657045066999956, -9.058426056706189 ], [ -68.657126090999952, -9.058484341706155 ], [ -68.657124989999943, -9.058513274706163 ], [ -68.657139579999978, -9.058536322706166 ], [ -68.657166212999982, -9.058638967706193 ], [ -68.657180573999938, -9.058661541706202 ], [ -68.657194383999979, -9.058695244706186 ], [ -68.657203041999935, -9.058728757706191 ], [ -68.657207606999975, -9.058739887706155 ], [ -68.657258365999951, -9.058839126706163 ], [ -68.657266463999974, -9.058877274706143 ], [ -68.657270353999934, -9.058898963706193 ], [ -68.657295561999945, -9.058989844706142 ], [ -68.657294171999979, -9.059016290706193 ], [ -68.657310568999947, -9.059079290706142 ], [ -68.657310003999953, -9.059089726706164 ], [ -68.657327951999946, -9.059120926706187 ], [ -68.657338854999978, -9.059187966706164 ], [ -68.657336520999934, -9.059228848706166 ], [ -68.657329928999957, -9.059259325706165 ], [ -68.657329641999979, -9.059264389706154 ], [ -68.657288951999988, -9.059389595706158 ], [ -68.657283359999951, -9.059404441706157 ], [ -68.657276478999961, -9.059443844706175 ], [ -68.657275960999982, -9.059453653706178 ], [ -68.657269284999984, -9.059579681706134 ], [ -68.65726852399996, -9.059594046706151 ], [ -68.657266755999956, -9.059627426706143 ], [ -68.657264747999989, -9.059665335706159 ], [ -68.657264247999933, -9.059674773706163 ], [ -68.657226095999988, -9.059782196706136 ], [ -68.65722077099997, -9.059796058706132 ], [ -68.657195675999958, -9.059928637706152 ], [ -68.657181054999967, -9.059946707706111 ], [ -68.657176048999986, -9.059955713706135 ], [ -68.657119028999944, -9.060100152706127 ], [ -68.65712324499998, -9.060110824706156 ], [ -68.657151607999936, -9.060392227706124 ], [ -68.657150446999935, -9.060407476706123 ], [ -68.657147025999961, -9.060452911706127 ], [ -68.657077562999973, -9.060552306706127 ], [ -68.657062561999965, -9.060562151706096 ], [ -68.657042169999954, -9.06058179570611 ], [ -68.656983499999967, -9.060606201706134 ], [ -68.656955005999976, -9.060606089706132 ], [ -68.656926508999959, -9.060605978706111 ], [ -68.656877493999957, -9.060541950706112 ], [ -68.656872963999945, -9.060536990706101 ], [ -68.656856019999964, -9.060492270706092 ], [ -68.656852911999977, -9.0604572897061 ], [ -68.656848815999979, -9.060340888706142 ], [ -68.656850032999955, -9.060315287706139 ], [ -68.656851253999946, -9.060289573706134 ], [ -68.656836785999985, -9.060175582706108 ], [ -68.656833211999981, -9.060037212706106 ], [ -68.656828709999957, -9.060026413706106 ], [ -68.656823908999968, -9.059911585706123 ], [ -68.656819847999941, -9.059889477706125 ], [ -68.656756426999948, -9.059828591706159 ], [ -68.656746247999934, -9.059828656706152 ], [ -68.656675016999941, -9.059829111706113 ], [ -68.656644497999935, -9.05982930670616 ], [ -68.656547655999987, -9.05984106170617 ], [ -68.65652199799996, -9.059857427706115 ], [ -68.656501555999967, -9.059868294706133 ], [ -68.656415226999968, -9.059895173706144 ], [ -68.656394923999983, -9.059905980706112 ], [ -68.656324214999984, -9.059911012706159 ], [ -68.656293924999943, -9.059905473706126 ], [ -68.656278769999972, -9.059905472706141 ], [ -68.656182792999971, -9.05990547470612 ], [ -68.656172690999938, -9.059905472706141 ], [ -68.656137330999968, -9.059905473706134 ], [ -68.656051355999978, -9.059900007706123 ], [ -68.656036194999956, -9.059900008706116 ], [ -68.656025975999967, -9.059894538706152 ], [ -68.655980473999932, -9.059894539706143 ], [ -68.655970225999965, -9.059889065706104 ], [ -68.655888784999945, -9.059872613706153 ], [ -68.655832289999978, -9.059850611706119 ], [ -68.655735181999944, -9.059834059706141 ], [ -68.655714862999957, -9.059834059706141 ], [ -68.655689463999977, -9.059834059706136 ], [ -68.655674223999938, -9.059834059706141 ], [ -68.655583611999987, -9.059850357706132 ], [ -68.655540106999979, -9.059888549706109 ], [ -68.655331655999987, -9.059888147706156 ], [ -68.655233174999978, -9.059898901706113 ], [ -68.655201960999989, -9.059898698706158 ], [ -68.655186351999987, -9.059898596706159 ], [ -68.655097871999942, -9.059898016706143 ], [ -68.655087459999947, -9.059897949706116 ], [ -68.655003504999968, -9.059885990706114 ], [ -68.654993076999972, -9.059885921706162 ], [ -68.654929737999964, -9.059873914706152 ], [ -68.654919220999943, -9.059873636706133 ], [ -68.654839068999934, -9.059854306706153 ], [ -68.654828512999984, -9.059854026706155 ], [ -68.654706931999954, -9.05985078570615 ], [ -68.654685750999988, -9.059850222706141 ], [ -68.654600915999936, -9.059847960706133 ], [ -68.654584988999943, -9.059847536706126 ], [ -68.654542487999947, -9.059846403706109 ], [ -68.654537172999937, -9.059846261706133 ], [ -68.654478654999934, -9.05984470270614 ], [ -68.654454351999959, -9.059867099706143 ], [ -68.654374490999942, -9.059910672706112 ], [ -68.654220716999987, -9.058996648706147 ], [ -68.65422951499994, -9.058504714706196 ], [ -68.654071058999932, -9.058395072706157 ], [ -68.654050057999939, -9.058411990706183 ], [ -68.654029736999973, -9.058437733706164 ], [ -68.654018168999983, -9.058481304706154 ], [ -68.654006009999932, -9.058515884706193 ], [ -68.65392475699997, -9.058694425706149 ], [ -68.653920230999972, -9.058728378706162 ], [ -68.653922990999945, -9.058762442706195 ], [ -68.653879992999975, -9.05902661270617 ], [ -68.653880666999953, -9.059034754706184 ], [ -68.65388603699995, -9.059099581706135 ], [ -68.653896467999971, -9.059140046706178 ], [ -68.653962410999952, -9.059347405706172 ], [ -68.654083790999948, -9.059749620706169 ], [ -68.654090642999961, -9.060412838706148 ], [ -68.654110269999933, -9.060456241706094 ], [ -68.654117006999968, -9.06051606270613 ], [ -68.654214038999953, -9.060736345706092 ], [ -68.654221278999955, -9.060736528706091 ], [ -68.654356491999977, -9.061523386706094 ], [ -68.654361388999973, -9.061568567706059 ], [ -68.654366257999982, -9.061613475706066 ], [ -68.654369488999976, -9.061643263706067 ], [ -68.654379087999985, -9.061925405706065 ], [ -68.654382114999976, -9.061953805706086 ], [ -68.654380326999956, -9.062305725706084 ], [ -68.654384747999984, -9.062346164706058 ], [ -68.654402209999944, -9.062386681706059 ], [ -68.654405821999944, -9.062420018706044 ], [ -68.654486783999971, -9.06263718970607 ], [ -68.654635583999948, -9.062723438706058 ], [ -68.654819317999966, -9.062565175706064 ], [ -68.654924275999974, -9.062821354706022 ], [ -68.654937451999956, -9.062853074706053 ], [ -68.654977086999963, -9.063122367706015 ], [ -68.654973847999941, -9.063152530706038 ], [ -68.654969368999957, -9.063164552706052 ], [ -68.654983787999981, -9.063371028706015 ], [ -68.654986208999958, -9.063405696706024 ], [ -68.654987813999981, -9.063428694706046 ], [ -68.654997996999953, -9.063719513706021 ], [ -68.654980113999954, -9.063752125706001 ], [ -68.654949299999942, -9.064247861705988 ], [ -68.654968180999958, -9.064447123706012 ], [ -68.654970362999961, -9.064479770706019 ], [ -68.654972534999956, -9.064512244705986 ], [ -68.655011367999975, -9.064771836705994 ], [ -68.65501298099997, -9.064796609706004 ], [ -68.655001315999982, -9.065021366705951 ], [ -68.655002516999957, -9.065039188705969 ], [ -68.655005696999979, -9.065086445705971 ], [ -68.65500609299994, -9.065092325705976 ], [ -68.654953087999957, -9.065678270705972 ], [ -68.654849041999967, -9.065921335705967 ], [ -68.654610354999988, -9.066072244705913 ], [ -68.654603989999941, -9.066124586705925 ], [ -68.654571666999971, -9.066208428705956 ], [ -68.654555058999961, -9.066240012705952 ], [ -68.654448748999982, -9.066448075705953 ], [ -68.654442347999975, -9.066488845705948 ], [ -68.654425262999951, -9.066508897705914 ], [ -68.654354011999942, -9.066668993705912 ], [ -68.654356210999936, -9.06669888970591 ], [ -68.654367106999985, -9.066847065705945 ], [ -68.654340476999948, -9.066973753705906 ], [ -68.654307510999956, -9.067012413705935 ], [ -68.654299288999937, -9.067022056705939 ], [ -68.654196334999938, -9.0670875337059 ], [ -68.654178151999986, -9.067086982705924 ], [ -68.654092653999953, -9.067142343705889 ], [ -68.654066360999934, -9.067151229705932 ], [ -68.653907218999962, -9.067287787705881 ], [ -68.653649108999957, -9.067431819705908 ], [ -68.653647939999985, -9.067483422705889 ], [ -68.653647165999985, -9.067517607705891 ], [ -68.653536312999961, -9.067634023705914 ], [ -68.653528862999963, -9.0676506017059 ], [ -68.653525039999977, -9.067921068705898 ], [ -68.653524700999981, -9.0679451217059 ], [ -68.653531161999979, -9.067985164705853 ], [ -68.653569682999944, -9.068189501705865 ], [ -68.653575759999967, -9.068235605705892 ], [ -68.653585931999942, -9.068325648705894 ], [ -68.653594432999967, -9.069555783705814 ], [ -68.653908472999944, -9.071800352705768 ], [ -68.654287339999939, -9.07420186670568 ], [ -68.654759293999973, -9.075617465705616 ], [ -68.655028878999985, -9.075538622705633 ], [ -68.655036503999952, -9.07553862470567 ], [ -68.65529847199997, -9.075403169705661 ], [ -68.655313240999988, -9.075387081705658 ], [ -68.655343104999986, -9.075362829705661 ], [ -68.655532235999942, -9.075241040705667 ], [ -68.656355729999973, -9.075412474705647 ], [ -68.656878050999978, -9.075405088705649 ], [ -68.657107637999957, -9.075440922705667 ], [ -68.657133356999964, -9.075449777705646 ], [ -68.657484610999973, -9.075390337705674 ], [ -68.657543074999978, -9.075373088705676 ], [ -68.657576292999977, -9.075355682705638 ], [ -68.657626462999986, -9.075338337705643 ], [ -68.657842637999977, -9.075167180705634 ], [ -68.657859114999951, -9.075131663705674 ], [ -68.658045778999963, -9.074998204705636 ], [ -68.658088668999937, -9.07499845070565 ], [ -68.658157162999942, -9.074953667705694 ], [ -68.658174330999941, -9.074944710705653 ], [ -68.658217305999983, -9.074926827705655 ], [ -68.658260342999938, -9.074908918705651 ], [ -68.658590219999951, -9.074735319705661 ], [ -68.658893745999933, -9.074735393705677 ], [ -68.658937105999939, -9.074735403705686 ], [ -68.659367302999954, -9.074808232705653 ], [ -68.659375519999969, -9.074817295705644 ], [ -68.659409652999955, -9.074826358705643 ], [ -68.659918838999943, -9.074945513705691 ], [ -68.659935295999958, -9.074954655705646 ], [ -68.66050968199994, -9.075180698705632 ], [ -68.660579622999933, -9.075204864705638 ], [ -68.659978609999939, -9.075259826705665 ], [ -68.660006229999965, -9.075423720705629 ], [ -68.660595872999977, -9.07570376770561 ], [ -68.660915175999946, -9.076024962705624 ], [ -68.660922857999935, -9.076044007705619 ], [ -68.660931089999963, -9.076053623705617 ], [ -68.661141286999964, -9.076216671705597 ], [ -68.661159660999942, -9.076102140705654 ], [ -68.661008064999976, -9.075276250705633 ] ], [ [ -68.650930943999981, -9.070907338705812 ], [ -68.650563089999935, -9.070914871705783 ], [ -68.650545384999987, -9.070908235705812 ], [ -68.650061911999956, -9.07121294370579 ], [ -68.649251619999973, -9.072464807705741 ], [ -68.64920301899997, -9.072903993705721 ], [ -68.649227231999987, -9.073605130705714 ], [ -68.649324313999955, -9.07431543270571 ], [ -68.649598793999985, -9.074748462705649 ], [ -68.649623492999979, -9.074767905705693 ], [ -68.649648113999945, -9.074787288705686 ], [ -68.650160020999976, -9.075017194705636 ], [ -68.650179050999952, -9.075023862705663 ], [ -68.650217060999978, -9.07503718270566 ], [ -68.650660584999969, -9.07522205770565 ], [ -68.650673368999946, -9.075228685705644 ], [ -68.650711641999976, -9.075248525705641 ], [ -68.650723421999942, -9.075248614705666 ], [ -68.650754746999951, -9.075261853705667 ], [ -68.651052707999952, -9.075471521705627 ], [ -68.651059370999974, -9.075477999705665 ], [ -68.651325975999953, -9.075731769705634 ], [ -68.651350083999944, -9.075744324705648 ], [ -68.652029550999941, -9.076151823705645 ], [ -68.653170814999953, -9.076230270705599 ], [ -68.654545846999952, -9.076013546705623 ], [ -68.654866228999936, -9.075852144705625 ], [ -68.654804217999981, -9.075682516705648 ], [ -68.653222656999958, -9.075881838705651 ], [ -68.652546676999975, -9.075920964705649 ], [ -68.652062907999948, -9.075792475705631 ], [ -68.651542806999942, -9.07549210770563 ], [ -68.651105303999941, -9.075101728705629 ], [ -68.650473012999953, -9.074760840705663 ], [ -68.649934647999942, -9.074523111705679 ], [ -68.649620783999978, -9.074303841705676 ], [ -68.649638495999966, -9.074076811705668 ], [ -68.649638031999984, -9.074060971705666 ], [ -68.649583302999986, -9.073690599705708 ], [ -68.649480281999956, -9.072560974705722 ], [ -68.650138269999957, -9.071606713705746 ], [ -68.650143036999964, -9.071600852705767 ], [ -68.650400350999973, -9.071311888705779 ], [ -68.650410445999967, -9.071299512705755 ], [ -68.650787274999971, -9.071155122705754 ], [ -68.650792906999982, -9.071155121705765 ], [ -68.651002696999967, -9.071005601705791 ], [ -68.650930943999981, -9.070907338705812 ] ] ] } },
{ "type": "Feature", "properties": { "num_setor": "AC_SENAMAD_SR_7_CPRM", "munic": "SENA MADUREIRA", "grau_risco": "Muito alto", "distancia_km": 2.15, "chuva_24h": 4.2, "chuva_72h": 4.5, "fonte_estacao": "openmeteo", "codigo_estacao": "openmeteo", "nome_estacao": "Open-Meteo (célula de grade)" }, "geometry": { "type": "Polygon", "coordinates": [ [ [ -68.650930943999981, -9.070907338705812 ], [ -68.651002696999967, -9.071005601705791 ], [ -68.650792906999982, -9.071155121705765 ], [ -68.650787274999971, -9.071155122705754 ], [ -68.650410445999967, -9.071299512705755 ], [ -68.650400350999973, -9.071311888705779 ], [ -68.650143036999964, -9.071600852705767 ], [ -68.650138269999957, -9.071606713705746 ], [ -68.649480281999956, -9.072560974705722 ], [ -68.649583302999986, -9.073690599705708 ], [ -68.649638031999984, -9.074060971705666 ], [ -68.649638495999966, -9.074076811705668 ], [ -68.649620783999978, -9.074303841705676 ], [ -68.649934647999942, -9.074523111705679 ], [ -68.650473012999953, -9.074760840705663 ], [ -68.651105303999941, -9.075101728705629 ], [ -68.651542806999942, -9.07549210770563 ], [ -68.652062907999948, -9.075792475705631 ], [ -68.652546676999975, -9.075920964705649 ], [ -68.653222656999958, -9.075881838705651 ], [ -68.654804217999981, -9.075682516705648 ], [ -68.654866228999936, -9.075852144705625 ], [ -68.654545846999952, -9.076013546705623 ], [ -68.653170814999953, -9.076230270705599 ], [ -68.652029550999941, -9.076151823705645 ], [ -68.651350083999944, -9.075744324705648 ], [ -68.651325975999953, -9.075731769705634 ], [ -68.651059370999974, -9.075477999705665 ], [ -68.651052707999952, -9.075471521705627 ], [ -68.650754746999951, -9.075261853705667 ], [ -68.650723421999942, -9.075248614705666 ], [ -68.650711641999976, -9.075248525705641 ], [ -68.650673368999946, -9.075228685705644 ], [ -68.650660584999969, -9.07522205770565 ], [ -68.650217060999978, -9.07503718270566 ], [ -68.650179050999952, -9.075023862705663 ], [ -68.650160020999976, -9.075017194705636 ], [ -68.649648113999945, -9.074787288705686 ], [ -68.649623492999979, -9.074767905705693 ], [ -68.649598793999985, -9.074748462705649 ], [ -68.649324313999955, -9.07431543270571 ], [ -68.649227231999987, -9.073605130705714 ], [ -68.64920301899997, -9.072903993705721 ], [ -68.649251619999973, -9.072464807705741 ], [ -68.650061911999956, -9.07121294370579 ], [ -68.650545384999987, -9.070908235705812 ], [ -68.650563089999935, -9.070914871705783 ], [ -68.650930943999981, -9.070907338705812 ] ] ] } },
{ "type": "Feature", "properties": { "num_setor": "AC_SENAMAD_SR_8_CPRM", "munic": "SENA MADUREIRA", "grau_risco": "Muito alto", "distancia_km": 1.64, "chuva_24h": 3.2, "chuva_72h": 3.4, "fonte_estacao": "openmeteo", "codigo_estacao": "openmeteo", "nome_estacao": "Open-Meteo (célula de grade)" }, "geometry": { "type": "Polygon", "coordinates": [ [ [ -68.65233177999994, -9.066137210705946 ], [ -68.652530853999963, -9.065925451705926 ], [ -68.652809743999967, -9.065640896705986 ], [ -68.652999050999938, -9.065157483705958 ], [ -68.653001491999987, -9.065133728705993 ], [ -68.65329615099995, -9.064172602706028 ], [ -68.653432213999963, -9.063028257706065 ], [ -68.653291612999965, -9.062398597706064 ], [ -68.653453496999987, -9.062336263706062 ], [ -68.653624310999987, -9.063031109706026 ], [ -68.653444159999935, -9.064575836705995 ], [ -68.652873819999968, -9.065829470705969 ], [ -68.652339717999951, -9.066310678705952 ], [ -68.65233177999994, -9.066137210705946 ] ] ] } },
{ "type": "Feature", "properties": { "num_setor": "AC_SENAMAD_SR_5_CPRM", "munic": "SENA MADUREIRA", "grau_risco": "Muito alto", "distancia_km": 0.61, "chuva_24h": 4.2, "chuva_72h": 4.5, "fonte_estacao": "openmeteo", "codigo_estacao": "openmeteo", "nome_estacao": "Open-Meteo (célula de grade)" }, "geometry": { "type": "Polygon", "coordinates": [ [ [ -68.660480125999982, -9.089117572705218 ], [ -68.660533535999946, -9.089104732705213 ], [ -68.660613423999962, -9.089072330705223 ], [ -68.660626721999961, -9.089065834705199 ], [ -68.660699900999987, -9.089033395705197 ], [ -68.661084854999956, -9.088770755705248 ], [ -68.661118148999947, -9.088750889705254 ], [ -68.661138092999977, -9.088730846705243 ], [ -68.661171398999954, -9.088704090705233 ], [ -68.661466726999947, -9.088449805705263 ], [ -68.661480229999938, -9.088436413705226 ], [ -68.661818946999972, -9.088088688705263 ], [ -68.661839328999974, -9.088062006705266 ], [ -68.662091765999946, -9.087627488705255 ], [ -68.662098630999935, -9.087614047705294 ], [ -68.662167558999954, -9.087465795705265 ], [ -68.662181111999985, -9.087452567705265 ], [ -68.662215069999945, -9.08740608370527 ], [ -68.662222012999962, -9.08738585970525 ], [ -68.662293569999974, -9.08704584370526 ], [ -68.66235970799994, -9.087919821705253 ], [ -68.662256502999981, -9.088238306705225 ], [ -68.662242942999967, -9.088258169705254 ], [ -68.661930183999971, -9.088839626705241 ], [ -68.661903129999985, -9.088866080705207 ], [ -68.661889615999939, -9.088879293705251 ], [ -68.66187611099997, -9.088892498705212 ], [ -68.661428516999933, -9.089388170705197 ], [ -68.661008118999973, -9.08951614270522 ], [ -68.66098180299997, -9.089522542705186 ], [ -68.660942299999988, -9.089528924705213 ], [ -68.660185213999966, -9.089611211705222 ], [ -68.660139309999977, -9.089611073705196 ], [ -68.659589406999942, -9.089512958705189 ], [ -68.659426481999958, -9.089457263705228 ], [ -68.659803107999949, -9.08934451670523 ], [ -68.659835458999964, -9.089331498705231 ], [ -68.659888075999959, -9.089325067705193 ], [ -68.659960602999945, -9.089305604705199 ], [ -68.659993672999974, -9.08928606170519 ], [ -68.660426596999969, -9.089123851705207 ], [ -68.660453408999956, -9.089123994705236 ], [ -68.660480125999982, -9.089117572705218 ] ] ] } },
{ "type": "Feature", "properties": { "num_setor": "AC_SENAMAD_SR_6_CPRM", "munic": "SENA MADUREIRA", "grau_risco": "Muito alto", "distancia_km": 1.52, "chuva_24h": 4.2, "chuva_72h": 4.5, "fonte_estacao": "openmeteo", "codigo_estacao": "openmeteo", "nome_estacao": "Open-Meteo (célula de grade)" }, "geometry": { "type": "Polygon", "coordinates": [ [ [ -68.660579622999933, -9.075204864705638 ], [ -68.660988104999944, -9.075167509705672 ], [ -68.661008064999976, -9.075276250705633 ], [ -68.661159660999942, -9.076102140705654 ], [ -68.661141286999964, -9.076216671705597 ], [ -68.660931089999963, -9.076053623705617 ], [ -68.660922857999935, -9.076044007705619 ], [ -68.660915175999946, -9.076024962705624 ], [ -68.660595872999977, -9.07570376770561 ], [ -68.660006229999965, -9.075423720705629 ], [ -68.659978609999939, -9.075259826705665 ], [ -68.660579622999933, -9.075204864705638 ] ] ] } },
{ "type": "Feature", "properties": { "num_setor": "AC_RODRIGU_SR_01_CPRM", "munic": "RODRIGUES ALVES", "grau_risco": "Alto", "distancia_km": 1.16, "chuva_24h": 0.0, "chuva_72h": 8.9, "fonte_estacao": "openmeteo", "codigo_estacao": "openmeteo", "nome_estacao": "Open-Meteo (célula de grade)" }, "geometry": { "type": "Polygon", "coordinates": [ [ [ -72.647026235999988, -7.732904357748001 ], [ -72.646937991999948, -7.732838842748035 ], [ -72.64686506299995, -7.732796757748021 ], [ -72.646766317999948, -7.732659108748011 ], [ -72.646704057999955, -7.73256502974801 ], [ -72.646599420999962, -7.732483774748019 ], [ -72.646424234999984, -7.732444805748019 ], [ -72.646239006999963, -7.732403144748057 ], [ -72.646153186999982, -7.732318113748038 ], [ -72.646119706999968, -7.73212698574806 ], [ -72.646141796999984, -7.731872872748029 ], [ -72.646216418999984, -7.731697586748029 ], [ -72.646354887999962, -7.731660836748043 ], [ -72.646486608999965, -7.731678450748045 ], [ -72.646681628999943, -7.731707931748056 ], [ -72.646870664999938, -7.731768093748065 ], [ -72.647042635999981, -7.731829946748033 ], [ -72.647166259999949, -7.731891840748033 ], [ -72.64725899299998, -7.73195963374806 ], [ -72.647274706999951, -7.731987059748036 ], [ -72.647313852999957, -7.732049761748064 ], [ -72.647357690999968, -7.732155318748053 ], [ -72.647333699999933, -7.73226895474803 ], [ -72.64730101899994, -7.732359935748049 ], [ -72.647264005999943, -7.732459631748054 ], [ -72.647247276999963, -7.732660122748036 ], [ -72.64720635499998, -7.73281080074804 ], [ -72.647133155999938, -7.732935883748041 ], [ -72.647026235999988, -7.732904357748001 ] ] ] } },
{ "type": "Feature", "properties": { "num_setor": "AC_SANTARO_SR_1_CPRM", "munic": "SANTA ROSA DO PURUS", "grau_risco": "Alto", "distancia_km": 1.32, "chuva_24h": 0.0, "chuva_72h": 0.0, "fonte_estacao": "openmeteo", "codigo_estacao": "openmeteo", "nome_estacao": "Open-Meteo (célula de grade)" }, "geometry": { "type": "Polygon", "coordinates": [ [ [ -70.492312154999979, -9.430323258694575 ], [ -70.492746244999978, -9.430230301694527 ], [ -70.492854779999959, -9.430223182694553 ], [ -70.492911019999951, -9.430560727694525 ], [ -70.492992922999974, -9.43055484169453 ], [ -70.493050594999943, -9.430868874694513 ], [ -70.493117796999968, -9.431235463694508 ], [ -70.493229140999972, -9.43199216569448 ], [ -70.493714152999985, -9.434358137694412 ], [ -70.493517387999987, -9.434402360694438 ], [ -70.493294908999985, -9.434352295694408 ], [ -70.493169221999949, -9.433667480694425 ], [ -70.49277196099996, -9.433721953694455 ], [ -70.492488948999949, -9.431724504694532 ], [ -70.492412453999975, -9.430932934694514 ], [ -70.492375559999971, -9.430745962694523 ], [ -70.492705248999982, -9.430645078694521 ], [ -70.492663908999987, -9.430544365694528 ], [ -70.492370082999969, -9.430620091694559 ], [ -70.492312154999979, -9.430323258694575 ] ] ] } },
{ "type": "Feature", "properties": { "num_setor": "AC_PORTOWA_SR_04_CPRM", "munic": "PORTO WALTER", "grau_risco": "Muito alto", "distancia_km": 1.18, "chuva_24h": 0.1, "chuva_72h": 2.6, "fonte_estacao": "openmeteo", "codigo_estacao": "openmeteo", "nome_estacao": "Open-Meteo (célula de grade)" }, "geometry": { "type": "Polygon", "coordinates": [ [ [ -72.740948114999981, -8.270427200730985 ], [ -72.740935987999933, -8.270427058730961 ], [ -72.74067863099998, -8.270310904731009 ], [ -72.740411733999963, -8.270300591730988 ], [ -72.740113194999935, -8.270145101730995 ], [ -72.740040669999985, -8.270022824730999 ], [ -72.740329480999947, -8.269841343730976 ], [ -72.740678980999974, -8.269601996730996 ], [ -72.74099137099995, -8.269284752731032 ], [ -72.741269473999978, -8.268840831731044 ], [ -72.741368461999969, -8.268629654731017 ], [ -72.741379439999946, -8.268434272731069 ], [ -72.741736770999978, -8.268588164731014 ], [ -72.741859576999957, -8.268703611731057 ], [ -72.741933335999988, -8.268762171731066 ], [ -72.742017976999989, -8.268830189731034 ], [ -72.742150983999977, -8.268921213731012 ], [ -72.74221799299994, -8.268996613731026 ], [ -72.742332849999968, -8.269132444731039 ], [ -72.742332227999952, -8.269142950731004 ], [ -72.742391010999938, -8.26924201773101 ], [ -72.742371439999943, -8.269423001731006 ], [ -72.742370407999942, -8.269485712730997 ], [ -72.742329726999969, -8.269623537731022 ], [ -72.742292343999964, -8.269764419731001 ], [ -72.742262162999964, -8.269842959730999 ], [ -72.741773495999951, -8.27020407273098 ], [ -72.741647008999962, -8.27030448673101 ], [ -72.741463616999965, -8.270370393730975 ], [ -72.741213523999988, -8.270468501731004 ], [ -72.740948114999981, -8.270427200730985 ] ] ] } },
{ "type": "Feature", "properties": { "num_setor": "AC_TAR_SR_04_CPRM", "munic": "TARAUACÁ", "grau_risco": "Muito alto", "distancia_km": 1.7, "chuva_24h": 0.4, "chuva_72h": 0.4, "fonte_estacao": "openmeteo", "codigo_estacao": "openmeteo", "nome_estacao": "Open-Meteo (célula de grade)" }, "geometry": { "type": "Polygon", "coordinates": [ [ [ -70.758753168999988, -8.157916678734514 ], [ -70.758411473999956, -8.157539794734536 ], [ -70.758175315999949, -8.157235900734591 ], [ -70.757844212999942, -8.156921659734591 ], [ -70.757626553999955, -8.156598556734567 ], [ -70.757292242999938, -8.156293253734573 ], [ -70.756981267999947, -8.156029794734589 ], [ -70.756684012999983, -8.155771592734595 ], [ -70.756351474999974, -8.155600887734641 ], [ -70.756022174999941, -8.15533388873463 ], [ -70.755540376999988, -8.155100971734639 ], [ -70.755678819999957, -8.154951449734622 ], [ -70.756030670999962, -8.155100445734631 ], [ -70.756192847999955, -8.155255726734612 ], [ -70.75634241399996, -8.155353645734646 ], [ -70.756542645999957, -8.155515275734626 ], [ -70.756807321999986, -8.155668505734589 ], [ -70.757131596999955, -8.155972057734626 ], [ -70.757352113999957, -8.156122879734587 ], [ -70.75763535699997, -8.156316602734574 ], [ -70.75791830999998, -8.156698144734579 ], [ -70.758311589999948, -8.156975681734561 ], [ -70.758495059999973, -8.15727244473454 ], [ -70.758752424999955, -8.157520935734572 ], [ -70.759014361999959, -8.157773840734535 ], [ -70.759385261999967, -8.158140723734551 ], [ -70.759457495999982, -8.158109366734537 ], [ -70.759603009999978, -8.158239548734555 ], [ -70.759608382999943, -8.158378774734537 ], [ -70.75966337899996, -8.158486668734525 ], [ -70.759916353999984, -8.158738437734504 ], [ -70.760096526999973, -8.158905235734517 ], [ -70.760179749999963, -8.15905881473453 ], [ -70.760263192999957, -8.159212799734522 ], [ -70.760702138999989, -8.159942837734475 ], [ -70.760797996999941, -8.160051122734487 ], [ -70.760914935999949, -8.160276667734452 ], [ -70.761194796999973, -8.160530984734489 ], [ -70.761178699999959, -8.160776986734463 ], [ -70.760985365999943, -8.160782348734429 ], [ -70.760784547999947, -8.160496873734445 ], [ -70.760559982999951, -8.160092893734465 ], [ -70.760225542999933, -8.159654276734498 ], [ -70.75990464399996, -8.159117657734505 ], [ -70.759649180999986, -8.158775631734519 ], [ -70.75913486099995, -8.158426993734535 ], [ -70.758753168999988, -8.157916678734514 ] ] ] } },
{ "type": "Feature", "properties": { "num_setor": "AC_SANTARO_SR_4_CPRM", "munic": "SANTA ROSA DO PURUS", "grau_risco": "Muito alto", "distancia_km": 1.82, "chuva_24h": 0.0, "chuva_72h": 0.0, "fonte_estacao": "openmeteo", "codigo_estacao": "openmeteo", "nome_estacao": "Open-Meteo (célula de grade)" }, "geometry": { "type": "Polygon", "coordinates": [ [ [ -70.492303178999975, -9.426913791694641 ], [ -70.491945618999978, -9.426246548694653 ], [ -70.491542010999979, -9.425532377694712 ], [ -70.491581478999933, -9.425450325694728 ], [ -70.492078797999966, -9.4257295566947 ], [ -70.492310758999963, -9.426074933694661 ], [ -70.492461495999976, -9.426428163694682 ], [ -70.492714289999981, -9.427551417694641 ], [ -70.492536633999975, -9.427587100694662 ], [ -70.492459147999966, -9.427359999694655 ], [ -70.491825048999942, -9.42748315969464 ], [ -70.492142514999955, -9.429822047694568 ], [ -70.491936223999971, -9.429844357694586 ], [ -70.491888555999935, -9.430095798694561 ], [ -70.491795154999977, -9.430366558694532 ], [ -70.491805523999972, -9.430666460694512 ], [ -70.491853897999988, -9.43071911269454 ], [ -70.491879845999961, -9.430749117694518 ], [ -70.492003741999952, -9.43073560369454 ], [ -70.492001909999942, -9.430893131694518 ], [ -70.491828541999951, -9.430872077694524 ], [ -70.491758061999974, -9.43129014569455 ], [ -70.491603643999952, -9.431445124694486 ], [ -70.491590869999982, -9.431605762694494 ], [ -70.49161793199994, -9.431813862694497 ], [ -70.491772, -9.432015560694504 ], [ -70.491689988999951, -9.432139247694488 ], [ -70.491535772999953, -9.431963527694471 ], [ -70.49148318999994, -9.431687200694489 ], [ -70.491394843999956, -9.431683639694517 ], [ -70.491425010999933, -9.43155238869449 ], [ -70.491491446999987, -9.431570199694516 ], [ -70.491583639999988, -9.431217524694535 ], [ -70.491651685999955, -9.430838366694564 ], [ -70.49164916999996, -9.430404532694538 ], [ -70.491197538999984, -9.430428817694533 ], [ -70.491154772999948, -9.430303433694535 ], [ -70.491136582999957, -9.4295758886946 ], [ -70.491306286999986, -9.429568877694564 ], [ -70.491300165999974, -9.43033348469455 ], [ -70.491605628999935, -9.430323620694562 ], [ -70.491776667999943, -9.42985147469458 ], [ -70.491843611999968, -9.429576746694559 ], [ -70.491895580999937, -9.42930600869459 ], [ -70.49178382499997, -9.428638957694615 ], [ -70.491653773999985, -9.428461905694602 ], [ -70.491588074999981, -9.428325973694621 ], [ -70.491731873999981, -9.428016627694632 ], [ -70.491735780999988, -9.42776076269466 ], [ -70.491610958999956, -9.427846665694613 ], [ -70.49146680299998, -9.42786508369463 ], [ -70.491330422999965, -9.427849670694611 ], [ -70.49117973999995, -9.427831885694657 ], [ -70.491180812999971, -9.42774321469464 ], [ -70.491442316999951, -9.427701600694649 ], [ -70.491532129999939, -9.427595488694624 ], [ -70.491583, -9.427516842694668 ], [ -70.491374848999953, -9.426689859694669 ], [ -70.491290055999968, -9.426266673694704 ], [ -70.491280230999962, -9.425830502694675 ], [ -70.491525700999944, -9.425825759694696 ], [ -70.491736008999965, -9.427022699694655 ], [ -70.492303178999975, -9.426913791694641 ] ] ] } },
{ "type": "Feature", "properties": { "num_setor": "AC_SENAMAD_SR_2_CPRM", "munic": "SENA MADUREIRA", "grau_risco": "Alto", "distancia_km": 1.67, "chuva_24h": 3.2, "chuva_72h": 3.4, "fonte_estacao": "openmeteo", "codigo_estacao": "openmeteo", "nome_estacao": "Open-Meteo (célula de grade)" }, "geometry": { "type": "Polygon", "coordinates": [ [ [ -68.651161736999939, -9.062306299706037 ], [ -68.651219004999973, -9.062176914706063 ], [ -68.651226043999941, -9.062176534706047 ], [ -68.651313617999961, -9.062045903706059 ], [ -68.651339311999948, -9.062011367706079 ], [ -68.651352203999977, -9.061994039706059 ], [ -68.651371598999958, -9.061967971706048 ], [ -68.651537567999981, -9.061876351706074 ], [ -68.651565670999958, -9.061865702706086 ], [ -68.651648653999985, -9.061807656706097 ], [ -68.651710789999981, -9.061752825706094 ], [ -68.651752926999961, -9.061724720706085 ], [ -68.651773379999952, -9.061697651706085 ], [ -68.651823074999982, -9.061668966706067 ], [ -68.651900180999974, -9.061591552706101 ], [ -68.651914082999951, -9.061572258706075 ], [ -68.651942005999956, -9.061533505706064 ], [ -68.652097426999944, -9.06128084870609 ], [ -68.652103646999933, -9.061232522706083 ], [ -68.652117463999957, -9.061183527706101 ], [ -68.652189030999978, -9.060983404706095 ], [ -68.652222176999942, -9.060785568706118 ], [ -68.652235146999942, -9.060762699706093 ], [ -68.652254655999968, -9.060724533706132 ], [ -68.652261095999961, -9.060701866706131 ], [ -68.652280050999934, -9.06056540670612 ], [ -68.652273072999947, -9.060535412706125 ], [ -68.652272762999985, -9.060497147706132 ], [ -68.652272389999951, -9.060450915706145 ], [ -68.652209015999972, -9.06028265770612 ], [ -68.65218764399998, -9.060236501706131 ], [ -68.65215922699997, -9.060189899706129 ], [ -68.652130596999939, -9.060142948706128 ], [ -68.652116031999981, -9.060111241706128 ], [ -68.652027089999933, -9.05991761570613 ], [ -68.652019786999972, -9.059909577706152 ], [ -68.651877597999942, -9.059711913706119 ], [ -68.651861198999939, -9.059660653706162 ], [ -68.651837073999957, -9.059600563706127 ], [ -68.651775448999956, -9.059357751706129 ], [ -68.65176566599996, -9.05930446370618 ], [ -68.651749620999965, -9.059278144706159 ], [ -68.651737784999966, -9.059020346706156 ], [ -68.651736051999933, -9.058982574706173 ], [ -68.65173430699997, -9.058944604706179 ], [ -68.651739575999954, -9.05875730870615 ], [ -68.651737392999962, -9.058708649706187 ], [ -68.651740777999976, -9.058626393706156 ], [ -68.651733380999985, -9.05845958070619 ], [ -68.651710778999984, -9.058435333706191 ], [ -68.651686457999972, -9.0583765997062 ], [ -68.651634936999983, -9.058213587706177 ], [ -68.65161765199997, -9.058161557706173 ], [ -68.651615814999957, -9.058126036706202 ], [ -68.651637950999941, -9.057980237706214 ], [ -68.651657950999947, -9.057933221706218 ], [ -68.651663629999973, -9.057896045706181 ], [ -68.651717545999986, -9.057762203706222 ], [ -68.651715511999953, -9.057715172706208 ], [ -68.651721431999988, -9.057676837706213 ], [ -68.651710090999984, -9.057410546706219 ], [ -68.651709251999932, -9.057390942706231 ], [ -68.651675058999956, -9.057143256706219 ], [ -68.65167370599994, -9.057112757706232 ], [ -68.651654745999963, -9.057042341706206 ], [ -68.651588321999952, -9.056818062706263 ], [ -68.651513810999973, -9.056624507706259 ], [ -68.651403500999947, -9.056002231706275 ], [ -68.651326423999933, -9.05572165670625 ], [ -68.651310727999942, -9.055686002706269 ], [ -68.651299631999962, -9.055620429706288 ], [ -68.651296645999935, -9.055576112706291 ], [ -68.65129363799997, -9.055531495706276 ], [ -68.651304284999981, -9.055283982706309 ], [ -68.651308510999968, -9.055243863706304 ], [ -68.651306394999949, -9.055211899706288 ], [ -68.651310117999969, -9.055163225706266 ], [ -68.651314401999969, -9.055122305706259 ], [ -68.65135393199995, -9.054971307706289 ], [ -68.651365975999965, -9.054937073706288 ], [ -68.651362436999989, -9.054878258706299 ], [ -68.651360399999987, -9.054844409706268 ], [ -68.651343190999967, -9.054679548706305 ], [ -68.65133991099998, -9.05462613770629 ], [ -68.651337708999961, -9.05459027670628 ], [ -68.651082386999974, -9.053865673706326 ], [ -68.651079558999982, -9.053828871706315 ], [ -68.65107614599998, -9.053784443706348 ], [ -68.651070407999953, -9.053709747706339 ], [ -68.650887652999984, -9.05326430470636 ], [ -68.650885424999956, -9.053239645706343 ], [ -68.650880195999946, -9.053181753706369 ], [ -68.650687909999988, -9.052831313706353 ], [ -68.650670619999971, -9.052805564706379 ], [ -68.650645021999935, -9.052771183706342 ], [ -68.650617401999966, -9.052718859706374 ], [ -68.650452696999935, -9.052508381706346 ], [ -68.650420680999957, -9.052491321706395 ], [ -68.650377742999979, -9.052446845706365 ], [ -68.650065875999985, -9.052163605706387 ], [ -68.649999169999944, -9.052128110706365 ], [ -68.649965681999959, -9.0521102897064 ], [ -68.649929172999975, -9.052072843706384 ], [ -68.649917056999982, -9.052043790706385 ], [ -68.649887956999976, -9.052005563706386 ], [ -68.649566087999972, -9.051717463706416 ], [ -68.649545003999947, -9.05168734670637 ], [ -68.649319585999933, -9.051457131706389 ], [ -68.649285750999979, -9.051405302706419 ], [ -68.649043917999961, -9.05112472270639 ], [ -68.649036612999964, -9.051090861706429 ], [ -68.649104702999978, -9.050881469706443 ], [ -68.649135960999956, -9.050828064706426 ], [ -68.649244771999975, -9.050736428706397 ], [ -68.649526483999978, -9.050767939706425 ], [ -68.649818488999983, -9.050993295706402 ], [ -68.64987599799997, -9.051035432706438 ], [ -68.650358970999946, -9.05139605670643 ], [ -68.650715147999961, -9.051760797706416 ], [ -68.65076363999998, -9.051830949706389 ], [ -68.651121849999981, -9.052335116706342 ], [ -68.651156525999966, -9.052402446706381 ], [ -68.651183882999987, -9.052428283706391 ], [ -68.651505316999987, -9.052933044706375 ], [ -68.651548733999959, -9.05299560670635 ], [ -68.651604913999961, -9.053069920706374 ], [ -68.651934431999962, -9.053580667706314 ], [ -68.651964737999947, -9.053640441706339 ], [ -68.651985757999967, -9.053712427706298 ], [ -68.652010704999952, -9.053735460706349 ], [ -68.652192706999983, -9.054518850706305 ], [ -68.652200188999984, -9.054574448706319 ], [ -68.652288766999959, -9.055007053706264 ], [ -68.65229299799995, -9.055038942706275 ], [ -68.652300021999963, -9.055091884706304 ], [ -68.652308403999939, -9.055155067706306 ], [ -68.652380357999959, -9.05569740370626 ], [ -68.652386956999976, -9.05574714670629 ], [ -68.652389587999949, -9.055766976706273 ], [ -68.652401365999935, -9.055855748706239 ], [ -68.652405268999985, -9.055885170706247 ], [ -68.652411749999942, -9.055934022706271 ], [ -68.65254052399996, -9.056480399706231 ], [ -68.652555805999953, -9.056525875706253 ], [ -68.652580419999936, -9.056570654706256 ], [ -68.65259096799997, -9.056579291706269 ], [ -68.652694690999965, -9.056961483706218 ], [ -68.652846001999933, -9.057988678706193 ], [ -68.65295827999995, -9.058398793706202 ], [ -68.653001022999945, -9.058478850706187 ], [ -68.653029352999965, -9.058531912706194 ], [ -68.653044847999979, -9.058571900706163 ], [ -68.653074318999984, -9.058638001706182 ], [ -68.653183071999933, -9.05893829170615 ], [ -68.653212615999962, -9.059014085706146 ], [ -68.65322731699996, -9.059051800706161 ], [ -68.653385939999964, -9.059945036706157 ], [ -68.653392295999936, -9.060015727706112 ], [ -68.65356238399994, -9.060859180706105 ], [ -68.653568597999936, -9.060936337706126 ], [ -68.653573563999942, -9.06099786370609 ], [ -68.653630067999984, -9.061698175706058 ], [ -68.653634489999945, -9.06175454770608 ], [ -68.653642181999942, -9.061852606706054 ], [ -68.653765480999937, -9.062396930706074 ], [ -68.653772448999973, -9.06248986070606 ], [ -68.653801257999987, -9.062568770706074 ], [ -68.653806110999938, -9.062634306706036 ], [ -68.653834948999986, -9.063165620706018 ], [ -68.653817763999939, -9.063230604706025 ], [ -68.653812658999982, -9.063307174706056 ], [ -68.65377572999995, -9.063397720706021 ], [ -68.653777727999966, -9.063422707706037 ], [ -68.653792705999933, -9.063877523706022 ], [ -68.653778168999963, -9.063962512706039 ], [ -68.65375402899997, -9.064058968706027 ], [ -68.653748311999948, -9.064118256706012 ], [ -68.653739614999949, -9.064141974705976 ], [ -68.653629168999942, -9.064692105705968 ], [ -68.653592593999974, -9.064748546705999 ], [ -68.653578915999958, -9.064825824705983 ], [ -68.653579922999938, -9.06483671770601 ], [ -68.653486094999948, -9.065249174705977 ], [ -68.653471109999941, -9.06530252270597 ], [ -68.653175765999947, -9.065728828705964 ], [ -68.653150748999963, -9.065770305705929 ], [ -68.653126980999957, -9.065821557705922 ], [ -68.653092343999958, -9.065863193705969 ], [ -68.652858496999954, -9.066416834705906 ], [ -68.652823946999945, -9.066446871705956 ], [ -68.652789571999961, -9.066476907705947 ], [ -68.652758122999956, -9.066525710705909 ], [ -68.652447194999979, -9.067060020705934 ], [ -68.652327070999945, -9.067241488705923 ], [ -68.652230884999938, -9.067441413705916 ], [ -68.65209017899997, -9.067741784705888 ], [ -68.651791894999974, -9.068358020705855 ], [ -68.650487793999957, -9.069972843705814 ], [ -68.650467889999959, -9.069741936705817 ], [ -68.650454141999944, -9.069715821705858 ], [ -68.650447247999978, -9.069702724705838 ], [ -68.65039328499995, -9.069465173705836 ], [ -68.650392002999979, -9.069429585705841 ], [ -68.650397563999945, -9.069210743705867 ], [ -68.650410214999965, -9.069187646705872 ], [ -68.650435413999958, -9.069133777705874 ], [ -68.65044168999998, -9.069118379705861 ], [ -68.650529885999958, -9.068854643705839 ], [ -68.650549772999966, -9.068823432705884 ], [ -68.650613026999963, -9.068542764705875 ], [ -68.65061945399998, -9.068510445705863 ], [ -68.650626084999942, -9.068485633705871 ], [ -68.650632470999938, -9.068444327705851 ], [ -68.65063427399997, -9.068138897705897 ], [ -68.650626603999967, -9.068113989705894 ], [ -68.650626293999949, -9.068097219705894 ], [ -68.650557937999963, -9.067954715705904 ], [ -68.650528087999987, -9.0679296847059 ], [ -68.650513011999976, -9.067912834705893 ], [ -68.650422067999955, -9.067818531705862 ], [ -68.650286557999948, -9.067757241705907 ], [ -68.650248243999954, -9.0677303027059 ], [ -68.65010932399997, -9.067640772705877 ], [ -68.650077858999964, -9.067614468705919 ], [ -68.650069846999941, -9.067605517705877 ], [ -68.649952567999946, -9.06753690570587 ], [ -68.649927511999977, -9.067500132705895 ], [ -68.649918101999958, -9.0674718117059 ], [ -68.649862543999973, -9.06720966070589 ], [ -68.649859867999965, -9.06716961670589 ], [ -68.649855825999964, -9.067109131705882 ], [ -68.649875821999956, -9.06705678570593 ], [ -68.649880972999938, -9.067015367705897 ], [ -68.649948095999946, -9.066823117705908 ], [ -68.649963329999935, -9.066811519705901 ], [ -68.650065179999956, -9.066622506705952 ], [ -68.650211780999939, -9.066462358705936 ], [ -68.650235735999956, -9.066450754705928 ], [ -68.650442510999937, -9.066268121705919 ], [ -68.650458660999959, -9.066256494705932 ], [ -68.650508477999949, -9.066140175705966 ], [ -68.650508204999937, -9.066119463705922 ], [ -68.650545169999987, -9.065949366705963 ], [ -68.650544813999943, -9.065913707705915 ], [ -68.650538188999974, -9.065906849705964 ], [ -68.650351310999952, -9.065785052705957 ], [ -68.65029055499997, -9.06575111870597 ], [ -68.650263485999972, -9.065737609705929 ], [ -68.650242760999959, -9.065716369705964 ], [ -68.65020081199998, -9.065666208705972 ], [ -68.650169570999935, -9.065554565705954 ], [ -68.650147419999939, -9.065509770705942 ], [ -68.650140318999945, -9.065502426705965 ], [ -68.650045717999944, -9.065232409705981 ], [ -68.650037615999963, -9.06520870970599 ], [ -68.650029484999948, -9.065184921705972 ], [ -68.649944909999988, -9.065042707705988 ], [ -68.649943579999956, -9.065018378706005 ], [ -68.649940908999952, -9.064969458705965 ], [ -68.649940758999946, -9.064701958705964 ], [ -68.649952495999969, -9.064650142705975 ], [ -68.649958841999933, -9.064632681706005 ], [ -68.649978845999954, -9.064597320705984 ], [ -68.650076522999939, -9.064329224705984 ], [ -68.650089831999935, -9.064293186706017 ], [ -68.65004221099997, -9.063908041706037 ], [ -68.650059759999976, -9.063900962706034 ], [ -68.650138181999978, -9.063749890705994 ], [ -68.650152248999973, -9.063723215706036 ], [ -68.650152454999954, -9.063690504706017 ], [ -68.650171728999965, -9.063656741706041 ], [ -68.650184727999942, -9.063623096706012 ], [ -68.650199006999969, -9.063595881706027 ], [ -68.650223740999934, -9.063554702706032 ], [ -68.650247877999959, -9.063472749706028 ], [ -68.650259579999954, -9.063465434706025 ], [ -68.650291162999963, -9.063347585706035 ], [ -68.650298257999964, -9.063312625706047 ], [ -68.650300035999976, -9.063284701706051 ], [ -68.650382869999987, -9.063099421706017 ], [ -68.650399584999946, -9.063077631706012 ], [ -68.650421945999938, -9.063048480706042 ], [ -68.65057866899997, -9.062882144706039 ], [ -68.650583228999949, -9.062867114706046 ], [ -68.650607043999969, -9.062843985706046 ], [ -68.650638796999942, -9.062828037706049 ], [ -68.650681038999949, -9.06278918070606 ], [ -68.650798359999953, -9.062694653706025 ], [ -68.650836258999959, -9.062670052706073 ], [ -68.650992522999957, -9.06254491770606 ], [ -68.651023357999975, -9.062512146706053 ], [ -68.651048339999988, -9.062487506706058 ], [ -68.651145204999978, -9.062348672706076 ], [ -68.651161736999939, -9.062306299706037 ] ], [ [ -68.65233177999994, -9.066137210705946 ], [ -68.652339717999951, -9.066310678705952 ], [ -68.652873819999968, -9.065829470705969 ], [ -68.653444159999935, -9.064575836705995 ], [ -68.653624310999987, -9.063031109706026 ], [ -68.653453496999987, -9.062336263706062 ], [ -68.653291612999965, -9.062398597706064 ], [ -68.653432213999963, -9.063028257706065 ], [ -68.65329615099995, -9.064172602706028 ], [ -68.653001491999987, -9.065133728705993 ], [ -68.652999050999938, -9.065157483705958 ], [ -68.652809743999967, -9.065640896705986 ], [ -68.652530853999963, -9.065925451705926 ], [ -68.65233177999994, -9.066137210705946 ] ] ] } },
{ "type": "Feature", "properties": { "num_setor": "AC_SANTARO_SR_2_CPRM", "munic": "SANTA ROSA DO PURUS", "grau_risco": "Alto", "distancia_km": 1.28, "chuva_24h": 0.0, "chuva_72h": 0.0, "fonte_estacao": "openmeteo", "codigo_estacao": "openmeteo", "nome_estacao": "Open-Meteo (célula de grade)" }, "geometry": { "type": "Polygon", "coordinates": [ [ [ -70.492009928999948, -9.429905253694562 ], [ -70.492174702999932, -9.429879095694591 ], [ -70.492430499999955, -9.431908773694516 ], [ -70.492805631999943, -9.434666675694414 ], [ -70.492137366999941, -9.434866011694393 ], [ -70.492042071999947, -9.43479608269444 ], [ -70.491787445999933, -9.434815902694412 ], [ -70.491531011999939, -9.433832281694459 ], [ -70.491779207999969, -9.43377690169447 ], [ -70.492080488999989, -9.433697437694457 ], [ -70.492273811999951, -9.433677404694469 ], [ -70.492247962999954, -9.433135420694486 ], [ -70.492204087999937, -9.432671385694503 ], [ -70.492056386999934, -9.43190228569452 ], [ -70.492175155999973, -9.431019790694503 ], [ -70.492005283999958, -9.430893989694539 ], [ -70.492005264999989, -9.430736163694522 ], [ -70.492076011999984, -9.430741010694538 ], [ -70.492071280999937, -9.430685327694567 ], [ -70.492019373999938, -9.430439435694568 ], [ -70.491986372999975, -9.430337187694551 ], [ -70.492014652999956, -9.430248942694581 ], [ -70.49208062799994, -9.430249209694541 ], [ -70.492009928999948, -9.429905253694562 ] ] ] } },
{ "type": "Feature", "properties": { "num_setor": "AC_SANTARO_SR_3_CPRM", "munic": "SANTA ROSA DO PURUS", "grau_risco": "Alto", "distancia_km": 1.69, "chuva_24h": 0.0, "chuva_72h": 0.0, "fonte_estacao": "openmeteo", "codigo_estacao": "openmeteo", "nome_estacao": "Open-Meteo (célula de grade)" }, "geometry": { "type": "Polygon", "coordinates": [ [ [ -70.49245394999997, -9.428304721694609 ], [ -70.492424225999969, -9.428088560694656 ], [ -70.492370128999937, -9.42781741669465 ], [ -70.492428620999988, -9.42770591969462 ], [ -70.492703143999961, -9.427731565694653 ], [ -70.492778605999945, -9.428295591694592 ], [ -70.492956211999967, -9.430137891694555 ], [ -70.492343500999937, -9.430265588694533 ], [ -70.492307531999984, -9.430140228694563 ], [ -70.492395709999983, -9.430092996694583 ], [ -70.492548849999935, -9.430048566694579 ], [ -70.492686314999958, -9.430055787694551 ], [ -70.492677483999955, -9.429963716694575 ], [ -70.49264876999996, -9.429809721694575 ], [ -70.492642159999946, -9.429640611694573 ], [ -70.492448546999981, -9.42960386369457 ], [ -70.492427161999956, -9.429828124694588 ], [ -70.492240758999969, -9.429844062694571 ], [ -70.492155931999946, -9.429027058694599 ], [ -70.492272930999945, -9.42901177069462 ], [ -70.492391024999961, -9.429489667694597 ], [ -70.492653366999946, -9.429561049694588 ], [ -70.492670712999939, -9.429361501694574 ], [ -70.492537865999964, -9.429338103694583 ], [ -70.492477920999988, -9.429214201694602 ], [ -70.492631702999972, -9.429202648694565 ], [ -70.492598633999933, -9.429010724694596 ], [ -70.492650498999978, -9.428870803694576 ], [ -70.492609914999946, -9.428721601694592 ], [ -70.492371772999945, -9.428758139694606 ], [ -70.492368239999962, -9.428560267694609 ], [ -70.492412056999967, -9.428564805694597 ], [ -70.492565377999938, -9.428556352694629 ], [ -70.492550768999934, -9.428458435694626 ], [ -70.492548132999957, -9.428434960694592 ], [ -70.492403654999976, -9.428434067694601 ], [ -70.49229309499998, -9.428433566694615 ], [ -70.492254535999962, -9.428619964694594 ], [ -70.492105973999969, -9.428688351694589 ], [ -70.492064145999962, -9.428493424694594 ], [ -70.492023446999951, -9.428256243694618 ], [ -70.491994339999962, -9.428032963694625 ], [ -70.491952500999957, -9.427764974694623 ], [ -70.492094262999956, -9.427737328694642 ], [ -70.492141362999973, -9.427989669694607 ], [ -70.492229709999947, -9.428024638694612 ], [ -70.492284219999988, -9.428228934694596 ], [ -70.492392589999952, -9.428339485694632 ], [ -70.49245394999997, -9.428304721694609 ] ] ] } },
{ "type": "Feature", "properties": { "num_setor": "AC_PLACIDO_SR_3_CPRM", "munic": "PLÁCIDO DE CASTRO", "grau_risco": "Alto", "distancia_km": 1.6, "chuva_24h": 0.2, "chuva_72h": 1.9, "fonte_estacao": "openmeteo", "codigo_estacao": "openmeteo", "nome_estacao": "Open-Meteo (célula de grade)" }, "geometry": { "type": "Polygon", "coordinates": [ [ [ -67.200378825999962, -10.273610401668396 ], [ -67.200503462999961, -10.273536619668391 ], [ -67.200801728999977, -10.273237903668365 ], [ -67.200917698999945, -10.27322292666838 ], [ -67.200970967999979, -10.273191121668393 ], [ -67.201183148999974, -10.272988206668414 ], [ -67.201452499999959, -10.272755592668394 ], [ -67.201685963999978, -10.272543231668431 ], [ -67.201691142999948, -10.272513686668422 ], [ -67.201831431999949, -10.272273542668394 ], [ -67.201868391999938, -10.272253337668399 ], [ -67.202036115999988, -10.272240608668405 ], [ -67.202281699999958, -10.272498001668424 ], [ -67.202226802999974, -10.272528103668401 ], [ -67.202153574999954, -10.272568257668434 ], [ -67.201951251999958, -10.272971817668415 ], [ -67.201928026999951, -10.273011113668367 ], [ -67.201850867999951, -10.27308108966839 ], [ -67.201786574999971, -10.273169742668369 ], [ -67.201542697999969, -10.273360562668357 ], [ -67.201489791999961, -10.273392043668363 ], [ -67.201384112999961, -10.273455073668394 ], [ -67.201067875999968, -10.273749940668369 ], [ -67.201003372999935, -10.273973373668394 ], [ -67.200936721999938, -10.274121184668367 ], [ -67.200932953999938, -10.274150085668376 ], [ -67.201113976999977, -10.27440161166837 ], [ -67.201151466999988, -10.274454515668332 ], [ -67.201223672999959, -10.274486798668327 ], [ -67.201278335999973, -10.274529249668346 ], [ -67.201547841999968, -10.274636969668354 ], [ -67.201998469999978, -10.274760609668316 ], [ -67.202309304999972, -10.274752068668317 ], [ -67.202539053999942, -10.274838494668314 ], [ -67.202900842999952, -10.274873043668331 ], [ -67.202930510999977, -10.274880830668346 ], [ -67.203303502999972, -10.274695402668341 ], [ -67.203433390999976, -10.274388150668326 ], [ -67.203462696999964, -10.274237526668372 ], [ -67.203710411999964, -10.273532080668357 ], [ -67.204204717999971, -10.274038224668374 ], [ -67.204203488999951, -10.274990599668353 ], [ -67.203830007999954, -10.275978600668324 ], [ -67.204407066999977, -10.276561184668269 ], [ -67.208467653999946, -10.283313271668057 ], [ -67.208466357999953, -10.28353264666808 ], [ -67.208454120999988, -10.283616397668052 ], [ -67.208436202999962, -10.283687771668067 ], [ -67.208427307999955, -10.28372357066805 ], [ -67.20840973199995, -10.283795879668068 ], [ -67.208396604999962, -10.283849886668087 ], [ -67.20830880699998, -10.284176044668079 ], [ -67.208291766999935, -10.284246233668057 ], [ -67.208258229999956, -10.284488474668022 ], [ -67.208258479999984, -10.284590265668035 ], [ -67.208254239999974, -10.284607049668063 ], [ -67.208143028999984, -10.284716077668053 ], [ -67.208081361999973, -10.284795397668056 ], [ -67.207934173999945, -10.285051262668034 ], [ -67.20773563299997, -10.285066277668001 ], [ -67.207676649999939, -10.285030286667997 ], [ -67.207629168999972, -10.285015274668057 ], [ -67.207613308999953, -10.285010258668011 ], [ -67.207451572999958, -10.284932355668033 ], [ -67.207392924999965, -10.284921806668008 ], [ -67.207334065999987, -10.284911220668029 ], [ -67.207242277999967, -10.284889842668047 ], [ -67.207172659999969, -10.284884633668055 ], [ -67.207106714999952, -10.284862993668058 ], [ -67.207063377999987, -10.284857639668003 ], [ -67.206979227999966, -10.284758772668049 ], [ -67.206939352999939, -10.284736655668038 ], [ -67.206905798999969, -10.284725562668017 ], [ -67.206741800999964, -10.28460814866804 ], [ -67.206656435999946, -10.284579735668038 ], [ -67.206639271999961, -10.284573978668048 ], [ -67.206515383999943, -10.284410774668061 ], [ -67.20650509099994, -10.284369730668059 ], [ -67.206505309999955, -10.284322781668042 ], [ -67.206488181999987, -10.284222288668053 ], [ -67.206463621999944, -10.284012051668086 ], [ -67.206456456999945, -10.283999711668075 ], [ -67.206405561999986, -10.283863257668049 ], [ -67.20636923099994, -10.283800521668089 ], [ -67.206347325999957, -10.283762693668075 ], [ -67.206212360999984, -10.283505265668081 ], [ -67.206172218999939, -10.283460926668088 ], [ -67.206135882999945, -10.283448113668076 ], [ -67.205803627999956, -10.283328958668084 ], [ -67.205763005999984, -10.28333480066809 ], [ -67.205719109999961, -10.283359895668104 ], [ -67.205475837999984, -10.2834466866681 ], [ -67.205420824999976, -10.283478133668073 ], [ -67.205354760999967, -10.283515828668067 ], [ -67.205310489999988, -10.283540633668078 ], [ -67.205277277999983, -10.283559240668096 ], [ -67.205111125999963, -10.283652329668049 ], [ -67.205077876999951, -10.283670957668077 ], [ -67.205011358999968, -10.283708225668045 ], [ -67.205034413999954, -10.284138580668081 ], [ -67.205073605999985, -10.284267059668032 ], [ -67.205094513999938, -10.284321713668021 ], [ -67.205085768999936, -10.284376245668055 ], [ -67.205079952999938, -10.28441250266804 ], [ -67.205046042999982, -10.284562821668025 ], [ -67.205023464999954, -10.284640129668047 ], [ -67.205020511999976, -10.284657882668045 ], [ -67.204905040999961, -10.284706631668016 ], [ -67.204854143999967, -10.284719241668025 ], [ -67.204641002999949, -10.284712533668014 ], [ -67.204387878999967, -10.284587626668037 ], [ -67.204338314999973, -10.284582056668047 ], [ -67.203934867999976, -10.284989030668026 ], [ -67.203762736999977, -10.285403027668023 ], [ -67.203736096999933, -10.285516890667983 ], [ -67.203732375999948, -10.285591760668032 ], [ -67.203721928999983, -10.285694072668001 ], [ -67.203475551999986, -10.286034485667988 ], [ -67.203436772999964, -10.286081316668007 ], [ -67.20325536699994, -10.286257350667997 ], [ -67.202901164999957, -10.285967681668023 ], [ -67.20286065099998, -10.285894765668001 ], [ -67.20281984199994, -10.285821240667996 ], [ -67.202750058999982, -10.285616597667989 ], [ -67.202708643999983, -10.285541796668008 ], [ -67.202639743999953, -10.285257749668036 ], [ -67.202587352999956, -10.285162827668021 ], [ -67.202566308999963, -10.285124702668023 ], [ -67.202327677999961, -10.284652108668066 ], [ -67.202138269999978, -10.284351333668045 ], [ -67.202099160999978, -10.284321759668046 ], [ -67.202025566999964, -10.284312254668073 ], [ -67.201802879999946, -10.284363508668035 ], [ -67.201456808999978, -10.284762507668054 ], [ -67.201270278999971, -10.284876508668038 ], [ -67.201184957999942, -10.28484912666805 ], [ -67.200890972999957, -10.284627106668035 ], [ -67.200826371999938, -10.284557782668061 ], [ -67.200508956999954, -10.284420222668023 ], [ -67.200244854999937, -10.284685859668052 ], [ -67.200318993999986, -10.284806369668036 ], [ -67.200327136999988, -10.285124383668039 ], [ -67.200267211999972, -10.285291967668032 ], [ -67.200215429999957, -10.28532177966801 ], [ -67.19999587999996, -10.28542161566801 ], [ -67.199884571999974, -10.28543247666803 ], [ -67.19986726999997, -10.285442435667989 ], [ -67.199619785999971, -10.285316813668006 ], [ -67.199529235999933, -10.285287854668047 ], [ -67.199413453999966, -10.285109482667995 ], [ -67.19931337099996, -10.285029770667995 ], [ -67.198997460999976, -10.284916789668031 ], [ -67.198723508999933, -10.284945084668026 ], [ -67.198670336999953, -10.284975843668054 ], [ -67.198634886999969, -10.284996349668045 ], [ -67.198302364999961, -10.285208360668014 ], [ -67.198242305999941, -10.285188902668015 ], [ -67.198082286999977, -10.285116986668047 ], [ -67.198055216999933, -10.285121596668011 ], [ -67.197993524999958, -10.285135069668033 ], [ -67.197884737999971, -10.285253576668 ], [ -67.197677854999938, -10.285325943668026 ], [ -67.197624980999933, -10.285322332668018 ], [ -67.197594459999948, -10.285306011668039 ], [ -67.197372704999964, -10.285295535668041 ], [ -67.197221638999963, -10.285173913667998 ], [ -67.197186355999975, -10.285135576668011 ], [ -67.197167557999933, -10.285122771668034 ], [ -67.197031070999969, -10.285010446668013 ], [ -67.196992622999971, -10.284984203668031 ], [ -67.196803493999937, -10.284909080668038 ], [ -67.19667005499997, -10.284984989668018 ], [ -67.196630318999951, -10.285006811668019 ], [ -67.196655595999971, -10.285234068668023 ], [ -67.196677483999963, -10.285281423668012 ], [ -67.196719222999945, -10.285481019668019 ], [ -67.196694299999933, -10.285552579667998 ], [ -67.196671131999949, -10.285565388667999 ], [ -67.196495083999935, -10.285651211668 ], [ -67.196489128999985, -10.285642970668011 ], [ -67.196396342999947, -10.28558997766801 ], [ -67.196318144999964, -10.285527685668029 ], [ -67.196299718999967, -10.285502411668038 ], [ -67.196257385999957, -10.285322277668032 ], [ -67.19624990899996, -10.285265753668025 ], [ -67.196236096999939, -10.285200128668045 ], [ -67.196228507999933, -10.285142868668039 ], [ -67.196122594999963, -10.284967143668021 ], [ -67.196119496999984, -10.284949139668058 ], [ -67.196025028999941, -10.284549996668032 ], [ -67.195972558999983, -10.284476127668023 ], [ -67.19593548499995, -10.28442393366805 ], [ -67.195861442999956, -10.284165505668062 ], [ -67.195635620999951, -10.28407737666806 ], [ -67.195614894999949, -10.284077661668062 ], [ -67.195492531999946, -10.284010884668035 ], [ -67.195441233999986, -10.283977028668081 ], [ -67.195442050999986, -10.283812660668071 ], [ -67.195453825999948, -10.28377732666805 ], [ -67.195479937999949, -10.283634849668051 ], [ -67.195522359999984, -10.283480219668061 ], [ -67.195518959999958, -10.283454762668081 ], [ -67.195423484999935, -10.283322521668056 ], [ -67.195376600999964, -10.283297276668101 ], [ -67.195349104999934, -10.283287284668098 ], [ -67.19517286599995, -10.283248090668096 ], [ -67.195128993999958, -10.283248737668064 ], [ -67.195114737999972, -10.283243150668095 ], [ -67.19499615899997, -10.283229922668092 ], [ -67.194900915999938, -10.283333364668099 ], [ -67.194769176999955, -10.283430382668051 ], [ -67.194686987999944, -10.283350241668053 ], [ -67.194644678999964, -10.283317721668066 ], [ -67.194555944999934, -10.283209254668103 ], [ -67.19437432899997, -10.283137570668069 ], [ -67.194356963999951, -10.283146835668092 ], [ -67.194226092999941, -10.283141775668112 ], [ -67.194182424999951, -10.283165049668105 ], [ -67.194094783999958, -10.28321132666807 ], [ -67.194099694999977, -10.283237374668063 ], [ -67.194097649999946, -10.283380037668083 ], [ -67.194114192999962, -10.283441796668084 ], [ -67.194115094999972, -10.283497161668066 ], [ -67.194103355999971, -10.283586386668068 ], [ -67.194041393999953, -10.283686956668044 ], [ -67.193943615999956, -10.283750661668044 ], [ -67.193926164999937, -10.283759579668097 ], [ -67.193838805999974, -10.283804217668052 ], [ -67.193716230999939, -10.283866849668092 ], [ -67.193682857999988, -10.283870105668042 ], [ -67.193638945999965, -10.283892537668086 ], [ -67.193471705999968, -10.283977965668059 ], [ -67.193339244999947, -10.284058767668068 ], [ -67.193233348999968, -10.284176628668044 ], [ -67.193221990999973, -10.284210395668032 ], [ -67.19320073199998, -10.284263263668047 ], [ -67.192992939999954, -10.28459586966806 ], [ -67.193030213999975, -10.284643803668017 ], [ -67.193052458999944, -10.284672409668017 ], [ -67.193104017999985, -10.284738714668023 ], [ -67.193140552999978, -10.28478569966801 ], [ -67.193150245999959, -10.284874516668015 ], [ -67.192861691999951, -10.285377918667988 ], [ -67.192824063999979, -10.28539962566802 ], [ -67.192793956999935, -10.285416993668013 ], [ -67.192711148999933, -10.285464761668011 ], [ -67.192434720999984, -10.285567376668009 ], [ -67.192376198999966, -10.285589745668027 ], [ -67.192302630999961, -10.285621046668005 ], [ -67.192194318999952, -10.285557359667985 ], [ -67.192167549999965, -10.285549706668025 ], [ -67.192113817999939, -10.285534344668029 ], [ -67.192073344999983, -10.285522771668035 ], [ -67.191999620999979, -10.285495044668014 ], [ -67.191958711999973, -10.285483335668022 ], [ -67.191846645999988, -10.285357054668021 ], [ -67.191800460999957, -10.285323291667991 ], [ -67.191680873999985, -10.285233863668026 ], [ -67.191610601999969, -10.285213568668016 ], [ -67.191576104999967, -10.285196736668048 ], [ -67.19154148299998, -10.285179842668052 ], [ -67.191498837999973, -10.285167501668052 ], [ -67.191364992999979, -10.285107932668019 ], [ -67.191318744999933, -10.285122333668008 ], [ -67.19127896599997, -10.285145569668003 ], [ -67.191174432999958, -10.285143326668031 ], [ -67.191079987999956, -10.285185786668004 ], [ -67.191034654999953, -10.285186804668033 ], [ -67.190919614999984, -10.285202892668028 ], [ -67.190879542999937, -10.285226299668039 ], [ -67.190665285999955, -10.285325799668017 ], [ -67.190571013999943, -10.285355151668025 ], [ -67.190434428999936, -10.285434929668011 ], [ -67.190313056999969, -10.285518686668038 ], [ -67.190252083999951, -10.285502750668021 ], [ -67.190080940999962, -10.285499134668019 ], [ -67.189927590999957, -10.285230152667992 ], [ -67.190332395999974, -10.280760693668183 ], [ -67.190683233999948, -10.280811957668162 ], [ -67.190698417999954, -10.280816065668146 ], [ -67.191038336999952, -10.280874424668186 ], [ -67.191098803999978, -10.280877509668128 ], [ -67.191151016999981, -10.28088510666816 ], [ -67.191299894999986, -10.280899216668152 ], [ -67.191663821999953, -10.280946673668151 ], [ -67.191704439999967, -10.280971180668127 ], [ -67.191936451999936, -10.281015911668124 ], [ -67.191963961999988, -10.281023566668178 ], [ -67.192142971999942, -10.281060395668126 ], [ -67.192353302999948, -10.281022976668162 ], [ -67.192426612999952, -10.281005460668142 ], [ -67.192455688999985, -10.281001165668146 ], [ -67.192547019999949, -10.280963844668168 ], [ -67.192618061999951, -10.280959349668132 ], [ -67.192649080999956, -10.280942891668126 ], [ -67.192850586999953, -10.280868517668173 ], [ -67.19287660599997, -10.280876483668171 ], [ -67.193123260999982, -10.280764473668167 ], [ -67.193138447999956, -10.280756218668156 ], [ -67.193181262999985, -10.280710956668143 ], [ -67.193176097999981, -10.280702749668139 ], [ -67.193262682999944, -10.28039768266815 ], [ -67.193270183999971, -10.280359631668164 ], [ -67.193303268999955, -10.280296066668162 ], [ -67.193341558999975, -10.280240739668175 ], [ -67.19338709799996, -10.280180047668196 ], [ -67.193491227999971, -10.279885406668168 ], [ -67.193480892999958, -10.27986737866817 ], [ -67.193454949999932, -10.279822114668178 ], [ -67.193444408999937, -10.279767773668166 ], [ -67.193431250999936, -10.279726705668198 ], [ -67.193459144999963, -10.279427468668171 ], [ -67.193495184999961, -10.278932509668204 ], [ -67.193513813999971, -10.27892196166823 ], [ -67.19341269499995, -10.278628773668242 ], [ -67.19336319699994, -10.278567494668216 ], [ -67.193364411999937, -10.27855186666825 ], [ -67.193351446999941, -10.278484208668221 ], [ -67.193182859999979, -10.278274587668211 ], [ -67.193156082999963, -10.27825877666824 ], [ -67.193101236999951, -10.278243175668216 ], [ -67.193037481999966, -10.278216792668239 ], [ -67.192883354999935, -10.27811469866824 ], [ -67.192809368999974, -10.278076743668267 ], [ -67.19274478899996, -10.278032993668234 ], [ -67.192591395999955, -10.277931453668234 ], [ -67.192565051999964, -10.277898757668231 ], [ -67.192494330999978, -10.277810983668216 ], [ -67.192431882999983, -10.277733476668267 ], [ -67.192293753999934, -10.277451475668263 ], [ -67.192294831999959, -10.277434329668258 ], [ -67.192202496999982, -10.276979769668287 ], [ -67.192177553999954, -10.276716788668303 ], [ -67.19216163699997, -10.276637863668284 ], [ -67.19211447899994, -10.276557488668306 ], [ -67.192026183999985, -10.27626488866829 ], [ -67.19190406599995, -10.27596407066833 ], [ -67.191841527999941, -10.275826168668328 ], [ -67.191790826999977, -10.275629712668305 ], [ -67.191792063999969, -10.275618187668313 ], [ -67.191777133999949, -10.275572192668324 ], [ -67.191738724999936, -10.275495096668342 ], [ -67.19172353099998, -10.275448403668351 ], [ -67.19165034599996, -10.275311116668311 ], [ -67.191651521999972, -10.275299180668354 ], [ -67.191572637999968, -10.275152529668336 ], [ -67.191566343999966, -10.275144265668304 ], [ -67.191533834999973, -10.275115155668349 ], [ -67.191364662999945, -10.275030219668347 ], [ -67.191316534999942, -10.275008652668307 ], [ -67.191146837999952, -10.274901280668313 ], [ -67.19106835499997, -10.274785592668323 ], [ -67.191084123999985, -10.27475082766837 ], [ -67.191193631999965, -10.274671965668361 ], [ -67.191221943999949, -10.274667489668349 ], [ -67.191236457999935, -10.274658714668323 ], [ -67.191458096999952, -10.274575157668339 ], [ -67.191493453999954, -10.274566360668326 ], [ -67.191514285999972, -10.274566331668344 ], [ -67.191616164999971, -10.274592290668368 ], [ -67.191662700999984, -10.274613867668359 ], [ -67.191703076999943, -10.274654781668358 ], [ -67.191730655999947, -10.274691910668333 ], [ -67.191829342999938, -10.275004451668339 ], [ -67.191821757999946, -10.275021493668307 ], [ -67.191798776999974, -10.275072208668353 ], [ -67.191792163999935, -10.275132457668349 ], [ -67.191798209999945, -10.27514061766834 ], [ -67.19186480999997, -10.275285164668331 ], [ -67.191900360999966, -10.27533295566831 ], [ -67.191935656999988, -10.275380402668299 ], [ -67.191947366999955, -10.275396144668308 ], [ -67.192090048999944, -10.275494303668317 ], [ -67.192142745999945, -10.275498601668335 ], [ -67.192149864999976, -10.275494836668306 ], [ -67.192377746999966, -10.275447884668317 ], [ -67.192396965999933, -10.275447726668345 ], [ -67.192630393999934, -10.275356486668322 ], [ -67.192642729999989, -10.275360473668339 ], [ -67.192825002999939, -10.275265944668311 ], [ -67.192831802999933, -10.275262008668332 ], [ -67.19289299899998, -10.275226585668348 ], [ -67.193041555999969, -10.275095402668343 ], [ -67.19305129199995, -10.275067079668307 ], [ -67.193178479999972, -10.274869576668335 ], [ -67.193185392999965, -10.274865659668317 ], [ -67.193363183999963, -10.274776195668334 ], [ -67.193529973999944, -10.274914969668325 ], [ -67.193564322999976, -10.274972030668339 ], [ -67.193584051999949, -10.275004807668328 ], [ -67.193598778999956, -10.275029271668313 ], [ -67.19374522399994, -10.275242949668325 ], [ -67.193754220999949, -10.275257927668347 ], [ -67.193789924999976, -10.275317350668333 ], [ -67.193816496999943, -10.275361576668322 ], [ -67.193838510999967, -10.275398215668298 ], [ -67.193921178999972, -10.275650918668283 ], [ -67.193919071999971, -10.275690251668307 ], [ -67.194155639999963, -10.276051702668301 ], [ -67.19418774899998, -10.276104633668325 ], [ -67.194215630999963, -10.276150594668277 ], [ -67.19422751899998, -10.276170193668317 ], [ -67.194313617999967, -10.27631212066828 ], [ -67.194319130999986, -10.27633477666828 ], [ -67.194330051999941, -10.276379796668291 ], [ -67.194402277999984, -10.276498491668308 ], [ -67.194413560999976, -10.276517031668297 ], [ -67.194432290999941, -10.27654781266831 ], [ -67.194565607999948, -10.276634974668307 ], [ -67.194591961999947, -10.27665220366829 ], [ -67.194639518999963, -10.276665063668258 ], [ -67.194649002999938, -10.276667628668308 ], [ -67.194839654999953, -10.276629094668305 ], [ -67.194857270999933, -10.276618844668304 ], [ -67.195025725999983, -10.276488747668296 ], [ -67.195033207999984, -10.276460250668283 ], [ -67.195043216999977, -10.276422129668292 ], [ -67.195056657999942, -10.276390007668306 ], [ -67.195096348999982, -10.27627713366828 ], [ -67.195118475999948, -10.276231465668307 ], [ -67.195478510999976, -10.275672754668324 ], [ -67.195513074999951, -10.275474813668314 ], [ -67.195522850999964, -10.275437910668295 ], [ -67.195529162999946, -10.275269864668303 ], [ -67.195518964999962, -10.275244178668343 ], [ -67.195514898999988, -10.275214081668308 ], [ -67.195565844999976, -10.274987708668345 ], [ -67.195548976999987, -10.274953049668344 ], [ -67.195518266999954, -10.274610503668349 ], [ -67.195370737999951, -10.274359210668335 ], [ -67.195352060999937, -10.274334284668358 ], [ -67.195308215999944, -10.274275763668383 ], [ -67.195270333999986, -10.274225200668381 ], [ -67.195103104999987, -10.27408640266837 ], [ -67.195012395999981, -10.273907557668378 ], [ -67.195023340999967, -10.273865132668377 ], [ -67.195008925999957, -10.273539970668358 ], [ -67.195037128999957, -10.273475313668367 ], [ -67.195165411999938, -10.273268511668398 ], [ -67.195173997999973, -10.273250512668374 ], [ -67.195191198999964, -10.273214456668379 ], [ -67.195290915999976, -10.273052006668371 ], [ -67.195336676999943, -10.273025952668387 ], [ -67.195359553999936, -10.273012926668411 ], [ -67.195410613999968, -10.27301035666842 ], [ -67.195554180999977, -10.273020830668385 ], [ -67.195595865999962, -10.273036368668397 ], [ -67.195636115999946, -10.273065592668395 ], [ -67.195870233999983, -10.273201797668385 ], [ -67.195909191999988, -10.273230165668398 ], [ -67.195982062999974, -10.273264018668394 ], [ -67.195987997999964, -10.273273151668382 ], [ -67.196099877999984, -10.273321285668372 ], [ -67.196126202999949, -10.273330979668401 ], [ -67.196203225999966, -10.273373065668407 ], [ -67.196513120999953, -10.273410356668361 ], [ -67.196559332999982, -10.273406124668378 ], [ -67.196578880999937, -10.273406197668411 ], [ -67.196778901999949, -10.273416235668375 ], [ -67.196805281999957, -10.273412032668373 ], [ -67.196877252999968, -10.273403768668398 ], [ -67.197451113999932, -10.273305543668416 ], [ -67.197754765999946, -10.273244058668412 ], [ -67.197874955999964, -10.273259636668406 ], [ -67.19827440499995, -10.273191109668403 ], [ -67.19830739799994, -10.273199573668371 ], [ -67.198672040999952, -10.273262267668381 ], [ -67.198722840999949, -10.2732598846684 ], [ -67.19896874899996, -10.273307737668402 ], [ -67.199080237999965, -10.273351810668377 ], [ -67.199126815999932, -10.273379147668388 ], [ -67.199548378999964, -10.27345699966838 ], [ -67.199943676999965, -10.273574010668357 ], [ -67.200093004999985, -10.273673016668383 ], [ -67.200378825999962, -10.273610401668396 ] ] ] } },
{ "type": "Feature", "properties": { "num_setor": "AC_PORTOAC_SR_1_CPRM", "munic": "PORTO ACRE", "grau_risco": "Alto", "distancia_km": 1.45, "chuva_24h": 0.3, "chuva_72h": 0.4, "fonte_estacao": "openmeteo", "codigo_estacao": "openmeteo", "nome_estacao": "Open-Meteo (célula de grade)" }, "geometry": { "type": "Polygon", "coordinates": [ [ [ -67.528020918999971, -9.586645877689685 ], [ -67.527645121999967, -9.586096812689672 ], [ -67.527630629999976, -9.586065131689677 ], [ -67.527623611999957, -9.586033373689702 ], [ -67.527552611999965, -9.585781561689716 ], [ -67.527527934999966, -9.585739846689707 ], [ -67.527518599999951, -9.585698051689699 ], [ -67.527489855999988, -9.585638888689695 ], [ -67.527412679999941, -9.58539152768971 ], [ -67.527403352999954, -9.585348186689734 ], [ -67.527389832999972, -9.585322024689692 ], [ -67.527380388999973, -9.585278251689729 ], [ -67.527386777999936, -9.585234264689712 ], [ -67.527352809999968, -9.585000800689757 ], [ -67.527344992999986, -9.584964190689711 ], [ -67.527335165999943, -9.584918166689734 ], [ -67.52735781399997, -9.584533125689731 ], [ -67.527361913999982, -9.584513339689732 ], [ -67.527365860999964, -9.584453578689752 ], [ -67.527369993999969, -9.584433571689763 ], [ -67.527369839999949, -9.584393316689773 ], [ -67.527445794999949, -9.584055548689779 ], [ -67.527444319999972, -9.584046003689767 ], [ -67.527456023999946, -9.583972875689769 ], [ -67.527460615999985, -9.583951839689757 ], [ -67.527573424999957, -9.583411733689811 ], [ -67.527564928999936, -9.583365750689802 ], [ -67.527558523999971, -9.583331084689773 ], [ -67.527579788999958, -9.583297503689801 ], [ -67.527589766999938, -9.583251682689788 ], [ -67.527772219999974, -9.582745683689827 ], [ -67.527811759999963, -9.58269811768978 ], [ -67.527834377999966, -9.582661913689819 ], [ -67.528047182999956, -9.582300635689823 ], [ -67.528381255999989, -9.582716318689778 ], [ -67.528229435999947, -9.582988547689784 ], [ -67.528157699999952, -9.583209463689771 ], [ -67.528131825999935, -9.583386772689799 ], [ -67.528123732999973, -9.583399918689759 ], [ -67.528128033999963, -9.583575048689756 ], [ -67.528160736999951, -9.583813122689788 ], [ -67.52816431399998, -9.583839158689791 ], [ -67.528179275999946, -9.583878427689742 ], [ -67.528251158999979, -9.584132255689775 ], [ -67.528267171999971, -9.584182195689772 ], [ -67.528291170999978, -9.584220667689753 ], [ -67.528437983999936, -9.584485780689747 ], [ -67.528470381999966, -9.584523289689727 ], [ -67.528502614999979, -9.584560608689726 ], [ -67.528632242999947, -9.584649664689758 ], [ -67.528682067999966, -9.584687228689726 ], [ -67.528813053999954, -9.58480940668975 ], [ -67.528833560999942, -9.584833332689731 ], [ -67.528872035999939, -9.584858036689731 ], [ -67.529019365999943, -9.585104819689739 ], [ -67.529050543999972, -9.58515956068972 ], [ -67.529080603999944, -9.585203301689742 ], [ -67.52911925899997, -9.585247165689704 ], [ -67.529219555999987, -9.585529671689713 ], [ -67.529240607999952, -9.585581049689733 ], [ -67.52926096799996, -9.58562282568972 ], [ -67.529353345999937, -9.58583778168969 ], [ -67.529372311999964, -9.585868185689719 ], [ -67.529393662999951, -9.585936483689693 ], [ -67.529536040999972, -9.586100270689704 ], [ -67.529561190999971, -9.586109933689723 ], [ -67.529638429999977, -9.58617640668967 ], [ -67.529664341999933, -9.586204653689718 ], [ -67.529705945999979, -9.586223622689703 ], [ -67.529873345999988, -9.586354051689664 ], [ -67.530224831999988, -9.586524791689703 ], [ -67.530255932999978, -9.586537860689683 ], [ -67.530298684999934, -9.586563940689679 ], [ -67.530527559999939, -9.586744371689667 ], [ -67.530558056999951, -9.586757119689684 ], [ -67.530630220999967, -9.586795252689653 ], [ -67.530909534999978, -9.586971374689671 ], [ -67.530928403999951, -9.586971375689672 ], [ -67.530978674999972, -9.586996515689661 ], [ -67.531019391999962, -9.587021581689692 ], [ -67.531246511999939, -9.587121104689654 ], [ -67.531295871999987, -9.587145801689664 ], [ -67.531335763999948, -9.587170426689644 ], [ -67.531556842999976, -9.587243871689637 ], [ -67.531595046999939, -9.587256050689644 ], [ -67.531633194999984, -9.587268210689688 ], [ -67.531845122999982, -9.587376853689657 ], [ -67.53187361199997, -9.587388838689673 ], [ -67.531893712999988, -9.587412753689659 ], [ -67.531941280999945, -9.587436600689676 ], [ -67.532095785999957, -9.587566531689626 ], [ -67.532114671999977, -9.587578242689631 ], [ -67.532152363999955, -9.587601613689635 ], [ -67.532199636999962, -9.587636543689664 ], [ -67.532237662999933, -9.587671323689628 ], [ -67.532389111999976, -9.587831685689645 ], [ -67.532399474999977, -9.587865637689619 ], [ -67.532427628999983, -9.587899446689617 ], [ -67.532514077999963, -9.588077404689658 ], [ -67.532523720999961, -9.588100048689608 ], [ -67.532560136999962, -9.588134356689627 ], [ -67.532625960999951, -9.588279292689645 ], [ -67.532635303999939, -9.588301325689638 ], [ -67.532700961999979, -9.588503282689633 ], [ -67.532727850999947, -9.588555654689607 ], [ -67.532763073999945, -9.588607826689644 ], [ -67.532841990999941, -9.588761703689638 ], [ -67.532867673999988, -9.588792283689626 ], [ -67.532977559999949, -9.588893579689591 ], [ -67.532986011999981, -9.588913389689614 ], [ -67.533044496999935, -9.589011792689595 ], [ -67.533069323999939, -9.589050802689622 ], [ -67.533085797999945, -9.589079906689577 ], [ -67.533110138999973, -9.589204312689571 ], [ -67.533110051999984, -9.589232677689624 ], [ -67.533117731999937, -9.589363674689601 ], [ -67.533117564999941, -9.589409869689584 ], [ -67.533156996999935, -9.58953901268961 ], [ -67.533231434999948, -9.589830468689568 ], [ -67.533260229999939, -9.589903239689576 ], [ -67.53335203599994, -9.590078616689585 ], [ -67.533361198999955, -9.590098876689568 ], [ -67.53337978199994, -9.59014900568955 ], [ -67.53338886399996, -9.590169072689593 ], [ -67.533434785999987, -9.590297386689572 ], [ -67.533435372999975, -9.590316526689586 ], [ -67.533482798999955, -9.590526456689558 ], [ -67.533500955999955, -9.590592224689573 ], [ -67.533501697999952, -9.590619821689549 ], [ -67.533562932999985, -9.590804430689579 ], [ -67.533587633999957, -9.590832584689531 ], [ -67.533596590999935, -9.59087748768953 ], [ -67.533638812999982, -9.591002680689556 ], [ -67.533671191999986, -9.591047773689541 ], [ -67.533750606999945, -9.59111080768953 ], [ -67.533852629999956, -9.591174027689538 ], [ -67.533945933999973, -9.591211507689541 ], [ -67.533969161999948, -9.59122083768955 ], [ -67.534007819999943, -9.591230864689525 ], [ -67.534138576999965, -9.59126970868954 ], [ -67.534146143999976, -9.591278237689554 ], [ -67.534184258999971, -9.591296303689552 ], [ -67.534304494999958, -9.591390823689551 ], [ -67.53431926899998, -9.591407557689536 ], [ -67.534348679999937, -9.591441103689531 ], [ -67.53440625099995, -9.591531691689505 ], [ -67.534435411999937, -9.591556917689552 ], [ -67.534483918999967, -9.591661077689537 ], [ -67.534491038999988, -9.591669202689552 ], [ -67.534496974999968, -9.5917081656895 ], [ -67.534510542999953, -9.591739634689525 ], [ -67.534586415999968, -9.591857618689504 ], [ -67.534606905999965, -9.591888748689525 ], [ -67.534659975999944, -9.592001475689514 ], [ -67.534748511999965, -9.592106277689517 ], [ -67.534776006999948, -9.592128777689512 ], [ -67.534796257999972, -9.592150994689492 ], [ -67.534940199999937, -9.592253454689491 ], [ -67.534974828999964, -9.592268147689506 ], [ -67.534995203999983, -9.592282524689528 ], [ -67.535029225999949, -9.592304103689495 ], [ -67.535123111999951, -9.592375187689495 ], [ -67.535170223999955, -9.592403606689485 ], [ -67.535224679999942, -9.592425202689498 ], [ -67.535277503999964, -9.592460810689513 ], [ -67.535318657999937, -9.592468533689523 ], [ -67.535350704999985, -9.592496858689486 ], [ -67.535377786999959, -9.592504270689476 ], [ -67.535517961999972, -9.592616400689476 ], [ -67.535550742999988, -9.592630542689465 ], [ -67.535375863999946, -9.59303743268948 ], [ -67.535357234999935, -9.593001979689472 ], [ -67.535351105999951, -9.592994894689474 ], [ -67.535191539999971, -9.592915636689504 ], [ -67.535178990999952, -9.592901252689511 ], [ -67.535041140999965, -9.592791907689513 ], [ -67.535028790999945, -9.592770289689517 ], [ -67.535018826999988, -9.592719967689458 ], [ -67.534954442999947, -9.592631867689491 ], [ -67.534934049999947, -9.592616867689477 ], [ -67.534906411999941, -9.592601677689478 ], [ -67.53465061299994, -9.592529971689508 ], [ -67.534522206999952, -9.592530761689508 ], [ -67.534389936999958, -9.592487613689476 ], [ -67.534336309999958, -9.59246083968949 ], [ -67.53428990499998, -9.592430594689482 ], [ -67.534201623999934, -9.592395722689531 ], [ -67.534128691999967, -9.592344457689503 ], [ -67.534071606999987, -9.59230383568948 ], [ -67.533992884999975, -9.592273223689492 ], [ -67.533914343999982, -9.592247706689507 ], [ -67.533858320999968, -9.5920888366895 ], [ -67.533794952999983, -9.591974200689529 ], [ -67.533787336999978, -9.591949602689493 ], [ -67.533772022999983, -9.591891869689487 ], [ -67.533756615999948, -9.591858708689511 ], [ -67.533595747999982, -9.591751547689501 ], [ -67.533548229999951, -9.591662406689514 ], [ -67.533505574999936, -9.59162032268954 ], [ -67.533457398999985, -9.591588703689522 ], [ -67.533285497999941, -9.591482954689525 ], [ -67.533057653999947, -9.591260239689529 ], [ -67.533000529999981, -9.591242136689523 ], [ -67.53295835299997, -9.591205822689526 ], [ -67.532493539999962, -9.59094725768956 ], [ -67.532485367999982, -9.590947325689527 ], [ -67.532459052999968, -9.590928190689533 ], [ -67.53181197899994, -9.590457619689548 ], [ -67.531797797999957, -9.590450264689562 ], [ -67.531762936999939, -9.590405712689547 ], [ -67.531755897999972, -9.590398261689558 ], [ -67.531511258999956, -9.59019479768958 ], [ -67.531504020999932, -9.590171673689593 ], [ -67.531049504999942, -9.589729836689569 ], [ -67.53102585399995, -9.589704689689585 ], [ -67.530810729999985, -9.589510024689615 ], [ -67.530785838999975, -9.589475697689585 ], [ -67.530501354999956, -9.589162202689593 ], [ -67.530492229999936, -9.589144364689627 ], [ -67.530474554999955, -9.589117642689597 ], [ -67.530439007999973, -9.589063902689608 ], [ -67.530119325999976, -9.588875397689632 ], [ -67.530110312999966, -9.588865903689586 ], [ -67.530080472999941, -9.588809060689606 ], [ -67.529672313999981, -9.588474240689639 ], [ -67.529633792999959, -9.588433817689612 ], [ -67.529595048999965, -9.588393160689616 ], [ -67.529224571999976, -9.588028573689645 ], [ -67.529194421999932, -9.587997604689624 ], [ -67.529162524999947, -9.587955868689612 ], [ -67.528955661999987, -9.587734164689664 ], [ -67.52890717799994, -9.587702566689643 ], [ -67.528858510999953, -9.587670847689649 ], [ -67.528299225999945, -9.587124169689689 ], [ -67.528261971999939, -9.587075836689635 ], [ -67.528020918999971, -9.586645877689685 ] ], [ [ -67.532695426999965, -9.590907198689553 ], [ -67.533343922999961, -9.591287804689566 ], [ -67.533453957999939, -9.591198774689538 ], [ -67.529010536999976, -9.587187307689662 ], [ -67.528484073999948, -9.586648396689702 ], [ -67.52831290599994, -9.586718836689698 ], [ -67.529194133999965, -9.587747004689623 ], [ -67.530724225999961, -9.589283359689613 ], [ -67.531145237999965, -9.58941557968962 ], [ -67.532695426999965, -9.590907198689553 ] ] ] } },
{ "type": "Feature", "properties": { "num_setor": "AC_PLACIDO_SR_1_CPRM", "munic": "PLÁCIDO DE CASTRO", "grau_risco": "Alto", "distancia_km": 1.0, "chuva_24h": 0.2, "chuva_72h": 1.1, "fonte_estacao": "openmeteo", "codigo_estacao": "openmeteo", "nome_estacao": "Open-Meteo (célula de grade)" }, "geometry": { "type": "Polygon", "coordinates": [ [ [ -67.18772327299996, -10.335761228666462 ], [ -67.187861790999932, -10.335716883666475 ], [ -67.187877553999954, -10.335705613666455 ], [ -67.187948579999954, -10.335618506666444 ], [ -67.187951135999981, -10.335604502666468 ], [ -67.187967010999955, -10.335424321666455 ], [ -67.187969645999942, -10.335409756666495 ], [ -67.187973132999957, -10.335398335666488 ], [ -67.18799983699995, -10.335071046666457 ], [ -67.188039765999974, -10.334783836666514 ], [ -67.189173970999946, -10.335019358666473 ], [ -67.189191238999967, -10.335149168666506 ], [ -67.189192055999968, -10.335269977666453 ], [ -67.189184659999967, -10.335304524666491 ], [ -67.189181937999933, -10.335337776666472 ], [ -67.189185222999981, -10.335353189666492 ], [ -67.18912464999994, -10.335390007666447 ], [ -67.189030444999958, -10.335430252666489 ], [ -67.188947791999965, -10.335523591666472 ], [ -67.188908391999973, -10.335545218666436 ], [ -67.188889845999938, -10.335550253666449 ], [ -67.18881463799994, -10.335587040666454 ], [ -67.188797321999971, -10.335597192666468 ], [ -67.188774158999934, -10.335603482666457 ], [ -67.188760258999935, -10.335607257666494 ], [ -67.188665896999964, -10.335665251666462 ], [ -67.188647389999971, -10.335670232666482 ], [ -67.188614994999966, -10.335678951666475 ], [ -67.188593143999981, -10.335690237666437 ], [ -67.188430160999985, -10.335804068666457 ], [ -67.18831146399998, -10.336236769666469 ], [ -67.188293693999981, -10.33659100866644 ], [ -67.188295146999963, -10.336596508666419 ], [ -67.188293752999982, -10.337011270666405 ], [ -67.188294730999985, -10.337033386666434 ], [ -67.188301373999934, -10.337076222666401 ], [ -67.188307023999982, -10.337096945666442 ], [ -67.18831686599998, -10.337133048666399 ], [ -67.188321066999947, -10.337148456666421 ], [ -67.188326910999933, -10.337421055666381 ], [ -67.188329645999943, -10.337430882666419 ], [ -67.188328700999932, -10.337462609666389 ], [ -67.188329591999945, -10.337483289666423 ], [ -67.188337737999973, -10.337512437666431 ], [ -67.188344386999972, -10.337588193666432 ], [ -67.188351092999937, -10.337612085666425 ], [ -67.188345615999935, -10.337644118666397 ], [ -67.188336147999962, -10.337661826666427 ], [ -67.188323553999965, -10.337685376666409 ], [ -67.18831726999997, -10.337697129666427 ], [ -67.188235747999954, -10.337748557666375 ], [ -67.188178889999961, -10.337687213666422 ], [ -67.18817155399995, -10.337678897666423 ], [ -67.188149473999943, -10.337653862666405 ], [ -67.188134690999959, -10.337637101666422 ], [ -67.188033019999978, -10.337496207666398 ], [ -67.188026915999956, -10.337492480666423 ], [ -67.18800405099995, -10.337466496666435 ], [ -67.187898484999948, -10.337318536666391 ], [ -67.187896968999951, -10.337313605666406 ], [ -67.187878496999986, -10.337302742666409 ], [ -67.18774973799998, -10.337231085666435 ], [ -67.187738818999946, -10.337228736666434 ], [ -67.187664754999957, -10.33731491066642 ], [ -67.187633912999956, -10.337573225666414 ], [ -67.187653395999973, -10.337736966666402 ], [ -67.187656051999966, -10.337745065666411 ], [ -67.187712614999953, -10.337967453666405 ], [ -67.18771806999996, -10.337983674666415 ], [ -67.187734387999967, -10.3380321916664 ], [ -67.187788075999947, -10.338192100666381 ], [ -67.187790722999978, -10.33820001366637 ], [ -67.187811838999949, -10.338263111666365 ], [ -67.187822348999987, -10.338294524666409 ], [ -67.18789252199997, -10.338504222666398 ], [ -67.187905368999964, -10.338542614666361 ], [ -67.187915613999962, -10.338573229666375 ], [ -67.188139268999976, -10.338753077666384 ], [ -67.188174150999942, -10.338760160666396 ], [ -67.188193995999939, -10.338771173666339 ], [ -67.188246126999957, -10.338781747666381 ], [ -67.188455071999954, -10.338855286666361 ], [ -67.188474510999981, -10.338866123666346 ], [ -67.188619633999963, -10.339025361666383 ], [ -67.188611075999972, -10.339074613666373 ], [ -67.188605388999974, -10.339107345666344 ], [ -67.188531358999967, -10.33927438766638 ], [ -67.188511810999955, -10.339287339666338 ], [ -67.188340099999948, -10.339463781666334 ], [ -67.188298939999981, -10.33948250066635 ], [ -67.187986428999977, -10.339629414666321 ], [ -67.187972033999984, -10.339633381666321 ], [ -67.18768423299997, -10.339864075666346 ], [ -67.18753966099996, -10.339836250666334 ], [ -67.187524037999935, -10.33979500666635 ], [ -67.187506462999977, -10.339769426666352 ], [ -67.187488840999947, -10.33974377566636 ], [ -67.186681397999962, -10.338862058666358 ], [ -67.186677520999979, -10.33885120066636 ], [ -67.186577342999954, -10.338624373666372 ], [ -67.186567403999959, -10.338614538666356 ], [ -67.186561388999962, -10.338606732666367 ], [ -67.186551406999968, -10.338596852666374 ], [ -67.186337354999978, -10.338344997666397 ], [ -67.186333877999971, -10.338335774666389 ], [ -67.186320186999978, -10.338326013666387 ], [ -67.186142403999952, -10.338188532666372 ], [ -67.186134317999972, -10.338176620666381 ], [ -67.185996814999953, -10.338044115666367 ], [ -67.18598990199996, -10.338035246666372 ], [ -67.185975424999981, -10.338024859666396 ], [ -67.185788529999968, -10.337871664666409 ], [ -67.185603173999937, -10.337672523666416 ], [ -67.185645128999965, -10.337640389666385 ], [ -67.185673107999946, -10.337615506666403 ], [ -67.185683105999942, -10.337605873666412 ], [ -67.185719462999941, -10.337585431666422 ], [ -67.185732554999959, -10.337574912666421 ], [ -67.185740632999966, -10.337569220666422 ], [ -67.185752677999972, -10.337555540666417 ], [ -67.185788011999932, -10.337521527666423 ], [ -67.185795072999952, -10.33751264066639 ], [ -67.18580013899998, -10.337507763666405 ], [ -67.185814295999933, -10.337489943666423 ], [ -67.185869347999983, -10.337443234666422 ], [ -67.185873414999946, -10.337435115666393 ], [ -67.18594528999995, -10.337376455666412 ], [ -67.185991625999975, -10.33736348966643 ], [ -67.186003982999978, -10.337360031666393 ], [ -67.186019428999941, -10.337355709666397 ], [ -67.186037964999969, -10.337350522666402 ], [ -67.186132413999985, -10.337341648666394 ], [ -67.186142634999953, -10.337342294666394 ], [ -67.186159976999988, -10.337344445666428 ], [ -67.186218031999942, -10.337349164666433 ], [ -67.186224188999972, -10.33734744166641 ], [ -67.186264840999968, -10.337384690666411 ], [ -67.186277705999942, -10.337394907666427 ], [ -67.186313755999947, -10.33740548866639 ], [ -67.186324725999953, -10.337409292666409 ], [ -67.186382765999952, -10.337393059666413 ], [ -67.186391051999976, -10.337387308666413 ], [ -67.186401943999954, -10.337367054666419 ], [ -67.186429094999937, -10.337321420666411 ], [ -67.186434820999978, -10.337305923666419 ], [ -67.186441431999981, -10.337293631666414 ], [ -67.186471207999944, -10.337218777666424 ], [ -67.186912177999943, -10.33725426766644 ], [ -67.186997600999973, -10.337240858666426 ], [ -67.187081370999977, -10.337164851666408 ], [ -67.187097062999953, -10.337154184666439 ], [ -67.187117671999943, -10.337129195666442 ], [ -67.187125596999977, -10.337114130666434 ], [ -67.187158821999958, -10.337027099666409 ], [ -67.187271100999965, -10.336161672666426 ], [ -67.187271945999953, -10.336155359666456 ], [ -67.187350270999957, -10.335771650666471 ], [ -67.187524493999945, -10.335755517666444 ], [ -67.187711607999972, -10.335764481666457 ], [ -67.18772327299996, -10.335761228666462 ] ] ] } },
{ "type": "Feature", "properties": { "num_setor": "AC_PLACIDO_SR_2_CPRM", "munic": "PLÁCIDO DE CASTRO", "grau_risco": "Alto", "distancia_km": 1.8, "chuva_24h": 0.2, "chuva_72h": 1.1, "fonte_estacao": "openmeteo", "codigo_estacao": "openmeteo", "nome_estacao": "Open-Meteo (célula de grade)" }, "geometry": { "type": "Polygon", "coordinates": [ [ [ -67.177764299999978, -10.315507223667062 ], [ -67.177888673999973, -10.315466246667087 ], [ -67.177893035999944, -10.315464616667098 ], [ -67.177954076999981, -10.315441809667114 ], [ -67.177993294999965, -10.315427155667077 ], [ -67.178073701999949, -10.315402593667113 ], [ -67.178176100999963, -10.315358848667088 ], [ -67.178185643999939, -10.315333309667109 ], [ -67.178275614999961, -10.315194910667078 ], [ -67.178284963999943, -10.315180354667085 ], [ -67.178262088999986, -10.315019296667078 ], [ -67.178259227999945, -10.314985881667123 ], [ -67.178262815999972, -10.314955706667117 ], [ -67.178290359999949, -10.314840644667106 ], [ -67.178341168999964, -10.314715379667092 ], [ -67.178362009999944, -10.31470182966709 ], [ -67.178374394999935, -10.314679346667143 ], [ -67.178502685999945, -10.314517796667113 ], [ -67.17868122699997, -10.31431072766712 ], [ -67.178924154999947, -10.314078253667164 ], [ -67.179019206999953, -10.313894838667125 ], [ -67.179135493999979, -10.313714392667125 ], [ -67.17925592499995, -10.313512181667148 ], [ -67.179342808999934, -10.313457329667145 ], [ -67.179423654999937, -10.313771456667157 ], [ -67.179447368999945, -10.314102780667143 ], [ -67.179451038999957, -10.314145987667127 ], [ -67.179449910999949, -10.314234718667127 ], [ -67.179452926999943, -10.314244414667131 ], [ -67.179523606999965, -10.314591423667114 ], [ -67.179527556999972, -10.314664436667135 ], [ -67.179530478999936, -10.314673927667096 ], [ -67.179504179999981, -10.314914658667105 ], [ -67.179499459999988, -10.314957882667125 ], [ -67.179416334999985, -10.31529308866711 ], [ -67.179384003999985, -10.315414306667101 ], [ -67.179184847999977, -10.315520042667066 ], [ -67.17915385799995, -10.315561332667077 ], [ -67.179120215999944, -10.315826016667069 ], [ -67.179121233999979, -10.315854315667075 ], [ -67.179109471999936, -10.31589695266706 ], [ -67.179091197999981, -10.31604624166709 ], [ -67.17909710899994, -10.316062783667055 ], [ -67.179161443999988, -10.316242849667093 ], [ -67.179167230999951, -10.316259047667057 ], [ -67.179243059999976, -10.316349194667032 ], [ -67.179274607999957, -10.316364478667062 ], [ -67.179472455999985, -10.316333897667031 ], [ -67.179505795999944, -10.316330154667053 ], [ -67.179513448999955, -10.316327208667055 ], [ -67.179628229999935, -10.316283050667083 ], [ -67.17963322199995, -10.316272047667079 ], [ -67.179773340999986, -10.316172607667042 ], [ -67.179773189999935, -10.316145366667049 ], [ -67.179780273999938, -10.316033060667042 ], [ -67.179792962999954, -10.31599143166709 ], [ -67.179818673999932, -10.315963173667049 ], [ -67.179883120999932, -10.315864496667066 ], [ -67.17990642999996, -10.31582768966706 ], [ -67.179909032999944, -10.315808050667101 ], [ -67.179991949999987, -10.315795046667059 ], [ -67.179986260999954, -10.315917623667074 ], [ -67.179968159999987, -10.315942939667073 ], [ -67.179921683999964, -10.316070459667051 ], [ -67.179924065999955, -10.316187378667037 ], [ -67.17999270699994, -10.316188168667036 ], [ -67.179993571999944, -10.316438779667047 ], [ -67.17989795799997, -10.316563587667051 ], [ -67.179877927999939, -10.31660628866703 ], [ -67.179872930999977, -10.316616939667055 ], [ -67.179818082999986, -10.316655454667023 ], [ -67.179775746999951, -10.316680431667038 ], [ -67.179758401999948, -10.316704489667041 ], [ -67.179741086999968, -10.316728502667074 ], [ -67.179676757999971, -10.316787849667055 ], [ -67.179598151999983, -10.316878351667032 ], [ -67.17957200099994, -10.317019091667037 ], [ -67.179556205999972, -10.317158723667054 ], [ -67.179567887999951, -10.317185627667028 ], [ -67.179591075999951, -10.317239027667037 ], [ -67.179597986999966, -10.317254943667031 ], [ -67.179602570999975, -10.317338968667007 ], [ -67.179611611999974, -10.317359682667027 ], [ -67.179622861999974, -10.317385461667017 ], [ -67.179705994999949, -10.317443354667043 ], [ -67.179732935999937, -10.317445007667009 ], [ -67.179744127999982, -10.317446681667038 ], [ -67.17980528399994, -10.317405823667006 ], [ -67.179825644999937, -10.317392059667055 ], [ -67.179830581999965, -10.317366297667043 ], [ -67.179840058999957, -10.317338698667022 ], [ -67.179861272999972, -10.317288396667047 ], [ -67.179879687999971, -10.317269231667023 ], [ -67.179931877999934, -10.317163829667047 ], [ -67.179990559999965, -10.317165836667028 ], [ -67.180166593999957, -10.317203278667028 ], [ -67.180225819999976, -10.317264851667012 ], [ -67.180258644999981, -10.317311619667016 ], [ -67.180268873999978, -10.317325391667008 ], [ -67.180364313999974, -10.317405714667025 ], [ -67.180387516999986, -10.317414250667017 ], [ -67.180486517999952, -10.317411578667025 ], [ -67.180608872999983, -10.317348965667021 ], [ -67.180613273999938, -10.317347328667045 ], [ -67.180685075999975, -10.317280636667029 ], [ -67.180693262999966, -10.317260380667008 ], [ -67.180752334999966, -10.317198070667029 ], [ -67.180765623999946, -10.317193131667018 ], [ -67.180824650999966, -10.317113104667051 ], [ -67.180918049999946, -10.316996175667059 ], [ -67.181024599999944, -10.316867315667047 ], [ -67.181083185999967, -10.316863574667044 ], [ -67.181092170999932, -10.316860245667071 ], [ -67.181126609999978, -10.316859425667039 ], [ -67.18113109799998, -10.316857763667054 ], [ -67.181204198999978, -10.316854474667052 ], [ -67.181228006999959, -10.316851583667043 ], [ -67.181254086999957, -10.31691268966707 ], [ -67.181046304999938, -10.317248878667053 ], [ -67.180967859999953, -10.317400765667008 ], [ -67.180855472999951, -10.317775648667004 ], [ -67.180767175999961, -10.317947639667004 ], [ -67.18065932199994, -10.318125323666987 ], [ -67.180527224999935, -10.318254848667015 ], [ -67.180511458999945, -10.318285578667011 ], [ -67.180502082999965, -10.318305534667033 ], [ -67.180368871999974, -10.318467351667016 ], [ -67.18021153899997, -10.318625881666966 ], [ -67.180136234999964, -10.318710641666961 ], [ -67.180097196999952, -10.318762614667005 ], [ -67.180045438999969, -10.318855828667001 ], [ -67.180047297999977, -10.318858807666988 ], [ -67.179980038999986, -10.318971440666996 ], [ -67.179974557999969, -10.31898072466698 ], [ -67.179935670999953, -10.319020703666993 ], [ -67.179928399999937, -10.319027063666974 ], [ -67.179864418999955, -10.319080047666954 ], [ -67.179852295999979, -10.319084720666991 ], [ -67.179799983999942, -10.319097827666953 ], [ -67.17978704099994, -10.319095742666958 ], [ -67.179739156999972, -10.319082202666964 ], [ -67.179727174999982, -10.319076094666981 ], [ -67.179604908999977, -10.31891133566695 ], [ -67.179625582999961, -10.318655455666969 ], [ -67.17963395299995, -10.31863337066701 ], [ -67.179635631999986, -10.318603872667007 ], [ -67.179689301999986, -10.318295258667019 ], [ -67.179682093999986, -10.318163650667016 ], [ -67.179576643999951, -10.317940091667019 ], [ -67.179560256999935, -10.317927976667008 ], [ -67.179548647999979, -10.317926234667013 ], [ -67.179405528999951, -10.317887698666983 ], [ -67.179393370999946, -10.317873642666989 ], [ -67.179299727999933, -10.317827474667004 ], [ -67.179276030999972, -10.317824066667008 ], [ -67.179224645999966, -10.317786684666995 ], [ -67.179176131999952, -10.317721650667005 ], [ -67.17917009699994, -10.317697916667036 ], [ -67.179154073999939, -10.317604862666991 ], [ -67.17916237999998, -10.317580719667037 ], [ -67.179176182999981, -10.317453281667046 ], [ -67.179175979999968, -10.317431844667004 ], [ -67.179164889999981, -10.317409035667024 ], [ -67.17916043799994, -10.317399881667036 ], [ -67.179144794999957, -10.31736771266703 ], [ -67.179126791999977, -10.317330689667019 ], [ -67.179117742999949, -10.317312074667047 ], [ -67.179086791999964, -10.317172887667038 ], [ -67.179072890999976, -10.317144085667003 ], [ -67.179056572999968, -10.317110276667007 ], [ -67.178930226999967, -10.316959699667013 ], [ -67.178908843999977, -10.316937996667058 ], [ -67.178906366999968, -10.31693294766702 ], [ -67.178733209999962, -10.316791940667061 ], [ -67.178709159999983, -10.316776651667025 ], [ -67.178291062999961, -10.316714278667028 ], [ -67.178082510999957, -10.316682377667032 ], [ -67.178066074999947, -10.316688770667072 ], [ -67.178047616999947, -10.316690987667043 ], [ -67.177799679999964, -10.316697357667039 ], [ -67.177778600999943, -10.316685327667045 ], [ -67.177649971999983, -10.316668924667024 ], [ -67.177525578999962, -10.316634598667038 ], [ -67.177493356999946, -10.316631465667031 ], [ -67.177478378999979, -10.316632046667026 ], [ -67.177383702999975, -10.316673768667075 ], [ -67.177306027999975, -10.316672481667034 ], [ -67.17727343599995, -10.316669412667041 ], [ -67.177177338999968, -10.316671180667045 ], [ -67.177152311999976, -10.316681218667068 ], [ -67.177139802999989, -10.31668623466706 ], [ -67.177125585999988, -10.316697198667073 ], [ -67.177083692999986, -10.316766332667068 ], [ -67.177085250999937, -10.31678650766704 ], [ -67.177088482999977, -10.31680076566707 ], [ -67.177107686999932, -10.316885527667035 ], [ -67.177111603999947, -10.31690937866707 ], [ -67.177116436999938, -10.31691758466703 ], [ -67.177133055999946, -10.316971393667041 ], [ -67.177135215999954, -10.317000514667045 ], [ -67.17713331799996, -10.317031091667063 ], [ -67.177131655999972, -10.317036708667059 ], [ -67.177113645999952, -10.317073510667019 ], [ -67.177095879999968, -10.317085500667039 ], [ -67.177071713999965, -10.317095113667008 ], [ -67.176996846999941, -10.31711997366706 ], [ -67.176986367999973, -10.31711922066701 ], [ -67.176956463999943, -10.317111389667064 ], [ -67.176838034999946, -10.317058932667027 ], [ -67.17680865899996, -10.31702019866704 ], [ -67.176793363999934, -10.316995822667044 ], [ -67.17678824799998, -10.316987669667032 ], [ -67.176770274999967, -10.316959025667034 ], [ -67.176708890999976, -10.316926845667034 ], [ -67.17668307699995, -10.316926809667018 ], [ -67.176658673999952, -10.316920968667057 ], [ -67.176618876999953, -10.316915824667051 ], [ -67.17657436099995, -10.316838638667052 ], [ -67.176575525999965, -10.316816530667065 ], [ -67.176572332999967, -10.316795943667069 ], [ -67.176563291999969, -10.316766574667064 ], [ -67.176569241999971, -10.316703291667034 ], [ -67.17656468399997, -10.31668835466704 ], [ -67.176553881999951, -10.316647726667071 ], [ -67.176491925999983, -10.316529488667053 ], [ -67.176473686999941, -10.316501888667036 ], [ -67.176461463999942, -10.316483392667045 ], [ -67.176395765999985, -10.316409141667044 ], [ -67.176378842999952, -10.316391989667045 ], [ -67.176243432999968, -10.316306571667083 ], [ -67.176183926999954, -10.316268634667088 ], [ -67.176068748999967, -10.31615763466708 ], [ -67.176173754999979, -10.316127555667084 ], [ -67.176196843999946, -10.316146034667083 ], [ -67.176202599999954, -10.316154738667064 ], [ -67.176214356999935, -10.316172187667053 ], [ -67.176267585999938, -10.31625015066707 ], [ -67.176351790999945, -10.316303418667058 ], [ -67.176378444999955, -10.316303627667066 ], [ -67.176498484999968, -10.316309593667068 ], [ -67.176533196999969, -10.316306514667053 ], [ -67.176549863999981, -10.316299951667057 ], [ -67.176645429999951, -10.316220147667064 ], [ -67.176649650999934, -10.316218509667053 ], [ -67.176772255999936, -10.316102053667059 ], [ -67.176773928999978, -10.316096089667083 ], [ -67.176850050999974, -10.315921328667052 ], [ -67.176920028999973, -10.315784255667094 ], [ -67.176934947999939, -10.315772986667069 ], [ -67.17694729699997, -10.315757109667063 ], [ -67.17695888999998, -10.315730293667063 ], [ -67.177002390999974, -10.315606144667079 ], [ -67.177014954999947, -10.315589914667106 ], [ -67.177038287999949, -10.315563817667059 ], [ -67.177115701999981, -10.315488184667069 ], [ -67.177139917999966, -10.315473160667079 ], [ -67.177146304999951, -10.315464931667073 ], [ -67.177273292999985, -10.315358257667082 ], [ -67.177300646999981, -10.315359522667062 ], [ -67.177384046999975, -10.315345218667073 ], [ -67.177400228999943, -10.315356492667107 ], [ -67.177425606999975, -10.315375772667105 ], [ -67.177525862999971, -10.315451939667085 ], [ -67.177550616999952, -10.315470747667074 ], [ -67.177570678999984, -10.315479975667079 ], [ -67.177577352999947, -10.31548304666706 ], [ -67.177731514999948, -10.315502944667072 ], [ -67.177755558999934, -10.315510488667094 ], [ -67.177764299999978, -10.315507223667062 ] ] ] } },
{ "type": "Feature", "properties": { "num_setor": "AC_PORTOWA_SR_02_CPRM", "munic": "PORTO WALTER", "grau_risco": "Alto", "distancia_km": 0.26, "chuva_24h": 0.1, "chuva_72h": 2.6, "fonte_estacao": "openmeteo", "codigo_estacao": "openmeteo", "nome_estacao": "Open-Meteo (célula de grade)" }, "geometry": { "type": "Polygon", "coordinates": [ [ [ -72.742246484999953, -8.262217930731239 ], [ -72.742246428999977, -8.262118853731232 ], [ -72.742254633999949, -8.261969292731234 ], [ -72.742254186999958, -8.261955941731223 ], [ -72.742289554999957, -8.261818506731238 ], [ -72.742586270999936, -8.261730291731286 ], [ -72.742941605999988, -8.261633251731276 ], [ -72.743441448999988, -8.261510289731245 ], [ -72.743782963999934, -8.26140777373128 ], [ -72.744177684999954, -8.261328288731265 ], [ -72.744338279999965, -8.261295126731245 ], [ -72.744491864999986, -8.261339301731271 ], [ -72.744573349999939, -8.261387899731247 ], [ -72.744650504999981, -8.261510871731284 ], [ -72.744703657999935, -8.261583193731276 ], [ -72.744721530999982, -8.261752561731269 ], [ -72.744614444999968, -8.261778286731275 ], [ -72.744504768999946, -8.261807141731254 ], [ -72.744313748999957, -8.26185539673128 ], [ -72.744041658999947, -8.261939531731226 ], [ -72.743537125999978, -8.262074644731225 ], [ -72.743173063999961, -8.262190512731241 ], [ -72.742869251999934, -8.26224666673123 ], [ -72.74260247999996, -8.262292807731217 ], [ -72.742569120999974, -8.262299406731236 ], [ -72.742555681999988, -8.262299436731254 ], [ -72.742341064999948, -8.262316239731256 ], [ -72.742246484999953, -8.262217930731239 ] ] ] } },
{ "type": "Feature", "properties": { "num_setor": "AC_PORTOWA_SR_03_CPRM", "munic": "PORTO WALTER", "grau_risco": "Alto", "distancia_km": 0.97, "chuva_24h": 0.1, "chuva_72h": 2.6, "fonte_estacao": "openmeteo", "codigo_estacao": "openmeteo", "nome_estacao": "Open-Meteo (célula de grade)" }, "geometry": { "type": "Polygon", "coordinates": [ [ [ -72.741223764999972, -8.267557372731053 ], [ -72.741333863999955, -8.267519478731055 ], [ -72.741448211999966, -8.267499389731084 ], [ -72.741497724999988, -8.267521288731066 ], [ -72.741510464999976, -8.267541963731091 ], [ -72.741514393999978, -8.267547211731074 ], [ -72.741613649999977, -8.2676302217311 ], [ -72.741729325999984, -8.2676993987311 ], [ -72.741800784999953, -8.267735043731063 ], [ -72.741963537999936, -8.267778125731049 ], [ -72.742042217999938, -8.267769024731074 ], [ -72.742159714999957, -8.267759416731094 ], [ -72.74224632399995, -8.267795105731048 ], [ -72.742402262999974, -8.267813365731039 ], [ -72.742573900999957, -8.267843037731073 ], [ -72.742689135999967, -8.267810065731094 ], [ -72.742804039999953, -8.267776436731065 ], [ -72.742883541999959, -8.267763221731038 ], [ -72.742888135999976, -8.267767272731058 ], [ -72.742936586999974, -8.267846777731094 ], [ -72.742964480999944, -8.267877433731066 ], [ -72.743086410999979, -8.26805578573104 ], [ -72.743077739999933, -8.268120133731061 ], [ -72.742964104999942, -8.268192913731045 ], [ -72.742870732999961, -8.268245371731066 ], [ -72.742474925999943, -8.268274606731069 ], [ -72.742253569999946, -8.268259514731053 ], [ -72.741944721999971, -8.268136458731053 ], [ -72.741831173999969, -8.268036321731051 ], [ -72.741620255999976, -8.26796627073109 ], [ -72.741447187999938, -8.267907910731065 ], [ -72.741293376999977, -8.267867276731051 ], [ -72.741195988999948, -8.267869292731046 ], [ -72.741190520999965, -8.267875721731038 ], [ -72.741114884999945, -8.267884314731056 ], [ -72.741023628999983, -8.267820401731043 ], [ -72.740884075999986, -8.267674352731079 ], [ -72.740913527999965, -8.267571386731101 ], [ -72.74102708099997, -8.267568575731095 ], [ -72.741136521999977, -8.267584984731048 ], [ -72.741223764999972, -8.267557372731053 ] ] ] } },
{ "type": "Feature", "properties": { "num_setor": "AC_PORTOAC_SR_2_CPRM", "munic": "PORTO ACRE", "grau_risco": "Muito alto", "distancia_km": 1.42, "chuva_24h": 0.3, "chuva_72h": 0.4, "fonte_estacao": "openmeteo", "codigo_estacao": "openmeteo", "nome_estacao": "Open-Meteo (célula de grade)" }, "geometry": { "type": "Polygon", "coordinates": [ [ [ -67.532695426999965, -9.590907198689553 ], [ -67.531145237999965, -9.58941557968962 ], [ -67.530724225999961, -9.589283359689613 ], [ -67.529194133999965, -9.587747004689623 ], [ -67.52831290599994, -9.586718836689698 ], [ -67.528484073999948, -9.586648396689702 ], [ -67.529010536999976, -9.587187307689662 ], [ -67.533453957999939, -9.591198774689538 ], [ -67.533343922999961, -9.591287804689566 ], [ -67.532695426999965, -9.590907198689553 ] ] ] } },
{ "type": "Feature", "properties": { "num_setor": "AC_PORTOWA_SR_01_CPRM", "munic": "PORTO WALTER", "grau_risco": "Alto", "distancia_km": 1.29, "chuva_24h": 0.1, "chuva_72h": 2.6, "fonte_estacao": "openmeteo", "codigo_estacao": "openmeteo", "nome_estacao": "Open-Meteo (célula de grade)" }, "geometry": { "type": "Polygon", "coordinates": [ [ [ -72.75063500899995, -8.270318438730973 ], [ -72.750635059999979, -8.27031412073099 ], [ -72.750574889999939, -8.270180331730977 ], [ -72.750570536999987, -8.270165864731005 ], [ -72.750492240999961, -8.269959228730979 ], [ -72.750408019999952, -8.269734544731003 ], [ -72.750402770999983, -8.269729747731027 ], [ -72.750353265999934, -8.269561847731021 ], [ -72.750351681999973, -8.269539982731017 ], [ -72.750409421999962, -8.269435505731041 ], [ -72.750611787999958, -8.269263135731014 ], [ -72.750910541999986, -8.269036656731037 ], [ -72.750999960999934, -8.269052474731039 ], [ -72.751106392999986, -8.269122922731013 ], [ -72.751210575999949, -8.269361051731028 ], [ -72.751261054999986, -8.269625683731011 ], [ -72.751267265999957, -8.269640386731037 ], [ -72.751271667999958, -8.269647454730979 ], [ -72.751278571999933, -8.269767366730978 ], [ -72.751257282999973, -8.269953000731025 ], [ -72.751263123999934, -8.270166977731 ], [ -72.751151495999977, -8.27019914873099 ], [ -72.751095908999957, -8.270217400731006 ], [ -72.751091480999946, -8.270217877730966 ], [ -72.751077846999976, -8.270221771730995 ], [ -72.750979023999946, -8.270248018730991 ], [ -72.750970591999987, -8.270248331730976 ], [ -72.750910550999947, -8.270288095730974 ], [ -72.750831731999938, -8.270323338730984 ], [ -72.750829542999952, -8.270325555730965 ], [ -72.750691237999945, -8.270349204730982 ], [ -72.75063500899995, -8.270318438730973 ] ] ] } },
{ "type": "Feature", "properties": { "num_setor": "AC_MARECHA_SR_1_CPRM", "munic": "MARECHAL THAUMATURGO", "grau_risco": "Muito alto", "distancia_km": 1.4, "chuva_24h": 0.0, "chuva_72h": 0.5, "fonte_estacao": "openmeteo", "codigo_estacao": "openmeteo", "nome_estacao": "Open-Meteo (célula de grade)" }, "geometry": { "type": "Polygon", "coordinates": [ [ [ -72.79180817699995, -8.943865247709777 ], [ -72.792044465999936, -8.943939183709746 ], [ -72.792063198999983, -8.943951166709784 ], [ -72.792303492999963, -8.944104869709749 ], [ -72.792532810999944, -8.944143600709763 ], [ -72.792689782999958, -8.944044543709762 ], [ -72.792714241999988, -8.944038523709766 ], [ -72.792873868999948, -8.943999236709773 ], [ -72.792907691999972, -8.943954350709763 ], [ -72.79300049699998, -8.943937967709761 ], [ -72.793114345999982, -8.943917869709773 ], [ -72.793117090999942, -8.94392781670979 ], [ -72.793165925999972, -8.944104781709767 ], [ -72.79310159399995, -8.944766237709738 ], [ -72.793265039999937, -8.944570220709734 ], [ -72.793428353999957, -8.944320065709739 ], [ -72.793587646999981, -8.943956815709784 ], [ -72.79359089899998, -8.943949398709782 ], [ -72.793670765999934, -8.943971495709778 ], [ -72.793803843999967, -8.944008314709778 ], [ -72.793814130999976, -8.944011160709755 ], [ -72.793828713999972, -8.944033264709786 ], [ -72.793895455999973, -8.944134432709742 ], [ -72.793810743999984, -8.944566311709746 ], [ -72.793903978999936, -8.944820368709745 ], [ -72.794316804999937, -8.944910167709764 ], [ -72.794635583999934, -8.945284556709757 ], [ -72.794867874999966, -8.945202017709754 ], [ -72.795155382999951, -8.945505785709722 ], [ -72.79510223799997, -8.945720332709701 ], [ -72.795055717999958, -8.945753836709686 ], [ -72.795008107999934, -8.945822856709702 ], [ -72.794931977999966, -8.946038945709679 ], [ -72.794775134999952, -8.94571216970974 ], [ -72.794761222999966, -8.945502545709713 ], [ -72.794452511999964, -8.945398109709705 ], [ -72.79440584699995, -8.945395571709712 ], [ -72.794403441999975, -8.945530644709729 ], [ -72.794396632999963, -8.9455660367097 ], [ -72.794384402999981, -8.945664577709694 ], [ -72.79449040999998, -8.945814852709704 ], [ -72.794518757999981, -8.945825264709702 ], [ -72.794537497999954, -8.945844110709682 ], [ -72.794625581999981, -8.945893106709716 ], [ -72.794699998999988, -8.946028936709695 ], [ -72.794686428999967, -8.946054456709694 ], [ -72.794557016999988, -8.946255173709673 ], [ -72.794331022999984, -8.946089608709707 ], [ -72.79416004899997, -8.945887517709709 ], [ -72.794125147999978, -8.945678270709728 ], [ -72.793867863999935, -8.945486826709741 ], [ -72.793665552999983, -8.94535194570973 ], [ -72.793526947999965, -8.945095104709731 ], [ -72.793306207999933, -8.944908125709762 ], [ -72.793207403999986, -8.945021127709737 ], [ -72.793269266999971, -8.945172984709719 ], [ -72.793467263999958, -8.94538200970972 ], [ -72.793676715999936, -8.94558000470972 ], [ -72.793877171999952, -8.945659240709698 ], [ -72.793968752999945, -8.945716989709696 ], [ -72.794041648999951, -8.945863712709697 ], [ -72.794004653999934, -8.946048360709705 ], [ -72.794016511999985, -8.946066214709729 ], [ -72.794034249999982, -8.946092921709685 ], [ -72.794136466999987, -8.946295624709693 ], [ -72.794274359999974, -8.946459993709697 ], [ -72.794291249999958, -8.94648542070972 ], [ -72.794401408999988, -8.946522887709685 ], [ -72.794625899999971, -8.946409071709681 ], [ -72.794824160999951, -8.946324947709664 ], [ -72.794861238999943, -8.946326164709703 ], [ -72.794890882999937, -8.946327138709693 ], [ -72.794935321999958, -8.946328598709709 ], [ -72.795025997999971, -8.9463233807097 ], [ -72.795099481999955, -8.946358546709677 ], [ -72.795031555999969, -8.946422306709717 ], [ -72.794315185999949, -8.946747000709678 ], [ -72.794126610999967, -8.946713988709663 ], [ -72.794082159999959, -8.946706206709711 ], [ -72.794066278999935, -8.946697507709677 ], [ -72.793949116999954, -8.946633329709677 ], [ -72.793861387999982, -8.946585274709699 ], [ -72.793840582999962, -8.946576517709707 ], [ -72.793633376999935, -8.946347146709668 ], [ -72.793615381999984, -8.946327226709673 ], [ -72.793351791999953, -8.945972255709702 ], [ -72.793223464999983, -8.945906541709689 ], [ -72.793086523999989, -8.945836416709716 ], [ -72.792788066999947, -8.945607372709741 ], [ -72.792779696999958, -8.945596621709697 ], [ -72.792710359999944, -8.945507560709711 ], [ -72.792808862999948, -8.94528982770972 ], [ -72.793005855999979, -8.945161801709757 ], [ -72.793035840999949, -8.945058010709744 ], [ -72.792879231999962, -8.945005027709756 ], [ -72.792890859999943, -8.944863227709767 ], [ -72.79293015099995, -8.944465039709758 ], [ -72.79269428799995, -8.944436974709772 ], [ -72.792070515999967, -8.944600780709761 ], [ -72.791735897999956, -8.94478751070975 ], [ -72.791520650999985, -8.944868724709721 ], [ -72.791234071999952, -8.94487864970975 ], [ -72.79070195099996, -8.944807028709736 ], [ -72.790473142999986, -8.944730264709767 ], [ -72.790227730999959, -8.944847217709739 ], [ -72.789970862999951, -8.945048243709744 ], [ -72.789825028999985, -8.945199801709711 ], [ -72.789943750999953, -8.945317651709747 ], [ -72.79015065599998, -8.945392537709742 ], [ -72.790183513999978, -8.945391419709741 ], [ -72.79062184999998, -8.945205359709716 ], [ -72.790856825999981, -8.945103716709717 ], [ -72.790898564999964, -8.94510428170971 ], [ -72.79116486199996, -8.945140551709722 ], [ -72.791214644999968, -8.94514946770974 ], [ -72.791602820999969, -8.945066235709733 ], [ -72.791794272999937, -8.945070303709732 ], [ -72.792040877999966, -8.945119423709707 ], [ -72.792556887999979, -8.945107983709724 ], [ -72.792537821999986, -8.945293659709723 ], [ -72.792527935999942, -8.945545593709722 ], [ -72.792527821999954, -8.945548506709725 ], [ -72.792434446999948, -8.945534791709697 ], [ -72.792304267999953, -8.945515670709721 ], [ -72.792057554999985, -8.945447140709701 ], [ -72.791853011999933, -8.945444319709749 ], [ -72.791721590999941, -8.945443840709705 ], [ -72.791606279999939, -8.94544458170971 ], [ -72.791557100999967, -8.945443963709709 ], [ -72.791224358999955, -8.945333435709719 ], [ -72.791191350999952, -8.945333010709721 ], [ -72.791051, -8.945331204709724 ], [ -72.790967848999969, -8.945349001709719 ], [ -72.790882597999939, -8.945466891709723 ], [ -72.790660357999968, -8.945486351709704 ], [ -72.790542594999977, -8.94567975070971 ], [ -72.790527821999945, -8.945704012709719 ], [ -72.790161431999934, -8.945666169709742 ], [ -72.790129955999987, -8.945662918709735 ], [ -72.790007947999982, -8.945639847709691 ], [ -72.789742873999955, -8.9454735537097 ], [ -72.789698252999983, -8.945365714709752 ], [ -72.78974005699996, -8.945135552709722 ], [ -72.789891993999959, -8.944898594709716 ], [ -72.790116374999968, -8.944749314709767 ], [ -72.790133167999954, -8.944738554709748 ], [ -72.790379187999974, -8.944580973709757 ], [ -72.790542458999937, -8.944519071709733 ], [ -72.790734518999955, -8.944334037709776 ], [ -72.791074716999958, -8.944237271709767 ], [ -72.791421681999964, -8.944042592709767 ], [ -72.791565266999953, -8.944131107709781 ], [ -72.791756421999935, -8.944127330709756 ], [ -72.791770533999966, -8.944179196709738 ], [ -72.79180817699995, -8.943865247709777 ] ] ] } },
{ "type": "Feature", "properties": { "num_setor": "AC_MARECHA_SR_2_CPRM", "munic": "MARECHAL THAUMATURGO", "grau_risco": "Muito alto", "distancia_km": 1.96, "chuva_24h": 0.0, "chuva_72h": 0.5, "fonte_estacao": "openmeteo", "codigo_estacao": "openmeteo", "nome_estacao": "Open-Meteo (célula de grade)" }, "geometry": { "type": "Polygon", "coordinates": [ [ [ -72.786775526999975, -8.94987070670958 ], [ -72.786837881999986, -8.94982305270957 ], [ -72.786921620999976, -8.949754466709567 ], [ -72.786984153999981, -8.949703249709609 ], [ -72.787039966999941, -8.94967814270961 ], [ -72.787179944999934, -8.949615175709594 ], [ -72.78727831599997, -8.949578775709597 ], [ -72.787514988999988, -8.949547538709627 ], [ -72.787681505999956, -8.949536931709584 ], [ -72.787756723999962, -8.949532139709614 ], [ -72.787954100999968, -8.94954206970959 ], [ -72.787980310999956, -8.94954338870957 ], [ -72.788251420999984, -8.949664231709614 ], [ -72.788109804999976, -8.949707796709609 ], [ -72.788104643999986, -8.949791855709568 ], [ -72.788166567999951, -8.949893872709588 ], [ -72.788277087999973, -8.949870445709609 ], [ -72.788313326999969, -8.949808057709612 ], [ -72.788319790999935, -8.949725081709564 ], [ -72.788401980999936, -8.949728048709565 ], [ -72.78872585199997, -8.949950210709565 ], [ -72.788758496999947, -8.950133087709599 ], [ -72.788759313999947, -8.950137664709567 ], [ -72.788771724999947, -8.950206758709589 ], [ -72.788772603999973, -8.950209354709594 ], [ -72.788818300999935, -8.950344341709558 ], [ -72.788913504999982, -8.950472248709584 ], [ -72.788786239999979, -8.950507903709564 ], [ -72.788783792999936, -8.950619860709558 ], [ -72.788864100999945, -8.950732937709537 ], [ -72.788943011999947, -8.950844046709577 ], [ -72.788939912999979, -8.950935451709551 ], [ -72.78907658199995, -8.950909643709574 ], [ -72.789117913999974, -8.950895814709568 ], [ -72.789231687999973, -8.950922410709563 ], [ -72.78924634599997, -8.951020794709571 ], [ -72.78923876999994, -8.951153699709558 ], [ -72.789279442999941, -8.951249495709531 ], [ -72.789381490999972, -8.951301669709551 ], [ -72.789425883999968, -8.951323900709557 ], [ -72.789490056999966, -8.951424531709561 ], [ -72.78954205499997, -8.951578762709506 ], [ -72.789709809999977, -8.951635856709505 ], [ -72.789665238999987, -8.951566621709555 ], [ -72.789664386999959, -8.951429470709513 ], [ -72.789648011999986, -8.95139428170955 ], [ -72.789810623999983, -8.951448329709534 ], [ -72.78985008899997, -8.951373652709551 ], [ -72.789836578999939, -8.951246864709555 ], [ -72.789695661999986, -8.951141580709535 ], [ -72.789574888999937, -8.951004248709532 ], [ -72.789482315999976, -8.950902556709556 ], [ -72.789379863999955, -8.95082184870957 ], [ -72.789351403999945, -8.95073554370955 ], [ -72.789418460999968, -8.950652412709546 ], [ -72.789598176999959, -8.950800509709568 ], [ -72.789778704999947, -8.950960099709576 ], [ -72.789891201999978, -8.951047001709535 ], [ -72.789957344999948, -8.951098095709543 ], [ -72.790096400999971, -8.951289722709534 ], [ -72.790150143999938, -8.951363783709551 ], [ -72.790300916999968, -8.951597241709516 ], [ -72.790385144999959, -8.951724213709539 ], [ -72.790363560999936, -8.95199909370954 ], [ -72.790240528999959, -8.952113681709513 ], [ -72.790217422999945, -8.952135201709527 ], [ -72.790209880999953, -8.952121710709527 ], [ -72.790155462999962, -8.952024375709509 ], [ -72.789945043999978, -8.952135681709505 ], [ -72.789804966999952, -8.95213386970952 ], [ -72.789696425999978, -8.952119923709493 ], [ -72.789448048999986, -8.952155526709502 ], [ -72.789325230999964, -8.952160581709535 ], [ -72.789155754999967, -8.951918688709533 ], [ -72.789328406999971, -8.951786187709539 ], [ -72.789203350999969, -8.951539240709558 ], [ -72.789122789999965, -8.951474192709552 ], [ -72.788917926999943, -8.951383512709526 ], [ -72.788902035999968, -8.951267945709562 ], [ -72.788946409999937, -8.951137314709523 ], [ -72.788748312999985, -8.951004585709548 ], [ -72.788572321999936, -8.950968763709579 ], [ -72.788381350999941, -8.950953769709555 ], [ -72.788208851999968, -8.950880516709571 ], [ -72.788088825999978, -8.950783348709558 ], [ -72.78793673399997, -8.950635169709555 ], [ -72.788096032999988, -8.950550775709551 ], [ -72.788236232999964, -8.950484497709594 ], [ -72.788392340999962, -8.950532184709541 ], [ -72.788413092999974, -8.950452130709579 ], [ -72.788204457999939, -8.950310340709594 ], [ -72.788012629999969, -8.95016620470958 ], [ -72.787901619999957, -8.950303896709592 ], [ -72.78781343199995, -8.950424665709557 ], [ -72.78767716699997, -8.950538028709587 ], [ -72.787586829999952, -8.950568641709564 ], [ -72.787353032999988, -8.950495487709556 ], [ -72.787244918999988, -8.950560228709579 ], [ -72.78712690499998, -8.950584405709566 ], [ -72.786919693999948, -8.950514732709591 ], [ -72.786696189999986, -8.950597175709584 ], [ -72.786539448999974, -8.950545700709563 ], [ -72.786329334999948, -8.950568359709592 ], [ -72.786112033999984, -8.950443542709566 ], [ -72.785875861999955, -8.950421506709544 ], [ -72.785429271999988, -8.950270456709552 ], [ -72.785430729999973, -8.950267599709584 ], [ -72.785479510999949, -8.950172000709562 ], [ -72.785588592999943, -8.950109951709557 ], [ -72.785909653999965, -8.950144913709583 ], [ -72.786268804999963, -8.950081328709569 ], [ -72.786480167999969, -8.950024203709555 ], [ -72.786616116999937, -8.949987461709595 ], [ -72.78669913799996, -8.949965023709565 ], [ -72.786705516999973, -8.949944413709588 ], [ -72.786713706999933, -8.949917951709599 ], [ -72.786775526999975, -8.94987070670958 ] ] ] } },
{ "type": "Feature", "properties": { "num_setor": "AC_JOR_SR_01_CPRM", "munic": "JORDÃO", "grau_risco": "Alto", "distancia_km": 1.45, "chuva_24h": 0.1, "chuva_72h": 0.3, "fonte_estacao": "openmeteo", "codigo_estacao": "openmeteo", "nome_estacao": "Open-Meteo (célula de grade)" }, "geometry": { "type": "Polygon", "coordinates": [ [ [ -71.951283261999947, -9.188949799702076 ], [ -71.950941385999954, -9.188796030702123 ], [ -71.950816718999988, -9.188638099702091 ], [ -71.950816481999937, -9.188475113702127 ], [ -71.950933559999953, -9.188114571702132 ], [ -71.950975307999954, -9.187613490702159 ], [ -71.951161979999938, -9.187272395702166 ], [ -71.951870303999954, -9.186623036702166 ], [ -71.95258236799998, -9.186289189702192 ], [ -71.952823376999959, -9.186294629702187 ], [ -71.952694722999979, -9.186603639702147 ], [ -71.952687890999982, -9.187042399702134 ], [ -71.952589526999986, -9.187926828702109 ], [ -71.952470152999979, -9.188259696702145 ], [ -71.952354103999937, -9.189281618702061 ], [ -71.952390929999979, -9.189928475702088 ], [ -71.952283498999975, -9.190547745702025 ], [ -71.952500004999933, -9.19119476570204 ], [ -71.952612514999942, -9.191558517702024 ], [ -71.952791625999964, -9.192650589701998 ], [ -71.952978705999953, -9.193442189701928 ], [ -71.952875638999956, -9.194110957701936 ], [ -71.952720529999965, -9.194958420701923 ], [ -71.95246259399994, -9.195831557701879 ], [ -71.952361804999953, -9.195926095701861 ], [ -71.951946761999977, -9.196244520701841 ], [ -71.95146398199995, -9.196632115701837 ], [ -71.950399662999985, -9.197258616701815 ], [ -71.949377110999933, -9.197560005701819 ], [ -71.948572436999939, -9.197778646701817 ], [ -71.947627369999964, -9.197398437701811 ], [ -71.946859328999949, -9.197262807701835 ], [ -71.946641935999935, -9.197033499701865 ], [ -71.946562969999945, -9.19680077070187 ], [ -71.946422990999963, -9.196253146701851 ], [ -71.94653002299998, -9.195807406701887 ], [ -71.946609200999944, -9.195503587701884 ], [ -71.946535601999983, -9.195252658701895 ], [ -71.946269937999944, -9.195239954701925 ], [ -71.946098055999983, -9.195137028701913 ], [ -71.946056295999938, -9.194897747701912 ], [ -71.946111839999958, -9.194782565701916 ], [ -71.946105461999935, -9.194588446701905 ], [ -71.945967764999978, -9.194459417701918 ], [ -71.945804879999969, -9.194367978701909 ], [ -71.945606724999948, -9.194231520701925 ], [ -71.945503235999979, -9.193913730701938 ], [ -71.945314441999983, -9.193788612701969 ], [ -71.945256350999955, -9.193598592701926 ], [ -71.945274964999953, -9.193367321701981 ], [ -71.945363173999965, -9.192992185701986 ], [ -71.945461473999956, -9.192699549701953 ], [ -71.94552067799998, -9.192310739701961 ], [ -71.945636568999987, -9.191878101702027 ], [ -71.945859692999989, -9.191326492702034 ], [ -71.946053940999946, -9.191086029702024 ], [ -71.946236202999955, -9.190945812702003 ], [ -71.94637914499998, -9.190871827702043 ], [ -71.946532040999955, -9.190880157702045 ], [ -71.946677568999974, -9.190786192702033 ], [ -71.946777529999963, -9.190727283702021 ], [ -71.946876083999939, -9.190759454702064 ], [ -71.946975817999942, -9.190862762702011 ], [ -71.947116058999939, -9.190970995702054 ], [ -71.947379186999967, -9.191002784702043 ], [ -71.947658797999964, -9.191148226701999 ], [ -71.947944990999986, -9.191162517702018 ], [ -71.948318736999965, -9.191217853702016 ], [ -71.94872311499995, -9.191195619702043 ], [ -71.949164580999934, -9.191289614702029 ], [ -71.949469208999972, -9.191326435702004 ], [ -71.949945462999949, -9.191394383702045 ], [ -71.95024895399996, -9.191360021702041 ], [ -71.950617418999968, -9.191384373702002 ], [ -71.950858976999939, -9.191434011702009 ], [ -71.951236569999935, -9.191469637702005 ], [ -71.951508536999938, -9.191441581702046 ], [ -71.951628559999961, -9.191222208702001 ], [ -71.951856129999953, -9.190883825702032 ], [ -71.951994257999957, -9.190270064702041 ], [ -71.952060264999943, -9.189910909702087 ], [ -71.952188217999947, -9.189467771702066 ], [ -71.952083923999965, -9.189312343702099 ], [ -71.951970720999952, -9.189145624702119 ], [ -71.95167721599995, -9.189099708702082 ], [ -71.951439661999984, -9.189101384702097 ], [ -71.951283261999947, -9.188949799702076 ] ] ] } },
{ "type": "Feature", "properties": { "num_setor": "AC_MANOELU_SR_1_CPRM", "munic": "MANOEL URBANO", "grau_risco": "Alto", "distancia_km": 1.42, "chuva_24h": 2.9, "chuva_72h": 3.1, "fonte_estacao": "openmeteo", "codigo_estacao": "openmeteo", "nome_estacao": "Open-Meteo (célula de grade)" }, "geometry": { "type": "Polygon", "coordinates": [ [ [ -69.256594273999951, -8.82969225571334 ], [ -69.256751141999985, -8.829565429713361 ], [ -69.257079140999963, -8.829537246713375 ], [ -69.257107661999953, -8.829565429713361 ], [ -69.257150444999979, -8.829678164713368 ], [ -69.25716470499998, -8.829776806713374 ], [ -69.25719322599997, -8.829917724713376 ], [ -69.257335834999935, -8.830016365713332 ], [ -69.257378615999983, -8.83001636671332 ], [ -69.257606789999954, -8.829959999713363 ], [ -69.257834961999947, -8.829875448713329 ], [ -69.25803461299995, -8.829917723713328 ], [ -69.258120177999956, -8.830199559713316 ], [ -69.258134437999956, -8.830467302713362 ], [ -69.258148699999936, -8.830622312713309 ], [ -69.258162959999936, -8.830791412713298 ], [ -69.258376871999985, -8.830932329713308 ], [ -69.258405393999965, -8.831115522713302 ], [ -69.258319828999959, -8.831340989713295 ], [ -69.258220002999963, -8.831256439713302 ], [ -69.258091655999976, -8.831214164713307 ], [ -69.25802035199996, -8.831326898713332 ], [ -69.257963308999933, -8.831481907713295 ], [ -69.25797756999998, -8.831594641713318 ], [ -69.258091655999976, -8.831806016713301 ], [ -69.258177220999983, -8.83194693371331 ], [ -69.258262785999989, -8.832116032713303 ], [ -69.258305566999979, -8.832271041713268 ], [ -69.258391131999986, -8.832524692713239 ], [ -69.258433914999955, -8.832764250713272 ], [ -69.258476697999981, -8.832933350713258 ], [ -69.258476697999981, -8.833130633713226 ], [ -69.258476697999981, -8.833299733713275 ], [ -69.258476697999981, -8.833468832713216 ], [ -69.258505218999971, -8.833666116713227 ], [ -69.258548000999951, -8.833877490713231 ], [ -69.258633565999958, -8.834102956713242 ], [ -69.258633565999958, -8.834314330713234 ], [ -69.258690608999984, -8.834511612713214 ], [ -69.258776173999934, -8.834737078713221 ], [ -69.258704869999974, -8.835061184713204 ], [ -69.258576521999942, -8.835371198713176 ], [ -69.258562261999941, -8.835483931713155 ], [ -69.258462436999935, -8.835695304713161 ], [ -69.258362609999949, -8.835850311713143 ], [ -69.258177221999972, -8.836033501713173 ], [ -69.258020352999949, -8.836089868713181 ], [ -69.257834961999947, -8.836103959713148 ], [ -69.257792178999978, -8.83637169771313 ], [ -69.257792179999967, -8.836484430713163 ], [ -69.257792178999978, -8.836625345713131 ], [ -69.257792179999967, -8.836893084713108 ], [ -69.257777918999977, -8.837090364713115 ], [ -69.257806439999968, -8.837400378713134 ], [ -69.257934787999943, -8.837611750713094 ], [ -69.257963308999933, -8.837794939713129 ], [ -69.257920526999953, -8.838006311713093 ], [ -69.257792179999967, -8.838006310713103 ], [ -69.257663832999981, -8.837907670713077 ], [ -69.257578268999964, -8.837780848713104 ], [ -69.257478442999968, -8.837668116713116 ], [ -69.257364355999982, -8.837569475713101 ], [ -69.257307312999956, -8.837470835713127 ], [ -69.257193226999959, -8.837414469713103 ], [ -69.256986, -8.837474999713089 ], [ -69.257022097999936, -8.837625841713118 ], [ -69.257022096999947, -8.837752665713124 ], [ -69.257079139999973, -8.837921762713087 ], [ -69.257178965999969, -8.838090860713102 ], [ -69.257221747999949, -8.838189500713071 ], [ -69.257350095999982, -8.838414962713069 ], [ -69.257506963999958, -8.838626334713082 ], [ -69.257621050999944, -8.838809524713049 ], [ -69.257749396999941, -8.838978620713082 ], [ -69.25803461299995, -8.839246358713071 ], [ -69.258191481999972, -8.839415454713038 ], [ -69.258277045999932, -8.839626825713065 ], [ -69.258277046999979, -8.839810014713043 ], [ -69.258277046999979, -8.840021384713028 ], [ -69.258277046999979, -8.840218664713031 ], [ -69.258334088999959, -8.840387760713002 ], [ -69.258391131999986, -8.840556856713031 ], [ -69.258391131999986, -8.840711861713034 ], [ -69.258319828999959, -8.840951415712992 ], [ -69.258277045999932, -8.840951415712992 ], [ -69.258162959999936, -8.840895050713012 ], [ -69.258091655999976, -8.840782318713028 ], [ -69.25803461199996, -8.840585040713005 ], [ -69.25802035199996, -8.840486400713031 ], [ -69.257920525999964, -8.840303212713041 ], [ -69.257820700999957, -8.840162298712999 ], [ -69.257663832999981, -8.840035476713039 ], [ -69.257506963999958, -8.839866379713021 ], [ -69.257421399999942, -8.839753648713016 ], [ -69.257178966999959, -8.839598643713074 ], [ -69.257007836999946, -8.83944363771308 ], [ -69.256850967999981, -8.839274540713058 ], [ -69.256751141999985, -8.839105444713084 ], [ -69.256537230999982, -8.838894072713067 ], [ -69.256123667999987, -8.838020403713104 ], [ -69.255453411999952, -8.836822626713129 ], [ -69.254940022999961, -8.836019409713156 ], [ -69.254355330999942, -8.835357107713152 ], [ -69.253770638999981, -8.834624345713191 ], [ -69.253143163999937, -8.833778848713219 ], [ -69.252729601999988, -8.833201091713264 ], [ -69.252102126999944, -8.832595151713267 ], [ -69.256180710999956, -8.82969225571334 ], [ -69.256323318999932, -8.829706348713337 ], [ -69.256594273999951, -8.82969225571334 ] ] ] } },
{ "type": "Feature", "properties": { "num_setor": "AC_MARECHA_SR_5_CPRM", "munic": "MARECHAL THAUMATURGO", "grau_risco": "Muito alto", "distancia_km": 1.59, "chuva_24h": 0.0, "chuva_72h": 0.5, "fonte_estacao": "openmeteo", "codigo_estacao": "openmeteo", "nome_estacao": "Open-Meteo (célula de grade)" }, "geometry": { "type": "Polygon", "coordinates": [ [ [ -72.787458047999962, -8.94627194770969 ], [ -72.787511826999946, -8.946198885709679 ], [ -72.78766673399997, -8.945988432709722 ], [ -72.787779932999968, -8.94588871070971 ], [ -72.788027324999973, -8.945670771709741 ], [ -72.788439690999951, -8.945465257709728 ], [ -72.788447892999955, -8.945461169709704 ], [ -72.788462537999976, -8.94550068370973 ], [ -72.788670750999984, -8.946062478709727 ], [ -72.788701463999985, -8.946145348709701 ], [ -72.788739820999979, -8.946248842709725 ], [ -72.78874031099997, -8.946250164709731 ], [ -72.788554531999978, -8.946316263709704 ], [ -72.788332810999975, -8.94640736470971 ], [ -72.788207747999934, -8.946465724709675 ], [ -72.788099608999971, -8.946516186709667 ], [ -72.787914353999952, -8.946547246709699 ], [ -72.787799241999949, -8.946452418709713 ], [ -72.787707266999973, -8.94641375270969 ], [ -72.787480616999972, -8.946409972709695 ], [ -72.787480982999966, -8.946594087709663 ], [ -72.787503453999989, -8.94672066570971 ], [ -72.787490329999969, -8.946920378709674 ], [ -72.787402865999979, -8.946953854709676 ], [ -72.787233639999954, -8.946974530709694 ], [ -72.787124998999957, -8.947014563709695 ], [ -72.786960629999953, -8.947038184709658 ], [ -72.786648895999974, -8.947014755709652 ], [ -72.786545177999983, -8.947085211709656 ], [ -72.786664329999951, -8.9471663707097 ], [ -72.787034413999947, -8.947189236709692 ], [ -72.787069965999933, -8.947194964709658 ], [ -72.787084854999989, -8.947200694709652 ], [ -72.787145117999955, -8.947473859709655 ], [ -72.787146735999954, -8.947481195709662 ], [ -72.787091285999963, -8.947491072709688 ], [ -72.786777993999976, -8.947546878709662 ], [ -72.786374517999946, -8.947685805709682 ], [ -72.78613433299995, -8.94774910070964 ], [ -72.78603465499998, -8.947775368709635 ], [ -72.785907379999969, -8.947775934709682 ], [ -72.785790246999966, -8.94777645470964 ], [ -72.785643429999936, -8.947777107709669 ], [ -72.785540547999972, -8.947777564709668 ], [ -72.785511330999952, -8.947526738709659 ], [ -72.785520357999985, -8.947452914709634 ], [ -72.785723337999968, -8.947377169709695 ], [ -72.785836064999955, -8.94727472570964 ], [ -72.786001160999945, -8.947215502709653 ], [ -72.786027006999973, -8.947210020709649 ], [ -72.78604233599998, -8.947215628709685 ], [ -72.786165644999983, -8.947226156709641 ], [ -72.786186442999963, -8.947220291709657 ], [ -72.786232825999946, -8.947219952709657 ], [ -72.786268908999944, -8.947219689709657 ], [ -72.786483643999986, -8.947160676709665 ], [ -72.786512520999963, -8.947020706709701 ], [ -72.78629140299995, -8.947051605709669 ], [ -72.785717784999974, -8.947108953709648 ], [ -72.785334940999974, -8.947200450709676 ], [ -72.785176630999956, -8.946869107709654 ], [ -72.78533951999998, -8.946798010709671 ], [ -72.785449028999949, -8.946946378709665 ], [ -72.785475511999948, -8.94695288170967 ], [ -72.785649170999989, -8.946946375709695 ], [ -72.785743783999976, -8.946902798709656 ], [ -72.78580197499997, -8.946839695709659 ], [ -72.785812584999974, -8.946833743709671 ], [ -72.786010000999966, -8.946749494709678 ], [ -72.786219355999947, -8.946865668709711 ], [ -72.786443314999985, -8.946939477709661 ], [ -72.786531164999985, -8.94687438070966 ], [ -72.786677301999987, -8.946821144709666 ], [ -72.786961044999941, -8.946660076709668 ], [ -72.787079095999957, -8.946833342709709 ], [ -72.787192147999974, -8.946757567709678 ], [ -72.787205641999947, -8.946728039709653 ], [ -72.787252375999969, -8.94663282270969 ], [ -72.787120251999966, -8.946525515709688 ], [ -72.787107874999947, -8.946515463709691 ], [ -72.787254752999957, -8.946413322709686 ], [ -72.787458047999962, -8.94627194770969 ] ] ] } },
{ "type": "Feature", "properties": { "num_setor": "AC_MARECHA_SR_6_CPRM", "munic": "MARECHAL THAUMATURGO", "grau_risco": "Muito alto", "distancia_km": 1.15, "chuva_24h": 0.0, "chuva_72h": 0.5, "fonte_estacao": "openmeteo", "codigo_estacao": "openmeteo", "nome_estacao": "Open-Meteo (célula de grade)" }, "geometry": { "type": "Polygon", "coordinates": [ [ [ -72.78407582799997, -8.942883688709781 ], [ -72.783866763999981, -8.942265367709801 ], [ -72.783866856999964, -8.942216753709822 ], [ -72.783669165999981, -8.941789759709835 ], [ -72.783468790999962, -8.941304118709843 ], [ -72.783218273999978, -8.940723479709893 ], [ -72.782885548999957, -8.940138701709897 ], [ -72.782802174999972, -8.93975235770991 ], [ -72.783054039999968, -8.939754270709916 ], [ -72.78308551899994, -8.939754508709909 ], [ -72.783542197999964, -8.939917310709879 ], [ -72.783839525999952, -8.940353106709896 ], [ -72.783901750999974, -8.940404903709862 ], [ -72.78418047699995, -8.940662478709893 ], [ -72.784195777999969, -8.940696491709891 ], [ -72.784626818999982, -8.940937500709868 ], [ -72.784963516999937, -8.941109166709882 ], [ -72.785274380999965, -8.941635332709854 ], [ -72.785555951999982, -8.941879610709815 ], [ -72.785595312999988, -8.942109757709829 ], [ -72.785655719999966, -8.942457248709834 ], [ -72.785660470999971, -8.942484580709843 ], [ -72.785766914999954, -8.942733003709787 ], [ -72.785786399999949, -8.942778477709835 ], [ -72.785812689999943, -8.942803947709804 ], [ -72.78597419099998, -8.942960806709809 ], [ -72.785987416999944, -8.942993336709808 ], [ -72.78629783699995, -8.943310131709801 ], [ -72.786313273999951, -8.943325885709811 ], [ -72.786277567999946, -8.943368111709809 ], [ -72.786127226999952, -8.943545900709768 ], [ -72.78608186699995, -8.943576835709809 ], [ -72.785947895999982, -8.943621668709815 ], [ -72.785688228999959, -8.943486864709786 ], [ -72.785677033999946, -8.943375192709791 ], [ -72.78561041599994, -8.943148165709799 ], [ -72.785387435999951, -8.943144535709825 ], [ -72.785396858999945, -8.943366265709781 ], [ -72.785454649999963, -8.943415599709811 ], [ -72.785463966999941, -8.943620759709754 ], [ -72.785463507999964, -8.943636614709771 ], [ -72.785294519999979, -8.943928965709754 ], [ -72.785196858999939, -8.944372939709744 ], [ -72.785187006999934, -8.944828494709755 ], [ -72.785219303999952, -8.945255012709728 ], [ -72.785204349999958, -8.945822893709703 ], [ -72.784999091999964, -8.946111315709684 ], [ -72.784800865999955, -8.946078670709705 ], [ -72.784793569999977, -8.945640604709702 ], [ -72.784781610999971, -8.945520338709692 ], [ -72.784783473999937, -8.945429588709731 ], [ -72.784785030999956, -8.945353721709715 ], [ -72.784786591999989, -8.945277630709731 ], [ -72.784788157999969, -8.945201318709758 ], [ -72.784760199999937, -8.945154857709745 ], [ -72.784582973999989, -8.944414469709779 ], [ -72.784500888999958, -8.943845633709778 ], [ -72.784237602999951, -8.943374859709788 ], [ -72.78407582799997, -8.942883688709781 ] ] ] } },
{ "type": "Feature", "properties": { "num_setor": "AC_MARECHA_SR_3_CPRM", "munic": "MARECHAL THAUMATURGO", "grau_risco": "Muito alto", "distancia_km": 1.8, "chuva_24h": 0.0, "chuva_72h": 0.5, "fonte_estacao": "openmeteo", "codigo_estacao": "openmeteo", "nome_estacao": "Open-Meteo (célula de grade)" }, "geometry": { "type": "Polygon", "coordinates": [ [ [ -72.78769697499996, -8.947928940709625 ], [ -72.787834698999973, -8.94794383470963 ], [ -72.78794116499995, -8.947941525709654 ], [ -72.788028888999975, -8.947939622709661 ], [ -72.788103514999989, -8.947938004709664 ], [ -72.788271779999945, -8.947963250709671 ], [ -72.788277380999943, -8.94796409070965 ], [ -72.788277750999953, -8.947965265709616 ], [ -72.788418751999984, -8.948412570709623 ], [ -72.788488325999936, -8.948574496709652 ], [ -72.788516906999973, -8.948641016709617 ], [ -72.788554895999937, -8.948882410709604 ], [ -72.788584984999943, -8.949073609709629 ], [ -72.788742098999933, -8.949466899709599 ], [ -72.788641496999958, -8.949613866709566 ], [ -72.788488206999943, -8.949644461709623 ], [ -72.788475628999947, -8.94964697170956 ], [ -72.788375815999984, -8.949594182709573 ], [ -72.788316092999935, -8.949562596709596 ], [ -72.788192729999935, -8.949491079709619 ], [ -72.788307854999971, -8.949327622709577 ], [ -72.788371370999982, -8.949321903709574 ], [ -72.788354974999947, -8.949197834709603 ], [ -72.788362056999972, -8.949101652709611 ], [ -72.788356197999974, -8.948970279709631 ], [ -72.788255340999967, -8.948780077709641 ], [ -72.788252727999975, -8.948763388709635 ], [ -72.788283246999981, -8.948624284709606 ], [ -72.788181901999963, -8.948601797709641 ], [ -72.788098497999954, -8.94853943570965 ], [ -72.788009449999947, -8.948666046709633 ], [ -72.788113291999935, -8.948709561709645 ], [ -72.788083322999967, -8.948810584709598 ], [ -72.788078036999934, -8.948816203709637 ], [ -72.787972115999935, -8.948894767709611 ], [ -72.787850619999972, -8.948907486709587 ], [ -72.787860622999972, -8.948999155709616 ], [ -72.787982620999969, -8.949162562709612 ], [ -72.788170880999985, -8.949225296709598 ], [ -72.788174866999952, -8.949230237709582 ], [ -72.788229804999958, -8.949303974709617 ], [ -72.788157790999946, -8.949443721709596 ], [ -72.788107791999948, -8.949414670709588 ], [ -72.787988825999946, -8.949308140709608 ], [ -72.787898803999951, -8.949205296709588 ], [ -72.787746527999957, -8.949091899709586 ], [ -72.787705565999943, -8.949061395709588 ], [ -72.787635164999983, -8.948905670709639 ], [ -72.787626487999944, -8.948886476709632 ], [ -72.787556227999971, -8.948755448709646 ], [ -72.787542808999945, -8.948671283709611 ], [ -72.787551095999959, -8.948614289709639 ], [ -72.787569402999964, -8.948475226709634 ], [ -72.787582870999984, -8.948339109709629 ], [ -72.787455940999962, -8.948363997709613 ], [ -72.787203778999981, -8.948413588709602 ], [ -72.787068617999978, -8.948406820709611 ], [ -72.787065007999956, -8.948406639709651 ], [ -72.78706516799997, -8.948398800709615 ], [ -72.787070251999978, -8.948150342709638 ], [ -72.787235390999967, -8.948044790709661 ], [ -72.787245490999965, -8.948038465709645 ], [ -72.787409645999958, -8.948018066709654 ], [ -72.787579536999942, -8.947987922709661 ], [ -72.78769697499996, -8.947928940709625 ] ] ] } },
{ "type": "Feature", "properties": { "num_setor": "AC_MARECHA_SR_4_CPRM", "munic": "MARECHAL THAUMATURGO", "grau_risco": "Muito alto", "distancia_km": 1.41, "chuva_24h": 0.0, "chuva_72h": 0.5, "fonte_estacao": "openmeteo", "codigo_estacao": "openmeteo", "nome_estacao": "Open-Meteo (célula de grade)" }, "geometry": { "type": "Polygon", "coordinates": [ [ [ -72.785470911999937, -8.945123910709718 ], [ -72.785557257999983, -8.945099596709746 ], [ -72.785573731999989, -8.944831948709721 ], [ -72.786065011999938, -8.944939662709741 ], [ -72.786266310999963, -8.944983798709726 ], [ -72.786490922999974, -8.945134458709749 ], [ -72.786546336999947, -8.94517162870974 ], [ -72.786530648999985, -8.945227701709729 ], [ -72.786335845999986, -8.945536339709696 ], [ -72.78622252599996, -8.945789812709736 ], [ -72.786058694999952, -8.945962134709701 ], [ -72.786050123999985, -8.945971149709688 ], [ -72.785815427999978, -8.945906121709701 ], [ -72.785816246999957, -8.945893625709685 ], [ -72.785825276999958, -8.94575589770972 ], [ -72.785731594999959, -8.945693433709724 ], [ -72.785698386999968, -8.945671291709688 ], [ -72.78560534199994, -8.945577275709702 ], [ -72.785590391999961, -8.945562169709726 ], [ -72.785573007999972, -8.9455617477097 ], [ -72.785526640999933, -8.945560620709742 ], [ -72.785525560999986, -8.945560594709722 ], [ -72.785389211999984, -8.945557282709736 ], [ -72.785348125999974, -8.945509818709706 ], [ -72.785343829999988, -8.945504856709716 ], [ -72.78534906799996, -8.945496751709715 ], [ -72.78540963599994, -8.945403027709698 ], [ -72.785521185999983, -8.945383565709749 ], [ -72.785619496999971, -8.945366168709725 ], [ -72.785742171999971, -8.945423398709703 ], [ -72.78586250099994, -8.945547853709698 ], [ -72.785874894999949, -8.945569137709709 ], [ -72.785942249999948, -8.945714062709733 ], [ -72.785996098999988, -8.94562591770973 ], [ -72.786109708999959, -8.94552089470973 ], [ -72.786129973999948, -8.945499707709709 ], [ -72.786143228999947, -8.945492672709699 ], [ -72.786240310999972, -8.945343835709719 ], [ -72.786248042999944, -8.945309158709755 ], [ -72.786257319999947, -8.945232262709755 ], [ -72.786207433999948, -8.945166794709758 ], [ -72.78612295399995, -8.945149343709737 ], [ -72.785991828999954, -8.945144875709756 ], [ -72.785866429999942, -8.945144085709755 ], [ -72.785714507999955, -8.945168034709718 ], [ -72.785601813999961, -8.94522722270974 ], [ -72.785469714999977, -8.945277853709703 ], [ -72.785401590999982, -8.945240109709706 ], [ -72.785397405999959, -8.945237790709728 ], [ -72.785405088999937, -8.945225887709761 ], [ -72.785470911999937, -8.945123910709718 ] ] ] } },
{ "type": "Feature", "properties": { "num_setor": "AC_EPITACI_SR_6_CPRM", "munic": "EPITACIOLÂNDIA", "grau_risco": "Alto", "distancia_km": 0.83, "chuva_24h": 0.3, "chuva_72h": 0.7, "fonte_estacao": "openmeteo", "codigo_estacao": "openmeteo", "nome_estacao": "Open-Meteo (célula de grade)" }, "geometry": { "type": "Polygon", "coordinates": [ [ [ -68.733486705999951, -11.033066045645027 ], [ -68.733731001999956, -11.033458485645063 ], [ -68.733791232999977, -11.033780293645011 ], [ -68.733286573999976, -11.034854339645024 ], [ -68.73322563499994, -11.034687312644996 ], [ -68.73321221599997, -11.034499002645004 ], [ -68.732968855999957, -11.034702259645009 ], [ -68.732792167999946, -11.034622791644983 ], [ -68.73267737499998, -11.034710844644998 ], [ -68.732953003999967, -11.034885263645016 ], [ -68.733177263999949, -11.035042109644982 ], [ -68.733117537999988, -11.035200134645001 ], [ -68.732788305999975, -11.035932808644986 ], [ -68.73257999499998, -11.036451785644919 ], [ -68.731784695999977, -11.036430556644959 ], [ -68.731498983999984, -11.035917417644951 ], [ -68.731572564999965, -11.035871384644963 ], [ -68.731647046999967, -11.035751551644983 ], [ -68.731446718999962, -11.035704996644943 ], [ -68.731266024999968, -11.035457580644971 ], [ -68.731731152999942, -11.03518721364499 ], [ -68.73160497899994, -11.034936231644988 ], [ -68.731881109999961, -11.034733312644988 ], [ -68.731834821999939, -11.035112329644981 ], [ -68.73195160299997, -11.035433318644959 ], [ -68.732055806999938, -11.035504720644964 ], [ -68.732264189999967, -11.035563525644994 ], [ -68.732261662999974, -11.035643499644957 ], [ -68.732113331999983, -11.03563068564495 ], [ -68.732021842999984, -11.035645035644965 ], [ -68.732019116999936, -11.035729832644968 ], [ -68.732025747999955, -11.035733142644981 ], [ -68.732065844999966, -11.035828879644958 ], [ -68.732145567999964, -11.035828414644985 ], [ -68.732236797999974, -11.035748593644943 ], [ -68.73230158299998, -11.035744876644973 ], [ -68.732324410999979, -11.035841120644998 ], [ -68.732277657999987, -11.035942256644939 ], [ -68.732228908999957, -11.036004405644967 ], [ -68.732119608999938, -11.03597256964497 ], [ -68.732029333999947, -11.035913740644952 ], [ -68.731934726999953, -11.035822756644961 ], [ -68.731832519999955, -11.03602269364495 ], [ -68.732039202999943, -11.03609205164496 ], [ -68.73203467899998, -11.036404632644965 ], [ -68.732373357999961, -11.036371222644942 ], [ -68.732449574999976, -11.036283196644934 ], [ -68.732556569999986, -11.035996685644983 ], [ -68.732590859999959, -11.035722960644994 ], [ -68.732466907999935, -11.035463514644979 ], [ -68.732338872999946, -11.035185124644981 ], [ -68.732068124999955, -11.035135388644985 ], [ -68.731950394999956, -11.034616051644985 ], [ -68.731821894999939, -11.034416550644998 ], [ -68.731871502999979, -11.034336659645012 ], [ -68.73208268999997, -11.034329318645002 ], [ -68.732164770999987, -11.034463966645022 ], [ -68.732458820999966, -11.034573308644989 ], [ -68.732451653999988, -11.034680820644981 ], [ -68.732342835999987, -11.034816270645003 ], [ -68.732310501999962, -11.034955912645023 ], [ -68.73236297699998, -11.034964985645013 ], [ -68.732475920999946, -11.034833209644974 ], [ -68.732581498999934, -11.034668476645015 ], [ -68.732819595999956, -11.034490214645 ], [ -68.73301566799995, -11.034355711645043 ], [ -68.733240745999979, -11.034369740645037 ], [ -68.733417473999964, -11.034134333644992 ], [ -68.733473741999944, -11.033883094645033 ], [ -68.733284051999988, -11.033563214645044 ], [ -68.732779569999934, -11.033928506644997 ], [ -68.732474408999963, -11.034160023645024 ], [ -68.732301619999987, -11.034142469645019 ], [ -68.732031086999939, -11.034131741645012 ], [ -68.731721658999959, -11.03421931364498 ], [ -68.731667077999987, -11.034079612645025 ], [ -68.733486705999951, -11.033066045645027 ] ] ] } },
{ "type": "Feature", "properties": { "num_setor": "AC_RODRIGU_SR_02_CPRM", "munic": "RODRIGUES ALVES", "grau_risco": "Alto", "distancia_km": 1.11, "chuva_24h": 0.0, "chuva_72h": 8.9, "fonte_estacao": "openmeteo", "codigo_estacao": "openmeteo", "nome_estacao": "Open-Meteo (célula de grade)" }, "geometry": { "type": "Polygon", "coordinates": [ [ [ -72.646943150999959, -7.725994032748238 ], [ -72.646842073999949, -7.725943645748247 ], [ -72.646749949999958, -7.725795761748255 ], [ -72.646675380999966, -7.725582559748264 ], [ -72.646582223999985, -7.725359774748266 ], [ -72.646484318999967, -7.725122598748288 ], [ -72.646409991999974, -7.724912110748305 ], [ -72.646353940999973, -7.724683116748251 ], [ -72.646437790999983, -7.72465264474826 ], [ -72.646526077999965, -7.724677757748257 ], [ -72.646604972999967, -7.724771773748299 ], [ -72.646687951999979, -7.724842953748263 ], [ -72.646747612999945, -7.724978172748272 ], [ -72.646829905999937, -7.725191699748236 ], [ -72.646870901999989, -7.725321161748253 ], [ -72.646931003999953, -7.725505370748243 ], [ -72.646963731999961, -7.725652611748275 ], [ -72.647037213999965, -7.72579524274823 ], [ -72.647123552999972, -7.725900716748238 ], [ -72.647132910999972, -7.72595582774823 ], [ -72.647119896999982, -7.726006567748231 ], [ -72.647029791999955, -7.726025767748227 ], [ -72.646943150999959, -7.725994032748238 ] ] ] } },
{ "type": "Feature", "properties": { "num_setor": "AC_EPITACI_SR_4_CPRM", "munic": "EPITACIOLÂNDIA", "grau_risco": "Alto", "distancia_km": 2.29, "chuva_24h": 0.3, "chuva_72h": 0.7, "fonte_estacao": "openmeteo", "codigo_estacao": "openmeteo", "nome_estacao": "Open-Meteo (célula de grade)" }, "geometry": { "type": "Polygon", "coordinates": [ [ [ -68.740413846999957, -11.022873652645382 ], [ -68.740774040999952, -11.022723472645348 ], [ -68.740921880999963, -11.022722654645353 ], [ -68.74089001599998, -11.022903796645378 ], [ -68.740699272999962, -11.023076986645373 ], [ -68.740934578999941, -11.023202387645361 ], [ -68.740808916999981, -11.023432134645349 ], [ -68.740601219999974, -11.023980991645338 ], [ -68.740424394999934, -11.024454321645305 ], [ -68.740205076999985, -11.024944424645296 ], [ -68.739671492999946, -11.024738555645285 ], [ -68.73972434999996, -11.024609712645312 ], [ -68.740120123999986, -11.024712787645285 ], [ -68.740219877999948, -11.024519360645296 ], [ -68.74048427799994, -11.02392280664534 ], [ -68.740426039999988, -11.023818929645332 ], [ -68.740523887999984, -11.023598543645374 ], [ -68.740642848999983, -11.023248318645351 ], [ -68.740551835999952, -11.023247280645352 ], [ -68.740608121999969, -11.023049532645357 ], [ -68.740429912999957, -11.023087549645364 ], [ -68.740413846999957, -11.022873652645382 ] ] ] } },
{ "type": "Feature", "properties": { "num_setor": "AC_EPITACI_SR_5_CPRM", "munic": "EPITACIOLÂNDIA", "grau_risco": "Alto", "distancia_km": 1.66, "chuva_24h": 0.3, "chuva_72h": 0.7, "fonte_estacao": "openmeteo", "codigo_estacao": "openmeteo", "nome_estacao": "Open-Meteo (célula de grade)" }, "geometry": { "type": "Polygon", "coordinates": [ [ [ -68.740753790999975, -11.029714229645171 ], [ -68.741205282999942, -11.030847764645141 ], [ -68.74094860799994, -11.031341170645101 ], [ -68.740609474999985, -11.031941745645108 ], [ -68.74037965399998, -11.031961660645099 ], [ -68.740253376999988, -11.032231852645049 ], [ -68.740346417999945, -11.032480535645092 ], [ -68.740081123999971, -11.032765789645037 ], [ -68.739199852999946, -11.032181222645077 ], [ -68.739581045999955, -11.031751611645081 ], [ -68.739889042999948, -11.031812131645104 ], [ -68.739800942999977, -11.031658984645127 ], [ -68.739973859999964, -11.031502158645099 ], [ -68.740024989999938, -11.031385926645118 ], [ -68.740137815999958, -11.031175467645117 ], [ -68.740435531999935, -11.031091464645133 ], [ -68.74051938499997, -11.031303694645118 ], [ -68.740563494999947, -11.031469697645113 ], [ -68.740723362999972, -11.031612596645083 ], [ -68.74084070899994, -11.031429299645104 ], [ -68.740677071999983, -11.031229489645082 ], [ -68.740733971999987, -11.031162611645108 ], [ -68.740927588999966, -11.030872540645117 ], [ -68.740691449999986, -11.030540469645125 ], [ -68.740397894999944, -11.03056336164512 ], [ -68.739176325999949, -11.0312346746451 ], [ -68.738934387999961, -11.031349587645103 ], [ -68.738805957999944, -11.031330410645088 ], [ -68.738666469999941, -11.031362479645084 ], [ -68.738602439999966, -11.031362961645096 ], [ -68.739509423999948, -11.031759275645081 ], [ -68.739181021999968, -11.03213306264508 ], [ -68.738949855999977, -11.031881630645112 ], [ -68.738829030999966, -11.031821160645059 ], [ -68.738511393999943, -11.031876671645094 ], [ -68.738219907999962, -11.031688370645117 ], [ -68.738044971999955, -11.031602661645099 ], [ -68.738101581999956, -11.031699856645115 ], [ -68.738354204999951, -11.031898311645094 ], [ -68.738324471999988, -11.032111375645055 ], [ -68.738418169999989, -11.032219946645057 ], [ -68.738223545999972, -11.032408954645049 ], [ -68.737806013999943, -11.032372027645055 ], [ -68.73767881699996, -11.032211815645104 ], [ -68.737245929999972, -11.03191036064511 ], [ -68.737018754999951, -11.032286271645084 ], [ -68.736345657999948, -11.032220012645091 ], [ -68.737025351999932, -11.031769074645084 ], [ -68.737430152999934, -11.03146230564513 ], [ -68.737644530999944, -11.031366310645087 ], [ -68.738408326999945, -11.031326277645093 ], [ -68.740753790999975, -11.029714229645171 ] ] ] } },
{ "type": "Feature", "properties": { "num_setor": "AC_FJO_SR_02_CPRM", "munic": "FEIJÓ", "grau_risco": "Muito alto", "distancia_km": 1.35, "chuva_24h": 2.8, "chuva_72h": 2.8, "fonte_estacao": "openmeteo", "codigo_estacao": "openmeteo", "nome_estacao": "Open-Meteo (célula de grade)" }, "geometry": { "type": "Polygon", "coordinates": [ [ [ -70.35382358399994, -8.159578116734503 ], [ -70.35400630099997, -8.159077311734517 ], [ -70.354025536999984, -8.158721385734536 ], [ -70.354032657999937, -8.158721313734496 ], [ -70.354179121999948, -8.158589554734501 ], [ -70.353899910999985, -8.157910104734515 ], [ -70.354618026999958, -8.157746813734544 ], [ -70.354591170999981, -8.1584585757345 ], [ -70.354552270999989, -8.158872818734512 ], [ -70.35451134799996, -8.15928858073449 ], [ -70.354525572999933, -8.159857638734467 ], [ -70.35466900199998, -8.160305428734459 ], [ -70.354877624999972, -8.160591035734482 ], [ -70.354916920999983, -8.161170748734431 ], [ -70.355508275999966, -8.162608040734378 ], [ -70.355321863999961, -8.162649841734389 ], [ -70.355275431999985, -8.16256898873441 ], [ -70.355248007999933, -8.162521234734376 ], [ -70.355174041999987, -8.162392434734405 ], [ -70.354995054999961, -8.162406731734409 ], [ -70.354721325999947, -8.162221636734412 ], [ -70.354643573999965, -8.161981211734407 ], [ -70.354497465999941, -8.161506259734429 ], [ -70.354326902999958, -8.161002004734433 ], [ -70.35382358399994, -8.159578116734503 ] ] ] } },
{ "type": "Feature", "properties": { "num_setor": "AC_FJO_SR_03_CPRM", "munic": "FEIJÓ", "grau_risco": "Muito alto", "distancia_km": 1.64, "chuva_24h": 1.4, "chuva_72h": 1.4, "fonte_estacao": "openmeteo", "codigo_estacao": "openmeteo", "nome_estacao": "Open-Meteo (célula de grade)" }, "geometry": { "type": "Polygon", "coordinates": [ [ [ -70.350036786999965, -8.156231837734582 ], [ -70.349820636999937, -8.155920039734609 ], [ -70.349755960999971, -8.155859952734602 ], [ -70.350598139999988, -8.155982932734609 ], [ -70.350739123999972, -8.15604466273458 ], [ -70.350644366999973, -8.156223985734568 ], [ -70.350275455999963, -8.156232763734621 ], [ -70.350256889999969, -8.156233772734584 ], [ -70.350223726999957, -8.156235574734573 ], [ -70.350216925999973, -8.156235955734576 ], [ -70.350091887999952, -8.156244626734622 ], [ -70.350053782999964, -8.156235782734587 ], [ -70.350036786999965, -8.156231837734582 ] ] ] } },
{ "type": "Feature", "properties": { "num_setor": "AC_PLACIDO_SR_4_CPRM", "munic": "PLÁCIDO DE CASTRO", "grau_risco": "Muito alto", "distancia_km": 1.16, "chuva_24h": 0.2, "chuva_72h": 1.1, "fonte_estacao": "openmeteo", "codigo_estacao": "openmeteo", "nome_estacao": "Open-Meteo (célula de grade)" }, "geometry": { "type": "Polygon", "coordinates": [ [ [ -67.18140453999996, -10.33829771166636 ], [ -67.181998873999987, -10.338071680666403 ], [ -67.18243205899995, -10.337815503666379 ], [ -67.182796808999967, -10.33769604866638 ], [ -67.183307421999984, -10.337600125666379 ], [ -67.183915356999933, -10.337345229666377 ], [ -67.184064090999982, -10.337007114666418 ], [ -67.185711611999977, -10.337100674666397 ], [ -67.18543045399997, -10.337348506666403 ], [ -67.184103994999987, -10.337460998666426 ], [ -67.183132021999938, -10.337924118666423 ], [ -67.181477331999986, -10.338496041666394 ], [ -67.18140453999996, -10.33829771166636 ] ] ] } },
{ "type": "Feature", "properties": { "num_setor": "AC_FJO_SR_01_CPRM", "munic": "FEIJÓ", "grau_risco": "Alto", "distancia_km": 1.75, "chuva_24h": 2.8, "chuva_72h": 2.8, "fonte_estacao": "openmeteo", "codigo_estacao": "openmeteo", "nome_estacao": "Open-Meteo (célula de grade)" }, "geometry": { "type": "Polygon", "coordinates": [ [ [ -70.358949240999948, -8.148941047734796 ], [ -70.358977086999971, -8.148939637734822 ], [ -70.359043481999947, -8.148903948734802 ], [ -70.359076695999988, -8.148886100734838 ], [ -70.362112384999989, -8.149292406734823 ], [ -70.36219536699997, -8.149303863734792 ], [ -70.362692479999964, -8.149525851734811 ], [ -70.362784995999959, -8.14953016773481 ], [ -70.362836894999987, -8.149543302734832 ], [ -70.363195176999966, -8.149664964734793 ], [ -70.363229440999987, -8.149702144734785 ], [ -70.362733582999965, -8.149804854734803 ], [ -70.361844170999973, -8.149909222734802 ], [ -70.36092496599997, -8.150100853734802 ], [ -70.360884068999951, -8.150123762734792 ], [ -70.360837042999947, -8.150134913734815 ], [ -70.360075541999947, -8.150312010734753 ], [ -70.359997790999955, -8.150339210734797 ], [ -70.359228080999969, -8.15079375573475 ], [ -70.359171400999969, -8.150873017734781 ], [ -70.359156110999947, -8.150881454734742 ], [ -70.357875269999965, -8.152086589734722 ], [ -70.357119836999971, -8.153169675734684 ], [ -70.357057987999951, -8.153236680734688 ], [ -70.356990019999955, -8.153322430734667 ], [ -70.356934119999949, -8.153371032734661 ], [ -70.35625921999997, -8.154227603734675 ], [ -70.356226442999969, -8.154263383734643 ], [ -70.356199954999965, -8.154311065734639 ], [ -70.355841813999973, -8.155027823734626 ], [ -70.355699622999964, -8.155249383734615 ], [ -70.355431192999959, -8.15558091573463 ], [ -70.355128558999979, -8.156336254734571 ], [ -70.354985835999969, -8.156644548734596 ], [ -70.354977058999964, -8.156659022734605 ], [ -70.354980405999981, -8.156712006734582 ], [ -70.354974724999977, -8.156748082734595 ], [ -70.354766819999952, -8.157465191734566 ], [ -70.354764086999978, -8.157508658734576 ], [ -70.354761114999974, -8.157519225734573 ], [ -70.354660935999959, -8.158489049734529 ], [ -70.354596761999971, -8.159062761734519 ], [ -70.35456781399995, -8.159520423734476 ], [ -70.354600160999951, -8.159808211734498 ], [ -70.354680908999967, -8.160198967734495 ], [ -70.354797972999961, -8.160469349734479 ], [ -70.354958632999967, -8.160646985734463 ], [ -70.355010120999964, -8.161096781734445 ], [ -70.355307747999973, -8.161659491734429 ], [ -70.355323728999963, -8.161688416734409 ], [ -70.355336514999976, -8.161711555734414 ], [ -70.355349301999979, -8.161734695734406 ], [ -70.355381353999974, -8.161760117734433 ], [ -70.355725679999978, -8.162219463734424 ], [ -70.355744638999965, -8.162237660734398 ], [ -70.355772947999981, -8.162256840734379 ], [ -70.355804393999961, -8.162281705734383 ], [ -70.356205625999962, -8.162611633734414 ], [ -70.356233208999981, -8.162630269734402 ], [ -70.356245429999944, -8.16263669973439 ], [ -70.356284144999961, -8.162612872734382 ], [ -70.357502090999958, -8.162865320734403 ], [ -70.357524310999963, -8.162849714734365 ], [ -70.359260230999951, -8.162760444734385 ], [ -70.361139371999968, -8.162417083734418 ], [ -70.362695885999983, -8.162062694734431 ], [ -70.364392313999986, -8.161827840734395 ], [ -70.365814654999951, -8.161778771734397 ], [ -70.36781179999997, -8.161902224734408 ], [ -70.368577477999963, -8.161859316734397 ], [ -70.369117968999944, -8.161835360734393 ], [ -70.369461674999968, -8.162005954734392 ], [ -70.369353555999965, -8.162318362734396 ], [ -70.369299616999967, -8.162364876734408 ], [ -70.369272849999959, -8.162395884734408 ], [ -70.369075491999979, -8.162690595734384 ], [ -70.369036518999962, -8.162751986734419 ], [ -70.369024671999966, -8.16281315273438 ], [ -70.369012016999989, -8.162843599734405 ], [ -70.369018746999984, -8.163123117734354 ], [ -70.369060899999965, -8.163210534734382 ], [ -70.369088893999958, -8.163268588734342 ], [ -70.369252831999972, -8.163485380734343 ], [ -70.369306625999968, -8.16352890773434 ], [ -70.369508577999966, -8.163815137734366 ], [ -70.369153727999958, -8.163812447734333 ], [ -70.369113639999966, -8.163783864734375 ], [ -70.369100153999966, -8.163769606734354 ], [ -70.368745983999986, -8.16338417073438 ], [ -70.368718014999956, -8.163340913734363 ], [ -70.368688547999966, -8.163254098734393 ], [ -70.368548300999976, -8.163064619734369 ], [ -70.368480173999956, -8.163035300734407 ], [ -70.368410767999933, -8.162976524734402 ], [ -70.368382701999963, -8.162947067734374 ], [ -70.368000500999983, -8.162829335734397 ], [ -70.367932362999966, -8.162814663734371 ], [ -70.367918908999968, -8.162814757734406 ], [ -70.36744383499996, -8.162757396734387 ], [ -70.367404353999973, -8.162772385734403 ], [ -70.367309176999981, -8.162770835734371 ], [ -70.367228514999965, -8.162784177734416 ], [ -70.367216023999958, -8.1627989337344 ], [ -70.367054829999972, -8.162825591734363 ], [ -70.366987893999976, -8.162839197734401 ], [ -70.366908302999946, -8.162866907734392 ], [ -70.363270857999964, -8.163403209734369 ], [ -70.363122772999986, -8.163558139734381 ], [ -70.36285490299997, -8.163656121734371 ], [ -70.361702335999951, -8.164036588734373 ], [ -70.359544666999966, -8.164738989734307 ], [ -70.359515177999981, -8.164747494734343 ], [ -70.359492488999933, -8.164743984734343 ], [ -70.358904550999966, -8.164879880734301 ], [ -70.358888778999983, -8.16489148273433 ], [ -70.35785455499996, -8.165126945734292 ], [ -70.35727346699997, -8.165331779734329 ], [ -70.356817953999951, -8.165235623734299 ], [ -70.356487390999973, -8.165194779734341 ], [ -70.356201867999971, -8.165023637734345 ], [ -70.355929696999965, -8.164881815734301 ], [ -70.355593229999954, -8.164638994734338 ], [ -70.355485792999957, -8.164374987734343 ], [ -70.355370677999986, -8.164109395734348 ], [ -70.355362364999962, -8.163990686734362 ], [ -70.355359454999984, -8.163985369734378 ], [ -70.355277254999976, -8.163722159734373 ], [ -70.355235578999952, -8.163563480734341 ], [ -70.355223828999954, -8.163542501734343 ], [ -70.355161972999952, -8.16339004073437 ], [ -70.355161920999933, -8.163375962734381 ], [ -70.355153117999976, -8.163360241734367 ], [ -70.355138399999987, -8.163319982734373 ], [ -70.354902529999947, -8.162771206734368 ], [ -70.354893932999971, -8.162755371734375 ], [ -70.354721324999957, -8.162221636734412 ], [ -70.354995053999971, -8.162406731734409 ], [ -70.355174041999987, -8.162392434734405 ], [ -70.355248007999933, -8.162521234734376 ], [ -70.355275431999985, -8.16256898873441 ], [ -70.355321862999972, -8.162649841734389 ], [ -70.355508275999966, -8.162608040734378 ], [ -70.354916920999983, -8.161170748734431 ], [ -70.354877624999972, -8.160591035734482 ], [ -70.35466900199998, -8.160305428734459 ], [ -70.354525571999943, -8.159857638734467 ], [ -70.354511346999971, -8.15928858073449 ], [ -70.354552270999989, -8.158872818734512 ], [ -70.354591170999981, -8.1584585757345 ], [ -70.354618025999969, -8.157746813734544 ], [ -70.353899910999985, -8.157910104734515 ], [ -70.354179120999959, -8.158589554734508 ], [ -70.354032656999948, -8.158721313734496 ], [ -70.354025536999984, -8.158721385734536 ], [ -70.35400630099997, -8.159077311734517 ], [ -70.353823582999951, -8.159578116734503 ], [ -70.353681711999968, -8.158920280734508 ], [ -70.353378285999952, -8.158265663734516 ], [ -70.353352942999948, -8.158257109734542 ], [ -70.353072304999955, -8.158014775734541 ], [ -70.352865290999944, -8.15775457473455 ], [ -70.352710513999966, -8.157655486734537 ], [ -70.352699768999969, -8.157649107734526 ], [ -70.352326122999955, -8.157555052734555 ], [ -70.35205585999995, -8.157423438734565 ], [ -70.352045484999962, -8.157404983734585 ], [ -70.352032514999962, -8.157381911734554 ], [ -70.352017485999966, -8.157366934734581 ], [ -70.351879833999988, -8.157193795734555 ], [ -70.351652889999968, -8.157198818734592 ], [ -70.351279898999962, -8.157264022734536 ], [ -70.35095159399998, -8.157292140734581 ], [ -70.350805119999961, -8.157146210734556 ], [ -70.350717908999968, -8.156753827734601 ], [ -70.350709519999953, -8.15675234073459 ], [ -70.350457110999969, -8.156447921734559 ], [ -70.350434115999974, -8.156444668734574 ], [ -70.350335419999965, -8.156395423734621 ], [ -70.350306700999965, -8.156382475734619 ], [ -70.350091886999962, -8.156244626734622 ], [ -70.35021769399998, -8.156235909734606 ], [ -70.350223725999967, -8.156235574734573 ], [ -70.350256889999969, -8.156233772734584 ], [ -70.350275455999963, -8.156232763734621 ], [ -70.350644366999973, -8.156223985734568 ], [ -70.350739123999972, -8.15604466273458 ], [ -70.350598139999988, -8.155982932734609 ], [ -70.349755960999971, -8.155859952734602 ], [ -70.349820635999947, -8.155920039734609 ], [ -70.350036786999965, -8.156231837734582 ], [ -70.349982138999962, -8.156219152734581 ], [ -70.349965975999964, -8.156216707734574 ], [ -70.349917009999956, -8.156182434734594 ], [ -70.349895211999979, -8.156170144734624 ], [ -70.349677578999945, -8.156159737734576 ], [ -70.349285919999943, -8.156229275734617 ], [ -70.349076103999948, -8.156185006734619 ], [ -70.348735611999984, -8.1561832297346 ], [ -70.348712018999947, -8.156179799734607 ], [ -70.34850217099995, -8.156100339734607 ], [ -70.348466064999968, -8.156095014734591 ], [ -70.348405631999981, -8.156086099734575 ], [ -70.348175291999951, -8.155977312734585 ], [ -70.348139046999961, -8.155971129734604 ], [ -70.348018896999974, -8.155939037734587 ], [ -70.347998654999969, -8.155951848734615 ], [ -70.347878178999963, -8.156012243734605 ], [ -70.347707541999966, -8.156129652734583 ], [ -70.347533412999951, -8.156201827734597 ], [ -70.347520344999964, -8.156209989734622 ], [ -70.347325098999988, -8.15622450273462 ], [ -70.347304756999961, -8.156220970734568 ], [ -70.347291169999949, -8.156218610734575 ], [ -70.347277559999952, -8.156216247734603 ], [ -70.347077476999971, -8.156192511734611 ], [ -70.347065535999945, -8.156205150734579 ], [ -70.34704828699995, -8.156221135734587 ], [ -70.346989431999987, -8.156317614734617 ], [ -70.346900155999947, -8.156427680734609 ], [ -70.346880517999978, -8.156439758734603 ], [ -70.346865744999945, -8.156448844734577 ], [ -70.346697248999988, -8.156456486734589 ], [ -70.34666783199998, -8.156451798734603 ], [ -70.34665079399997, -8.156445201734567 ], [ -70.346621742999957, -8.15642890073461 ], [ -70.346508877999952, -8.156383472734586 ], [ -70.34638634099997, -8.156236433734575 ], [ -70.346197955999969, -8.155996441734592 ], [ -70.345861556999978, -8.155944618734621 ], [ -70.345833316999972, -8.155937069734595 ], [ -70.345604461999983, -8.155837405734594 ], [ -70.34556803299995, -8.155814123734618 ], [ -70.345502373999977, -8.155775193734595 ], [ -70.345495315999983, -8.15577523973462 ], [ -70.345290904999956, -8.155687623734595 ], [ -70.345276075999948, -8.155679589734637 ], [ -70.345274321999966, -8.155655572734593 ], [ -70.345215727999971, -8.155542306734633 ], [ -70.345200715999965, -8.155534111734605 ], [ -70.345155581999961, -8.155509477734606 ], [ -70.345126081999979, -8.155501198734624 ], [ -70.345021619999955, -8.155460149734623 ], [ -70.34499995799996, -8.155460149734623 ], [ -70.344934971999976, -8.155460148734639 ], [ -70.344843481999987, -8.155484605734625 ], [ -70.344822655999963, -8.155492741734646 ], [ -70.344809052999949, -8.155500869734638 ], [ -70.344766669999956, -8.155508987734617 ], [ -70.344666772999972, -8.155517098734613 ], [ -70.344651492999958, -8.155508987734617 ], [ -70.344600187999959, -8.155500866734611 ], [ -70.344503660999976, -8.155476456734627 ], [ -70.344480060999956, -8.15546014273464 ], [ -70.344387267999934, -8.155353279734602 ], [ -70.344379997999965, -8.155353277734617 ], [ -70.344218948999981, -8.155344994734621 ], [ -70.344190992999984, -8.155353274734592 ], [ -70.344177597999987, -8.155361545734607 ], [ -70.344114556999955, -8.155378061734629 ], [ -70.344079457999953, -8.155386305734643 ], [ -70.344072205999964, -8.155386306734629 ], [ -70.34398515099997, -8.155386303734598 ], [ -70.343963387999963, -8.155386302734609 ], [ -70.343896811999969, -8.155378055734626 ], [ -70.343883588999972, -8.15538630073463 ], [ -70.343747117999953, -8.155394535734631 ], [ -70.343622891999985, -8.155219745734618 ], [ -70.343621446999975, -8.155211326734639 ], [ -70.343593771999963, -8.155006601734639 ], [ -70.343587849999949, -8.154971974734647 ], [ -70.343528040999956, -8.154884758734653 ], [ -70.343510010999978, -8.154867203734659 ], [ -70.343335132999982, -8.154689570734639 ], [ -70.343201968999949, -8.154626486734671 ], [ -70.343165086999988, -8.154671589734654 ], [ -70.343149337999932, -8.154707497734632 ], [ -70.343154501999948, -8.154849598734613 ], [ -70.343159670999967, -8.154875972734629 ], [ -70.343102314999953, -8.154963277734648 ], [ -70.343065080999963, -8.154963275734616 ], [ -70.34305018699996, -8.154963275734616 ], [ -70.342966075999982, -8.15502383773466 ], [ -70.342812112999979, -8.155143687734629 ], [ -70.342661279999959, -8.155092764734629 ], [ -70.342593978999957, -8.154981160734653 ], [ -70.34256295299997, -8.154963940734632 ], [ -70.342449284999987, -8.15493832073466 ], [ -70.342397170999959, -8.154938537734635 ], [ -70.342359926999961, -8.15493862473463 ], [ -70.342330103999984, -8.154938625734614 ], [ -70.342114666999976, -8.155016944734625 ], [ -70.342039707999959, -8.15507734073466 ], [ -70.342020405999961, -8.155103084734627 ], [ -70.341849617999969, -8.155094507734617 ], [ -70.341811630999985, -8.155085924734662 ], [ -70.341796854999984, -8.155085924734662 ], [ -70.341527282999948, -8.155008263734628 ], [ -70.34149260199996, -8.154973509734621 ], [ -70.341306506999956, -8.154876941734614 ], [ -70.341288728999984, -8.15485918373466 ], [ -70.341159631999972, -8.154805176734648 ], [ -70.341120393999972, -8.154796023734638 ], [ -70.341082601999972, -8.154795777734627 ], [ -70.34105236399995, -8.15479557873463 ], [ -70.341014562999987, -8.15479533173462 ], [ -70.34090748899996, -8.154830173734609 ], [ -70.340871356999969, -8.154838801734659 ], [ -70.340827823999973, -8.154847503734661 ], [ -70.34082185699998, -8.154856234734645 ], [ -70.340766366999958, -8.154961206734612 ], [ -70.340729781999983, -8.155004489734633 ], [ -70.340684245999967, -8.155038852734629 ], [ -70.340634880999971, -8.15509023973461 ], [ -70.340610313999946, -8.155115813734621 ], [ -70.340574943999968, -8.155124158734646 ], [ -70.340482066999982, -8.155140688734623 ], [ -70.340454214999966, -8.155149053734608 ], [ -70.340111134999972, -8.155192782734632 ], [ -70.340095674999986, -8.155178022734635 ], [ -70.340042479999966, -8.155068055734626 ], [ -70.340033975999972, -8.155053329734612 ], [ -70.34000343699995, -8.154964203734636 ], [ -70.33999401799997, -8.154941796734615 ], [ -70.339969838999934, -8.154911966734666 ], [ -70.339845849999961, -8.154867364734656 ], [ -70.33980904699996, -8.154852412734641 ], [ -70.339788054999985, -8.154852539734668 ], [ -70.339648857999975, -8.154860614734654 ], [ -70.339634807999971, -8.154860614734647 ], [ -70.339585631999967, -8.154860613734661 ], [ -70.339550506999956, -8.154860612734616 ], [ -70.339536455999962, -8.154860611734623 ], [ -70.339441739999984, -8.154837683734655 ], [ -70.339417202999982, -8.15481469373467 ], [ -70.339409007999961, -8.154807015734638 ], [ -70.339352586999951, -8.154620575734652 ], [ -70.339347747999966, -8.154589002734648 ], [ -70.339342784999985, -8.154557180734672 ], [ -70.339315133999946, -8.15437989973468 ], [ -70.339308765999988, -8.154339065734678 ], [ -70.33935975199995, -8.153915496734671 ], [ -70.339939844999947, -8.154089739734669 ], [ -70.339948179999965, -8.15409817273467 ], [ -70.339977516999966, -8.15409799073467 ], [ -70.34002861099998, -8.154097191734643 ], [ -70.340087032999975, -8.154096276734659 ], [ -70.340161013999989, -8.154103660734673 ], [ -70.340704648999974, -8.154308720734656 ], [ -70.340721327999972, -8.154341088734661 ], [ -70.340736898999978, -8.154357228734675 ], [ -70.340788186999987, -8.154365286734661 ], [ -70.341161857999964, -8.154467473734641 ], [ -70.341184169999963, -8.154483589734625 ], [ -70.341213606999986, -8.15449952173468 ], [ -70.341264526999964, -8.154515227734681 ], [ -70.341293594999968, -8.154523307734662 ], [ -70.341358819999982, -8.154539444734652 ], [ -70.341603816999964, -8.154587654734637 ], [ -70.341653938999968, -8.15458765373465 ], [ -70.341689740999982, -8.154587654734637 ], [ -70.341890224999986, -8.154587655734627 ], [ -70.341904524999961, -8.154595661734653 ], [ -70.341954619999967, -8.154595661734653 ], [ -70.342083545999969, -8.154587656734673 ], [ -70.342112187999987, -8.154587656734673 ], [ -70.342133666999985, -8.154587656734673 ], [ -70.342240113999935, -8.154627692734646 ], [ -70.342275822999966, -8.154627692734646 ], [ -70.342304389999981, -8.154627691734655 ], [ -70.342448121999951, -8.154603667734625 ], [ -70.342476734999934, -8.154603665734648 ], [ -70.342512825999961, -8.154595663734636 ], [ -70.342534635999982, -8.154587656734673 ], [ -70.342621321999957, -8.154571620734643 ], [ -70.342649991999963, -8.154571620734643 ], [ -70.342693416999964, -8.154563589734646 ], [ -70.342744506999964, -8.154547503734632 ], [ -70.342846001999987, -8.154531383734632 ], [ -70.342875772999946, -8.15451523173463 ], [ -70.342941608999979, -8.154499046734644 ], [ -70.342970973999968, -8.154490942734627 ], [ -70.34306769799997, -8.154450292734669 ], [ -70.343075539999973, -8.154442138734666 ], [ -70.343140577999975, -8.154442136734634 ], [ -70.343426683999951, -8.154428959734661 ], [ -70.343459626999959, -8.154413389734644 ], [ -70.34356255299997, -8.154342930734677 ], [ -70.343598119999967, -8.154343029734649 ], [ -70.343774787999962, -8.154390334734659 ], [ -70.343790929999955, -8.154405904734675 ], [ -70.343824077999955, -8.154444672734645 ], [ -70.34388433099997, -8.154475655734633 ], [ -70.343931173999977, -8.154514122734657 ], [ -70.343968117999964, -8.154529512734639 ], [ -70.344006717999946, -8.154560094734666 ], [ -70.344020744999966, -8.154560135734625 ], [ -70.344106461999957, -8.154575482734669 ], [ -70.344144829999948, -8.154606124734618 ], [ -70.344174352999971, -8.154621307734642 ], [ -70.344188344999964, -8.154621387734652 ], [ -70.344252731999973, -8.154636739734636 ], [ -70.344316293999952, -8.154644582734628 ], [ -70.34434489399996, -8.15465221673467 ], [ -70.344446326999957, -8.154697469734664 ], [ -70.344469039999979, -8.154719841734655 ], [ -70.344554664999976, -8.154749874734627 ], [ -70.34468039799998, -8.154765298734654 ], [ -70.344777247999957, -8.154765824734662 ], [ -70.344791545999954, -8.154773258734654 ], [ -70.344916757999954, -8.154788622734635 ], [ -70.344952440999975, -8.154810793734649 ], [ -70.345063867999954, -8.154840028734641 ], [ -70.345098835999977, -8.15485456173465 ], [ -70.345147428999951, -8.154868999734651 ], [ -70.345265391999988, -8.154912298734619 ], [ -70.345286630999965, -8.154934054734641 ], [ -70.345300514999963, -8.154941258734627 ], [ -70.34537015899997, -8.154991637734637 ], [ -70.345493269999963, -8.155027147734609 ], [ -70.345520818999944, -8.155048618734636 ], [ -70.345616135999933, -8.155084153734634 ], [ -70.345636578999972, -8.155098362734662 ], [ -70.345684151999933, -8.155133779734649 ], [ -70.345711196999957, -8.15514788173461 ], [ -70.34583244099997, -8.155126338734609 ], [ -70.345919794999986, -8.155168598734654 ], [ -70.345919738999953, -8.155175650734654 ], [ -70.346039984999948, -8.155224569734646 ], [ -70.34605985099995, -8.155238520734617 ], [ -70.346185668999965, -8.155293890734599 ], [ -70.346264908999956, -8.155321317734622 ], [ -70.346364913999935, -8.155320891734636 ], [ -70.346431307999978, -8.155327536734621 ], [ -70.34645735099997, -8.155341264734622 ], [ -70.346470675999967, -8.155341207734653 ], [ -70.346515268999951, -8.155382378734613 ], [ -70.346513573999971, -8.155416670734619 ], [ -70.346454664999953, -8.15554569973461 ], [ -70.346432899999968, -8.1555926147346 ], [ -70.346466049999947, -8.155680383734598 ], [ -70.346560459999978, -8.155670800734587 ], [ -70.346592378999958, -8.155676013734601 ], [ -70.34662201499998, -8.155677358734641 ], [ -70.346649513999978, -8.155685346734634 ], [ -70.34669794399997, -8.155700244734597 ], [ -70.34678596599997, -8.155756640734582 ], [ -70.346804553999959, -8.155759745734606 ], [ -70.346831402999953, -8.155767680734593 ], [ -70.346839823999971, -8.155772312734603 ], [ -70.346916757999963, -8.155786290734628 ], [ -70.346933240999988, -8.155795778734616 ], [ -70.346947445999945, -8.155801713734601 ], [ -70.347042995999971, -8.155776649734605 ], [ -70.347054733999983, -8.155768349734617 ], [ -70.347116406999987, -8.155703804734634 ], [ -70.347123875999955, -8.155688094734623 ], [ -70.347157653999943, -8.155633138734629 ], [ -70.34717438499996, -8.155528531734614 ], [ -70.347206243999949, -8.155424790734646 ], [ -70.347221245999947, -8.155414529734642 ], [ -70.347236204999945, -8.155404299734599 ], [ -70.347341677999964, -8.155337186734601 ], [ -70.347356610999952, -8.155336999734651 ], [ -70.34742394999995, -8.155350827734607 ], [ -70.347440696999968, -8.155354266734617 ], [ -70.347457407999968, -8.155357698734646 ], [ -70.347464581999986, -8.155352718734623 ], [ -70.347545576999948, -8.15541118873462 ], [ -70.347564065999961, -8.155418163734639 ], [ -70.347661831999972, -8.155463625734644 ], [ -70.347682047999967, -8.155474102734628 ], [ -70.347692897999934, -8.155476283734641 ], [ -70.347774766999976, -8.155476817734625 ], [ -70.347796179999989, -8.155481142734644 ], [ -70.347803466999949, -8.155485788734625 ], [ -70.347862408999958, -8.155472395734602 ], [ -70.347883563999972, -8.155476697734644 ], [ -70.347885495999947, -8.155480243734605 ], [ -70.348000957999943, -8.155402720734642 ], [ -70.348162309999964, -8.155280004734628 ], [ -70.348179810999966, -8.155283673734644 ], [ -70.348366560999978, -8.155281599734636 ], [ -70.348392648999948, -8.155286643734613 ], [ -70.348410008999963, -8.15529000073464 ], [ -70.348551542999985, -8.155364861734615 ], [ -70.348565734999966, -8.155362822734633 ], [ -70.348666457999968, -8.155448432734614 ], [ -70.348684022999976, -8.155480224734628 ], [ -70.348695734999978, -8.155501418734627 ], [ -70.348734424999975, -8.155599012734635 ], [ -70.348838111999953, -8.155717834734622 ], [ -70.348961489999965, -8.155763422734596 ], [ -70.348991410999986, -8.155749709734614 ], [ -70.349018739999963, -8.155745072734589 ], [ -70.349154572999964, -8.155736267734598 ], [ -70.349262184999986, -8.15566704373459 ], [ -70.349283002999982, -8.15565213473463 ], [ -70.349421383999982, -8.155538549734622 ], [ -70.349449576999973, -8.155525460734632 ], [ -70.349611230999983, -8.155500848734629 ], [ -70.349635098999954, -8.15551864973464 ], [ -70.349650572999963, -8.155521385734641 ], [ -70.349758148999967, -8.155540402734642 ], [ -70.349791416999949, -8.155550771734633 ], [ -70.349814840999954, -8.155568645734615 ], [ -70.34984785499995, -8.155579272734611 ], [ -70.349865693999959, -8.155587075734632 ], [ -70.349940232999984, -8.155636747734613 ], [ -70.349977617999969, -8.155643600734612 ], [ -70.350007421999976, -8.155649063734593 ], [ -70.350152828999967, -8.155720177734628 ], [ -70.350160164999977, -8.155721505734627 ], [ -70.350579423999989, -8.155746674734592 ], [ -70.350595546999955, -8.155743801734614 ], [ -70.350806493999983, -8.155873606734584 ], [ -70.35081900299997, -8.155880599734587 ], [ -70.35086911999997, -8.155892919734582 ], [ -70.35088787799998, -8.155895579734587 ], [ -70.35103210699998, -8.156005509734594 ], [ -70.351065550999976, -8.156021152734576 ], [ -70.351086558999953, -8.15604545873458 ], [ -70.351215761999981, -8.156165080734571 ], [ -70.35122411499998, -8.156229890734595 ], [ -70.351284264999947, -8.156390740734572 ], [ -70.351323127999933, -8.156402089734607 ], [ -70.351358972999947, -8.156423355734589 ], [ -70.351481043999968, -8.156483500734598 ], [ -70.351522703999933, -8.156483738734583 ], [ -70.351549392999971, -8.15648730373457 ], [ -70.351564189999976, -8.15648397673457 ], [ -70.351710861999948, -8.156466776734572 ], [ -70.351745566999966, -8.156440038734598 ], [ -70.351754268999969, -8.156441229734563 ], [ -70.351896917999966, -8.156346864734571 ], [ -70.351925048999988, -8.156325137734585 ], [ -70.351936264999949, -8.156316474734561 ], [ -70.352046102999964, -8.156316795734584 ], [ -70.352071639999963, -8.156335664734609 ], [ -70.352094242999954, -8.156349014734577 ], [ -70.352102633999948, -8.156350193734612 ], [ -70.352193012999976, -8.156418662734588 ], [ -70.352207127999975, -8.15643076573461 ], [ -70.352229547999968, -8.156443994734593 ], [ -70.352260224999952, -8.156458335734591 ], [ -70.352378705999968, -8.156580856734571 ], [ -70.352406235999979, -8.15658954373456 ], [ -70.352431286999945, -8.156608048734567 ], [ -70.352793278999968, -8.156880500734559 ], [ -70.352831478999974, -8.157018934734557 ], [ -70.352860916999987, -8.157042807734596 ], [ -70.352887283999962, -8.15706128673459 ], [ -70.352927827999963, -8.157076777734588 ], [ -70.353083242999958, -8.157059278734566 ], [ -70.353110638999965, -8.1570387917346 ], [ -70.353056011999968, -8.156863846734575 ], [ -70.353086848999965, -8.156837549734597 ], [ -70.353107511999951, -8.156809709734571 ], [ -70.353131359999963, -8.156787689734557 ], [ -70.353249391999952, -8.156678698734567 ], [ -70.353266151999946, -8.156661064734607 ], [ -70.353433073999952, -8.156492692734592 ], [ -70.353465895999989, -8.15647311873458 ], [ -70.353485516999967, -8.156461416734579 ], [ -70.353669472999968, -8.156455682734574 ], [ -70.353704458999971, -8.156441966734613 ], [ -70.353829763999954, -8.156387650734576 ], [ -70.353952152999966, -8.156299398734619 ], [ -70.354066146999969, -8.156187689734612 ], [ -70.354161402999978, -8.156101959734592 ], [ -70.354170390999968, -8.156075124734622 ], [ -70.354167498999971, -8.156069694734569 ], [ -70.354273049999961, -8.155907845734585 ], [ -70.354287561999968, -8.155878189734606 ], [ -70.354322102999959, -8.155662679734636 ], [ -70.354352740999957, -8.15555555773461 ], [ -70.354369239999983, -8.15551880673463 ], [ -70.354371958999934, -8.155510426734631 ], [ -70.354451984999969, -8.155431349734629 ], [ -70.354460165999967, -8.155419968734646 ], [ -70.354336626999952, -8.155252185734605 ], [ -70.354103374999966, -8.154735671734651 ], [ -70.353821603999961, -8.154207752734687 ], [ -70.353797006999969, -8.154131555734688 ], [ -70.353570850999972, -8.153635487734688 ], [ -70.35347251099995, -8.153260750734681 ], [ -70.35354241899995, -8.152806286734728 ], [ -70.353554354999972, -8.152770126734691 ], [ -70.353912978999972, -8.152118946734729 ], [ -70.35427081399996, -8.151514777734766 ], [ -70.354994182999974, -8.1506953227348 ], [ -70.355406645999949, -8.150200630734798 ], [ -70.356359862999966, -8.149577788734829 ], [ -70.35641252299996, -8.149550911734796 ], [ -70.356438778999973, -8.149537510734802 ], [ -70.357777622999947, -8.148993634734826 ], [ -70.357819250999967, -8.149013933734851 ], [ -70.358949240999948, -8.148941047734796 ] ] ] } },
{ "type": "Feature", "properties": { "num_setor": "AC_CZS_SR_02_CPRM", "munic": "CRUZEIRO DO SUL", "grau_risco": "Alto", "distancia_km": 1.64, "chuva_24h": 0.2, "chuva_72h": 13.2, "fonte_estacao": "openmeteo", "codigo_estacao": "openmeteo", "nome_estacao": "Open-Meteo (célula de grade)" }, "geometry": { "type": "Polygon", "coordinates": [ [ [ -72.655722659999981, -7.633981876751151 ], [ -72.656384893999984, -7.633822429751173 ], [ -72.657115604999944, -7.633839814751155 ], [ -72.657560829999966, -7.63396845775118 ], [ -72.658416537999983, -7.63451377275118 ], [ -72.658273750999967, -7.634462364751128 ], [ -72.658061763999967, -7.634437076751174 ], [ -72.657747044999951, -7.634579087751142 ], [ -72.657806586999982, -7.634690063751118 ], [ -72.658487753999964, -7.634766411751164 ], [ -72.658706455999948, -7.634755708751126 ], [ -72.658705013999963, -7.634748807751117 ], [ -72.658619524999949, -7.634643129751163 ], [ -72.658676687999957, -7.634679557751149 ], [ -72.659275509999986, -7.635330903751112 ], [ -72.660699182999963, -7.63687818275109 ], [ -72.661828632999971, -7.637972660751017 ], [ -72.662804774999984, -7.638907647750979 ], [ -72.664243967999937, -7.639588790750977 ], [ -72.665606787999934, -7.640351476750982 ], [ -72.66674256899995, -7.640922530750934 ], [ -72.668219233999935, -7.641406467750935 ], [ -72.669313705999969, -7.641917811750934 ], [ -72.671276440999975, -7.643058531750866 ], [ -72.673108448999983, -7.644647385750853 ], [ -72.674724622999975, -7.646644306750781 ], [ -72.67560169799998, -7.648239649750694 ], [ -72.676213737999944, -7.649833663750681 ], [ -72.676698101999989, -7.651584821750618 ], [ -72.676927232999958, -7.652807128750552 ], [ -72.676974493999978, -7.653356578750532 ], [ -72.676776801999949, -7.653928876750519 ], [ -72.676217832999953, -7.654772354750531 ], [ -72.675568343999942, -7.65520988775048 ], [ -72.674766646999956, -7.655675292750466 ], [ -72.674360366999963, -7.655852656750479 ], [ -72.673483386999976, -7.656105159750487 ], [ -72.67277334299996, -7.656339604750469 ], [ -72.670493028999942, -7.656803096750453 ], [ -72.669265, -7.657019560750448 ], [ -72.667647502999955, -7.657354478750399 ], [ -72.666062397999951, -7.657968789750378 ], [ -72.665532026999983, -7.658182276750427 ], [ -72.665144488999942, -7.6584374327504 ], [ -72.664545455999985, -7.658878344750368 ], [ -72.663936498999988, -7.65947564175036 ], [ -72.663907861999974, -7.659490306750344 ], [ -72.663589943999966, -7.659911577750323 ], [ -72.663417736999975, -7.660537366750332 ], [ -72.663044988999957, -7.661110761750314 ], [ -72.662750627999969, -7.66164186775028 ], [ -72.662282423999955, -7.661240472750309 ], [ -72.661871313999939, -7.660700697750339 ], [ -72.660844701999963, -7.659274927750351 ], [ -72.660830904999955, -7.659194343750368 ], [ -72.660789573999978, -7.659086986750379 ], [ -72.660775570999988, -7.659019872750394 ], [ -72.660539239999935, -7.658091058750406 ], [ -72.660525580999945, -7.658050596750387 ], [ -72.660525443999973, -7.657983150750385 ], [ -72.660525250999967, -7.657888712750431 ], [ -72.660525115999974, -7.657834736750433 ], [ -72.660520743999939, -7.657050183750438 ], [ -72.660533824999959, -7.65699583575045 ], [ -72.660770524999975, -7.656094884750467 ], [ -72.660770344999946, -7.65608113175045 ], [ -72.660769264999942, -7.655998563750471 ], [ -72.66076854399995, -7.655943473750484 ], [ -72.660526085999948, -7.655279795750481 ], [ -72.660226820999981, -7.654773089750488 ], [ -72.659900984999979, -7.653470463750545 ], [ -72.65987370199997, -7.653388796750532 ], [ -72.659612975999949, -7.652162296750596 ], [ -72.659585497999956, -7.652107731750569 ], [ -72.659516777999954, -7.652039476750597 ], [ -72.659503057999984, -7.652012146750579 ], [ -72.659420608999937, -7.651902858750608 ], [ -72.659379392999938, -7.651848151750602 ], [ -72.659324395999988, -7.651807084750618 ], [ -72.659007954999936, -7.651423622750628 ], [ -72.658980411999949, -7.651382504750616 ], [ -72.658952871999986, -7.651286587750609 ], [ -72.658939095999983, -7.651259167750633 ], [ -72.658345926999971, -7.650874227750642 ], [ -72.658318269999938, -7.650819270750611 ], [ -72.658276813999976, -7.650778005750615 ], [ -72.658207718999961, -7.650722945750658 ], [ -72.657862273999967, -7.650448328750655 ], [ -72.657378839999978, -7.650160642750631 ], [ -72.657351218999963, -7.650146952750628 ], [ -72.657295937999947, -7.650105815750649 ], [ -72.656950762999941, -7.649969072750672 ], [ -72.656868037999971, -7.649969276750673 ], [ -72.656467103999944, -7.649804381750664 ], [ -72.656411774999981, -7.649790578750664 ], [ -72.656066300999953, -7.649790342750663 ], [ -72.656024840999976, -7.649790314750672 ], [ -72.655914277999955, -7.649790238750679 ], [ -72.655515806999972, -7.650120621750678 ], [ -72.655268344999968, -7.650176172750675 ], [ -72.655199830999948, -7.650203914750658 ], [ -72.655089765999946, -7.650204167750658 ], [ -72.655048647999934, -7.650218050750667 ], [ -72.654695926999977, -7.650481649750651 ], [ -72.654655501999969, -7.650523171750649 ], [ -72.654205766999951, -7.650621332750631 ], [ -72.654164786999957, -7.650621494750618 ], [ -72.654055534999941, -7.650621927750647 ], [ -72.653605089999985, -7.65061000675064 ], [ -72.653577819999953, -7.650610115750617 ], [ -72.65315568799997, -7.650639136750606 ], [ -72.653074, -7.650639457750623 ], [ -72.653005942999982, -7.650639724750649 ], [ -72.652951506999955, -7.650639938750658 ], [ -72.652815744999941, -7.650667799750632 ], [ -72.65277494299994, -7.650667958750656 ], [ -72.652161176999982, -7.650832577750625 ], [ -72.652120408999963, -7.650859900750608 ], [ -72.651177118999954, -7.651254926750628 ], [ -72.650720862999947, -7.651580280750606 ], [ -72.65043716699995, -7.65240990075057 ], [ -72.650389368999981, -7.653415119750571 ], [ -72.650388884999984, -7.653455860750533 ], [ -72.650416319999977, -7.653523739750562 ], [ -72.650437739999973, -7.654162496750533 ], [ -72.650857102999964, -7.654663699750511 ], [ -72.65241737499997, -7.655947534750457 ], [ -72.653891571999964, -7.657361683750436 ], [ -72.653890822999983, -7.657388778750441 ], [ -72.65531214899994, -7.658520311750385 ], [ -72.655354236999983, -7.6585618537504 ], [ -72.655396122999946, -7.658630438750412 ], [ -72.656014643999981, -7.659823054750341 ], [ -72.656110629999944, -7.659931636750333 ], [ -72.65617945799994, -7.659972563750311 ], [ -72.656487062999986, -7.661054375750338 ], [ -72.656613266999955, -7.661136849750285 ], [ -72.656977524999945, -7.66197986275027 ], [ -72.657038916999966, -7.662040568750267 ], [ -72.657038539999974, -7.662099940750275 ], [ -72.657031133999965, -7.663328923750206 ], [ -72.656965100999969, -7.664920781750202 ], [ -72.656965422999974, -7.665020616750146 ], [ -72.657082998999954, -7.66583757475015 ], [ -72.657120633999966, -7.66593679775016 ], [ -72.65716013499997, -7.666036462750144 ], [ -72.65762261499998, -7.666295882750164 ], [ -72.657723635999957, -7.666295928750131 ], [ -72.657865048999952, -7.666295992750138 ], [ -72.657905289999974, -7.666315951750119 ], [ -72.658005820999961, -7.666375820750155 ], [ -72.659255769999959, -7.666296148750133 ], [ -72.659351897999954, -7.665993348750159 ], [ -72.65937751599995, -7.665711719750135 ], [ -72.659492250999961, -7.665209163750193 ], [ -72.659310500999936, -7.66490972375016 ], [ -72.659309755999971, -7.664878183750209 ], [ -72.659292397999934, -7.664815080750206 ], [ -72.659259159999976, -7.664751946750186 ], [ -72.659210409999957, -7.664704575750198 ], [ -72.658944111999972, -7.664229696750193 ], [ -72.658927740999957, -7.664213806750206 ], [ -72.658862232999979, -7.664150225750202 ], [ -72.658793675999959, -7.663991042750212 ], [ -72.658743626999978, -7.66392713175023 ], [ -72.658644704999972, -7.663831250750242 ], [ -72.658265967999967, -7.663495030750237 ], [ -72.658215950999988, -7.663446691750255 ], [ -72.65821366199998, -7.663398238750219 ], [ -72.658193866999966, -7.663317416750249 ], [ -72.65815960599997, -7.663268881750236 ], [ -72.658154373999935, -7.662846220750231 ], [ -72.65818455699997, -7.662813450750271 ], [ -72.658245898999951, -7.662764264750264 ], [ -72.658322409999982, -7.662698626750235 ], [ -72.658690055999955, -7.662666065750233 ], [ -72.658805909999955, -7.662731806750247 ], [ -72.658821975999956, -7.662731826750258 ], [ -72.658888526999988, -7.662780927750258 ], [ -72.659367965999934, -7.663154307750228 ], [ -72.659608831999947, -7.663575181750207 ], [ -72.659675089999951, -7.663639641750231 ], [ -72.659878753999976, -7.663961481750194 ], [ -72.659911101999967, -7.663977480750219 ], [ -72.659976423999979, -7.664025541750195 ], [ -72.660589968999943, -7.664422705750167 ], [ -72.660751554999933, -7.664549490750188 ], [ -72.660845722999966, -7.664548784750208 ], [ -72.660923823999951, -7.664547917750169 ], [ -72.661310397999955, -7.664910717750161 ], [ -72.661451395999961, -7.664944498750169 ], [ -72.661466074999964, -7.664920378750193 ], [ -72.66146304199998, -7.664663387750188 ], [ -72.661461284999973, -7.664623049750171 ], [ -72.66145987799996, -7.664590743750193 ], [ -72.661458116999938, -7.664550316750206 ], [ -72.661445730999958, -7.664265942750222 ], [ -72.661442884999985, -7.664200600750194 ], [ -72.661440388999949, -7.664143319750191 ], [ -72.66143034199996, -7.66410231575023 ], [ -72.661415959999943, -7.663962590750228 ], [ -72.661414154999989, -7.663921391750228 ], [ -72.661411985999962, -7.663871886750232 ], [ -72.661409814999956, -7.663822307750231 ], [ -72.661400062999974, -7.663789179750241 ], [ -72.661305764999952, -7.663539533750216 ], [ -72.661279233999949, -7.663506033750235 ], [ -72.661278473999971, -7.663489330750213 ], [ -72.661260254999945, -7.663455816750224 ], [ -72.661242017999939, -7.663422267750255 ], [ -72.661215790999961, -7.663397018750224 ], [ -72.661154870999951, -7.663194084750214 ], [ -72.661153413999955, -7.66316856875022 ], [ -72.661174492999976, -7.663092234750255 ], [ -72.661179600999958, -7.66303257375024 ], [ -72.661184717999959, -7.662972789750257 ], [ -72.661189613999966, -7.662904519750217 ], [ -72.661307303999934, -7.662709136750276 ], [ -72.66132307099997, -7.662683582750232 ], [ -72.661646363999978, -7.662745610750229 ], [ -72.661663125999951, -7.662745611750276 ], [ -72.661829747999946, -7.662909049750229 ], [ -72.661864701999946, -7.662943335750245 ], [ -72.661915901999976, -7.662968989750257 ], [ -72.661933882999961, -7.663002978750229 ], [ -72.662008105999973, -7.663206155750228 ], [ -72.662033975999975, -7.66323146275021 ], [ -72.662034896999955, -7.663256748750254 ], [ -72.662102893999986, -7.66353356775021 ], [ -72.662103782999964, -7.663558613750226 ], [ -72.662104671999941, -7.663583638750229 ], [ -72.662306562999959, -7.663699894750247 ], [ -72.662382211999955, -7.664671419750173 ], [ -72.662841717999981, -7.66627357675015 ], [ -72.663248612999951, -7.666764060750156 ], [ -72.663862450999943, -7.667067971750087 ], [ -72.664233392999961, -7.667386449750132 ], [ -72.66485281599995, -7.667713445750073 ], [ -72.66575759899996, -7.667790188750096 ], [ -72.665827529999945, -7.667766718750066 ], [ -72.667198539999958, -7.667750105750108 ], [ -72.667302094999968, -7.667754229750096 ], [ -72.668405513999971, -7.667623875750077 ], [ -72.67013923899998, -7.667565656750102 ], [ -72.671109447999982, -7.667661287750116 ], [ -72.671543976999942, -7.667923338750096 ], [ -72.671771077999949, -7.668117686750078 ], [ -72.672092493999969, -7.668448904750051 ], [ -72.672222500999965, -7.668758720750068 ], [ -72.672303187999944, -7.669123705750033 ], [ -72.672288863999938, -7.669209307750046 ], [ -72.672350340999969, -7.669323390750066 ], [ -72.672379010999975, -7.670075603750042 ], [ -72.672368217999974, -7.670534260749989 ], [ -72.672374128999934, -7.670725889750014 ], [ -72.672368364999954, -7.670891239749984 ], [ -72.672318879999978, -7.67160748174997 ], [ -72.67211763499995, -7.672252253749937 ], [ -72.671678776999954, -7.673804657749884 ], [ -72.671672429999944, -7.673839791749908 ], [ -72.671649954999964, -7.673962694749885 ], [ -72.670999429999938, -7.674821069749861 ], [ -72.670954637999955, -7.674919020749852 ], [ -72.669769937999945, -7.676155125749846 ], [ -72.66783970299997, -7.67840971274975 ], [ -72.666739863999965, -7.679523667749709 ], [ -72.665552979999973, -7.68050941474969 ], [ -72.665467489999969, -7.680524340749695 ], [ -72.665409371999942, -7.680554148749665 ], [ -72.663994336999963, -7.680958193749691 ], [ -72.663855139999953, -7.680956382749685 ], [ -72.663785507999933, -7.680955475749672 ], [ -72.661963148999973, -7.68110779974966 ], [ -72.661907026999984, -7.681093446749685 ], [ -72.660676833999958, -7.680968479749651 ], [ -72.660551206999969, -7.680968091749662 ], [ -72.660467445999984, -7.680967832749673 ], [ -72.659349190999933, -7.680663192749654 ], [ -72.65928867599996, -7.680619607749707 ], [ -72.658658564999939, -7.6803997687497 ], [ -72.657647046999955, -7.679979669749712 ], [ -72.657597361999933, -7.679933913749695 ], [ -72.657549577999987, -7.6799030017497 ], [ -72.656524386999934, -7.679492103749728 ], [ -72.655848881999987, -7.679117357749707 ], [ -72.654643976999978, -7.678316596749739 ], [ -72.654641984999955, -7.678303523749746 ], [ -72.654554996999934, -7.67826359174976 ], [ -72.654011379999986, -7.677835406749799 ], [ -72.654070909999973, -7.677782343749803 ], [ -72.654139904999965, -7.677702317749767 ], [ -72.654181681999944, -7.677621735749761 ], [ -72.65464426799997, -7.677146154749784 ], [ -72.654682751999985, -7.677131767749823 ], [ -72.654715023999984, -7.677075549749769 ], [ -72.654749466999988, -7.677033152749816 ], [ -72.654797576999954, -7.6769904927498 ], [ -72.655362621999984, -7.676615970749785 ], [ -72.655494017999956, -7.676558237749789 ], [ -72.655573695999976, -7.676529174749787 ], [ -72.655690268999933, -7.676457112749834 ], [ -72.655754864999949, -7.676413804749846 ], [ -72.656784222999988, -7.675927928749836 ], [ -72.656849660999967, -7.675868847749818 ], [ -72.656889503999935, -7.67583916874985 ], [ -72.657893508999962, -7.675594897749823 ], [ -72.657992399999955, -7.675579413749859 ], [ -72.658063750999986, -7.675579068749869 ], [ -72.658106654999983, -7.67557909774985 ], [ -72.658980697999937, -7.675611624749822 ], [ -72.659080691999975, -7.675611665749843 ], [ -72.659180685999956, -7.675611706749863 ], [ -72.65923782599998, -7.675611729749848 ], [ -72.660182581999948, -7.67577759274985 ], [ -72.660196807999966, -7.675777597749854 ], [ -72.660296388999939, -7.675777638749819 ], [ -72.660907151999936, -7.675927740749836 ], [ -72.661006312999973, -7.675928527749809 ], [ -72.662451044999955, -7.675939069749845 ], [ -72.662535945999934, -7.675938996749823 ], [ -72.662578397999937, -7.675938960749811 ], [ -72.663212957999974, -7.675996694749859 ], [ -72.663240645999963, -7.67601121674981 ], [ -72.663297169999964, -7.676011168749811 ], [ -72.663367825999956, -7.676011109749813 ], [ -72.664088717999959, -7.676192943749848 ], [ -72.664159078999944, -7.676192742749811 ], [ -72.664214396999967, -7.676207150749843 ], [ -72.664255614999945, -7.676221587749846 ], [ -72.664308851999976, -7.676265041749823 ], [ -72.664935690999982, -7.676494351749819 ], [ -72.666217752999955, -7.676533832749808 ], [ -72.666839425999967, -7.676169501749801 ], [ -72.667574934999948, -7.675440395749833 ], [ -72.667616756999962, -7.675366295749836 ], [ -72.668024785999933, -7.673203853749916 ], [ -72.667605931999958, -7.671763854749951 ], [ -72.667199019999941, -7.671034144749998 ], [ -72.667182762999971, -7.671014007749967 ], [ -72.666362079999942, -7.670312619750007 ], [ -72.665417292999962, -7.669570172750037 ], [ -72.665379041999984, -7.669537519750034 ], [ -72.665340707999974, -7.669504796750031 ], [ -72.665234110999961, -7.669428322750063 ], [ -72.665205592999939, -7.669395271750061 ], [ -72.664198606999946, -7.668780089750037 ], [ -72.663569870999936, -7.668611486750074 ], [ -72.663528397999983, -7.668601099750044 ], [ -72.663435228999958, -7.668604134750069 ], [ -72.662193267999953, -7.668598157750066 ], [ -72.66200325899996, -7.668602768750074 ], [ -72.661971470999958, -7.668602755750042 ], [ -72.661409695999964, -7.668762416750033 ], [ -72.660683173999985, -7.668767567750071 ], [ -72.659060408999949, -7.669008366750039 ], [ -72.656979311999976, -7.669332508750045 ], [ -72.655271486999936, -7.668576874750038 ], [ -72.653636034999977, -7.665925883750122 ], [ -72.653627588999939, -7.665904439750163 ], [ -72.653610642999979, -7.665861417750165 ], [ -72.653444259999958, -7.664691380750191 ], [ -72.653442027999972, -7.664660320750166 ], [ -72.653445547999979, -7.66460593375019 ], [ -72.653399321999984, -7.663934307750227 ], [ -72.65339824299997, -7.663917962750221 ], [ -72.653393912999945, -7.663852359750223 ], [ -72.653389558999947, -7.663786403750216 ], [ -72.653369575999989, -7.663132114750226 ], [ -72.653366734999963, -7.663088465750268 ], [ -72.653363883999987, -7.663044665750248 ], [ -72.65329524699996, -7.662108983750247 ], [ -72.653307671999983, -7.662051708750285 ], [ -72.65366036599994, -7.661143403750318 ], [ -72.653682099999969, -7.661089340750327 ], [ -72.653678363999973, -7.661044367750333 ], [ -72.653676866999945, -7.661026337750297 ], [ -72.653692716999956, -7.660350976750325 ], [ -72.653690715999971, -7.660323004750327 ], [ -72.653688041999942, -7.660285633750308 ], [ -72.653502583999966, -7.659886903750352 ], [ -72.653225533999944, -7.659162201750356 ], [ -72.653223562999983, -7.659141536750337 ], [ -72.653212088999965, -7.659120783750398 ], [ -72.653074445999948, -7.658566422750397 ], [ -72.653051286999982, -7.658524094750391 ], [ -72.653036809999946, -7.65847112975039 ], [ -72.653033928999946, -7.658439307750408 ], [ -72.652845255999978, -7.657593656750413 ], [ -72.652824286999987, -7.657582388750429 ], [ -72.652818800999967, -7.65752595875041 ], [ -72.652813284999979, -7.657469310750414 ], [ -72.652808505999985, -7.657423137750426 ], [ -72.652274303999945, -7.656758466750467 ], [ -72.652213694999944, -7.656674912750455 ], [ -72.652165692999972, -7.656614738750457 ], [ -72.651655377999987, -7.656201067750478 ], [ -72.651596907999988, -7.656151672750457 ], [ -72.651148662999958, -7.655947696750451 ], [ -72.651092037999945, -7.655921713750443 ], [ -72.650534937999964, -7.655847526750449 ], [ -72.649778908999963, -7.655663602750461 ], [ -72.649303073999988, -7.655137101750508 ], [ -72.649288277999972, -7.655096071750477 ], [ -72.648827949999941, -7.653923330750507 ], [ -72.648824846999958, -7.653901173750522 ], [ -72.648812392999957, -7.653812261750558 ], [ -72.648804576999964, -7.653756458750551 ], [ -72.648713375999989, -7.652540732750593 ], [ -72.64862266199998, -7.650856151750633 ], [ -72.648621477999939, -7.650846470750643 ], [ -72.648694276999947, -7.650682482750654 ], [ -72.648699523999937, -7.650672467750605 ], [ -72.648798518999968, -7.650491667750661 ], [ -72.648806769999965, -7.65047773575066 ], [ -72.649039027999947, -7.650256800750651 ], [ -72.649061733999986, -7.650249482750623 ], [ -72.649065066999981, -7.650249474750652 ], [ -72.649322594999944, -7.650094049750651 ], [ -72.649783070999945, -7.649875616750671 ], [ -72.649800152999944, -7.649867827750676 ], [ -72.650232348999964, -7.649629694750648 ], [ -72.650555169999961, -7.649424110750698 ], [ -72.651569436999978, -7.648877814750671 ], [ -72.65163483699996, -7.648859778750699 ], [ -72.651683671999933, -7.648841711750716 ], [ -72.652036059999944, -7.64871443975068 ], [ -72.652086340999972, -7.64871444775071 ], [ -72.652152616999956, -7.648696152750689 ], [ -72.65286266399994, -7.648437038750681 ], [ -72.652904633999981, -7.648390001750681 ], [ -72.653299975999971, -7.647810232750746 ], [ -72.653326339999978, -7.647781210750712 ], [ -72.655082677999985, -7.646050892750766 ], [ -72.655154868999944, -7.646034518750784 ], [ -72.65521115699994, -7.64602648075081 ], [ -72.655258925999988, -7.645984390750789 ], [ -72.656042914999944, -7.645563679750801 ], [ -72.656101201999945, -7.645536774750768 ], [ -72.656134427999973, -7.645527636750779 ], [ -72.656550313999958, -7.645256679750783 ], [ -72.656592923999938, -7.645238204750798 ], [ -72.656643595999981, -7.64522860075078 ], [ -72.656677542999944, -7.645219189750832 ], [ -72.656729441999971, -7.645183087750809 ], [ -72.656771589999948, -7.645174706750829 ], [ -72.656806639999957, -7.645146944750822 ], [ -72.657668090999948, -7.644809377750803 ], [ -72.657529574999955, -7.644306022750839 ], [ -72.657345405999934, -7.644195238750827 ], [ -72.657001577999949, -7.644165012750848 ], [ -72.656975130999967, -7.644165005750867 ], [ -72.656653682999945, -7.644023341750862 ], [ -72.656025720999935, -7.643858054750852 ], [ -72.655707068999959, -7.643858259750843 ], [ -72.65449407899996, -7.644237869750811 ], [ -72.65448405799998, -7.644203829750871 ], [ -72.654284965999977, -7.644180712750862 ], [ -72.653252289999955, -7.64437171575085 ], [ -72.652936526999952, -7.644551879750808 ], [ -72.652102132999971, -7.644958185750801 ], [ -72.65197584699996, -7.64499956075082 ], [ -72.651906551999957, -7.645038231750798 ], [ -72.65129165899998, -7.645615780750787 ], [ -72.651226761999965, -7.645688279750786 ], [ -72.650398210999981, -7.646412983750756 ], [ -72.650282498999957, -7.646496226750764 ], [ -72.65024581199998, -7.646545027750753 ], [ -72.649919660999956, -7.647166826750771 ], [ -72.649721707999959, -7.647437316750757 ], [ -72.649476834999973, -7.648013019750717 ], [ -72.649159870999938, -7.648562896750732 ], [ -72.649105037999959, -7.648625082750708 ], [ -72.648643239999956, -7.649283568750703 ], [ -72.648422765999953, -7.650100054750644 ], [ -72.647814444999938, -7.650244880750631 ], [ -72.647781413999951, -7.650283502750661 ], [ -72.647203699999977, -7.650595501750614 ], [ -72.647138731999974, -7.650657668750625 ], [ -72.646740738999938, -7.650869936750605 ], [ -72.645869395999966, -7.651017340750617 ], [ -72.644840762999934, -7.650992566750612 ], [ -72.643664208999951, -7.650498517750638 ], [ -72.643258818999982, -7.650304546750655 ], [ -72.642903788999945, -7.649955574750679 ], [ -72.642481748999955, -7.649267765750706 ], [ -72.64246424199996, -7.649214470750668 ], [ -72.642445339999938, -7.64914770875071 ], [ -72.642395832999966, -7.648793331750712 ], [ -72.642434513999945, -7.648696442750693 ], [ -72.642409560999965, -7.64834321375072 ], [ -72.642403517999981, -7.648285872750721 ], [ -72.642330417999972, -7.648068228750696 ], [ -72.642311577999976, -7.648009649750717 ], [ -72.64228948799996, -7.647921417750724 ], [ -72.642283118999956, -7.647862404750725 ], [ -72.642261923999968, -7.647786857750731 ], [ -72.642031732999953, -7.64776883975074 ], [ -72.641937153999947, -7.647722164750722 ], [ -72.641731831999948, -7.647899924750707 ], [ -72.641474154999969, -7.64823210975074 ], [ -72.641299248999985, -7.648584183750706 ], [ -72.641267677999963, -7.648624962750725 ], [ -72.641017809999937, -7.649067783750688 ], [ -72.640578588999972, -7.6494481317507 ], [ -72.640566632999935, -7.649448092750657 ], [ -72.639791201999969, -7.649390502750672 ], [ -72.639737566999941, -7.649390726750696 ], [ -72.639287520999972, -7.649334209750676 ], [ -72.63926964999996, -7.649334288750688 ], [ -72.639238661999968, -7.649316839750654 ], [ -72.63887318999997, -7.649224181750686 ], [ -72.638841444999969, -7.649206316750663 ], [ -72.638824409999984, -7.649172450750702 ], [ -72.639801124999963, -7.649077722750683 ], [ -72.639815692999946, -7.649076376750704 ], [ -72.64036542599996, -7.648951837750697 ], [ -72.640383218999943, -7.648950280750677 ], [ -72.640401014999952, -7.648948723750718 ], [ -72.640421372999981, -7.648937127750685 ], [ -72.640766796999969, -7.648782784750718 ], [ -72.640775934999965, -7.648775055750723 ], [ -72.640797274999954, -7.648766079750711 ], [ -72.641070979999938, -7.648622949750696 ], [ -72.641086550999944, -7.648605048750715 ], [ -72.64109601399997, -7.648590833750699 ], [ -72.641284952999968, -7.648433754750686 ], [ -72.641300850999983, -7.648422227750716 ], [ -72.641304318999971, -7.648414857750727 ], [ -72.641370567999957, -7.648334201750703 ], [ -72.641367615999968, -7.647400269750724 ], [ -72.641206070999942, -7.647575783750746 ], [ -72.641320020999956, -7.64740186275076 ], [ -72.643652728999939, -7.643785545750845 ], [ -72.64498673099996, -7.641839028750884 ], [ -72.645895497999959, -7.640655803750952 ], [ -72.647097637999934, -7.639465706750977 ], [ -72.648995433999971, -7.637773505751068 ], [ -72.650835222999945, -7.636486344751117 ], [ -72.652751219999971, -7.635226307751148 ], [ -72.654316159999951, -7.634468695751135 ], [ -72.655722659999981, -7.633981876751151 ] ] ] } },
{ "type": "Feature", "properties": { "num_setor": "AC_CZS_SR_02_CPRM", "munic": "CRUZEIRO DO SUL", "grau_risco": "Alto", "distancia_km": 2.05, "chuva_24h": 0.2, "chuva_72h": 13.2, "fonte_estacao": "openmeteo", "codigo_estacao": "openmeteo", "nome_estacao": "Open-Meteo (célula de grade)" }, "geometry": { "type": "Polygon", "coordinates": [ [ [ -72.637342550999961, -7.618665638751676 ], [ -72.637334405999979, -7.618626456751649 ], [ -72.637353259999941, -7.61848548775168 ], [ -72.637522524999952, -7.618606898751628 ], [ -72.637550438999938, -7.618638063751678 ], [ -72.637579754999933, -7.618677021751628 ], [ -72.637590524999951, -7.618676591751625 ], [ -72.638057081999989, -7.619091541751663 ], [ -72.638071092999951, -7.619118117751643 ], [ -72.638101601999949, -7.619150780751665 ], [ -72.638131818999966, -7.619178245751622 ], [ -72.638156629999969, -7.619205591751635 ], [ -72.63872374999994, -7.619654588751608 ], [ -72.638764616999936, -7.619659084751633 ], [ -72.638785952999967, -7.619671050751619 ], [ -72.639416983999979, -7.620007902751588 ], [ -72.639437599999951, -7.620026064751589 ], [ -72.639458394999963, -7.620050284751591 ], [ -72.639473240999962, -7.620050088751615 ], [ -72.640430890999937, -7.620421037751601 ], [ -72.641870216999962, -7.620837898751613 ], [ -72.642616989999965, -7.620963267751597 ], [ -72.642621326999972, -7.62096321375159 ], [ -72.644074319999959, -7.621279889751541 ], [ -72.64650052099995, -7.621475882751573 ], [ -72.647941882999987, -7.621672329751567 ], [ -72.64844233599996, -7.622314693751539 ], [ -72.648548403999939, -7.623263732751482 ], [ -72.64826078599998, -7.624036569751465 ], [ -72.64776102899998, -7.624716569751486 ], [ -72.647023433999948, -7.625812192751416 ], [ -72.646423260999939, -7.626441349751385 ], [ -72.646418822999976, -7.626468776751414 ], [ -72.64608906999996, -7.626854052751375 ], [ -72.646368831999951, -7.626393431751379 ], [ -72.646346758999982, -7.626393962751401 ], [ -72.64632497499997, -7.626388272751429 ], [ -72.64551871599997, -7.62662172775142 ], [ -72.644852686999968, -7.627796426751372 ], [ -72.642940110999973, -7.631008749751286 ], [ -72.643423606999988, -7.631904971751253 ], [ -72.64383715799994, -7.630944831751269 ], [ -72.643847607999987, -7.630889549751267 ], [ -72.644083916999989, -7.630367715751289 ], [ -72.64367753199997, -7.631452261751223 ], [ -72.642870666999954, -7.633697890751164 ], [ -72.642052432999947, -7.635391495751128 ], [ -72.641494851999937, -7.636434380751091 ], [ -72.641032694999979, -7.637183460751061 ], [ -72.640173469999979, -7.638089169751025 ], [ -72.639860007999971, -7.638290732751038 ], [ -72.640894645999936, -7.637308889751042 ], [ -72.63967497699997, -7.637318173751074 ], [ -72.638326813999981, -7.638701606751039 ], [ -72.637726432999955, -7.639240952751007 ], [ -72.637949538999976, -7.638931698751005 ], [ -72.638015966999944, -7.638671400751015 ], [ -72.638043109999956, -7.638640869751022 ], [ -72.638067417999935, -7.638568693751023 ], [ -72.638354094999954, -7.637991574751031 ], [ -72.638380643999938, -7.637936838751047 ], [ -72.638398610999957, -7.637737130751029 ], [ -72.638653943999941, -7.637225604751077 ], [ -72.638850221999974, -7.637030801751086 ], [ -72.638870362999967, -7.637019574751077 ], [ -72.638929834999942, -7.636961780751085 ], [ -72.639239114999953, -7.636645468751105 ], [ -72.63925809999995, -7.63658399875111 ], [ -72.639288669999985, -7.636559139751104 ], [ -72.639318279999941, -7.636497199751089 ], [ -72.639348674999951, -7.636459794751081 ], [ -72.639646226999957, -7.636083855751113 ], [ -72.639698770999985, -7.636043894751092 ], [ -72.640637015999971, -7.63424838775115 ], [ -72.640960031999953, -7.633482685751205 ], [ -72.64145313299997, -7.63306965675121 ], [ -72.64155711799998, -7.63295935775118 ], [ -72.641557585999976, -7.632938841751174 ], [ -72.641553501999965, -7.632913034751192 ], [ -72.641553617999989, -7.632907871751232 ], [ -72.641527244999963, -7.632824262751218 ], [ -72.641513418999978, -7.632808329751183 ], [ -72.641433373999973, -7.632796698751179 ], [ -72.641324754999971, -7.632779360751215 ], [ -72.64130582599995, -7.632773810751192 ], [ -72.641282137999951, -7.632768187751191 ], [ -72.641162811999948, -7.632692323751199 ], [ -72.641134161999958, -7.632691913751215 ], [ -72.641109971999981, -7.632670229751227 ], [ -72.641105185999947, -7.632670160751221 ], [ -72.640949771999942, -7.632587494751196 ], [ -72.640911187999961, -7.632587018751228 ], [ -72.640882241999975, -7.632586661751196 ], [ -72.640732806999949, -7.632586037751199 ], [ -72.640713280999989, -7.632580593751193 ], [ -72.640547765999941, -7.632553296751216 ], [ -72.640513263999935, -7.632542346751229 ], [ -72.640483540999981, -7.632531377751211 ], [ -72.640458975999934, -7.632525884751209 ], [ -72.640439610999977, -7.632525883751216 ], [ -72.640338336999946, -7.632403827751215 ], [ -72.640313015999936, -7.63239261075121 ], [ -72.640307681999957, -7.632386995751239 ], [ -72.640268829999968, -7.632330563751234 ], [ -72.640253608999956, -7.632324891751196 ], [ -72.640237424999953, -7.632307847751194 ], [ -72.640125248999937, -7.632215293751205 ], [ -72.640104792999978, -7.632209345751235 ], [ -72.640073792999942, -7.632197514751245 ], [ -72.640053845999944, -7.632197345751213 ], [ -72.639874229999975, -7.632195825751204 ], [ -72.639849270999946, -7.632195614751217 ], [ -72.639829300999963, -7.63219544575124 ], [ -72.639814996999974, -7.632201115751244 ], [ -72.63963705599997, -7.632251519751228 ], [ -72.639622890999988, -7.632257143751204 ], [ -72.639603765999937, -7.632262721751219 ], [ -72.639584655999954, -7.63226829475123 ], [ -72.639546483999936, -7.632279427751212 ], [ -72.639387092999982, -7.6323407367512 ], [ -72.639347527999973, -7.632340416751228 ], [ -72.639327741999978, -7.632340256751216 ], [ -72.639318740999954, -7.632345846751222 ], [ -72.639284124999961, -7.632345567751211 ], [ -72.63926928799998, -7.632345447751232 ], [ -72.639111543999945, -7.632349252751238 ], [ -72.639091692999955, -7.632349011751229 ], [ -72.639061911999988, -7.632348651751228 ], [ -72.639047018999975, -7.632348471751194 ], [ -72.639027158999966, -7.63234823075125 ], [ -72.638852646999965, -7.632317669751231 ], [ -72.638827066999966, -7.632312261751237 ], [ -72.638806364999937, -7.632306789751236 ], [ -72.638740564999978, -7.632174572751198 ], [ -72.638725964999935, -7.632151334751216 ], [ -72.638724784999965, -7.632145480751226 ], [ -72.638798337999958, -7.63203793575123 ], [ -72.638958643999956, -7.632002451751221 ], [ -72.63917521999997, -7.631957356751253 ], [ -72.639195685999937, -7.631957635751266 ], [ -72.639211032999981, -7.631957843751223 ], [ -72.639372798999943, -7.63194794775122 ], [ -72.639403478999952, -7.631948365751238 ], [ -72.639413703999935, -7.631948505751237 ], [ -72.639444373999936, -7.631948923751251 ], [ -72.639579050999942, -7.631926521751235 ], [ -72.639594396999939, -7.631926731751236 ], [ -72.639640422999946, -7.631927362751208 ], [ -72.63990434599998, -7.631917860751249 ], [ -72.639945142999977, -7.631918234751224 ], [ -72.640114439999934, -7.631931866751217 ], [ -72.640142029999936, -7.631956210751206 ], [ -72.640162872999952, -7.631962408751206 ], [ -72.640357265999967, -7.632058383751219 ], [ -72.640373604999979, -7.632076110751219 ], [ -72.640379459999963, -7.632087900751243 ], [ -72.640405336999947, -7.632099670751204 ], [ -72.640426557999945, -7.632117284751209 ], [ -72.640570550999939, -7.632187260751222 ], [ -72.640596052999967, -7.63219884875123 ], [ -72.640611269999965, -7.632204634751203 ], [ -72.640626170999951, -7.632204635751197 ], [ -72.640651598999966, -7.632216251751245 ], [ -72.640681988999972, -7.63222812675123 ], [ -72.64083200999994, -7.632258725751241 ], [ -72.640862289999973, -7.632276192751211 ], [ -72.640882068999986, -7.632276462751193 ], [ -72.640956795999955, -7.632300138751209 ], [ -72.640966517999971, -7.632294613751204 ], [ -72.640990792999958, -7.63227794475121 ], [ -72.641002604999983, -7.632235440751243 ], [ -72.641080750999947, -7.632092394751244 ], [ -72.641080801999976, -7.632078577751224 ], [ -72.641121134999935, -7.63188313875125 ], [ -72.641108156999962, -7.631840458751214 ], [ -72.640995399999952, -7.631665513751249 ], [ -72.640975291999951, -7.631650701751232 ], [ -72.64096187399997, -7.63164327475122 ], [ -72.640908080999964, -7.631613498751253 ], [ -72.640901316999987, -7.631606059751258 ], [ -72.640792757999975, -7.631523670751259 ], [ -72.64075177999996, -7.631493499751263 ], [ -72.640717560999974, -7.63147078775124 ], [ -72.640697099999954, -7.631463171751228 ], [ -72.640479110999934, -7.631228072751233 ], [ -72.640457523999942, -7.631203343751269 ], [ -72.640435863999983, -7.631178530751235 ], [ -72.640428301999975, -7.631162029751228 ], [ -72.640367040999934, -7.630848355751253 ], [ -72.640365354999972, -7.630806491751291 ], [ -72.640357639999934, -7.630789913751247 ], [ -72.640356610999959, -7.630764639751257 ], [ -72.640276251999978, -7.630386995751299 ], [ -72.640267849999987, -7.630360715751257 ], [ -72.640251377999959, -7.630316820751283 ], [ -72.640225019999946, -7.629893092751308 ], [ -72.640223900999956, -7.629866236751275 ], [ -72.640206299999988, -7.629803273751271 ], [ -72.64015335299996, -7.629454091751301 ], [ -72.640136406999943, -7.629416591751286 ], [ -72.640117657999951, -7.629341157751297 ], [ -72.640098763999958, -7.629265136751309 ], [ -72.640102324999987, -7.62883625575132 ], [ -72.640115377999962, -7.628776318751318 ], [ -72.64013642499998, -7.628716023751352 ], [ -72.640240735999953, -7.628129305751354 ], [ -72.640255840999941, -7.628097015751372 ], [ -72.640372222999986, -7.62790144575136 ], [ -72.640412161999961, -7.627857661751344 ], [ -72.640436330999933, -7.627835754751389 ], [ -72.640443364999953, -7.627791258751341 ], [ -72.640627467999934, -7.627441586751386 ], [ -72.640795605999983, -7.626913502751406 ], [ -72.640950158999942, -7.626827133751372 ], [ -72.640966877999972, -7.626807005751422 ], [ -72.640983640999934, -7.62678682575139 ], [ -72.641006059999938, -7.626759835751412 ], [ -72.641027762999954, -7.626725943751375 ], [ -72.641138202999969, -7.626498335751387 ], [ -72.641149, -7.626477311751414 ], [ -72.641165197999953, -7.626442765751423 ], [ -72.641191788999947, -7.626374365751388 ], [ -72.641191158999959, -7.626367459751377 ], [ -72.641297080999948, -7.626138044751412 ], [ -72.641457153999966, -7.625633620751439 ], [ -72.641487579999989, -7.62558671275144 ], [ -72.641505003999953, -7.625547295751457 ], [ -72.641530086999978, -7.625515788751443 ], [ -72.641756939999937, -7.625188659751427 ], [ -72.641803616999937, -7.625146887751455 ], [ -72.641843019999953, -7.625096744751445 ], [ -72.641916317999971, -7.625012376751462 ], [ -72.641943005999963, -7.62497843275147 ], [ -72.641957219999938, -7.624978199751434 ], [ -72.642830212999968, -7.623269790751482 ], [ -72.642850171999953, -7.623253366751517 ], [ -72.643023514999982, -7.623094619751526 ], [ -72.643028020999964, -7.622732567751515 ], [ -72.64301052999997, -7.622688774751544 ], [ -72.642994758999976, -7.622671356751517 ], [ -72.642833461999942, -7.622375770751534 ], [ -72.642800915999942, -7.622339374751552 ], [ -72.642754070999956, -7.622312197751552 ], [ -72.642580312999939, -7.622118149751545 ], [ -72.642556039999988, -7.62209953075154 ], [ -72.64249136799998, -7.622052857751553 ], [ -72.642231458999959, -7.621876480751557 ], [ -72.642192149999971, -7.621860105751529 ], [ -72.642169770999942, -7.621861746751564 ], [ -72.642132499999946, -7.621864480751529 ], [ -72.64107004799996, -7.621600027751541 ], [ -72.641052233999972, -7.621606006751578 ], [ -72.640575028999933, -7.621610402751588 ], [ -72.64054753299996, -7.62161079075157 ], [ -72.640482055999939, -7.621633313751559 ], [ -72.640177521999988, -7.621566998751591 ], [ -72.640145350999944, -7.62156734475157 ], [ -72.640126969999983, -7.621567542751579 ], [ -72.640085624999983, -7.621567987751588 ], [ -72.638712336999959, -7.621086041751569 ], [ -72.638533664999954, -7.620807285751576 ], [ -72.638526380999963, -7.620785978751581 ], [ -72.638520399999948, -7.620775286751596 ], [ -72.638498394999942, -7.620748441751609 ], [ -72.638407073999986, -7.620478872751611 ], [ -72.638397840999971, -7.620444982751614 ], [ -72.638379689999965, -7.620416547751618 ], [ -72.638316849999967, -7.62019311375161 ], [ -72.638288511999974, -7.620163827751579 ], [ -72.638266528999964, -7.620146166751625 ], [ -72.638245276999953, -7.620134336751622 ], [ -72.638218248999976, -7.620116568751604 ], [ -72.638196898999979, -7.620104680751585 ], [ -72.638028169999984, -7.619966638751583 ], [ -72.638011363999965, -7.619954478751598 ], [ -72.637993595999944, -7.619936228751623 ], [ -72.637806296999941, -7.619676434751637 ], [ -72.637787383999978, -7.619652075751636 ], [ -72.637770369999942, -7.619640080751617 ], [ -72.637745322999933, -7.619609500751622 ], [ -72.637711077999938, -7.619553802751644 ], [ -72.637556305999965, -7.619267951751653 ], [ -72.637535282999977, -7.619235583751646 ], [ -72.637529003999987, -7.619229158751609 ], [ -72.637454661999982, -7.619042328751653 ], [ -72.637445680999974, -7.619021776751634 ], [ -72.63741607999998, -7.618974236751662 ], [ -72.637408246999939, -7.618932015751664 ], [ -72.637359293999964, -7.618695579751653 ], [ -72.637342550999961, -7.618665638751676 ] ] ] } },
{ "type": "Feature", "properties": { "num_setor": "AC_CZS_SR_03_CPRM", "munic": "CRUZEIRO DO SUL", "grau_risco": "Muito alto", "distancia_km": 1.58, "chuva_24h": 0.2, "chuva_72h": 13.2, "fonte_estacao": "openmeteo", "codigo_estacao": "openmeteo", "nome_estacao": "Open-Meteo (célula de grade)" }, "geometry": { "type": "Polygon", "coordinates": [ [ [ -72.64360517199998, -7.619439692751623 ], [ -72.643668401999946, -7.619109109751637 ], [ -72.644846736999966, -7.619050567751668 ], [ -72.64571387899997, -7.619152311751609 ], [ -72.646337350999943, -7.619233924751631 ], [ -72.647049668999955, -7.619277518751654 ], [ -72.647563069999933, -7.619231086751627 ], [ -72.647816639999974, -7.619555577751631 ], [ -72.648119508999969, -7.619943156751624 ], [ -72.649058911999987, -7.619820246751614 ], [ -72.649211019999939, -7.619985508751602 ], [ -72.64940143299998, -7.620192388751605 ], [ -72.649456186999942, -7.620251877751627 ], [ -72.648978359999944, -7.620320559751573 ], [ -72.648742049999953, -7.620362308751619 ], [ -72.648318203999963, -7.62043719075159 ], [ -72.647684904999949, -7.620549077751593 ], [ -72.647629322999933, -7.620509735751618 ], [ -72.647573496999939, -7.620470221751583 ], [ -72.647087374999956, -7.620126134751618 ], [ -72.647064894999971, -7.620110222751579 ], [ -72.645129838999935, -7.619845098751636 ], [ -72.643568545999983, -7.619631184751618 ], [ -72.64360517199998, -7.619439692751623 ] ] ] } },
{ "type": "Feature", "properties": { "num_setor": "AC_MARECHA_SR_7_CPRM", "munic": "MARECHAL THAUMATURGO", "grau_risco": "Muito alto", "distancia_km": 2.12, "chuva_24h": 0.0, "chuva_72h": 0.5, "fonte_estacao": "openmeteo", "codigo_estacao": "openmeteo", "nome_estacao": "Open-Meteo (célula de grade)" }, "geometry": { "type": "Polygon", "coordinates": [ [ [ -72.791025315999946, -8.952224581709487 ], [ -72.791090638999947, -8.952081361709507 ], [ -72.791226715999983, -8.952035188709523 ], [ -72.791423209999948, -8.951988805709536 ], [ -72.79147579399995, -8.951976393709488 ], [ -72.791522211999961, -8.951990747709523 ], [ -72.791854389999969, -8.952093469709531 ], [ -72.792079575999935, -8.952151483709521 ], [ -72.792176573999939, -8.952355048709499 ], [ -72.79186393699996, -8.952486306709508 ], [ -72.791665794999972, -8.952644692709512 ], [ -72.79146407199994, -8.952673498709505 ], [ -72.79132673099997, -8.952414160709525 ], [ -72.791139751999935, -8.952428747709485 ], [ -72.791065137999965, -8.952673691709501 ], [ -72.791350484999953, -8.952859587709506 ], [ -72.791457668999954, -8.952945075709465 ], [ -72.791616855999962, -8.953087114709493 ], [ -72.791806684999983, -8.953355972709447 ], [ -72.791618640999957, -8.953581105709459 ], [ -72.791924819999963, -8.953929915709439 ], [ -72.792041814999948, -8.954441016709458 ], [ -72.791842568999982, -8.954632444709441 ], [ -72.791539599999965, -8.954618950709413 ], [ -72.791334160999952, -8.954124611709435 ], [ -72.790809947999946, -8.954413816709424 ], [ -72.790673052999978, -8.95419421870943 ], [ -72.790871674999948, -8.953959122709451 ], [ -72.790780969999958, -8.953666660709464 ], [ -72.79100804899997, -8.95345568870947 ], [ -72.791088323999986, -8.953328600709476 ], [ -72.790965989999961, -8.953258296709466 ], [ -72.790793810999958, -8.953287107709455 ], [ -72.790622446999976, -8.953513008709463 ], [ -72.790383905999988, -8.953512643709455 ], [ -72.790113988999963, -8.953597143709473 ], [ -72.790095530999963, -8.953435723709493 ], [ -72.790076, -8.95327796870947 ], [ -72.789974747999963, -8.953139689709475 ], [ -72.789895546999958, -8.953122263709478 ], [ -72.789811293999946, -8.953244732709491 ], [ -72.789662164999982, -8.953137153709465 ], [ -72.789730425999949, -8.953035956709472 ], [ -72.789806075999934, -8.952968411709499 ], [ -72.789846107999949, -8.952882507709496 ], [ -72.789743505999979, -8.952828295709489 ], [ -72.789614977999975, -8.952913985709477 ], [ -72.789496143999941, -8.952913043709492 ], [ -72.78937757999995, -8.952990294709485 ], [ -72.789245361999974, -8.953032257709481 ], [ -72.789139638999984, -8.952921135709463 ], [ -72.789210641999944, -8.952751495709499 ], [ -72.789300141999945, -8.952661016709513 ], [ -72.789429345999963, -8.952644142709476 ], [ -72.789591124999959, -8.952610685709502 ], [ -72.789653673999965, -8.952602619709479 ], [ -72.789691356999981, -8.952562217709513 ], [ -72.789720012999965, -8.952499868709499 ], [ -72.789870647999976, -8.952613559709523 ], [ -72.789904233999948, -8.952578889709471 ], [ -72.789920572999961, -8.952517308709519 ], [ -72.789925343999982, -8.952476281709519 ], [ -72.789964051999959, -8.952484606709529 ], [ -72.790003716999934, -8.952496748709526 ], [ -72.790030324999975, -8.952501099709503 ], [ -72.790156076999949, -8.952504473709512 ], [ -72.790238762999934, -8.952500568709491 ], [ -72.79031635399997, -8.952508416709483 ], [ -72.790351838999982, -8.95242074370949 ], [ -72.790337741999963, -8.952336724709506 ], [ -72.790263192999987, -8.952298450709492 ], [ -72.790161220999948, -8.952289645709495 ], [ -72.79001150299996, -8.952334219709508 ], [ -72.789939168999979, -8.952422235709506 ], [ -72.789720962999979, -8.952419222709489 ], [ -72.78969905699995, -8.952310695709485 ], [ -72.790095054999938, -8.952231041709496 ], [ -72.790372222999963, -8.952205040709515 ], [ -72.790416290999985, -8.952213413709528 ], [ -72.790548257999944, -8.952224100709513 ], [ -72.790636636999977, -8.952281019709483 ], [ -72.790750552999953, -8.952309024709534 ], [ -72.790837072999977, -8.952299693709529 ], [ -72.790952613999934, -8.952309006709491 ], [ -72.791025315999946, -8.952224581709487 ] ] ] } },
{ "type": "Feature", "properties": { "num_setor": "AC_CZS_SR_01_CPRM", "munic": "CRUZEIRO DO SUL", "grau_risco": "Alto", "distancia_km": 1.32, "chuva_24h": 0.2, "chuva_72h": 13.2, "fonte_estacao": "openmeteo", "codigo_estacao": "openmeteo", "nome_estacao": "Open-Meteo (célula de grade)" }, "geometry": { "type": "Polygon", "coordinates": [ [ [ -72.649211019999939, -7.619985508751602 ], [ -72.649358048999943, -7.619689878751634 ], [ -72.649531918999969, -7.619287600751623 ], [ -72.649882975999958, -7.619116028751628 ], [ -72.649897580999948, -7.619116649751653 ], [ -72.650255572999981, -7.619243137751628 ], [ -72.650280501999987, -7.619286991751635 ], [ -72.650663643999962, -7.619679887751621 ], [ -72.650679226999955, -7.619705500751615 ], [ -72.650695556999949, -7.6197527967516 ], [ -72.650703324999938, -7.619768635751615 ], [ -72.651013596999974, -7.620043070751595 ], [ -72.651084085999969, -7.620091513751617 ], [ -72.651105448999942, -7.620114998751607 ], [ -72.651140038999984, -7.620124101751633 ], [ -72.651175232999947, -7.620155616751617 ], [ -72.651430531999949, -7.62029888875162 ], [ -72.652302369999973, -7.620812529751599 ], [ -72.652623012999982, -7.621279162751557 ], [ -72.653088207999986, -7.621941928751539 ], [ -72.653135882999948, -7.622018733751529 ], [ -72.653543023999987, -7.622556738751528 ], [ -72.653573565999977, -7.622636387751506 ], [ -72.65396937099996, -7.623096459751502 ], [ -72.653958216999968, -7.623700815751482 ], [ -72.653915176999988, -7.624428387751475 ], [ -72.653914860999976, -7.62444627975149 ], [ -72.653554256999939, -7.625065331751459 ], [ -72.653218295999977, -7.625632132751435 ], [ -72.652906190999943, -7.626139021751421 ], [ -72.652311127999951, -7.62620384875144 ], [ -72.652240149999955, -7.626203301751429 ], [ -72.651704140999982, -7.626281381751404 ], [ -72.651165924999987, -7.626280267751416 ], [ -72.650891265999974, -7.626605631751395 ], [ -72.65079000299994, -7.627340323751356 ], [ -72.651025280999988, -7.627803153751348 ], [ -72.65104062599994, -7.627832404751342 ], [ -72.651585173999933, -7.627880249751387 ], [ -72.652020695999965, -7.62801382775135 ], [ -72.652638415999945, -7.628256679751329 ], [ -72.652967865999983, -7.628255410751336 ], [ -72.65314129099994, -7.628254741751357 ], [ -72.653188818999979, -7.628214670751364 ], [ -72.653532444999939, -7.627199977751395 ], [ -72.653592536999952, -7.627093905751406 ], [ -72.653641664999952, -7.627051333751364 ], [ -72.653993728999978, -7.626990005751406 ], [ -72.655399854999985, -7.627435822751351 ], [ -72.655484676999947, -7.627373919751388 ], [ -72.656096078999951, -7.627257814751379 ], [ -72.656451225999945, -7.627182784751378 ], [ -72.656481368999948, -7.627182066751405 ], [ -72.656504661999975, -7.627191061751383 ], [ -72.657240308999974, -7.6269178627514 ], [ -72.65735332099996, -7.62676093175141 ], [ -72.65753842099997, -7.62624545075139 ], [ -72.657784214999936, -7.625892554751417 ], [ -72.657905734999986, -7.62570824475142 ], [ -72.658246262999967, -7.625460642751431 ], [ -72.658536738999942, -7.625384291751466 ], [ -72.658796455999948, -7.624874977751483 ], [ -72.658844044999967, -7.624418888751484 ], [ -72.659072954999942, -7.624185731751467 ], [ -72.659246506999978, -7.623966415751505 ], [ -72.659267762999946, -7.623966462751465 ], [ -72.660083697999937, -7.623597253751483 ], [ -72.660236324999971, -7.623492160751488 ], [ -72.660240610999949, -7.62349210775148 ], [ -72.660275395999975, -7.623486675751518 ], [ -72.660301639999943, -7.623481343751516 ], [ -72.660328432999961, -7.623470975751514 ], [ -72.66051046299998, -7.62320061875149 ], [ -72.660522427999979, -7.623173956751507 ], [ -72.660548998999957, -7.623136391751495 ], [ -72.660663607999936, -7.622981535751502 ], [ -72.660794813999985, -7.622863720751496 ], [ -72.660810419999962, -7.622847519751507 ], [ -72.661103983999965, -7.622744173751504 ], [ -72.661126569999965, -7.622744504751529 ], [ -72.661343368999951, -7.622533349751545 ], [ -72.661781584999972, -7.622138025751552 ], [ -72.661895587999936, -7.622114818751529 ], [ -72.661906190999957, -7.622124654751528 ], [ -72.661916466999969, -7.622256839751562 ], [ -72.661909813999955, -7.622272658751562 ], [ -72.66190043499995, -7.622288416751524 ], [ -72.661851589999969, -7.622405972751541 ], [ -72.661845398999958, -7.622418130751545 ], [ -72.661845207999988, -7.622421161751547 ], [ -72.661836526999934, -7.622430253751519 ], [ -72.661643543999958, -7.622537745751558 ], [ -72.661632797999971, -7.622540694751521 ], [ -72.66162481799995, -7.622540707751551 ], [ -72.661605927999972, -7.622549517751549 ], [ -72.661587248999979, -7.622552470751531 ], [ -72.661573971999985, -7.622552492751519 ], [ -72.66156327799996, -7.622555428751508 ], [ -72.661476728999958, -7.622681659751532 ], [ -72.661463602999959, -7.622690113751535 ], [ -72.661450508999962, -7.622698546751542 ], [ -72.661427041999957, -7.622709768751499 ], [ -72.661406227999976, -7.622726511751496 ], [ -72.661181156999987, -7.622929218751519 ], [ -72.661173798999982, -7.622936905751518 ], [ -72.661166225999978, -7.622936851751516 ], [ -72.661156367999979, -7.622944506751508 ], [ -72.661143924999976, -7.622949559751502 ], [ -72.660913352999955, -7.623051934751543 ], [ -72.660893913999985, -7.623059306751511 ], [ -72.660881630999938, -7.623061724751517 ], [ -72.660792546999971, -7.623229320751493 ], [ -72.660248668999941, -7.623901511751506 ], [ -72.660240669999951, -7.623901497751484 ], [ -72.65990835599996, -7.624102062751478 ], [ -72.659414176999974, -7.624645150751492 ], [ -72.659044939999944, -7.625717991751455 ], [ -72.659027223999942, -7.625752494751442 ], [ -72.658993346999978, -7.625795348751403 ], [ -72.658921814999985, -7.625950575751447 ], [ -72.658887543999981, -7.626002388751414 ], [ -72.658886051999957, -7.626028426751407 ], [ -72.658778685999948, -7.626139342751441 ], [ -72.658770007999976, -7.626156425751427 ], [ -72.658621032999974, -7.626503272751417 ], [ -72.658438180999951, -7.626840661751388 ], [ -72.658794402999945, -7.627298979751404 ], [ -72.658824454999944, -7.627299338751359 ], [ -72.659368754999946, -7.627552133751346 ], [ -72.659541772999944, -7.627775979751382 ], [ -72.659560407999948, -7.627813917751365 ], [ -72.659579803999975, -7.627842263751384 ], [ -72.659687896999969, -7.628157346751354 ], [ -72.659687014999975, -7.628166451751354 ], [ -72.659697256999948, -7.628204521751373 ], [ -72.659713485999987, -7.628252070751355 ], [ -72.659684811999966, -7.628862816751345 ], [ -72.659682245999988, -7.6288879977513 ], [ -72.65967212399994, -7.62892108975132 ], [ -72.659669586999939, -7.628946095751311 ], [ -72.65951909599994, -7.629394261751314 ], [ -72.65950453499994, -7.629409378751335 ], [ -72.659500840999954, -7.629448627751335 ], [ -72.659483430999956, -7.629494853751329 ], [ -72.659391591999963, -7.629859070751281 ], [ -72.659388237999963, -7.629896246751322 ], [ -72.659338974999969, -7.630098395751276 ], [ -72.659335946999988, -7.6301340407513 ], [ -72.659313616999953, -7.630323613751294 ], [ -72.659315710999977, -7.630372225751289 ], [ -72.659447951999937, -7.630744904751289 ], [ -72.659811194999975, -7.631121261751266 ], [ -72.659837194999966, -7.631152237751273 ], [ -72.660682660999953, -7.631404964751237 ], [ -72.661280440999974, -7.631560552751218 ], [ -72.661838849999981, -7.631748746751246 ], [ -72.662466768999934, -7.632184077751235 ], [ -72.663172377999956, -7.632605673751191 ], [ -72.663195137999935, -7.632643499751229 ], [ -72.66329615799998, -7.633042468751218 ], [ -72.663297996999972, -7.633084054751171 ], [ -72.663264308999942, -7.633549756751202 ], [ -72.663265091999961, -7.633566272751157 ], [ -72.663266905999933, -7.63360462675118 ], [ -72.663460512999961, -7.633845837751173 ], [ -72.664214697999967, -7.634184479751136 ], [ -72.664489322999941, -7.634254801751135 ], [ -72.664503082999943, -7.634255016751127 ], [ -72.665000787999986, -7.634381655751159 ], [ -72.665016395999942, -7.634399538751157 ], [ -72.665185505999943, -7.63459873775116 ], [ -72.665315763999956, -7.634828116751113 ], [ -72.665417921999961, -7.635043782751134 ], [ -72.66554161199997, -7.635249410751134 ], [ -72.665485130999969, -7.635220332751123 ], [ -72.665477762999956, -7.635219353751132 ], [ -72.665471648999983, -7.635219255751145 ], [ -72.665384829999937, -7.635111295751108 ], [ -72.66522206999997, -7.635276571751128 ], [ -72.665098255999965, -7.635419232751107 ], [ -72.665062979999959, -7.635493423751107 ], [ -72.665201194999952, -7.635614095751082 ], [ -72.665619828999979, -7.635915978751092 ], [ -72.665969627999971, -7.636104698751077 ], [ -72.666168821999975, -7.635785034751122 ], [ -72.666447498999958, -7.63593472275109 ], [ -72.667120979999936, -7.636480603751057 ], [ -72.667141515999958, -7.636492063751118 ], [ -72.667171910999969, -7.636503823751063 ], [ -72.667187752999951, -7.636520463751081 ], [ -72.667372796999985, -7.636675054751083 ], [ -72.667407664999985, -7.636691872751088 ], [ -72.667428107999967, -7.636713440751057 ], [ -72.667447529999947, -7.636714027751098 ], [ -72.667457473999946, -7.636719554751081 ], [ -72.667482181999958, -7.636730737751045 ], [ -72.667788299999984, -7.636830205751078 ], [ -72.667807549999964, -7.636835752751077 ], [ -72.668075313999964, -7.636976115751089 ], [ -72.668369163999955, -7.637205016751037 ], [ -72.668392254999958, -7.637214605751036 ], [ -72.669077925999943, -7.637053419751086 ], [ -72.669108330999961, -7.637035561751052 ], [ -72.669125226999938, -7.637017427751096 ], [ -72.669137898999963, -7.637003740751064 ], [ -72.669373881999945, -7.636749481751097 ], [ -72.669618106999962, -7.636256797751116 ], [ -72.669631973999969, -7.636241239751089 ], [ -72.669636223999987, -7.636220396751072 ], [ -72.670045530999971, -7.636241729751079 ], [ -72.670059713999933, -7.636252161751088 ], [ -72.670083226999964, -7.636278171751088 ], [ -72.67031213599995, -7.636547036751085 ], [ -72.670312373999934, -7.636565858751102 ], [ -72.670296002999976, -7.636888082751098 ], [ -72.670296333999943, -7.636911908751055 ], [ -72.670296663999977, -7.636935654751064 ], [ -72.670311258999959, -7.637614241751028 ], [ -72.670311646999949, -7.637641399751049 ], [ -72.670316839999941, -7.637668605751072 ], [ -72.670317362999981, -7.637706271751044 ], [ -72.670330330999946, -7.637964120751016 ], [ -72.670330600999989, -7.637984683751035 ], [ -72.670340291999935, -7.638010566751062 ], [ -72.670375166999975, -7.638232285751023 ], [ -72.670401136999942, -7.638264299751023 ], [ -72.67034006199998, -7.638255815751039 ], [ -72.670333854999967, -7.63825530675103 ], [ -72.670458868999958, -7.638547898751016 ], [ -72.670460594999952, -7.63854897375101 ], [ -72.670603243999949, -7.638634515751031 ], [ -72.670787417999975, -7.638765800751038 ], [ -72.670970280999938, -7.638863139751016 ], [ -72.671188405999942, -7.638914919750988 ], [ -72.671522824999954, -7.639056593751003 ], [ -72.671771828999965, -7.639137377750983 ], [ -72.672024344999954, -7.639292864751009 ], [ -72.672140354999954, -7.639402116751015 ], [ -72.672294757999964, -7.639554642750975 ], [ -72.672420015999933, -7.639669773751002 ], [ -72.67279528399996, -7.639779255750971 ], [ -72.672972830999981, -7.639547566751001 ], [ -72.672927026999957, -7.639474316750994 ], [ -72.673052305999988, -7.639525564750965 ], [ -72.673085096999955, -7.639542530750994 ], [ -72.673104970999987, -7.63954701975099 ], [ -72.673128718999976, -7.639551587750998 ], [ -72.67325096899998, -7.639577881751006 ], [ -72.673266401999967, -7.63957806975101 ], [ -72.673293402999946, -7.639578399750981 ], [ -72.673381763999942, -7.639575447750993 ], [ -72.67338947099995, -7.639575541750966 ], [ -72.673412588999952, -7.639575824750982 ], [ -72.67346265499998, -7.639576436750994 ], [ -72.673474203999945, -7.639576577750977 ], [ -72.673481902999981, -7.639576671751014 ], [ -72.673621939999975, -7.639606504750991 ], [ -72.67362983299995, -7.639610608750969 ], [ -72.673649433999969, -7.639618857750984 ], [ -72.673661590999984, -7.639631071750959 ], [ -72.673776966999981, -7.639728141751005 ], [ -72.673793042999989, -7.639748085750969 ], [ -72.673812028999976, -7.639834538750958 ], [ -72.673812375999944, -7.639842325750976 ], [ -72.673880389999965, -7.639947200750948 ], [ -72.673884266999949, -7.639951065751003 ], [ -72.673899750999965, -7.639966499750977 ], [ -72.674008708999963, -7.640005602750985 ], [ -72.674204831999987, -7.640007521750986 ], [ -72.674478223999984, -7.639960874750949 ], [ -72.674493015999985, -7.639961023750965 ], [ -72.674996841999985, -7.640198136750982 ], [ -72.675000534999981, -7.640210336750942 ], [ -72.675262790999966, -7.640341030750945 ], [ -72.675409029999969, -7.640577476750973 ], [ -72.675510749999944, -7.640720814750956 ], [ -72.675513910999939, -7.640728446750954 ], [ -72.67551229999998, -7.640754940750955 ], [ -72.675514961999966, -7.640770119750956 ], [ -72.675575887999969, -7.640927665750914 ], [ -72.675905228999966, -7.64159269875092 ], [ -72.675919370999964, -7.641609955750943 ], [ -72.676137038999968, -7.641744383750905 ], [ -72.676288451999937, -7.641834824750899 ], [ -72.676919681999948, -7.64186369675093 ], [ -72.676927110999941, -7.641863477750912 ], [ -72.677228466999964, -7.641792999750915 ], [ -72.677254002999973, -7.641783958750914 ], [ -72.677267846999939, -7.641771116750922 ], [ -72.67729266799995, -7.641753748750942 ], [ -72.677302810999947, -7.641740948750899 ], [ -72.677575693999984, -7.641639688750899 ], [ -72.677586924999957, -7.641631778750936 ], [ -72.677625364999983, -7.641620447750937 ], [ -72.677637128999947, -7.641620745750914 ], [ -72.677651825999988, -7.641604689750923 ], [ -72.677842717999965, -7.641589017750904 ], [ -72.677862640999933, -7.641597754750937 ], [ -72.677890162999972, -7.641602566750921 ], [ -72.67811964699996, -7.641610377750906 ], [ -72.678135408999935, -7.641615616750927 ], [ -72.678330370999959, -7.641690174750924 ], [ -72.678345906999937, -7.641710821750904 ], [ -72.678434277999941, -7.641844792750924 ], [ -72.678598524999984, -7.641967697750935 ], [ -72.678610128999935, -7.641996470750926 ], [ -72.678787254999975, -7.642190782750889 ], [ -72.678796894999948, -7.642206804750897 ], [ -72.679125775999978, -7.642411510750919 ], [ -72.679271191999987, -7.642495852750901 ], [ -72.679275507999989, -7.642503358750868 ], [ -72.679487175999952, -7.642557759750874 ], [ -72.679498277999983, -7.642557887750885 ], [ -72.679654047999975, -7.6425666637509 ], [ -72.679675766999935, -7.642578612750894 ], [ -72.679683617999956, -7.642582718750905 ], [ -72.679692457999977, -7.642587340750908 ], [ -72.680078068999933, -7.642657762750869 ], [ -72.680084318999945, -7.642658302750898 ], [ -72.680094044999976, -7.642660397750912 ], [ -72.68028239299997, -7.642622336750917 ], [ -72.680264195999939, -7.642515742750875 ], [ -72.680693548999955, -7.642469494750892 ], [ -72.680944366999938, -7.642447167750881 ], [ -72.681421453999974, -7.642402445750897 ], [ -72.68185733699994, -7.64224608775093 ], [ -72.682640168999967, -7.641768416750942 ], [ -72.68319844499996, -7.641581667750929 ], [ -72.683481536999977, -7.641526371750905 ], [ -72.683499793999943, -7.641526718750928 ], [ -72.683514393999985, -7.641526995750895 ], [ -72.683806820999962, -7.641573052750917 ], [ -72.684477646999937, -7.641766332750931 ], [ -72.684491892999972, -7.641766301750916 ], [ -72.684509701999957, -7.641766263750916 ], [ -72.685255403999975, -7.641636634750909 ], [ -72.685484632999987, -7.641525167750904 ], [ -72.685505110999941, -7.641509518750927 ], [ -72.685525378999955, -7.641490039750928 ], [ -72.685542649999945, -7.641478168750957 ], [ -72.685741764999989, -7.641305458750947 ], [ -72.685756002999938, -7.641293474750919 ], [ -72.685770066999964, -7.641277535750941 ], [ -72.685956383999951, -7.641057887750962 ], [ -72.685960044999945, -7.641053734750944 ], [ -72.685974433999945, -7.641028897750936 ], [ -72.686110913999983, -7.640534471750964 ], [ -72.686110794999934, -7.640529831750973 ], [ -72.686098269999945, -7.640511421750976 ], [ -72.685909792999951, -7.640232841750949 ], [ -72.685888168999952, -7.640208705750963 ], [ -72.685846976999983, -7.639941566750964 ], [ -72.685248416999968, -7.639591513750994 ], [ -72.685235459999944, -7.639586465751006 ], [ -72.685018231999948, -7.639515611751007 ], [ -72.684236485999975, -7.639314598750976 ], [ -72.684226595999974, -7.639302094750994 ], [ -72.684052292999979, -7.639260597751004 ], [ -72.684048483999959, -7.639260598750999 ], [ -72.683933894999939, -7.639183157751027 ], [ -72.683668478999948, -7.638998347751031 ], [ -72.683171952999942, -7.638746547751028 ], [ -72.68297249699998, -7.638653073751 ], [ -72.682956427999954, -7.638648693750989 ], [ -72.682928243999982, -7.638635210751018 ], [ -72.682883921999974, -7.638621963751047 ], [ -72.682708918999936, -7.638528093751048 ], [ -72.682704761999958, -7.638523514751042 ], [ -72.682688232999965, -7.638509911751027 ], [ -72.682623328999966, -7.638381937751027 ], [ -72.682614433999959, -7.638362205751026 ], [ -72.682605396999975, -7.63822633175101 ], [ -72.682514141999945, -7.638032615751063 ], [ -72.682513243999949, -7.63801166575104 ], [ -72.682500120999975, -7.638001422751019 ], [ -72.682494494999958, -7.637969887751013 ], [ -72.682453867999982, -7.637822770751034 ], [ -72.682452458999933, -7.637790997751053 ], [ -72.682451279999952, -7.637764395751064 ], [ -72.682464828999969, -7.637575099751035 ], [ -72.682530098999962, -7.637442285751047 ], [ -72.682534119999957, -7.637431084751046 ], [ -72.682658345999982, -7.63743178175107 ], [ -72.682676087999937, -7.63743188075104 ], [ -72.68269410299996, -7.637443201751033 ], [ -72.682762706999938, -7.637554707751021 ], [ -72.682767619999936, -7.637582216751031 ], [ -72.682776783999941, -7.637604166751049 ], [ -72.682844605999946, -7.637775868751031 ], [ -72.682857922999972, -7.637807424751038 ], [ -72.68287111799998, -7.637833557751043 ], [ -72.68292347199997, -7.637952574751015 ], [ -72.682932044999973, -7.637962736751038 ], [ -72.682949175999966, -7.637988158751062 ], [ -72.683181160999936, -7.638105874751034 ], [ -72.683202149999943, -7.638110514751018 ], [ -72.683335310999951, -7.638173231751011 ], [ -72.683351959999982, -7.638177910751031 ], [ -72.683428241999934, -7.638275837751047 ], [ -72.683436212999936, -7.638285599751039 ], [ -72.683448144999943, -7.638300213751046 ], [ -72.683525894999946, -7.638421023751036 ], [ -72.683529145999955, -7.638440289751019 ], [ -72.683536490999984, -7.638459421750992 ], [ -72.683631420999973, -7.638600293751023 ], [ -72.683635223999943, -7.638604921751021 ], [ -72.683649878999972, -7.638632745750993 ], [ -72.683704930999966, -7.638724446751023 ], [ -72.683719851999967, -7.638742553751041 ], [ -72.683730720999961, -7.638760667751034 ], [ -72.683749858999988, -7.638774047751022 ], [ -72.68388043899995, -7.638844473751 ], [ -72.683895305999954, -7.638857731751022 ], [ -72.684212957999989, -7.638812331750991 ], [ -72.684223076999956, -7.638824562751017 ], [ -72.684567236999953, -7.638886686751025 ], [ -72.68462958799995, -7.638899052750992 ], [ -72.685002666999935, -7.638963172751037 ], [ -72.68534647499996, -7.639111920750991 ], [ -72.685355213999969, -7.639135536751005 ], [ -72.68539412399997, -7.639171280751011 ], [ -72.685434605999944, -7.639183590750999 ], [ -72.68564570999996, -7.639266121751023 ], [ -72.686264780999977, -7.639090342751019 ], [ -72.686766941999963, -7.638975389750984 ], [ -72.687029036999945, -7.638718718751004 ], [ -72.687412369999947, -7.637877766751051 ], [ -72.687669045999939, -7.637260694751057 ], [ -72.688038304999964, -7.636891906751074 ], [ -72.688069894999956, -7.636891397751051 ], [ -72.688323148999984, -7.636604236751105 ], [ -72.688237773999958, -7.635796269751114 ], [ -72.688176468999984, -7.635134333751102 ], [ -72.687779564999971, -7.634301912751146 ], [ -72.687795066999968, -7.634216675751139 ], [ -72.687798662999967, -7.634155654751178 ], [ -72.68797901399995, -7.633778281751197 ], [ -72.688025308999954, -7.633726067751151 ], [ -72.688026931999957, -7.633701007751168 ], [ -72.688119598999947, -7.633443873751196 ], [ -72.688126678999936, -7.633350171751181 ], [ -72.68808712699996, -7.633139666751209 ], [ -72.688088881999988, -7.63311337675122 ], [ -72.687866392999979, -7.632812388751235 ], [ -72.687802462999969, -7.632773375751179 ], [ -72.687638553999989, -7.632500584751208 ], [ -72.687629828999945, -7.632447803751242 ], [ -72.68761528899995, -7.632274802751239 ], [ -72.687615888999972, -7.632261383751215 ], [ -72.68762070799994, -7.632153637751252 ], [ -72.687621311999976, -7.632140118751197 ], [ -72.687848856999949, -7.632073683751254 ], [ -72.687906293999959, -7.632047490751249 ], [ -72.687984928999981, -7.632047866751205 ], [ -72.688297815999988, -7.63207576375125 ], [ -72.688342137999939, -7.632088140751213 ], [ -72.688373394999985, -7.6321275357512 ], [ -72.688428046999945, -7.632152886751236 ], [ -72.688438423999969, -7.63216598175122 ], [ -72.688480779999963, -7.632204922751228 ], [ -72.688726868999936, -7.632225324751247 ], [ -72.688841818999947, -7.632195761751255 ], [ -72.689009089999956, -7.63208442075122 ], [ -72.68910201999995, -7.632055660751259 ], [ -72.689533180999945, -7.631927263751229 ], [ -72.689594653999961, -7.631884315751249 ], [ -72.689656304999971, -7.631841243751211 ], [ -72.690037146999941, -7.631560337751216 ], [ -72.690060106999965, -7.631560075751262 ], [ -72.690382595999949, -7.631630016751252 ], [ -72.690402823999989, -7.631645726751267 ], [ -72.690654063999943, -7.631917224751215 ], [ -72.69070077799995, -7.631976204751222 ], [ -72.690725634999978, -7.63203334575123 ], [ -72.690798144999974, -7.632206255751234 ], [ -72.690789818999974, -7.632261279751228 ], [ -72.690775320999933, -7.632357099751246 ], [ -72.690675689999978, -7.632584768751205 ], [ -72.690393892999964, -7.632813774751188 ], [ -72.690378531999954, -7.632841574751178 ], [ -72.690055337999979, -7.632981807751197 ], [ -72.690027921999956, -7.633022164751186 ], [ -72.689961843999981, -7.633033338751197 ], [ -72.689761449999935, -7.633233600751207 ], [ -72.689736191999941, -7.633260507751211 ], [ -72.689552116999948, -7.633523099751161 ], [ -72.689535079999985, -7.63357468975116 ], [ -72.689528563999943, -7.633626510751157 ], [ -72.689561835999939, -7.633868781751197 ], [ -72.689595645999987, -7.633932525751188 ], [ -72.68960296399996, -7.633957625751147 ], [ -72.689608789999966, -7.633994931751166 ], [ -72.689734091999981, -7.634315333751147 ], [ -72.689748595999959, -7.634363452751137 ], [ -72.689780223999946, -7.634435989751125 ], [ -72.689786022999954, -7.634471444751171 ], [ -72.689889463999975, -7.634926269751122 ], [ -72.689906200999985, -7.634949911751148 ], [ -72.689961044999961, -7.635431861751126 ], [ -72.689972519999969, -7.635487976751131 ], [ -72.689994230999957, -7.635543328751133 ], [ -72.689988902999971, -7.635585810751103 ], [ -72.689994396999964, -7.635618189751108 ], [ -72.690115498999944, -7.635931448751098 ], [ -72.690144240999985, -7.635996183751113 ], [ -72.690131214999951, -7.636081044751114 ], [ -72.690272292999964, -7.636274267751108 ], [ -72.690285152999934, -7.636315546751118 ], [ -72.69030259799996, -7.636326079751087 ], [ -72.690245199999936, -7.636518397751097 ], [ -72.690037265999933, -7.636715754751083 ], [ -72.690026473999978, -7.636725546751093 ], [ -72.689812179999933, -7.63678194475106 ], [ -72.689765467999962, -7.636850477751048 ], [ -72.689712498999938, -7.637433211751062 ], [ -72.689802527999973, -7.637616342751027 ], [ -72.689796390999959, -7.637672610751073 ], [ -72.689792306999948, -7.637710054751055 ], [ -72.689735407999933, -7.638229345751025 ], [ -72.689713851999954, -7.638283114751061 ], [ -72.689483603999975, -7.638598930751001 ], [ -72.689368142999967, -7.638633349751029 ], [ -72.689158672999952, -7.638796216751 ], [ -72.688875676999942, -7.638918899751022 ], [ -72.688736762999952, -7.639162085750995 ], [ -72.688734916999977, -7.639180225750998 ], [ -72.688679110999942, -7.639268637751019 ], [ -72.688727890999985, -7.63970265975099 ], [ -72.68873760699995, -7.639756773751012 ], [ -72.688745199999971, -7.64042126575098 ], [ -72.688743475999956, -7.640438280750957 ], [ -72.688736589999962, -7.64050621875098 ], [ -72.688725054999964, -7.64060997275093 ], [ -72.688752447999946, -7.64076709375095 ], [ -72.688200062999954, -7.641017895750927 ], [ -72.688134072999958, -7.641068548750942 ], [ -72.688060276999977, -7.641189254750958 ], [ -72.688043383999968, -7.641206196750955 ], [ -72.687570281999967, -7.641821600750912 ], [ -72.687533002999942, -7.64191716875091 ], [ -72.687523983999938, -7.642029240750888 ], [ -72.687501635999979, -7.642124381750917 ], [ -72.687431397999944, -7.642984061750854 ], [ -72.687425099999984, -7.643060563750864 ], [ -72.687417574999984, -7.643151987750866 ], [ -72.686986765999961, -7.643729707750875 ], [ -72.686277754999935, -7.644135960750851 ], [ -72.686247705999961, -7.644165089750832 ], [ -72.686174532999985, -7.644208355750866 ], [ -72.685697527999935, -7.644130603750831 ], [ -72.685281936999957, -7.643778236750837 ], [ -72.684939496999959, -7.643690308750863 ], [ -72.68461304799996, -7.64375360575086 ], [ -72.683759527999939, -7.643938552750837 ], [ -72.683204639999985, -7.644303964750837 ], [ -72.683156148999956, -7.644322594750833 ], [ -72.682802298999945, -7.644606713750835 ], [ -72.682770607999942, -7.644682943750825 ], [ -72.682738799999981, -7.644720688750808 ], [ -72.682454019999966, -7.644983266750794 ], [ -72.682117725999944, -7.644884181750812 ], [ -72.682069420999937, -7.644864541750804 ], [ -72.681828205999977, -7.644804294750839 ], [ -72.681764190999957, -7.644803491750809 ], [ -72.68166814999995, -7.644802282750802 ], [ -72.681336298999952, -7.644912525750797 ], [ -72.681266147999963, -7.645155580750784 ], [ -72.681075581999949, -7.6455208617508 ], [ -72.681077205999941, -7.645557462750775 ], [ -72.681002520999982, -7.645647185750808 ], [ -72.680722498999955, -7.645989678750802 ], [ -72.680533988999969, -7.646223011750778 ], [ -72.68045946999996, -7.646275039750795 ], [ -72.680399468999951, -7.646309250750758 ], [ -72.680339551999964, -7.646343411750782 ], [ -72.680278629999975, -7.646360037750769 ], [ -72.680170074999978, -7.646840168750773 ], [ -72.68017224099998, -7.646874144750772 ], [ -72.680178719999958, -7.646975759750776 ], [ -72.680234019999943, -7.647608484750759 ], [ -72.68024017099998, -7.647706534750715 ], [ -72.679894336999951, -7.648316784750723 ], [ -72.679842114999985, -7.648411517750683 ], [ -72.679813646999946, -7.648426936750708 ], [ -72.679729982999959, -7.64886575375067 ], [ -72.67973382699995, -7.648912684750708 ], [ -72.679741489999969, -7.649006213750674 ], [ -72.679773701999977, -7.649431205750693 ], [ -72.679777777999959, -7.649490358750693 ], [ -72.679783873999952, -7.649578808750647 ], [ -72.680065343999956, -7.64991879975067 ], [ -72.680866354999978, -7.649701483750649 ], [ -72.681299442999943, -7.649780683750655 ], [ -72.681543810999983, -7.649966001750636 ], [ -72.681543983999973, -7.650141667750641 ], [ -72.681544097999961, -7.650258107750646 ], [ -72.681544154999983, -7.650316128750669 ], [ -72.68130089899995, -7.650854703750602 ], [ -72.681301400999985, -7.650932602750615 ], [ -72.681051127999979, -7.651726257750585 ], [ -72.681019606999939, -7.651761869750624 ], [ -72.68095743899994, -7.651888068750579 ], [ -72.680910146999963, -7.651922822750588 ], [ -72.680452101999947, -7.652665424750569 ], [ -72.680422757999963, -7.652737309750582 ], [ -72.680393510999977, -7.652808958750583 ], [ -72.68025096599996, -7.653234495750529 ], [ -72.680222285999946, -7.653304222750567 ], [ -72.680193586999962, -7.653373017750567 ], [ -72.680057267999985, -7.654290248750495 ], [ -72.680060387999958, -7.654387462750545 ], [ -72.680064012999935, -7.654500379750507 ], [ -72.680146929999978, -7.65475713775053 ], [ -72.680208680999954, -7.654822019750478 ], [ -72.680330669999989, -7.654918969750476 ], [ -72.680391456999985, -7.654967279750474 ], [ -72.680436411999949, -7.654983354750502 ], [ -72.680573379999942, -7.655127527750522 ], [ -72.680604433999974, -7.655191298750508 ], [ -72.680619926999952, -7.655223110750476 ], [ -72.680656076999981, -7.655535889750482 ], [ -72.680672328999947, -7.655613274750475 ], [ -72.680688523999947, -7.655690391750463 ], [ -72.680703751999943, -7.655721273750494 ], [ -72.680795119999971, -7.65593528675049 ], [ -72.680854249999982, -7.655996511750459 ], [ -72.681276025999978, -7.656167603750469 ], [ -72.681333940999934, -7.656198288750483 ], [ -72.681435, -7.65622959675044 ], [ -72.681894147999969, -7.656444944750474 ], [ -72.682661201999963, -7.657232502750407 ], [ -72.682906844999934, -7.657428428750403 ], [ -72.683140476999938, -7.657426767750403 ], [ -72.683495509999943, -7.657116826750456 ], [ -72.68367184799996, -7.656775160750419 ], [ -72.684016496999959, -7.656421827750466 ], [ -72.684277888999986, -7.656336422750476 ], [ -72.684323479999989, -7.656336772750463 ], [ -72.68438768599998, -7.656337769750435 ], [ -72.684415178999984, -7.656338182750447 ], [ -72.684786095999982, -7.656337529750476 ], [ -72.685075478999977, -7.656205132750463 ], [ -72.685092997999959, -7.656195604750446 ], [ -72.685359200999983, -7.656089159750471 ], [ -72.685367291999967, -7.656070203750452 ], [ -72.685559362999982, -7.655490396750471 ], [ -72.685566405999964, -7.655441152750504 ], [ -72.685584945999949, -7.655047381750506 ], [ -72.685732086999963, -7.654741866750477 ], [ -72.685740727999985, -7.654720624750471 ], [ -72.685826824999936, -7.654209287750517 ], [ -72.685825645999955, -7.654177041750523 ], [ -72.685823108999955, -7.654111501750553 ], [ -72.68580306299998, -7.653846930750557 ], [ -72.685802626999987, -7.653835780750523 ], [ -72.685791086999984, -7.653791660750541 ], [ -72.685666837999975, -7.653403622750566 ], [ -72.685665556999936, -7.653370153750553 ], [ -72.68567425699996, -7.653336317750555 ], [ -72.685736071999941, -7.653108828750567 ], [ -72.686024223999937, -7.652943340750577 ], [ -72.686239453999974, -7.65304127175055 ], [ -72.686706534999985, -7.653009015750551 ], [ -72.686913924999942, -7.652965288750559 ], [ -72.686948737999955, -7.652964837750554 ], [ -72.68704076399996, -7.652911565750555 ], [ -72.687073840999972, -7.652885049750564 ], [ -72.687123961999987, -7.652849636750588 ], [ -72.687341678999985, -7.652656174750565 ], [ -72.687648132999982, -7.652446287750593 ], [ -72.687998163999964, -7.652085979750619 ], [ -72.687997329999973, -7.652067501750606 ], [ -72.688362296999969, -7.651858710750578 ], [ -72.688397885999962, -7.651829955750615 ], [ -72.688620017999938, -7.651570084750602 ], [ -72.688628073999951, -7.651522147750618 ], [ -72.688670307999985, -7.651348236750643 ], [ -72.688673211999969, -7.65107399175063 ], [ -72.688672683999982, -7.651053840750635 ], [ -72.688788772999942, -7.650768703750653 ], [ -72.688788320999947, -7.650748122750651 ], [ -72.688796717999935, -7.650696538750653 ], [ -72.688869583999974, -7.650519767750666 ], [ -72.688878387999978, -7.650477863750669 ], [ -72.688877210999976, -7.650414785750634 ], [ -72.688914590999957, -7.650351428750644 ], [ -72.688961132999964, -7.650245305750626 ], [ -72.689035955999941, -7.650033899750635 ], [ -72.689035823999973, -7.650023230750678 ], [ -72.689044907999971, -7.649969542750648 ], [ -72.689043882999954, -7.649892615750639 ], [ -72.689010412999949, -7.649603768750673 ], [ -72.688955798999984, -7.649284392750686 ], [ -72.688955224999972, -7.649249612750663 ], [ -72.68894447699995, -7.649203661750667 ], [ -72.688943323999979, -7.649133971750688 ], [ -72.688817272999984, -7.648855569750713 ], [ -72.68881702699997, -7.648843691750696 ], [ -72.688578012999983, -7.648257795750697 ], [ -72.688567317999969, -7.648245398750724 ], [ -72.688377027999934, -7.648122407750716 ], [ -72.68813782899997, -7.647868909750718 ], [ -72.688127975999976, -7.647841156750733 ], [ -72.687798957999973, -7.647496405750744 ], [ -72.687789456999951, -7.647486968750725 ], [ -72.687674152999989, -7.647127739750773 ], [ -72.687584726999944, -7.646562675750784 ], [ -72.687582917999976, -7.646522734750775 ], [ -72.687600325999938, -7.646492506750765 ], [ -72.687616877999972, -7.646442099750765 ], [ -72.687848337999981, -7.646338442750753 ], [ -72.688377568999954, -7.646261700750781 ], [ -72.688729074999969, -7.646343646750799 ], [ -72.688785834999976, -7.646344242750751 ], [ -72.688984442999981, -7.646305275750782 ], [ -72.689108729999987, -7.646055123750759 ], [ -72.689137459999984, -7.646034732750795 ], [ -72.689225978999957, -7.645762290750766 ], [ -72.689226079999969, -7.645751761750811 ], [ -72.689277632999961, -7.64546149775082 ], [ -72.689299716999983, -7.645261699750787 ], [ -72.68931519399996, -7.644841605750809 ], [ -72.689315339999951, -7.644830236750815 ], [ -72.689299457999937, -7.644497040750841 ], [ -72.689289932999941, -7.644450610750849 ], [ -72.689295095999967, -7.644012652750847 ], [ -72.689316623999957, -7.643927991750833 ], [ -72.689568066999982, -7.643690921750864 ], [ -72.689862314999971, -7.643522546750884 ], [ -72.689904591999948, -7.643498351750852 ], [ -72.690208418999987, -7.643438559750847 ], [ -72.690281805999973, -7.643426630750864 ], [ -72.690334421999978, -7.643414508750884 ], [ -72.69067184499994, -7.643341393750864 ], [ -72.691451991999941, -7.643002374750907 ], [ -72.691828671999986, -7.642897259750857 ], [ -72.692027241999938, -7.642833490750908 ], [ -72.692081989999963, -7.642811341750889 ], [ -72.692232644999933, -7.642699821750875 ], [ -72.692344959999957, -7.642631584750879 ], [ -72.692712493999977, -7.642678742750909 ], [ -72.69286550399994, -7.642745673750907 ], [ -72.692949655999939, -7.642790030750875 ], [ -72.692953799999941, -7.643116940750883 ], [ -72.692608929999949, -7.643439643750868 ], [ -72.692614271999958, -7.643569580750853 ], [ -72.692448733999981, -7.643867597750828 ], [ -72.692408678999982, -7.643930707750869 ], [ -72.692181587999983, -7.644178804750857 ], [ -72.692172871999958, -7.644283114750838 ], [ -72.692274346999966, -7.644492645750831 ], [ -72.69264209399995, -7.644743631750845 ], [ -72.69292825499997, -7.64510702375083 ], [ -72.692978803999949, -7.645107010750801 ], [ -72.693079900999976, -7.645106982750805 ], [ -72.693147298999975, -7.645106965750817 ], [ -72.693563074999986, -7.64500645075083 ], [ -72.69361373199996, -7.645006436750814 ], [ -72.693671371999983, -7.644945971750823 ], [ -72.694165641999973, -7.644515481750853 ], [ -72.694542971999965, -7.644245476750856 ], [ -72.694662008999956, -7.644497215750812 ], [ -72.694435766999959, -7.644785317750821 ], [ -72.694396443999949, -7.644826119750822 ], [ -72.694320740999956, -7.644887037750847 ], [ -72.694035553999981, -7.645270192750793 ], [ -72.694006173999981, -7.6453701137508 ], [ -72.693976652999936, -7.645864298750756 ], [ -72.693999990999941, -7.645941970750792 ], [ -72.694023497999979, -7.646018907750807 ], [ -72.694121447999976, -7.646286480750769 ], [ -72.694149287999949, -7.646324680750773 ], [ -72.694204831999969, -7.646400888750769 ], [ -72.694533571999955, -7.646868269750772 ], [ -72.694567354999947, -7.646978235750737 ], [ -72.694603384999937, -7.647069602750773 ], [ -72.69463054299996, -7.647106240750759 ], [ -72.695335940999939, -7.647845609750705 ], [ -72.695380647999968, -7.647863442750721 ], [ -72.695411598999954, -7.650763765750634 ], [ -72.695126478999953, -7.650736239750643 ], [ -72.694752688999984, -7.650671661750663 ], [ -72.694302180999955, -7.650701535750613 ], [ -72.694250350999937, -7.650700851750628 ], [ -72.693011496999986, -7.651030909750648 ], [ -72.692624940999963, -7.651181223750635 ], [ -72.691806649999933, -7.651441464750603 ], [ -72.691763177999974, -7.651488344750613 ], [ -72.691171886999939, -7.652237158750615 ], [ -72.689961273999984, -7.654097903750538 ], [ -72.689116234999972, -7.654273832750508 ], [ -72.689086438999936, -7.654273368750514 ], [ -72.688639213999977, -7.654243883750491 ], [ -72.687911755999949, -7.65428496275052 ], [ -72.687881839999989, -7.654284504750533 ], [ -72.687188912999943, -7.654404433750521 ], [ -72.68678321699997, -7.654579573750524 ], [ -72.686622592999981, -7.655276371750485 ], [ -72.686570978999953, -7.655332174750489 ], [ -72.686566933999984, -7.655358735750459 ], [ -72.686476218999985, -7.655963753750489 ], [ -72.686472950999985, -7.655987940750487 ], [ -72.68666742399995, -7.656644193750464 ], [ -72.68667912799998, -7.656701700750465 ], [ -72.686694253999974, -7.656735896750464 ], [ -72.686704126999985, -7.656804519750469 ], [ -72.686727545999986, -7.656849681750458 ], [ -72.68672405999996, -7.656872564750444 ], [ -72.686860477999971, -7.657218108750399 ], [ -72.686849841999958, -7.657284803750441 ], [ -72.686841018999985, -7.657340125750423 ], [ -72.686725205999949, -7.657873483750389 ], [ -72.686714841999958, -7.657937307750385 ], [ -72.68670452899994, -7.65800080775039 ], [ -72.686531583999965, -7.658435372750406 ], [ -72.686511287999963, -7.658445494750403 ], [ -72.686474113999964, -7.658505891750368 ], [ -72.686450917999935, -7.658535992750367 ], [ -72.686419909999984, -7.658556051750369 ], [ -72.685766119999982, -7.658792931750348 ], [ -72.68412581399997, -7.659154534750381 ], [ -72.682397305999984, -7.659466825750377 ], [ -72.681376087999979, -7.659667792750321 ], [ -72.68053109899995, -7.659839558750364 ], [ -72.679184519999978, -7.660033871750312 ], [ -72.678128534999985, -7.659731808750332 ], [ -72.678119465999941, -7.659731661750349 ], [ -72.677823660999934, -7.659516964750361 ], [ -72.677524279999943, -7.658884371750352 ], [ -72.677677288999973, -7.658003863750415 ], [ -72.678014066999935, -7.657486545750439 ], [ -72.678424079999957, -7.656946445750433 ], [ -72.678392605999989, -7.657069978750449 ], [ -72.679014950999942, -7.655880084750499 ], [ -72.678941831999964, -7.65210325075061 ], [ -72.678879301999984, -7.651203032750614 ], [ -72.678552278999973, -7.649445214750675 ], [ -72.678172478999954, -7.647931738750711 ], [ -72.676559370999939, -7.644827224750841 ], [ -72.67573467699998, -7.64393639075085 ], [ -72.674901017999957, -7.64278762975086 ], [ -72.674011571999984, -7.641905650750906 ], [ -72.671962793999967, -7.640831356750962 ], [ -72.670325116999948, -7.640337659750954 ], [ -72.670821270999966, -7.640640406750977 ], [ -72.669457904999945, -7.640063608751007 ], [ -72.668481454999949, -7.639438399751003 ], [ -72.666912378999939, -7.639070530751011 ], [ -72.665877956999964, -7.638217576751058 ], [ -72.66376642299997, -7.636655601751088 ], [ -72.663031343999933, -7.636119487751104 ], [ -72.661441005999961, -7.63426165775116 ], [ -72.661061144999962, -7.633915553751154 ], [ -72.660340147999989, -7.633197216751214 ], [ -72.659039084999961, -7.632631085751201 ], [ -72.658006644999944, -7.632400602751217 ], [ -72.658301931999972, -7.632370683751231 ], [ -72.658066601999963, -7.632267992751244 ], [ -72.657844656999941, -7.632254909751237 ], [ -72.657701871999961, -7.63222342575121 ], [ -72.657513297999969, -7.632173062751196 ], [ -72.657164804999979, -7.632135904751203 ], [ -72.657061126999963, -7.632117104751238 ], [ -72.656837779999989, -7.632155270751204 ], [ -72.656822776999945, -7.632155292751202 ], [ -72.656563922999965, -7.632285490751211 ], [ -72.656559548999951, -7.632290712751236 ], [ -72.656677282999965, -7.632339804751223 ], [ -72.656864734999942, -7.632360134751208 ], [ -72.656872417999978, -7.632365252751196 ], [ -72.656879739999965, -7.632365243751232 ], [ -72.65704954499995, -7.632292660751215 ], [ -72.657195331999958, -7.632308076751216 ], [ -72.657390154999973, -7.63236972075124 ], [ -72.657724343999973, -7.632384639751205 ], [ -72.657728987999974, -7.6323922837512 ], [ -72.657834922999939, -7.632402510751218 ], [ -72.655915651999976, -7.632464028751206 ], [ -72.655055049999987, -7.632518440751203 ], [ -72.653457310999954, -7.632950618751177 ], [ -72.651943633999963, -7.633649930751198 ], [ -72.649836676999939, -7.634782739751116 ], [ -72.648192569999935, -7.635784179751132 ], [ -72.646630612999957, -7.636945049751072 ], [ -72.643676419999963, -7.639894473750985 ], [ -72.645251094999935, -7.638114822751048 ], [ -72.64634429299997, -7.637128365751065 ], [ -72.647635833999971, -7.636163470751117 ], [ -72.646809233999988, -7.636377690751084 ], [ -72.646232662999978, -7.636719610751059 ], [ -72.645514724999941, -7.63720046575108 ], [ -72.644509475999939, -7.63806911875105 ], [ -72.643321480999987, -7.639426416751019 ], [ -72.64309359899994, -7.640553159750969 ], [ -72.643208672999947, -7.640423106750952 ], [ -72.641795428999956, -7.642552491750876 ], [ -72.639749541999947, -7.646051900750797 ], [ -72.638831767999989, -7.646443695750767 ], [ -72.638773390999972, -7.646463530750757 ], [ -72.638713235999944, -7.646504391750755 ], [ -72.638049044999946, -7.646695900750736 ], [ -72.637645476999978, -7.646656819750787 ], [ -72.637617076999959, -7.646657412750768 ], [ -72.637370286999953, -7.646371695750783 ], [ -72.637351963999947, -7.646341285750757 ], [ -72.63708122099996, -7.645930785750785 ], [ -72.637081755999986, -7.645898388750805 ], [ -72.637060583999983, -7.645441900750821 ], [ -72.637626527999942, -7.643606751750831 ], [ -72.639032331999942, -7.64155021075095 ], [ -72.64078131499997, -7.639853089750998 ], [ -72.641916825999942, -7.638710021750999 ], [ -72.643156130999955, -7.637091159751066 ], [ -72.644063782999979, -7.635698486751116 ], [ -72.64488969599995, -7.63379715675116 ], [ -72.645170634999943, -7.632972283751193 ], [ -72.645251987999984, -7.632222365751223 ], [ -72.645334640999977, -7.631421052751232 ], [ -72.645626271999959, -7.630870640751262 ], [ -72.646285706999947, -7.629508778751292 ], [ -72.646798048999983, -7.62880123275131 ], [ -72.64748345199996, -7.627832394751335 ], [ -72.647965676999945, -7.627295049751357 ], [ -72.648947810999971, -7.626035111751416 ], [ -72.649791615999959, -7.624753862751469 ], [ -72.650055814999973, -7.624380189751473 ], [ -72.650352846999965, -7.623609543751523 ], [ -72.650662122999961, -7.622319091751523 ], [ -72.650503929999957, -7.621578726751534 ], [ -72.650362952999956, -7.6210344917516 ], [ -72.649981894999939, -7.620318743751621 ], [ -72.649544329999969, -7.620157237751586 ], [ -72.64953750799998, -7.620157298751626 ], [ -72.64940143299998, -7.620192388751605 ], [ -72.649211019999939, -7.619985508751602 ] ], [ [ -72.669096913999965, -7.637974980751043 ], [ -72.668011007999951, -7.638321073751049 ], [ -72.667472731999965, -7.638739570751039 ], [ -72.667421561999959, -7.639072831751005 ], [ -72.667681327999958, -7.638997613751005 ], [ -72.667683340999986, -7.638996926750989 ], [ -72.66798794999994, -7.639002554750986 ], [ -72.66833623499997, -7.639108141750992 ], [ -72.66888856099996, -7.638618945751018 ], [ -72.669096913999965, -7.637974980751043 ] ] ] } },
{ "type": "Feature", "properties": { "num_setor": "AC_CZS_SR_01_CPRM", "munic": "CRUZEIRO DO SUL", "grau_risco": "Alto", "distancia_km": 1.45, "chuva_24h": 0.2, "chuva_72h": 13.4, "fonte_estacao": "openmeteo", "codigo_estacao": "openmeteo", "nome_estacao": "Open-Meteo (célula de grade)" }, "geometry": { "type": "Polygon", "coordinates": [ [ [ -72.665692771999943, -7.660457936750307 ], [ -72.665721022999946, -7.660437987750321 ], [ -72.666615923999984, -7.659637294750319 ], [ -72.669513621999954, -7.658790960750386 ], [ -72.670962065999959, -7.658484318750395 ], [ -72.671041579999951, -7.658474849750385 ], [ -72.671152895999967, -7.658461592750409 ], [ -72.67294555999996, -7.658218692750424 ], [ -72.674513077999961, -7.657739918750395 ], [ -72.676020157999972, -7.657214254750405 ], [ -72.676934550999988, -7.656688030750424 ], [ -72.677378532999967, -7.656351524750431 ], [ -72.677960026999983, -7.655726191750498 ], [ -72.677944687999968, -7.655746065750467 ], [ -72.677602477999983, -7.656681335750452 ], [ -72.677589139999952, -7.656736177750446 ], [ -72.677496947999941, -7.656817604750442 ], [ -72.677038491999951, -7.657503631750393 ], [ -72.676995060999957, -7.657578366750391 ], [ -72.676692457999934, -7.658080209750424 ], [ -72.676515298999959, -7.658826645750387 ], [ -72.676518425999973, -7.658877097750365 ], [ -72.67653723799998, -7.658925063750379 ], [ -72.676832156999978, -7.659687128750353 ], [ -72.677228740999965, -7.660173703750305 ], [ -72.677277799999956, -7.660231821750339 ], [ -72.677356534999944, -7.660287045750327 ], [ -72.678716631999976, -7.660891931750323 ], [ -72.682622599999945, -7.66033762675031 ], [ -72.684381236999968, -7.660068314750319 ], [ -72.685886660999984, -7.659747303750342 ], [ -72.687129561999939, -7.659504001750352 ], [ -72.687144794999938, -7.659501983750373 ], [ -72.687284685999941, -7.659892933750358 ], [ -72.687285421999945, -7.660002086750339 ], [ -72.687285736999968, -7.660048739750363 ], [ -72.687286258999961, -7.660126324750347 ], [ -72.687173761999986, -7.660950559750304 ], [ -72.687117570999987, -7.661061723750333 ], [ -72.687089406999974, -7.661109728750326 ], [ -72.687047376999942, -7.661189033750308 ], [ -72.686412985999937, -7.66192608375028 ], [ -72.686341872999947, -7.661963626750303 ], [ -72.68628522399996, -7.661999423750255 ], [ -72.686229125999944, -7.662049635750267 ], [ -72.686157697999988, -7.662072628750287 ], [ -72.686074592999944, -7.662169372750238 ], [ -72.684962407999933, -7.663032045750247 ], [ -72.684849220999979, -7.663059896750217 ], [ -72.68469665899994, -7.663134357750267 ], [ -72.684545498999967, -7.66322245375022 ], [ -72.684489947999964, -7.663243001750225 ], [ -72.682828937999943, -7.664312538750227 ], [ -72.682737586999963, -7.664391567750172 ], [ -72.681202163999956, -7.66591685175015 ], [ -72.675855693999949, -7.66849795275004 ], [ -72.674362995999957, -7.66822249075006 ], [ -72.674288993999937, -7.668231411750076 ], [ -72.673479315999941, -7.668131577750057 ], [ -72.673445563999962, -7.668104600750054 ], [ -72.673348289999979, -7.668054381750114 ], [ -72.673310175999973, -7.667996389750063 ], [ -72.67237347799994, -7.667067291750117 ], [ -72.672261277999951, -7.667034184750143 ], [ -72.672228845999939, -7.667022434750143 ], [ -72.672138945999961, -7.666936971750139 ], [ -72.67199599099996, -7.666809208750123 ], [ -72.670951819999971, -7.666131217750171 ], [ -72.670933710999975, -7.666116844750173 ], [ -72.670817972999942, -7.666081412750162 ], [ -72.670784469999944, -7.666068945750134 ], [ -72.669553777999965, -7.665776486750164 ], [ -72.669489407999947, -7.665768383750136 ], [ -72.669409729999984, -7.665762384750141 ], [ -72.669394440999952, -7.66576449075015 ], [ -72.667736642999955, -7.665919416750138 ], [ -72.667689404999976, -7.665924328750145 ], [ -72.667579784999987, -7.665936389750153 ], [ -72.667532795999989, -7.665941559750157 ], [ -72.666327796999951, -7.666090170750138 ], [ -72.666222299999959, -7.666065289750143 ], [ -72.666185666999979, -7.66605144775016 ], [ -72.665385273999959, -7.665699880750168 ], [ -72.665325284999938, -7.665655455750176 ], [ -72.663998112999934, -7.664388455750167 ], [ -72.663720728999976, -7.663750229750213 ], [ -72.663682899999969, -7.663622347750205 ], [ -72.663676838999947, -7.6635929787502 ], [ -72.663821705999965, -7.662726423750269 ], [ -72.663869486999943, -7.662671966750241 ], [ -72.664567721999958, -7.661679020750273 ], [ -72.664609042999984, -7.661656324750297 ], [ -72.665692771999943, -7.660457936750307 ] ] ] } },
{ "type": "Feature", "properties": { "num_setor": "AC_CZS_SR_01_CPRM", "munic": "CRUZEIRO DO SUL", "grau_risco": "Alto", "distancia_km": 1.49, "chuva_24h": 0.2, "chuva_72h": 13.2, "fonte_estacao": "openmeteo", "codigo_estacao": "openmeteo", "nome_estacao": "Open-Meteo (célula de grade)" }, "geometry": { "type": "Polygon", "coordinates": [ [ [ -72.635183242999972, -7.616048955751709 ], [ -72.634061581999958, -7.615648998751767 ], [ -72.632956759999956, -7.614885396751786 ], [ -72.631362968999952, -7.613975645751825 ], [ -72.630378619999988, -7.613163610751818 ], [ -72.630330203999961, -7.613154400751851 ], [ -72.630291770999975, -7.613123128751852 ], [ -72.630271443999959, -7.613122383751826 ], [ -72.629256028999976, -7.612212705751888 ], [ -72.630108725999946, -7.611578507751905 ], [ -72.630432378999956, -7.61207525375184 ], [ -72.630865924999966, -7.612376787751851 ], [ -72.630888707999986, -7.612393700751874 ], [ -72.631434389999981, -7.612636479751831 ], [ -72.63274408999996, -7.613487125751809 ], [ -72.633254013999988, -7.613778417751834 ], [ -72.633275273999971, -7.613778421751796 ], [ -72.633319300999972, -7.613787672751785 ], [ -72.634032539999964, -7.614216310751791 ], [ -72.634040444999982, -7.614224841751785 ], [ -72.635350044999939, -7.615283959751751 ], [ -72.635379052999951, -7.615317230751756 ], [ -72.635669033999989, -7.615566160751743 ], [ -72.636697029999937, -7.61606083675175 ], [ -72.637152205999939, -7.616194267751732 ], [ -72.637551694999956, -7.616119269751739 ], [ -72.637578380999969, -7.616119618751743 ], [ -72.637597297999946, -7.616112068751717 ], [ -72.637633017999974, -7.616081278751737 ], [ -72.638117259999945, -7.616057224751747 ], [ -72.638144882999939, -7.616065625751745 ], [ -72.638344699999948, -7.616201478751704 ], [ -72.638582919999976, -7.616377153751736 ], [ -72.638895391999938, -7.616475786751724 ], [ -72.63933435499996, -7.616612429751738 ], [ -72.639589352999963, -7.616843096751715 ], [ -72.640030122999974, -7.61711696575172 ], [ -72.640048753999963, -7.617117091751696 ], [ -72.640629783999941, -7.61731495775169 ], [ -72.641041740999981, -7.617371861751709 ], [ -72.641066078999984, -7.617372090751672 ], [ -72.641082899999958, -7.617392017751722 ], [ -72.64160749499996, -7.617597926751703 ], [ -72.641918836999935, -7.617973541751677 ], [ -72.641933202999951, -7.617997936751652 ], [ -72.64285823299997, -7.618546139751684 ], [ -72.643282211999974, -7.618678775751667 ], [ -72.643305835999968, -7.618678778751637 ], [ -72.644392284999981, -7.618660119751661 ], [ -72.645306844999936, -7.618332375751663 ], [ -72.645427155999982, -7.618304577751652 ], [ -72.645937542999945, -7.618114199751691 ], [ -72.646842360999983, -7.617699138751701 ], [ -72.646877074999963, -7.617698973751682 ], [ -72.647252254999955, -7.617585834751673 ], [ -72.647308079999959, -7.617588341751712 ], [ -72.647661351999943, -7.617663089751682 ], [ -72.647737340999981, -7.617666305751666 ], [ -72.64777184999997, -7.61766776575169 ], [ -72.647792545999948, -7.617668641751681 ], [ -72.647826548999944, -7.617686266751684 ], [ -72.64797853999994, -7.617860881751672 ], [ -72.647985056999971, -7.617869087751689 ], [ -72.648018172999969, -7.617894212751668 ], [ -72.648116782999978, -7.61812500275165 ], [ -72.648116438999978, -7.618132718751679 ], [ -72.648123389999967, -7.618820395751629 ], [ -72.647929858999987, -7.619105036751625 ], [ -72.647902393999971, -7.619122432751658 ], [ -72.647818063999978, -7.619510880751613 ], [ -72.647816639999974, -7.619555577751631 ], [ -72.647563069999933, -7.619231086751627 ], [ -72.647049668999955, -7.619277518751654 ], [ -72.646337350999943, -7.619233924751631 ], [ -72.64571387899997, -7.619152311751609 ], [ -72.644846736999966, -7.619050567751668 ], [ -72.643668401999946, -7.619109109751637 ], [ -72.64360517199998, -7.619439692751623 ], [ -72.642545139999982, -7.619050344751639 ], [ -72.640835122999988, -7.618332229751675 ], [ -72.639241172999959, -7.617740662751681 ], [ -72.637274520999938, -7.616854546751708 ], [ -72.636350973999981, -7.616561082751731 ], [ -72.635183242999972, -7.616048955751709 ] ] ] } },
{ "type": "Feature", "properties": { "num_setor": "AC_EPITACI_SR_2_CPRM", "munic": "EPITACIOLÂNDIA", "grau_risco": "Alto", "distancia_km": 1.64, "chuva_24h": 0.1, "chuva_72h": 0.2, "fonte_estacao": "openmeteo", "codigo_estacao": "openmeteo", "nome_estacao": "Open-Meteo (célula de grade)" }, "geometry": { "type": "Polygon", "coordinates": [ [ [ -68.746355760999961, -11.02430755864534 ], [ -68.74644821399994, -11.024502596645338 ], [ -68.746282715999939, -11.024688027645313 ], [ -68.746389467999961, -11.025001303645286 ], [ -68.746678932999941, -11.025225146645298 ], [ -68.746873277999953, -11.025335291645305 ], [ -68.746941278999941, -11.025589036645304 ], [ -68.747004192999952, -11.025921714645294 ], [ -68.747208572999966, -11.025796544645251 ], [ -68.747368814999959, -11.025734027645253 ], [ -68.747711546999938, -11.026351734645241 ], [ -68.747601007999947, -11.026568886645238 ], [ -68.747818511999981, -11.026819619645263 ], [ -68.747666512999956, -11.027110914645267 ], [ -68.747260266999945, -11.027079547645245 ], [ -68.746996989999957, -11.027295523645231 ], [ -68.746746426999948, -11.027244422645232 ], [ -68.74629364599997, -11.026931272645234 ], [ -68.745916146999946, -11.02658139664527 ], [ -68.745654297999977, -11.026506983645282 ], [ -68.745966274999944, -11.026198354645276 ], [ -68.74577445999995, -11.02609038364524 ], [ -68.745428395999966, -11.026022711645242 ], [ -68.745143800999983, -11.026091716645244 ], [ -68.744852059999971, -11.026441452645273 ], [ -68.744648862999952, -11.026743870645245 ], [ -68.745012096999972, -11.02708360364521 ], [ -68.745265462999953, -11.02694463964524 ], [ -68.745635024999956, -11.026614952645273 ], [ -68.745692758999951, -11.02667398564523 ], [ -68.745777487999987, -11.026826061645229 ], [ -68.745323644999985, -11.027017188645219 ], [ -68.745589191999954, -11.027142151645236 ], [ -68.745563840999978, -11.027313925645256 ], [ -68.745444648999978, -11.027430755645222 ], [ -68.745560116999968, -11.027515687645201 ], [ -68.746029531999966, -11.027225427645233 ], [ -68.746120813999937, -11.027356239645231 ], [ -68.746555770999976, -11.027573593645192 ], [ -68.746813373999942, -11.027471620645231 ], [ -68.747195494999971, -11.027559826645213 ], [ -68.747345662999976, -11.027615630645217 ], [ -68.74706828099994, -11.028022005645211 ], [ -68.746540472999982, -11.0282369116452 ], [ -68.74619635199997, -11.028475733645168 ], [ -68.746231046999981, -11.02879144064519 ], [ -68.746218180999961, -11.02906522964518 ], [ -68.745991721999985, -11.029139368645176 ], [ -68.745994509999946, -11.028982801645201 ], [ -68.745878519999962, -11.028904464645153 ], [ -68.745680042999936, -11.029204688645137 ], [ -68.745545211999968, -11.02926710964519 ], [ -68.745455813999968, -11.029402051645178 ], [ -68.745306184999947, -11.029486279645161 ], [ -68.745280151999964, -11.029575125645149 ], [ -68.745213159999935, -11.029699254645172 ], [ -68.74506615699994, -11.029749716645162 ], [ -68.744697400999939, -11.029630494645133 ], [ -68.744597510999938, -11.029560451645144 ], [ -68.74438523799995, -11.029599901645174 ], [ -68.743826922999972, -11.029907908645166 ], [ -68.74350794999998, -11.029779212645122 ], [ -68.743380207999962, -11.029618451645163 ], [ -68.743770199999972, -11.029213994645177 ], [ -68.743614678999961, -11.029058836645202 ], [ -68.743440605999979, -11.028928007645209 ], [ -68.743322877999958, -11.028819746645173 ], [ -68.743258895999986, -11.028598795645163 ], [ -68.743721414999982, -11.028422649645218 ], [ -68.743837221999968, -11.028335607645209 ], [ -68.744090970999935, -11.028153005645219 ], [ -68.744353315999945, -11.028221922645178 ], [ -68.744545989999949, -11.028123865645183 ], [ -68.744619388999979, -11.028034846645205 ], [ -68.744509068999946, -11.027816520645237 ], [ -68.744991119999952, -11.027209909645226 ], [ -68.744711739999957, -11.026898754645226 ], [ -68.74448052799994, -11.027168909645226 ], [ -68.74412173099995, -11.027229948645225 ], [ -68.744080485999973, -11.027454510645242 ], [ -68.744190310999954, -11.02767497064522 ], [ -68.744132235999984, -11.027822715645208 ], [ -68.743932561999941, -11.028054682645184 ], [ -68.743736234999972, -11.028266267645224 ], [ -68.743477583999947, -11.028367046645199 ], [ -68.743444246999957, -11.028178456645218 ], [ -68.743361901999947, -11.028265119645202 ], [ -68.743285538999942, -11.028470067645168 ], [ -68.743079744999989, -11.028353191645186 ], [ -68.742893364999986, -11.028465753645211 ], [ -68.742873839999959, -11.02864784364521 ], [ -68.742742773999964, -11.028993756645189 ], [ -68.742596713999944, -11.029215862645152 ], [ -68.742395442999964, -11.029371040645149 ], [ -68.742238468999972, -11.029413041645141 ], [ -68.742008049999981, -11.029381888645192 ], [ -68.741890953999985, -11.02932543564518 ], [ -68.741836313999954, -11.02924294764515 ], [ -68.741772012999945, -11.029114039645188 ], [ -68.741606872999967, -11.029320804645158 ], [ -68.741619097999944, -11.02952611664514 ], [ -68.741511279999941, -11.029633319645155 ], [ -68.741330037999944, -11.029796092645153 ], [ -68.741231538999955, -11.030016062645146 ], [ -68.741154699999981, -11.030128360645167 ], [ -68.741264841999964, -11.030205290645149 ], [ -68.741645825999967, -11.029780915645143 ], [ -68.74190968399995, -11.02959829864513 ], [ -68.742034971999942, -11.029696142645172 ], [ -68.741881530999933, -11.02986645564518 ], [ -68.741728901999977, -11.030040464645147 ], [ -68.741468501999975, -11.03027921464513 ], [ -68.741684099999986, -11.030276426645118 ], [ -68.742026992999968, -11.030165768645141 ], [ -68.742175799999984, -11.029927676645125 ], [ -68.742223087999946, -11.029889753645152 ], [ -68.742439334999972, -11.029595524645138 ], [ -68.742747626999972, -11.02919207064517 ], [ -68.742961673999957, -11.028977901645179 ], [ -68.74305471699995, -11.029366876645177 ], [ -68.743183079999937, -11.029508827645165 ], [ -68.743106273999956, -11.029851117645149 ], [ -68.743177671999945, -11.030083007645155 ], [ -68.743506172999957, -11.030276883645119 ], [ -68.743390095999985, -11.030686685645142 ], [ -68.743349123999963, -11.030986940645139 ], [ -68.743001296999978, -11.031181157645142 ], [ -68.742804035999939, -11.030989100645092 ], [ -68.742550558999937, -11.031007631645114 ], [ -68.74244177099996, -11.031130268645114 ], [ -68.742585693999956, -11.031216939645139 ], [ -68.742621233999955, -11.031321231645137 ], [ -68.742583868999986, -11.03165024364508 ], [ -68.742583189999948, -11.03177096364511 ], [ -68.742403255999989, -11.032045549645094 ], [ -68.741831073999947, -11.031374566645091 ], [ -68.741400026999941, -11.030925321645139 ], [ -68.740923102999943, -11.029751460645132 ], [ -68.746355760999961, -11.02430755864534 ] ] ] } },
{ "type": "Feature", "properties": { "num_setor": "AC_EPITACI_SR_3_CPRM", "munic": "EPITACIOLÂNDIA", "grau_risco": "Alto", "distancia_km": 1.97, "chuva_24h": 0.1, "chuva_72h": 0.2, "fonte_estacao": "openmeteo", "codigo_estacao": "openmeteo", "nome_estacao": "Open-Meteo (célula de grade)" }, "geometry": { "type": "Polygon", "coordinates": [ [ [ -68.745458766999946, -11.022566680645367 ], [ -68.746395073999963, -11.022597029645343 ], [ -68.746371413999952, -11.023562686645375 ], [ -68.746248110999943, -11.024164884645318 ], [ -68.744733156999985, -11.025672181645264 ], [ -68.744418499999938, -11.025264388645313 ], [ -68.744538812999963, -11.0249141136453 ], [ -68.745022309999968, -11.024541216645341 ], [ -68.745430350999982, -11.024070999645312 ], [ -68.745013547999974, -11.023814626645358 ], [ -68.744832815999985, -11.023585667645344 ], [ -68.74458638699997, -11.023782010645363 ], [ -68.744520271999988, -11.023882727645312 ], [ -68.744734144999939, -11.024034606645346 ], [ -68.744602056999952, -11.024230737645341 ], [ -68.744502717999978, -11.024092604645343 ], [ -68.744434639999952, -11.023995321645339 ], [ -68.744411040999978, -11.024129711645307 ], [ -68.74445303899995, -11.0242918556453 ], [ -68.744336506999957, -11.024383164645325 ], [ -68.744321192999962, -11.024220814645346 ], [ -68.744259787999965, -11.024192452645323 ], [ -68.744156084999986, -11.024273168645337 ], [ -68.744076480999979, -11.024459856645318 ], [ -68.744195656999977, -11.024604225645305 ], [ -68.744165830999975, -11.024725069645289 ], [ -68.744118288999971, -11.024780699645301 ], [ -68.744060658999956, -11.024816988645286 ], [ -68.744031764999988, -11.02484486664531 ], [ -68.743847699999947, -11.025183048645305 ], [ -68.743483510999965, -11.025487330645298 ], [ -68.743732761999979, -11.025630368645272 ], [ -68.74384962299996, -11.025297320645258 ], [ -68.743981816999963, -11.025170453645314 ], [ -68.74424410599994, -11.025264395645296 ], [ -68.74459815199998, -11.025802294645265 ], [ -68.743362376999983, -11.027012838645234 ], [ -68.74299094099996, -11.026590874645247 ], [ -68.742723230999957, -11.026050097645243 ], [ -68.742552799999942, -11.026003684645293 ], [ -68.742438022999977, -11.02575262264528 ], [ -68.742371486999957, -11.025757993645264 ], [ -68.742433605999963, -11.026082809645242 ], [ -68.742567376999943, -11.026281242645279 ], [ -68.742479870999944, -11.02647264064524 ], [ -68.742401318999953, -11.026737752645261 ], [ -68.742108768999969, -11.02711257864523 ], [ -68.741933096999958, -11.027334034645238 ], [ -68.741557631999967, -11.027494717645229 ], [ -68.741494272999944, -11.027626583645224 ], [ -68.741516468999976, -11.027824474645191 ], [ -68.741394211999989, -11.028017423645181 ], [ -68.74121391999995, -11.028316569645204 ], [ -68.741296489999968, -11.028426345645185 ], [ -68.741464176999955, -11.02849926464518 ], [ -68.741532123999946, -11.028407889645162 ], [ -68.741642186999968, -11.028303913645173 ], [ -68.741535356999975, -11.028099371645178 ], [ -68.74166387799994, -11.027982307645187 ], [ -68.741598304999968, -11.027882501645216 ], [ -68.741677254999956, -11.027760477645208 ], [ -68.741856628999983, -11.027653199645242 ], [ -68.742161584999963, -11.027704872645204 ], [ -68.742253516999938, -11.027638625645208 ], [ -68.742375341999946, -11.02754612564522 ], [ -68.742264166999973, -11.02745968464521 ], [ -68.742338738999933, -11.027181596645256 ], [ -68.742465723999942, -11.02702411264527 ], [ -68.742629030999979, -11.026854774645235 ], [ -68.742831437999939, -11.026498690645267 ], [ -68.74322880699998, -11.027176080645217 ], [ -68.741137728999945, -11.029230047645145 ], [ -68.740364149999948, -11.029118066645173 ], [ -68.740469995999945, -11.029004840645184 ], [ -68.740733596999974, -11.028937559645199 ], [ -68.740867738999953, -11.028683966645181 ], [ -68.740842119999968, -11.028406232645183 ], [ -68.740958815999988, -11.028011947645219 ], [ -68.741110965999951, -11.027667133645224 ], [ -68.74118490099994, -11.027510996645244 ], [ -68.741505873999984, -11.027290745645219 ], [ -68.741688389999979, -11.027198595645226 ], [ -68.741905006999957, -11.027080956645236 ], [ -68.742111276999935, -11.026813970645263 ], [ -68.742301108999982, -11.026661682645226 ], [ -68.742253528999981, -11.026205173645236 ], [ -68.742147169999953, -11.025904014645301 ], [ -68.742151804999935, -11.025220717645297 ], [ -68.742244827999968, -11.024971952645322 ], [ -68.742565732999935, -11.024275779645299 ], [ -68.742222336999987, -11.024165534645322 ], [ -68.742114493999964, -11.024331694645303 ], [ -68.74196455699996, -11.024721125645327 ], [ -68.741679356999953, -11.024930679645307 ], [ -68.741634805999979, -11.025317549645285 ], [ -68.74158410299998, -11.025809568645254 ], [ -68.741523116999986, -11.026326147645257 ], [ -68.741574106999963, -11.026630321645248 ], [ -68.741200148999951, -11.026973308645253 ], [ -68.740922836999971, -11.027602119645188 ], [ -68.740774101999932, -11.027896220645195 ], [ -68.740471118999949, -11.028236592645216 ], [ -68.740372510999975, -11.028394855645219 ], [ -68.740174743999944, -11.028460323645223 ], [ -68.740151355999956, -11.02870782664518 ], [ -68.740436490999969, -11.028955616645174 ], [ -68.740296523999973, -11.02906589364515 ], [ -68.73977291999995, -11.028556437645186 ], [ -68.739183283999978, -11.027675888645231 ], [ -68.739417892999938, -11.027643937645186 ], [ -68.739564754999947, -11.0276874536452 ], [ -68.739906800999961, -11.027621609645195 ], [ -68.739939860999982, -11.027744629645232 ], [ -68.739618986999972, -11.027973235645232 ], [ -68.739854614999956, -11.028169943645201 ], [ -68.740028240999948, -11.028259025645184 ], [ -68.740182431999983, -11.027911501645198 ], [ -68.74040995699994, -11.027758531645212 ], [ -68.740656850999983, -11.027173744645248 ], [ -68.740716794999969, -11.027026504645264 ], [ -68.741128323999988, -11.026785838645248 ], [ -68.74122362199995, -11.026576198645271 ], [ -68.741196665999951, -11.026400323645252 ], [ -68.741225594999946, -11.026001195645296 ], [ -68.741207464999945, -11.025547771645314 ], [ -68.741213095999967, -11.025297726645295 ], [ -68.741234840999937, -11.02510758264531 ], [ -68.741335223999954, -11.024798780645312 ], [ -68.741122397999959, -11.024714785645303 ], [ -68.74107676899996, -11.024812850645331 ], [ -68.741070892999971, -11.024940496645284 ], [ -68.741028916999937, -11.025161249645279 ], [ -68.740994306999937, -11.025719499645305 ], [ -68.740979195999955, -11.026177964645241 ], [ -68.741121155999963, -11.026485132645231 ], [ -68.740614042999937, -11.026988759645224 ], [ -68.740406027999938, -11.027238737645215 ], [ -68.740081528999951, -11.027344121645211 ], [ -68.739848667999979, -11.027463933645238 ], [ -68.739515481999945, -11.027167041645251 ], [ -68.739533236999932, -11.027433179645222 ], [ -68.739364708999972, -11.027526362645199 ], [ -68.739124191999963, -11.027523801645231 ], [ -68.739021818999959, -11.027312682645212 ], [ -68.740737606999971, -11.026040191645238 ], [ -68.741003918999979, -11.024582909645288 ], [ -68.74162664399995, -11.024830444645319 ], [ -68.742337747999954, -11.023770946645326 ], [ -68.742612637999969, -11.023438072645353 ], [ -68.742923274999953, -11.023129332645333 ], [ -68.742874879999988, -11.023552799645346 ], [ -68.742787461999967, -11.023807939645305 ], [ -68.742925626999977, -11.023886073645343 ], [ -68.743226182999933, -11.023706551645349 ], [ -68.743564866999975, -11.023105160645335 ], [ -68.743870160999961, -11.023168952645383 ], [ -68.744396768999934, -11.023272270645336 ], [ -68.744986421999954, -11.02344738764536 ], [ -68.745458766999946, -11.022566680645367 ] ] ] } },
{ "type": "Feature", "properties": { "num_setor": "AC_CZS_SR_04_CPRM", "munic": "CRUZEIRO DO SUL", "grau_risco": "Muito alto", "distancia_km": 1.78, "chuva_24h": 0.2, "chuva_72h": 13.2, "fonte_estacao": "openmeteo", "codigo_estacao": "openmeteo", "nome_estacao": "Open-Meteo (célula de grade)" }, "geometry": { "type": "Polygon", "coordinates": [ [ [ -72.644083916999989, -7.630367715751289 ], [ -72.643847607999987, -7.630889549751267 ], [ -72.64383715799994, -7.630944831751269 ], [ -72.643423606999988, -7.631904971751253 ], [ -72.642940110999973, -7.631008749751286 ], [ -72.644852686999968, -7.627796426751372 ], [ -72.64551871599997, -7.62662172775142 ], [ -72.64632497499997, -7.626388272751429 ], [ -72.646346758999982, -7.626393962751401 ], [ -72.646368831999951, -7.626393431751379 ], [ -72.64608906999996, -7.626854052751375 ], [ -72.644707550999954, -7.629128693751345 ], [ -72.644461670999988, -7.629533529751304 ], [ -72.644114659999957, -7.630299825751271 ], [ -72.644083916999989, -7.630367715751289 ] ] ] } },
{ "type": "Feature", "properties": { "num_setor": "AC_CZS_SR_05_CPRM", "munic": "CRUZEIRO DO SUL", "grau_risco": "Muito alto", "distancia_km": 1.27, "chuva_24h": 0.2, "chuva_72h": 13.2, "fonte_estacao": "openmeteo", "codigo_estacao": "openmeteo", "nome_estacao": "Open-Meteo (célula de grade)" }, "geometry": { "type": "Polygon", "coordinates": [ [ [ -72.637726432999955, -7.639240952751007 ], [ -72.638326813999981, -7.638701606751039 ], [ -72.63967497699997, -7.637318173751074 ], [ -72.640894645999936, -7.637308889751042 ], [ -72.639860007999971, -7.638290732751038 ], [ -72.638369476999969, -7.639705205751004 ], [ -72.637103120999939, -7.641138909750924 ], [ -72.636686517999976, -7.64154440975091 ], [ -72.636681769999939, -7.641589579750933 ], [ -72.636309387999972, -7.642104506750895 ], [ -72.636140603999934, -7.642337899750918 ], [ -72.636101485999973, -7.642431935750923 ], [ -72.635801759999936, -7.643152447750891 ], [ -72.63558250899996, -7.643854482750824 ], [ -72.635499533999962, -7.644146386750865 ], [ -72.635346598999945, -7.644684405750827 ], [ -72.63534429799995, -7.644734817750828 ], [ -72.635318506999965, -7.645299755750781 ], [ -72.635294213999941, -7.645831909750803 ], [ -72.635373510999955, -7.645963400750786 ], [ -72.635724142999948, -7.646544826750771 ], [ -72.636323810999954, -7.647541977750718 ], [ -72.636472233999939, -7.647638565750736 ], [ -72.637323379999941, -7.648192457750688 ], [ -72.637517167999988, -7.648318567750735 ], [ -72.63838788399994, -7.648608511750703 ], [ -72.639051196999958, -7.648731465750701 ], [ -72.639827970999988, -7.648562662750704 ], [ -72.640282452999941, -7.648300172750702 ], [ -72.64081972799994, -7.647995535750709 ], [ -72.640825287999974, -7.647989494750698 ], [ -72.641206070999942, -7.647575783750746 ], [ -72.641367615999968, -7.647400269750724 ], [ -72.641370567999957, -7.648334201750703 ], [ -72.641304318999971, -7.648414857750727 ], [ -72.641300850999983, -7.648422227750716 ], [ -72.641284952999968, -7.648433754750686 ], [ -72.64109601399997, -7.648590833750699 ], [ -72.641086550999944, -7.648605048750715 ], [ -72.641070979999938, -7.648622949750696 ], [ -72.640797274999954, -7.648766079750711 ], [ -72.640775934999965, -7.648775055750723 ], [ -72.640766796999969, -7.648782784750718 ], [ -72.640421372999981, -7.648937127750685 ], [ -72.640401014999952, -7.648948723750718 ], [ -72.640383218999943, -7.648950280750677 ], [ -72.64036542599996, -7.648951837750697 ], [ -72.639815692999946, -7.649076376750704 ], [ -72.639801124999963, -7.649077722750683 ], [ -72.638824409999984, -7.649172450750702 ], [ -72.638754565999989, -7.649179224750687 ], [ -72.637967469999978, -7.648930577750711 ], [ -72.637949633999938, -7.648924590750705 ], [ -72.637891687999968, -7.64891904075068 ], [ -72.636310867999953, -7.648436779750698 ], [ -72.63497532599996, -7.647166115750735 ], [ -72.634767907999958, -7.644789217750841 ], [ -72.635632508999947, -7.642145788750875 ], [ -72.635677089999945, -7.642083495750898 ], [ -72.636332097999968, -7.640593970750936 ], [ -72.636405102999959, -7.64042795375097 ], [ -72.637104152999939, -7.639799969750984 ], [ -72.637726432999955, -7.639240952751007 ] ] ] } },
{ "type": "Feature", "properties": { "num_setor": "AC_CZS_SR_14_CPRM", "munic": "CRUZEIRO DO SUL", "grau_risco": "Alto", "distancia_km": 1.54, "chuva_24h": 0.2, "chuva_72h": 13.2, "fonte_estacao": "openmeteo", "codigo_estacao": "openmeteo", "nome_estacao": "Open-Meteo (célula de grade)" }, "geometry": { "type": "Polygon", "coordinates": [ [ [ -72.667354213999943, -7.617785910751675 ], [ -72.667693014999941, -7.617437732751717 ], [ -72.667932976999964, -7.617575009751674 ], [ -72.667808270999956, -7.617779432751678 ], [ -72.667674472999977, -7.617966599751647 ], [ -72.667354213999943, -7.617785910751675 ] ] ] } },
{ "type": "Feature", "properties": { "num_setor": "AC_EPITACI_SR_1_CPRM", "munic": "EPITACIOLÂNDIA", "grau_risco": "Alto", "distancia_km": 1.82, "chuva_24h": 0.3, "chuva_72h": 0.4, "fonte_estacao": "openmeteo", "codigo_estacao": "openmeteo", "nome_estacao": "Open-Meteo (célula de grade)" }, "geometry": { "type": "Polygon", "coordinates": [ [ [ -68.74244760199997, -11.017607117645516 ], [ -68.742239871999971, -11.017070185645544 ], [ -68.742415667999978, -11.016804598645551 ], [ -68.742924372999937, -11.016987683645548 ], [ -68.743312706999973, -11.017125969645527 ], [ -68.743254720999971, -11.017475715645551 ], [ -68.743764547999945, -11.017639546645503 ], [ -68.74431820999996, -11.01759511964552 ], [ -68.74515136499997, -11.017889833645524 ], [ -68.746006755999986, -11.018137205645504 ], [ -68.746058026999947, -11.018407603645496 ], [ -68.746291725999981, -11.018644333645469 ], [ -68.745937689999948, -11.018870268645465 ], [ -68.745794000999979, -11.019050337645469 ], [ -68.745547608999971, -11.019008339645501 ], [ -68.745568489999982, -11.019131609645456 ], [ -68.745092571999976, -11.019532090645487 ], [ -68.744046806999961, -11.0190199656455 ], [ -68.743773007999948, -11.019166626645472 ], [ -68.743625581999936, -11.019502615645465 ], [ -68.743395918999965, -11.01966667464545 ], [ -68.743211469999949, -11.020104584645454 ], [ -68.742982814999948, -11.020649465645427 ], [ -68.742570910999973, -11.02051176864542 ], [ -68.742343740999956, -11.020654730645456 ], [ -68.742356402999974, -11.020985831645419 ], [ -68.742078082999967, -11.021329489645439 ], [ -68.741625022999983, -11.021155409645408 ], [ -68.741572093999935, -11.020544110645419 ], [ -68.740585278999959, -11.020301581645432 ], [ -68.740400358999977, -11.019817874645447 ], [ -68.739969420999955, -11.01964163664546 ], [ -68.740027210999983, -11.019473073645473 ], [ -68.740422442999943, -11.019499987645462 ], [ -68.740279869999938, -11.019199256645493 ], [ -68.74013393599995, -11.018836450645507 ], [ -68.740070106999951, -11.018652857645481 ], [ -68.739855655999975, -11.018425828645508 ], [ -68.739971131999937, -11.018137247645518 ], [ -68.740186970999957, -11.017580533645498 ], [ -68.740019767999968, -11.017381380645528 ], [ -68.740371665999987, -11.016992745645565 ], [ -68.740528784999981, -11.017753646645513 ], [ -68.741029061999939, -11.018225946645519 ], [ -68.742366136999976, -11.01849330164551 ], [ -68.74244760199997, -11.017607117645516 ] ] ] } },
{ "type": "Feature", "properties": { "num_setor": "AC_ASSISBR_SR_02_CPRM", "munic": "ASSIS BRASIL", "grau_risco": "Alto", "distancia_km": 1.12, "chuva_24h": 0.0, "chuva_72h": 0.0, "fonte_estacao": "openmeteo", "codigo_estacao": "openmeteo", "nome_estacao": "Open-Meteo (célula de grade)" }, "geometry": { "type": "Polygon", "coordinates": [ [ [ -69.557449390999977, -10.938061766647968 ], [ -69.557449890999976, -10.937986511647962 ], [ -69.557462708999935, -10.937956420647975 ], [ -69.557475973999942, -10.937880209647959 ], [ -69.557488877999958, -10.937857358647969 ], [ -69.557565661999945, -10.937820248647981 ], [ -69.557701651999935, -10.938016312647941 ], [ -69.55783830699994, -10.938062116647959 ], [ -69.557845139999984, -10.938062891647951 ], [ -69.557913710999969, -10.938055431647944 ], [ -69.557920783999975, -10.938047957647973 ], [ -69.558027385999935, -10.937935292647959 ], [ -69.558061243999987, -10.937941230647978 ], [ -69.558108514999958, -10.937949522647935 ], [ -69.558128312999941, -10.937961758647969 ], [ -69.558145259999947, -10.938039368647969 ], [ -69.558135917999948, -10.938102458647938 ], [ -69.558128203999956, -10.938125671647958 ], [ -69.558064139999942, -10.938207478647971 ], [ -69.558029590999979, -10.938228329647961 ], [ -69.557985142999939, -10.938331494647938 ], [ -69.557960073999936, -10.938449592647963 ], [ -69.557959702999938, -10.938458229647971 ], [ -69.557954191999954, -10.938586493647923 ], [ -69.558052404999955, -10.93861420664793 ], [ -69.558104775999936, -10.938624435647931 ], [ -69.558131151999987, -10.938625362647958 ], [ -69.558252549999963, -10.938687981647959 ], [ -69.55829173799998, -10.938788215647957 ], [ -69.558290086999989, -10.938812656647951 ], [ -69.558085901999959, -10.939019517647926 ], [ -69.558085743999982, -10.939031821647921 ], [ -69.558048691999943, -10.939124016647893 ], [ -69.558042114999978, -10.93913185164792 ], [ -69.557999669999958, -10.939221429647944 ], [ -69.557996442999979, -10.939236864647906 ], [ -69.557996435999939, -10.939252293647938 ], [ -69.557986847999985, -10.939278946647896 ], [ -69.557983671999978, -10.939290323647921 ], [ -69.557967898999948, -10.9393354116479 ], [ -69.557955620999962, -10.939405852647889 ], [ -69.557949443999973, -10.939420433647905 ], [ -69.557933985999966, -10.939442080647938 ], [ -69.557921656999952, -10.939456402647915 ], [ -69.557903643999964, -10.939506497647919 ], [ -69.557891652999956, -10.939531219647893 ], [ -69.557873732999951, -10.939562701647892 ], [ -69.557858959999976, -10.939590461647906 ], [ -69.557841472999939, -10.93962537564793 ], [ -69.557838765999975, -10.939639171647897 ], [ -69.557816085999946, -10.939696822647914 ], [ -69.557807465999986, -10.939710315647899 ], [ -69.557801877999964, -10.939723797647883 ], [ -69.557746410999982, -10.93976008264791 ], [ -69.557735037999976, -10.939773246647903 ], [ -69.55772613299996, -10.939773246647894 ], [ -69.557659719999947, -10.939809174647884 ], [ -69.557653814999981, -10.939809174647884 ], [ -69.557615899999973, -10.939867119647921 ], [ -69.557616833999987, -10.939883030647911 ], [ -69.557617780999976, -10.9398989146479 ], [ -69.55763372399997, -10.939921442647892 ], [ -69.557690587999957, -10.939953758647878 ], [ -69.557708383999966, -10.939963391647931 ], [ -69.557720782999979, -10.939982271647896 ], [ -69.557721067999978, -10.939988490647901 ], [ -69.557720329999938, -10.940034690647879 ], [ -69.55765452299994, -10.94014970464789 ], [ -69.557731424999986, -10.940297544647899 ], [ -69.557778483999982, -10.94038658464787 ], [ -69.557790609999984, -10.940424290647876 ], [ -69.557801978999976, -10.940436936647885 ], [ -69.557836921999979, -10.940511830647907 ], [ -69.557837081999935, -10.940517993647877 ], [ -69.557859572999973, -10.940542941647907 ], [ -69.557876103999945, -10.940549337647852 ], [ -69.55795306899995, -10.940581134647866 ], [ -69.557964063999975, -10.940587409647899 ], [ -69.55802973699997, -10.940618854647894 ], [ -69.558083981999971, -10.940619686647901 ], [ -69.558111090999944, -10.940620103647875 ], [ -69.558149030999971, -10.9406206866479 ], [ -69.558246512999972, -10.940622185647854 ], [ -69.558273570999972, -10.940622600647897 ], [ -69.558333028999982, -10.940629574647875 ], [ -69.558343568999987, -10.940665989647876 ], [ -69.558359432999964, -10.940702306647902 ], [ -69.558369854999967, -10.940738365647871 ], [ -69.558369084999981, -10.94082146364787 ], [ -69.558368811999969, -10.940850918647879 ], [ -69.558368594999934, -10.940874399647843 ], [ -69.558394515999964, -10.940933248647871 ], [ -69.558436083999936, -10.940986376647858 ], [ -69.558535727999981, -10.941010446647853 ], [ -69.558562302999974, -10.940999044647867 ], [ -69.558609755999953, -10.940998901647852 ], [ -69.558636122999985, -10.94099881364787 ], [ -69.558764593999967, -10.940946352647881 ], [ -69.558765223999956, -10.940928924647901 ], [ -69.558937937999985, -10.940665164647852 ], [ -69.558978192999973, -10.940665126647852 ], [ -69.558996085999979, -10.940665110647855 ], [ -69.559018110999943, -10.940651960647886 ], [ -69.559133684999949, -10.940603493647883 ], [ -69.559133526999972, -10.940594667647886 ], [ -69.559151072999953, -10.940568101647857 ], [ -69.559199041999989, -10.940447346647904 ], [ -69.55919892299994, -10.940438326647911 ], [ -69.559270976999983, -10.940351952647875 ], [ -69.559257043999935, -10.940329106647905 ], [ -69.559229346999985, -10.940310785647871 ], [ -69.559197050999956, -10.9402970396479 ], [ -69.559183146999942, -10.940287850647868 ], [ -69.559164626999973, -10.940278656647896 ], [ -69.559141486999977, -10.940269459647901 ], [ -69.559076404999985, -10.940237156647891 ], [ -69.559057761999952, -10.940227901647878 ], [ -69.558954531999973, -10.940167442647883 ], [ -69.55903641499998, -10.940106208647908 ], [ -69.559045746999971, -10.940106303647866 ], [ -69.559101707999957, -10.940106881647893 ], [ -69.55911102999994, -10.940106978647892 ], [ -69.559152891999986, -10.940102750647862 ], [ -69.559166864999952, -10.940102894647877 ], [ -69.559218019999946, -10.94009876364791 ], [ -69.559222673999955, -10.940098813647893 ], [ -69.559255201999974, -10.940094488647871 ], [ -69.559301701999971, -10.940094974647911 ], [ -69.55939458499995, -10.940095946647917 ], [ -69.559403865999968, -10.940096043647916 ], [ -69.55944560599994, -10.940096478647913 ], [ -69.559464146999971, -10.940096672647913 ], [ -69.559557083999948, -10.940091032647876 ], [ -69.559575755999958, -10.940086043647883 ], [ -69.559664310999949, -10.940084777647911 ], [ -69.559687740999948, -10.940079710647895 ], [ -69.559729641999979, -10.940079629647904 ], [ -69.559757561999959, -10.940079628647906 ], [ -69.559827362999954, -10.940079625647877 ], [ -69.559855526999968, -10.94007028864789 ], [ -69.559917298999949, -10.940028148647883 ], [ -69.55992196699998, -10.940028148647883 ], [ -69.559946194999952, -10.939999907647893 ], [ -69.559956909999983, -10.939957392647873 ], [ -69.559957811999936, -10.939928959647924 ], [ -69.559931915999982, -10.939852792647891 ], [ -69.559932203999949, -10.939843214647896 ], [ -69.559881511999947, -10.939799992647901 ], [ -69.559849036999935, -10.939775890647907 ], [ -69.559825837999938, -10.939756562647894 ], [ -69.559702895999976, -10.939742043647906 ], [ -69.559684086999937, -10.939732348647896 ], [ -69.559565474999943, -10.939732352647912 ], [ -69.559522773999959, -10.939732352647912 ], [ -69.559508602999983, -10.939722646647891 ], [ -69.559318623999957, -10.939698341647889 ], [ -69.559304317999988, -10.939688600647893 ], [ -69.55927578099994, -10.939684140647884 ], [ -69.559266228999945, -10.93967918064793 ], [ -69.559122564999939, -10.939637886647905 ], [ -69.559117699999945, -10.939632872647893 ], [ -69.559034107999935, -10.93953183064791 ], [ -69.559101250999959, -10.939512783647885 ], [ -69.559164044999989, -10.939514714647929 ], [ -69.559173706999957, -10.939515110647889 ], [ -69.559202619999951, -10.939511405647911 ], [ -69.559217085999933, -10.939512000647921 ], [ -69.559317960999977, -10.939513348647941 ], [ -69.559428295999965, -10.939513344647926 ], [ -69.559557742999971, -10.939523112647906 ], [ -69.559581849999972, -10.939508452647933 ], [ -69.559605888999954, -10.939503560647942 ], [ -69.559625084999936, -10.939503560647942 ], [ -69.559735627999942, -10.939493767647939 ], [ -69.559735706999959, -10.939488869647901 ], [ -69.559764691999987, -10.939479066647939 ], [ -69.559913706999964, -10.939447350647917 ], [ -69.560102479999955, -10.939439366647941 ], [ -69.560199379999972, -10.939447012647911 ], [ -69.560613719999935, -10.939306455647905 ], [ -69.560633017999976, -10.939296156647909 ], [ -69.560925214999941, -10.9392176176479 ], [ -69.560949704999985, -10.939207176647921 ], [ -69.561200334999967, -10.939159150647923 ], [ -69.56131869799998, -10.939142854647915 ], [ -69.56134898199997, -10.9391114766479 ], [ -69.561414536999962, -10.939058838647902 ], [ -69.561439427999971, -10.939053437647953 ], [ -69.561577142999965, -10.939078700647942 ], [ -69.561581522999973, -10.939094338647923 ], [ -69.561560364999934, -10.939222346647906 ], [ -69.561390719999963, -10.939402543647921 ], [ -69.561163958999941, -10.93955255664792 ], [ -69.561128311999937, -10.939569151647889 ], [ -69.561067413999979, -10.939591325647925 ], [ -69.561037062999958, -10.939596970647919 ], [ -69.561011814999972, -10.93959715664794 ], [ -69.560810414999935, -10.939695657647897 ], [ -69.560492763999946, -10.939846752647876 ], [ -69.560463555999945, -10.939873280647912 ], [ -69.560427938999965, -10.940035162647897 ], [ -69.560435543999972, -10.940133876647876 ], [ -69.560436139999979, -10.940154663647919 ], [ -69.560463414999958, -10.940257871647901 ], [ -69.560468690999983, -10.940273243647901 ], [ -69.560484060999954, -10.9403039086479 ], [ -69.560499120999964, -10.940324314647874 ], [ -69.560520870999937, -10.940416229647859 ], [ -69.560521133999941, -10.940426366647859 ], [ -69.560531262999973, -10.940446621647897 ], [ -69.560536818999935, -10.940476875647859 ], [ -69.560542227999974, -10.940501993647862 ], [ -69.560495780999986, -10.940551840647869 ], [ -69.56048147599995, -10.940551808647868 ], [ -69.560457482999936, -10.940546774647906 ], [ -69.560395290999963, -10.940541646647905 ], [ -69.56037583899996, -10.940531622647898 ], [ -69.560254405999956, -10.940486236647887 ], [ -69.56023935199994, -10.940471131647902 ], [ -69.560174720999953, -10.940425511647863 ], [ -69.56015469099998, -10.940410244647893 ], [ -69.560005418999936, -10.9404146616479 ], [ -69.559921327999973, -10.940454926647893 ], [ -69.559916902999987, -10.940460035647863 ], [ -69.559902478999959, -10.940530278647895 ], [ -69.559925463999946, -10.940594258647895 ], [ -69.559930168999983, -10.940594175647858 ], [ -69.559954554999933, -10.940604001647856 ], [ -69.559992385999976, -10.940677714647862 ], [ -69.559992976999979, -10.940687468647878 ], [ -69.55989643099997, -10.940794318647882 ], [ -69.559784238999953, -10.940794838647896 ], [ -69.559691801999975, -10.940760538647863 ], [ -69.559681618999946, -10.940750896647847 ], [ -69.559621479999976, -10.940707362647863 ], [ -69.559612056999981, -10.940707382647881 ], [ -69.559576067999956, -10.940832724647871 ], [ -69.559510038999974, -10.940989225647852 ], [ -69.560278386999983, -10.941565736647853 ], [ -69.560301380999988, -10.941542234647827 ], [ -69.560392622999984, -10.941542619647848 ], [ -69.560540537999941, -10.941566837647871 ], [ -69.56068701099997, -10.94167298064785 ], [ -69.560696547999953, -10.941800706647861 ], [ -69.560739344999945, -10.941973814647817 ], [ -69.560827242999949, -10.942134238647808 ], [ -69.560940006999942, -10.942145283647811 ], [ -69.560996497999952, -10.942145082647837 ], [ -69.561143932999983, -10.942121651647851 ], [ -69.561166815999968, -10.94211010964781 ], [ -69.561283432999971, -10.941971764647834 ], [ -69.561306713999954, -10.941948619647832 ], [ -69.561556295999935, -10.941937056647847 ], [ -69.561611145999962, -10.941994683647836 ], [ -69.561685490999935, -10.942143945647805 ], [ -69.561741409999968, -10.94250715064784 ], [ -69.561761823999973, -10.942574473647831 ], [ -69.561764539999956, -10.942799855647827 ], [ -69.561762335999958, -10.942855984647798 ], [ -69.561771758999953, -10.9429007366478 ], [ -69.561918349999985, -10.943133883647814 ], [ -69.562163429999941, -10.943364510647813 ], [ -69.562377880999975, -10.943506056647811 ], [ -69.562399442999947, -10.943516896647772 ], [ -69.562804725999968, -10.943765515647762 ], [ -69.563289752999935, -10.943915410647804 ], [ -69.562413105999951, -10.94388003664775 ], [ -69.562376744999938, -10.943853731647801 ], [ -69.562131739999984, -10.943767206647784 ], [ -69.562110698999959, -10.943740289647764 ], [ -69.562090569999953, -10.943704133647806 ], [ -69.561891960999958, -10.943596721647774 ], [ -69.561863006999943, -10.943560010647767 ], [ -69.561848476999955, -10.943541589647776 ], [ -69.561613493999971, -10.943432480647786 ], [ -69.56157402599996, -10.943414154647806 ], [ -69.561342310999976, -10.943177011647826 ], [ -69.561319014999981, -10.943147985647778 ], [ -69.561117321999973, -10.943011016647795 ], [ -69.561060250999958, -10.94297141064783 ], [ -69.561027753999952, -10.942941481647836 ], [ -69.561003543999959, -10.942911363647797 ], [ -69.560702860999982, -10.942760684647796 ], [ -69.560660646999963, -10.942740397647814 ], [ -69.560610026999939, -10.942688933647796 ], [ -69.560101629999963, -10.942450563647828 ], [ -69.56006649699998, -10.94242941164784 ], [ -69.560022617999948, -10.942408291647858 ], [ -69.559829123999975, -10.942342288647833 ], [ -69.559784557999933, -10.942319918647812 ], [ -69.559749546999967, -10.942318875647818 ], [ -69.55965116699997, -10.942444235647837 ], [ -69.559642040999961, -10.942742225647805 ], [ -69.559643820999952, -10.942773557647802 ], [ -69.55959508899997, -10.943074142647784 ], [ -69.559479791999934, -10.943450095647778 ], [ -69.558832677999987, -10.943004983647823 ], [ -69.558835334999969, -10.942982145647811 ], [ -69.558840676999978, -10.942936236647819 ], [ -69.558834765999961, -10.942796534647817 ], [ -69.558843216999946, -10.942725072647827 ], [ -69.558848901999966, -10.942677000647802 ], [ -69.558853907999946, -10.942636244647819 ], [ -69.558852358999957, -10.942587141647845 ], [ -69.55879159999995, -10.942388995647848 ], [ -69.55876333599997, -10.942364818647851 ], [ -69.55875329099996, -10.942314633647836 ], [ -69.558757915999934, -10.942272036647822 ], [ -69.558763503999955, -10.942220569647835 ], [ -69.55862153299995, -10.941991093647829 ], [ -69.558577075999949, -10.941957475647856 ], [ -69.558555669999976, -10.941931473647825 ], [ -69.558534315999964, -10.941905035647864 ], [ -69.558355810999956, -10.941754458647875 ], [ -69.558341174999953, -10.94173642364783 ], [ -69.558287056999973, -10.94170989364782 ], [ -69.558257499999968, -10.941673568647818 ], [ -69.557951361999983, -10.941530179647868 ], [ -69.55787195399995, -10.941493977647825 ], [ -69.557840609999971, -10.941466149647841 ], [ -69.557631531999959, -10.941399230647836 ], [ -69.55757553799998, -10.941357914647872 ], [ -69.557559438999988, -10.941347523647881 ], [ -69.557306117999985, -10.941304105647863 ], [ -69.557265084999983, -10.941303738647884 ], [ -69.556880976999935, -10.941369564647848 ], [ -69.556872788999954, -10.941369421647883 ], [ -69.556433845999948, -10.94167007964783 ], [ -69.556386309999937, -10.94168552864782 ], [ -69.55605079999998, -10.941915888647861 ], [ -69.55566442199995, -10.942181922647844 ], [ -69.555201529999977, -10.942583910647789 ], [ -69.555040409999947, -10.942924698647801 ], [ -69.554513607999979, -10.942903641647835 ], [ -69.554536437999957, -10.942862738647818 ], [ -69.554553970999962, -10.942842343647785 ], [ -69.554583698999977, -10.942822196647807 ], [ -69.554633477999971, -10.942617900647807 ], [ -69.555572279999978, -10.941359152647859 ], [ -69.555704016999982, -10.941320434647869 ], [ -69.55573598899997, -10.941287011647878 ], [ -69.555749374999948, -10.941270217647853 ], [ -69.555954110999949, -10.941103462647842 ], [ -69.556124051999973, -10.941031720647862 ], [ -69.556129548999934, -10.941031752647854 ], [ -69.556166386999962, -10.94101973664789 ], [ -69.556197848999943, -10.941007732647851 ], [ -69.556235122999965, -10.940996137647858 ], [ -69.556544875999975, -10.94087242064786 ], [ -69.556578290999937, -10.940872621647891 ], [ -69.556664169999976, -10.94082455764789 ], [ -69.556669362999969, -10.940818484647886 ], [ -69.556697334999967, -10.940818658647865 ], [ -69.556860745999984, -10.940727302647886 ], [ -69.556894568999951, -10.940727519647858 ], [ -69.556948765999948, -10.940671687647878 ], [ -69.556953953999937, -10.94065915864787 ], [ -69.55696981899996, -10.940627724647884 ], [ -69.557036332999985, -10.940570942647877 ], [ -69.557052930999987, -10.940551846647873 ], [ -69.557113098999935, -10.940429025647878 ], [ -69.557112651999944, -10.940409309647876 ], [ -69.557281050999961, -10.939853425647909 ], [ -69.557291680999981, -10.939831141647895 ], [ -69.557307267999988, -10.939706988647893 ], [ -69.557307157999958, -10.939684121647918 ], [ -69.557312448999937, -10.939643881647882 ], [ -69.557334081999954, -10.939520763647913 ], [ -69.557339544999934, -10.939479104647939 ], [ -69.557361799999967, -10.939309358647899 ], [ -69.55736746499997, -10.939272321647934 ], [ -69.557373161999976, -10.939241275647932 ], [ -69.557408004999957, -10.939050600647935 ], [ -69.557408030999966, -10.939044115647915 ], [ -69.557443915999954, -10.93887266064792 ], [ -69.557461804999946, -10.938839013647922 ], [ -69.557467750999933, -10.938832241647912 ], [ -69.557546533999982, -10.938678440647966 ], [ -69.557582984999954, -10.938637992647916 ], [ -69.557627871999955, -10.938492941647915 ], [ -69.557628170999976, -10.938478880647978 ], [ -69.557628769999951, -10.938450667647965 ], [ -69.55760116099998, -10.938307107647946 ], [ -69.557601296999962, -10.938299869647976 ], [ -69.557554267999933, -10.938160321647931 ], [ -69.557541961999959, -10.938152715647938 ], [ -69.557449390999977, -10.938061766647968 ] ] ] } },
{ "type": "Feature", "properties": { "num_setor": "AC_ASSISBR_SR_03_CPRM", "munic": "ASSIS BRASIL", "grau_risco": "Muito alto", "distancia_km": 1.61, "chuva_24h": 0.0, "chuva_72h": 0.0, "fonte_estacao": "openmeteo", "codigo_estacao": "openmeteo", "nome_estacao": "Open-Meteo (célula de grade)" }, "geometry": { "type": "Polygon", "coordinates": [ [ [ -69.553383087999975, -10.93146081964813 ], [ -69.554161626999985, -10.931380216648183 ], [ -69.55475886499994, -10.931418858648172 ], [ -69.555588647999969, -10.931560777648148 ], [ -69.556432626999936, -10.931617047648164 ], [ -69.557132625999941, -10.931596353648164 ], [ -69.557449147999932, -10.931833852648142 ], [ -69.557134212999983, -10.932813726648106 ], [ -69.556739970999956, -10.934544326648076 ], [ -69.553922138999951, -10.934691821648043 ], [ -69.553224531999945, -10.934737525648046 ], [ -69.552647817999969, -10.93475722764807 ], [ -69.552605315999983, -10.936350549647985 ], [ -69.552471351999941, -10.936916646648017 ], [ -69.550731359999986, -10.937081346647975 ], [ -69.549340042999972, -10.936909508648014 ], [ -69.549307782999961, -10.934729859648048 ], [ -69.550174538999954, -10.932838442648139 ], [ -69.550537712999983, -10.932622531648096 ], [ -69.551075856999944, -10.932419744648126 ], [ -69.551224582999964, -10.932382820648153 ], [ -69.551761822999936, -10.932195222648136 ], [ -69.552582153999936, -10.931833719648127 ], [ -69.553383087999975, -10.93146081964813 ] ] ] } },
{ "type": "Feature", "properties": { "num_setor": "AC_CZS_SR_13_CPRM", "munic": "CRUZEIRO DO SUL", "grau_risco": "Muito alto", "distancia_km": 1.37, "chuva_24h": 0.1, "chuva_72h": 16.8, "fonte_estacao": "openmeteo", "codigo_estacao": "openmeteo", "nome_estacao": "Open-Meteo (célula de grade)" }, "geometry": { "type": "Polygon", "coordinates": [ [ [ -72.670821270999966, -7.640640406750977 ], [ -72.670325116999948, -7.640337659750954 ], [ -72.671962793999967, -7.640831356750962 ], [ -72.674011571999984, -7.641905650750906 ], [ -72.674901017999957, -7.64278762975086 ], [ -72.67573467699998, -7.64393639075085 ], [ -72.676559370999939, -7.644827224750841 ], [ -72.678172478999954, -7.647931738750711 ], [ -72.678552278999973, -7.649445214750675 ], [ -72.678879301999984, -7.651203032750614 ], [ -72.678941831999964, -7.65210325075061 ], [ -72.679014950999942, -7.655880084750499 ], [ -72.678392605999989, -7.657069978750449 ], [ -72.678424079999957, -7.656946445750433 ], [ -72.678649018999977, -7.65606358075047 ], [ -72.678679896999938, -7.655194645750467 ], [ -72.678705873999945, -7.654463605750534 ], [ -72.67870060499996, -7.654438465750497 ], [ -72.678521131999958, -7.653280110750554 ], [ -72.678507018999937, -7.653189020750549 ], [ -72.678292221999982, -7.651664525750579 ], [ -72.678169747999959, -7.65059252775063 ], [ -72.678077341999938, -7.649783703750667 ], [ -72.677909693999936, -7.649295398750653 ], [ -72.677900421999936, -7.649258998750652 ], [ -72.677859575999946, -7.649182737750707 ], [ -72.677441769999973, -7.647997961750745 ], [ -72.677438965999954, -7.647986567750731 ], [ -72.677340137999977, -7.647723798750725 ], [ -72.677014011999972, -7.646856684750736 ], [ -72.676498384999945, -7.645864893750778 ], [ -72.676378826999951, -7.645634926750796 ], [ -72.676154648999955, -7.645290698750781 ], [ -72.675660895999954, -7.644532536750851 ], [ -72.674861218999979, -7.643612543750858 ], [ -72.673700361999977, -7.642587726750919 ], [ -72.673527578999938, -7.642435191750883 ], [ -72.673391016999972, -7.642339795750877 ], [ -72.672916825999948, -7.642008548750924 ], [ -72.671904458999961, -7.641301356750954 ], [ -72.67163306599997, -7.64113575575091 ], [ -72.670821270999966, -7.640640406750977 ] ] ] } },
{ "type": "Feature", "properties": { "num_setor": "AC_ASSISBR_SR_01_CPRM", "munic": "ASSIS BRASIL", "grau_risco": "Alto", "distancia_km": 1.74, "chuva_24h": 0.0, "chuva_72h": 0.0, "fonte_estacao": "openmeteo", "codigo_estacao": "openmeteo", "nome_estacao": "Open-Meteo (célula de grade)" }, "geometry": { "type": "Polygon", "coordinates": [ [ [ -69.564688950999937, -10.941796578647859 ], [ -69.564631033999945, -10.941742284647864 ], [ -69.564570630999981, -10.941662819647867 ], [ -69.564513405999946, -10.941626289647825 ], [ -69.564510141999961, -10.94158879164784 ], [ -69.564513446999968, -10.941557315647842 ], [ -69.564519556999983, -10.941487639647839 ], [ -69.564524522999989, -10.941474826647875 ], [ -69.564527738999971, -10.941442612647831 ], [ -69.564526987999955, -10.941364926647839 ], [ -69.564520324999933, -10.94135856864783 ], [ -69.564516298999933, -10.941312924647876 ], [ -69.564513986999941, -10.941286717647866 ], [ -69.564487613999972, -10.94119523664784 ], [ -69.564443262999987, -10.941110437647865 ], [ -69.564409189999935, -10.941004507647847 ], [ -69.564405471999976, -10.94096381464789 ], [ -69.564404226999955, -10.940950204647892 ], [ -69.564410579999958, -10.940881615647873 ], [ -69.564427020999972, -10.94085381264785 ], [ -69.564462183999979, -10.940749088647872 ], [ -69.564562309999985, -10.940649133647883 ], [ -69.564613858999962, -10.940570149647858 ], [ -69.564666430999978, -10.940497605647883 ], [ -69.564677771999982, -10.940475785647909 ], [ -69.564764331999982, -10.940416489647891 ], [ -69.564802751999935, -10.940408644647862 ], [ -69.564815720999945, -10.940408453647903 ], [ -69.564886738999974, -10.940400633647881 ], [ -69.564912729999946, -10.940400456647884 ], [ -69.56493871899994, -10.940400276647914 ], [ -69.565032143999986, -10.940450109647905 ], [ -69.565044563999948, -10.940571363647864 ], [ -69.564965733999941, -10.940657361647887 ], [ -69.564885266999966, -10.940700822647853 ], [ -69.564803440999981, -10.940813709647854 ], [ -69.56476483199998, -10.940897036647867 ], [ -69.564677542999959, -10.940993800647851 ], [ -69.56459640199995, -10.941160903647868 ], [ -69.564610992999974, -10.941271557647831 ], [ -69.564611483999954, -10.941278026647856 ], [ -69.564624983999977, -10.941369188647847 ], [ -69.564632125999935, -10.941382024647838 ], [ -69.56470795599995, -10.941496326647881 ], [ -69.564764671999967, -10.941609340647842 ], [ -69.564834565999945, -10.941664308647864 ], [ -69.564846949999946, -10.941670291647858 ], [ -69.564941265999948, -10.941742879647828 ], [ -69.564953925999987, -10.941754975647864 ], [ -69.56503298399997, -10.941784117647824 ], [ -69.565099268999973, -10.94180114764786 ], [ -69.565117070999975, -10.941800767647841 ], [ -69.565134875999945, -10.941800388647867 ], [ -69.565206116999946, -10.941798873647864 ], [ -69.565320321999934, -10.94175496664784 ], [ -69.565412169999945, -10.941752460647857 ], [ -69.565461798999934, -10.941774528647823 ], [ -69.565498252999987, -10.941796981647858 ], [ -69.565555981999978, -10.941923978647852 ], [ -69.565563602999987, -10.941931356647816 ], [ -69.565617300999975, -10.94203428864782 ], [ -69.565640376999966, -10.942107101647849 ], [ -69.565623952999943, -10.942222618647829 ], [ -69.565520309999954, -10.94230888164784 ], [ -69.565514757999949, -10.942358365647829 ], [ -69.565611910999962, -10.942461182647847 ], [ -69.565618269999959, -10.942461131647816 ], [ -69.565688205999948, -10.942460573647802 ], [ -69.565853414999935, -10.94245925364784 ], [ -69.565938461999963, -10.942424353647837 ], [ -69.566007686999967, -10.942416946647844 ], [ -69.566014049999978, -10.942416896647805 ], [ -69.566109461999986, -10.942416143647804 ], [ -69.566134911999939, -10.942415969647833 ], [ -69.566244321999989, -10.942423355647822 ], [ -69.566276271999982, -10.942423523647808 ], [ -69.566395265999972, -10.9423969176478 ], [ -69.566468511999972, -10.942356062647843 ], [ -69.566512720999981, -10.942349400647814 ], [ -69.566518564999967, -10.942342511647855 ], [ -69.566560129999971, -10.942301109647838 ], [ -69.566628572999946, -10.94227366464783 ], [ -69.566652733999945, -10.942252862647841 ], [ -69.56673886599998, -10.942197314647808 ], [ -69.566861973999949, -10.942105829647828 ], [ -69.566994411999985, -10.942048828647811 ], [ -69.567110617999958, -10.942048882647805 ], [ -69.567117071999974, -10.942048886647823 ], [ -69.567181525999956, -10.942048583647841 ], [ -69.567187966999938, -10.942048538647809 ], [ -69.567233053999985, -10.942048223647848 ], [ -69.567311189999941, -10.942075995647849 ], [ -69.56738904499997, -10.942103669647818 ], [ -69.567495654999959, -10.942263620647813 ], [ -69.567521017999979, -10.942240446647835 ], [ -69.567620821999981, -10.942225991647849 ], [ -69.567699922999964, -10.942217796647833 ], [ -69.567947069999946, -10.942108220647835 ], [ -69.568005371999959, -10.942078355647849 ], [ -69.568021340999962, -10.942072254647854 ], [ -69.568042594999952, -10.94206032964783 ], [ -69.568073758999958, -10.941985397647811 ], [ -69.568051399999945, -10.941928661647838 ], [ -69.568033166999953, -10.941796023647814 ], [ -69.568070474999956, -10.941742362647837 ], [ -69.568141125999944, -10.941722716647838 ], [ -69.568217307999987, -10.941678582647834 ], [ -69.568228229999988, -10.941672142647846 ], [ -69.568261074999953, -10.941658791647836 ], [ -69.568365402999973, -10.941654482647873 ], [ -69.568541663999952, -10.941641182647848 ], [ -69.568569256999979, -10.941640041647853 ], [ -69.568647018999968, -10.941612678647841 ], [ -69.568691925999985, -10.941580528647858 ], [ -69.568714640999985, -10.941555273647833 ], [ -69.568695218999949, -10.941415150647854 ], [ -69.568919653999956, -10.941884565647836 ], [ -69.56906550399998, -10.942149209647852 ], [ -69.569782258999965, -10.94309177564781 ], [ -69.569832705999943, -10.943134713647787 ], [ -69.569934225999987, -10.943191791647781 ], [ -69.570009469999945, -10.943249052647776 ], [ -69.570647942999983, -10.943757875647774 ], [ -69.570673339999985, -10.943757676647785 ], [ -69.570734088999984, -10.943799067647808 ], [ -69.571258716999978, -10.944043404647761 ], [ -69.571632450999971, -10.944225519647786 ], [ -69.571818739999969, -10.944277821647763 ], [ -69.571843034999972, -10.944288247647778 ], [ -69.571998828999938, -10.944335021647772 ], [ -69.572018026999956, -10.944345384647772 ], [ -69.572107414999948, -10.94442274564774 ], [ -69.572106033999944, -10.944448392647772 ], [ -69.572104383999942, -10.944479078647774 ], [ -69.572113329999979, -10.94449438164777 ], [ -69.571979438999961, -10.944740864647772 ], [ -69.571964977999983, -10.944740864647772 ], [ -69.571784065999964, -10.944937308647742 ], [ -69.571749988999954, -10.944956723647746 ], [ -69.57159347399994, -10.945105773647743 ], [ -69.571554927999955, -10.94513888064772 ], [ -69.571549945999948, -10.945148438647772 ], [ -69.571332022999968, -10.945237739647766 ], [ -69.57130389699995, -10.945237585647744 ], [ -69.571285140999976, -10.945237480647718 ], [ -69.571261589999949, -10.945246833647721 ], [ -69.570933782999987, -10.945339420647759 ], [ -69.570817615999943, -10.945363541647717 ], [ -69.570553808999932, -10.945384059647759 ], [ -69.570521455999938, -10.945384287647739 ], [ -69.570479886999976, -10.94538457864773 ], [ -69.570461420999948, -10.94538470764773 ], [ -69.570077842999979, -10.945289547647734 ], [ -69.570063694999988, -10.945284967647735 ], [ -69.569817801999989, -10.945149962647736 ], [ -69.569793454999967, -10.945135882647762 ], [ -69.569750527999986, -10.945121956647757 ], [ -69.569711771999948, -10.945103189647728 ], [ -69.569692369999984, -10.945093792647745 ], [ -69.569410676999951, -10.944901273647753 ], [ -69.569394836999948, -10.944886536647736 ], [ -69.569364146999987, -10.944866845647768 ], [ -69.569000671999959, -10.94456966864778 ], [ -69.568974793999985, -10.944559224647779 ], [ -69.568932731999951, -10.944538353647779 ], [ -69.56825811899995, -10.94410197064777 ], [ -69.568238391999955, -10.944086907647797 ], [ -69.568218721999983, -10.94407688364779 ], [ -69.567950856999971, -10.943934355647764 ], [ -69.567930707999949, -10.943918939647771 ], [ -69.567905771999961, -10.943908648647799 ], [ -69.567885733999958, -10.943898348647757 ], [ -69.567855640999937, -10.9438828766478 ], [ -69.567712609999944, -10.943763451647763 ], [ -69.56767746099996, -10.94375304264779 ], [ -69.567544638999948, -10.943665085647783 ], [ -69.56752402799998, -10.943649494647762 ], [ -69.567504092999968, -10.943649494647769 ], [ -69.567356343999961, -10.943586916647787 ], [ -69.567321363999952, -10.94358691564779 ], [ -69.567286098999944, -10.943581685647796 ], [ -69.567230520999942, -10.943571218647811 ], [ -69.567200515999957, -10.943571218647811 ], [ -69.567079838999973, -10.943560740647781 ], [ -69.567064828999946, -10.943560740647781 ], [ -69.567019803999983, -10.943560739647786 ], [ -69.566959768999936, -10.943560739647786 ], [ -69.566762240999935, -10.94360183664779 ], [ -69.566712951999989, -10.943616843647796 ], [ -69.566697888999954, -10.943616749647768 ], [ -69.566665353999952, -10.943643147647812 ], [ -69.566487233999965, -10.943734697647789 ], [ -69.566454558999965, -10.943750762647802 ], [ -69.566425685999945, -10.943756264647764 ], [ -69.566403309999941, -10.943777255647801 ], [ -69.566250079999975, -10.943984110647783 ], [ -69.566248094999935, -10.944009529647781 ], [ -69.566240133999941, -10.944024800647774 ], [ -69.566231036999966, -10.944029933647775 ], [ -69.56616328299998, -10.944070853647776 ], [ -69.566140963999942, -10.944086129647779 ], [ -69.566122897999946, -10.944096322647757 ], [ -69.565862530999937, -10.944224465647789 ], [ -69.565853041999958, -10.944224498647786 ], [ -69.565493542999945, -10.944513287647746 ], [ -69.565475152999966, -10.944527266647762 ], [ -69.565228261999948, -10.944679524647766 ], [ -69.565026812999974, -10.944838168647777 ], [ -69.564689373999954, -10.945033821647762 ], [ -69.564422330999946, -10.94512224864774 ], [ -69.564186402999951, -10.94512473964771 ], [ -69.564647331999936, -10.944808454647724 ], [ -69.564653507999935, -10.944723833647744 ], [ -69.564783638999984, -10.944495376647762 ], [ -69.564792438999973, -10.944473287647734 ], [ -69.564801863999946, -10.94445662164777 ], [ -69.564827049999963, -10.944428612647771 ], [ -69.564836541999966, -10.944411845647785 ], [ -69.564864217999968, -10.944299677647743 ], [ -69.564868721999972, -10.944288340647752 ], [ -69.564907958999981, -10.944225449647782 ], [ -69.564921660999971, -10.944191048647744 ], [ -69.564937167999972, -10.944173651647777 ], [ -69.565054160999978, -10.944068035647792 ], [ -69.565149949999977, -10.943967193647802 ], [ -69.565164949999939, -10.943937499647777 ], [ -69.565238272999977, -10.943829334647809 ], [ -69.565242253999941, -10.943805297647799 ], [ -69.565247201999966, -10.943793201647763 ], [ -69.565285742999947, -10.943682874647811 ], [ -69.565301130999956, -10.943651753647799 ], [ -69.565306111999973, -10.943639287647757 ], [ -69.565366192999988, -10.943563609647788 ], [ -69.565412214999981, -10.943449534647794 ], [ -69.565410866999969, -10.943430484647806 ], [ -69.565426824999975, -10.943398360647778 ], [ -69.56547980299996, -10.943281236647799 ], [ -69.565501724999933, -10.943241680647807 ], [ -69.565579763999949, -10.94310819564782 ], [ -69.565590211999961, -10.943074668647789 ], [ -69.565623678999941, -10.943006866647801 ], [ -69.565628798999967, -10.942986526647809 ], [ -69.565644237999948, -10.94292517764779 ], [ -69.565648693999947, -10.94289098264778 ], [ -69.565647974999933, -10.942877321647826 ], [ -69.565651179999975, -10.942697216647792 ], [ -69.565504012999952, -10.942573847647806 ], [ -69.565289435999944, -10.942537607647813 ], [ -69.565230923999934, -10.942493974647805 ], [ -69.565230673999963, -10.942488396647844 ], [ -69.565181797999969, -10.942416151647837 ], [ -69.565151317999948, -10.942377020647838 ], [ -69.565127316999963, -10.942354744647803 ], [ -69.565063600999963, -10.942235742647851 ], [ -69.565043426999978, -10.942184042647819 ], [ -69.565022456999941, -10.942120305647816 ], [ -69.565009488999976, -10.942097071647845 ], [ -69.564970344999949, -10.942026931647856 ], [ -69.564957213999946, -10.94200340664784 ], [ -69.564944043999958, -10.941979806647822 ], [ -69.564879901999973, -10.941896879647832 ], [ -69.564861392999944, -10.941885092647823 ], [ -69.56478156999998, -10.941843910647867 ], [ -69.564707704999933, -10.941808504647819 ], [ -69.564688950999937, -10.941796578647859 ] ] ] } },
{ "type": "Feature", "properties": { "num_setor": "AC_XAPURI_SR_001_SGB", "munic": "XAPURI", "grau_risco": "Alto", "distancia_km": 1.54, "chuva_24h": 1.3, "chuva_72h": 1.8, "fonte_estacao": "openmeteo", "codigo_estacao": "openmeteo", "nome_estacao": "Open-Meteo (célula de grade)" }, "geometry": { "type": "Polygon", "coordinates": [ [ [ -68.504424128999972, -10.645313197656916 ], [ -68.504928351999979, -10.64568236065692 ], [ -68.505585642999961, -10.645988495656932 ], [ -68.506639108999934, -10.646420687656923 ], [ -68.507215363999933, -10.6468798906569 ], [ -68.50804372999994, -10.647222041656876 ], [ -68.508719028999963, -10.64766323665687 ], [ -68.508908111999972, -10.648077419656831 ], [ -68.508665004999955, -10.648680686656839 ], [ -68.508223809999947, -10.649346981656793 ], [ -68.507773609999958, -10.649446025656816 ], [ -68.507701578999956, -10.649283953656797 ], [ -68.508034725999948, -10.648923794656849 ], [ -68.508394884999973, -10.648518614656824 ], [ -68.50857496499998, -10.64811343565685 ], [ -68.508223809999947, -10.648041403656867 ], [ -68.507575522999957, -10.647825308656827 ], [ -68.506900223999935, -10.64760921265686 ], [ -68.506242933999943, -10.647231045656859 ], [ -68.505441578999978, -10.646762838656894 ], [ -68.504946359999963, -10.646564750656909 ], [ -68.504262056999949, -10.645781404656935 ], [ -68.504424128999972, -10.645313197656916 ] ] ] } },
{ "type": "Feature", "properties": { "num_setor": "AC_XAPURI_SR_006_SGB", "munic": "XAPURI", "grau_risco": "Muito alto", "distancia_km": 1.05, "chuva_24h": 1.6, "chuva_72h": 2.9, "fonte_estacao": "openmeteo", "codigo_estacao": "openmeteo", "nome_estacao": "Open-Meteo (célula de grade)" }, "geometry": { "type": "Polygon", "coordinates": [ [ [ -68.498115161999976, -10.649731602656807 ], [ -68.498458932999938, -10.650166061656757 ], [ -68.498312648999956, -10.650266381656753 ], [ -68.498265101999948, -10.650204181656811 ], [ -68.498012077999988, -10.649842718656775 ], [ -68.497817958999974, -10.649560242656788 ], [ -68.497674712999981, -10.6494009306568 ], [ -68.497489964999943, -10.64918003665681 ], [ -68.497414994999986, -10.649066243656796 ], [ -68.497230247999937, -10.648909609656842 ], [ -68.49702407999996, -10.648794476656835 ], [ -68.496930366999948, -10.648696747656841 ], [ -68.496929028999944, -10.64862981065686 ], [ -68.496832638999933, -10.648544130656818 ], [ -68.496914301999936, -10.648439707656841 ], [ -68.497023659999968, -10.648549372656857 ], [ -68.497209152999972, -10.648665202656822 ], [ -68.497383751999962, -10.648739996656825 ], [ -68.497618484999975, -10.649086324656793 ], [ -68.497872847999986, -10.649423689656791 ], [ -68.498115161999976, -10.649731602656807 ] ] ] } },
{ "type": "Feature", "properties": { "num_setor": "AC_XAPURI_SR_005_SGB", "munic": "XAPURI", "grau_risco": "Alto", "distancia_km": 1.19, "chuva_24h": 1.6, "chuva_72h": 2.9, "fonte_estacao": "openmeteo", "codigo_estacao": "openmeteo", "nome_estacao": "Open-Meteo (célula de grade)" }, "geometry": { "type": "Polygon", "coordinates": [ [ [ -68.500604980999981, -10.651189332656724 ], [ -68.500589917999946, -10.651440060656746 ], [ -68.500381210999933, -10.651439325656741 ], [ -68.49998512999997, -10.651477860656723 ], [ -68.499349291999977, -10.651562908656736 ], [ -68.499236576999976, -10.651292074656752 ], [ -68.499271104999934, -10.65122779365676 ], [ -68.499508859999935, -10.651203318656734 ], [ -68.500171427999987, -10.651191081656769 ], [ -68.500604980999981, -10.651189332656724 ] ] ] } },
{ "type": "Feature", "properties": { "num_setor": "AC_XAPURI_SR_004_SGB", "munic": "XAPURI", "grau_risco": "Muito alto", "distancia_km": 1.69, "chuva_24h": 1.3, "chuva_72h": 1.8, "fonte_estacao": "openmeteo", "codigo_estacao": "openmeteo", "nome_estacao": "Open-Meteo (célula de grade)" }, "geometry": { "type": "Polygon", "coordinates": [ [ [ -68.505662810999979, -10.661132810656451 ], [ -68.505497998999942, -10.661273450656433 ], [ -68.505296854999983, -10.661032300656474 ], [ -68.505146829999944, -10.660833378656443 ], [ -68.504997916999969, -10.660611120656437 ], [ -68.504860116999964, -10.660374414656497 ], [ -68.504714537999973, -10.660113261656507 ], [ -68.50452783999998, -10.65980209965651 ], [ -68.504394484999978, -10.659576506656482 ], [ -68.504298538999933, -10.6593945376565 ], [ -68.50446461699994, -10.659316753656526 ], [ -68.504630695999936, -10.659649962656474 ], [ -68.504839871999934, -10.660035727656496 ], [ -68.505029075999971, -10.660326891656462 ], [ -68.505287653999972, -10.660691634656484 ], [ -68.505662810999979, -10.661132810656451 ] ] ] } },
{ "type": "Feature", "properties": { "num_setor": "AC_BRASILE_SR_004_SGB", "munic": "BRASILÉIA", "grau_risco": "Alto", "distancia_km": 0.16, "chuva_24h": 0.3, "chuva_72h": 0.4, "fonte_estacao": "openmeteo", "codigo_estacao": "openmeteo", "nome_estacao": "Open-Meteo (célula de grade)" }, "geometry": { "type": "Polygon", "coordinates": [ [ [ -68.761223097999959, -11.015960121645588 ], [ -68.760820764999949, -11.014839723645609 ], [ -68.76042204099997, -11.014971428645611 ], [ -68.760829785999988, -11.015801353645587 ], [ -68.760562766999954, -11.015839241645594 ], [ -68.760138451999978, -11.015299346645573 ], [ -68.760030532999963, -11.014603375645628 ], [ -68.759954756999946, -11.014007994645615 ], [ -68.759658870999942, -11.013307971645654 ], [ -68.759175349999964, -11.012597122645701 ], [ -68.758919155999934, -11.011994525645713 ], [ -68.758691828999986, -11.011644513645711 ], [ -68.758417592999933, -11.011363061645691 ], [ -68.757836644999941, -11.010843456645743 ], [ -68.757010328999968, -11.010233641645739 ], [ -68.756349997999962, -11.009555268645789 ], [ -68.755916993999961, -11.009068139645784 ], [ -68.755657190999955, -11.008815553645805 ], [ -68.75535304999994, -11.008687722645822 ], [ -68.754765924999958, -11.008516058645776 ], [ -68.75427026899996, -11.008253475645787 ], [ -68.753737539999975, -11.007895419645827 ], [ -68.753203500999973, -11.007628400645853 ], [ -68.752774105999947, -11.007487674645818 ], [ -68.752302679999957, -11.007486207645814 ], [ -68.751872013999957, -11.007462415645833 ], [ -68.751460659999964, -11.007469632645858 ], [ -68.750955487999988, -11.00752375764581 ], [ -68.750481417999936, -11.007607928645831 ], [ -68.749133262999976, -11.007740259645811 ], [ -68.748595615999989, -11.007606750645845 ], [ -68.747960542999976, -11.007906244645833 ], [ -68.748112602999981, -11.008335863645796 ], [ -68.747793521999938, -11.008849165645781 ], [ -68.747226086999945, -11.009360556645806 ], [ -68.746957108999936, -11.009027190645797 ], [ -68.746305009999958, -11.008276395645778 ], [ -68.746515132999946, -11.008142232645802 ], [ -68.746657750999987, -11.00797584464584 ], [ -68.746477100999982, -11.007814210645851 ], [ -68.746305958999983, -11.007652575645814 ], [ -68.746482675999971, -11.00743029064582 ], [ -68.746722121999937, -11.007182987645841 ], [ -68.746882185999937, -11.007012402645877 ], [ -68.747199858999977, -11.007197782645875 ], [ -68.747386034999977, -11.006927313645836 ], [ -68.746849911999959, -11.006549884645878 ], [ -68.747036800999979, -11.00617422864587 ], [ -68.747184743999981, -11.005946901645872 ], [ -68.747325470999954, -11.005777307645888 ], [ -68.747541972999954, -11.005420079645905 ], [ -68.747442152999952, -11.0046670956459 ], [ -68.747841484999981, -11.004386612645932 ], [ -68.748312125999973, -11.004847745645904 ], [ -68.748019196999962, -11.005363023645904 ], [ -68.748314162999975, -11.00545977164588 ], [ -68.748637978999966, -11.005492013645913 ], [ -68.750017312999944, -11.005762874645896 ], [ -68.750807544999986, -11.005899992645888 ], [ -68.751153948999956, -11.005964943645905 ], [ -68.751532826999949, -11.006022676645907 ], [ -68.751976655999954, -11.006130927645872 ], [ -68.752514302999941, -11.006213920645846 ], [ -68.752330275999952, -11.006986111645825 ], [ -68.754286041999933, -11.007667034645815 ], [ -68.754363591999947, -11.007471436645819 ], [ -68.754709994999985, -11.007559841645856 ], [ -68.754661281999972, -11.00802712564581 ], [ -68.754607155999963, -11.008250843645827 ], [ -68.754881764999936, -11.008309792645823 ], [ -68.755244156999936, -11.008353155645796 ], [ -68.755303119999951, -11.007869259645821 ], [ -68.755377091999947, -11.007335220645835 ], [ -68.755424000999938, -11.007331612645849 ], [ -68.755591789999983, -11.007349654645814 ], [ -68.755565880999939, -11.007573166645852 ], [ -68.756359012999951, -11.007622085645846 ], [ -68.756538439999986, -11.006676661645866 ], [ -68.756691599999954, -11.006092205645874 ], [ -68.75685323099998, -11.005509289645904 ], [ -68.75714609399995, -11.00447198064591 ], [ -68.757416721999959, -11.004524302645892 ], [ -68.757508734999988, -11.004545952645902 ], [ -68.757571880999933, -11.004556777645911 ], [ -68.757593531999987, -11.004563994645922 ], [ -68.75767832799994, -11.004585644645928 ], [ -68.757772145999979, -11.004619924645898 ], [ -68.757853333999947, -11.00464337864593 ], [ -68.757921892999946, -11.004600078645906 ], [ -68.757981430999962, -11.004614511645901 ], [ -68.758039164999957, -11.004628944645949 ], [ -68.758095094999987, -11.004648790645936 ], [ -68.758123961999956, -11.004657811645915 ], [ -68.758203345999959, -11.004681266645939 ], [ -68.758280925999941, -11.004708329645934 ], [ -68.758313400999953, -11.004729979645944 ], [ -68.75821958299997, -11.004950089645929 ], [ -68.757848906999982, -11.004822063645893 ], [ -68.757654873999968, -11.004737195645925 ], [ -68.757488888999944, -11.005146745645927 ], [ -68.75768825199998, -11.005203631645903 ], [ -68.757571269999971, -11.005461248645888 ], [ -68.757313882999938, -11.005839552645863 ], [ -68.757599845999948, -11.005961334645868 ], [ -68.757472650999944, -11.00625992764588 ], [ -68.757040548999953, -11.006170620645891 ], [ -68.756979069999943, -11.006500841645895 ], [ -68.756852409999965, -11.006736258645883 ], [ -68.756686928999954, -11.007466926645822 ], [ -68.75664543299996, -11.007773637645823 ], [ -68.756492076999962, -11.008044264645832 ], [ -68.756484860999933, -11.008233704645809 ], [ -68.756419909999977, -11.008435772645825 ], [ -68.756295420999948, -11.008401493645788 ], [ -68.756333308999956, -11.008186795645823 ], [ -68.756067363999932, -11.008168559645807 ], [ -68.756051856999989, -11.008455618645812 ], [ -68.755688927999984, -11.00843157264579 ], [ -68.755681536999987, -11.008557574645792 ], [ -68.75573305599994, -11.008690052645797 ], [ -68.755963963999989, -11.008890576645765 ], [ -68.757053536999933, -11.009904022645742 ], [ -68.75733508199994, -11.010154257645743 ], [ -68.757746434999945, -11.01049457364574 ], [ -68.757989192999958, -11.010612721645751 ], [ -68.758205289999978, -11.010667832645742 ], [ -68.758689531999948, -11.010792084645713 ], [ -68.760183720999976, -11.010760507645754 ], [ -68.760669213999961, -11.010776701645707 ], [ -68.760690863999969, -11.010601695645766 ], [ -68.760840610999935, -11.010616128645752 ], [ -68.760833394999963, -11.010778505645725 ], [ -68.761080567999954, -11.010796547645759 ], [ -68.761331785999971, -11.010779258645734 ], [ -68.761681360999944, -11.011009440645712 ], [ -68.762476588999959, -11.012463781645675 ], [ -68.763070582999944, -11.014145112645608 ], [ -68.762187885999936, -11.014598864645585 ], [ -68.763170118999938, -11.015842123645585 ], [ -68.762763870999947, -11.016310132645549 ], [ -68.762505872999952, -11.015911408645584 ], [ -68.762159469999972, -11.015880737645594 ], [ -68.762170294999976, -11.0160719806456 ], [ -68.76218111999998, -11.016163994645552 ], [ -68.762114364999945, -11.016203686645587 ], [ -68.762045805999946, -11.016221727645563 ], [ -68.761942967999971, -11.016470705645556 ], [ -68.761416145999988, -11.016109868645547 ], [ -68.761223097999959, -11.015960121645588 ] ] ] } },
{ "type": "Feature", "properties": { "num_setor": "AC_BRASILE_SR_003_SGB", "munic": "BRASILÉIA", "grau_risco": "Alto", "distancia_km": 1.23, "chuva_24h": 0.3, "chuva_72h": 0.4, "fonte_estacao": "openmeteo", "codigo_estacao": "openmeteo", "nome_estacao": "Open-Meteo (célula de grade)" }, "geometry": { "type": "Polygon", "coordinates": [ [ [ -68.750473729999953, -11.018585630645489 ], [ -68.749585131999936, -11.018446871645514 ], [ -68.748465029999977, -11.018111304645489 ], [ -68.747959586999968, -11.017938956645516 ], [ -68.748003749999953, -11.017815930645536 ], [ -68.747606281999936, -11.017702368645512 ], [ -68.747391774999983, -11.017623505645526 ], [ -68.747357576999946, -11.017723091645493 ], [ -68.745625249999932, -11.017071466645525 ], [ -68.74502952399996, -11.016774810645542 ], [ -68.744820349999941, -11.016575144645529 ], [ -68.744634945999962, -11.016377855645574 ], [ -68.744394871999987, -11.016056963645591 ], [ -68.744028817999947, -11.016470557645583 ], [ -68.743612673999962, -11.016412174645577 ], [ -68.742814582999983, -11.016115650645572 ], [ -68.741104825999969, -11.015087587645617 ], [ -68.740534179999941, -11.014586805645616 ], [ -68.740048737999984, -11.014031199645654 ], [ -68.739650429999983, -11.013455365645658 ], [ -68.739942797999959, -11.013215290645643 ], [ -68.739500680999981, -11.012804073645686 ], [ -68.739087086999973, -11.012977593645664 ], [ -68.738711524999985, -11.012761288645688 ], [ -68.738892174999933, -11.01254260664567 ], [ -68.739113233999944, -11.012720879645681 ], [ -68.739315276999946, -11.012540229645687 ], [ -68.739484041999958, -11.012673340645701 ], [ -68.73970510099997, -11.012497444645678 ], [ -68.739905059999955, -11.012668474645665 ], [ -68.740140086999986, -11.012423758645676 ], [ -68.740479993999941, -11.01270186464566 ], [ -68.740232788999947, -11.013003739645645 ], [ -68.74035401499998, -11.013189143645677 ], [ -68.739992714999971, -11.013495773645674 ], [ -68.740256558999988, -11.013830927645632 ], [ -68.74063687499995, -11.013602737645668 ], [ -68.741269149999937, -11.014370500645647 ], [ -68.741036205999933, -11.014681883645626 ], [ -68.741411767999978, -11.014959989645618 ], [ -68.74170651299994, -11.014548773645593 ], [ -68.742357179999942, -11.014995800645599 ], [ -68.74253749899998, -11.014597120645613 ], [ -68.74180327199997, -11.014029850645654 ], [ -68.742218380999986, -11.013590466645667 ], [ -68.742296216999932, -11.013520253645652 ], [ -68.742431411999974, -11.012854095645674 ], [ -68.742459700999973, -11.0123523216457 ], [ -68.74244865999998, -11.01207472564573 ], [ -68.743328767999969, -11.011834982645713 ], [ -68.744269177999968, -11.011874757645721 ], [ -68.744694385999935, -11.011753188645681 ], [ -68.74535754599998, -11.012567565645698 ], [ -68.745164691999946, -11.012888588645659 ], [ -68.744969112999968, -11.012756099645655 ], [ -68.744792459999985, -11.012920133645673 ], [ -68.743820871999958, -11.012245068645697 ], [ -68.74319627899996, -11.012289231645669 ], [ -68.74264739399996, -11.01297691464568 ], [ -68.742950226999938, -11.013658288645669 ], [ -68.743505420999952, -11.014043138645651 ], [ -68.743890270999941, -11.013538417645632 ], [ -68.744180485999948, -11.013689833645627 ], [ -68.74455902699998, -11.013241893645681 ], [ -68.744937567999955, -11.013494254645657 ], [ -68.744760914999972, -11.013866486645659 ], [ -68.743738826999959, -11.015051503645573 ], [ -68.743898083999966, -11.015282070645586 ], [ -68.746111046999943, -11.013877278645616 ], [ -68.745749746999934, -11.013485077645665 ], [ -68.746039737999979, -11.013302050645626 ], [ -68.746474723999938, -11.013827361645662 ], [ -68.746893071999978, -11.013556386645629 ], [ -68.746907333999957, -11.01339475264564 ], [ -68.746852147999959, -11.012914959645649 ], [ -68.747545917999958, -11.012486455645705 ], [ -68.748019757999941, -11.012192003645662 ], [ -68.748564084999941, -11.013038205645687 ], [ -68.748975301999963, -11.013596795645634 ], [ -68.749163082999985, -11.013539747645668 ], [ -68.749885229999961, -11.014416225645649 ], [ -68.750199443999975, -11.014877984645596 ], [ -68.750615239999945, -11.015264254645622 ], [ -68.751012021999941, -11.015828134645556 ], [ -68.750605905999976, -11.016159173645553 ], [ -68.750774670999988, -11.01646342664557 ], [ -68.751078923999955, -11.01632793864556 ], [ -68.751278193999951, -11.016839107645534 ], [ -68.751015360999986, -11.017970319645524 ], [ -68.750767098999972, -11.018276488645505 ], [ -68.750473729999953, -11.018585630645489 ] ] ] } },
{ "type": "Feature", "properties": { "num_setor": "AC_BRASILE_SR_001_SGB", "munic": "BRASILÉIA", "grau_risco": "Alto", "distancia_km": 1.35, "chuva_24h": 0.0, "chuva_72h": 0.0, "fonte_estacao": "openmeteo", "codigo_estacao": "openmeteo", "nome_estacao": "Open-Meteo (célula de grade)" }, "geometry": { "type": "Polygon", "coordinates": [ [ [ -69.114816253999948, -10.702630976655175 ], [ -69.115206262999948, -10.702336636655202 ], [ -69.115344608999976, -10.7021945526552 ], [ -69.115449301999945, -10.702078641655175 ], [ -69.115568951999933, -10.701932818655212 ], [ -69.115625037999962, -10.701854297655187 ], [ -69.116100219999964, -10.702208366655201 ], [ -69.115976616999944, -10.702389016655196 ], [ -69.115864899999963, -10.702548273655196 ], [ -69.115769820999958, -10.70263622165518 ], [ -69.115615316999936, -10.702757447655156 ], [ -69.115393215999973, -10.702931146655166 ], [ -69.115266087999942, -10.703020884655148 ], [ -69.115140303999965, -10.703061983655136 ], [ -69.114816253999948, -10.702630976655175 ] ] ] } },
{ "type": "Feature", "properties": { "num_setor": "AC_BRASILE_SR_005_SGB", "munic": "BRASILÉIA", "grau_risco": "Alto", "distancia_km": 0.87, "chuva_24h": 0.3, "chuva_72h": 0.4, "fonte_estacao": "openmeteo", "codigo_estacao": "openmeteo", "nome_estacao": "Open-Meteo (célula de grade)" }, "geometry": { "type": "Polygon", "coordinates": [ [ [ -68.758093290999966, -11.002110304646012 ], [ -68.758021805999988, -11.002231374645993 ], [ -68.757881298999962, -11.00217254864601 ], [ -68.757805522999945, -11.002106696645978 ], [ -68.757729747999974, -11.002052570646027 ], [ -68.757596237999962, -11.001939809646007 ], [ -68.757437469999957, -11.00185501264601 ], [ -68.757170602999963, -11.001774072646034 ], [ -68.756970185999933, -11.001715188646036 ], [ -68.756778942999972, -11.001635804646034 ], [ -68.756808711999952, -11.001562734645999 ], [ -68.756585960999985, -11.001446052646003 ], [ -68.756408705999945, -11.001346989646015 ], [ -68.756393748999983, -11.001315561646013 ], [ -68.756458380999959, -11.001096597646024 ], [ -68.756531017999976, -11.000832152646064 ], [ -68.756514633999984, -11.000644929646052 ], [ -68.756511281999963, -11.000433098646058 ], [ -68.756502324999985, -11.00028341664604 ], [ -68.756544398999949, -11.000084205646044 ], [ -68.756619271999966, -11.000088716646035 ], [ -68.756672495999965, -10.999911004646053 ], [ -68.756892986999958, -10.999918679646063 ], [ -68.75687546599994, -11.000021961646057 ], [ -68.756839382999942, -11.000237561646044 ], [ -68.756823946999987, -11.000556663646021 ], [ -68.756756389999964, -11.000841963646046 ], [ -68.756623782999952, -11.001282184646049 ], [ -68.756743171999972, -11.001347810646021 ], [ -68.756950572999983, -11.001523536646037 ], [ -68.757212848999984, -11.00165565064602 ], [ -68.757414014999938, -11.001734132646016 ], [ -68.75760255299997, -11.001806299645997 ], [ -68.757879264999985, -11.001947346645993 ], [ -68.758093290999966, -11.002110304646012 ] ] ] } },
{ "type": "Feature", "properties": { "num_setor": "AC_BRASILE_SR_002_SGB", "munic": "BRASILÉIA", "grau_risco": "Alto", "distancia_km": 1.62, "chuva_24h": 0.3, "chuva_72h": 0.4, "fonte_estacao": "openmeteo", "codigo_estacao": "openmeteo", "nome_estacao": "Open-Meteo (célula de grade)" }, "geometry": { "type": "Polygon", "coordinates": [ [ [ -68.746757718999959, -10.996220165646172 ], [ -68.746656774999963, -10.996554543646148 ], [ -68.746603147999963, -10.996715423646156 ], [ -68.746769563999976, -10.996788441646173 ], [ -68.746694675999947, -10.997125732646159 ], [ -68.746566897999969, -10.997635017646109 ], [ -68.746476816999973, -10.997915664646108 ], [ -68.746666087999984, -10.997973425646098 ], [ -68.746548730999962, -10.998300933646085 ], [ -68.746448321999935, -10.998668051646122 ], [ -68.74597169499998, -10.998567846646095 ], [ -68.745448597999939, -10.998731154646119 ], [ -68.745280064999974, -10.999102728646097 ], [ -68.74625038299996, -10.999610333646071 ], [ -68.746648053999934, -10.999898075646078 ], [ -68.747178657999939, -11.000160380646046 ], [ -68.746714384999962, -11.000611280646069 ], [ -68.746168120999982, -11.000309882646043 ], [ -68.745520762999945, -11.00003901564607 ], [ -68.745214512999951, -11.000023587646087 ], [ -68.744792547999964, -11.000224757646048 ], [ -68.745189979999964, -11.000651629646024 ], [ -68.744897278999986, -11.000858722646047 ], [ -68.744561938999937, -11.001053968646012 ], [ -68.744066374999989, -11.001421961646003 ], [ -68.744353409999974, -11.001772781645988 ], [ -68.744235651999986, -11.001851286646017 ], [ -68.744059014999948, -11.001993576645994 ], [ -68.743877471999951, -11.002145680645985 ], [ -68.744132613999966, -11.002518580645985 ], [ -68.743754142999933, -11.002833210645957 ], [ -68.743653302999974, -11.00292076964597 ], [ -68.743466545999979, -11.00301046464595 ], [ -68.743169698999964, -11.003269285645979 ], [ -68.742502404999982, -11.002611805645978 ], [ -68.742256234999957, -11.003261028645943 ], [ -68.742079582999963, -11.003677423645927 ], [ -68.741953402999968, -11.003929784645958 ], [ -68.74185876699994, -11.004204226645932 ], [ -68.741691577999973, -11.004614312645902 ], [ -68.741511770999978, -11.005011780645903 ], [ -68.741442371999938, -11.005178969645923 ], [ -68.741297264999957, -11.00527991364592 ], [ -68.741183702999933, -11.005355622645906 ], [ -68.741089066999962, -11.005333540645916 ], [ -68.740868251999984, -11.0052452146459 ], [ -68.740766483999948, -11.00546394264588 ], [ -68.740637972999934, -11.005756244645859 ], [ -68.74054584299995, -11.006144872645848 ], [ -68.740843015999985, -11.006276738645846 ], [ -68.740691598999945, -11.006705751645862 ], [ -68.740514946999951, -11.007286181645865 ], [ -68.740303594999943, -11.00715369264586 ], [ -68.740212113999974, -11.007339808645861 ], [ -68.740056867999954, -11.007262923645861 ], [ -68.739960709999934, -11.007188630645851 ], [ -68.740038615999936, -11.00704012964585 ], [ -68.74034144899997, -11.007014893645847 ], [ -68.740464474999953, -11.00665212564585 ], [ -68.740063851999935, -11.006563798645843 ], [ -68.740151073999982, -11.005823296645875 ], [ -68.740199883999935, -11.004441967645949 ], [ -68.740206102999935, -11.003492510645936 ], [ -68.740331984999955, -11.00251656464598 ], [ -68.740306748999956, -11.001668001646037 ], [ -68.740328480999949, -11.000779424646051 ], [ -68.740548142999955, -11.000109588646083 ], [ -68.74093873399994, -10.999481501646107 ], [ -68.741682066999942, -10.999064924646111 ], [ -68.742647399999953, -10.99856750764611 ], [ -68.742883698999947, -10.99835192264613 ], [ -68.74327008399996, -10.997835789646135 ], [ -68.743429201999959, -10.997569175646136 ], [ -68.743575100999976, -10.997264853646168 ], [ -68.744325592999985, -10.997627076646124 ], [ -68.744524326999965, -10.997305316646122 ], [ -68.744666279999933, -10.996961475646167 ], [ -68.744032223999966, -10.996775359646172 ], [ -68.743700343999933, -10.996428400646169 ], [ -68.743622137999978, -10.995952032646214 ], [ -68.745281132999935, -10.995819412646171 ], [ -68.74563296599996, -10.995704883646207 ], [ -68.745667490999949, -10.995889633646216 ], [ -68.745947710999985, -10.995846937646181 ], [ -68.746319670999981, -10.995863353646175 ], [ -68.74669260099995, -10.995957108646186 ], [ -68.746817654999973, -10.995996195646198 ], [ -68.746757718999959, -10.996220165646172 ] ] ] } },
{ "type": "Feature", "properties": { "num_setor": "AC_XAPURI_SR_003_SGB", "munic": "XAPURI", "grau_risco": "Alto", "distancia_km": 1.68, "chuva_24h": 1.3, "chuva_72h": 1.8, "fonte_estacao": "openmeteo", "codigo_estacao": "openmeteo", "nome_estacao": "Open-Meteo (célula de grade)" }, "geometry": { "type": "Polygon", "coordinates": [ [ [ -68.50433735699994, -10.657222807656579 ], [ -68.504113641999936, -10.657837188656559 ], [ -68.504026826999961, -10.658481621656527 ], [ -68.50407691199996, -10.658885644656499 ], [ -68.504347373999963, -10.659566806656512 ], [ -68.504597800999989, -10.659980846656456 ], [ -68.504931703999944, -10.660585210656469 ], [ -68.505449253999984, -10.661279728656437 ], [ -68.505514667999932, -10.661354959656411 ], [ -68.505652306999934, -10.661220874656461 ], [ -68.506647964999956, -10.662408320656386 ], [ -68.506801560999975, -10.663009346656391 ], [ -68.506865001999984, -10.663149585656408 ], [ -68.507145480999952, -10.663326554656393 ], [ -68.507860032999986, -10.662945904656397 ], [ -68.508260716999985, -10.663273129656364 ], [ -68.508504465999977, -10.663500183656346 ], [ -68.508397616999957, -10.663824069656382 ], [ -68.507860032999986, -10.663797357656358 ], [ -68.50728571999997, -10.663707203656349 ], [ -68.506798221999986, -10.663389995656397 ], [ -68.506370825999966, -10.662668765656413 ], [ -68.505923395999957, -10.662852411656386 ], [ -68.505756443999985, -10.662234691656426 ], [ -68.505499338999982, -10.661723819656435 ], [ -68.505041891999952, -10.661152845656423 ], [ -68.504634529999976, -10.660688720656438 ], [ -68.503779738999981, -10.661212948656434 ], [ -68.503666211999985, -10.661072708656434 ], [ -68.504313983999964, -10.660328105656468 ], [ -68.503903282999943, -10.659663638656511 ], [ -68.503692923999949, -10.659246259656527 ], [ -68.503883248999955, -10.659112698656491 ], [ -68.503532650999944, -10.658414841656532 ], [ -68.503051829999947, -10.658020835656522 ], [ -68.502747978999935, -10.657646864656542 ], [ -68.502106884999932, -10.657907308656533 ], [ -68.501876491999951, -10.657843866656538 ], [ -68.501756286999978, -10.657282909656539 ], [ -68.501835592999953, -10.657238054656549 ], [ -68.502011246999984, -10.65718600865655 ], [ -68.502199910999934, -10.657659296656547 ], [ -68.502483226999971, -10.657485095656565 ], [ -68.502423046999979, -10.657059543656551 ], [ -68.503106508999963, -10.656513633656596 ], [ -68.503527762999965, -10.656199842656616 ], [ -68.504073671999947, -10.655769992656635 ], [ -68.504262806999975, -10.655400321656604 ], [ -68.505027939999934, -10.655696918656636 ], [ -68.505031874999986, -10.655706887656601 ], [ -68.504684615999963, -10.65650825565657 ], [ -68.50433735699994, -10.657222807656579 ] ] ] } },
{ "type": "Feature", "properties": { "num_setor": "AC_XAPURI_SR_002_SGB", "munic": "XAPURI", "grau_risco": "Alto", "distancia_km": 1.54, "chuva_24h": 1.3, "chuva_72h": 1.8, "fonte_estacao": "openmeteo", "codigo_estacao": "openmeteo", "nome_estacao": "Open-Meteo (célula de grade)" }, "geometry": { "type": "Polygon", "coordinates": [ [ [ -68.501725260999933, -10.651808480656715 ], [ -68.501771837999968, -10.651445179656731 ], [ -68.502614882999978, -10.651449836656766 ], [ -68.502759270999945, -10.651133113656746 ], [ -68.502740640999946, -10.650765154656744 ], [ -68.502400627999975, -10.650853650656781 ], [ -68.50230281599994, -10.65056487365676 ], [ -68.503057364999961, -10.650215545656794 ], [ -68.503835200999958, -10.649912794656807 ], [ -68.504529198999933, -10.649698540656809 ], [ -68.505539920999979, -10.64940510465682 ], [ -68.506154737999964, -10.64937715865678 ], [ -68.506597219999946, -10.649568124656824 ], [ -68.507053674999952, -10.650224860656802 ], [ -68.507472867999979, -10.651012012656768 ], [ -68.507738357999983, -10.65149641465673 ], [ -68.507868772999984, -10.652139177656741 ], [ -68.507566021999935, -10.652665497656733 ], [ -68.507300532999977, -10.653205791656672 ], [ -68.506965178999963, -10.653583065656676 ], [ -68.506685715999936, -10.653983628656695 ], [ -68.506629823999958, -10.653997601656657 ], [ -68.506513380999934, -10.653857870656667 ], [ -68.506946547999974, -10.653094006656676 ], [ -68.507295875999944, -10.652306854656707 ], [ -68.507393686999933, -10.651878345656705 ], [ -68.507123540999942, -10.651352025656722 ], [ -68.507049016999986, -10.651235582656756 ], [ -68.506629823999958, -10.651407917656753 ], [ -68.506010348999951, -10.651468467656755 ], [ -68.505572524999934, -10.651575595656718 ], [ -68.505458200999954, -10.651262882656757 ], [ -68.503832041999942, -10.651572868656734 ], [ -68.50286142799996, -10.651771056656736 ], [ -68.502332926999941, -10.651832037656725 ], [ -68.50171295399997, -10.651816792656744 ], [ -68.501725260999933, -10.651808480656715 ] ] ] } }
]
}
