{
"type": "FeatureCollection",
"name": "setores_rn",
"crs": { "type": "name", "properties": { "name": "urn:ogc:def:crs:OGC:1.3:CRS84" } },
"features": [
{ "type": "Feature", "properties": { "num_setor": "RN_MOSSORO_SR_016_CPRM", "munic": "MOSSORÓ", "grau_risco": "Alto", "distancia_km": 1.2, "chuva_24h": 0.0, "chuva_72h": 0.0, "fonte_estacao": "openmeteo", "codigo_estacao": "openmeteo", "nome_estacao": "Open-Meteo (célula de grade)" }, "geometry": { "type": "Polygon", "coordinates": [ [ [ -37.404847396999969, -5.017688445835332 ], [ -37.405039083999952, -5.017505973835333 ], [ -37.405193908999927, -5.017675543835296 ], [ -37.40548696899998, -5.017835897835291 ], [ -37.405551478999939, -5.017929897835333 ], [ -37.40566759799998, -5.01807734983529 ], [ -37.405691558999933, -5.018117898835298 ], [ -37.405592028999926, -5.018180565835303 ], [ -37.405523831999972, -5.018211899835271 ], [ -37.405630734999932, -5.018377782835289 ], [ -37.40566022499997, -5.018425704835317 ], [ -37.405573596999943, -5.018479155835293 ], [ -37.405534890999952, -5.018434920835279 ], [ -37.405415085999948, -5.018278252835296 ], [ -37.405348732999983, -5.01817319383528 ], [ -37.405457478999949, -5.01809393783529 ], [ -37.405411399999934, -5.017992564835283 ], [ -37.405350575999925, -5.017878289835298 ], [ -37.405133084999932, -5.017725308835315 ], [ -37.405044613999962, -5.017644209835331 ], [ -37.404963514999963, -5.017708720835327 ], [ -37.404911906999978, -5.017754798835294 ], [ -37.404847396999969, -5.017688445835332 ] ] ] } },
{ "type": "Feature", "properties": { "num_setor": "RN_MOSSORO_SR_011_CPRM", "munic": "MOSSORÓ", "grau_risco": "Alto", "distancia_km": 1.81, "chuva_24h": 0.0, "chuva_72h": 0.0, "fonte_estacao": "openmeteo", "codigo_estacao": "openmeteo", "nome_estacao": "Open-Meteo (célula de grade)" }, "geometry": { "type": "Polygon", "coordinates": [ [ [ -37.350413723999964, -5.138845899831407 ], [ -37.350443213999938, -5.138812722831378 ], [ -37.350782352999943, -5.139155548831376 ], [ -37.350679136999936, -5.139280882831388 ], [ -37.350719685999934, -5.139420961831386 ], [ -37.350620155999934, -5.139520491831383 ], [ -37.350944549999952, -5.139951787831354 ], [ -37.350719685999927, -5.140069749831344 ], [ -37.350631214999957, -5.140169279831337 ], [ -37.350664391999949, -5.140235632831366 ], [ -37.350454272999968, -5.140397829831305 ], [ -37.350284702999943, -5.140534222831354 ], [ -37.350133564999965, -5.140445751831329 ], [ -37.350063525999921, -5.140464182831326 ], [ -37.349960308999982, -5.140762772831319 ], [ -37.34991238799995, -5.140810694831336 ], [ -37.349834974999965, -5.140810694831336 ], [ -37.349768621999949, -5.140854930831342 ], [ -37.34971332799995, -5.140947087831326 ], [ -37.349658032999969, -5.141013440831283 ], [ -37.349602738999977, -5.141076107831294 ], [ -37.349554816999962, -5.141142461831304 ], [ -37.349492149999946, -5.141098225831298 ], [ -37.349411050999947, -5.141153520831338 ], [ -37.34928571699993, -5.140969205831324 ], [ -37.348953950999942, -5.141171951831337 ], [ -37.348688537999976, -5.140784890831317 ], [ -37.349105088999984, -5.140486300831336 ], [ -37.349035048999951, -5.140349907831348 ], [ -37.349997171999966, -5.139712178831362 ], [ -37.350008230999947, -5.139586844831351 ], [ -37.350251526999955, -5.139358294831378 ], [ -37.350358428999982, -5.139269823831356 ], [ -37.35029207599996, -5.13918503883135 ], [ -37.350432154999964, -5.139096567831384 ], [ -37.350365801999942, -5.138989665831357 ], [ -37.350424782999937, -5.138949115831363 ], [ -37.350387919999946, -5.138890135831359 ], [ -37.350413723999964, -5.138845899831407 ] ] ] } },
{ "type": "Feature", "properties": { "num_setor": "RN_MOSSORO_SR_014_CPRM", "munic": "MOSSORÓ", "grau_risco": "Alto", "distancia_km": 1.85, "chuva_24h": 0.0, "chuva_72h": 0.0, "fonte_estacao": "openmeteo", "codigo_estacao": "openmeteo", "nome_estacao": "Open-Meteo (célula de grade)" }, "geometry": { "type": "Polygon", "coordinates": [ [ [ -37.413363198999946, -5.313132078825737 ], [ -37.413377943999926, -5.312982783825711 ], [ -37.413486689999949, -5.312999371825764 ], [ -37.413835044999985, -5.312864822825717 ], [ -37.413899554999944, -5.312870351825731 ], [ -37.414229477999982, -5.312901685825756 ], [ -37.414305046999971, -5.312903528825711 ], [ -37.414305046999971, -5.312949606825737 ], [ -37.414376929999939, -5.312949606825737 ], [ -37.414703166999971, -5.312991999825735 ], [ -37.414730813999938, -5.312986469825722 ], [ -37.414734500999941, -5.312942234825766 ], [ -37.414822971999968, -5.312958822825763 ], [ -37.415165796999929, -5.312980940825759 ], [ -37.415221091999967, -5.312980940825759 ], [ -37.415597093999963, -5.312995685825745 ], [ -37.415657917999965, -5.312997528825755 ], [ -37.415652387999955, -5.313155117825719 ], [ -37.41579799699997, -5.313221471825726 ], [ -37.415870800999976, -5.313229765825728 ], [ -37.415960193999979, -5.313231608825732 ], [ -37.415969409999938, -5.313168019825759 ], [ -37.416064331999962, -5.313170784825735 ], [ -37.416056497999932, -5.313290128825715 ], [ -37.416194273999963, -5.313298883825722 ], [ -37.41618828299994, -5.313441727825699 ], [ -37.416076772999929, -5.313426982825715 ], [ -37.416085066999983, -5.313324687825742 ], [ -37.415955124999982, -5.31330533482571 ], [ -37.415863888999979, -5.31330441282574 ], [ -37.415863888999979, -5.313347726825723 ], [ -37.415793849999943, -5.31334404082571 ], [ -37.41579569299995, -5.313262942825704 ], [ -37.415589259999933, -5.313160647825725 ], [ -37.415219708999985, -5.313096137825715 ], [ -37.41516533599998, -5.313090607825709 ], [ -37.414828961999945, -5.313114568825719 ], [ -37.41469118699996, -5.31310350982574 ], [ -37.414378772999953, -5.313069872825745 ], [ -37.414318870999978, -5.313065725825713 ], [ -37.414299978999971, -5.313057891825747 ], [ -37.414224409999974, -5.313054205825731 ], [ -37.413882505999936, -5.313003058825711 ], [ -37.413831357999982, -5.312996146825768 ], [ -37.413461346999945, -5.313140372825732 ], [ -37.413363198999946, -5.313132078825737 ] ] ] } },
{ "type": "Feature", "properties": { "num_setor": "RN_MOSSORO_SR_015_CPRM", "munic": "MOSSORÓ", "grau_risco": "Alto", "distancia_km": 1.28, "chuva_24h": 0.0, "chuva_72h": 0.0, "fonte_estacao": "openmeteo", "codigo_estacao": "openmeteo", "nome_estacao": "Open-Meteo (célula de grade)" }, "geometry": { "type": "Polygon", "coordinates": [ [ [ -37.422165609999972, -5.311194930825776 ], [ -37.422143492999965, -5.311340539825785 ], [ -37.422047648999978, -5.311331323825819 ], [ -37.421894667999936, -5.311546971825804 ], [ -37.421863333999958, -5.311552501825759 ], [ -37.421883608999963, -5.311674148825767 ], [ -37.421854118999931, -5.311679678825774 ], [ -37.421771176999982, -5.311688894825799 ], [ -37.421719568999947, -5.311685207825798 ], [ -37.421673489999932, -5.311624383825799 ], [ -37.421632940999984, -5.311622540825793 ], [ -37.421629254999971, -5.311554344825763 ], [ -37.421356468999932, -5.31153775682577 ], [ -37.421363840999966, -5.311731286825756 ], [ -37.421216389999984, -5.311733129825763 ], [ -37.421231134999971, -5.311552501825759 ], [ -37.421019172999941, -5.311392147825763 ], [ -37.41980085199998, -5.311314735825769 ], [ -37.419574144999949, -5.311213362825822 ], [ -37.41800378399995, -5.311438226825775 ], [ -37.417906096999957, -5.311440069825783 ], [ -37.417544839999955, -5.311499049825782 ], [ -37.417511662999978, -5.311696266825769 ], [ -37.417430564999961, -5.311696266825769 ], [ -37.417461897999935, -5.311449284825809 ], [ -37.417542996999941, -5.311454814825767 ], [ -37.41789135199997, -5.311314735825769 ], [ -37.418005626999964, -5.31131289282582 ], [ -37.419529909999937, -5.310940576825793 ], [ -37.419633125999958, -5.310936889825789 ], [ -37.419664458999932, -5.311097243825784 ], [ -37.419852459999966, -5.31120230382579 ], [ -37.421021015999941, -5.311294460825769 ], [ -37.421072623999983, -5.311294460825769 ], [ -37.421081839999943, -5.311379245825781 ], [ -37.421258781999938, -5.311476932825771 ], [ -37.421345409999958, -5.311484304825798 ], [ -37.421706666999974, -5.311506422825798 ], [ -37.421879922999949, -5.311489834825805 ], [ -37.421994197999936, -5.311322107825796 ], [ -37.422007099999973, -5.311170969825824 ], [ -37.422165609999972, -5.311194930825776 ] ] ] } },
{ "type": "Feature", "properties": { "num_setor": "RN_MOSSORO_SR_005_CPRM", "munic": "MOSSORÓ", "grau_risco": "Alto", "distancia_km": 1.63, "chuva_24h": 0.0, "chuva_72h": 0.0, "fonte_estacao": "openmeteo", "codigo_estacao": "openmeteo", "nome_estacao": "Open-Meteo (célula de grade)" }, "geometry": { "type": "Polygon", "coordinates": [ [ [ -37.333208322999951, -5.202331307829311 ], [ -37.332636864999984, -5.201731888829364 ], [ -37.332324048999972, -5.201401596829377 ], [ -37.332428903999975, -5.201282761829355 ], [ -37.332628126999957, -5.201499461829356 ], [ -37.332760942999982, -5.201702179829326 ], [ -37.332827350999935, -5.201707422829354 ], [ -37.332953176999979, -5.201567616829363 ], [ -37.333031817999938, -5.201599072829353 ], [ -37.333229293999977, -5.201412082829379 ], [ -37.333250264999947, -5.201401596829377 ], [ -37.333566575999953, -5.201599072829353 ], [ -37.333556090999934, -5.201649752829361 ], [ -37.333585798999927, -5.201696937829339 ], [ -37.33353337199997, -5.20180179182936 ], [ -37.333592789999955, -5.20186470482932 ], [ -37.333538614999945, -5.201955578829343 ], [ -37.333632983999962, -5.202032471829305 ], [ -37.33442550999996, -5.202321695829326 ], [ -37.334522500999981, -5.202174899829309 ], [ -37.334603762999954, -5.202169656829334 ], [ -37.334719102999941, -5.202237812829328 ], [ -37.33482657899998, -5.202305967829331 ], [ -37.33491570499995, -5.202392472829343 ], [ -37.335017938999954, -5.202471113829304 ], [ -37.335057258999946, -5.202518298829331 ], [ -37.335112307999964, -5.20256286182935 ], [ -37.335214540999971, -5.202586453829333 ], [ -37.335308909999981, -5.202599560829307 ], [ -37.335361336999938, -5.202604803829338 ], [ -37.33543211399995, -5.202654609829331 ], [ -37.335505512999923, -5.202675580829302 ], [ -37.335563182999977, -5.20268082282934 ], [ -37.335586774999975, -5.202717522829293 ], [ -37.335623473999931, -5.202767328829277 ], [ -37.335678522999956, -5.202814512829326 ], [ -37.335746677999964, -5.202801405829296 ], [ -37.335767648999933, -5.202832862829327 ], [ -37.335785998999938, -5.202895774829297 ], [ -37.335820731999945, -5.202929197829287 ], [ -37.336081557999933, -5.203074027829298 ], [ -37.336113013999977, -5.203093687829313 ], [ -37.336403985999944, -5.203285047829283 ], [ -37.336503596999933, -5.203353203829275 ], [ -37.336917772999982, -5.203518349829301 ], [ -37.337038355999937, -5.203581261829279 ], [ -37.337438113999951, -5.203843398829259 ], [ -37.337709424999964, -5.204009855829291 ], [ -37.337801172999946, -5.203898447829281 ], [ -37.337831318999974, -5.203920728829265 ], [ -37.337819522999951, -5.203954806829265 ], [ -37.337888988999957, -5.204004612829255 ], [ -37.337949279999975, -5.204050486829278 ], [ -37.337972872999956, -5.204045243829246 ], [ -37.338143260999971, -5.204185486829271 ], [ -37.33821796999996, -5.204122573829256 ], [ -37.338333309999939, -5.204203836829274 ], [ -37.338449960999981, -5.204310001829248 ], [ -37.338465688999975, -5.204332283829276 ], [ -37.338920495999957, -5.204684856829259 ], [ -37.338999136999973, -5.204718934829255 ], [ -37.339030593999951, -5.204732041829228 ], [ -37.339080398999954, -5.204771361829265 ], [ -37.339304525999978, -5.204908983829216 ], [ -37.339417244999936, -5.204962721829238 ], [ -37.339465739999973, -5.205005973829246 ], [ -37.33958763399994, -5.205081993829238 ], [ -37.339633507999963, -5.205075440829245 ], [ -37.339661031999981, -5.205152770829258 ], [ -37.339714769999944, -5.205175051829243 ], [ -37.339856323999982, -5.205154081829263 ], [ -37.339875983999946, -5.205281217829202 ], [ -37.339734429999965, -5.205321848829245 ], [ -37.339624332999961, -5.205240586829211 ], [ -37.339503749999949, -5.205121314829211 ], [ -37.339415933999931, -5.205087236829217 ], [ -37.339292729999954, -5.205152770829258 ], [ -37.339203603999977, -5.205063643829234 ], [ -37.339113166999937, -5.205029566829223 ], [ -37.338958505999976, -5.204856556829263 ], [ -37.338919184999952, -5.204843449829233 ], [ -37.338827437999953, -5.204734662829248 ], [ -37.338326756999948, -5.204325729829248 ], [ -37.338132775999952, -5.204236603829274 ], [ -37.338048891999961, -5.204296894829278 ], [ -37.337729085999968, -5.204058350829277 ], [ -37.337629473999982, -5.204045243829246 ], [ -37.337582288999954, -5.204100292829267 ], [ -37.337503647999938, -5.204157962829256 ], [ -37.337356851999971, -5.20401378782926 ], [ -37.337364715999961, -5.203914175829274 ], [ -37.336963646999955, -5.203665145829263 ], [ -37.336457723999956, -5.203429222829279 ], [ -37.335972770999938, -5.203133008829284 ], [ -37.335768303999942, -5.203038639829281 ], [ -37.335731604999978, -5.203083202829297 ], [ -37.335616264999942, -5.203015047829292 ], [ -37.33560577999998, -5.202959998829327 ], [ -37.335133933999941, -5.202752910829305 ], [ -37.334905874999947, -5.202627084829323 ], [ -37.334869175999984, -5.202663784829332 ], [ -37.334614903999977, -5.202527473829329 ], [ -37.33460703999998, -5.202543201829326 ], [ -37.334562475999974, -5.202514366829305 ], [ -37.334551990999955, -5.202496016829302 ], [ -37.334386844999983, -5.202430482829317 ], [ -37.333559803999947, -5.202122472829351 ], [ -37.333517861999951, -5.202160481829333 ], [ -37.333454949999975, -5.202218151829315 ], [ -37.333382861999951, -5.20215130782932 ], [ -37.333208322999951, -5.202331307829311 ] ] ] } },
{ "type": "Feature", "properties": { "num_setor": "RN_MOSSORO_SR_007_CPRM", "munic": "MOSSORÓ", "grau_risco": "Alto", "distancia_km": 1.32, "chuva_24h": 0.0, "chuva_72h": 0.0, "fonte_estacao": "openmeteo", "codigo_estacao": "openmeteo", "nome_estacao": "Open-Meteo (célula de grade)" }, "geometry": { "type": "Polygon", "coordinates": [ [ [ -37.376527256999964, -5.269889023827132 ], [ -37.376891585999942, -5.270456098827107 ], [ -37.377246698999954, -5.270934088827122 ], [ -37.377337627999964, -5.271106115827078 ], [ -37.377706256999943, -5.27148949082708 ], [ -37.377691511999956, -5.271592706827093 ], [ -37.377684139999936, -5.271732785827097 ], [ -37.377865996999958, -5.272356998827055 ], [ -37.378568849999965, -5.273939647827006 ], [ -37.379382292999935, -5.275753304826959 ], [ -37.379564149999965, -5.276171084826907 ], [ -37.379679653999972, -5.276148966826905 ], [ -37.379782869999929, -5.276318536826923 ], [ -37.379650163999941, -5.276441412826896 ], [ -37.380018792999977, -5.277203247826923 ], [ -37.380225225999936, -5.277149181826909 ], [ -37.380461147999931, -5.277596451826889 ], [ -37.380254715999968, -5.277753733826856 ], [ -37.38043657299994, -5.278137108826853 ], [ -37.380672495999931, -5.278722000826844 ], [ -37.381517885999976, -5.280751920826757 ], [ -37.38362153199995, -5.285037852826633 ], [ -37.384004906999962, -5.285863582826641 ], [ -37.383513400999959, -5.286187976826598 ], [ -37.383238156999937, -5.286050354826593 ], [ -37.382913762999976, -5.286305937826593 ], [ -37.382785971999965, -5.286178146826575 ], [ -37.383080874999962, -5.285775111826619 ], [ -37.382677839999928, -5.284900230826636 ], [ -37.382776141999955, -5.284772439826621 ], [ -37.382658179999964, -5.283995859826669 ], [ -37.381053412999961, -5.281499009826753 ], [ -37.380748678999964, -5.280872339826799 ], [ -37.38102637999998, -5.280710142826794 ], [ -37.380979686999972, -5.280506167826773 ], [ -37.380765881999935, -5.279953223826793 ], [ -37.380382506999979, -5.278827674826833 ], [ -37.380109721999929, -5.27838777682688 ], [ -37.379888543999989, -5.277783224826871 ], [ -37.379583809999929, -5.277367901826921 ], [ -37.379411782999966, -5.276650302826902 ], [ -37.379330684999957, -5.276458615826919 ], [ -37.379266788999985, -5.276298876826908 ], [ -37.379212722999966, -5.276190744826929 ], [ -37.379080016999978, -5.275888468826927 ], [ -37.378398051999966, -5.274180485827016 ], [ -37.378375319999975, -5.274122118827015 ], [ -37.378104991999969, -5.273549514827017 ], [ -37.378081644999952, -5.273490533827025 ], [ -37.377771995999986, -5.272540698827027 ], [ -37.377733904999957, -5.272453456827021 ], [ -37.377581537999959, -5.271884537827054 ], [ -37.377556961999971, -5.271786236827075 ], [ -37.377522556999963, -5.271628954827055 ], [ -37.377495523999983, -5.271567516827064 ], [ -37.377247313999931, -5.271292273827097 ], [ -37.377134266999981, -5.271324221827111 ], [ -37.377085116999986, -5.27122100482711 ], [ -37.376999102999946, -5.271125161827119 ], [ -37.376647675999948, -5.270724583827085 ], [ -37.376566577999938, -5.27060662282709 ], [ -37.376433870999954, -5.270056135827114 ], [ -37.376399465999953, -5.269940631827105 ], [ -37.376527256999964, -5.269889023827132 ] ] ] } },
{ "type": "Feature", "properties": { "num_setor": "RN_MOSSORO_SR_009_CPRM", "munic": "MOSSORÓ", "grau_risco": "Alto", "distancia_km": 2.04, "chuva_24h": 0.0, "chuva_72h": 0.0, "fonte_estacao": "openmeteo", "codigo_estacao": "openmeteo", "nome_estacao": "Open-Meteo (célula de grade)" }, "geometry": { "type": "Polygon", "coordinates": [ [ [ -37.32992011999994, -5.176391055830157 ], [ -37.329766333999942, -5.176502900830145 ], [ -37.329657983999937, -5.176412026830185 ], [ -37.329609051999967, -5.176310666830156 ], [ -37.329451769999935, -5.176069501830187 ], [ -37.329287497999985, -5.176004840830176 ], [ -37.329198370999961, -5.175919209830188 ], [ -37.329036719999984, -5.175715616830217 ], [ -37.328975554999943, -5.175758432830174 ], [ -37.328873321999936, -5.175664937830183 ], [ -37.328903030999982, -5.175611636830212 ], [ -37.328783321999936, -5.175481441830222 ], [ -37.328723903999958, -5.175520762830197 ], [ -37.328643515999943, -5.175432509830195 ], [ -37.328566621999983, -5.175352994830209 ], [ -37.328451936999954, -5.175255348830196 ], [ -37.328507641999977, -5.175184571830227 ], [ -37.328445383999963, -5.175113139830206 ], [ -37.328306451999936, -5.175022702830231 ], [ -37.32828744699998, -5.175044984830202 ], [ -37.32808887799996, -5.174868369830222 ], [ -37.327952566999954, -5.174743854830244 ], [ -37.327743185999964, -5.174559376830254 ], [ -37.32771172899993, -5.174588211830215 ], [ -37.32754093099993, -5.17446095283021 ], [ -37.327519959999961, -5.174444568830224 ], [ -37.327387580999982, -5.174333816830216 ], [ -37.327443940999949, -5.174265005830206 ], [ -37.32729386699998, -5.174133281830239 ], [ -37.327196876999956, -5.174052674830221 ], [ -37.327189012999952, -5.174061849830225 ], [ -37.327120201999946, -5.174014664830247 ], [ -37.327114303999963, -5.174021873830238 ], [ -37.32700879399993, -5.173928815830238 ], [ -37.326955710999982, -5.173976655830272 ], [ -37.326873793999944, -5.174042844830265 ], [ -37.326879691999977, -5.174063160830227 ], [ -37.326816778999962, -5.174105757830228 ], [ -37.326797773999942, -5.174102480830262 ], [ -37.326609690999938, -5.174255830830212 ], [ -37.32658216699997, -5.174259762830232 ], [ -37.326119495999933, -5.17382461583023 ], [ -37.325907164999933, -5.174123451830235 ], [ -37.326043475999938, -5.174182432830223 ], [ -37.326019883999948, -5.174249276830231 ], [ -37.325956970999982, -5.174354131830245 ], [ -37.325757746999955, -5.174246655830263 ], [ -37.325718863999953, -5.17419881583023 ], [ -37.325655950999931, -5.174172602830217 ], [ -37.325565076999965, -5.17412541783025 ], [ -37.325310804999958, -5.174112310830215 ], [ -37.32503031899995, -5.173934057830222 ], [ -37.325612261999943, -5.173378328830259 ], [ -37.326015951999977, -5.173032308830273 ], [ -37.326246631999936, -5.172867162830308 ], [ -37.326807603999953, -5.173357357830286 ], [ -37.328524597999944, -5.174793865830225 ], [ -37.328870618999929, -5.175132021830209 ], [ -37.329276929999935, -5.175540954830218 ], [ -37.329599357999932, -5.1759210528302 ], [ -37.329816931999972, -5.176227752830202 ], [ -37.32992011999994, -5.176391055830157 ] ] ] } },
{ "type": "Feature", "properties": { "num_setor": "RN_MOSSORO_SR_004_CPRM", "munic": "MOSSORÓ", "grau_risco": "Alto", "distancia_km": 1.56, "chuva_24h": 0.0, "chuva_72h": 0.0, "fonte_estacao": "openmeteo", "codigo_estacao": "openmeteo", "nome_estacao": "Open-Meteo (célula de grade)" }, "geometry": { "type": "Polygon", "coordinates": [ [ [ -37.341193656999963, -5.195947409829553 ], [ -37.341177709999954, -5.19619731282954 ], [ -37.341062369999975, -5.196448963829515 ], [ -37.341051884999956, -5.19684216882953 ], [ -37.340763533999954, -5.197251101829478 ], [ -37.340448970999944, -5.197911685829458 ], [ -37.339956153999935, -5.198713823829469 ], [ -37.339817221999972, -5.198954989829429 ], [ -37.339615375999983, -5.199342951829402 ], [ -37.339109452999942, -5.200236836829413 ], [ -37.338936442999966, -5.200585478829353 ], [ -37.33841216999997, -5.201505577829365 ], [ -37.338572072999966, -5.201644509829336 ], [ -37.338975762999944, -5.201932860829317 ], [ -37.339431880999946, -5.202451890829319 ], [ -37.339688774999956, -5.202483346829307 ], [ -37.339285083999982, -5.202787425829285 ], [ -37.339426637999964, -5.202860823829322 ], [ -37.339536734999967, -5.202986648829319 ], [ -37.33972547399997, -5.203122959829315 ], [ -37.339924697999948, -5.203086260829298 ], [ -37.34004527999997, -5.202960435829309 ], [ -37.340176348999933, -5.202997134829328 ], [ -37.340391300999954, -5.203285484829321 ], [ -37.340228775999947, -5.203458494829288 ], [ -37.340359843999977, -5.203568591829286 ], [ -37.340522368999984, -5.203851699829291 ], [ -37.340705863999972, -5.203946068829249 ], [ -37.340653436999965, -5.204092865829255 ], [ -37.34054858199994, -5.204150535829245 ], [ -37.34039654299994, -5.204166263829296 ], [ -37.340192076999983, -5.204318302829287 ], [ -37.340165862999982, -5.204318302829287 ], [ -37.340003337999974, -5.204150535829245 ], [ -37.340003337999974, -5.204569953829266 ], [ -37.33998760999998, -5.204627623829252 ], [ -37.339898483999946, -5.204638109829258 ], [ -37.339814599999954, -5.204622380829272 ], [ -37.339730715999963, -5.204580438829231 ], [ -37.339631104999967, -5.204507040829247 ], [ -37.339562948999969, -5.204459856829267 ], [ -37.339458093999951, -5.20441791482927 ], [ -37.339295569999933, -5.204276360829233 ], [ -37.339253627999938, -5.204145292829267 ], [ -37.33925887099997, -5.20404568082928 ], [ -37.33925887099997, -5.203888398829256 ], [ -37.339421394999924, -5.203731116829288 ], [ -37.33935323999998, -5.203610533829276 ], [ -37.339174986999971, -5.203694417829266 ], [ -37.339133044999983, -5.203652475829276 ], [ -37.339038675999973, -5.203510921829304 ], [ -37.339022947999979, -5.203442766829294 ], [ -37.338881393999941, -5.2034008248293 ], [ -37.338524887999945, -5.20301286282932 ], [ -37.338441004999936, -5.203107231829328 ], [ -37.337937702999966, -5.202771696829305 ], [ -37.337869546999968, -5.202965677829296 ], [ -37.338068770999939, -5.203149173829323 ], [ -37.338005857999974, -5.203254028829277 ], [ -37.337921973999983, -5.203285484829321 ], [ -37.337780420999927, -5.203222571829306 ], [ -37.337675565999973, -5.203206843829308 ], [ -37.337492070999936, -5.203164901829311 ], [ -37.337266632999963, -5.203049561829284 ], [ -37.336999253999977, -5.202928978829332 ], [ -37.336658475999968, -5.202708784829329 ], [ -37.336616534999962, -5.202572473829328 ], [ -37.336367504999942, -5.202454511829346 ], [ -37.335258666999948, -5.201843733829352 ], [ -37.335709541999954, -5.201343052829364 ], [ -37.336018862999936, -5.200989168829382 ], [ -37.336412067999959, -5.200630041829369 ], [ -37.336278377999975, -5.200530429829391 ], [ -37.336155173999941, -5.200451788829378 ], [ -37.336186630999968, -5.200362662829397 ], [ -37.336102746999984, -5.200320720829406 ], [ -37.335984785999983, -5.20043606082938 ], [ -37.335963814999957, -5.200388875829415 ], [ -37.335945464999952, -5.200325963829378 ], [ -37.335843231999945, -5.200320720829406 ], [ -37.334959831999981, -5.201353538829371 ], [ -37.334875947999933, -5.201256547829355 ], [ -37.334626917999969, -5.20105208182935 ], [ -37.334516820999958, -5.201146450829354 ], [ -37.334356917999969, -5.20098654782936 ], [ -37.334149829999944, -5.201191013829368 ], [ -37.334089537999951, -5.201175285829376 ], [ -37.333984683999965, -5.201114994829366 ], [ -37.333832644999966, -5.201057324829383 ], [ -37.333756624999978, -5.201025867829345 ], [ -37.333612449999976, -5.200970819829367 ], [ -37.333502352999965, -5.200910527829372 ], [ -37.333397497999954, -5.200758488829376 ], [ -37.333027885999968, -5.20067853682936 ], [ -37.332983321999954, -5.200641837829398 ], [ -37.332791962999977, -5.200522565829389 ], [ -37.332847010999956, -5.200443924829383 ], [ -37.332975457999964, -5.20049373082937 ], [ -37.333065894999947, -5.200415089829409 ], [ -37.333368662999931, -5.200099215829402 ], [ -37.333473517999956, -5.200003535829389 ], [ -37.333615070999933, -5.199868534829405 ], [ -37.333774974999983, -5.199738777829381 ], [ -37.333919149999936, -5.19958673882939 ], [ -37.334081673999954, -5.199348193829446 ], [ -37.334299247999979, -5.199127999829454 ], [ -37.334446043999947, -5.199274795829411 ], [ -37.334674102999941, -5.199113581829417 ], [ -37.334678034999968, -5.199067707829452 ], [ -37.334647888999939, -5.199021833829432 ], [ -37.334612500999988, -5.198978581829421 ], [ -37.334641335999947, -5.198939260829451 ], [ -37.334702937999964, -5.198864552829447 ], [ -37.334786165999958, -5.198762755829445 ], [ -37.334870049999957, -5.198703338829447 ], [ -37.334879661999935, -5.198663143829454 ], [ -37.334774806999974, -5.198545182829456 ], [ -37.334794029999955, -5.19852508582946 ], [ -37.33481237999996, -5.198537318829462 ], [ -37.334842088999949, -5.19852858082944 ], [ -37.334997622999936, -5.198658774829445 ], [ -37.33507364299993, -5.198597609829473 ], [ -37.335023836999937, -5.198537318829462 ], [ -37.335021214999983, -5.198509357829465 ], [ -37.335068399999948, -5.19845867782945 ], [ -37.335187234999971, -5.198484890829461 ], [ -37.335288594999952, -5.198451687829471 ], [ -37.335417914999937, -5.198317123829473 ], [ -37.335608400999945, -5.198406250829442 ], [ -37.335694031999942, -5.198329356829481 ], [ -37.33561888699996, -5.198221006829479 ], [ -37.335636361999939, -5.198158094829451 ], [ -37.335735973999931, -5.198063724829455 ], [ -37.335854809999944, -5.197974598829476 ], [ -37.335957916999973, -5.197927413829446 ], [ -37.336066265999932, -5.197969355829445 ], [ -37.336104712999948, -5.19793615182947 ], [ -37.336104712999948, -5.1978749868295 ], [ -37.336033061999956, -5.197743918829469 ], [ -37.336024323999936, -5.197693238829457 ], [ -37.336054032999982, -5.197644306829484 ], [ -37.336090731999946, -5.19760585982948 ], [ -37.336199081999951, -5.197595374829458 ], [ -37.336237528999959, -5.197616345829485 ], [ -37.336291703999954, -5.197653044829448 ], [ -37.336345878999964, -5.197611102829451 ], [ -37.336331897999969, -5.197562170829485 ], [ -37.336380829999946, -5.197528966829456 ], [ -37.336429761999966, -5.197516733829503 ], [ -37.336464713999931, -5.19757440382949 ], [ -37.336503160999939, -5.197588384829486 ], [ -37.336590538999928, -5.197665277829455 ], [ -37.336774034999962, -5.197567413829457 ], [ -37.336864908999985, -5.197535956829484 ], [ -37.336969763999946, -5.197539451829469 ], [ -37.337064132999956, -5.197588384829486 ], [ -37.33717422999996, -5.197717704829466 ], [ -37.337700250999944, -5.197507995829485 ], [ -37.337658308999949, -5.197364694829514 ], [ -37.337855784999924, -5.197265082829473 ], [ -37.337950153999948, -5.19719867482946 ], [ -37.338044522999951, -5.1971357618295 ], [ -37.338117921999981, -5.197097314829492 ], [ -37.338261222999961, -5.197009936829506 ], [ -37.338628213999989, -5.196747799829522 ], [ -37.338726077999972, -5.196698867829495 ], [ -37.338823942999966, -5.196625469829517 ], [ -37.338939282999945, -5.196562556829497 ], [ -37.339012680999929, -5.196471682829531 ], [ -37.339260836999983, -5.196314400829501 ], [ -37.339498506999973, -5.196216536829514 ], [ -37.339795594999941, -5.196010322829519 ], [ -37.340162585999956, -5.19587051682953 ], [ -37.34026744099998, -5.195908962829544 ], [ -37.340417732999981, -5.195832069829524 ], [ -37.340501615999983, -5.195947409829553 ], [ -37.340613460999975, -5.195926438829529 ], [ -37.340634431999938, -5.196024302829522 ], [ -37.340816179999933, -5.196069739829502 ], [ -37.340907053999956, -5.196045273829549 ], [ -37.340948995999952, -5.196094205829517 ], [ -37.341050354999936, -5.196087215829545 ], [ -37.341064335999931, -5.195961390829543 ], [ -37.341193656999963, -5.195947409829553 ] ] ] } },
{ "type": "Feature", "properties": { "num_setor": "RN_MOSSORO_SR_012_CPRM", "munic": "MOSSORÓ", "grau_risco": "Alto", "distancia_km": 1.33, "chuva_24h": 0.0, "chuva_72h": 0.0, "fonte_estacao": "openmeteo", "codigo_estacao": "openmeteo", "nome_estacao": "Open-Meteo (célula de grade)" }, "geometry": { "type": "Polygon", "coordinates": [ [ [ -37.407205012999952, -5.311794414825773 ], [ -37.407297169999936, -5.311838649825795 ], [ -37.407560125999957, -5.312212194825785 ], [ -37.407675629999964, -5.312256429825739 ], [ -37.40790909499998, -5.312290835825744 ], [ -37.407976600999973, -5.312299206825775 ], [ -37.407972990999944, -5.312342443825771 ], [ -37.408176965999985, -5.312376848825776 ], [ -37.40822365899993, -5.312278547825743 ], [ -37.408331790999966, -5.312268717825737 ], [ -37.40843254899994, -5.312101605825753 ], [ -37.408493986999929, -5.311956611825774 ], [ -37.408582458999938, -5.311998389825742 ], [ -37.40853084999997, -5.312116350825743 ], [ -37.408960917999934, -5.312241684825757 ], [ -37.409010068999983, -5.312251514825766 ], [ -37.409162435999974, -5.312359646825744 ], [ -37.409324632999983, -5.312416169825752 ], [ -37.409499116999932, -5.312153213825792 ], [ -37.409555639999951, -5.312190076825779 ], [ -37.409390985999948, -5.312455489825739 ], [ -37.409574608999947, -5.312516236825751 ], [ -37.40959995299994, -5.312451266825772 ], [ -37.409646491999979, -5.312344363825759 ], [ -37.40973749799997, -5.312379306825767 ], [ -37.40965394199997, -5.312602941825749 ], [ -37.409555639999951, -5.312568536825747 ], [ -37.409343063999984, -5.312537817825753 ], [ -37.409280396999975, -5.312514470825724 ], [ -37.409116970999953, -5.312487437825752 ], [ -37.409028499999977, -5.31263734782575 ], [ -37.408920368999929, -5.312605399825732 ], [ -37.408817152999973, -5.312548876825724 ], [ -37.408711094999944, -5.312502643825746 ], [ -37.408544366999934, -5.312521843825743 ], [ -37.408490300999972, -5.312507098825757 ], [ -37.408396914999969, -5.312494810825762 ], [ -37.408301070999983, -5.312487437825752 ], [ -37.408256835999964, -5.31247023582577 ], [ -37.408173279999971, -5.312455489825739 ], [ -37.408028285999926, -5.312418626825743 ], [ -37.407991422999942, -5.312406339825742 ], [ -37.407907866999949, -5.312394051825748 ], [ -37.407823158999975, -5.31238445182575 ], [ -37.407757956999944, -5.31236947682575 ], [ -37.40761787799994, -5.312408796825735 ], [ -37.407507058999954, -5.312361873825783 ], [ -37.407273823999958, -5.311954153825795 ], [ -37.407158319999951, -5.311895173825793 ], [ -37.407205012999952, -5.311794414825773 ] ] ] } },
{ "type": "Feature", "properties": { "num_setor": "RN_MOSSORO_SR_013_CPRM", "munic": "MOSSORÓ", "grau_risco": "Alto", "distancia_km": 1.59, "chuva_24h": 0.0, "chuva_72h": 0.0, "fonte_estacao": "openmeteo", "codigo_estacao": "openmeteo", "nome_estacao": "Open-Meteo (célula de grade)" }, "geometry": { "type": "Polygon", "coordinates": [ [ [ -37.410539496999945, -5.312558859825763 ], [ -37.410640869999952, -5.312588350825727 ], [ -37.410681419999946, -5.312534898825759 ], [ -37.410764360999963, -5.312418780825763 ], [ -37.410832557999981, -5.312453800825746 ], [ -37.410751458999982, -5.312571761825747 ], [ -37.411254637999946, -5.312835331825754 ], [ -37.411440795999965, -5.312897998825757 ], [ -37.411505305999981, -5.312914587825744 ], [ -37.411910798999941, -5.312964352825709 ], [ -37.411988210999937, -5.312956979825747 ], [ -37.411986367999923, -5.313047293825723 ], [ -37.411923700999971, -5.313049136825731 ], [ -37.411472129999936, -5.312997528825755 ], [ -37.411407619999977, -5.312980940825766 ], [ -37.41128228599996, -5.312936704825754 ], [ -37.411226990999978, -5.312925646825712 ], [ -37.410653771999932, -5.312684193825723 ], [ -37.410517378999941, -5.312639958825764 ], [ -37.410539496999945, -5.312558859825763 ] ] ] } },
{ "type": "Feature", "properties": { "num_setor": "RN_MOSSORO_SR_008_CPRM", "munic": "MOSSORÓ", "grau_risco": "Alto", "distancia_km": 1.28, "chuva_24h": 0.0, "chuva_72h": 0.0, "fonte_estacao": "openmeteo", "codigo_estacao": "openmeteo", "nome_estacao": "Open-Meteo (célula de grade)" }, "geometry": { "type": "Polygon", "coordinates": [ [ [ -37.315753156999961, -5.196236647829537 ], [ -37.315767901999955, -5.196248934829539 ], [ -37.315330461999963, -5.196899360829513 ], [ -37.315289502999974, -5.197122176829471 ], [ -37.315025317999982, -5.197459268829506 ], [ -37.314965517999951, -5.197532174829465 ], [ -37.314853290999963, -5.197670206829452 ], [ -37.314845508999952, -5.197665291829472 ], [ -37.314815199999941, -5.197638258829496 ], [ -37.314797996999971, -5.19761818882949 ], [ -37.314814379999973, -5.197589107829458 ], [ -37.314814789999957, -5.197567399829497 ], [ -37.314852061999943, -5.197507190829468 ], [ -37.314879094999981, -5.197473603829511 ], [ -37.31490940499998, -5.197435102829504 ], [ -37.314935208999941, -5.197387180829486 ], [ -37.314931931999972, -5.197378169829511 ], [ -37.314971252999953, -5.197329838829498 ], [ -37.315004019999947, -5.197350317829494 ], [ -37.315063, -5.197263075829494 ], [ -37.315095767999935, -5.19722375482946 ], [ -37.315065457999935, -5.197187711829502 ], [ -37.315112150999937, -5.197126272829519 ], [ -37.315135906999956, -5.197140198829471 ], [ -37.315168673999956, -5.197099240829476 ], [ -37.315072010999984, -5.197015684829487 ], [ -37.315039653999975, -5.196992747829504 ], [ -37.315022041999953, -5.196972267829512 ], [ -37.315010163999951, -5.196954655829493 ], [ -37.315013439999973, -5.196895674829494 ], [ -37.31503801599996, -5.196843247829486 ], [ -37.315065867999976, -5.196851848829478 ], [ -37.315101501999948, -5.19679245882949 ], [ -37.315164987999935, -5.196713407829493 ], [ -37.315161301999979, -5.196658932829542 ], [ -37.31517276999994, -5.196638043829496 ], [ -37.31519447799996, -5.196622479829529 ], [ -37.315228883999964, -5.196575786829531 ], [ -37.315332099999978, -5.196465197829505 ], [ -37.315401729999962, -5.196352970829523 ], [ -37.315395176999978, -5.196335767829498 ], [ -37.315420570999947, -5.196301361829501 ], [ -37.315442688999951, -5.196304638829517 ], [ -37.315477093999959, -5.196266137829511 ], [ -37.315523786999961, -5.196198145829545 ], [ -37.315585225999939, -5.196126058829512 ], [ -37.315753156999961, -5.196236647829537 ] ] ] } },
{ "type": "Feature", "properties": { "num_setor": "RN_MOSSORO_SR_010_CPRM", "munic": "MOSSORÓ", "grau_risco": "Alto", "distancia_km": 0.99, "chuva_24h": 0.0, "chuva_72h": 0.0, "fonte_estacao": "openmeteo", "codigo_estacao": "openmeteo", "nome_estacao": "Open-Meteo (célula de grade)" }, "geometry": { "type": "Polygon", "coordinates": [ [ [ -37.405879789999972, -5.31168566882575 ], [ -37.405749540999977, -5.311638975825755 ], [ -37.40504422999993, -5.311439915825759 ], [ -37.404904150999982, -5.311415340825763 ], [ -37.404557638999961, -5.311314581825807 ], [ -37.404456879999941, -5.311272803825781 ], [ -37.404510945999952, -5.311090946825811 ], [ -37.404668227999935, -5.311132724825779 ], [ -37.405081092999978, -5.311272803825781 ], [ -37.405186766999975, -5.311280176825798 ], [ -37.40522055799994, -5.311172659825795 ], [ -37.405275237999945, -5.310968069825795 ], [ -37.405285681999942, -5.310906017825824 ], [ -37.405356335999954, -5.31093366482579 ], [ -37.405341590999967, -5.310990187825802 ], [ -37.405321930999946, -5.311066371825817 ], [ -37.405410401999973, -5.311110606825777 ], [ -37.405337904999953, -5.311316424825808 ], [ -37.40583063899993, -5.311479236825796 ], [ -37.405928940999956, -5.311523471825804 ], [ -37.405879789999972, -5.31168566882575 ] ] ] } },
{ "type": "Feature", "properties": { "num_setor": "RN_MOSSORO_SR_002_CPRM", "munic": "MOSSORÓ", "grau_risco": "Alto", "distancia_km": 0.77, "chuva_24h": 0.0, "chuva_72h": 0.0, "fonte_estacao": "openmeteo", "codigo_estacao": "openmeteo", "nome_estacao": "Open-Meteo (célula de grade)" }, "geometry": { "type": "Polygon", "coordinates": [ [ [ -37.341320437999968, -5.194404203829594 ], [ -37.34037674599994, -5.194516048829581 ], [ -37.340285871999981, -5.194470611829604 ], [ -37.340121599999975, -5.194379737829587 ], [ -37.339195384999975, -5.19379954182961 ], [ -37.338230721999935, -5.193233327829629 ], [ -37.337468778999948, -5.192764976829657 ], [ -37.337367418999975, -5.192841869829619 ], [ -37.337115767999933, -5.193076045829605 ], [ -37.336444698999962, -5.192660121829636 ], [ -37.336647418, -5.192397985829642 ], [ -37.336584504999955, -5.192195266829636 ], [ -37.337140233999946, -5.191723420829669 ], [ -37.337507224999975, -5.191496235829697 ], [ -37.338028002999977, -5.191989052829642 ], [ -37.33857674199993, -5.192471383829628 ], [ -37.339080043999964, -5.192848860829639 ], [ -37.339384122999945, -5.193065559829652 ], [ -37.339758103999941, -5.192859345829657 ], [ -37.339901405999967, -5.193030608829617 ], [ -37.339705676999984, -5.193303230829623 ], [ -37.33968121099997, -5.193477987829584 ], [ -37.339824511999943, -5.193603813829626 ], [ -37.34004121199996, -5.193747114829605 ], [ -37.340292862999945, -5.193949833829614 ], [ -37.340460629999939, -5.193817017829595 ], [ -37.341365874999958, -5.193932357829574 ], [ -37.341320437999968, -5.194404203829594 ] ] ] } },
{ "type": "Feature", "properties": { "num_setor": "RN_MOSSORO_SR_003_CPRM", "munic": "MOSSORÓ", "grau_risco": "Alto", "distancia_km": 0.82, "chuva_24h": 0.0, "chuva_72h": 0.0, "fonte_estacao": "openmeteo", "codigo_estacao": "openmeteo", "nome_estacao": "Open-Meteo (célula de grade)" }, "geometry": { "type": "Polygon", "coordinates": [ [ [ -37.335592171999963, -5.189196133829733 ], [ -37.33545236599997, -5.189326619829765 ], [ -37.334818577999954, -5.188627588829778 ], [ -37.33429663499993, -5.188077684829774 ], [ -37.333662847999967, -5.188357296829753 ], [ -37.333220127999937, -5.187662925829821 ], [ -37.33294517599996, -5.1872435078298 ], [ -37.332875272999956, -5.186982535829828 ], [ -37.332744786999967, -5.186805448829837 ], [ -37.332558378999977, -5.186656321829855 ], [ -37.331999153999959, -5.186982535829828 ], [ -37.331766143999978, -5.186591078829806 ], [ -37.332001483999932, -5.186353408829827 ], [ -37.331521482999953, -5.185514571829851 ], [ -37.33194556199993, -5.185262920829878 ], [ -37.332148280999945, -5.185076512829889 ], [ -37.332269445999941, -5.184657093829877 ], [ -37.332232164999937, -5.184274956829916 ], [ -37.332148280999938, -5.183780975829956 ], [ -37.332036435999953, -5.183370877829938 ], [ -37.33187798899997, -5.182895536829982 ], [ -37.331658958999981, -5.182299030829977 ], [ -37.33155177499998, -5.182033398830004 ], [ -37.331430608999931, -5.181791067829981 ], [ -37.331644978999982, -5.181665242829987 ], [ -37.331766143999971, -5.181814368829978 ], [ -37.331812745999969, -5.182112621830005 ], [ -37.332236824999939, -5.182867575829984 ], [ -37.332423232999929, -5.183746023829933 ], [ -37.332427892999931, -5.184300588829929 ], [ -37.332362649999929, -5.185213988829902 ], [ -37.335203044999957, -5.188713219829766 ], [ -37.335592171999963, -5.189196133829733 ] ] ] } },
{ "type": "Feature", "properties": { "num_setor": "RN_MOSSORO_SR_001_CPRM", "munic": "MOSSORÓ", "grau_risco": "Alto", "distancia_km": 1.67, "chuva_24h": 0.0, "chuva_72h": 0.0, "fonte_estacao": "openmeteo", "codigo_estacao": "openmeteo", "nome_estacao": "Open-Meteo (célula de grade)" }, "geometry": { "type": "Polygon", "coordinates": [ [ [ -37.355555909999964, -5.210608512829056 ], [ -37.355383585999959, -5.210683628829066 ], [ -37.35513614599995, -5.210285957829044 ], [ -37.35506986799993, -5.210197586829041 ], [ -37.354954984999949, -5.210197586829041 ], [ -37.354835683999966, -5.210246190829071 ], [ -37.354716381999935, -5.210073866829072 ], [ -37.354711963999932, -5.209932472829109 ], [ -37.354636847999984, -5.209768985829101 ], [ -37.354561732999976, -5.20965410282907 ], [ -37.354491035999956, -5.209685032829108 ], [ -37.354349641999924, -5.2094375928291 ], [ -37.354495453999967, -5.209335965829111 ], [ -37.354309874999956, -5.209057596829122 ], [ -37.354115457999967, -5.209168060829108 ], [ -37.354035923999952, -5.209066433829118 ], [ -37.35418173599993, -5.20893829582909 ], [ -37.35418173599993, -5.20878364582913 ], [ -37.353823831999932, -5.208191557829139 ], [ -37.35359406699996, -5.207877839829174 ], [ -37.353364301999939, -5.207948536829126 ], [ -37.353452672999936, -5.208200394829129 ], [ -37.353346626999951, -5.208222487829113 ], [ -37.353130117999967, -5.208014815829138 ], [ -37.353072675999954, -5.207842491829133 ], [ -37.352975467999954, -5.207813770829153 ], [ -37.352836282999924, -5.207886676829171 ], [ -37.352652912999929, -5.207902141829156 ], [ -37.352560122999932, -5.207853537829137 ], [ -37.352385589999983, -5.207599470829183 ], [ -37.352151405999962, -5.207612725829184 ], [ -37.351950360999979, -5.207482378829141 ], [ -37.352204427999936, -5.207290170829167 ], [ -37.35210721999993, -5.20703168482917 ], [ -37.351869169999937, -5.206652240829205 ], [ -37.35155986999996, -5.206669914829194 ], [ -37.351237314999935, -5.206904098829151 ], [ -37.350883829999923, -5.206320847829204 ], [ -37.350658482999961, -5.206316429829197 ], [ -37.35057452999996, -5.206175035829182 ], [ -37.350702668999929, -5.206011548829178 ], [ -37.350335927999936, -5.205490157829246 ], [ -37.350172440999984, -5.205428297829232 ], [ -37.349859827999985, -5.205556436829197 ], [ -37.349652154999937, -5.205452600829204 ], [ -37.349309715999937, -5.205191904829213 ], [ -37.348949602999937, -5.204902488829235 ], [ -37.348657977999949, -5.20473458382923 ], [ -37.348470740999971, -5.204604235829265 ], [ -37.348397834999957, -5.204533538829255 ], [ -37.348286265999945, -5.204456213829246 ], [ -37.348187952999979, -5.20445952782928 ], [ -37.348059814999942, -5.204386621829265 ], [ -37.347927257999963, -5.204276157829274 ], [ -37.347912897999947, -5.204197175829291 ], [ -37.34818463899996, -5.204046944829276 ], [ -37.348368009999945, -5.203898922829261 ], [ -37.348558007999941, -5.203737644829254 ], [ -37.348597774999973, -5.203651482829259 ], [ -37.348418822999975, -5.203364275829284 ], [ -37.34793719999994, -5.203673575829302 ], [ -37.347744991999946, -5.203401833829311 ], [ -37.347458889999984, -5.202968814829315 ], [ -37.347918420999974, -5.202684921829309 ], [ -37.348322166999935, -5.202436929829346 ], [ -37.348918672999957, -5.203302968829276 ], [ -37.349709595999968, -5.204266215829263 ], [ -37.350102848999938, -5.20479865282925 ], [ -37.350350287999966, -5.20519853282921 ], [ -37.350381217999939, -5.205238299829242 ], [ -37.350699354999961, -5.205068184829242 ], [ -37.351294755999959, -5.205992769829219 ], [ -37.351427312999931, -5.206204860829194 ], [ -37.351557660999958, -5.206443463829199 ], [ -37.351787425999937, -5.206355091829208 ], [ -37.352217131999964, -5.206165093829222 ], [ -37.352842358999965, -5.206140791829179 ], [ -37.353690722999943, -5.20753705782916 ], [ -37.353997812999978, -5.208001007829129 ], [ -37.35483734099995, -5.209339832829088 ], [ -37.355555909999964, -5.210608512829056 ] ] ] } },
{ "type": "Feature", "properties": { "num_setor": "RN_MOSSORO_SR_006_CPRM", "munic": "MOSSORÓ", "grau_risco": "Alto", "distancia_km": 1.79, "chuva_24h": 0.0, "chuva_72h": 0.0, "fonte_estacao": "openmeteo", "codigo_estacao": "openmeteo", "nome_estacao": "Open-Meteo (célula de grade)" }, "geometry": { "type": "Polygon", "coordinates": [ [ [ -37.345736201999955, -5.198636964829426 ], [ -37.345884758999944, -5.198560640829467 ], [ -37.347463170999951, -5.201000257829381 ], [ -37.348329968999963, -5.20224732882931 ], [ -37.34823909499994, -5.202313503829332 ], [ -37.348028452999984, -5.202466357829351 ], [ -37.347295868999936, -5.202904417829304 ], [ -37.347185887999956, -5.202744106829305 ], [ -37.34712250999997, -5.202740378829342 ], [ -37.347074042999964, -5.20262294082932 ], [ -37.347094547999973, -5.20259311582931 ], [ -37.346906430999979, -5.202299056829321 ], [ -37.347171130999982, -5.202090279829316 ], [ -37.347106509999946, -5.201999560829361 ], [ -37.347120178999944, -5.201974706829358 ], [ -37.347044372999953, -5.201834278829353 ], [ -37.346896489999949, -5.201922512829327 ], [ -37.346818197999937, -5.201967250829313 ], [ -37.346671556999979, -5.202013230829345 ], [ -37.346524915999964, -5.201838007829314 ], [ -37.346584566999979, -5.201780013829344 ], [ -37.346891104999948, -5.201647456829368 ], [ -37.346945783999956, -5.201672310829323 ], [ -37.347154560999968, -5.201570407829352 ], [ -37.34707502699996, -5.201431222829337 ], [ -37.347151246999942, -5.201266355829367 ], [ -37.347207583999932, -5.201190342829357 ], [ -37.347217525999952, -5.201172943829358 ], [ -37.347186043999955, -5.201124063829359 ], [ -37.347086625999957, -5.20108098282935 ], [ -37.347004606, -5.201003105829384 ], [ -37.346937498999978, -5.200922742829396 ], [ -37.346826482999973, -5.200779415829357 ], [ -37.346304539999949, -5.201158859829375 ], [ -37.346042739999973, -5.200791014829357 ], [ -37.346302882999964, -5.200602120829399 ], [ -37.346188552999934, -5.200434767829413 ], [ -37.346044396999957, -5.200529214829392 ], [ -37.346024513999964, -5.200527557829409 ], [ -37.345984745999942, -5.200479505829397 ], [ -37.346100733999947, -5.200303867829372 ], [ -37.346306196999933, -5.200144799829419 ], [ -37.346283, -5.200088462829372 ], [ -37.346041082999932, -5.199780267829383 ], [ -37.345772654999962, -5.199482014829409 ], [ -37.345361728999933, -5.19977363982939 ], [ -37.34517614899994, -5.1994952708294 ], [ -37.345086672999969, -5.19924341282945 ], [ -37.345471087999954, -5.198974984829434 ], [ -37.345451204999954, -5.19890870582942 ], [ -37.345527424999943, -5.198845741829434 ], [ -37.345524110999975, -5.198779462829423 ], [ -37.345736201999955, -5.198636964829426 ] ] ] } },
{ "type": "Feature", "properties": { "num_setor": "RN_SAOGONC_SR_006_CPRM", "munic": "SÃO GONÇALO DO AMARANTE", "grau_risco": "Alto", "distancia_km": 1.07, "chuva_24h": 0.0, "chuva_72h": 0.0, "fonte_estacao": "openmeteo", "codigo_estacao": "openmeteo", "nome_estacao": "Open-Meteo (célula de grade)" }, "geometry": { "type": "Polygon", "coordinates": [ [ [ -35.261810871999963, -5.779171690810627 ], [ -35.261750742999936, -5.778821740810653 ], [ -35.261706912999955, -5.778588970810691 ], [ -35.261646470999949, -5.778329760810678 ], [ -35.261527702999956, -5.777845733810663 ], [ -35.26151621899993, -5.777659486810686 ], [ -35.261540270999944, -5.7774620008107 ], [ -35.26161123299994, -5.777254971810738 ], [ -35.261686950999945, -5.777091268810691 ], [ -35.26182840599995, -5.776764026810735 ], [ -35.261828049999963, -5.776558241810744 ], [ -35.26185245299996, -5.776405664810761 ], [ -35.261841741999952, -5.776174341810727 ], [ -35.26188726099997, -5.776106060810749 ], [ -35.261935960999949, -5.776122062810743 ], [ -35.262020936999939, -5.776387929810733 ], [ -35.262076493999984, -5.776637893810752 ], [ -35.262134237999931, -5.776933080810698 ], [ -35.262183433999951, -5.777156706810722 ], [ -35.262218815999972, -5.777361150810741 ], [ -35.26222616999997, -5.777487474810683 ], [ -35.262139802999968, -5.777528025810721 ], [ -35.261995672999944, -5.777481225810718 ], [ -35.26193772999995, -5.777468801810686 ], [ -35.261881297999935, -5.77748608381073 ], [ -35.261884875999954, -5.777615786810693 ], [ -35.261898093999953, -5.777700168810702 ], [ -35.262054262999982, -5.777776400810666 ], [ -35.262222273999953, -5.777820043810696 ], [ -35.262280614999952, -5.777848469810723 ], [ -35.262322257999983, -5.777939708810691 ], [ -35.262404942999979, -5.778263769810699 ], [ -35.262336266999966, -5.778625646810678 ], [ -35.262253178999977, -5.778716190810658 ], [ -35.262220480999929, -5.778859609810632 ], [ -35.262205337999944, -5.779046559810629 ], [ -35.262248471999953, -5.779115336810648 ], [ -35.262240818999942, -5.779283304810667 ], [ -35.262127418999967, -5.779379414810629 ], [ -35.262064605999967, -5.779521143810626 ], [ -35.262076830999945, -5.7797961548106 ], [ -35.262037373999931, -5.779865031810652 ], [ -35.261925265999928, -5.779848632810653 ], [ -35.261865434999947, -5.779562986810648 ], [ -35.261841482999955, -5.779361723810648 ], [ -35.261810871999963, -5.779171690810627 ] ] ] } },
{ "type": "Feature", "properties": { "num_setor": "RN_SAOGONC_SR_004_CPRM", "munic": "SÃO GONÇALO DO AMARANTE", "grau_risco": "Alto", "distancia_km": 1.4, "chuva_24h": 0.0, "chuva_72h": 0.3, "fonte_estacao": "openmeteo", "codigo_estacao": "openmeteo", "nome_estacao": "Open-Meteo (célula de grade)" }, "geometry": { "type": "Polygon", "coordinates": [ [ [ -35.304733166999938, -5.75947732381127 ], [ -35.305386176999946, -5.759224724811307 ], [ -35.305771672999981, -5.759099901811298 ], [ -35.305834769999933, -5.75934262281129 ], [ -35.305857586999942, -5.759464588811285 ], [ -35.305686949999938, -5.759519362811319 ], [ -35.305103766999935, -5.75974627781129 ], [ -35.304708788999967, -5.759889442811288 ], [ -35.304337748999956, -5.760023592811288 ], [ -35.30408437899996, -5.760116704811286 ], [ -35.303954429999976, -5.759749385811282 ], [ -35.304098341999975, -5.759706917811277 ], [ -35.304451816999972, -5.75957789781131 ], [ -35.304733166999938, -5.75947732381127 ] ] ] } },
{ "type": "Feature", "properties": { "num_setor": "RN_SAOGONC_SR_001_CPRM", "munic": "SÃO GONÇALO DO AMARANTE", "grau_risco": "Alto", "distancia_km": 1.43, "chuva_24h": 0.0, "chuva_72h": 0.0, "fonte_estacao": "openmeteo", "codigo_estacao": "openmeteo", "nome_estacao": "Open-Meteo (célula de grade)" }, "geometry": { "type": "Polygon", "coordinates": [ [ [ -35.313322605999929, -5.803781133809862 ], [ -35.313352790999943, -5.803731331809826 ], [ -35.313380074999941, -5.803661946809873 ], [ -35.31340001999996, -5.803582912809867 ], [ -35.313394745999972, -5.803501414809885 ], [ -35.313417944999969, -5.803436728809855 ], [ -35.313466158999972, -5.803390109809865 ], [ -35.313549728999931, -5.803369406809852 ], [ -35.313628989999984, -5.803352159809894 ], [ -35.31369607299996, -5.803360995809901 ], [ -35.313822620999929, -5.803442257809875 ], [ -35.313906639999971, -5.80351899580989 ], [ -35.313965806999931, -5.803573072809849 ], [ -35.31400894799998, -5.803620308809844 ], [ -35.314027519999968, -5.803669221809845 ], [ -35.314005454999965, -5.80372343780987 ], [ -35.313977369999975, -5.80381004480988 ], [ -35.313928076999964, -5.803900841809861 ], [ -35.31387204899994, -5.80401367680984 ], [ -35.313814493999985, -5.804114927809826 ], [ -35.313756847999969, -5.804134792809841 ], [ -35.31370006099997, -5.804187614809817 ], [ -35.313603606999955, -5.804245237809859 ], [ -35.313548950999973, -5.804277201809861 ], [ -35.313448699999981, -5.804276065809829 ], [ -35.313371448999931, -5.804161099809821 ], [ -35.313309473999936, -5.804075408809841 ], [ -35.313195450999956, -5.803996162809866 ], [ -35.313133126999958, -5.803949143809836 ], [ -35.31310732399993, -5.803920222809873 ], [ -35.313099205999947, -5.803891592809845 ], [ -35.313097103999951, -5.803858032809822 ], [ -35.313112252999929, -5.803842158809843 ], [ -35.313126893999936, -5.803836867809857 ], [ -35.313174730999947, -5.803832010809844 ], [ -35.313215201999981, -5.803826906809871 ], [ -35.31327410799998, -5.803818234809841 ], [ -35.313322605999929, -5.803781133809862 ] ] ] } },
{ "type": "Feature", "properties": { "num_setor": "RN_SAOGONC_SR_003_CPRM", "munic": "SÃO GONÇALO DO AMARANTE", "grau_risco": "Alto", "distancia_km": 0.37, "chuva_24h": 0.0, "chuva_72h": 0.4, "fonte_estacao": "openmeteo", "codigo_estacao": "openmeteo", "nome_estacao": "Open-Meteo (célula de grade)" }, "geometry": { "type": "Polygon", "coordinates": [ [ [ -35.328634018999935, -5.834424435808862 ], [ -35.328742622999982, -5.834661666808886 ], [ -35.328596610999966, -5.834812393808832 ], [ -35.328456485999936, -5.834909948808845 ], [ -35.328437773999951, -5.834909624808868 ], [ -35.328371239999967, -5.834837323808875 ], [ -35.328328667999983, -5.834785692808855 ], [ -35.328266813999967, -5.834712435808863 ], [ -35.32825874699995, -5.834684990808866 ], [ -35.32821662799995, -5.834629814808874 ], [ -35.328191480999983, -5.83460239480884 ], [ -35.328161789999967, -5.834573392808879 ], [ -35.328109505999976, -5.834523684808879 ], [ -35.328024567999933, -5.834435401808851 ], [ -35.328067620999946, -5.834395017808866 ], [ -35.328119996999924, -5.83434536480885 ], [ -35.328181539999946, -5.834309723808895 ], [ -35.328286341999956, -5.834214126808857 ], [ -35.328362525999978, -5.834156358808885 ], [ -35.328427760999944, -5.834131608808863 ], [ -35.328493701999946, -5.834128347808897 ], [ -35.328526502999985, -5.834179686808885 ], [ -35.328634018999935, -5.834424435808862 ] ] ] } },
{ "type": "Feature", "properties": { "num_setor": "RN_SAOGONC_SR_008_CPRM", "munic": "SÃO GONÇALO DO AMARANTE", "grau_risco": "Alto", "distancia_km": 1.64, "chuva_24h": 0.0, "chuva_72h": 0.0, "fonte_estacao": "openmeteo", "codigo_estacao": "openmeteo", "nome_estacao": "Open-Meteo (célula de grade)" }, "geometry": { "type": "Polygon", "coordinates": [ [ [ -35.292328021999936, -5.795873695810102 ], [ -35.292340740999975, -5.795732702810105 ], [ -35.292444911999951, -5.795737232810115 ], [ -35.292460763999941, -5.795644383810123 ], [ -35.292562670999978, -5.795657971810123 ], [ -35.292642685999965, -5.795670804810095 ], [ -35.29263438299995, -5.795735722810115 ], [ -35.292610557999978, -5.79588529181014 ], [ -35.292602235999937, -5.795941811810121 ], [ -35.292328021999936, -5.795873695810102 ] ] ] } },
{ "type": "Feature", "properties": { "num_setor": "RN_SAOGONC_SR_005_CPRM", "munic": "SÃO GONÇALO DO AMARANTE", "grau_risco": "Alto", "distancia_km": 1.51, "chuva_24h": 0.0, "chuva_72h": 0.0, "fonte_estacao": "openmeteo", "codigo_estacao": "openmeteo", "nome_estacao": "Open-Meteo (célula de grade)" }, "geometry": { "type": "Polygon", "coordinates": [ [ [ -35.251631879999934, -5.77807950281069 ], [ -35.25171794299996, -5.778394463810696 ], [ -35.251824147999969, -5.778811709810666 ], [ -35.252094520999947, -5.77898701681067 ], [ -35.252851671999956, -5.779082346810625 ], [ -35.253660393999944, -5.778941695810649 ], [ -35.254079990999969, -5.778872932810654 ], [ -35.254844955999943, -5.778651798810649 ], [ -35.255504434999978, -5.778477547810676 ], [ -35.256090464999943, -5.778356431810679 ], [ -35.256960914999979, -5.778123575810662 ], [ -35.25740707999995, -5.778011055810708 ], [ -35.258051936999948, -5.777778965810714 ], [ -35.258617003999973, -5.777636789810725 ], [ -35.259143952999978, -5.777463439810719 ], [ -35.259611214999957, -5.777309505810695 ], [ -35.260160520999925, -5.777164165810739 ], [ -35.261031611999954, -5.776987812810713 ], [ -35.261607893999958, -5.776883250810733 ], [ -35.261653724999974, -5.777089152810731 ], [ -35.261508165999935, -5.777420898810693 ], [ -35.261439840999969, -5.777596892810704 ], [ -35.261019879999935, -5.777725955810673 ], [ -35.260504324999943, -5.777853355810726 ], [ -35.259908917999951, -5.778079178810712 ], [ -35.259629046999976, -5.778216100810676 ], [ -35.259195455999929, -5.778360001810668 ], [ -35.258786083999958, -5.778478470810696 ], [ -35.25829349199995, -5.778576291810692 ], [ -35.257785018999982, -5.778646344810686 ], [ -35.257451152999977, -5.778716715810673 ], [ -35.257144377999964, -5.778832492810639 ], [ -35.256188017999939, -5.779030916810644 ], [ -35.255663555999945, -5.779247546810653 ], [ -35.255128510999953, -5.779323293810632 ], [ -35.254869756999938, -5.779403323810619 ], [ -35.254860784999948, -5.779544119810653 ], [ -35.254845946999978, -5.779701306810603 ], [ -35.254741559999957, -5.779817084810613 ], [ -35.254755535999948, -5.780024827810638 ], [ -35.254637518999971, -5.780079523810639 ], [ -35.254516913999964, -5.780098330810643 ], [ -35.254481542999933, -5.780016890810617 ], [ -35.254403900999932, -5.77985918481064 ], [ -35.254346789999943, -5.779661621810615 ], [ -35.254251202999967, -5.779571036810613 ], [ -35.25416476099997, -5.77951823781067 ], [ -35.25389923299997, -5.779605475810656 ], [ -35.25380830499995, -5.779745236810605 ], [ -35.253317602999971, -5.779855146810654 ], [ -35.253360564999973, -5.780036835810632 ], [ -35.253160763999979, -5.780207826810632 ], [ -35.252882129999932, -5.780292621810598 ], [ -35.252441068999929, -5.780334083810613 ], [ -35.252273015999947, -5.780301990810592 ], [ -35.251974173999933, -5.780106649810606 ], [ -35.251506130999928, -5.779726892810653 ], [ -35.251124820999962, -5.779397143810666 ], [ -35.251049320999982, -5.779233402810679 ], [ -35.250871440999958, -5.779009476810631 ], [ -35.250765496999968, -5.77872015081067 ], [ -35.250965612999941, -5.778214485810704 ], [ -35.251631879999934, -5.77807950281069 ] ] ] } },
{ "type": "Feature", "properties": { "num_setor": "RN_SAOGONC_SR_002_CPRM", "munic": "SÃO GONÇALO DO AMARANTE", "grau_risco": "Alto", "distancia_km": 1.37, "chuva_24h": 0.0, "chuva_72h": 0.0, "fonte_estacao": "openmeteo", "codigo_estacao": "openmeteo", "nome_estacao": "Open-Meteo (célula de grade)" }, "geometry": { "type": "Polygon", "coordinates": [ [ [ -35.313272374999947, -5.806609955809744 ], [ -35.313282084999969, -5.806549936809753 ], [ -35.313332763999931, -5.806534929809753 ], [ -35.313403791, -5.806549455809781 ], [ -35.313522984999963, -5.806603281809778 ], [ -35.313590112999982, -5.806669646809789 ], [ -35.31367367799993, -5.806768200809762 ], [ -35.313777121999976, -5.806864842809772 ], [ -35.313820012999933, -5.806972570809765 ], [ -35.313812137999946, -5.807079916809744 ], [ -35.313849142999963, -5.807228319809774 ], [ -35.313861833999965, -5.807362655809741 ], [ -35.313853713999947, -5.807454917809753 ], [ -35.313797057999977, -5.807572856809749 ], [ -35.313804473999937, -5.807690371809745 ], [ -35.313782989999936, -5.807812550809704 ], [ -35.313774121999984, -5.807915385809707 ], [ -35.313748355999962, -5.80805254980972 ], [ -35.313753478999956, -5.808183979809733 ], [ -35.313701565999963, -5.808249885809702 ], [ -35.313597432999984, -5.808319461809687 ], [ -35.313450027999977, -5.808329401809728 ], [ -35.313331215999945, -5.808331236809706 ], [ -35.313276703999975, -5.808297289809683 ], [ -35.31331332599995, -5.8082219788097 ], [ -35.313327393999934, -5.808143304809694 ], [ -35.313316995999969, -5.808060348809726 ], [ -35.313295310999933, -5.80786660780969 ], [ -35.313287818999981, -5.807645339809746 ], [ -35.313271456999985, -5.807324525809738 ], [ -35.313266945999935, -5.807079403809769 ], [ -35.313265799999954, -5.806933370809758 ], [ -35.313265340999983, -5.806724259809764 ], [ -35.313272374999947, -5.806609955809744 ] ] ] } },
{ "type": "Feature", "properties": { "num_setor": "RN_SAOGONC_SR_007_CPRM", "munic": "SÃO GONÇALO DO AMARANTE", "grau_risco": "Alto", "distancia_km": 2.01, "chuva_24h": 0.0, "chuva_72h": 0.0, "fonte_estacao": "openmeteo", "codigo_estacao": "openmeteo", "nome_estacao": "Open-Meteo (célula de grade)" }, "geometry": { "type": "Polygon", "coordinates": [ [ [ -35.28713204099995, -5.796526357810071 ], [ -35.287092873999939, -5.796289112810088 ], [ -35.287055656999947, -5.79584286581009 ], [ -35.287287494999937, -5.795818662810139 ], [ -35.287348213999962, -5.796088290810087 ], [ -35.287373690999971, -5.796319279810121 ], [ -35.287353308999968, -5.796438170810116 ], [ -35.287309149999935, -5.796526489810099 ], [ -35.287183464999941, -5.79655366481011 ], [ -35.28713204099995, -5.796526357810071 ] ] ] } },
{ "type": "Feature", "properties": { "num_setor": "RN_SAOGONC_SR_009_CPRM", "munic": "SÃO GONÇALO DO AMARANTE", "grau_risco": "Alto", "distancia_km": 1.8, "chuva_24h": 0.0, "chuva_72h": 0.0, "fonte_estacao": "openmeteo", "codigo_estacao": "openmeteo", "nome_estacao": "Open-Meteo (célula de grade)" }, "geometry": { "type": "Polygon", "coordinates": [ [ [ -35.30927610699996, -5.793913481810162 ], [ -35.309162877999938, -5.79394216681017 ], [ -35.309108527999967, -5.793883286810196 ], [ -35.309088900999939, -5.793816858810173 ], [ -35.30907002899994, -5.79375269581018 ], [ -35.309017943999947, -5.793600213810209 ], [ -35.309030021999945, -5.793542088810203 ], [ -35.309046628999965, -5.793526991810192 ], [ -35.309110791999956, -5.793509629810192 ], [ -35.309177974999955, -5.79354359881021 ], [ -35.309238363999953, -5.79368702281019 ], [ -35.309262519999947, -5.793774586810197 ], [ -35.30927610699996, -5.793913481810162 ] ] ] } },
{ "type": "Feature", "properties": { "num_setor": "RN_PARNAMI_SR_005_CPRM", "munic": "PARNAMIRIM", "grau_risco": "Alto", "distancia_km": 1.36, "chuva_24h": 0.0, "chuva_72h": 0.2, "fonte_estacao": "openmeteo", "codigo_estacao": "openmeteo", "nome_estacao": "Open-Meteo (célula de grade)" }, "geometry": { "type": "Polygon", "coordinates": [ [ [ -35.279644030999975, -5.934816645805615 ], [ -35.279124181999983, -5.934714979805647 ], [ -35.278791398999942, -5.93464333080564 ], [ -35.278710674999957, -5.934529074805624 ], [ -35.278610769999943, -5.934507381805616 ], [ -35.278481223999961, -5.934463120805651 ], [ -35.278373166999984, -5.93443118780565 ], [ -35.278310920999957, -5.93441643480563 ], [ -35.278269979999948, -5.934362423805655 ], [ -35.278155725999966, -5.934345648805656 ], [ -35.27809119099993, -5.934345603805618 ], [ -35.277772216999949, -5.934349491805649 ], [ -35.277777097999945, -5.934215008805645 ], [ -35.277691895999965, -5.934167910805666 ], [ -35.277423032999934, -5.934147146805671 ], [ -35.277144558999964, -5.934088887805657 ], [ -35.276915066999955, -5.934001749805635 ], [ -35.276920691999976, -5.933876770805676 ], [ -35.276971853999953, -5.933880656805679 ], [ -35.27727072699998, -5.933924492805652 ], [ -35.277544741999968, -5.93392306180566 ], [ -35.27796196099996, -5.933923450805639 ], [ -35.27812892399993, -5.933984211805626 ], [ -35.278239166999981, -5.934118189805634 ], [ -35.278554822999979, -5.93423899580567 ], [ -35.278785330999931, -5.934234662805616 ], [ -35.278942194999964, -5.934184168805626 ], [ -35.279061694999939, -5.934209415805627 ], [ -35.279415780999948, -5.934535947805643 ], [ -35.279749477999921, -5.934579937805632 ], [ -35.280139713, -5.934666028805647 ], [ -35.280473901999983, -5.934732740805625 ], [ -35.280664351999974, -5.934765198805639 ], [ -35.281157017999931, -5.934777984805598 ], [ -35.281476680999958, -5.934872442805631 ], [ -35.281509740999986, -5.934940452805634 ], [ -35.281516728999975, -5.935026426805632 ], [ -35.281481943999957, -5.935131796805599 ], [ -35.281412207999949, -5.935191374805592 ], [ -35.281193910999946, -5.93517740480559 ], [ -35.280745690999929, -5.935078990805615 ], [ -35.280390809999972, -5.934974642805645 ], [ -35.280035660999943, -5.934889339805601 ], [ -35.279644030999975, -5.934816645805615 ] ] ] } },
{ "type": "Feature", "properties": { "num_setor": "RN_PARNAMI_SR_003_CPRM", "munic": "PARNAMIRIM", "grau_risco": "Alto", "distancia_km": 1.91, "chuva_24h": 0.0, "chuva_72h": 0.2, "fonte_estacao": "openmeteo", "codigo_estacao": "openmeteo", "nome_estacao": "Open-Meteo (célula de grade)" }, "geometry": { "type": "Polygon", "coordinates": [ [ [ -35.254249045999984, -5.937052478805531 ], [ -35.254250157999927, -5.937110863805573 ], [ -35.254133387999957, -5.93711753680555 ], [ -35.254133387999957, -5.937059151805563 ], [ -35.254249045999984, -5.937052478805531 ] ] ] } },
{ "type": "Feature", "properties": { "num_setor": "RN_PARNAMI_SR_002_CPRM", "munic": "PARNAMIRIM", "grau_risco": "Muito alto", "distancia_km": 1.81, "chuva_24h": 0.0, "chuva_72h": 0.2, "fonte_estacao": "openmeteo", "codigo_estacao": "openmeteo", "nome_estacao": "Open-Meteo (célula de grade)" }, "geometry": { "type": "Polygon", "coordinates": [ [ [ -35.252759243999954, -5.937297234805555 ], [ -35.252684, -5.937280811805518 ], [ -35.252618145999975, -5.937265671805564 ], [ -35.252655458999982, -5.937171819805542 ], [ -35.252690422999933, -5.93718355280555 ], [ -35.252728049999973, -5.937194982805526 ], [ -35.252765673999932, -5.937207407805542 ], [ -35.252801415999947, -5.937216971805523 ], [ -35.252828606999969, -5.937224346805525 ], [ -35.252845659999942, -5.937229274805528 ], [ -35.252854696999975, -5.937231382805516 ], [ -35.252858292999974, -5.937239310805527 ], [ -35.252855896999954, -5.937248520805554 ], [ -35.252852496999935, -5.937257206805548 ], [ -35.252847989999964, -5.937266820805574 ], [ -35.252843406999943, -5.937277992805547 ], [ -35.252836817999942, -5.937289883805533 ], [ -35.25283146899995, -5.937300502805553 ], [ -35.252759243999954, -5.937297234805555 ] ] ] } },
{ "type": "Feature", "properties": { "num_setor": "RN_PARNAMI_SR_004_CPRM", "munic": "PARNAMIRIM", "grau_risco": "Alto", "distancia_km": 1.06, "chuva_24h": 0.0, "chuva_72h": 0.2, "fonte_estacao": "openmeteo", "codigo_estacao": "openmeteo", "nome_estacao": "Open-Meteo (célula de grade)" }, "geometry": { "type": "Polygon", "coordinates": [ [ [ -35.276030941999977, -5.933616677805677 ], [ -35.275942344999976, -5.933613404805673 ], [ -35.275940437999964, -5.933659579805632 ], [ -35.275737472999936, -5.933638170805635 ], [ -35.275745088999948, -5.933503914805677 ], [ -35.275859759999953, -5.933509238805649 ], [ -35.27595366099996, -5.933510950805675 ], [ -35.276031212999953, -5.933512310805679 ], [ -35.276030941999977, -5.933616677805677 ] ] ] } },
{ "type": "Feature", "properties": { "num_setor": "RN_PARNAMI_SR_001_CPRM", "munic": "PARNAMIRIM", "grau_risco": "Muito alto", "distancia_km": 0.04, "chuva_24h": 0.0, "chuva_72h": 0.0, "fonte_estacao": "openmeteo", "codigo_estacao": "openmeteo", "nome_estacao": "Open-Meteo (célula de grade)" }, "geometry": { "type": "Polygon", "coordinates": [ [ [ -35.123623541999962, -5.984045908804059 ], [ -35.123657310999931, -5.984105381804018 ], [ -35.123694594999961, -5.984097681804053 ], [ -35.123752155999966, -5.984129779804016 ], [ -35.123778214999959, -5.984146888804006 ], [ -35.123848256999963, -5.984153752804007 ], [ -35.123909509999976, -5.984164848804048 ], [ -35.123993765999955, -5.984161584804061 ], [ -35.12406171799995, -5.984170135804015 ], [ -35.124090768999963, -5.984201923804015 ], [ -35.123971910999948, -5.984256111804044 ], [ -35.123958447999932, -5.98424399080405 ], [ -35.123932707999984, -5.984200856804041 ], [ -35.123879516999978, -5.984214914804015 ], [ -35.123678969999958, -5.984285787804043 ], [ -35.123655755999955, -5.984245582804034 ], [ -35.123623248999934, -5.984187363804057 ], [ -35.123572065999952, -5.984069613804047 ], [ -35.123623541999962, -5.984045908804059 ] ] ] } },
{ "type": "Feature", "properties": { "num_setor": "RN_CAICO_SR_002_CPRM", "munic": "CAICÓ", "grau_risco": "Alto", "distancia_km": 2.32, "chuva_24h": 0.0, "chuva_72h": 0.0, "fonte_estacao": "openmeteo", "codigo_estacao": "openmeteo", "nome_estacao": "Open-Meteo (célula de grade)" }, "geometry": { "type": "Polygon", "coordinates": [ [ [ -37.090298299999972, -6.443236854789251 ], [ -37.090114728999936, -6.443326369789258 ], [ -37.089951581999969, -6.443057001789236 ], [ -37.089904582999964, -6.442946382789236 ], [ -37.089673733, -6.443034626789282 ], [ -37.089516616999958, -6.442726525789256 ], [ -37.089338784999946, -6.442805461789276 ], [ -37.089150504999964, -6.442802211789258 ], [ -37.088927866999938, -6.442737901789291 ], [ -37.088814341999978, -6.442577012789261 ], [ -37.088782767999938, -6.44245419878926 ], [ -37.088792518999981, -6.442348099789267 ], [ -37.088836395999977, -6.442257091789308 ], [ -37.088954564999938, -6.442263359789299 ], [ -37.089146790999962, -6.442310953789264 ], [ -37.089412610999943, -6.442397318789274 ], [ -37.089664532999961, -6.442472164789289 ], [ -37.090133032999965, -6.442619066789266 ], [ -37.09013596799997, -6.442789846789282 ], [ -37.090298299999972, -6.443236854789251 ] ] ] } },
{ "type": "Feature", "properties": { "num_setor": "RN_CAICO_SR_006_CPRM", "munic": "CAICÓ", "grau_risco": "Alto", "distancia_km": 0.92, "chuva_24h": 0.0, "chuva_72h": 0.0, "fonte_estacao": "openmeteo", "codigo_estacao": "openmeteo", "nome_estacao": "Open-Meteo (célula de grade)" }, "geometry": { "type": "Polygon", "coordinates": [ [ [ -37.098716968999959, -6.452724939788931 ], [ -37.098170087999968, -6.452843829788936 ], [ -37.097829887999978, -6.45293528378896 ], [ -37.096978776999947, -6.453091365788949 ], [ -37.096236798999932, -6.453192574788922 ], [ -37.095725278999964, -6.45355595278894 ], [ -37.095242413999976, -6.453859580788913 ], [ -37.094969277999958, -6.454049804788903 ], [ -37.094601031999957, -6.454121139788866 ], [ -37.094437638999977, -6.453910794788912 ], [ -37.094685167999955, -6.453542539788907 ], [ -37.095130842999936, -6.453296832788938 ], [ -37.095556397999928, -6.453082830788937 ], [ -37.096020972999952, -6.452881021788915 ], [ -37.096345320999944, -6.452746888788955 ], [ -37.096995847999956, -6.45253654378894 ], [ -37.097640834999936, -6.452407288788952 ], [ -37.098568154999953, -6.452122561788957 ], [ -37.099249164999947, -6.451859174788999 ], [ -37.099388171999983, -6.452092076788986 ], [ -37.099366223999937, -6.452332296788945 ], [ -37.099119965999932, -6.452588368788954 ], [ -37.098716968999959, -6.452724939788931 ] ] ] } },
{ "type": "Feature", "properties": { "num_setor": "RN_CAICO_SR_007_CPRM", "munic": "CAICÓ", "grau_risco": "Alto", "distancia_km": 1.26, "chuva_24h": 0.0, "chuva_72h": 0.0, "fonte_estacao": "openmeteo", "codigo_estacao": "openmeteo", "nome_estacao": "Open-Meteo (célula de grade)" }, "geometry": { "type": "Polygon", "coordinates": [ [ [ -37.09469801299997, -6.456513025788795 ], [ -37.094480435999969, -6.456646162788828 ], [ -37.094165110999938, -6.45681084278883 ], [ -37.093933280999977, -6.457046978788778 ], [ -37.093729508999964, -6.457172452788791 ], [ -37.093540372999939, -6.457371943788774 ], [ -37.09340389099998, -6.457554056788761 ], [ -37.093190597999978, -6.457770468788799 ], [ -37.093084912999984, -6.457998862788767 ], [ -37.092830764999974, -6.458173986788768 ], [ -37.092615879999983, -6.458325337788763 ], [ -37.092265806999933, -6.458522160788767 ], [ -37.09197667899997, -6.458639642788775 ], [ -37.091653653999963, -6.458899033788748 ], [ -37.09139506899993, -6.459013441788747 ], [ -37.09104545699995, -6.459115351788753 ], [ -37.090761659999941, -6.459047979788771 ], [ -37.090698910999947, -6.458726080788747 ], [ -37.090726815999972, -6.458418393788784 ], [ -37.090888768999946, -6.458165699788757 ], [ -37.091148812999954, -6.457892516788775 ], [ -37.091408005999938, -6.457619359788802 ], [ -37.091699436999932, -6.457370310788823 ], [ -37.09201928899995, -6.457159531788785 ], [ -37.092317900999944, -6.456991114788794 ], [ -37.092606197999942, -6.456791951788807 ], [ -37.092903702999941, -6.456642718788808 ], [ -37.093578179999952, -6.456368172788809 ], [ -37.093804668999951, -6.456193055788843 ], [ -37.094132074999948, -6.456061194788845 ], [ -37.094370645999966, -6.456028687788834 ], [ -37.094629988999941, -6.455966174788845 ], [ -37.094924666999923, -6.455972780788842 ], [ -37.094982778999963, -6.45613141178882 ], [ -37.09469801299997, -6.456513025788795 ] ] ] } },
{ "type": "Feature", "properties": { "num_setor": "RN_CAICO_SR_003_CPRM", "munic": "CAICÓ", "grau_risco": "Alto", "distancia_km": 2.01, "chuva_24h": 0.0, "chuva_72h": 0.0, "fonte_estacao": "openmeteo", "codigo_estacao": "openmeteo", "nome_estacao": "Open-Meteo (célula de grade)" }, "geometry": { "type": "Polygon", "coordinates": [ [ [ -37.092444680999961, -6.445903210789184 ], [ -37.092374005999943, -6.446055315789165 ], [ -37.09214990199996, -6.446101104789172 ], [ -37.09208602699993, -6.446052628789155 ], [ -37.092008804999978, -6.445854958789185 ], [ -37.091900090999957, -6.445493471789176 ], [ -37.091653812999937, -6.445534915789153 ], [ -37.091542426999979, -6.445582567789179 ], [ -37.091435166999922, -6.445611163789181 ], [ -37.091296565999983, -6.445563419789147 ], [ -37.091166504999933, -6.445410746789157 ], [ -37.091057379999945, -6.445244042789177 ], [ -37.090993631999936, -6.445148003789208 ], [ -37.090913787999966, -6.445013802789179 ], [ -37.090857224999979, -6.444896096789209 ], [ -37.090797649999963, -6.44470286578919 ], [ -37.090741936999962, -6.444531634789231 ], [ -37.090659060999947, -6.444387872789188 ], [ -37.090571220999948, -6.444170042789195 ], [ -37.090473906999932, -6.44396846578922 ], [ -37.090280075999942, -6.443756301789215 ], [ -37.090239590999943, -6.443657588789222 ], [ -37.09048592299996, -6.443551806789238 ], [ -37.090733856999975, -6.443920765789239 ], [ -37.090862973999947, -6.443949565789236 ], [ -37.091065232999945, -6.443861490789227 ], [ -37.09148149899994, -6.443772288789256 ], [ -37.091648635999945, -6.443884259789225 ], [ -37.091736766999929, -6.444089060789216 ], [ -37.091824976999938, -6.444337739789241 ], [ -37.091914782999943, -6.444621773789183 ], [ -37.092021836999947, -6.444918182789213 ], [ -37.092155855999977, -6.445150888789163 ], [ -37.092232810999974, -6.445269013789193 ], [ -37.092343289, -6.445446164789193 ], [ -37.092427627999939, -6.445685866789172 ], [ -37.092444680999961, -6.445903210789184 ] ] ] } },
{ "type": "Feature", "properties": { "num_setor": "RN_CAICO_SR_012_CPRM", "munic": "CAICÓ", "grau_risco": "Alto", "distancia_km": 0.49, "chuva_24h": 0.0, "chuva_72h": 0.0, "fonte_estacao": "openmeteo", "codigo_estacao": "openmeteo", "nome_estacao": "Open-Meteo (célula de grade)" }, "geometry": { "type": "Polygon", "coordinates": [ [ [ -37.049975544999938, -6.250216596795468 ], [ -37.050075914999979, -6.250405643795455 ], [ -37.050192296999967, -6.250637702795433 ], [ -37.050263238999946, -6.250846600795467 ], [ -37.050241225999969, -6.251076814795452 ], [ -37.050151479999954, -6.251270701795415 ], [ -37.049812439999982, -6.251404569795448 ], [ -37.049371798999971, -6.251498144795437 ], [ -37.04906025899993, -6.251350330795436 ], [ -37.048872823999943, -6.251071630795425 ], [ -37.048821195999956, -6.250830423795444 ], [ -37.048752512999954, -6.250537207795463 ], [ -37.048632791999978, -6.250237144795472 ], [ -37.048508405999939, -6.249927239795491 ], [ -37.048402633999956, -6.249653995795473 ], [ -37.048305428999988, -6.249437404795511 ], [ -37.048185477999937, -6.249122922795499 ], [ -37.048182043999923, -6.248907988795525 ], [ -37.048370496999951, -6.248714327795502 ], [ -37.04868006099997, -6.248625550795529 ], [ -37.048981375999972, -6.248584680795513 ], [ -37.049154884999943, -6.248640500795514 ], [ -37.049297024999923, -6.248763978795481 ], [ -37.049514847999944, -6.249167490795523 ], [ -37.049689190999963, -6.249472991795466 ], [ -37.049883206999937, -6.24996612379548 ], [ -37.049975544999938, -6.250216596795468 ] ] ] } },
{ "type": "Feature", "properties": { "num_setor": "RN_CAICO_SR_011_CPRM", "munic": "CAICÓ", "grau_risco": "Alto", "distancia_km": 0.8, "chuva_24h": 0.0, "chuva_72h": 0.0, "fonte_estacao": "openmeteo", "codigo_estacao": "openmeteo", "nome_estacao": "Open-Meteo (célula de grade)" }, "geometry": { "type": "Polygon", "coordinates": [ [ [ -37.109502448999933, -6.459411833788755 ], [ -37.109526525999961, -6.459530965788704 ], [ -37.109616460999966, -6.459727061788721 ], [ -37.109814846999939, -6.459849972788721 ], [ -37.110018992999983, -6.459942177788711 ], [ -37.110282898999962, -6.460057769788689 ], [ -37.11045110799995, -6.460112416788702 ], [ -37.110667050999957, -6.460200931788718 ], [ -37.110839987999945, -6.460276928788721 ], [ -37.110940967999973, -6.460209053788711 ], [ -37.111079669999981, -6.460143123788707 ], [ -37.111118943999941, -6.460162555788696 ], [ -37.111201344999984, -6.46032406878872 ], [ -37.111294510999983, -6.46044591078871 ], [ -37.111404363999952, -6.460470573788685 ], [ -37.111591458999953, -6.460510288788694 ], [ -37.111765744999957, -6.460538293788683 ], [ -37.111930546999929, -6.460496234788678 ], [ -37.111909944999987, -6.460382827788726 ], [ -37.112023938999982, -6.460332502788708 ], [ -37.11216871299996, -6.460678434788716 ], [ -37.111929403999966, -6.460771001788677 ], [ -37.111930575999956, -6.460846874788691 ], [ -37.111915813999929, -6.460923131788679 ], [ -37.11171828799997, -6.461042931788668 ], [ -37.111780438999972, -6.461179856788653 ], [ -37.111645647999978, -6.461266729788691 ], [ -37.111571928999979, -6.4611653557887 ], [ -37.111493347999961, -6.461078536788659 ], [ -37.111618583999984, -6.460961301788661 ], [ -37.111828682999942, -6.460863746788693 ], [ -37.11180828199997, -6.460741106788667 ], [ -37.111737652999977, -6.460745622788712 ], [ -37.111567812999965, -6.460759636788701 ], [ -37.111337149999947, -6.460784370788667 ], [ -37.111237240999969, -6.460723340788683 ], [ -37.111172642999975, -6.460629024788684 ], [ -37.111108909999984, -6.460549769788684 ], [ -37.110971559999939, -6.460614248788687 ], [ -37.110855034999929, -6.460725471788709 ], [ -37.110737168999947, -6.460672558788669 ], [ -37.110596326999939, -6.460591454788664 ], [ -37.110369050999957, -6.46044019178871 ], [ -37.11018384099998, -6.460367666788704 ], [ -37.110048836999958, -6.460306235788695 ], [ -37.109916494999936, -6.460207524788683 ], [ -37.109714252999936, -6.460215820788709 ], [ -37.109615441999949, -6.460265610788704 ], [ -37.109565968999959, -6.46038148778868 ], [ -37.109538620999956, -6.460527923788704 ], [ -37.109554383999978, -6.460709793788702 ], [ -37.109505909999946, -6.460880595788708 ], [ -37.109412278999969, -6.46109064478868 ], [ -37.109274466999977, -6.461321193788651 ], [ -37.109119534999934, -6.461570354788639 ], [ -37.109025276999951, -6.461782529788639 ], [ -37.109230247999953, -6.462188953788626 ], [ -37.109352350999984, -6.462440366788623 ], [ -37.109610626999938, -6.462731848788633 ], [ -37.109734492999962, -6.463063762788638 ], [ -37.109946656999966, -6.463312222788598 ], [ -37.110113817999945, -6.463517171788616 ], [ -37.110343236999938, -6.463708706788607 ], [ -37.110697575999957, -6.463658646788573 ], [ -37.11101649099993, -6.463633940788594 ], [ -37.111311770999976, -6.463828542788617 ], [ -37.111533803999976, -6.463855366788585 ], [ -37.111786255999959, -6.463978789788572 ], [ -37.112098538999923, -6.464285342788593 ], [ -37.112411510999948, -6.464659323788577 ], [ -37.112652010999966, -6.464937465788579 ], [ -37.11263908799998, -6.465094884788523 ], [ -37.112480640999934, -6.465081363788554 ], [ -37.112221140999964, -6.464820572788546 ], [ -37.11179221499998, -6.464522727788578 ], [ -37.111637832999975, -6.464416178788567 ], [ -37.111490832999948, -6.464333353788575 ], [ -37.111377350999931, -6.464245481788588 ], [ -37.110858922999974, -6.46402384178859 ], [ -37.110457537999935, -6.464078605788558 ], [ -37.110433150999938, -6.464242226788568 ], [ -37.110195655999973, -6.464449556788586 ], [ -37.109880990999955, -6.464619737788563 ], [ -37.109756928999957, -6.464508139788578 ], [ -37.109672007999961, -6.464415110788552 ], [ -37.109569447999945, -6.464250148788572 ], [ -37.109522236999965, -6.464110566788603 ], [ -37.109486171999947, -6.464063297788554 ], [ -37.109453947999953, -6.464009869788558 ], [ -37.109454180999933, -6.463959113788605 ], [ -37.109412328999952, -6.463897316788605 ], [ -37.109400211999976, -6.463854275788582 ], [ -37.10939660799994, -6.463794845788564 ], [ -37.109445342999948, -6.463625355788607 ], [ -37.109425137999956, -6.463375902788576 ], [ -37.109123136999983, -6.462962448788638 ], [ -37.109031895999969, -6.462809712788622 ], [ -37.108932153999945, -6.462706221788619 ], [ -37.108837181999952, -6.462554532788619 ], [ -37.108871229999977, -6.462444654788635 ], [ -37.10866572599997, -6.462041929788634 ], [ -37.108580907999965, -6.461842756788641 ], [ -37.10863977899993, -6.461753965788652 ], [ -37.108620745999929, -6.461585358788672 ], [ -37.108660232999966, -6.461524561788677 ], [ -37.108729388999961, -6.461349989788689 ], [ -37.108853138999962, -6.461165074788665 ], [ -37.108893154999976, -6.461069520788683 ], [ -37.108965809999972, -6.460921254788695 ], [ -37.108954826999934, -6.460755587788658 ], [ -37.108965646999934, -6.460544948788677 ], [ -37.108883404999972, -6.460425384788698 ], [ -37.108907050999953, -6.460318016788712 ], [ -37.108863880999934, -6.46019621278871 ], [ -37.108794226999976, -6.459923000788694 ], [ -37.108856169999967, -6.459699565788695 ], [ -37.108808194999938, -6.45951464778875 ], [ -37.108698474999983, -6.459314571788703 ], [ -37.108470838999949, -6.459004295788722 ], [ -37.108373632999985, -6.458494492788741 ], [ -37.108443806999958, -6.458136866788768 ], [ -37.108494696999969, -6.457994747788802 ], [ -37.108557171999962, -6.457950807788787 ], [ -37.108653286999981, -6.457900355788751 ], [ -37.108852936999945, -6.457893480788758 ], [ -37.108951950999938, -6.457952012788781 ], [ -37.108997453999969, -6.458062657788782 ], [ -37.109083338999937, -6.458127720788744 ], [ -37.109156500999973, -6.458158856788765 ], [ -37.109177854999984, -6.458242087788776 ], [ -37.109334700999966, -6.458448177788774 ], [ -37.109391684999935, -6.458704277788772 ], [ -37.109446801999987, -6.458894583788746 ], [ -37.109501286999937, -6.459047023788759 ], [ -37.10948923199993, -6.459136322788726 ], [ -37.109488718999955, -6.459267780788722 ], [ -37.109502448999933, -6.459411833788755 ] ] ] } },
{ "type": "Feature", "properties": { "num_setor": "RN_CAICO_SR_005_CPRM", "munic": "CAICÓ", "grau_risco": "Alto", "distancia_km": 1.62, "chuva_24h": 0.0, "chuva_72h": 0.0, "fonte_estacao": "openmeteo", "codigo_estacao": "openmeteo", "nome_estacao": "Open-Meteo (célula de grade)" }, "geometry": { "type": "Polygon", "coordinates": [ [ [ -37.097960353999945, -6.443334034789259 ], [ -37.098145750999947, -6.443682260789221 ], [ -37.098272005999945, -6.44400641778923 ], [ -37.09846099799995, -6.444503740789201 ], [ -37.098554102999962, -6.444827200789198 ], [ -37.098581463999949, -6.445134642789196 ], [ -37.098623810999982, -6.445365586789197 ], [ -37.098555700999952, -6.445511563789177 ], [ -37.09844232599994, -6.445858118789194 ], [ -37.098360595999964, -6.446109761789139 ], [ -37.098221562999981, -6.446306913789128 ], [ -37.09780852199998, -6.446410101789154 ], [ -37.097512018999964, -6.446144816789154 ], [ -37.097448219999933, -6.445801465789189 ], [ -37.097471668999958, -6.445310633789183 ], [ -37.097412547999966, -6.444842728789205 ], [ -37.097374768999941, -6.444520744789231 ], [ -37.097272692999979, -6.444154911789198 ], [ -37.097239871999932, -6.443773283789255 ], [ -37.097148687999955, -6.443379397789231 ], [ -37.097087646999974, -6.443015904789233 ], [ -37.097126615999969, -6.442775823789277 ], [ -37.097261620999966, -6.442569303789276 ], [ -37.097558359999944, -6.442649422789293 ], [ -37.097833067999943, -6.442973634789236 ], [ -37.097960353999945, -6.443334034789259 ] ] ] } },
{ "type": "Feature", "properties": { "num_setor": "RN_CAICO_SR_004_CPRM", "munic": "CAICÓ", "grau_risco": "Alto", "distancia_km": 1.62, "chuva_24h": 0.0, "chuva_72h": 0.0, "fonte_estacao": "openmeteo", "codigo_estacao": "openmeteo", "nome_estacao": "Open-Meteo (célula de grade)" }, "geometry": { "type": "Polygon", "coordinates": [ [ [ -37.094714278999966, -6.446370087789176 ], [ -37.094314507999961, -6.445860855789177 ], [ -37.093526166999936, -6.446151241789132 ], [ -37.093120109999973, -6.44624989178917 ], [ -37.092702848999977, -6.446365427789177 ], [ -37.092512007999972, -6.446116880789174 ], [ -37.092756129999941, -6.44594500478915 ], [ -37.093494560999943, -6.44575512778919 ], [ -37.094273804999943, -6.445087499789177 ], [ -37.094705255999941, -6.445242170789191 ], [ -37.095096004999959, -6.445323576789182 ], [ -37.095486752999932, -6.445803870789166 ], [ -37.09603217199998, -6.445852714789156 ], [ -37.09647990399997, -6.445901558789145 ], [ -37.09714087499998, -6.446029072789186 ], [ -37.097434735999968, -6.447172744789105 ], [ -37.097168672999942, -6.447303790789135 ], [ -37.096786391999956, -6.446562203789163 ], [ -37.096113983999942, -6.44655191178915 ], [ -37.095304350999982, -6.44654505078912 ], [ -37.094714278999966, -6.446370087789176 ] ] ] } },
{ "type": "Feature", "properties": { "num_setor": "RN_CAICO_SR_010_CPRM", "munic": "CAICÓ", "grau_risco": "Alto", "distancia_km": 0.7, "chuva_24h": 0.0, "chuva_72h": 0.0, "fonte_estacao": "openmeteo", "codigo_estacao": "openmeteo", "nome_estacao": "Open-Meteo (célula de grade)" }, "geometry": { "type": "Polygon", "coordinates": [ [ [ -37.104683585999965, -6.463372952788625 ], [ -37.104699435999969, -6.463404365788614 ], [ -37.104715476999957, -6.463420263788627 ], [ -37.10472421299994, -6.463481993788592 ], [ -37.104650263999922, -6.46349139878861 ], [ -37.104644916999973, -6.463456213788605 ], [ -37.104641622999964, -6.463410715788588 ], [ -37.104636323999955, -6.463361207788633 ], [ -37.104615305999971, -6.463323561788623 ], [ -37.104613522999955, -6.463240992788592 ], [ -37.104714792999971, -6.463204035788632 ], [ -37.104720590999932, -6.463270468788601 ], [ -37.104681467999967, -6.463287941788619 ], [ -37.104667020999955, -6.463312368788587 ], [ -37.104662484999956, -6.463341490788586 ], [ -37.104683585999965, -6.463372952788625 ] ] ] } },
{ "type": "Feature", "properties": { "num_setor": "RN_CAICO_SR_001_CPRM", "munic": "CAICÓ", "grau_risco": "Alto", "distancia_km": 0.63, "chuva_24h": 0.0, "chuva_72h": 0.0, "fonte_estacao": "openmeteo", "codigo_estacao": "openmeteo", "nome_estacao": "Open-Meteo (célula de grade)" }, "geometry": { "type": "Polygon", "coordinates": [ [ [ -37.100204602999952, -6.457155354788787 ], [ -37.101117364999936, -6.456282479788849 ], [ -37.101699871999976, -6.456872763788823 ], [ -37.101798194999965, -6.457300688788812 ], [ -37.101615912999932, -6.457646425788777 ], [ -37.101720529999966, -6.457995230788744 ], [ -37.102090875999977, -6.458187177788759 ], [ -37.102332173999976, -6.458350315788767 ], [ -37.102598300999951, -6.458542405788744 ], [ -37.102687606999943, -6.458820658788766 ], [ -37.102659395999979, -6.459379718788747 ], [ -37.102492405999961, -6.459882476788715 ], [ -37.102442200999974, -6.460492515788672 ], [ -37.102330878999965, -6.460873495788708 ], [ -37.10227710099997, -6.461205596788669 ], [ -37.102158105999933, -6.461625415788653 ], [ -37.102163565999945, -6.461876159788673 ], [ -37.102018136999959, -6.462165552788663 ], [ -37.101812842999948, -6.462640547788637 ], [ -37.101708522999957, -6.463172629788623 ], [ -37.101581546999967, -6.463658706788619 ], [ -37.101514854999948, -6.464122068788551 ], [ -37.101499485999973, -6.464547553788591 ], [ -37.101663763999966, -6.46486594278855 ], [ -37.101769263999984, -6.465305435788527 ], [ -37.10196125799996, -6.465783164788517 ], [ -37.101802863999978, -6.466115034788531 ], [ -37.101359699999932, -6.466151554788513 ], [ -37.101039443999973, -6.466193140788524 ], [ -37.100729571999977, -6.46619618778853 ], [ -37.100358880999977, -6.466107158788494 ], [ -37.100066501999947, -6.466107198788526 ], [ -37.099824809999973, -6.465881986788497 ], [ -37.099477911999941, -6.465482497788553 ], [ -37.099041322999938, -6.464892341788533 ], [ -37.098757578999937, -6.464653388788591 ], [ -37.098424633999969, -6.464445049788552 ], [ -37.098048514999952, -6.464202942788593 ], [ -37.097826626999961, -6.463856249788572 ], [ -37.097876590999931, -6.463445956788627 ], [ -37.098276580999936, -6.463050888788588 ], [ -37.098874202999987, -6.462883401788598 ], [ -37.099438698999968, -6.462698887788651 ], [ -37.099869780999938, -6.462449299788627 ], [ -37.100159852999987, -6.462213113788634 ], [ -37.100392836999958, -6.461915003788629 ], [ -37.100456507999979, -6.461477705788633 ], [ -37.100540165999973, -6.461070380788681 ], [ -37.100428783999973, -6.460793984788689 ], [ -37.100370623999929, -6.460438702788705 ], [ -37.100399424999978, -6.460073702788734 ], [ -37.100625964999949, -6.460214626788722 ], [ -37.100820536999954, -6.460602289788674 ], [ -37.100926000999948, -6.46041295278869 ], [ -37.100898294999979, -6.460117912788733 ], [ -37.10076317499994, -6.459852282788737 ], [ -37.100641635999978, -6.459555638788741 ], [ -37.100477486999985, -6.459227215788707 ], [ -37.100319332999959, -6.458768711788736 ], [ -37.100076236999939, -6.45819097178877 ], [ -37.099851361999981, -6.457699430788806 ], [ -37.100204602999952, -6.457155354788787 ] ] ] } },
{ "type": "Feature", "properties": { "num_setor": "RN_CAICO_SR_008_CPRM", "munic": "CAICÓ", "grau_risco": "Alto", "distancia_km": 2.19, "chuva_24h": 0.0, "chuva_72h": 0.0, "fonte_estacao": "openmeteo", "codigo_estacao": "openmeteo", "nome_estacao": "Open-Meteo (célula de grade)" }, "geometry": { "type": "Polygon", "coordinates": [ [ [ -37.087702362999948, -6.44272831778929 ], [ -37.087597376999945, -6.442824254789254 ], [ -37.087454061999949, -6.442917334789257 ], [ -37.087337390999949, -6.443104532789244 ], [ -37.087186954999936, -6.443169199789237 ], [ -37.086935942999958, -6.443203763789268 ], [ -37.086795126999966, -6.443365439789274 ], [ -37.086590740999959, -6.443469077789248 ], [ -37.086445131999938, -6.443434173789234 ], [ -37.08629185999996, -6.443181658789248 ], [ -37.08639494099998, -6.443066439789242 ], [ -37.086529208999934, -6.442987641789238 ], [ -37.086718231999953, -6.442940982789278 ], [ -37.086951753999983, -6.442980723789239 ], [ -37.087168166999959, -6.442935304789243 ], [ -37.087258611999971, -6.442800686789236 ], [ -37.087413590999965, -6.442675706789298 ], [ -37.087515654999947, -6.442572450789248 ], [ -37.087650108999981, -6.442480347789265 ], [ -37.087708789999965, -6.442257677789302 ], [ -37.087868054999944, -6.442162692789273 ], [ -37.088040443999944, -6.442210278789267 ], [ -37.08811232499994, -6.442268388789266 ], [ -37.088131519999934, -6.442356306789278 ], [ -37.088130877999959, -6.442475261789279 ], [ -37.088001132999977, -6.442578816789287 ], [ -37.08786496099998, -6.442639045789273 ], [ -37.087702362999948, -6.44272831778929 ] ] ] } },
{ "type": "Feature", "properties": { "num_setor": "RN_CAICO_SR_009_CPRM", "munic": "CAICÓ", "grau_risco": "Alto", "distancia_km": 0.74, "chuva_24h": 0.0, "chuva_72h": 0.0, "fonte_estacao": "openmeteo", "codigo_estacao": "openmeteo", "nome_estacao": "Open-Meteo (célula de grade)" }, "geometry": { "type": "Polygon", "coordinates": [ [ [ -37.103787706999981, -6.463671843788614 ], [ -37.103683928999942, -6.463605809788573 ], [ -37.103592981999952, -6.463558728788587 ], [ -37.103524853999943, -6.463517954788575 ], [ -37.103637923999941, -6.463494495788595 ], [ -37.103664314999946, -6.463525636788617 ], [ -37.103729309999949, -6.463486364788587 ], [ -37.103787973999943, -6.463584572788576 ], [ -37.103837204999934, -6.463560543788604 ], [ -37.103858614999986, -6.463610633788606 ], [ -37.103882943999963, -6.463646429788564 ], [ -37.104020080999931, -6.463604576788603 ], [ -37.10405495699996, -6.463678714788595 ], [ -37.104089748999968, -6.463746789788598 ], [ -37.104131164999956, -6.463815576788571 ], [ -37.104117459999948, -6.463897102788597 ], [ -37.104076321999969, -6.464004145788611 ], [ -37.104025852999939, -6.464062090788587 ], [ -37.103986599999985, -6.464052744788579 ], [ -37.103969777999964, -6.463998538788565 ], [ -37.103943608999941, -6.463929377788564 ], [ -37.103972541999958, -6.463784159788569 ], [ -37.103873256999982, -6.463717627788569 ], [ -37.103787706999981, -6.463671843788614 ] ] ] } },
{ "type": "Feature", "properties": { "num_setor": "RN_AR_SR_03_CPRM", "munic": "ALTO DO RODRIGUES", "grau_risco": "Alto", "distancia_km": 1.76, "chuva_24h": 0.0, "chuva_72h": 0.0, "fonte_estacao": "openmeteo", "codigo_estacao": "openmeteo", "nome_estacao": "Open-Meteo (célula de grade)" }, "geometry": { "type": "Polygon", "coordinates": [ [ [ -36.790334903999963, -5.332484185825087 ], [ -36.786630919999936, -5.331387311825137 ], [ -36.783178412999973, -5.331070818825127 ], [ -36.782301884999981, -5.330495702825153 ], [ -36.780930554999941, -5.32853116482524 ], [ -36.780607777999933, -5.324866650825379 ], [ -36.779518422999949, -5.321965192825421 ], [ -36.778102618999988, -5.318863857825523 ], [ -36.776783147999936, -5.31691590582562 ], [ -36.776142050999958, -5.314690577825677 ], [ -36.775422019999958, -5.312951254825758 ], [ -36.773740516999965, -5.310007565825845 ], [ -36.772511173999931, -5.307259612825892 ], [ -36.770896758999982, -5.305413725825957 ], [ -36.768716422999944, -5.302936222826073 ], [ -36.766303495999978, -5.300846372826138 ], [ -36.771219234999926, -5.298574570826216 ], [ -36.780255509999961, -5.309914320825839 ], [ -36.785537993999981, -5.319345101825516 ], [ -36.791747961999924, -5.324037138825353 ], [ -36.799407574999968, -5.329905313825209 ], [ -36.795529146999968, -5.335128919824998 ], [ -36.790334903999963, -5.332484185825087 ] ] ] } },
{ "type": "Feature", "properties": { "num_setor": "RN_ASS_SR_04_CPRM", "munic": "AÇU", "grau_risco": "Alto", "distancia_km": 1.42, "chuva_24h": 0.0, "chuva_72h": 0.0, "fonte_estacao": "openmeteo", "codigo_estacao": "openmeteo", "nome_estacao": "Open-Meteo (célula de grade)" }, "geometry": { "type": "Polygon", "coordinates": [ [ [ -36.894364802999974, -5.628925406815494 ], [ -36.89509040799993, -5.62656024081557 ], [ -36.896570990999976, -5.621328055815731 ], [ -36.89637981799995, -5.617060153815884 ], [ -36.895663656999943, -5.613603007815971 ], [ -36.896719347999969, -5.610062084816142 ], [ -36.89808390099995, -5.606312506816217 ], [ -36.902314410999956, -5.606536217816254 ], [ -36.905247797999948, -5.607785334816198 ], [ -36.90619559299995, -5.608964403816148 ], [ -36.90311616799994, -5.610696961816108 ], [ -36.902281900999981, -5.612964528816025 ], [ -36.902000901999941, -5.616093798815912 ], [ -36.902382800999931, -5.620729440815802 ], [ -36.902799214999959, -5.62703736681557 ], [ -36.901775620999956, -5.629106565815514 ], [ -36.894364802999974, -5.628925406815494 ] ] ] } },
{ "type": "Feature", "properties": { "num_setor": "RN_CG_SR_01_CPRM", "munic": "CANGUARETAMA", "grau_risco": "Alto", "distancia_km": 1.4, "chuva_24h": 0.0, "chuva_72h": 0.2, "fonte_estacao": "openmeteo", "codigo_estacao": "openmeteo", "nome_estacao": "Open-Meteo (célula de grade)" }, "geometry": { "type": "Polygon", "coordinates": [ [ [ -35.131135069999971, -6.380417041791288 ], [ -35.131841459999968, -6.380639466791291 ], [ -35.133060837999949, -6.382288533791193 ], [ -35.132658197999937, -6.382594881791224 ], [ -35.132324052999934, -6.382580235791213 ], [ -35.131841482999953, -6.382454249791215 ], [ -35.131123887999934, -6.38227225479123 ], [ -35.130616834999955, -6.382737508791218 ], [ -35.130482453999946, -6.38440842079112 ], [ -35.132027405999963, -6.387643174791018 ], [ -35.132606351999982, -6.388752155790998 ], [ -35.133492676999936, -6.389367907790966 ], [ -35.135401803999976, -6.390287175790956 ], [ -35.139778153999941, -6.393126099790868 ], [ -35.138064068999938, -6.396281047790738 ], [ -35.136714177999977, -6.398406413790703 ], [ -35.132593816999929, -6.396072095790765 ], [ -35.131971502999932, -6.390332194790925 ], [ -35.12952383399994, -6.386444004791057 ], [ -35.128928120999944, -6.385315165791105 ], [ -35.128156470999961, -6.38442794279113 ], [ -35.127218851999935, -6.384099796791176 ], [ -35.126543538999954, -6.383704917791186 ], [ -35.12630859199993, -6.383224769791194 ], [ -35.126085098999965, -6.382604921791173 ], [ -35.126190651999934, -6.382125722791205 ], [ -35.126769184999951, -6.381400950791216 ], [ -35.127430166999943, -6.381464924791221 ], [ -35.127568271999962, -6.38170699879124 ], [ -35.12860464299996, -6.382029547791197 ], [ -35.129149956999981, -6.381882589791245 ], [ -35.129361457999948, -6.381247435791256 ], [ -35.129573537999931, -6.380823559791257 ], [ -35.129768141999939, -6.38066118479126 ], [ -35.13040772599993, -6.38077969579124 ], [ -35.130895794999958, -6.380836921791265 ], [ -35.131135069999971, -6.380417041791288 ] ] ] } },
{ "type": "Feature", "properties": { "num_setor": "RN_ASS_SR_02_CPRM", "munic": "AÇU", "grau_risco": "Alto", "distancia_km": 0.52, "chuva_24h": 0.0, "chuva_72h": 0.0, "fonte_estacao": "openmeteo", "codigo_estacao": "openmeteo", "nome_estacao": "Open-Meteo (célula de grade)" }, "geometry": { "type": "Polygon", "coordinates": [ [ [ -36.892973755999947, -5.571380108817378 ], [ -36.893399368999951, -5.565692095817566 ], [ -36.896880232999933, -5.557544311817811 ], [ -36.899241099999983, -5.552853721817967 ], [ -36.899798615999941, -5.550970428818039 ], [ -36.910949864999964, -5.552210707817996 ], [ -36.911061269999948, -5.558967430817746 ], [ -36.910137365999958, -5.566135189817543 ], [ -36.908658389999971, -5.567822566817484 ], [ -36.907805461999942, -5.569652611817443 ], [ -36.907694219999939, -5.570676443817401 ], [ -36.907402593999961, -5.571479766817383 ], [ -36.907215485999984, -5.571603917817344 ], [ -36.90606975999998, -5.571466647817365 ], [ -36.906064514999976, -5.571858581817352 ], [ -36.906004774999928, -5.572339900817351 ], [ -36.905852334999963, -5.574619655817235 ], [ -36.905700679999939, -5.575335755817243 ], [ -36.905228072999932, -5.578188614817124 ], [ -36.905797949999965, -5.578330432817157 ], [ -36.905725992999976, -5.579204747817102 ], [ -36.905312223999942, -5.582396735817021 ], [ -36.905027847999975, -5.584724570816963 ], [ -36.904744124999979, -5.586835584816876 ], [ -36.904413570999964, -5.590050269816761 ], [ -36.895817658999938, -5.589487562816803 ], [ -36.89360688599993, -5.577974018817159 ], [ -36.892973755999947, -5.571380108817378 ] ] ] } },
{ "type": "Feature", "properties": { "num_setor": "RN_ASS_SR_03_CPRM", "munic": "AÇU", "grau_risco": "Alto", "distancia_km": 1.6, "chuva_24h": 0.0, "chuva_72h": 0.0, "fonte_estacao": "openmeteo", "codigo_estacao": "openmeteo", "nome_estacao": "Open-Meteo (célula de grade)" }, "geometry": { "type": "Polygon", "coordinates": [ [ [ -36.915552807999973, -5.581877488817034 ], [ -36.915512039999953, -5.581787739817004 ], [ -36.915277554999932, -5.581759134817047 ], [ -36.915011468999978, -5.581662343817022 ], [ -36.914460568999971, -5.581560870817056 ], [ -36.914457152999944, -5.580962746817053 ], [ -36.915007197999948, -5.581022497817028 ], [ -36.915054401999953, -5.581168212817053 ], [ -36.915414689999977, -5.581212570817081 ], [ -36.915614053999946, -5.58121830481703 ], [ -36.915871307999971, -5.58135809181705 ], [ -36.915875993999975, -5.581445916817033 ], [ -36.916090011999984, -5.581507189817058 ], [ -36.916139793999946, -5.581645242817054 ], [ -36.916375403999957, -5.581673853817062 ], [ -36.916794873999947, -5.581767552817045 ], [ -36.917966989999968, -5.581908151817005 ], [ -36.919202831999947, -5.582030923817048 ], [ -36.919289836999951, -5.581881424817024 ], [ -36.920785857999931, -5.581715942817032 ], [ -36.921361911999952, -5.581794098817058 ], [ -36.921464551999975, -5.582127165817032 ], [ -36.921400353999957, -5.582602997817023 ], [ -36.921236574999966, -5.582807550817024 ], [ -36.920656734999973, -5.582735286816984 ], [ -36.920343751999958, -5.582713626817021 ], [ -36.920001598999932, -5.582681536816979 ], [ -36.919495954999938, -5.582611353816987 ], [ -36.919094812999958, -5.582531874817026 ], [ -36.918634693999934, -5.582486792816986 ], [ -36.918513978999947, -5.582553944817026 ], [ -36.918053500999974, -5.582515865816991 ], [ -36.917957550999965, -5.582559596817 ], [ -36.917104654999946, -5.582501521817028 ], [ -36.916688195999939, -5.582437709817026 ], [ -36.916675723999958, -5.582440123817014 ], [ -36.916266808999978, -5.582384354816994 ], [ -36.916086289999953, -5.582233314817007 ], [ -36.915977254999973, -5.582069556817026 ], [ -36.915813215999947, -5.582034320817049 ], [ -36.915552807999973, -5.581877488817034 ] ] ] } },
{ "type": "Feature", "properties": { "num_setor": "RN_CB_SR_01_CPRM", "munic": "CARNAUBAIS", "grau_risco": "Alto", "distancia_km": 1.91, "chuva_24h": 0.0, "chuva_72h": 0.0, "fonte_estacao": "openmeteo", "codigo_estacao": "openmeteo", "nome_estacao": "Open-Meteo (célula de grade)" }, "geometry": { "type": "Polygon", "coordinates": [ [ [ -36.819654252999953, -5.343081003824749 ], [ -36.82166899199995, -5.342234096824797 ], [ -36.823596852999977, -5.341591217824823 ], [ -36.825935061999985, -5.346021976824682 ], [ -36.825224101999943, -5.346403945824648 ], [ -36.823522988999969, -5.344065701824744 ], [ -36.820211299999983, -5.345140377824682 ], [ -36.819654252999953, -5.343081003824749 ] ] ] } },
{ "type": "Feature", "properties": { "num_setor": "RN_CEM_SR_01_CPRM", "munic": "CEARÁ-MIRIM", "grau_risco": "Alto", "distancia_km": 1.06, "chuva_24h": 0.0, "chuva_72h": 0.2, "fonte_estacao": "openmeteo", "codigo_estacao": "openmeteo", "nome_estacao": "Open-Meteo (célula de grade)" }, "geometry": { "type": "Polygon", "coordinates": [ [ [ -35.427370365999934, -5.629618064815463 ], [ -35.428616922999936, -5.629108513815484 ], [ -35.429665762999946, -5.628356342815526 ], [ -35.430632516999935, -5.627550197815538 ], [ -35.432086289999965, -5.627052335815575 ], [ -35.434666405999963, -5.626603562815572 ], [ -35.434827698999982, -5.630899522815416 ], [ -35.432177714999966, -5.630976592815446 ], [ -35.429722628999976, -5.630911822815452 ], [ -35.427488817999972, -5.630855676815433 ], [ -35.426961308999978, -5.63084056181544 ], [ -35.426445236999939, -5.630850737815431 ], [ -35.425357704999946, -5.631011985815462 ], [ -35.422767218999972, -5.631748857815441 ], [ -35.421483182999964, -5.632169000815409 ], [ -35.420391228999961, -5.632598080815407 ], [ -35.419719629999975, -5.63133022181545 ], [ -35.42133974799998, -5.630558284815452 ], [ -35.422270441999956, -5.630007429815497 ], [ -35.423154603999933, -5.62973662281546 ], [ -35.423861221999971, -5.6296883018155 ], [ -35.424634519999984, -5.629599965815478 ], [ -35.425346717999957, -5.629718568815505 ], [ -35.426276044999959, -5.629841345815502 ], [ -35.427370365999934, -5.629618064815463 ] ] ] } },
{ "type": "Feature", "properties": { "num_setor": "RN_CG_SR_02_CPRM", "munic": "CANGUARETAMA", "grau_risco": "Alto", "distancia_km": 0.72, "chuva_24h": 0.0, "chuva_72h": 0.0, "fonte_estacao": "openmeteo", "codigo_estacao": "openmeteo", "nome_estacao": "Open-Meteo (célula de grade)" }, "geometry": { "type": "Polygon", "coordinates": [ [ [ -35.04129583699995, -6.312946145793431 ], [ -35.040727793999963, -6.312571110793455 ], [ -35.040281949999951, -6.312364218793466 ], [ -35.039738303999968, -6.31217916279345 ], [ -35.03981294099998, -6.311974080793481 ], [ -35.039929514999983, -6.311844958793449 ], [ -35.040083109999955, -6.311658407793499 ], [ -35.040383408999965, -6.31126519979352 ], [ -35.041040880999965, -6.311146001793469 ], [ -35.041674411999963, -6.311402578793481 ], [ -35.042155579999928, -6.311695795793511 ], [ -35.042365764999936, -6.311938416793482 ], [ -35.042532478999931, -6.312155465793491 ], [ -35.04220085999998, -6.312661300793432 ], [ -35.041998159999935, -6.312890131793438 ], [ -35.042024022999954, -6.312976885793431 ], [ -35.041819321999981, -6.313149282793451 ], [ -35.041645937999931, -6.313267005793407 ], [ -35.04129583699995, -6.312946145793431 ] ] ] } },
{ "type": "Feature", "properties": { "num_setor": "RN_CG_SR_03_CPRM", "munic": "CANGUARETAMA", "grau_risco": "Alto", "distancia_km": 1.77, "chuva_24h": 0.0, "chuva_72h": 0.0, "fonte_estacao": "openmeteo", "codigo_estacao": "openmeteo", "nome_estacao": "Open-Meteo (célula de grade)" }, "geometry": { "type": "Polygon", "coordinates": [ [ [ -35.047510206999952, -6.319884258793201 ], [ -35.047262683999975, -6.319660472793218 ], [ -35.046962895999968, -6.319368361793257 ], [ -35.04680550099993, -6.319170547793215 ], [ -35.046991453999965, -6.318943598793252 ], [ -35.047216481999953, -6.319125524793235 ], [ -35.047480135999933, -6.319380765793214 ], [ -35.047905454999977, -6.31979609579321 ], [ -35.047760577999952, -6.320066570793187 ], [ -35.047510206999952, -6.319884258793201 ] ] ] } },
{ "type": "Feature", "properties": { "num_setor": "RN_AR_SR_02_CPRM", "munic": "ALTO DO RODRIGUES", "grau_risco": "Alto", "distancia_km": 1.37, "chuva_24h": 0.0, "chuva_72h": 0.0, "fonte_estacao": "openmeteo", "codigo_estacao": "openmeteo", "nome_estacao": "Open-Meteo (célula de grade)" }, "geometry": { "type": "Polygon", "coordinates": [ [ [ -36.756145715999928, -5.292179992826394 ], [ -36.757355036999968, -5.289668471826503 ], [ -36.759645479999961, -5.288541951826523 ], [ -36.760250568999936, -5.288974251826511 ], [ -36.760457010999978, -5.289196243826479 ], [ -36.760502807999956, -5.289340931826509 ], [ -36.75988367399998, -5.289746071826491 ], [ -36.759961185999941, -5.28986979782646 ], [ -36.759834185999978, -5.289995373826472 ], [ -36.760006114999953, -5.29031443082647 ], [ -36.760104395999967, -5.29078665282644 ], [ -36.760407520999934, -5.29228017582642 ], [ -36.760648467999935, -5.292233041826419 ], [ -36.760759015999952, -5.292667099826403 ], [ -36.761214945999932, -5.294814122826353 ], [ -36.760931982999978, -5.296542971826258 ], [ -36.760749209999965, -5.297208996826226 ], [ -36.759983475999945, -5.298058058826238 ], [ -36.758641545999978, -5.299153590826167 ], [ -36.758586614999963, -5.299513570826192 ], [ -36.758024986999949, -5.300004079826158 ], [ -36.757937083999934, -5.300654054826124 ], [ -36.757066464999987, -5.30096680582614 ], [ -36.755419685999982, -5.301408193826132 ], [ -36.753117469999957, -5.301453989826125 ], [ -36.752848230999973, -5.299952340826144 ], [ -36.754178769999953, -5.295795677826271 ], [ -36.756145715999928, -5.292179992826394 ] ] ] } },
{ "type": "Feature", "properties": { "num_setor": "RN_AR_SR_04_CPRM", "munic": "ALTO DO RODRIGUES", "grau_risco": "Alto", "distancia_km": 1.0, "chuva_24h": 0.0, "chuva_72h": 0.0, "fonte_estacao": "openmeteo", "codigo_estacao": "openmeteo", "nome_estacao": "Open-Meteo (célula de grade)" }, "geometry": { "type": "Polygon", "coordinates": [ [ [ -36.75317195699995, -5.318216627825577 ], [ -36.752609137999968, -5.315935880825665 ], [ -36.752167914, -5.313427294825708 ], [ -36.751581972999929, -5.309081735825848 ], [ -36.751834362999944, -5.305521746825971 ], [ -36.752407151999932, -5.30293269782606 ], [ -36.754901030999974, -5.302606945826086 ], [ -36.755919241999955, -5.30918561582589 ], [ -36.75590449699996, -5.31502763382565 ], [ -36.756910860999938, -5.317926865825561 ], [ -36.756998330999977, -5.319959636825513 ], [ -36.756876152999951, -5.321305312825439 ], [ -36.754213162999974, -5.32161094882544 ], [ -36.75317195699995, -5.318216627825577 ] ] ] } },
{ "type": "Feature", "properties": { "num_setor": "RN_AR_SR_01_CPRM", "munic": "ALTO DO RODRIGUES", "grau_risco": "Alto", "distancia_km": 2.16, "chuva_24h": 0.0, "chuva_72h": 0.0, "fonte_estacao": "openmeteo", "codigo_estacao": "openmeteo", "nome_estacao": "Open-Meteo (célula de grade)" }, "geometry": { "type": "Polygon", "coordinates": [ [ [ -36.75982285099996, -5.285066427826626 ], [ -36.762115789999939, -5.284788460826642 ], [ -36.765658092999956, -5.284815291826662 ], [ -36.76660192199995, -5.286334826826611 ], [ -36.766736126999945, -5.287460088826582 ], [ -36.767692242999942, -5.289269568826494 ], [ -36.767799105999984, -5.29084197882644 ], [ -36.767988292999974, -5.292254750826433 ], [ -36.768800661999933, -5.294310012826362 ], [ -36.769173550999938, -5.296174469826253 ], [ -36.770018081999972, -5.297384146826231 ], [ -36.766483135999984, -5.299153010826164 ], [ -36.766285080999978, -5.298706393826214 ], [ -36.765615769999954, -5.298117166826199 ], [ -36.765210371999956, -5.297116848826262 ], [ -36.764434168999969, -5.296321671826296 ], [ -36.76345945199995, -5.294845635826309 ], [ -36.764044557999959, -5.293687180826347 ], [ -36.764213147999946, -5.292908080826381 ], [ -36.764719645999939, -5.291741797826452 ], [ -36.765337961999933, -5.290890067826457 ], [ -36.765411019999931, -5.290468647826461 ], [ -36.76548814299997, -5.290394447826491 ], [ -36.765550436999945, -5.290304821826454 ], [ -36.765489053999943, -5.289923077826493 ], [ -36.765195839999926, -5.289682838826501 ], [ -36.76514427799998, -5.289104187826504 ], [ -36.76493093199997, -5.288578492826512 ], [ -36.764772088999962, -5.288489390826506 ], [ -36.76449290599993, -5.287895904826565 ], [ -36.764172296999959, -5.287609991826551 ], [ -36.763923919999968, -5.287607208826536 ], [ -36.763772223999979, -5.287359205826584 ], [ -36.763551583999977, -5.287360155826597 ], [ -36.763245771999948, -5.287098533826559 ], [ -36.76298346699997, -5.286527298826586 ], [ -36.762134060999976, -5.286472976826608 ], [ -36.761521096999957, -5.286939950826595 ], [ -36.760964243999979, -5.287164401826597 ], [ -36.75954724199994, -5.288527558826506 ], [ -36.757981998999981, -5.287181531826597 ], [ -36.75982285099996, -5.285066427826626 ] ] ] } },
{ "type": "Feature", "properties": { "num_setor": "RN_APO_SR_03_CPRM", "munic": "APODI", "grau_risco": "Alto", "distancia_km": 1.75, "chuva_24h": 0.0, "chuva_72h": 0.0, "fonte_estacao": "openmeteo", "codigo_estacao": "openmeteo", "nome_estacao": "Open-Meteo (célula de grade)" }, "geometry": { "type": "Polygon", "coordinates": [ [ [ -37.802707097999978, -5.666081929814317 ], [ -37.802824220999973, -5.666031791814309 ], [ -37.802991123999959, -5.666025331814295 ], [ -37.803013535999973, -5.666077966814331 ], [ -37.803006548999974, -5.66613587181428 ], [ -37.80303713099994, -5.666207127814284 ], [ -37.803021430999934, -5.66632840781431 ], [ -37.802909443999972, -5.666475443814296 ], [ -37.802867248999974, -5.666505791814293 ], [ -37.802840411999966, -5.666519856814308 ], [ -37.802693649999981, -5.666679293814279 ], [ -37.802667920999966, -5.666718744814304 ], [ -37.802469613999961, -5.666817086814297 ], [ -37.802112629999954, -5.66704254581427 ], [ -37.801968830999947, -5.667252921814241 ], [ -37.80162428999995, -5.668114539814264 ], [ -37.801253968999966, -5.668856057814221 ], [ -37.801183374999944, -5.669323042814211 ], [ -37.801178800999935, -5.669333960814197 ], [ -37.801040418999946, -5.66958099181421 ], [ -37.801036041999971, -5.669586587814194 ], [ -37.80075485499998, -5.669618156814185 ], [ -37.800737030999983, -5.669621377814166 ], [ -37.800437236999983, -5.66958824981419 ], [ -37.799847300999943, -5.669394527814187 ], [ -37.79968213199993, -5.669384593814195 ], [ -37.799581212999946, -5.669490251814187 ], [ -37.79938436499998, -5.669739206814202 ], [ -37.799112699999966, -5.66967183881417 ], [ -37.798679710999977, -5.669491848814179 ], [ -37.797929470999975, -5.669303960814215 ], [ -37.796566766999945, -5.6690537328142 ], [ -37.796950156999976, -5.66874233381421 ], [ -37.797297134999951, -5.668626127814242 ], [ -37.797300185999973, -5.66862561781423 ], [ -37.797606272999936, -5.668664027814234 ], [ -37.797953479999933, -5.668845055814214 ], [ -37.797963024999945, -5.668849813814208 ], [ -37.798248310999952, -5.668849666814222 ], [ -37.798560301999949, -5.668830586814206 ], [ -37.79857782199997, -5.668827534814198 ], [ -37.798584828999935, -5.66882631281422 ], [ -37.798775176999975, -5.668801018814213 ], [ -37.79892158499996, -5.668872917814236 ], [ -37.799021563999929, -5.668986499814222 ], [ -37.799036203999947, -5.668991636814231 ], [ -37.799333664999956, -5.66894954181421 ], [ -37.799637334999943, -5.668939731814213 ], [ -37.799840597999946, -5.66898985981421 ], [ -37.80004357699994, -5.668994640814188 ], [ -37.800247773999956, -5.669013781814238 ], [ -37.800399666999958, -5.668982497814199 ], [ -37.800615467999933, -5.668942794814227 ], [ -37.80080402599998, -5.668900584814224 ], [ -37.800909477999937, -5.668619710814232 ], [ -37.800969079999959, -5.668398942814221 ], [ -37.801051771999937, -5.668031176814222 ], [ -37.80106250499994, -5.667764871814265 ], [ -37.801088065999977, -5.66755525881423 ], [ -37.801173142999971, -5.667327923814263 ], [ -37.801220471999954, -5.667023194814284 ], [ -37.801377272999957, -5.666669081814272 ], [ -37.801731532999952, -5.666333974814281 ], [ -37.801948951999975, -5.666158678814331 ], [ -37.80203471599998, -5.666079003814279 ], [ -37.802037971999944, -5.666078319814296 ], [ -37.80217804899997, -5.666095356814316 ], [ -37.802201089999983, -5.66609438881432 ], [ -37.802387351999982, -5.666128326814319 ], [ -37.802557608999962, -5.666135797814324 ], [ -37.802707097999978, -5.666081929814317 ] ] ] } },
{ "type": "Feature", "properties": { "num_setor": "RN_ASS_SR_01_CPRM", "munic": "AÇU", "grau_risco": "Alto", "distancia_km": 1.56, "chuva_24h": 0.0, "chuva_72h": 0.0, "fonte_estacao": "openmeteo", "codigo_estacao": "openmeteo", "nome_estacao": "Open-Meteo (célula de grade)" }, "geometry": { "type": "Polygon", "coordinates": [ [ [ -36.882888530999935, -5.491801630819923 ], [ -36.872633553999947, -5.475872385820446 ], [ -36.872319044999976, -5.466606957820757 ], [ -36.869179925999958, -5.454332304821185 ], [ -36.860325793999948, -5.433903335821824 ], [ -36.890147985999931, -5.424753687822114 ], [ -36.89106609199996, -5.429885759821932 ], [ -36.893503044999939, -5.435454328821796 ], [ -36.894941900999981, -5.441654599821553 ], [ -36.896537941999952, -5.44734050382139 ], [ -36.901204882999934, -5.452535781821195 ], [ -36.908243101999979, -5.458421555821036 ], [ -36.911200984999937, -5.464597322820841 ], [ -36.912030966999964, -5.471524929820581 ], [ -36.912506069999949, -5.488756718820071 ], [ -36.904567525999937, -5.495563501819795 ], [ -36.895528266999975, -5.502511552819612 ], [ -36.882888530999935, -5.491801630819923 ] ] ] } },
{ "type": "Feature", "properties": { "num_setor": "RN_APO_SR_01_CPRM", "munic": "APODI", "grau_risco": "Alto", "distancia_km": 1.47, "chuva_24h": 0.0, "chuva_72h": 0.0, "fonte_estacao": "openmeteo", "codigo_estacao": "openmeteo", "nome_estacao": "Open-Meteo (célula de grade)" }, "geometry": { "type": "Polygon", "coordinates": [ [ [ -37.744066707999934, -5.6483345428149 ], [ -37.760821558999965, -5.645034639814982 ], [ -37.761278751999953, -5.645480280814967 ], [ -37.761564485999941, -5.645926345814956 ], [ -37.762016594999977, -5.646366519814952 ], [ -37.762389368999955, -5.64691641981494 ], [ -37.762746224999944, -5.647246037814899 ], [ -37.762927113999986, -5.647463681814921 ], [ -37.763190552999951, -5.647677927814894 ], [ -37.76379167999994, -5.6479913408149 ], [ -37.770429669999942, -5.6538445898147 ], [ -37.770061376999934, -5.656778338814628 ], [ -37.770616501999939, -5.658104885814545 ], [ -37.771772087999977, -5.659401719814519 ], [ -37.775361994999969, -5.661424786814436 ], [ -37.777211766999983, -5.662921712814398 ], [ -37.77877174799994, -5.663590654814379 ], [ -37.780566705999952, -5.664161338814388 ], [ -37.781674854999942, -5.663940160814395 ], [ -37.782770255999935, -5.664061718814378 ], [ -37.783497438999973, -5.664557898814333 ], [ -37.783517264999944, -5.665453042814335 ], [ -37.783103586999971, -5.667355430814291 ], [ -37.783075072999971, -5.668303170814216 ], [ -37.782882401999984, -5.670117166814161 ], [ -37.781748624999977, -5.671183171814119 ], [ -37.780901297999947, -5.671333855814114 ], [ -37.779482641999948, -5.670780773814178 ], [ -37.777824795999948, -5.67105819381415 ], [ -37.775358866999966, -5.672001551814091 ], [ -37.774101966999979, -5.674160931814039 ], [ -37.773770010999954, -5.675791620814012 ], [ -37.77230992799997, -5.676797858813978 ], [ -37.770527886999957, -5.677420024813931 ], [ -37.761446537999973, -5.680767621813834 ], [ -37.755727473999968, -5.692801428813418 ], [ -37.755653548999931, -5.692947812813419 ], [ -37.752682616999955, -5.706095323812995 ], [ -37.750027381999985, -5.71100764281286 ], [ -37.745214400999942, -5.712301530812838 ], [ -37.744544714999954, -5.71214525381281 ], [ -37.741403174999959, -5.71095583981284 ], [ -37.73799048799998, -5.709579880812911 ], [ -37.735924201999978, -5.707745603812973 ], [ -37.735884499999941, -5.707651311812948 ], [ -37.732488830999955, -5.70493863381307 ], [ -37.732268925999961, -5.704439659813042 ], [ -37.730616911999959, -5.701221465813151 ], [ -37.730381707999982, -5.700691410813211 ], [ -37.729945531999931, -5.696438547813318 ], [ -37.730001399999942, -5.696289735813305 ], [ -37.734220453999967, -5.68382376781375 ], [ -37.744066707999934, -5.6483345428149 ] ] ] } },
{ "type": "Feature", "properties": { "num_setor": "RN_APO_SR_02_CPRM", "munic": "APODI", "grau_risco": "Alto", "distancia_km": 0.76, "chuva_24h": 0.0, "chuva_72h": 0.0, "fonte_estacao": "openmeteo", "codigo_estacao": "openmeteo", "nome_estacao": "Open-Meteo (célula de grade)" }, "geometry": { "type": "Polygon", "coordinates": [ [ [ -37.792132569999978, -5.659054799814561 ], [ -37.792264857999953, -5.659229723814517 ], [ -37.792513750999944, -5.659929812814514 ], [ -37.792770348999966, -5.660780774814501 ], [ -37.792754626999965, -5.661363154814453 ], [ -37.792805745999935, -5.661803653814414 ], [ -37.792781030999947, -5.662320250814399 ], [ -37.792686254999978, -5.662870901814415 ], [ -37.792681868999978, -5.662871578814415 ], [ -37.792209956999955, -5.663068110814423 ], [ -37.791707377999955, -5.663218016814408 ], [ -37.791117836999952, -5.663564979814366 ], [ -37.790831332999971, -5.663752158814376 ], [ -37.790437969999978, -5.664079646814356 ], [ -37.789690290999943, -5.664822945814352 ], [ -37.789689201999977, -5.664835793814337 ], [ -37.789128210999934, -5.665152511814345 ], [ -37.789121634999958, -5.665153651814337 ], [ -37.78886625399997, -5.665099324814349 ], [ -37.788670873999934, -5.664907350814349 ], [ -37.788410815999953, -5.664687839814345 ], [ -37.788393146999965, -5.664670266814362 ], [ -37.788219048999963, -5.664414410814345 ], [ -37.788191189999964, -5.664383908814389 ], [ -37.788150430999963, -5.664327067814392 ], [ -37.788131573999976, -5.664273155814392 ], [ -37.787934426999975, -5.66376201081439 ], [ -37.787679011999955, -5.663333716814386 ], [ -37.787027871999953, -5.662924666814426 ], [ -37.78705716199994, -5.662230900814407 ], [ -37.787088475999958, -5.661701178814475 ], [ -37.788694403999955, -5.660039143814491 ], [ -37.78978428399995, -5.659745245814499 ], [ -37.790738101999978, -5.659355064814513 ], [ -37.791118141999959, -5.659362717814527 ], [ -37.792132569999978, -5.659054799814561 ] ] ] } },
{ "type": "Feature", "properties": { "num_setor": "RN_VZ_SR_01_CPRM", "munic": "VÁRZEA", "grau_risco": "Alto", "distancia_km": 1.97, "chuva_24h": 0.0, "chuva_72h": 0.0, "fonte_estacao": "openmeteo", "codigo_estacao": "openmeteo", "nome_estacao": "Open-Meteo (célula de grade)" }, "geometry": { "type": "Polygon", "coordinates": [ [ [ -35.376244715999974, -6.34919717879225 ], [ -35.376186893999943, -6.348966796792271 ], [ -35.376322100999971, -6.348853887792283 ], [ -35.376193390999958, -6.348507826792281 ], [ -35.376265764999971, -6.348171796792316 ], [ -35.376159002999941, -6.34800653879229 ], [ -35.376168382999936, -6.347400911792336 ], [ -35.376453203999972, -6.346935441792352 ], [ -35.376660041999969, -6.346773960792334 ], [ -35.377593262999937, -6.34652323479236 ], [ -35.377688914999965, -6.346682885792342 ], [ -35.377860724999948, -6.347315987792317 ], [ -35.377839408999932, -6.348246856792283 ], [ -35.377523925999974, -6.349253316792298 ], [ -35.377274689999979, -6.349709936792252 ], [ -35.37692218799998, -6.350010940792229 ], [ -35.376478248999945, -6.350279127792239 ], [ -35.375896058999956, -6.350624472792199 ], [ -35.374950257999956, -6.350368060792211 ], [ -35.374014675999952, -6.34974278979224 ], [ -35.373204484999974, -6.349310466792272 ], [ -35.371728993999966, -6.349079298792247 ], [ -35.371123976999968, -6.349257795792279 ], [ -35.370955148999933, -6.349250413792242 ], [ -35.370700946999932, -6.348943970792257 ], [ -35.370592622999936, -6.348190271792305 ], [ -35.370860505999929, -6.347862429792323 ], [ -35.371378366999977, -6.347806561792327 ], [ -35.372110615999929, -6.348094014792315 ], [ -35.373141084999929, -6.348080863792293 ], [ -35.373286649999955, -6.348234247792276 ], [ -35.373443939999959, -6.348166519792305 ], [ -35.373605049999981, -6.348220696792279 ], [ -35.373986701999968, -6.348515442792278 ], [ -35.37408868099994, -6.348854094792308 ], [ -35.374468504999982, -6.349018571792297 ], [ -35.374612869999964, -6.349170905792246 ], [ -35.375296182999932, -6.349166429792292 ], [ -35.375671513999976, -6.349361774792296 ], [ -35.375843840999948, -6.349406497792261 ], [ -35.376244715999974, -6.34919717879225 ] ] ] } },
{ "type": "Feature", "properties": { "num_setor": "RN_PAT_SR_01_CPRM", "munic": "PATU", "grau_risco": "Alto", "distancia_km": 0.61, "chuva_24h": 0.0, "chuva_72h": 0.0, "fonte_estacao": "openmeteo", "codigo_estacao": "openmeteo", "nome_estacao": "Open-Meteo (célula de grade)" }, "geometry": { "type": "Polygon", "coordinates": [ [ [ -37.640235046999976, -6.094956558800471 ], [ -37.640352247999942, -6.095128767800441 ], [ -37.640537473999984, -6.09547113780043 ], [ -37.640646475999972, -6.095696428800415 ], [ -37.640838793999926, -6.096100131800415 ], [ -37.640845143999968, -6.096112414800405 ], [ -37.641007567999964, -6.096461461800441 ], [ -37.641136120999938, -6.096719192800405 ], [ -37.641298355999936, -6.097487026800369 ], [ -37.640773490999948, -6.097885690800341 ], [ -37.64038473599993, -6.09816917580035 ], [ -37.639483654999935, -6.09877020480032 ], [ -37.638542172999962, -6.099559278800304 ], [ -37.63762735399996, -6.100220518800286 ], [ -37.63706898799996, -6.10041107980029 ], [ -37.63671618199993, -6.1004219638003 ], [ -37.636189067999972, -6.100444411800274 ], [ -37.635702145999971, -6.100395077800291 ], [ -37.635299269999962, -6.100231078800306 ], [ -37.635038250999969, -6.099927892800319 ], [ -37.634816533999981, -6.099562141800323 ], [ -37.63478097999996, -6.098888164800332 ], [ -37.635514880999949, -6.098732601800313 ], [ -37.636152269999968, -6.098606119800331 ], [ -37.636792881999952, -6.098494764800329 ], [ -37.637532578999988, -6.098473827800347 ], [ -37.637997440999982, -6.098122362800368 ], [ -37.63849427699995, -6.097391007800359 ], [ -37.638652948999948, -6.097162309800375 ], [ -37.638622978999933, -6.096672128800411 ], [ -37.638586009999983, -6.09612059880043 ], [ -37.638838724999971, -6.095678379800463 ], [ -37.639009832999932, -6.09544159380046 ], [ -37.639191551999943, -6.095225142800436 ], [ -37.639424168999938, -6.095026848800469 ], [ -37.639591244999963, -6.094992690800463 ], [ -37.639936958999954, -6.095003411800428 ], [ -37.640235046999976, -6.094956558800471 ] ] ] } },
{ "type": "Feature", "properties": { "num_setor": "RN_PAT_SR_02_CPRM", "munic": "PATU", "grau_risco": "Alto", "distancia_km": 0.39, "chuva_24h": 0.0, "chuva_72h": 0.0, "fonte_estacao": "openmeteo", "codigo_estacao": "openmeteo", "nome_estacao": "Open-Meteo (célula de grade)" }, "geometry": { "type": "Polygon", "coordinates": [ [ [ -37.64173251699998, -6.103262436800194 ], [ -37.642543579999931, -6.103205513800212 ], [ -37.642616774999965, -6.103234692800174 ], [ -37.642654915999969, -6.10331855280019 ], [ -37.642676404999975, -6.103449598800164 ], [ -37.642680172999974, -6.103455737800213 ], [ -37.64269429999996, -6.103630171800179 ], [ -37.642703951999977, -6.103814977800169 ], [ -37.642722155999934, -6.103920794800184 ], [ -37.642690313999942, -6.104079022800153 ], [ -37.641391820999949, -6.10423001380015 ], [ -37.641204837999965, -6.104224989800191 ], [ -37.640969604999952, -6.104267760800166 ], [ -37.640544542999976, -6.104386160800183 ], [ -37.640051172999961, -6.104602503800149 ], [ -37.639545803999965, -6.104632006800155 ], [ -37.638551000999939, -6.104746006800156 ], [ -37.637900783999953, -6.104813034800141 ], [ -37.637612087999976, -6.104973981800119 ], [ -37.637205396999946, -6.10505698480016 ], [ -37.63615305899998, -6.105119252800126 ], [ -37.63608703999995, -6.104882497800132 ], [ -37.636073704999944, -6.104134575800189 ], [ -37.636907281999981, -6.10400945580019 ], [ -37.637261843999966, -6.103695349800175 ], [ -37.637448284999948, -6.103435500800212 ], [ -37.637739438999972, -6.103342943800195 ], [ -37.638703911999983, -6.103226874800201 ], [ -37.640067466999938, -6.103279891800171 ], [ -37.641120353999952, -6.103286134800202 ], [ -37.64173251699998, -6.103262436800194 ] ] ] } },
{ "type": "Feature", "properties": { "num_setor": "RN_JU_SR_01_CPRM", "munic": "JUCURUTU", "grau_risco": "Alto", "distancia_km": 1.23, "chuva_24h": 0.0, "chuva_72h": 0.0, "fonte_estacao": "openmeteo", "codigo_estacao": "openmeteo", "nome_estacao": "Open-Meteo (célula de grade)" }, "geometry": { "type": "Polygon", "coordinates": [ [ [ -37.023875712999931, -6.036827015802343 ], [ -37.024137774999936, -6.036763583802354 ], [ -37.024431563999947, -6.036679943802342 ], [ -37.02476736299996, -6.036523128802326 ], [ -37.025336707999934, -6.037140084802349 ], [ -37.025662993999958, -6.037329209802303 ], [ -37.025904428999979, -6.037579814802317 ], [ -37.026260642999944, -6.037871453802315 ], [ -37.026428358999958, -6.038184177802272 ], [ -37.026617213999941, -6.038465849802296 ], [ -37.026795387999982, -6.038726413802258 ], [ -37.027088689999971, -6.039038880802261 ], [ -37.027361268999989, -6.039382920802266 ], [ -37.027749296999957, -6.039737485802264 ], [ -37.027990466999938, -6.040092042802232 ], [ -37.02795890699997, -6.040258751802218 ], [ -37.027770047999987, -6.040550164802212 ], [ -37.027560437999966, -6.040747144802207 ], [ -37.027392992999985, -6.040923446802204 ], [ -37.027236197999969, -6.041016285802186 ], [ -37.026972266999962, -6.041150259802181 ], [ -37.026709812999968, -6.041118135802209 ], [ -37.026217975999941, -6.040951029802224 ], [ -37.025862687999961, -6.040794843802199 ], [ -37.025695742999972, -6.040587330802182 ], [ -37.025476678999958, -6.040286501802227 ], [ -37.025174145999983, -6.03989231380221 ], [ -37.024955229999932, -6.039591551802229 ], [ -37.024746540999956, -6.039363179802253 ], [ -37.024610810999945, -6.039238540802279 ], [ -37.024495995999985, -6.039228197802236 ], [ -37.024381123999945, -6.039113952802271 ], [ -37.024192951999972, -6.03886446180225 ], [ -37.024004010999931, -6.038655574802273 ], [ -37.023930090999954, -6.038509052802254 ], [ -37.023585399999945, -6.03840566980231 ], [ -37.023272578999979, -6.038323289802271 ], [ -37.022918311999938, -6.038240967802304 ], [ -37.022501546999933, -6.03813779280231 ], [ -37.022208393999961, -6.038033472802272 ], [ -37.021979829999964, -6.037982247802278 ], [ -37.021743127999969, -6.038067045802323 ], [ -37.021596742999968, -6.038025369802301 ], [ -37.021499174999974, -6.037847058802289 ], [ -37.021443167999969, -6.037512391802299 ], [ -37.021630651999942, -6.037501541802329 ], [ -37.021901723999981, -6.037428166802337 ], [ -37.022089980999958, -6.037251357802304 ], [ -37.022266373999976, -6.037145974802301 ], [ -37.022473828999978, -6.037008620802299 ], [ -37.02267203599996, -6.036872219802344 ], [ -37.022870655999952, -6.036819488802368 ], [ -37.02314318599997, -6.03673624780234 ], [ -37.02326882899996, -6.036798583802321 ], [ -37.023540906999983, -6.036797708802309 ], [ -37.023833888999945, -6.036827417802353 ], [ -37.023875712999931, -6.036827015802343 ] ] ] } },
{ "type": "Feature", "properties": { "num_setor": "RN_PND_SR_03_CPRM", "munic": "PENDÊNCIAS", "grau_risco": "Alto", "distancia_km": 1.66, "chuva_24h": 0.0, "chuva_72h": 0.0, "fonte_estacao": "openmeteo", "codigo_estacao": "openmeteo", "nome_estacao": "Open-Meteo (célula de grade)" }, "geometry": { "type": "Polygon", "coordinates": [ [ [ -36.726092466999944, -5.268743232827176 ], [ -36.725757665999936, -5.268705612827164 ], [ -36.725371350999986, -5.268548856827151 ], [ -36.72504119499996, -5.268468570827196 ], [ -36.724796019999928, -5.268285120827195 ], [ -36.724523857999941, -5.26823660182718 ], [ -36.724103864999961, -5.268006975827228 ], [ -36.723756037999976, -5.267689081827197 ], [ -36.72412, -5.266736219827209 ], [ -36.723792900999968, -5.265077076827287 ], [ -36.725779434999936, -5.264357745827335 ], [ -36.726810207999961, -5.265964529827272 ], [ -36.728858040999967, -5.267369521827231 ], [ -36.731060678999945, -5.268388117827186 ], [ -36.73390428099998, -5.269827219827147 ], [ -36.737970374999982, -5.27207691182704 ], [ -36.742686954999954, -5.274679033827 ], [ -36.744864246999953, -5.276186996826942 ], [ -36.747569724999948, -5.27817544282687 ], [ -36.749189301999934, -5.279780904826799 ], [ -36.748583890999953, -5.280527246826784 ], [ -36.74799130699995, -5.280959142826782 ], [ -36.745184406999954, -5.278445670826835 ], [ -36.742828526999972, -5.276702558826904 ], [ -36.737684728999966, -5.274128907827008 ], [ -36.732744226999948, -5.271617380827069 ], [ -36.72975796299994, -5.270732496827075 ], [ -36.727778791999981, -5.271105911827077 ], [ -36.727265412999941, -5.270251947827119 ], [ -36.726920548999942, -5.269832193827125 ], [ -36.726578967999956, -5.269184937827167 ], [ -36.726342740999939, -5.26919092582717 ], [ -36.726092466999944, -5.268743232827176 ] ] ] } },
{ "type": "Feature", "properties": { "num_setor": "RN_PM_SR_01_CPRM", "munic": "PORTO DO MANGUE", "grau_risco": "Alto", "distancia_km": 0.53, "chuva_24h": 0.0, "chuva_72h": 0.0, "fonte_estacao": "openmeteo", "codigo_estacao": "openmeteo", "nome_estacao": "Open-Meteo (célula de grade)" }, "geometry": { "type": "Polygon", "coordinates": [ [ [ -36.783713502999937, -5.065568712833755 ], [ -36.784175628999947, -5.06532012883375 ], [ -36.784356745999958, -5.065239307833767 ], [ -36.78455635399996, -5.065108860833768 ], [ -36.784749850999958, -5.064940965833771 ], [ -36.784968439999943, -5.064698317833794 ], [ -36.785136342999976, -5.064593136833818 ], [ -36.78537222999995, -5.064426285833806 ], [ -36.785453046999983, -5.064468475833792 ], [ -36.785522036999971, -5.064536394833792 ], [ -36.78553500299995, -5.064647695833794 ], [ -36.785460394999973, -5.064752995833759 ], [ -36.785391992999955, -5.064908163833809 ], [ -36.785204969999938, -5.065181485833792 ], [ -36.785005014999967, -5.065293382833746 ], [ -36.784473434999938, -5.065554743833749 ], [ -36.783903799999962, -5.065847406833778 ], [ -36.783540546999973, -5.066003262833765 ], [ -36.783180283999968, -5.066209431833727 ], [ -36.78288200399993, -5.066402218833728 ], [ -36.782707162999941, -5.066576248833752 ], [ -36.782695211999965, -5.066868184833739 ], [ -36.782782253999983, -5.06702363983371 ], [ -36.783086767999976, -5.067235797833714 ], [ -36.783086810999976, -5.067273085833699 ], [ -36.783261008999943, -5.067408858833703 ], [ -36.783514701999934, -5.067626018833677 ], [ -36.783832005999955, -5.067862351833702 ], [ -36.783975469999973, -5.067986907833697 ], [ -36.784288115999971, -5.067980629833694 ], [ -36.784719779999932, -5.067949429833677 ], [ -36.78498243599995, -5.067899498833696 ], [ -36.785451398999953, -5.067955421833688 ], [ -36.78612134499997, -5.06804275083368 ], [ -36.786534582999934, -5.0682610568337 ], [ -36.786860057999945, -5.068367049833671 ], [ -36.786743071999979, -5.068616651833655 ], [ -36.786430117999942, -5.069078043833676 ], [ -36.785966997999935, -5.069907188833606 ], [ -36.785741709999961, -5.069963448833612 ], [ -36.785322608999927, -5.070106866833597 ], [ -36.785035452999978, -5.070175936833595 ], [ -36.784760890999962, -5.070120188833625 ], [ -36.784523417999935, -5.070157456833591 ], [ -36.784017348999946, -5.070169876833615 ], [ -36.783592787999964, -5.070138833833634 ], [ -36.783341770999989, -5.070138836833605 ], [ -36.782517472999984, -5.070176492833623 ], [ -36.782317911999939, -5.070238847833636 ], [ -36.782193227999983, -5.070189215833621 ], [ -36.781061501999943, -5.07023201783362 ], [ -36.780464926999969, -5.070323332833625 ], [ -36.779937066999935, -5.070416283833628 ], [ -36.779536873999973, -5.070418927833633 ], [ -36.77960500599994, -5.070165049833623 ], [ -36.77997545299997, -5.070133527833589 ], [ -36.780231789999959, -5.070034068833639 ], [ -36.780412116999969, -5.069934826833602 ], [ -36.780916348999938, -5.069618302833648 ], [ -36.781066407999965, -5.069481756833629 ], [ -36.780955064999944, -5.069264671833664 ], [ -36.780849761999946, -5.06912211883362 ], [ -36.781043495999938, -5.068917801833627 ], [ -36.781124237999961, -5.068787652833665 ], [ -36.781329161999963, -5.068669950833659 ], [ -36.781571480999958, -5.068508758833657 ], [ -36.781764239999973, -5.068390884833645 ], [ -36.782112319999953, -5.068154828833701 ], [ -36.78251785599997, -5.067856724833695 ], [ -36.782860822999957, -5.067632800833689 ], [ -36.782679972999972, -5.067378358833727 ], [ -36.782617639999955, -5.067260460833692 ], [ -36.782517938999952, -5.067179940833702 ], [ -36.78259271099995, -5.067099026833684 ], [ -36.782468102999928, -5.066913043833696 ], [ -36.782356006999969, -5.066764360833741 ], [ -36.782452281999952, -5.066682302833716 ], [ -36.782371368999975, -5.066508384833745 ], [ -36.782464643999965, -5.066415343833734 ], [ -36.782576740999957, -5.066309804833732 ], [ -36.782645468999931, -5.066142092833731 ], [ -36.783144176999933, -5.065806095833765 ], [ -36.783275454999959, -5.06577464483378 ], [ -36.783500863999961, -5.065786749833776 ], [ -36.783713502999937, -5.065568712833755 ] ] ] } },
{ "type": "Feature", "properties": { "num_setor": "RN_PM_SR_02_CPRM", "munic": "PORTO DO MANGUE", "grau_risco": "Alto", "distancia_km": 1.16, "chuva_24h": 0.0, "chuva_72h": 0.0, "fonte_estacao": "openmeteo", "codigo_estacao": "openmeteo", "nome_estacao": "Open-Meteo (célula de grade)" }, "geometry": { "type": "Polygon", "coordinates": [ [ [ -36.754836476999969, -5.152060805830952 ], [ -36.755522685999949, -5.15180841283098 ], [ -36.756351580999933, -5.151684157830982 ], [ -36.756391081999929, -5.151668230830988 ], [ -36.757148338999968, -5.151611440830962 ], [ -36.757675091999943, -5.151535581830973 ], [ -36.758116018999942, -5.151215430830995 ], [ -36.758647640999982, -5.150923258831011 ], [ -36.758615949999978, -5.150523086831012 ], [ -36.75880909399995, -5.150098306831016 ], [ -36.75880891799995, -5.150063837831006 ], [ -36.75861370399997, -5.148885892831045 ], [ -36.75925471499994, -5.148755419831036 ], [ -36.760045661999982, -5.149211468831058 ], [ -36.760520620999955, -5.149594897831054 ], [ -36.761156407999977, -5.14971914983103 ], [ -36.761087040999939, -5.15020686983104 ], [ -36.761067560999948, -5.150309023831023 ], [ -36.760960113999943, -5.151041002830971 ], [ -36.760605842999958, -5.151919926830944 ], [ -36.760252958999956, -5.152413605830914 ], [ -36.760330059999944, -5.152860056830916 ], [ -36.760580639999944, -5.153427367830896 ], [ -36.761086442999947, -5.153587999830911 ], [ -36.762767355999983, -5.153919980830886 ], [ -36.764260785999973, -5.153947193830895 ], [ -36.764340561999973, -5.154117224830871 ], [ -36.764212526999977, -5.154423616830894 ], [ -36.764190129999967, -5.154428956830858 ], [ -36.764084197999978, -5.154549312830883 ], [ -36.763836193999964, -5.154606898830849 ], [ -36.763402893999974, -5.15465168483089 ], [ -36.762729651999962, -5.15464127183086 ], [ -36.761962360999981, -5.154734279830879 ], [ -36.760753792999935, -5.154560935830863 ], [ -36.759345359999941, -5.154371297830873 ], [ -36.758780553999934, -5.154357547830879 ], [ -36.757460283999933, -5.154327293830852 ], [ -36.756823219999944, -5.154201938830894 ], [ -36.756071647999931, -5.153978286830911 ], [ -36.755225896999939, -5.153554600830894 ], [ -36.755164940999975, -5.15346830583094 ], [ -36.75445726199996, -5.153268043830917 ], [ -36.754410821999947, -5.153209763830899 ], [ -36.754371935999984, -5.153209848830912 ], [ -36.753656174999946, -5.152943856830939 ], [ -36.753062935999935, -5.152587498830919 ], [ -36.752879658999973, -5.152295136830948 ], [ -36.753127481999968, -5.152094898830965 ], [ -36.75378847099995, -5.152138697830932 ], [ -36.754836476999969, -5.152060805830952 ] ] ] } },
{ "type": "Feature", "properties": { "num_setor": "RN_PND_SR_01_CPRM", "munic": "PENDÊNCIAS", "grau_risco": "Alto", "distancia_km": 1.59, "chuva_24h": 0.0, "chuva_72h": 0.0, "fonte_estacao": "openmeteo", "codigo_estacao": "openmeteo", "nome_estacao": "Open-Meteo (célula de grade)" }, "geometry": { "type": "Polygon", "coordinates": [ [ [ -36.722913495999933, -5.262503119827384 ], [ -36.722902045999945, -5.262111563827381 ], [ -36.723112057999963, -5.262048190827402 ], [ -36.723233662999974, -5.261965509827362 ], [ -36.723063956999965, -5.261132215827431 ], [ -36.722856375999982, -5.259988020827468 ], [ -36.722493563999933, -5.258709818827476 ], [ -36.72181633799994, -5.257102618827564 ], [ -36.721006072999955, -5.255341041827589 ], [ -36.72056099699995, -5.254361239827665 ], [ -36.720163767999964, -5.253430358827653 ], [ -36.719874254999979, -5.252799337827664 ], [ -36.719776453999941, -5.252446080827711 ], [ -36.72194729399996, -5.255173093827587 ], [ -36.722960250999961, -5.257488240827559 ], [ -36.723662861999969, -5.259362301827465 ], [ -36.724313116999944, -5.261169394827428 ], [ -36.724464570999942, -5.262326176827412 ], [ -36.724808768999928, -5.263419499827328 ], [ -36.723249439999961, -5.263967084827304 ], [ -36.722913495999933, -5.262503119827384 ] ] ] } },
{ "type": "Feature", "properties": { "num_setor": "RN_PND_SR_02_CPRM", "munic": "PENDÊNCIAS", "grau_risco": "Alto", "distancia_km": 1.75, "chuva_24h": 0.0, "chuva_72h": 0.0, "fonte_estacao": "openmeteo", "codigo_estacao": "openmeteo", "nome_estacao": "Open-Meteo (célula de grade)" }, "geometry": { "type": "Polygon", "coordinates": [ [ [ -36.715281255999969, -5.233146919828341 ], [ -36.71473685199993, -5.232882216828325 ], [ -36.714524294999933, -5.232581765828343 ], [ -36.714390427999945, -5.232091971828386 ], [ -36.714002120999957, -5.231714296828357 ], [ -36.713425805999975, -5.230931904828422 ], [ -36.713280877999971, -5.230497934828419 ], [ -36.713476244999981, -5.230091376828423 ], [ -36.714428662999978, -5.229448352828445 ], [ -36.714926419999983, -5.229074485828451 ], [ -36.715242357999955, -5.228989283828472 ], [ -36.71572094499993, -5.22924754182844 ], [ -36.716531185999941, -5.229931086828437 ], [ -36.716985276999935, -5.230181751828431 ], [ -36.717487564999942, -5.230577691828395 ], [ -36.717501054999957, -5.231131324828421 ], [ -36.717152673999976, -5.231714980828349 ], [ -36.717091278999931, -5.232075591828357 ], [ -36.716890423999985, -5.232434465828369 ], [ -36.716585595999966, -5.232893063828315 ], [ -36.716252009999948, -5.233105693828335 ], [ -36.71566220699998, -5.233310741828329 ], [ -36.715281255999969, -5.233146919828341 ] ] ] } },
{ "type": "Feature", "properties": { "num_setor": "RN_IT_SR_01_CPRM", "munic": "ITAJÁ", "grau_risco": "Alto", "distancia_km": 1.13, "chuva_24h": 0.0, "chuva_72h": 0.0, "fonte_estacao": "openmeteo", "codigo_estacao": "openmeteo", "nome_estacao": "Open-Meteo (célula de grade)" }, "geometry": { "type": "Polygon", "coordinates": [ [ [ -36.864527536999965, -5.638559625815208 ], [ -36.864927158999933, -5.638214154815216 ], [ -36.865364224999951, -5.638088742815226 ], [ -36.86482474799994, -5.636590501815241 ], [ -36.865282921999949, -5.636481480815284 ], [ -36.865573229999939, -5.636402032815274 ], [ -36.866169382999942, -5.636203079815287 ], [ -36.866547553999965, -5.6360864298153 ], [ -36.86674641999997, -5.63594489881531 ], [ -36.86701912999996, -5.635726957815296 ], [ -36.867393638999943, -5.635556926815259 ], [ -36.867688410999961, -5.63540520581532 ], [ -36.868007536999983, -5.635257122815327 ], [ -36.868182274999981, -5.635232189815301 ], [ -36.868370689999942, -5.6352875748153 ], [ -36.868451218999958, -5.635391279815307 ], [ -36.868445834999932, -5.635566160815269 ], [ -36.868336889999973, -5.63565431081527 ], [ -36.868060242999945, -5.635717517815316 ], [ -36.867768355999942, -5.63576288881531 ], [ -36.867376885999931, -5.6358485248153 ], [ -36.867185205999931, -5.635868627815299 ], [ -36.867183256999965, -5.635996677815293 ], [ -36.867233219999953, -5.63629458281526 ], [ -36.86728280899996, -5.636602054815272 ], [ -36.867301212999962, -5.636841290815232 ], [ -36.867176871999952, -5.636973011815239 ], [ -36.867116082999985, -5.637051133815229 ], [ -36.867113926999934, -5.637184733815245 ], [ -36.867012474999967, -5.637381581815212 ], [ -36.866803033999929, -5.63744678881524 ], [ -36.86659134599995, -5.637480286815243 ], [ -36.866531388999931, -5.637637003815213 ], [ -36.866390170999978, -5.637910149815191 ], [ -36.866318475999947, -5.638099730815211 ], [ -36.866237059999946, -5.638214789815211 ], [ -36.866074779999963, -5.638317472815219 ], [ -36.865668826999979, -5.638402416815198 ], [ -36.865257808999957, -5.638519698815216 ], [ -36.864843211999982, -5.638685001815173 ], [ -36.864643235999949, -5.638758837815179 ], [ -36.864605491999953, -5.638808599815182 ], [ -36.864606113999969, -5.638996257815187 ], [ -36.864614822999961, -5.639090034815212 ], [ -36.864167558999945, -5.639265910815153 ], [ -36.863912383999946, -5.639361331815176 ], [ -36.863343712999949, -5.639662735815144 ], [ -36.863259644999971, -5.639872577815138 ], [ -36.862916453999958, -5.64024510881516 ], [ -36.862221825999939, -5.640781962815109 ], [ -36.861700044999957, -5.641185311815111 ], [ -36.860783355999956, -5.641438073815104 ], [ -36.860391428999947, -5.641486630815116 ], [ -36.860118116999956, -5.641259138815099 ], [ -36.860026416999965, -5.641099958815137 ], [ -36.859991529999945, -5.640803099815141 ], [ -36.859963899999968, -5.640246588815148 ], [ -36.859782560999967, -5.640148380815156 ], [ -36.859541479999962, -5.64004289481516 ], [ -36.859444877999969, -5.639957992815141 ], [ -36.859418720999933, -5.639820474815171 ], [ -36.85950698399995, -5.639702148815168 ], [ -36.859776912999962, -5.639384736815158 ], [ -36.86032456899995, -5.639163489815153 ], [ -36.860328169999946, -5.639048941815162 ], [ -36.860258613999967, -5.638437200815176 ], [ -36.860601541999976, -5.638183185815191 ], [ -36.861401051999962, -5.637788400815235 ], [ -36.861846119999939, -5.637577288815253 ], [ -36.861893561999977, -5.637702249815233 ], [ -36.862019809999936, -5.637774040815206 ], [ -36.862134707999985, -5.637783957815214 ], [ -36.862650241999972, -5.637543788815226 ], [ -36.862929001999937, -5.637509896815252 ], [ -36.86323921099995, -5.637536926815204 ], [ -36.863489270999935, -5.637569113815253 ], [ -36.863876312999942, -5.637360875815228 ], [ -36.864049382999951, -5.637583457815212 ], [ -36.864162298999929, -5.637778080815237 ], [ -36.864321935999953, -5.638190064815209 ], [ -36.864453681999976, -5.63864166281517 ], [ -36.864527536999965, -5.638559625815208 ] ] ] } },
{ "type": "Feature", "properties": { "num_setor": "RN_IT_SR_02_CPRM", "munic": "ITAJÁ", "grau_risco": "Alto", "distancia_km": 1.65, "chuva_24h": 0.0, "chuva_72h": 0.0, "fonte_estacao": "openmeteo", "codigo_estacao": "openmeteo", "nome_estacao": "Open-Meteo (célula de grade)" }, "geometry": { "type": "Polygon", "coordinates": [ [ [ -36.873556441999938, -5.676259372813963 ], [ -36.873423424999942, -5.676119518813962 ], [ -36.873294949999945, -5.675816740813989 ], [ -36.873181943999953, -5.67566233481401 ], [ -36.873375995999936, -5.675547833813979 ], [ -36.873573705999945, -5.675496404813977 ], [ -36.87371686299997, -5.675587377813972 ], [ -36.873802101999956, -5.675815611813989 ], [ -36.873897330999966, -5.676036936813961 ], [ -36.873881453999957, -5.676203476813964 ], [ -36.873850294999961, -5.67632596681399 ], [ -36.873699648999946, -5.676349198813981 ], [ -36.873556441999938, -5.676259372813963 ] ] ] } },
{ "type": "Feature", "properties": { "num_setor": "RN_IP_SR_02_CPRM", "munic": "IPANGUAÇU", "grau_risco": "Alto", "distancia_km": 0.99, "chuva_24h": 0.0, "chuva_72h": 0.0, "fonte_estacao": "openmeteo", "codigo_estacao": "openmeteo", "nome_estacao": "Open-Meteo (célula de grade)" }, "geometry": { "type": "Polygon", "coordinates": [ [ [ -36.836775767999939, -5.528583620818742 ], [ -36.835763021999981, -5.526153955818854 ], [ -36.835235558999955, -5.52351787281891 ], [ -36.833366966999961, -5.520761562819002 ], [ -36.832370952999952, -5.518432318819074 ], [ -36.827505713999983, -5.513072207819231 ], [ -36.830517379999947, -5.510592629819344 ], [ -36.832129929999951, -5.508717572819402 ], [ -36.833681239999969, -5.507822143819403 ], [ -36.835882083999934, -5.508226442819417 ], [ -36.837745366999975, -5.509760745819334 ], [ -36.839078818999951, -5.512438342819253 ], [ -36.839474281999969, -5.514428515819215 ], [ -36.839269837999957, -5.517496373819125 ], [ -36.840542274999962, -5.521104582818999 ], [ -36.845348957999931, -5.526424814818796 ], [ -36.846247295999945, -5.52835506881874 ], [ -36.848129043999961, -5.530884175818701 ], [ -36.843821830999957, -5.533175072818586 ], [ -36.836775767999939, -5.528583620818742 ] ] ] } },
{ "type": "Feature", "properties": { "num_setor": "RN_IP_SR_03_CPRM", "munic": "IPANGUAÇU", "grau_risco": "Alto", "distancia_km": 1.78, "chuva_24h": 0.0, "chuva_72h": 0.0, "fonte_estacao": "openmeteo", "codigo_estacao": "openmeteo", "nome_estacao": "Open-Meteo (célula de grade)" }, "geometry": { "type": "Polygon", "coordinates": [ [ [ -36.852238406999959, -5.498608958819736 ], [ -36.851741487999959, -5.495784244819788 ], [ -36.850839617999952, -5.492970271819936 ], [ -36.849550485999941, -5.489181725820047 ], [ -36.849121502999935, -5.487338972820095 ], [ -36.850466840999957, -5.487120429820091 ], [ -36.852695774999972, -5.487223790820104 ], [ -36.853880383999972, -5.487429799820108 ], [ -36.856393083999933, -5.499439165819686 ], [ -36.858093660999941, -5.499632229819711 ], [ -36.858996622999939, -5.499531534819697 ], [ -36.859470227999971, -5.499881537819686 ], [ -36.861575742999946, -5.502954445819564 ], [ -36.86297779299997, -5.504648722819524 ], [ -36.864713334999976, -5.506474249819457 ], [ -36.864906505999954, -5.50699916481947 ], [ -36.864411031999964, -5.507780281819419 ], [ -36.862821022999981, -5.508380386819391 ], [ -36.862504744999967, -5.507944389819438 ], [ -36.861952401999929, -5.50813883681939 ], [ -36.860835649999956, -5.508513692819388 ], [ -36.860802106999984, -5.508917213819394 ], [ -36.860778407999931, -5.509187545819393 ], [ -36.860093712999969, -5.509377639819395 ], [ -36.859871036999948, -5.509476337819373 ], [ -36.860155979999945, -5.510500976819327 ], [ -36.860454310999955, -5.511704343819303 ], [ -36.858228164999957, -5.512463168819267 ], [ -36.857460050999975, -5.511124258819297 ], [ -36.856192252999961, -5.508889180819415 ], [ -36.855293366999938, -5.508653458819404 ], [ -36.854554342999954, -5.50833013681943 ], [ -36.854001574999984, -5.507035927819431 ], [ -36.854001631999949, -5.50539981481953 ], [ -36.85359023999996, -5.502910312819598 ], [ -36.852780741999936, -5.500642246819679 ], [ -36.852238406999959, -5.498608958819736 ] ] ] } },
{ "type": "Feature", "properties": { "num_setor": "RN_JAP_SR_03_CPRM", "munic": "JARDIM DE PIRANHAS", "grau_risco": "Alto", "distancia_km": 2.22, "chuva_24h": 0.0, "chuva_72h": 0.0, "fonte_estacao": "openmeteo", "codigo_estacao": "openmeteo", "nome_estacao": "Open-Meteo (célula de grade)" }, "geometry": { "type": "Polygon", "coordinates": [ [ [ -37.355193641999961, -6.381763547791249 ], [ -37.355338092999943, -6.381707385791234 ], [ -37.355439455999942, -6.381696123791245 ], [ -37.355482910999967, -6.381761532791247 ], [ -37.355504021999934, -6.38183223579125 ], [ -37.355492056999935, -6.381904264791213 ], [ -37.355323794999947, -6.382072886791202 ], [ -37.355271865999953, -6.382103583791194 ], [ -37.355186292999974, -6.382137207791224 ], [ -37.355124555999957, -6.382172277791192 ], [ -37.355078489999983, -6.382221589791227 ], [ -37.355011245999947, -6.382334163791185 ], [ -37.354972253999961, -6.382427272791214 ], [ -37.354898046999942, -6.38244128079121 ], [ -37.354802288999963, -6.38243911079119 ], [ -37.354791511999963, -6.382436456791177 ], [ -37.354674548999988, -6.382396560791204 ], [ -37.354559221999985, -6.382383776791221 ], [ -37.354429681999932, -6.382367439791189 ], [ -37.354288235999938, -6.382373733791194 ], [ -37.354181631999957, -6.382388284791182 ], [ -37.354044361999968, -6.38236638779123 ], [ -37.354033378999929, -6.382367064791177 ], [ -37.353960930999961, -6.382329045791194 ], [ -37.353950526999938, -6.382254363791202 ], [ -37.354063159999946, -6.38212236479119 ], [ -37.354175882999982, -6.382067892791204 ], [ -37.354263608999929, -6.381963825791211 ], [ -37.35436415099997, -6.381887788791231 ], [ -37.354383412999937, -6.381881076791211 ], [ -37.354418095999954, -6.381867995791195 ], [ -37.354587081999973, -6.38181212879124 ], [ -37.354761954999958, -6.381794654791238 ], [ -37.354782585999942, -6.381797485791198 ], [ -37.355007894999972, -6.381798324791245 ], [ -37.355193641999961, -6.381763547791249 ] ] ] } },
{ "type": "Feature", "properties": { "num_setor": "RN_JAP_SR_04_CPRM", "munic": "JARDIM DE PIRANHAS", "grau_risco": "Alto", "distancia_km": 1.93, "chuva_24h": 0.0, "chuva_72h": 0.0, "fonte_estacao": "openmeteo", "codigo_estacao": "openmeteo", "nome_estacao": "Open-Meteo (célula de grade)" }, "geometry": { "type": "Polygon", "coordinates": [ [ [ -37.350110923999985, -6.3855838587911 ], [ -37.350075975999971, -6.385583283791101 ], [ -37.34989974299998, -6.385494460791103 ], [ -37.349895538999931, -6.385491226791092 ], [ -37.34979889199996, -6.385419851791085 ], [ -37.349739667999984, -6.385283749791086 ], [ -37.349668273999953, -6.385011790791118 ], [ -37.349636529999941, -6.38483266179112 ], [ -37.349660990999951, -6.384741904791117 ], [ -37.349693700999978, -6.384641811791107 ], [ -37.349768833999974, -6.384610893791118 ], [ -37.349800610999978, -6.384600046791113 ], [ -37.349938039999984, -6.384564326791145 ], [ -37.350043975999931, -6.384538928791156 ], [ -37.350233731999936, -6.384531308791137 ], [ -37.350586349999958, -6.384450944791152 ], [ -37.350721720999957, -6.384391101791125 ], [ -37.350867791, -6.384349242791167 ], [ -37.35115198099993, -6.384273214791145 ], [ -37.35146896599997, -6.384225668791126 ], [ -37.351613735999933, -6.384180103791131 ], [ -37.351621648999981, -6.384179371791143 ], [ -37.351882804999939, -6.384104135791158 ], [ -37.351986494999956, -6.384127068791123 ], [ -37.35215846899996, -6.384509069791162 ], [ -37.352165739999975, -6.384529899791144 ], [ -37.352172980999967, -6.384550644791121 ], [ -37.35220518999995, -6.384772138791121 ], [ -37.352207104999934, -6.384894743791123 ], [ -37.352201869999931, -6.384941688791129 ], [ -37.352197458999974, -6.384959189791129 ], [ -37.352189966999958, -6.384978195791136 ], [ -37.352181967999968, -6.385005837791096 ], [ -37.352122183999938, -6.385105008791135 ], [ -37.352118445999963, -6.38511298279111 ], [ -37.352114539999945, -6.385132390791116 ], [ -37.352078141999989, -6.385162114791121 ], [ -37.352060040999959, -6.385175022791092 ], [ -37.352031169999975, -6.385196359791117 ], [ -37.35201318999998, -6.385209180791096 ], [ -37.351998842999933, -6.385217914791103 ], [ -37.351973796999964, -6.38523129779111 ], [ -37.35196308299993, -6.385235955791137 ], [ -37.351931038999965, -6.385261059791111 ], [ -37.351923950999947, -6.385269093791127 ], [ -37.351913360999951, -6.385284816791113 ], [ -37.35187822599994, -6.385328327791113 ], [ -37.351864281999944, -6.385347813791099 ], [ -37.351864360999969, -6.385355103791086 ], [ -37.351854044999982, -6.385377808791131 ], [ -37.351802344999953, -6.38544565779113 ], [ -37.351791109999965, -6.385467023791133 ], [ -37.351785560999929, -6.385478485791106 ], [ -37.351774594999938, -6.385493914791074 ], [ -37.351751046999937, -6.385506656791105 ], [ -37.351710371999957, -6.385532932791131 ], [ -37.351689624999942, -6.385534687791105 ], [ -37.351658513999951, -6.385537320791108 ], [ -37.351648145999945, -6.385538197791102 ], [ -37.351617049999959, -6.385540828791132 ], [ -37.351474041999957, -6.385579921791127 ], [ -37.351448861999984, -6.385583715791076 ], [ -37.351403779999941, -6.385592507791096 ], [ -37.351346654999929, -6.385592328791112 ], [ -37.351319916999955, -6.385594581791102 ], [ -37.351287334999938, -6.385586235791084 ], [ -37.351270162999981, -6.385587686791089 ], [ -37.351253260999961, -6.385592608791105 ], [ -37.351020907999946, -6.385619207791128 ], [ -37.350996970999972, -6.385621228791127 ], [ -37.350983294999935, -6.385622383791081 ], [ -37.350819358999956, -6.385608316791083 ], [ -37.350791546999965, -6.385607169791106 ], [ -37.350774435999938, -6.385608617791081 ], [ -37.350557565999964, -6.385616467791114 ], [ -37.350543899999934, -6.385617625791093 ], [ -37.35052681999997, -6.385619071791084 ], [ -37.350323702999958, -6.385625761791109 ], [ -37.350291757999969, -6.38562144979112 ], [ -37.35027810899993, -6.385622606791109 ], [ -37.350260413999941, -6.385620594791128 ], [ -37.350110923999985, -6.3855838587911 ] ] ] } },
{ "type": "Feature", "properties": { "num_setor": "RN_JAP_SR_01_CPRM", "munic": "JARDIM DE PIRANHAS", "grau_risco": "Alto", "distancia_km": 1.05, "chuva_24h": 0.0, "chuva_72h": 0.0, "fonte_estacao": "openmeteo", "codigo_estacao": "openmeteo", "nome_estacao": "Open-Meteo (célula de grade)" }, "geometry": { "type": "Polygon", "coordinates": [ [ [ -37.349691202999963, -6.372951789791498 ], [ -37.34962795399997, -6.372732533791528 ], [ -37.349458522999953, -6.37229461279153 ], [ -37.349255176999975, -6.37205232279152 ], [ -37.34910489899994, -6.371860928791569 ], [ -37.348832737999942, -6.371613958791541 ], [ -37.348512307999947, -6.371398994791543 ], [ -37.348188265999966, -6.371109835791573 ], [ -37.348065801999951, -6.370878322791561 ], [ -37.347978388999934, -6.37062778179156 ], [ -37.347953071999939, -6.370221354791596 ], [ -37.34809499499994, -6.37009634479163 ], [ -37.348526511999971, -6.369941696791596 ], [ -37.348540131999982, -6.369939717791608 ], [ -37.348948710999935, -6.369880330791592 ], [ -37.349012226999946, -6.369871098791624 ], [ -37.349401245999964, -6.369856035791587 ], [ -37.349436778999973, -6.369850749791611 ], [ -37.349819778999972, -6.369974663791576 ], [ -37.350052278999954, -6.370127256791631 ], [ -37.350049722999984, -6.370306619791596 ], [ -37.350065515, -6.370476378791608 ], [ -37.35008113799995, -6.370605598791562 ], [ -37.350089446999959, -6.370642033791587 ], [ -37.350139904999935, -6.370772278791561 ], [ -37.350275662999934, -6.370860895791576 ], [ -37.350291442999939, -6.370988836791591 ], [ -37.350315486999939, -6.371153222791579 ], [ -37.350375080999981, -6.371296774791573 ], [ -37.350616160999948, -6.371439575791551 ], [ -37.350711525999934, -6.371609367791557 ], [ -37.350825612999976, -6.371757586791525 ], [ -37.350901157999942, -6.371847497791555 ], [ -37.350919877999956, -6.37196738879155 ], [ -37.350905671999953, -6.372098375791527 ], [ -37.350880535999977, -6.372261392791549 ], [ -37.350785249999937, -6.372358473791524 ], [ -37.350660319999974, -6.372457936791546 ], [ -37.349726811999972, -6.373009260791488 ], [ -37.349691202999963, -6.372951789791498 ] ] ] } },
{ "type": "Feature", "properties": { "num_setor": "RN_JAP_SR_02_CPRM", "munic": "JARDIM DE PIRANHAS", "grau_risco": "Alto", "distancia_km": 1.72, "chuva_24h": 0.0, "chuva_72h": 0.0, "fonte_estacao": "openmeteo", "codigo_estacao": "openmeteo", "nome_estacao": "Open-Meteo (célula de grade)" }, "geometry": { "type": "Polygon", "coordinates": [ [ [ -37.35341469399998, -6.376999672791375 ], [ -37.353365090999944, -6.376928471791403 ], [ -37.35332352599994, -6.376793861791378 ], [ -37.353283513999941, -6.376698550791383 ], [ -37.35327370299995, -6.376624264791416 ], [ -37.353261268999972, -6.376554635791422 ], [ -37.353256639999977, -6.376489595791387 ], [ -37.353263281999944, -6.376421919791373 ], [ -37.353350611999929, -6.376363561791391 ], [ -37.35347673299998, -6.376326710791381 ], [ -37.35362512699993, -6.376292839791413 ], [ -37.35367434799997, -6.376424917791383 ], [ -37.353711430999965, -6.376534835791403 ], [ -37.353768504999948, -6.376722126791373 ], [ -37.353793701999962, -6.376820651791369 ], [ -37.353811027999939, -6.376898683791397 ], [ -37.353820265999957, -6.376967040791372 ], [ -37.353758935999956, -6.376993647791368 ], [ -37.353712388999959, -6.377020100791397 ], [ -37.35359780999994, -6.377045336791396 ], [ -37.353488432999939, -6.3770462767914 ], [ -37.35341469399998, -6.376999672791375 ] ] ] } },
{ "type": "Feature", "properties": { "num_setor": "RN_GO_SR_01_CPRM", "munic": "GOIANINHA", "grau_risco": "Alto", "distancia_km": 1.12, "chuva_24h": 0.0, "chuva_72h": 0.4, "fonte_estacao": "openmeteo", "codigo_estacao": "openmeteo", "nome_estacao": "Open-Meteo (célula de grade)" }, "geometry": { "type": "Polygon", "coordinates": [ [ [ -35.205039616999954, -6.273128062794712 ], [ -35.205628363999949, -6.270931366794786 ], [ -35.206934188999981, -6.27231303779473 ], [ -35.206805236999969, -6.272603564794722 ], [ -35.207367407999982, -6.272903234794716 ], [ -35.207095606999928, -6.273793013794718 ], [ -35.206879558999958, -6.273751107794691 ], [ -35.206696313999934, -6.273725411794726 ], [ -35.206378405999942, -6.273648333794724 ], [ -35.206055976999949, -6.273658854794705 ], [ -35.205039616999954, -6.273128062794712 ] ] ] } },
{ "type": "Feature", "properties": { "num_setor": "RN_GO_SR_02_CPRM", "munic": "GOIANINHA", "grau_risco": "Alto", "distancia_km": 0.86, "chuva_24h": 0.0, "chuva_72h": 0.4, "fonte_estacao": "openmeteo", "codigo_estacao": "openmeteo", "nome_estacao": "Open-Meteo (célula de grade)" }, "geometry": { "type": "Polygon", "coordinates": [ [ [ -35.21125286399996, -6.272213844794751 ], [ -35.211417487999938, -6.272104516794748 ], [ -35.212090814999954, -6.272480104794725 ], [ -35.212266995999983, -6.272339804794733 ], [ -35.212670440999936, -6.272213029794727 ], [ -35.212997706999936, -6.27241403579472 ], [ -35.212957270999937, -6.272916237794711 ], [ -35.212702080999968, -6.273094955794734 ], [ -35.212313698999935, -6.273068259794715 ], [ -35.212130524999964, -6.273182136794704 ], [ -35.211603679999939, -6.273269416794699 ], [ -35.21125286399996, -6.272213844794751 ] ] ] } },
{ "type": "Feature", "properties": { "num_setor": "RN_CEM_SR_02_CPRM", "munic": "CEARÁ-MIRIM", "grau_risco": "Alto", "distancia_km": 0.87, "chuva_24h": 0.0, "chuva_72h": 0.2, "fonte_estacao": "openmeteo", "codigo_estacao": "openmeteo", "nome_estacao": "Open-Meteo (célula de grade)" }, "geometry": { "type": "Polygon", "coordinates": [ [ [ -35.388609619999954, -5.633550574815369 ], [ -35.38973627799993, -5.633079523815344 ], [ -35.39145799399995, -5.632855926815405 ], [ -35.393226617999971, -5.633343065815366 ], [ -35.396405835999929, -5.63431408881531 ], [ -35.397492245999956, -5.634553587815327 ], [ -35.397803261999961, -5.637472063815228 ], [ -35.396535207999932, -5.637307891815253 ], [ -35.39474112399995, -5.637056772815221 ], [ -35.393634120999934, -5.636900688815255 ], [ -35.392676805999947, -5.637044642815262 ], [ -35.391959853999936, -5.637348675815216 ], [ -35.390539261999947, -5.637395205815235 ], [ -35.388218378999959, -5.638046462815232 ], [ -35.386608582999941, -5.638634099815169 ], [ -35.385269650999923, -5.639024085815174 ], [ -35.384027657999972, -5.638977864815188 ], [ -35.381652348999978, -5.639059773815196 ], [ -35.379672594999931, -5.639506298815162 ], [ -35.378166009999966, -5.639980689815162 ], [ -35.375550026999974, -5.640714203815119 ], [ -35.375788402999945, -5.636471184815257 ], [ -35.376795319999928, -5.634220918815362 ], [ -35.378644685999973, -5.634811227815296 ], [ -35.380826653999975, -5.63550206481531 ], [ -35.382346627999937, -5.634800123815346 ], [ -35.383245484999968, -5.633521063815384 ], [ -35.383985111999955, -5.633064201815376 ], [ -35.38494932499998, -5.633081616815382 ], [ -35.38570930599996, -5.633669226815333 ], [ -35.386958084999947, -5.633902252815366 ], [ -35.388609619999954, -5.633550574815369 ] ] ] } },
{ "type": "Feature", "properties": { "num_setor": "RN_CEM_SR_03_CPRM", "munic": "CEARÁ-MIRIM", "grau_risco": "Alto", "distancia_km": 1.79, "chuva_24h": 0.0, "chuva_72h": 0.4, "fonte_estacao": "openmeteo", "codigo_estacao": "openmeteo", "nome_estacao": "Open-Meteo (célula de grade)" }, "geometry": { "type": "Polygon", "coordinates": [ [ [ -35.364269982999929, -5.647286875814917 ], [ -35.363991111999951, -5.646597375814915 ], [ -35.363699371999928, -5.645810882814976 ], [ -35.363560546999963, -5.64472367881503 ], [ -35.363173441999947, -5.643212328815032 ], [ -35.362769668999931, -5.642235786815072 ], [ -35.362980398999973, -5.641709979815115 ], [ -35.363976970999936, -5.641350027815134 ], [ -35.366448990999963, -5.641058801815137 ], [ -35.368659850999961, -5.6408194818151 ], [ -35.370332047999973, -5.640638764815125 ], [ -35.371371296999939, -5.640616517815122 ], [ -35.371748990999947, -5.64152949481508 ], [ -35.371239186999951, -5.642690215815064 ], [ -35.369621656999989, -5.645832831814949 ], [ -35.368630692999943, -5.647270031814897 ], [ -35.365916225999968, -5.64745797481491 ], [ -35.364269982999929, -5.647286875814917 ] ] ] } },
{ "type": "Feature", "properties": { "num_setor": "RN_GM_SR_01_CPRM", "munic": "GUAMARÉ", "grau_risco": "Alto", "distancia_km": 0.93, "chuva_24h": 0.0, "chuva_72h": 0.0, "fonte_estacao": "openmeteo", "codigo_estacao": "openmeteo", "nome_estacao": "Open-Meteo (célula de grade)" }, "geometry": { "type": "Polygon", "coordinates": [ [ [ -36.310850357999982, -5.136208789831472 ], [ -36.31085001699995, -5.136200560831472 ], [ -36.310793418999936, -5.135982810831486 ], [ -36.311043749999953, -5.1350918208315 ], [ -36.311132668999967, -5.134004382831521 ], [ -36.310949673999978, -5.13273406583158 ], [ -36.310805324999933, -5.132046854831591 ], [ -36.310684107999975, -5.131476945831632 ], [ -36.310553309999932, -5.131106738831646 ], [ -36.310438401999932, -5.130883264831658 ], [ -36.310358537999946, -5.130784312831625 ], [ -36.310360876999937, -5.130639646831645 ], [ -36.310397573999978, -5.130504916831643 ], [ -36.310439150999962, -5.130438982831678 ], [ -36.310581239999983, -5.130413797831663 ], [ -36.31074567099995, -5.130479811831676 ], [ -36.310753894999955, -5.130488956831658 ], [ -36.311005178999949, -5.13063224183163 ], [ -36.311153687999933, -5.130797424831659 ], [ -36.311266592999971, -5.130938436831629 ], [ -36.311436242999946, -5.131139264831627 ], [ -36.31151756099996, -5.131375325831627 ], [ -36.311577532999934, -5.131583771831611 ], [ -36.311577316999944, -5.131589467831629 ], [ -36.311593494999954, -5.131813716831598 ], [ -36.311620381999951, -5.132022910831632 ], [ -36.311780309999961, -5.132391888831605 ], [ -36.311885485999937, -5.132540698831584 ], [ -36.311985779999922, -5.132762880831591 ], [ -36.311985436999983, -5.132771977831563 ], [ -36.311990186999935, -5.132799234831563 ], [ -36.312059128999977, -5.132940337831591 ], [ -36.31205826799993, -5.132958249831564 ], [ -36.312057981999949, -5.132964210831567 ], [ -36.312136512999984, -5.133143997831598 ], [ -36.312135768999951, -5.133158439831551 ], [ -36.312135470999984, -5.133164207831543 ], [ -36.312151802999956, -5.133332383831577 ], [ -36.312151652999951, -5.133335198831536 ], [ -36.312192973999963, -5.133480376831558 ], [ -36.312192143999937, -5.133494165831537 ], [ -36.312194054999971, -5.133507930831545 ], [ -36.31220143599996, -5.133521675831534 ], [ -36.312246613999939, -5.133668226831524 ], [ -36.31224574099997, -5.133681624831553 ], [ -36.312244694999947, -5.133697664831541 ], [ -36.312258597999971, -5.133811496831544 ], [ -36.312255206999964, -5.133821981831566 ], [ -36.312230347999957, -5.134198363831507 ], [ -36.312170801999976, -5.134416639831499 ], [ -36.312175569999965, -5.134575247831545 ], [ -36.312096326999949, -5.135164319831487 ], [ -36.312087453999936, -5.135552907831502 ], [ -36.312092349999944, -5.135947245831466 ], [ -36.312087252999959, -5.136192361831498 ], [ -36.312081685999935, -5.136287432831464 ], [ -36.311937012999984, -5.13632476283146 ], [ -36.311779596999941, -5.136273359831474 ], [ -36.311660675999974, -5.136254199831454 ], [ -36.311521661999961, -5.136278428831472 ], [ -36.311358764999966, -5.136345518831488 ], [ -36.311256562999979, -5.136403977831487 ], [ -36.311194649999941, -5.136411846831491 ], [ -36.311134931999959, -5.136395830831463 ], [ -36.311064005999981, -5.136374400831465 ], [ -36.310926484999982, -5.136328551831459 ], [ -36.310850357999982, -5.136208789831472 ] ] ] } },
{ "type": "Feature", "properties": { "num_setor": "RN_IP_SR_01_CPRM", "munic": "IPANGUAÇU", "grau_risco": "Alto", "distancia_km": 0.85, "chuva_24h": 0.0, "chuva_72h": 0.0, "fonte_estacao": "openmeteo", "codigo_estacao": "openmeteo", "nome_estacao": "Open-Meteo (célula de grade)" }, "geometry": { "type": "Polygon", "coordinates": [ [ [ -36.864657694999948, -5.510404437819359 ], [ -36.866322944999979, -5.509865350819379 ], [ -36.866835526999978, -5.511247875819333 ], [ -36.864328798999964, -5.512226780819311 ], [ -36.862444463999964, -5.513090094819242 ], [ -36.862268737999955, -5.513768089819201 ], [ -36.862442477999934, -5.514654944819213 ], [ -36.862608403999957, -5.515324413819191 ], [ -36.86267761299996, -5.516016803819157 ], [ -36.863034975999938, -5.517521591819134 ], [ -36.863397759999948, -5.518957440819054 ], [ -36.864093554999961, -5.52056717781903 ], [ -36.86425711499993, -5.521055929818975 ], [ -36.864262394999969, -5.521072874819001 ], [ -36.86455362199996, -5.521958654818954 ], [ -36.864906513999983, -5.523017673818943 ], [ -36.865628214999958, -5.524116153818902 ], [ -36.865859383999975, -5.525005970818844 ], [ -36.86522578499995, -5.525240383818889 ], [ -36.865011914999968, -5.525345311818866 ], [ -36.863906408999981, -5.525731075818829 ], [ -36.862825136999966, -5.524539362818906 ], [ -36.860724606999952, -5.519133757819058 ], [ -36.859349712999972, -5.51710502181913 ], [ -36.858588278999939, -5.514828281819183 ], [ -36.861285659999965, -5.513979188819214 ], [ -36.86081442099993, -5.512251225819265 ], [ -36.860318223999961, -5.510479568819314 ], [ -36.860583315999975, -5.510395798819368 ], [ -36.860921266999981, -5.510261777819369 ], [ -36.861422151999925, -5.510077049819355 ], [ -36.861626967999946, -5.510594028819328 ], [ -36.862020055999949, -5.510540689819356 ], [ -36.862119028999977, -5.510569656819346 ], [ -36.862385549999942, -5.511217216819331 ], [ -36.863247309999963, -5.511105366819339 ], [ -36.863000967999938, -5.51027612981936 ], [ -36.863561265999969, -5.510110355819328 ], [ -36.864059447999978, -5.510281643819368 ], [ -36.864189600999964, -5.510574362819319 ], [ -36.864657694999948, -5.510404437819359 ] ] ] } },
{ "type": "Feature", "properties": { "num_setor": "RN_GO_SR_03_CPRM", "munic": "GOIANINHA", "grau_risco": "Alto", "distancia_km": 1.63, "chuva_24h": 0.0, "chuva_72h": 0.4, "fonte_estacao": "openmeteo", "codigo_estacao": "openmeteo", "nome_estacao": "Open-Meteo (célula de grade)" }, "geometry": { "type": "Polygon", "coordinates": [ [ [ -35.212253394999955, -6.266868196794925 ], [ -35.211975798999958, -6.266725760794949 ], [ -35.211504434999931, -6.266525568794935 ], [ -35.210938794999954, -6.266281291794962 ], [ -35.210582996999953, -6.266062655794965 ], [ -35.210671791999964, -6.265684805794975 ], [ -35.210849231999937, -6.265275043794983 ], [ -35.211299699999984, -6.265244855795002 ], [ -35.211468410999942, -6.265351500794958 ], [ -35.211581790999965, -6.265464904794947 ], [ -35.211702841999973, -6.265615794794984 ], [ -35.211970939999958, -6.265877835794955 ], [ -35.212109947999977, -6.265943333794932 ], [ -35.21238012699996, -6.265971046794936 ], [ -35.212510941999938, -6.266046246794958 ], [ -35.21272261699994, -6.266438168794952 ], [ -35.212728966999983, -6.266825122794902 ], [ -35.212505035999982, -6.266961450794896 ], [ -35.212253394999955, -6.266868196794925 ] ] ] } },
{ "type": "Feature", "properties": { "num_setor": "RN_GO_SR_04_CPRM", "munic": "GOIANINHA", "grau_risco": "Alto", "distancia_km": 0.48, "chuva_24h": 0.0, "chuva_72h": 0.4, "fonte_estacao": "openmeteo", "codigo_estacao": "openmeteo", "nome_estacao": "Open-Meteo (célula de grade)" }, "geometry": { "type": "Polygon", "coordinates": [ [ [ -35.214964071999937, -6.253886624795337 ], [ -35.214643155999958, -6.253670219795343 ], [ -35.214896855999939, -6.253154137795367 ], [ -35.21523831199994, -6.253163195795354 ], [ -35.215731881999943, -6.253291487795351 ], [ -35.215997052999967, -6.253574277795368 ], [ -35.215902510999967, -6.253933281795314 ], [ -35.215438067999962, -6.254079060795352 ], [ -35.214964071999937, -6.253886624795337 ] ] ] } },
{ "type": "Feature", "properties": { "num_setor": "RN_SERRANE_SR_003_CPRM", "munic": "SERRA NEGRA DO NORTE", "grau_risco": "Alto", "distancia_km": 0.48, "chuva_24h": 0.0, "chuva_72h": 0.0, "fonte_estacao": "openmeteo", "codigo_estacao": "openmeteo", "nome_estacao": "Open-Meteo (célula de grade)" }, "geometry": { "type": "Polygon", "coordinates": [ [ [ -37.395667257999946, -6.662345253782207 ], [ -37.395593584999972, -6.66227215078223 ], [ -37.395636710999945, -6.662199699782236 ], [ -37.395679264999956, -6.662193165782216 ], [ -37.395749507999938, -6.662265207782213 ], [ -37.39575040699998, -6.662308007782229 ], [ -37.39571677999993, -6.662338266782196 ], [ -37.395667257999946, -6.662345253782207 ] ] ] } },
{ "type": "Feature", "properties": { "num_setor": "RN_SERRANE_SR_001_CPRM", "munic": "SERRA NEGRA DO NORTE", "grau_risco": "Alto", "distancia_km": 0.71, "chuva_24h": 0.0, "chuva_72h": 0.0, "fonte_estacao": "openmeteo", "codigo_estacao": "openmeteo", "nome_estacao": "Open-Meteo (célula de grade)" }, "geometry": { "type": "Polygon", "coordinates": [ [ [ -37.397752949999983, -6.670911653781936 ], [ -37.397395573999965, -6.671089630781949 ], [ -37.397022473999982, -6.671042455781933 ], [ -37.396632219999958, -6.670785852781917 ], [ -37.396271984999942, -6.670682211781967 ], [ -37.395923186999937, -6.670486364781925 ], [ -37.39556152199998, -6.670286228781944 ], [ -37.394953268999984, -6.669996746781985 ], [ -37.39455658199995, -6.669727992782007 ], [ -37.394073409999976, -6.669550015781988 ], [ -37.393746053999969, -6.669439225781982 ], [ -37.393454434999967, -6.669509988781981 ], [ -37.392949105999953, -6.669867373782002 ], [ -37.392321553999977, -6.670219754781955 ], [ -37.391437405999966, -6.670462062781945 ], [ -37.390936365999949, -6.670179727781941 ], [ -37.390664759999936, -6.669550729781997 ], [ -37.390628307999975, -6.669138307781998 ], [ -37.39065332399997, -6.668738036782019 ], [ -37.390721939999935, -6.668434258782044 ], [ -37.390972102999967, -6.667913190782051 ], [ -37.391288737999957, -6.667651584782019 ], [ -37.391605372999948, -6.667404274782063 ], [ -37.391942735999976, -6.667236303782076 ], [ -37.392265803999976, -6.666929667782077 ], [ -37.392683217999945, -6.666693078782089 ], [ -37.393179969999949, -6.666407884782085 ], [ -37.393473732999951, -6.665971159782115 ], [ -37.393603102999975, -6.665417212782114 ], [ -37.39358666399994, -6.664855403782158 ], [ -37.39352876899995, -6.664345057782171 ], [ -37.393270028999957, -6.663987672782159 ], [ -37.393134940999964, -6.66367889178216 ], [ -37.39307919099997, -6.66318712978216 ], [ -37.393252159999975, -6.6627589817822 ], [ -37.393889718999958, -6.662812589782172 ], [ -37.394377893999945, -6.662846183782172 ], [ -37.394893944999978, -6.663266468782178 ], [ -37.395256322999956, -6.664064867782176 ], [ -37.395328512999981, -6.664601660782135 ], [ -37.395452879999937, -6.665049820782142 ], [ -37.39538354899998, -6.665339302782098 ], [ -37.395310643999949, -6.665581610782096 ], [ -37.395366394999932, -6.66600618378211 ], [ -37.395510774999934, -6.666354991782108 ], [ -37.395769514999984, -6.666696651782047 ], [ -37.395979651999937, -6.667052607782056 ], [ -37.396146902999931, -6.667473607782059 ], [ -37.396291282999989, -6.667843143782044 ], [ -37.396378482999971, -6.668186233782036 ], [ -37.396657950999952, -6.668906722782009 ], [ -37.396874520999972, -6.669206210781994 ], [ -37.397256912999978, -6.669376326781984 ], [ -37.397732936999944, -6.669744432781966 ], [ -37.398000968999959, -6.669980306781964 ], [ -37.398216108999982, -6.670435615781962 ], [ -37.398138915999937, -6.670700080781939 ], [ -37.397752949999983, -6.670911653781936 ] ] ] } },
{ "type": "Feature", "properties": { "num_setor": "RN_SERRANE_SR_002_CPRM", "munic": "SERRA NEGRA DO NORTE", "grau_risco": "Alto", "distancia_km": 1.0, "chuva_24h": 0.0, "chuva_72h": 0.0, "fonte_estacao": "openmeteo", "codigo_estacao": "openmeteo", "nome_estacao": "Open-Meteo (célula de grade)" }, "geometry": { "type": "Polygon", "coordinates": [ [ [ -37.390128266999966, -6.662034989782203 ], [ -37.390447223999956, -6.66192222678221 ], [ -37.390620597999941, -6.661827463782216 ], [ -37.390866498999969, -6.66184043378222 ], [ -37.391189439999948, -6.661870604782205 ], [ -37.391428731999945, -6.661895847782244 ], [ -37.391611312999942, -6.661938036782242 ], [ -37.391464002999953, -6.662146903782202 ], [ -37.39074050499994, -6.662312131782215 ], [ -37.390385549999955, -6.662451363782193 ], [ -37.390102856999931, -6.662451363782185 ], [ -37.389913070999967, -6.662384394782207 ], [ -37.389817251999943, -6.662247014782195 ], [ -37.389886071999967, -6.662122605782232 ], [ -37.390128266999966, -6.662034989782203 ] ] ] } },
{ "type": "Feature", "properties": { "num_setor": "RN_MACAIBA_SR_002_CPRM", "munic": "MACAÍBA", "grau_risco": "Muito alto", "distancia_km": 0.86, "chuva_24h": 0.0, "chuva_72h": 0.4, "fonte_estacao": "openmeteo", "codigo_estacao": "openmeteo", "nome_estacao": "Open-Meteo (célula de grade)" }, "geometry": { "type": "Polygon", "coordinates": [ [ [ -35.353677818999984, -5.861309006807977 ], [ -35.353973622999945, -5.861792063807956 ], [ -35.354128309999965, -5.86204716180798 ], [ -35.354255858999984, -5.86229954480794 ], [ -35.354141082999945, -5.862520632807983 ], [ -35.354299092999952, -5.863050123807914 ], [ -35.354086123999927, -5.863167733807927 ], [ -35.353639824999952, -5.862511221807975 ], [ -35.353514989999951, -5.862215416807977 ], [ -35.353523131999964, -5.862115006807959 ], [ -35.353433575999929, -5.861935895808006 ], [ -35.353498707999961, -5.861892474807957 ], [ -35.353411865999931, -5.861732359807998 ], [ -35.353325023999957, -5.861536965807998 ], [ -35.35331416899993, -5.861460979807989 ], [ -35.353677818999984, -5.861309006807977 ] ] ] } },
{ "type": "Feature", "properties": { "num_setor": "RN_MACAIBA_SR_001_CPRM", "munic": "MACAÍBA", "grau_risco": "Muito alto", "distancia_km": 1.26, "chuva_24h": 0.0, "chuva_72h": 0.4, "fonte_estacao": "openmeteo", "codigo_estacao": "openmeteo", "nome_estacao": "Open-Meteo (célula de grade)" }, "geometry": { "type": "Polygon", "coordinates": [ [ [ -35.352193469999975, -5.862919501807947 ], [ -35.351678561999961, -5.863210175807921 ], [ -35.350983530999947, -5.861955728807954 ], [ -35.350364783999972, -5.860904705807993 ], [ -35.350110503999929, -5.86055718980802 ], [ -35.349940983999943, -5.859980821808043 ], [ -35.349779939999962, -5.859607878808051 ], [ -35.349568039999944, -5.8590738908081 ], [ -35.349432423999929, -5.858658566808097 ], [ -35.350085075999971, -5.858319527808121 ], [ -35.350814010999954, -5.857870299808101 ], [ -35.35101743499996, -5.858073723808102 ], [ -35.350356307999952, -5.858582282808113 ], [ -35.350763154999981, -5.85937902680804 ], [ -35.350881818999937, -5.859989297808047 ], [ -35.351170002999936, -5.86091318180799 ], [ -35.351492090999955, -5.86153192880801 ], [ -35.352000649999979, -5.862565999807959 ], [ -35.352193469999975, -5.862919501807947 ] ] ] } },
{ "type": "Feature", "properties": { "num_setor": "RN_FLORANI_SR_002_CPRM", "munic": "FLORÂNIA", "grau_risco": "Alto", "distancia_km": 1.38, "chuva_24h": 0.0, "chuva_72h": 0.0, "fonte_estacao": "openmeteo", "codigo_estacao": "openmeteo", "nome_estacao": "Open-Meteo (célula de grade)" }, "geometry": { "type": "Polygon", "coordinates": [ [ [ -36.807161314999966, -6.119738445799638 ], [ -36.807212303999961, -6.119785185799654 ], [ -36.807169812999973, -6.119921155799679 ], [ -36.807242046999932, -6.119967895799639 ], [ -36.807250544999931, -6.120074121799647 ], [ -36.80722929999996, -6.120303571799642 ], [ -36.807305782999947, -6.120426794799648 ], [ -36.807488492999944, -6.120533021799644 ], [ -36.80741200999995, -6.120796463799642 ], [ -36.807522484999929, -6.12108964879961 ], [ -36.807390763999933, -6.12108964879961 ], [ -36.807250544999931, -6.120936682799636 ], [ -36.807216552999932, -6.120779466799654 ], [ -36.807076332999941, -6.120690236799637 ], [ -36.806987102999983, -6.120537270799618 ], [ -36.806982853999955, -6.120324816799615 ], [ -36.806974355999955, -6.120023132799657 ], [ -36.807029593999971, -6.119763939799637 ], [ -36.806987102999983, -6.119687456799647 ], [ -36.807161314999966, -6.119738445799638 ] ] ] } },
{ "type": "Feature", "properties": { "num_setor": "RN_FLORANI_SR_001_CPRM", "munic": "FLORÂNIA", "grau_risco": "Alto", "distancia_km": 1.0, "chuva_24h": 0.0, "chuva_72h": 0.0, "fonte_estacao": "openmeteo", "codigo_estacao": "openmeteo", "nome_estacao": "Open-Meteo (célula de grade)" }, "geometry": { "type": "Polygon", "coordinates": [ [ [ -36.807140068999956, -6.121938400799602 ], [ -36.80713582, -6.122231585799573 ], [ -36.807322778999946, -6.122512024799557 ], [ -36.807747685999971, -6.122720228799588 ], [ -36.808066365999935, -6.122873194799565 ], [ -36.808593249999944, -6.123174878799577 ], [ -36.808478525999931, -6.123459566799529 ], [ -36.808805703999951, -6.123723008799524 ], [ -36.808707974999948, -6.123965205799549 ], [ -36.809120134999937, -6.124305130799536 ], [ -36.80957053599996, -6.124687546799499 ], [ -36.809064896999978, -6.125125200799478 ], [ -36.808933175999982, -6.125159193799471 ], [ -36.808669733999977, -6.124793773799503 ], [ -36.808453030999942, -6.124551576799531 ], [ -36.807926146999932, -6.124300881799508 ], [ -36.807662704999984, -6.124033190799539 ], [ -36.807033842999942, -6.123824986799551 ], [ -36.807004098999982, -6.123289603799569 ], [ -36.806625931999974, -6.122881693799548 ], [ -36.806579192999941, -6.122851949799542 ], [ -36.807140068999956, -6.121938400799602 ] ] ] } },
{ "type": "Feature", "properties": { "num_setor": "RN_MACAIBA_SR_006_CPRM", "munic": "MACAÍBA", "grau_risco": "Muito alto", "distancia_km": 1.35, "chuva_24h": 0.0, "chuva_72h": 0.3, "fonte_estacao": "openmeteo", "codigo_estacao": "openmeteo", "nome_estacao": "Open-Meteo (célula de grade)" }, "geometry": { "type": "Polygon", "coordinates": [ [ [ -35.341515028999936, -5.871681279807672 ], [ -35.341504098999962, -5.871746076807663 ], [ -35.341497072999971, -5.871789013807648 ], [ -35.341543133999949, -5.871854591807681 ], [ -35.341505660999928, -5.871973255807631 ], [ -35.341373724999983, -5.871940466807644 ], [ -35.341398706999939, -5.871773400807634 ], [ -35.341410416999963, -5.871682060807657 ], [ -35.341515028999936, -5.871681279807672 ] ] ] } },
{ "type": "Feature", "properties": { "num_setor": "RN_MACAIBA_SR_005_CPRM", "munic": "MACAÍBA", "grau_risco": "Muito alto", "distancia_km": 0.88, "chuva_24h": 0.0, "chuva_72h": 0.4, "fonte_estacao": "openmeteo", "codigo_estacao": "openmeteo", "nome_estacao": "Open-Meteo (célula de grade)" }, "geometry": { "type": "Polygon", "coordinates": [ [ [ -35.365254463999975, -5.871580831807661 ], [ -35.365483315999938, -5.871851840807673 ], [ -35.365188216999968, -5.872222218807671 ], [ -35.364989477999984, -5.872405902807648 ], [ -35.364718468999968, -5.872598619807644 ], [ -35.364844939999948, -5.872809404807614 ], [ -35.364718468999968, -5.872920819807598 ], [ -35.364408313999945, -5.873282164807637 ], [ -35.364260764999983, -5.87372481180762 ], [ -35.363812094999957, -5.87398377580757 ], [ -35.363164684999958, -5.873215917807636 ], [ -35.363908453999947, -5.872731113807656 ], [ -35.364155372999967, -5.87253237380763 ], [ -35.364408313999945, -5.872318577807666 ], [ -35.364634154999976, -5.872056602807672 ], [ -35.364992488999974, -5.871785593807668 ], [ -35.365254463999975, -5.871580831807661 ] ] ] } },
{ "type": "Feature", "properties": { "num_setor": "RN_MACAIBA_SR_003_CPRM", "munic": "MACAÍBA", "grau_risco": "Muito alto", "distancia_km": 2.04, "chuva_24h": 0.0, "chuva_72h": 0.4, "fonte_estacao": "openmeteo", "codigo_estacao": "openmeteo", "nome_estacao": "Open-Meteo (célula de grade)" }, "geometry": { "type": "Polygon", "coordinates": [ [ [ -35.349420750999968, -5.850703308808315 ], [ -35.349675402999935, -5.850870597808349 ], [ -35.349636368999938, -5.850931937808355 ], [ -35.349602910999977, -5.851029522808345 ], [ -35.349571311999966, -5.851128966808339 ], [ -35.349491383999982, -5.851123390808301 ], [ -35.349334317999933, -5.851069486808336 ], [ -35.349285060999932, -5.851028593808329 ], [ -35.349327812999952, -5.850912420808356 ], [ -35.349420750999968, -5.850703308808315 ] ] ] } },
{ "type": "Feature", "properties": { "num_setor": "RN_MACAIBA_SR_004_CPRM", "munic": "MACAÍBA", "grau_risco": "Muito alto", "distancia_km": 1.51, "chuva_24h": 0.0, "chuva_72h": 0.4, "fonte_estacao": "openmeteo", "codigo_estacao": "openmeteo", "nome_estacao": "Open-Meteo (célula de grade)" }, "geometry": { "type": "Polygon", "coordinates": [ [ [ -35.35540324599998, -5.854182804808207 ], [ -35.355417706999958, -5.854311642808228 ], [ -35.355119275999982, -5.854326103808208 ], [ -35.354869486999974, -5.854386579808196 ], [ -35.35474064899995, -5.854460200808199 ], [ -35.354556593999973, -5.854598242808204 ], [ -35.354433013999937, -5.854765205808221 ], [ -35.354314693999982, -5.85494005780821 ], [ -35.354093827999975, -5.854744171808182 ], [ -35.354325210999946, -5.854498326808192 ], [ -35.354611809999938, -5.85432084580822 ], [ -35.354880004999984, -5.854207783808206 ], [ -35.355099555999971, -5.854188062808254 ], [ -35.355249428999969, -5.854188062808254 ], [ -35.35540324599998, -5.854182804808207 ] ] ] } }
]
}
