{
"type": "FeatureCollection",
"name": "setores_pi",
"crs": { "type": "name", "properties": { "name": "urn:ogc:def:crs:OGC:1.3:CRS84" } },
"features": [
{ "type": "Feature", "properties": { "num_setor": "PI_ILHAGRA_SR_2_CPRM", "munic": "ILHA GRANDE", "grau_risco": "Alto", "distancia_km": 1.23, "chuva_24h": 0.0, "chuva_72h": 0.3, "fonte_estacao": "openmeteo", "codigo_estacao": "openmeteo", "nome_estacao": "Open-Meteo (célula de grade)" }, "geometry": { "type": "Polygon", "coordinates": [ [ [ -41.824358268999958, -2.830568657906743 ], [ -41.824353902999974, -2.830523511906759 ], [ -41.824414173999962, -2.830249046906748 ], [ -41.824420846999942, -2.830187202906796 ], [ -41.824439634999976, -2.829984023906757 ], [ -41.824485440999979, -2.829793449906782 ], [ -41.824706011999979, -2.829643581906792 ], [ -41.824943533999942, -2.829757092906777 ], [ -41.82518092399993, -2.82986842090678 ], [ -41.82518999399997, -2.829873430906777 ], [ -41.82547167499996, -2.830026583906754 ], [ -41.825778954999976, -2.83019172790674 ], [ -41.826077498999943, -2.830322800906774 ], [ -41.82645740799996, -2.830426611906744 ], [ -41.826643970999946, -2.830547200906744 ], [ -41.82665941099998, -2.830558551906761 ], [ -41.826839694999933, -2.830620570906743 ], [ -41.826869207999941, -2.830620570906743 ], [ -41.827046860999985, -2.830654107906773 ], [ -41.827066564999932, -2.830659679906735 ], [ -41.827086168999983, -2.830659678906747 ], [ -41.827301673999955, -2.830687442906725 ], [ -41.827330962999952, -2.830692978906731 ], [ -41.827457908999975, -2.830698507906753 ], [ -41.827472443999966, -2.830704033906745 ], [ -41.827613267999936, -2.830726079906771 ], [ -41.827726789999986, -2.830692970906759 ], [ -41.827741449999962, -2.830692970906759 ], [ -41.827853845999982, -2.830692967906735 ], [ -41.827868504999969, -2.830692966906739 ], [ -41.828111608999961, -2.830769901906722 ], [ -41.828189847999965, -2.830818798906721 ], [ -41.828237169999966, -2.83082960390677 ], [ -41.828401532999969, -2.830866208906754 ], [ -41.828533402999938, -2.830886150906748 ], [ -41.828712817999985, -2.830915914906722 ], [ -41.828730218999958, -2.830915913906735 ], [ -41.828873812999973, -2.830945501906752 ], [ -41.828895492999948, -2.830950415906741 ], [ -41.82891283299994, -2.830950414906749 ], [ -41.829283281999949, -2.831009000906711 ], [ -41.829378829999939, -2.830994408906755 ], [ -41.829436377999961, -2.830891079906745 ], [ -41.829436932999947, -2.830881125906742 ], [ -41.829485419999976, -2.830800768906745 ], [ -41.82960015499998, -2.830734510906735 ], [ -41.829780094999933, -2.83070362690673 ], [ -41.829788982999965, -2.830703625906741 ], [ -41.829816597999987, -2.830693290906729 ], [ -41.829976192999929, -2.830656947906755 ], [ -41.830002977999982, -2.830656947906755 ], [ -41.830174770999974, -2.83060457690677 ], [ -41.830183745999932, -2.830604575906725 ], [ -41.830201695999961, -2.830604575906725 ], [ -41.830396203999953, -2.830594025906769 ], [ -41.830414169999983, -2.830594023906734 ], [ -41.830445613999984, -2.830594022906748 ], [ -41.830619007999985, -2.83060454590676 ], [ -41.830796742999958, -2.830708717906726 ], [ -41.830804646999987, -2.830713870906737 ], [ -41.830897848999939, -2.830780386906739 ], [ -41.83089817999997, -2.830800677906741 ], [ -41.830863769999951, -2.830950299906714 ], [ -41.830761031999941, -2.831166546906732 ], [ -41.830605419999983, -2.831369023906743 ], [ -41.830386638999983, -2.831640344906689 ], [ -41.83015212399993, -2.831872364906737 ], [ -41.830048574999978, -2.831972204906699 ], [ -41.829923691999966, -2.832183484906722 ], [ -41.829817288999955, -2.832439303906671 ], [ -41.829679001999985, -2.832698877906701 ], [ -41.82966898199993, -2.832729790906689 ], [ -41.829578255999934, -2.832901540906679 ], [ -41.829476659999955, -2.832941127906679 ], [ -41.829466396999976, -2.832946053906655 ], [ -41.829116006999982, -2.832805663906705 ], [ -41.82885166899996, -2.832698020906673 ], [ -41.828828810999937, -2.832685230906701 ], [ -41.828552581999936, -2.832581934906682 ], [ -41.828315976999932, -2.832555840906667 ], [ -41.828183664999983, -2.832518529906698 ], [ -41.828021278999984, -2.832501939906662 ], [ -41.827870964999931, -2.832518538906716 ], [ -41.827861036999927, -2.832518538906716 ], [ -41.827664781999943, -2.832573449906658 ], [ -41.827654649999943, -2.832578906906704 ], [ -41.827451382999989, -2.832616936906688 ], [ -41.827426419999938, -2.832633143906671 ], [ -41.827171506999939, -2.832708060906678 ], [ -41.82715208299993, -2.832718668906702 ], [ -41.826958393, -2.832750351906674 ], [ -41.826943992999929, -2.832755610906653 ], [ -41.826761863999934, -2.832797481906657 ], [ -41.826748130999931, -2.832813087906692 ], [ -41.826733940999929, -2.832818278906704 ], [ -41.826516710999954, -2.832875003906685 ], [ -41.826375141999961, -2.832951264906688 ], [ -41.826235763999925, -2.833070740906693 ], [ -41.826223266999932, -2.833085460906653 ], [ -41.826179753999945, -2.833114759906657 ], [ -41.826000484999959, -2.83323958690669 ], [ -41.82598399799997, -2.833253771906696 ], [ -41.825850473999935, -2.833342583906687 ], [ -41.825835107999978, -2.833361057906689 ], [ -41.825618014999975, -2.833465821906641 ], [ -41.825457468999957, -2.833515060906661 ], [ -41.825208237999966, -2.833760120906653 ], [ -41.824942866999955, -2.833760119906659 ], [ -41.824675319999983, -2.833737498906634 ], [ -41.824609312999939, -2.833714828906666 ], [ -41.824462579999938, -2.833635098906634 ], [ -41.824437549999978, -2.833600741906626 ], [ -41.82440371399997, -2.833485403906634 ], [ -41.824398698999978, -2.833438913906641 ], [ -41.82438673799993, -2.83322714990668 ], [ -41.824345167999979, -2.832840034906672 ], [ -41.824318800999947, -2.832489628906688 ], [ -41.82431483999995, -2.832022185906713 ], [ -41.824310661999959, -2.831982338906729 ], [ -41.824278344999982, -2.831562204906724 ], [ -41.824271122999953, -2.831492976906695 ], [ -41.824294087999938, -2.831140500906718 ], [ -41.824301677999983, -2.831097479906708 ], [ -41.824344924999934, -2.83080659790677 ], [ -41.824339123999948, -2.830747554906753 ], [ -41.824358268999958, -2.830568657906743 ] ] ] } },
{ "type": "Feature", "properties": { "num_setor": "PI_ITAINOP_SR_1_CPRM", "munic": "ITAINÓPOLIS", "grau_risco": "Alto", "distancia_km": 0.87, "chuva_24h": 0.0, "chuva_72h": 0.0, "fonte_estacao": "openmeteo", "codigo_estacao": "openmeteo", "nome_estacao": "Open-Meteo (célula de grade)" }, "geometry": { "type": "Polygon", "coordinates": [ [ [ -41.47823160799993, -7.442898638757266 ], [ -41.476671489999937, -7.441307574757287 ], [ -41.474993907999931, -7.440156288757346 ], [ -41.474373321999963, -7.439044733757354 ], [ -41.474792458999957, -7.437782254757405 ], [ -41.475196339999961, -7.437130527757438 ], [ -41.476152305999953, -7.436962198757423 ], [ -41.477541661999972, -7.437505055757433 ], [ -41.478100336999944, -7.438347134757403 ], [ -41.481293911999956, -7.439295881757369 ], [ -41.481666379999979, -7.439492677757367 ], [ -41.482209317999946, -7.440031817757352 ], [ -41.482590395999978, -7.440925341757318 ], [ -41.481762130999982, -7.442159237757246 ], [ -41.480087580999964, -7.443988306757191 ], [ -41.47823160799993, -7.442898638757266 ] ] ] } },
{ "type": "Feature", "properties": { "num_setor": "PI_FLO_SR_02_CPRM", "munic": "FLORIANO", "grau_risco": "Alto", "distancia_km": 1.24, "chuva_24h": 0.0, "chuva_72h": 0.0, "fonte_estacao": "openmeteo", "codigo_estacao": "openmeteo", "nome_estacao": "Open-Meteo (célula de grade)" }, "geometry": { "type": "Polygon", "coordinates": [ [ [ -43.014034942999956, -6.764395924778957 ], [ -43.01288493299996, -6.764249303778966 ], [ -43.01211184899995, -6.76385048477898 ], [ -43.012442208999964, -6.761854162779023 ], [ -43.012595623999971, -6.761137581779039 ], [ -43.014980048999966, -6.761649747779045 ], [ -43.016605023999944, -6.761989788778989 ], [ -43.017460551999932, -6.762434240778984 ], [ -43.018339128999969, -6.762438023778995 ], [ -43.019720826999958, -6.762743117778985 ], [ -43.021030001999975, -6.762887000779002 ], [ -43.020742543999965, -6.766389217778895 ], [ -43.019714664999981, -6.766359335778859 ], [ -43.018897846999941, -6.766327469778886 ], [ -43.018469864999929, -6.766240487778867 ], [ -43.018140627999969, -6.765247446778933 ], [ -43.018127551999946, -6.764887906778912 ], [ -43.016992536999965, -6.764680621778932 ], [ -43.016514069999971, -6.765036056778938 ], [ -43.014034942999956, -6.764395924778957 ] ] ] } },
{ "type": "Feature", "properties": { "num_setor": "PI_ILHAGRA_SR_1_CPRM", "munic": "ILHA GRANDE", "grau_risco": "Alto", "distancia_km": 0.62, "chuva_24h": 0.0, "chuva_72h": 0.3, "fonte_estacao": "openmeteo", "codigo_estacao": "openmeteo", "nome_estacao": "Open-Meteo (célula de grade)" }, "geometry": { "type": "Polygon", "coordinates": [ [ [ -41.807607126999983, -2.849350040906165 ], [ -41.807616649999943, -2.849310965906144 ], [ -41.807624069999974, -2.849267100906136 ], [ -41.807628356999942, -2.849206424906168 ], [ -41.807615584999951, -2.849156995906164 ], [ -41.807613924999949, -2.849148772906155 ], [ -41.807612063999947, -2.849104572906167 ], [ -41.807615465999952, -2.849064800906137 ], [ -41.807618027999979, -2.84904896990615 ], [ -41.807623842999924, -2.84901303590617 ], [ -41.807625144999975, -2.849004990906154 ], [ -41.807631048999959, -2.848968513906172 ], [ -41.807654897999953, -2.848917937906141 ], [ -41.807701903999941, -2.848844542906126 ], [ -41.807765014999973, -2.848830165906166 ], [ -41.80784252899997, -2.848827252906172 ], [ -41.807922267999963, -2.848878005906146 ], [ -41.807926668999983, -2.84888765290616 ], [ -41.808016480999981, -2.848987288906174 ], [ -41.808020687999935, -2.848996646906173 ], [ -41.808024883999963, -2.849005975906137 ], [ -41.808059428999968, -2.849113102906168 ], [ -41.808060520999959, -2.849121539906136 ], [ -41.808093820999943, -2.849212989906143 ], [ -41.808095801999968, -2.849217360906131 ], [ -41.808156123999936, -2.84930376290615 ], [ -41.808189539999944, -2.849348808906119 ], [ -41.80824391799996, -2.849387389906133 ], [ -41.808245986999964, -2.849390664906113 ], [ -41.808260797999928, -2.849393504906149 ], [ -41.808334345999974, -2.849378714906124 ], [ -41.808412069999981, -2.849358574906125 ], [ -41.808491631999978, -2.849347279906146 ], [ -41.808562653999957, -2.849343067906126 ], [ -41.808659912999985, -2.849340784906105 ], [ -41.808722757999931, -2.849400483906129 ], [ -41.808724620999953, -2.849403792906149 ], [ -41.808761385999965, -2.84948086890611 ], [ -41.808761262999958, -2.849492358906132 ], [ -41.808778442999937, -2.849591765906121 ], [ -41.808775865999962, -2.849602375906124 ], [ -41.808765776999969, -2.849685103906118 ], [ -41.808764520999951, -2.849690241906123 ], [ -41.808751068999982, -2.84978539190611 ], [ -41.808739406999962, -2.849852413906107 ], [ -41.808737613999938, -2.849859660906091 ], [ -41.808722279999984, -2.849921663906131 ], [ -41.808699945999933, -2.849983251906116 ], [ -41.80869937999995, -2.849985552906117 ], [ -41.808681607999972, -2.850086109906111 ], [ -41.808676337999941, -2.8501537509061 ], [ -41.808655413999929, -2.850201197906137 ], [ -41.80860005899995, -2.850243222906101 ], [ -41.808525201999942, -2.850267661906117 ], [ -41.808442671999948, -2.850264373906101 ], [ -41.808378987999959, -2.850286732906117 ], [ -41.808376426999985, -2.85028852590608 ], [ -41.808328126999989, -2.850313237906107 ], [ -41.808318919999977, -2.85033603890611 ], [ -41.808319560999969, -2.850342810906111 ], [ -41.808325042999961, -2.850365873906128 ], [ -41.808328155999959, -2.850399053906127 ], [ -41.808322780999951, -2.850404478906112 ], [ -41.808301448999941, -2.8504260019061 ], [ -41.808296598999952, -2.850429309906072 ], [ -41.808257136999941, -2.850440701906108 ], [ -41.808254330999944, -2.850444353906084 ], [ -41.80821372299993, -2.850442834906117 ], [ -41.808206240999937, -2.850439311906084 ], [ -41.808202690999963, -2.850436541906106 ], [ -41.808122199999957, -2.850461238906115 ], [ -41.808115217999962, -2.850462229906093 ], [ -41.808015007999984, -2.850459248906068 ], [ -41.808006417999934, -2.850457600906105 ], [ -41.807957433999945, -2.850434295906099 ], [ -41.807906886999938, -2.850392666906084 ], [ -41.807858411999973, -2.850380834906102 ], [ -41.807816908999939, -2.85037033390608 ], [ -41.80775840299998, -2.850369253906079 ], [ -41.807705778999946, -2.850354095906084 ], [ -41.807703440999944, -2.850353646906116 ], [ -41.80765808499995, -2.850304035906104 ], [ -41.807629487999975, -2.850288212906092 ], [ -41.807623737999961, -2.850232097906089 ], [ -41.807644990999961, -2.850201483906125 ], [ -41.807542899999923, -2.850173827906082 ], [ -41.807503036999954, -2.850130877906115 ], [ -41.807463482999935, -2.850081920906125 ], [ -41.807437215999983, -2.850040463906119 ], [ -41.807379865999962, -2.849981030906137 ], [ -41.807342490999922, -2.849936189906103 ], [ -41.807317571999931, -2.849890209906119 ], [ -41.80731616099996, -2.849881023906124 ], [ -41.807284239999944, -2.849844959906093 ], [ -41.807273422999963, -2.849781948906141 ], [ -41.807274488999951, -2.849772888906118 ], [ -41.80730000199997, -2.849715176906124 ], [ -41.807303370999932, -2.849709480906108 ], [ -41.807322188999933, -2.849687567906151 ], [ -41.807351757999982, -2.849667472906124 ], [ -41.807365387999937, -2.849666847906143 ], [ -41.807368030999953, -2.849667354906126 ], [ -41.80740550499997, -2.849651763906105 ], [ -41.807410815999958, -2.849652782906122 ], [ -41.807437965999952, -2.849635017906131 ], [ -41.807450529999976, -2.849624213906136 ], [ -41.807494987999974, -2.849585979906148 ], [ -41.807506159999946, -2.849567834906138 ], [ -41.807506676999935, -2.849564537906105 ], [ -41.807539633999966, -2.849515951906114 ], [ -41.807547289999945, -2.84950352190614 ], [ -41.807575624999963, -2.849434839906138 ], [ -41.807607126999983, -2.849350040906165 ] ] ] } },
{ "type": "Feature", "properties": { "num_setor": "PI_ITAINOP_SR_4_CPRM", "munic": "ITAINÓPOLIS", "grau_risco": "Alto", "distancia_km": 1.24, "chuva_24h": 0.0, "chuva_72h": 0.0, "fonte_estacao": "openmeteo", "codigo_estacao": "openmeteo", "nome_estacao": "Open-Meteo (célula de grade)" }, "geometry": { "type": "Polygon", "coordinates": [ [ [ -41.477807857999949, -7.450119250757003 ], [ -41.478060029999931, -7.449822033757038 ], [ -41.47840580999997, -7.449632017757014 ], [ -41.479083402999947, -7.449308668757035 ], [ -41.479441664999968, -7.449523854757022 ], [ -41.479868489999944, -7.449904874757031 ], [ -41.480275535999965, -7.450179759757036 ], [ -41.480675270999939, -7.450285008757029 ], [ -41.48119085899998, -7.450391012757004 ], [ -41.481555569999955, -7.450311335757031 ], [ -41.481917693999947, -7.450509942756984 ], [ -41.482118017999937, -7.450616392757013 ], [ -41.48243030499998, -7.45088039175697 ], [ -41.482379353999931, -7.450954978757004 ], [ -41.482183971999973, -7.451437313757008 ], [ -41.481820170999981, -7.452139576756974 ], [ -41.481261901999972, -7.453190417756934 ], [ -41.480600865999975, -7.453523082756896 ], [ -41.479895875999944, -7.453633510756917 ], [ -41.479529429999964, -7.453633444756934 ], [ -41.479382238999968, -7.453350333756896 ], [ -41.479033200999943, -7.452678349756912 ], [ -41.47875272899995, -7.451913301756988 ], [ -41.478819024999943, -7.451527531756966 ], [ -41.478416961999983, -7.45106040775697 ], [ -41.478022288999966, -7.450502492756983 ], [ -41.477807857999949, -7.450119250757003 ] ] ] } },
{ "type": "Feature", "properties": { "num_setor": "PI_JOCAMAR_SR_1_CPRM", "munic": "JOCA MARQUES", "grau_risco": "Alto", "distancia_km": 1.11, "chuva_24h": 0.0, "chuva_72h": 0.1, "fonte_estacao": "openmeteo", "codigo_estacao": "openmeteo", "nome_estacao": "Open-Meteo (célula de grade)" }, "geometry": { "type": "Polygon", "coordinates": [ [ [ -42.41821843799994, -3.489618085885149 ], [ -42.41711415299995, -3.486261797885237 ], [ -42.419924079999937, -3.481369305885445 ], [ -42.419287391999944, -3.476716167885558 ], [ -42.421509494999952, -3.475401433885597 ], [ -42.424344253999948, -3.475185358885637 ], [ -42.428475441999986, -3.474996576885635 ], [ -42.433336259999976, -3.473186123885671 ], [ -42.437126132999936, -3.472324760885688 ], [ -42.437383846999971, -3.474448423885638 ], [ -42.436384573999931, -3.477126291885587 ], [ -42.436309196999957, -3.480986311885451 ], [ -42.434791749999931, -3.484737678885339 ], [ -42.429889745999958, -3.487816749885232 ], [ -42.425904423999953, -3.489175758885191 ], [ -42.422212583999965, -3.490960703885128 ], [ -42.41821843799994, -3.489618085885149 ] ] ] } },
{ "type": "Feature", "properties": { "num_setor": "PI_ITAINOP_SR_2_CPRM", "munic": "ITAINÓPOLIS", "grau_risco": "Alto", "distancia_km": 1.5, "chuva_24h": 0.0, "chuva_72h": 0.0, "fonte_estacao": "openmeteo", "codigo_estacao": "openmeteo", "nome_estacao": "Open-Meteo (célula de grade)" }, "geometry": { "type": "Polygon", "coordinates": [ [ [ -41.477248544999952, -7.444672958757187 ], [ -41.477720619999957, -7.444598906757187 ], [ -41.478257441999972, -7.444418768757232 ], [ -41.479188991999933, -7.445002337757167 ], [ -41.480766403999944, -7.445520993757144 ], [ -41.480896174999941, -7.445787075757133 ], [ -41.480596315999954, -7.446338344757146 ], [ -41.480017947999954, -7.44699154975712 ], [ -41.479631454999947, -7.447472250757116 ], [ -41.478836409999985, -7.446965189757127 ], [ -41.478176947999941, -7.44705507775711 ], [ -41.477296395999986, -7.447175434757124 ], [ -41.476440652999948, -7.446807046757109 ], [ -41.476032485999951, -7.44585463475714 ], [ -41.475649418999978, -7.445320487757153 ], [ -41.475280779999935, -7.444797603757206 ], [ -41.475900177999961, -7.444540512757176 ], [ -41.476645958999939, -7.444867752757157 ], [ -41.477248544999952, -7.444672958757187 ] ] ] } },
{ "type": "Feature", "properties": { "num_setor": "PI_ITAINOP_SR_3_CPRM", "munic": "ITAINÓPOLIS", "grau_risco": "Alto", "distancia_km": 1.61, "chuva_24h": 0.0, "chuva_72h": 0.0, "fonte_estacao": "openmeteo", "codigo_estacao": "openmeteo", "nome_estacao": "Open-Meteo (célula de grade)" }, "geometry": { "type": "Polygon", "coordinates": [ [ [ -41.481720037999928, -7.450052052757046 ], [ -41.48063519599998, -7.449388876757026 ], [ -41.480121639999929, -7.448992944757036 ], [ -41.479606189999977, -7.448633173757065 ], [ -41.48034683199996, -7.447835184757113 ], [ -41.480763085999961, -7.447393623757122 ], [ -41.481502893999959, -7.44643403875712 ], [ -41.48198115799994, -7.446065301757162 ], [ -41.483456171999933, -7.447500446757078 ], [ -41.48499196299997, -7.448580532757042 ], [ -41.486771524999938, -7.449024031757061 ], [ -41.487520887999942, -7.449428013757065 ], [ -41.486557553999944, -7.451521506756959 ], [ -41.485841191999953, -7.451228885757003 ], [ -41.484976390999975, -7.451062623757002 ], [ -41.484347296999935, -7.450661064757012 ], [ -41.483387658999966, -7.450365265757006 ], [ -41.482753708999951, -7.45032694075702 ], [ -41.482588519999979, -7.450536535757008 ], [ -41.481720037999928, -7.450052052757046 ] ] ] } },
{ "type": "Feature", "properties": { "num_setor": "PI_JOAQUIM_SR_1_CPRM", "munic": "JOAQUIM PIRES", "grau_risco": "Alto", "distancia_km": 1.53, "chuva_24h": 0.0, "chuva_72h": 0.2, "fonte_estacao": "openmeteo", "codigo_estacao": "openmeteo", "nome_estacao": "Open-Meteo (célula de grade)" }, "geometry": { "type": "Polygon", "coordinates": [ [ [ -42.197827563999965, -3.506521446884598 ], [ -42.197620347999937, -3.506239881884585 ], [ -42.19785544399997, -3.505971033884636 ], [ -42.198449231999973, -3.505817937884615 ], [ -42.199455039999982, -3.505771561884622 ], [ -42.200593253999948, -3.505972115884614 ], [ -42.201492325999936, -3.507123754884579 ], [ -42.200683810999969, -3.510755435884464 ], [ -42.200483419999955, -3.511988189884421 ], [ -42.20037468899995, -3.513973223884326 ], [ -42.198152945999936, -3.514338301884327 ], [ -42.196811450999981, -3.514549581884355 ], [ -42.19596614999994, -3.514598983884353 ], [ -42.193405019999943, -3.514574159884321 ], [ -42.191705099999979, -3.513216477884373 ], [ -42.192913358999931, -3.512279350884421 ], [ -42.193380230999935, -3.511824368884426 ], [ -42.19360474399997, -3.511022700884441 ], [ -42.193996088999938, -3.510500667884473 ], [ -42.195172682999953, -3.510023650884458 ], [ -42.195285479999939, -3.509766260884464 ], [ -42.195028216999958, -3.509456978884482 ], [ -42.194899126999985, -3.5091539858845 ], [ -42.195085677999934, -3.509035349884537 ], [ -42.195211977999975, -3.508786050884524 ], [ -42.195311985999979, -3.508620686884535 ], [ -42.195837398999977, -3.508489122884526 ], [ -42.19647721399997, -3.508347212884564 ], [ -42.196930599999973, -3.508295302884539 ], [ -42.197241381999959, -3.508441767884535 ], [ -42.197400644999959, -3.508511102884507 ], [ -42.197632548999934, -3.508494601884504 ], [ -42.197597603999952, -3.508204404884546 ], [ -42.198378798999954, -3.508010756884557 ], [ -42.199476334999986, -3.507851708884567 ], [ -42.199804821999969, -3.507731069884583 ], [ -42.199767526999949, -3.507379090884577 ], [ -42.199646768999969, -3.506927230884593 ], [ -42.198961297999972, -3.507047836884583 ], [ -42.198319691999984, -3.507237155884593 ], [ -42.198037535999958, -3.507247984884553 ], [ -42.197857012999975, -3.506819238884615 ], [ -42.19781936399994, -3.506521537884605 ], [ -42.197830658999976, -3.506537007884596 ], [ -42.197827563999965, -3.506521446884598 ] ] ] } },
{ "type": "Feature", "properties": { "num_setor": "PI_ES_SR_01_CPRM", "munic": "ESPERANTINA", "grau_risco": "Alto", "distancia_km": 2.07, "chuva_24h": 0.0, "chuva_72h": 0.0, "fonte_estacao": "openmeteo", "codigo_estacao": "openmeteo", "nome_estacao": "Open-Meteo (célula de grade)" }, "geometry": { "type": "Polygon", "coordinates": [ [ [ -42.238658586, -3.910637877871358 ], [ -42.238223283999957, -3.910173255871392 ], [ -42.237585348999971, -3.909377664871436 ], [ -42.237095695999983, -3.908825348871412 ], [ -42.23668537799994, -3.908393379871454 ], [ -42.236367125999948, -3.907925048871493 ], [ -42.235836857999971, -3.907261353871496 ], [ -42.235320098999978, -3.906599848871536 ], [ -42.234856939999922, -3.905997188871525 ], [ -42.234503139999951, -3.905604722871547 ], [ -42.234114664999936, -3.905138092871554 ], [ -42.23386743899993, -3.90492338987158 ], [ -42.233452557999954, -3.904799883871565 ], [ -42.233149731999958, -3.904625207871598 ], [ -42.232932923999961, -3.904494352871592 ], [ -42.232474110999931, -3.904268167871566 ], [ -42.232467170999939, -3.904157615871599 ], [ -42.232441181999945, -3.904034218871567 ], [ -42.232402122999986, -3.903969253871594 ], [ -42.232473656999957, -3.903883444871609 ], [ -42.232606873999941, -3.903964069871622 ], [ -42.233092584999945, -3.904070155871576 ], [ -42.233218603999937, -3.903908523871625 ], [ -42.233191102999967, -3.90379753587161 ], [ -42.233148738999937, -3.903707142871617 ], [ -42.233099083999946, -3.903622850871618 ], [ -42.23285913299997, -3.903560667871616 ], [ -42.232696266999938, -3.903547471871616 ], [ -42.232295847999971, -3.90350850587164 ], [ -42.232128604999957, -3.903518729871633 ], [ -42.232052370999952, -3.903663955871603 ], [ -42.23206386399994, -3.903761906871585 ], [ -42.232126662, -3.903869870871575 ], [ -42.232211532999933, -3.90394343087161 ], [ -42.23214562499993, -3.904047297871615 ], [ -42.232009353999949, -3.90405441987161 ], [ -42.231870502999975, -3.904026782871594 ], [ -42.231639301999962, -3.903912009871588 ], [ -42.231407280999981, -3.903837840871574 ], [ -42.231139538999969, -3.903755922871603 ], [ -42.230927548999944, -3.903728101871598 ], [ -42.230611973999935, -3.903721005871608 ], [ -42.230337585999962, -3.903743284871613 ], [ -42.230018795999968, -3.903669677871624 ], [ -42.229733929999945, -3.903619922871611 ], [ -42.22954697299997, -3.903545037871608 ], [ -42.229289772999955, -3.903415353871613 ], [ -42.229136427999947, -3.90331351687163 ], [ -42.229001541999935, -3.903305536871603 ], [ -42.22885729799998, -3.903250324871604 ], [ -42.22859693099997, -3.903134956871638 ], [ -42.228136138999957, -3.902958456871635 ], [ -42.227555223999957, -3.902763463871659 ], [ -42.226843957999961, -3.902516736871622 ], [ -42.226438448999943, -3.902332820871658 ], [ -42.226101042999971, -3.90218060487166 ], [ -42.225768445999961, -3.90202508187168 ], [ -42.225202205999949, -3.901769760871685 ], [ -42.224834401999942, -3.901521539871702 ], [ -42.224545286999955, -3.901369921871686 ], [ -42.224293110999952, -3.901199205871682 ], [ -42.224003302999961, -3.900986260871699 ], [ -42.223794371999929, -3.900827286871714 ], [ -42.223575147999959, -3.900660396871719 ], [ -42.223277356, -3.90046475587172 ], [ -42.222831794999927, -3.900215664871728 ], [ -42.222224338999979, -3.899878846871752 ], [ -42.221652165999963, -3.89951020687173 ], [ -42.221131560999936, -3.899188374871735 ], [ -42.222550326999965, -3.897031185871811 ], [ -42.22265003199994, -3.897097403871836 ], [ -42.222954866999949, -3.897267728871831 ], [ -42.223145883999962, -3.89734635687181 ], [ -42.223366398999985, -3.897396353871827 ], [ -42.223607181999959, -3.897395895871838 ], [ -42.22380667699997, -3.897335933871822 ], [ -42.224108313999977, -3.897352493871822 ], [ -42.224428177999982, -3.897390289871835 ], [ -42.224659090999978, -3.897424950871808 ], [ -42.224790822999978, -3.897448146871837 ], [ -42.224865914999953, -3.897588117871783 ], [ -42.224931457999958, -3.897787086871774 ], [ -42.224961804999964, -3.897995905871794 ], [ -42.225078353999947, -3.898147773871775 ], [ -42.225436198999944, -3.898444566871783 ], [ -42.22564777499997, -3.898651750871754 ], [ -42.226047509999944, -3.89882923187179 ], [ -42.226370766999935, -3.898916382871784 ], [ -42.22644668199996, -3.898983871871782 ], [ -42.226773792999943, -3.899089830871777 ], [ -42.227022950999988, -3.89914321287175 ], [ -42.227456808999932, -3.899247536871753 ], [ -42.227645919999929, -3.899219736871756 ], [ -42.227789673999951, -3.899128525871778 ], [ -42.228013992999934, -3.899099651871768 ], [ -42.228235621999943, -3.898955204871745 ], [ -42.228367680999952, -3.898831985871761 ], [ -42.228468139999961, -3.89867147987178 ], [ -42.228659703999938, -3.898653068871798 ], [ -42.228878228999974, -3.898547303871803 ], [ -42.229179685999959, -3.898367109871811 ], [ -42.229356837999951, -3.898202148871764 ], [ -42.22950375299996, -3.898129137871782 ], [ -42.230011106999932, -3.898271301871786 ], [ -42.23052669599997, -3.898419472871764 ], [ -42.231002224999948, -3.898531318871797 ], [ -42.231297198999982, -3.898560369871747 ], [ -42.23159648799998, -3.898619115871783 ], [ -42.231860906999948, -3.898651757871793 ], [ -42.232042801999967, -3.898709857871776 ], [ -42.232362954999978, -3.89882492287176 ], [ -42.232615770999985, -3.898879135871755 ], [ -42.232708841999965, -3.898919820871746 ], [ -42.232759682999983, -3.89898808787176 ], [ -42.232757589999949, -3.89905192187176 ], [ -42.232742481999928, -3.899171967871763 ], [ -42.232705310999961, -3.899325653871739 ], [ -42.232690427999955, -3.89945076487172 ], [ -42.232677792999944, -3.899858480871746 ], [ -42.232658298999979, -3.900198603871733 ], [ -42.232651527999963, -3.900433132871739 ], [ -42.232654557999979, -3.900641034871732 ], [ -42.232605131999946, -3.900796152871678 ], [ -42.232633351999937, -3.900936924871689 ], [ -42.232740457999967, -3.901081828871703 ], [ -42.232828186999939, -3.901294584871697 ], [ -42.232813996999937, -3.901479379871683 ], [ -42.232788745999976, -3.901576751871651 ], [ -42.23271045499996, -3.901630516871667 ], [ -42.232617852999965, -3.901740111871692 ], [ -42.232595907999951, -3.901888993871641 ], [ -42.232591311999954, -3.902106511871641 ], [ -42.232688266999958, -3.902188078871634 ], [ -42.233130174999985, -3.90218440487166 ], [ -42.233425973999942, -3.902171187871654 ], [ -42.233586142999968, -3.90216771687165 ], [ -42.233686648999935, -3.902154608871689 ], [ -42.233746876999923, -3.902119005871666 ], [ -42.233824035999923, -3.902058740871665 ], [ -42.23385686499995, -3.901981394871662 ], [ -42.23387582799996, -3.901895006871662 ], [ -42.233890012999957, -3.901796423871663 ], [ -42.233908051999947, -3.901679046871679 ], [ -42.233938242999955, -3.901591040871679 ], [ -42.233971681999954, -3.901406562871698 ], [ -42.233998776999954, -3.901207433871693 ], [ -42.234040482999944, -3.901080524871679 ], [ -42.234052944999974, -3.901011276871696 ], [ -42.234095857999932, -3.90091868387172 ], [ -42.234137591999968, -3.900893254871721 ], [ -42.234180446999972, -3.900888018871723 ], [ -42.234244764999971, -3.900887458871678 ], [ -42.234363372999958, -3.900894113871672 ], [ -42.234491224999942, -3.900901983871726 ], [ -42.234571964999922, -3.90084865587168 ], [ -42.234651631999959, -3.900759469871719 ], [ -42.234715262999934, -3.900679187871721 ], [ -42.234771745999979, -3.900608887871719 ], [ -42.23481116399995, -3.900556833871689 ], [ -42.234857340999945, -3.900524169871684 ], [ -42.234890050999979, -3.900511877871731 ], [ -42.234961515999949, -3.900530442871739 ], [ -42.235041019999983, -3.90054455287173 ], [ -42.235098887999975, -3.900539244871708 ], [ -42.235156789999962, -3.900533933871709 ], [ -42.235199435999952, -3.900484292871735 ], [ -42.235259288999941, -3.900363667871717 ], [ -42.23531626099998, -3.900217748871747 ], [ -42.235365888999986, -3.900082713871725 ], [ -42.235455017999982, -3.899911663871724 ], [ -42.23554413199998, -3.899691766871762 ], [ -42.235617316999935, -3.899567895871741 ], [ -42.235665323999967, -3.899489246871754 ], [ -42.235717398999952, -3.899455682871722 ], [ -42.235810200999936, -3.899419744871727 ], [ -42.235873716999947, -3.899398312871747 ], [ -42.235980433999941, -3.899422839871739 ], [ -42.236088896999952, -3.899441624871743 ], [ -42.236366865999969, -3.899530430871756 ], [ -42.23660616799998, -3.899623323871737 ], [ -42.236780850999935, -3.899686289871761 ], [ -42.23689283099997, -3.899720854871727 ], [ -42.237011304999953, -3.899687300871761 ], [ -42.237130134999965, -3.89964603187175 ], [ -42.237199171999968, -3.899609143871742 ], [ -42.237284853999938, -3.899548187871719 ], [ -42.237280385999952, -3.899478338871722 ], [ -42.237322825999968, -3.89936241787175 ], [ -42.237347244999967, -3.89915072387178 ], [ -42.237368795999942, -3.898955103871796 ], [ -42.237387507999983, -3.898750166871765 ], [ -42.237415267999957, -3.898397700871794 ], [ -42.237435193999943, -3.898038470871785 ], [ -42.237466617999985, -3.897841747871813 ], [ -42.237476437999938, -3.897586831871798 ], [ -42.237500301999944, -3.8973511628718 ], [ -42.237513717999946, -3.897184601871795 ], [ -42.237530766999953, -3.897080200871808 ], [ -42.237545216999926, -3.897051218871805 ], [ -42.237852259999954, -3.896962872871824 ], [ -42.238023183999985, -3.896919009871858 ], [ -42.238338406999958, -3.896886491871843 ], [ -42.238395356999945, -3.896895080871846 ], [ -42.239485161999937, -3.896743043871832 ], [ -42.240400653999984, -3.896265869871874 ], [ -42.241172334999931, -3.895728401871885 ], [ -42.242365554999935, -3.894811515871894 ], [ -42.243284772999971, -3.893622279871917 ], [ -42.24347513999993, -3.895745996871866 ], [ -42.243123812999954, -3.897087006871793 ], [ -42.242737484999957, -3.898792092871751 ], [ -42.242436864999938, -3.900032986871752 ], [ -42.241719423999939, -3.901948583871678 ], [ -42.241379702999957, -3.902809380871628 ], [ -42.240829582999929, -3.902768386871668 ], [ -42.240300728999955, -3.903167301871602 ], [ -42.240232011999979, -3.903424935871626 ], [ -42.240166065999972, -3.903682805871607 ], [ -42.240087234999976, -3.903965803871583 ], [ -42.239981391999947, -3.90432330087161 ], [ -42.23981104999995, -3.904758930871566 ], [ -42.239386216999947, -3.905291071871558 ], [ -42.239000681999975, -3.905613732871529 ], [ -42.238552714999969, -3.906008656871551 ], [ -42.238238360999958, -3.906255325871519 ], [ -42.23804040999994, -3.906402120871495 ], [ -42.237972003999978, -3.906514711871491 ], [ -42.238177931999985, -3.906869082871494 ], [ -42.23851298899995, -3.907328103871461 ], [ -42.238718531999957, -3.907364582871483 ], [ -42.23906161299994, -3.907238411871511 ], [ -42.239441791999973, -3.907245431871505 ], [ -42.239635346999926, -3.907342218871465 ], [ -42.23981534099994, -3.907486436871463 ], [ -42.239940243999968, -3.907621808871502 ], [ -42.240035155999976, -3.907789367871475 ], [ -42.240027969999964, -3.907878564871493 ], [ -42.239926691999976, -3.908113888871446 ], [ -42.239811498999984, -3.90841905987147 ], [ -42.23970407999996, -3.909750724871443 ], [ -42.239385176, -3.90986803787141 ], [ -42.239231545999985, -3.910156724871421 ], [ -42.239218695999966, -3.910582802871382 ], [ -42.239159384999937, -3.910981519871364 ], [ -42.238658586, -3.910637877871358 ] ] ] } },
{ "type": "Feature", "properties": { "num_setor": "PI_CRISTIN_SR_3_CPRM", "munic": "CRISTINO CASTRO", "grau_risco": "Alto", "distancia_km": 0.72, "chuva_24h": 0.0, "chuva_72h": 0.0, "fonte_estacao": "openmeteo", "codigo_estacao": "openmeteo", "nome_estacao": "Open-Meteo (célula de grade)" }, "geometry": { "type": "Polygon", "coordinates": [ [ [ -44.22137, -8.817245986713774 ], [ -44.221507567999936, -8.81718823871376 ], [ -44.221629270999983, -8.817168499713777 ], [ -44.221750150999981, -8.817148894713748 ], [ -44.221862037999983, -8.817312428713761 ], [ -44.221933000999975, -8.817433849713719 ], [ -44.22197046499997, -8.817573946713756 ], [ -44.222043257999985, -8.817625380713761 ], [ -44.222059274999935, -8.817710824713728 ], [ -44.222137565999951, -8.817763081713723 ], [ -44.222184134999964, -8.817915317713734 ], [ -44.222017341999951, -8.818016669713735 ], [ -44.221748865999984, -8.818141515713739 ], [ -44.221489886999962, -8.818213054713711 ], [ -44.221318804999953, -8.818283907713719 ], [ -44.221176912999965, -8.818314327713694 ], [ -44.220961380999938, -8.818363524713696 ], [ -44.220868679999967, -8.818393589713731 ], [ -44.220781212999952, -8.818413415713705 ], [ -44.220619387999932, -8.818426901713696 ], [ -44.220527759999982, -8.81847200271371 ], [ -44.22045232399995, -8.818417980713683 ], [ -44.220350213999943, -8.818281683713705 ], [ -44.220263157999966, -8.818238395713738 ], [ -44.22017724799997, -8.818118790713726 ], [ -44.220083784999986, -8.817929959713732 ], [ -44.220008407999948, -8.817769348713727 ], [ -44.219940538999936, -8.817632298713756 ], [ -44.219999722999951, -8.817435152713749 ], [ -44.22017550399994, -8.817390927713738 ], [ -44.220358092999959, -8.817295073713757 ], [ -44.22059543599994, -8.81719860671377 ], [ -44.220977108999932, -8.81719617071378 ], [ -44.221174533999942, -8.817249700713774 ], [ -44.22137, -8.817245986713774 ] ] ] } },
{ "type": "Feature", "properties": { "num_setor": "PI_FLO_SR_03_CPRM", "munic": "FLORIANO", "grau_risco": "Alto", "distancia_km": 1.26, "chuva_24h": 0.0, "chuva_72h": 0.0, "fonte_estacao": "openmeteo", "codigo_estacao": "openmeteo", "nome_estacao": "Open-Meteo (célula de grade)" }, "geometry": { "type": "Polygon", "coordinates": [ [ [ -43.006208008999977, -6.764864582778933 ], [ -43.005303651999952, -6.764173879778926 ], [ -43.006082267999943, -6.763509549778994 ], [ -43.00618800999996, -6.763013246778979 ], [ -43.005944603999971, -6.762106244778989 ], [ -43.00584717199996, -6.761209447779018 ], [ -43.006268020999983, -6.760396442779048 ], [ -43.00718956299994, -6.759205059779092 ], [ -43.011051156999947, -6.760807129779037 ], [ -43.01063293999993, -6.762018524779038 ], [ -43.01031964699996, -6.762941947778964 ], [ -43.009929955999951, -6.763149341778984 ], [ -43.00912896799997, -6.763268873778972 ], [ -43.008367603999943, -6.763618363778975 ], [ -43.007749279999985, -6.764161736778931 ], [ -43.00715073899994, -6.764877997778941 ], [ -43.006989514999923, -6.765236945778912 ], [ -43.006208008999977, -6.764864582778933 ] ] ] } },
{ "type": "Feature", "properties": { "num_setor": "PI_ES_SR_04_CPRM", "munic": "ESPERANTINA", "grau_risco": "Alto", "distancia_km": 1.63, "chuva_24h": 0.0, "chuva_72h": 0.0, "fonte_estacao": "openmeteo", "codigo_estacao": "openmeteo", "nome_estacao": "Open-Meteo (célula de grade)" }, "geometry": { "type": "Polygon", "coordinates": [ [ [ -42.229237872999931, -3.904552006871576 ], [ -42.229604213999956, -3.90460867787156 ], [ -42.229980463999929, -3.904675747871553 ], [ -42.230156606999969, -3.904668606871588 ], [ -42.230378376999965, -3.904706986871562 ], [ -42.230522824999987, -3.904691707871598 ], [ -42.230702134999945, -3.904759087871554 ], [ -42.230849509999985, -3.904799614871566 ], [ -42.230975873999967, -3.904765436871605 ], [ -42.231083238999929, -3.904891418871586 ], [ -42.231141162999961, -3.904907907871545 ], [ -42.23126027099994, -3.904905975871564 ], [ -42.231290315999964, -3.904986300871562 ], [ -42.231467792999979, -3.905058151871589 ], [ -42.231552412999974, -3.905129320871557 ], [ -42.231636712999943, -3.905162506871552 ], [ -42.23174023699994, -3.905185514871578 ], [ -42.231637731999967, -3.905543553871562 ], [ -42.231509702999972, -3.905786385871518 ], [ -42.231368394999947, -3.905892245871535 ], [ -42.231309535999969, -3.906014622871552 ], [ -42.231214588999933, -3.906212671871551 ], [ -42.23125, -3.906390557871505 ], [ -42.231104168999934, -3.906737413871521 ], [ -42.230810493999968, -3.907395144871483 ], [ -42.230548174999967, -3.908041038871464 ], [ -42.230284331999933, -3.908612843871444 ], [ -42.230037675999938, -3.909211418871448 ], [ -42.229923976999942, -3.909413681871448 ], [ -42.229675405999956, -3.910160533871383 ], [ -42.22955500399997, -3.910321888871373 ], [ -42.229010437999925, -3.910210793871406 ], [ -42.228567205999973, -3.910085480871398 ], [ -42.227991008999936, -3.90983948487142 ], [ -42.227395605999959, -3.909595464871397 ], [ -42.226770194999972, -3.909479350871427 ], [ -42.226515918999951, -3.909506907871433 ], [ -42.225623182999982, -3.909611287871413 ], [ -42.225436840999976, -3.909586062871413 ], [ -42.224720099999956, -3.909438259871412 ], [ -42.229237872999931, -3.904552006871576 ] ] ] } },
{ "type": "Feature", "properties": { "num_setor": "PI_FLO_SR_01_CPRM", "munic": "FLORIANO", "grau_risco": "Alto", "distancia_km": 1.69, "chuva_24h": 0.0, "chuva_72h": 0.0, "fonte_estacao": "openmeteo", "codigo_estacao": "openmeteo", "nome_estacao": "Open-Meteo (célula de grade)" }, "geometry": { "type": "Polygon", "coordinates": [ [ [ -43.030573728999968, -6.763681914778955 ], [ -43.033937383999955, -6.763427034778966 ], [ -43.036838245999945, -6.763120522778971 ], [ -43.039406053999976, -6.762933269779001 ], [ -43.03994139699995, -6.762796735778966 ], [ -43.039981612999959, -6.765692893778873 ], [ -43.040079593999955, -6.767363268778816 ], [ -43.041777991999936, -6.768543904778795 ], [ -43.041967238999973, -6.769818855778783 ], [ -43.040538032999969, -6.769561109778746 ], [ -43.040551595999943, -6.768625791778811 ], [ -43.040036572999952, -6.7684703847788 ], [ -43.038737820999977, -6.768840663778826 ], [ -43.034886418999974, -6.768549010778797 ], [ -43.035092522999946, -6.765868737778877 ], [ -43.033815802999989, -6.764952321778905 ], [ -43.033835932999978, -6.764545885778928 ], [ -43.031174588999932, -6.764534072778916 ], [ -43.02982654099997, -6.764519481778955 ], [ -43.02817377599996, -6.76455075777891 ], [ -43.024609063999947, -6.764102065778965 ], [ -43.024734939999973, -6.763475215778978 ], [ -43.028274491999973, -6.76374277777894 ], [ -43.030573728999968, -6.763681914778955 ] ] ] } },
{ "type": "Feature", "properties": { "num_setor": "PI_ES_SR_02_CPRM", "munic": "ESPERANTINA", "grau_risco": "Alto", "distancia_km": 1.37, "chuva_24h": 0.0, "chuva_72h": 0.0, "fonte_estacao": "openmeteo", "codigo_estacao": "openmeteo", "nome_estacao": "Open-Meteo (célula de grade)" }, "geometry": { "type": "Polygon", "coordinates": [ [ [ -42.236807315999954, -3.899623045871718 ], [ -42.236166588999929, -3.899404752871739 ], [ -42.235862647999966, -3.899333145871745 ], [ -42.235710386999983, -3.899298448871755 ], [ -42.235615336999956, -3.899212958871752 ], [ -42.235606987999972, -3.898924072871742 ], [ -42.235669008999935, -3.898728590871771 ], [ -42.235734339999958, -3.898537454871762 ], [ -42.235827070999967, -3.898333234871771 ], [ -42.235928434999956, -3.898118520871795 ], [ -42.236048275999963, -3.897670101871806 ], [ -42.236165224999979, -3.897390917871792 ], [ -42.236260935999951, -3.896982609871828 ], [ -42.23636628099996, -3.896662051871837 ], [ -42.236446262999948, -3.896154726871852 ], [ -42.236483475999925, -3.895588607871889 ], [ -42.236437758999955, -3.894248991871935 ], [ -42.23643421099996, -3.893684882871915 ], [ -42.236400753999931, -3.892956553871976 ], [ -42.236297877999966, -3.891870575872016 ], [ -42.236258483999954, -3.891265115872003 ], [ -42.23620784099996, -3.890668256872042 ], [ -42.236110990999975, -3.890087766872055 ], [ -42.236074174999942, -3.889479293872073 ], [ -42.236035651999934, -3.8887529408721 ], [ -42.236017905999972, -3.887807702872142 ], [ -42.236058252999946, -3.887124410872144 ], [ -42.236173387999941, -3.886814807872146 ], [ -42.236486495999941, -3.88663872987217 ], [ -42.236655884999948, -3.886727652872191 ], [ -42.236806872999971, -3.886985881872178 ], [ -42.236876614999979, -3.887460236872159 ], [ -42.23689950399995, -3.888104228872127 ], [ -42.236902577999956, -3.888794190872071 ], [ -42.236960488999948, -3.889573983872097 ], [ -42.236958352999977, -3.890094118872069 ], [ -42.237025256999971, -3.890560592872061 ], [ -42.237073296999938, -3.891375546871997 ], [ -42.237077732999978, -3.891803815871978 ], [ -42.23705459699994, -3.892270807872011 ], [ -42.237052305999953, -3.892744268871949 ], [ -42.237144970999964, -3.893413345871922 ], [ -42.237213853999947, -3.893856794871953 ], [ -42.237307989999977, -3.894156012871897 ], [ -42.237375587999963, -3.894463099871896 ], [ -42.237426156999959, -3.894978492871882 ], [ -42.237461651999979, -3.89544802987188 ], [ -42.237511243999961, -3.895991336871853 ], [ -42.237647590999984, -3.896660087871862 ], [ -42.237580414999968, -3.896974680871834 ], [ -42.237485718999949, -3.89701908487183 ], [ -42.237465139999983, -3.897155692871815 ], [ -42.237428273999967, -3.897449221871836 ], [ -42.237388509999967, -3.897808953871818 ], [ -42.237342169999977, -3.898661329871743 ], [ -42.237277376999934, -3.899102945871775 ], [ -42.237229534999983, -3.899448246871743 ], [ -42.23715948399996, -3.899562887871725 ], [ -42.23696681399997, -3.899639345871748 ], [ -42.236807315999954, -3.899623045871718 ] ] ] } },
{ "type": "Feature", "properties": { "num_setor": "PI_ES_SR_03_CPRM", "munic": "ESPERANTINA", "grau_risco": "Alto", "distancia_km": 1.64, "chuva_24h": 0.0, "chuva_72h": 0.0, "fonte_estacao": "openmeteo", "codigo_estacao": "openmeteo", "nome_estacao": "Open-Meteo (célula de grade)" }, "geometry": { "type": "Polygon", "coordinates": [ [ [ -42.230259557999943, -3.910848319871374 ], [ -42.230216085999984, -3.910669936871389 ], [ -42.23014502999996, -3.910400956871416 ], [ -42.230063746999974, -3.910214058871384 ], [ -42.230169394999962, -3.909989697871393 ], [ -42.230406731999949, -3.909250686871415 ], [ -42.230652219999968, -3.908684899871465 ], [ -42.230934069999932, -3.907914768871461 ], [ -42.231224342999951, -3.907187963871487 ], [ -42.231422599999981, -3.906672953871485 ], [ -42.231506636999939, -3.906495720871503 ], [ -42.231581711999979, -3.906327070871536 ], [ -42.231605349999946, -3.906101165871502 ], [ -42.231681044999959, -3.905907692871547 ], [ -42.231752072999939, -3.90573291587156 ], [ -42.231847152999933, -3.905608934871564 ], [ -42.231862280999962, -3.90551247187154 ], [ -42.231863216999947, -3.905411092871542 ], [ -42.231925714999939, -3.905262342871552 ], [ -42.232167689999983, -3.905331714871536 ], [ -42.232494682999977, -3.905598235871538 ], [ -42.23293208299998, -3.905944976871517 ], [ -42.233375332999962, -3.906390985871527 ], [ -42.233748398999971, -3.906903207871507 ], [ -42.234092601999976, -3.907302476871507 ], [ -42.234579996999976, -3.907831163871477 ], [ -42.235032386999933, -3.908276391871453 ], [ -42.235417312999971, -3.908621381871469 ], [ -42.235939211999948, -3.909181344871453 ], [ -42.236348691999972, -3.909629269871385 ], [ -42.23660943699997, -3.909939570871392 ], [ -42.233386005999932, -3.912466170871316 ], [ -42.233075398999972, -3.912290340871333 ], [ -42.232594793999965, -3.912043632871319 ], [ -42.232192188999925, -3.911811450871336 ], [ -42.23183774599994, -3.911591062871344 ], [ -42.231512578999961, -3.911294624871331 ], [ -42.231386092999969, -3.911084883871343 ], [ -42.231230988999982, -3.910945241871387 ], [ -42.231004205999966, -3.91097177287139 ], [ -42.230785061999931, -3.91104672787139 ], [ -42.230601480999951, -3.911089683871348 ], [ -42.230410221999925, -3.911085026871366 ], [ -42.230286765999949, -3.911020895871386 ], [ -42.230259557999943, -3.910848319871374 ] ] ] } },
{ "type": "Feature", "properties": { "num_setor": "PI_CAX_SR_01_CPRM", "munic": "CAXINGÓ", "grau_risco": "Alto", "distancia_km": 0.87, "chuva_24h": 0.0, "chuva_72h": 0.0, "fonte_estacao": "openmeteo", "codigo_estacao": "openmeteo", "nome_estacao": "Open-Meteo (célula de grade)" }, "geometry": { "type": "Polygon", "coordinates": [ [ [ -41.890464860999941, -3.421051874887378 ], [ -41.89097536699996, -3.420600849887424 ], [ -41.891034944999952, -3.420046659887447 ], [ -41.89135520599995, -3.418822385887446 ], [ -41.891369231999931, -3.418812566887487 ], [ -41.891809069999965, -3.418574341887466 ], [ -41.892498759999967, -3.418706614887484 ], [ -41.893103411999952, -3.419143341887429 ], [ -41.893748747999943, -3.419486794887447 ], [ -41.894433275999972, -3.419784386887423 ], [ -41.893947960999981, -3.420005731887407 ], [ -41.892818137999939, -3.420473103887401 ], [ -41.891742704999963, -3.420957263887423 ], [ -41.89144644299995, -3.42185129688735 ], [ -41.891277257999946, -3.422448936887353 ], [ -41.89095545999993, -3.422536202887328 ], [ -41.890668672999936, -3.421982565887352 ], [ -41.890492023999968, -3.421548628887403 ], [ -41.888290320999936, -3.423049447887348 ], [ -41.888443596999934, -3.424179233887293 ], [ -41.887149958999942, -3.424014565887268 ], [ -41.886917503999939, -3.423221656887312 ], [ -41.890464860999941, -3.421051874887378 ] ] ] } },
{ "type": "Feature", "properties": { "num_setor": "PI_CAX_SR_02_CPRM", "munic": "CAXINGÓ", "grau_risco": "Alto", "distancia_km": 1.04, "chuva_24h": 0.0, "chuva_72h": 0.0, "fonte_estacao": "openmeteo", "codigo_estacao": "openmeteo", "nome_estacao": "Open-Meteo (célula de grade)" }, "geometry": { "type": "Polygon", "coordinates": [ [ [ -41.893729800999942, -3.422816852887356 ], [ -41.893727040999977, -3.422416963887374 ], [ -41.893762912999932, -3.421981597887355 ], [ -41.89374233399996, -3.421540646887404 ], [ -41.893932632999956, -3.421286230887385 ], [ -41.894112747999934, -3.421354771887406 ], [ -41.894574828999964, -3.421550596887394 ], [ -41.895064278999939, -3.421815136887366 ], [ -41.895243610999955, -3.422197464887362 ], [ -41.89500778799993, -3.42263935888735 ], [ -41.894701397999938, -3.422971797887315 ], [ -41.893729800999942, -3.422816852887356 ] ] ] } },
{ "type": "Feature", "properties": { "num_setor": "PI_CAMPOMA_SR_08_CPRM", "munic": "CAMPO MAIOR", "grau_risco": "Alto", "distancia_km": 2.22, "chuva_24h": 0.0, "chuva_72h": 0.0, "fonte_estacao": "openmeteo", "codigo_estacao": "openmeteo", "nome_estacao": "Open-Meteo (célula de grade)" }, "geometry": { "type": "Polygon", "coordinates": [ [ [ -42.174506558999951, -4.845104130840942 ], [ -42.174956571999985, -4.844551716840938 ], [ -42.174976529999981, -4.84455194584096 ], [ -42.175092279999944, -4.844724389840941 ], [ -42.174781475999957, -4.84506884284095 ], [ -42.174866101999953, -4.845371727840933 ], [ -42.175065538999945, -4.845509181840901 ], [ -42.175658434999939, -4.84599353084092 ], [ -42.176132003999953, -4.846398619840881 ], [ -42.176456240999983, -4.846657492840876 ], [ -42.176010892999955, -4.847259959840877 ], [ -42.174913412999956, -4.846897851840844 ], [ -42.174071820999984, -4.84658676484085 ], [ -42.173212607999965, -4.846508730840901 ], [ -42.172139497999979, -4.846352787840868 ], [ -42.171432276999944, -4.846707240840849 ], [ -42.170946408999953, -4.846377373840861 ], [ -42.170210138999948, -4.846990369840863 ], [ -42.169557398999984, -4.847720636840838 ], [ -42.168902001999975, -4.848174892840832 ], [ -42.167936070999986, -4.848380259840807 ], [ -42.167478136999932, -4.846424968840872 ], [ -42.167695832999975, -4.846050670840885 ], [ -42.167672843999981, -4.845773595840909 ], [ -42.167836554999951, -4.845306945840904 ], [ -42.168133243999932, -4.845266039840923 ], [ -42.168423918999963, -4.84531624284092 ], [ -42.168507639999973, -4.845346776840938 ], [ -42.168520087999987, -4.845916257840877 ], [ -42.16949109899997, -4.846061558840904 ], [ -42.169630620999961, -4.845904948840873 ], [ -42.169664749999981, -4.845382326840882 ], [ -42.169701263999976, -4.845126258840894 ], [ -42.169714017999979, -4.844789990840951 ], [ -42.170095781999976, -4.844782594840949 ], [ -42.170476106999956, -4.844879017840951 ], [ -42.17096543699995, -4.844893335840904 ], [ -42.170898221999948, -4.845527582840932 ], [ -42.171112304999951, -4.845557897840883 ], [ -42.171566509999941, -4.845586864840921 ], [ -42.171932389999945, -4.845644983840885 ], [ -42.172156983999976, -4.845594221840893 ], [ -42.172173717999961, -4.845227799840945 ], [ -42.17219672199996, -4.844941548840922 ], [ -42.172769198999958, -4.845027658840902 ], [ -42.173131089999963, -4.844999273840953 ], [ -42.173356602999952, -4.844938612840934 ], [ -42.173328040999934, -4.845351656840946 ], [ -42.173309943999982, -4.845715040840898 ], [ -42.173904856999968, -4.845757582840919 ], [ -42.174309106999942, -4.845777535840909 ], [ -42.174459417999969, -4.845780412840889 ], [ -42.174506558999951, -4.845104130840942 ] ] ] } },
{ "type": "Feature", "properties": { "num_setor": "PI_CAMPOMA_SR_09_CPRM", "munic": "CAMPO MAIOR", "grau_risco": "Alto", "distancia_km": 1.16, "chuva_24h": 0.0, "chuva_72h": 0.0, "fonte_estacao": "openmeteo", "codigo_estacao": "openmeteo", "nome_estacao": "Open-Meteo (célula de grade)" }, "geometry": { "type": "Polygon", "coordinates": [ [ [ -42.181970029999945, -4.837548927841151 ], [ -42.18257178999994, -4.838097731841135 ], [ -42.183290473999939, -4.838558193841157 ], [ -42.183906378999957, -4.839150566841094 ], [ -42.184652939999985, -4.839932972841115 ], [ -42.185157231999945, -4.840798386841064 ], [ -42.185779667999952, -4.841536948841018 ], [ -42.185470831999972, -4.841819747841056 ], [ -42.184171610999954, -4.843298871840966 ], [ -42.183059411999977, -4.843774809840974 ], [ -42.182070869999961, -4.844105466840964 ], [ -42.180860203999941, -4.844169888840947 ], [ -42.180352004999968, -4.843751379840973 ], [ -42.18019523199996, -4.843393424840962 ], [ -42.180177625999924, -4.842963175840996 ], [ -42.180348212999945, -4.842806695841016 ], [ -42.18033847899995, -4.842515144840996 ], [ -42.18008019399997, -4.842471318841026 ], [ -42.180064814999987, -4.842458802841 ], [ -42.179913312999922, -4.842176941841045 ], [ -42.179705319999982, -4.84172285784105 ], [ -42.180363591999928, -4.841536040841015 ], [ -42.180443037999964, -4.841404067841067 ], [ -42.180254501999968, -4.840799255841082 ], [ -42.180487658999937, -4.840636931841056 ], [ -42.180478021999939, -4.840349957841056 ], [ -42.18043736799995, -4.840005363841113 ], [ -42.180295331999957, -4.839873386841096 ], [ -42.180193055999951, -4.83977198184109 ], [ -42.180183294999949, -4.839310760841137 ], [ -42.179146076999984, -4.839377722841088 ], [ -42.178900713999951, -4.838435122841147 ], [ -42.179218791999972, -4.838376893841154 ], [ -42.180035708999981, -4.838384814841115 ], [ -42.18041227599997, -4.838203413841162 ], [ -42.180725957999982, -4.838518826841159 ], [ -42.181970029999945, -4.837548927841151 ] ] ] } },
{ "type": "Feature", "properties": { "num_setor": "PI_CRISTIN_SR_2_CPRM", "munic": "CRISTINO CASTRO", "grau_risco": "Alto", "distancia_km": 0.29, "chuva_24h": 0.0, "chuva_72h": 0.0, "fonte_estacao": "openmeteo", "codigo_estacao": "openmeteo", "nome_estacao": "Open-Meteo (célula de grade)" }, "geometry": { "type": "Polygon", "coordinates": [ [ [ -44.224266335999971, -8.824779760713502 ], [ -44.224223005999932, -8.824642481713509 ], [ -44.224078501999941, -8.824471922713553 ], [ -44.224000383999964, -8.824332843713542 ], [ -44.223797047999938, -8.823962344713516 ], [ -44.223723975, -8.823779503713549 ], [ -44.223658019999952, -8.823641734713563 ], [ -44.223502947999975, -8.823386582713548 ], [ -44.223388751999948, -8.823192805713566 ], [ -44.22329028799993, -8.823000104713563 ], [ -44.223272599999973, -8.822925800713559 ], [ -44.223372006999966, -8.822870731713582 ], [ -44.223526904999972, -8.822799313713571 ], [ -44.22368892399993, -8.822709693713595 ], [ -44.223882175999961, -8.822627126713606 ], [ -44.224025550999954, -8.822557774713573 ], [ -44.22410397799996, -8.822534990713571 ], [ -44.22411821999998, -8.822444403713586 ], [ -44.224054184999943, -8.822304456713608 ], [ -44.223965663999934, -8.822123037713613 ], [ -44.223882518999979, -8.821867913713586 ], [ -44.223799697999937, -8.821618971713619 ], [ -44.223765525999966, -8.821467574713592 ], [ -44.223751264999969, -8.821371581713594 ], [ -44.223842988999934, -8.821316339713624 ], [ -44.223938866999958, -8.821272027713624 ], [ -44.22411563299994, -8.821582958713615 ], [ -44.224668434999955, -8.822703866713605 ], [ -44.225475853999974, -8.824216043713541 ], [ -44.225376851999947, -8.824346148713529 ], [ -44.225193026999932, -8.824468399713513 ], [ -44.224934357999977, -8.824593936713539 ], [ -44.224619018999938, -8.82475654971352 ], [ -44.224390949999986, -8.824829795713518 ], [ -44.224266335999971, -8.824779760713502 ] ] ] } },
{ "type": "Feature", "properties": { "num_setor": "PI_CAX_SR_03_CPRM", "munic": "CAXINGÓ", "grau_risco": "Alto", "distancia_km": 0.93, "chuva_24h": 0.0, "chuva_72h": 0.0, "fonte_estacao": "openmeteo", "codigo_estacao": "openmeteo", "nome_estacao": "Open-Meteo (célula de grade)" }, "geometry": { "type": "Polygon", "coordinates": [ [ [ -41.894953071999964, -3.407069323887863 ], [ -41.889851605999979, -3.406754363887851 ], [ -41.88934388499996, -3.403862679887983 ], [ -41.892092392999977, -3.402016472888011 ], [ -41.895738789999939, -3.404798668887916 ], [ -41.898104156999977, -3.407580469887852 ], [ -41.896926148999967, -3.408257932887821 ], [ -41.894953071999964, -3.407069323887863 ] ] ] } },
{ "type": "Feature", "properties": { "num_setor": "PI_CRISTIN_SR_1_CPRM", "munic": "CRISTINO CASTRO", "grau_risco": "Alto", "distancia_km": 0.54, "chuva_24h": 0.0, "chuva_72h": 0.0, "fonte_estacao": "openmeteo", "codigo_estacao": "openmeteo", "nome_estacao": "Open-Meteo (célula de grade)" }, "geometry": { "type": "Polygon", "coordinates": [ [ [ -44.220081599999965, -8.811070626713924 ], [ -44.219976919999965, -8.810872484713947 ], [ -44.219975266999946, -8.810750322713977 ], [ -44.220301707999965, -8.810618843713979 ], [ -44.221183580999934, -8.810590397713936 ], [ -44.221907881999982, -8.81060161371396 ], [ -44.223057419999975, -8.810995138713929 ], [ -44.223700762999954, -8.811233592713929 ], [ -44.224161494999976, -8.811094113713947 ], [ -44.224843613999951, -8.812134452713899 ], [ -44.225506905999971, -8.812575408713915 ], [ -44.225697150999963, -8.814484751713829 ], [ -44.225821787999962, -8.814762045713813 ], [ -44.226065175999963, -8.815771379713787 ], [ -44.226338535999965, -8.815999094713774 ], [ -44.226352396999971, -8.817174877713743 ], [ -44.226550098999951, -8.818425656713734 ], [ -44.22672991099995, -8.819104168713691 ], [ -44.226935128999969, -8.819318732713668 ], [ -44.227160431999948, -8.819729377713692 ], [ -44.227362097999958, -8.82080480371366 ], [ -44.227644865999935, -8.821253396713633 ], [ -44.227784159999949, -8.822465808713568 ], [ -44.227857430999961, -8.82307620571355 ], [ -44.227786229999936, -8.823615661713552 ], [ -44.22763880399998, -8.824198957713531 ], [ -44.227652244999938, -8.82454577771353 ], [ -44.227462996999968, -8.825014827713503 ], [ -44.227265043999978, -8.825181566713507 ], [ -44.22706569099995, -8.825378424713477 ], [ -44.226796174999947, -8.825281671713499 ], [ -44.226677200999973, -8.825348612713505 ], [ -44.226366075999977, -8.825177984713475 ], [ -44.226036015999959, -8.824533735713544 ], [ -44.225760527999974, -8.824111892713532 ], [ -44.225538360999963, -8.82372136771354 ], [ -44.225174347999939, -8.822932991713563 ], [ -44.224941844999925, -8.82230093271359 ], [ -44.224813260999952, -8.821848392713582 ], [ -44.224690112999951, -8.821595223713626 ], [ -44.224425903999922, -8.820743891713628 ], [ -44.224298134999977, -8.820126291713645 ], [ -44.224193794999969, -8.819825099713659 ], [ -44.224046217999955, -8.819815133713671 ], [ -44.223857531999947, -8.819717487713696 ], [ -44.223863329, -8.819503907713669 ], [ -44.223584076999941, -8.819018581713703 ], [ -44.223250450999956, -8.817795224713718 ], [ -44.223100715999976, -8.81718883971377 ], [ -44.222957916999974, -8.816377647713782 ], [ -44.222461845999923, -8.815397332713824 ], [ -44.222008781999932, -8.81460001771385 ], [ -44.221509989999959, -8.813723263713884 ], [ -44.221018679999936, -8.812892339713898 ], [ -44.220732920999971, -8.812317194713886 ], [ -44.220081599999965, -8.811070626713924 ] ] ] } },
{ "type": "Feature", "properties": { "num_setor": "PI_CAMPOMA_SR_02_CPRM", "munic": "CAMPO MAIOR", "grau_risco": "Alto", "distancia_km": 1.78, "chuva_24h": 0.0, "chuva_72h": 0.0, "fonte_estacao": "openmeteo", "codigo_estacao": "openmeteo", "nome_estacao": "Open-Meteo (célula de grade)" }, "geometry": { "type": "Polygon", "coordinates": [ [ [ -42.165168342999955, -4.821242621841687 ], [ -42.166527720999966, -4.820799976841743 ], [ -42.168559769999952, -4.820161102841761 ], [ -42.170279800999936, -4.819857540841771 ], [ -42.172167333999937, -4.819313943841735 ], [ -42.173123698999966, -4.81904712584175 ], [ -42.173316174999961, -4.819554853841736 ], [ -42.173437749999941, -4.819973501841708 ], [ -42.173502228999951, -4.820444378841752 ], [ -42.173531503999982, -4.820990355841687 ], [ -42.173618528999953, -4.821370767841696 ], [ -42.172496456999966, -4.821754928841687 ], [ -42.172276622999959, -4.821499264841681 ], [ -42.172066014999984, -4.821404706841687 ], [ -42.171582893999982, -4.82130595084169 ], [ -42.17093427399994, -4.821433707841711 ], [ -42.169979313999931, -4.821773610841701 ], [ -42.16942343399996, -4.822021085841671 ], [ -42.169113743999958, -4.822091674841684 ], [ -42.168686814999944, -4.822322808841666 ], [ -42.16826840899995, -4.82255132584165 ], [ -42.167687145999935, -4.822634242841629 ], [ -42.167125182999946, -4.822740804841668 ], [ -42.166758668999925, -4.822943395841663 ], [ -42.166387041999947, -4.823158455841615 ], [ -42.166140238999951, -4.82330765684161 ], [ -42.165884181999957, -4.82327327384166 ], [ -42.16561230699994, -4.822962185841623 ], [ -42.165507193999986, -4.822742090841655 ], [ -42.16535422499993, -4.822512670841674 ], [ -42.165017024999948, -4.822371586841676 ], [ -42.164740504999941, -4.822207114841683 ], [ -42.164357562999946, -4.821952950841677 ], [ -42.164754668999933, -4.821508671841675 ], [ -42.165168342999955, -4.821242621841687 ] ] ] } },
{ "type": "Feature", "properties": { "num_setor": "PI_CAMPOMA_SR_03_CPRM", "munic": "CAMPO MAIOR", "grau_risco": "Muito alto", "distancia_km": 1.52, "chuva_24h": 0.0, "chuva_72h": 0.0, "fonte_estacao": "openmeteo", "codigo_estacao": "openmeteo", "nome_estacao": "Open-Meteo (célula de grade)" }, "geometry": { "type": "Polygon", "coordinates": [ [ [ -42.174339955999976, -4.820543916841724 ], [ -42.175711494999973, -4.82064306884174 ], [ -42.176223774999983, -4.820619790841728 ], [ -42.176446744999964, -4.821856414841682 ], [ -42.176624821999951, -4.822462932841651 ], [ -42.176652478999976, -4.822662561841653 ], [ -42.17728503099994, -4.822462900841647 ], [ -42.177573917999958, -4.822297813841677 ], [ -42.177848950999923, -4.822374178841661 ], [ -42.178234946999964, -4.822268277841681 ], [ -42.178224734999951, -4.822034050841671 ], [ -42.179006071999936, -4.821764625841674 ], [ -42.179761512999967, -4.8214904428417 ], [ -42.180323717999954, -4.821198269841718 ], [ -42.180583208999963, -4.821139137841729 ], [ -42.180860001999974, -4.821698784841697 ], [ -42.180158419999948, -4.822533225841671 ], [ -42.179761246999938, -4.823037709841622 ], [ -42.178547447999961, -4.824020844841609 ], [ -42.177811986999977, -4.824400060841595 ], [ -42.176898206999965, -4.824857120841612 ], [ -42.176446190999961, -4.825103433841595 ], [ -42.175858550999976, -4.824383470841619 ], [ -42.175678845999983, -4.823549794841635 ], [ -42.175651469999927, -4.823527163841606 ], [ -42.175547452999979, -4.822553489841663 ], [ -42.174209669999989, -4.822123557841647 ], [ -42.174124552999956, -4.821386350841688 ], [ -42.174339955999976, -4.820543916841724 ] ] ] } },
{ "type": "Feature", "properties": { "num_setor": "PI_CAJU_SR_01_CPRM", "munic": "CAJUEIRO DA PRAIA", "grau_risco": "Alto", "distancia_km": 1.33, "chuva_24h": 0.0, "chuva_72h": 0.6, "fonte_estacao": "openmeteo", "codigo_estacao": "openmeteo", "nome_estacao": "Open-Meteo (célula de grade)" }, "geometry": { "type": "Polygon", "coordinates": [ [ [ -41.337505461999967, -2.942179931903068 ], [ -41.337425299999957, -2.939038670903177 ], [ -41.337419162999943, -2.935088910903349 ], [ -41.337358453999975, -2.933815558903337 ], [ -41.337750879999923, -2.932453036903416 ], [ -41.338077215999924, -2.932233574903409 ], [ -41.338645346999947, -2.932400532903422 ], [ -41.338804564999975, -2.933768141903375 ], [ -41.338838879999969, -2.93524272090332 ], [ -41.338908296999932, -2.935887593903292 ], [ -41.339075324999953, -2.936784149903251 ], [ -41.340154348999931, -2.937743535903251 ], [ -41.342485407999952, -2.938190049903215 ], [ -41.345196564999981, -2.939445478903203 ], [ -41.34650961799997, -2.94147981990309 ], [ -41.349012777999981, -2.943836837903009 ], [ -41.346992627999953, -2.94555698990297 ], [ -41.34210389499998, -2.945580205902956 ], [ -41.337505461999967, -2.942179931903068 ] ] ] } },
{ "type": "Feature", "properties": { "num_setor": "PI_CAMPOMA_SR_01_CPRM", "munic": "CAMPO MAIOR", "grau_risco": "Alto", "distancia_km": 1.7, "chuva_24h": 0.0, "chuva_72h": 0.0, "fonte_estacao": "openmeteo", "codigo_estacao": "openmeteo", "nome_estacao": "Open-Meteo (célula de grade)" }, "geometry": { "type": "Polygon", "coordinates": [ [ [ -42.162392739999973, -4.813614880841978 ], [ -42.163650227999938, -4.813450126841955 ], [ -42.165551817999983, -4.812925379841987 ], [ -42.165963366999954, -4.812553267841961 ], [ -42.166486268999961, -4.812456310841978 ], [ -42.167179842999985, -4.813027425841974 ], [ -42.167572537999945, -4.813390283841986 ], [ -42.16894049299998, -4.817824650841823 ], [ -42.169101737999945, -4.8182818278418 ], [ -42.167882679999934, -4.818613638841811 ], [ -42.167772832999951, -4.818229366841801 ], [ -42.167639018999978, -4.817586112841814 ], [ -42.167457071999927, -4.817213045841831 ], [ -42.167302691999964, -4.816847986841854 ], [ -42.167053014999965, -4.81644451584184 ], [ -42.166690539999934, -4.815227254841915 ], [ -42.166108817999934, -4.814813907841916 ], [ -42.165637268999944, -4.814795288841921 ], [ -42.164328028999932, -4.815293398841868 ], [ -42.162348332999947, -4.815191744841879 ], [ -42.162392739999973, -4.813614880841978 ] ] ] } },
{ "type": "Feature", "properties": { "num_setor": "PI_CAMPOMA_SR_06_CPRM", "munic": "CAMPO MAIOR", "grau_risco": "Muito alto", "distancia_km": 0.4, "chuva_24h": 0.0, "chuva_72h": 0.0, "fonte_estacao": "openmeteo", "codigo_estacao": "openmeteo", "nome_estacao": "Open-Meteo (célula de grade)" }, "geometry": { "type": "Polygon", "coordinates": [ [ [ -42.15928880599995, -4.820554594841745 ], [ -42.15915645299998, -4.820766097841739 ], [ -42.159035035999977, -4.821387768841698 ], [ -42.159111575999937, -4.821850259841688 ], [ -42.159206591999968, -4.82215458784165 ], [ -42.159337889999961, -4.822683165841633 ], [ -42.15943361799998, -4.823023911841628 ], [ -42.159085989999937, -4.823144441841628 ], [ -42.158815232999984, -4.823238328841619 ], [ -42.159098406999931, -4.824055609841613 ], [ -42.158760895999933, -4.824235634841625 ], [ -42.158630380999966, -4.824267365841604 ], [ -42.15816732199994, -4.824412517841614 ], [ -42.158617934999945, -4.825161328841587 ], [ -42.158761715999958, -4.825412384841551 ], [ -42.159028265999957, -4.825824161841546 ], [ -42.159153797999977, -4.826087149841567 ], [ -42.159301650999964, -4.826455997841551 ], [ -42.159647058999958, -4.827191690841492 ], [ -42.160136555999941, -4.828105795841459 ], [ -42.160396436999974, -4.828577675841461 ], [ -42.160479494999947, -4.82875080984148 ], [ -42.160635991999989, -4.829012867841444 ], [ -42.160300695999979, -4.829185756841436 ], [ -42.160342631999981, -4.829591891841416 ], [ -42.160333157999958, -4.829871964841404 ], [ -42.160418010999933, -4.830072754841408 ], [ -42.160480640999936, -4.830521416841388 ], [ -42.160482158999969, -4.830855872841396 ], [ -42.16052670299996, -4.831141249841401 ], [ -42.160582132999942, -4.831232513841387 ], [ -42.16073274799993, -4.831424463841367 ], [ -42.160824179999963, -4.83168459184134 ], [ -42.160129848999929, -4.832179166841327 ], [ -42.159554611999965, -4.832528286841325 ], [ -42.160027011999944, -4.833077104841336 ], [ -42.159698539999972, -4.833635675841314 ], [ -42.159606764999978, -4.834059239841262 ], [ -42.159226917999938, -4.833940880841267 ], [ -42.159048924999979, -4.834397235841292 ], [ -42.15896977999995, -4.834536444841288 ], [ -42.158666628999988, -4.834508952841266 ], [ -42.158446246999972, -4.834475610841274 ], [ -42.158263259999956, -4.834357695841248 ], [ -42.158066494999957, -4.834019649841289 ], [ -42.157960331999959, -4.833801908841273 ], [ -42.157570926999938, -4.833918695841291 ], [ -42.156668513999932, -4.83428631484125 ], [ -42.156057229999931, -4.834572901841249 ], [ -42.155246775999949, -4.835096838841259 ], [ -42.154754138999976, -4.835457924841245 ], [ -42.154299249999951, -4.835806222841239 ], [ -42.153433661999941, -4.832442918841346 ], [ -42.15290185899994, -4.828257637841486 ], [ -42.154621038999949, -4.822801406841626 ], [ -42.157184127999983, -4.821116994841709 ], [ -42.157701896999981, -4.820630341841728 ], [ -42.15797149399998, -4.820630334841745 ], [ -42.158471179999935, -4.820634182841697 ], [ -42.15928880599995, -4.820554594841745 ] ] ] } },
{ "type": "Feature", "properties": { "num_setor": "PI_CAMPOMA_SR_07_CPRM", "munic": "CAMPO MAIOR", "grau_risco": "Muito alto", "distancia_km": 0.6, "chuva_24h": 0.0, "chuva_72h": 0.0, "fonte_estacao": "openmeteo", "codigo_estacao": "openmeteo", "nome_estacao": "Open-Meteo (célula de grade)" }, "geometry": { "type": "Polygon", "coordinates": [ [ [ -42.162129239999956, -4.831933945841334 ], [ -42.162910121999971, -4.831562075841365 ], [ -42.163229845999979, -4.832178568841342 ], [ -42.164095630999952, -4.831860071841328 ], [ -42.164200627999939, -4.832748843841354 ], [ -42.16273139499998, -4.833195280841332 ], [ -42.162191311999948, -4.833406015841319 ], [ -42.162334832999932, -4.83408189484127 ], [ -42.16222244599993, -4.834210519841267 ], [ -42.162041037999984, -4.834260971841251 ], [ -42.162024951999967, -4.834271639841268 ], [ -42.161734216999946, -4.834328971841296 ], [ -42.161505168999952, -4.834392901841248 ], [ -42.161422778999963, -4.834428184841299 ], [ -42.161436599999945, -4.834607404841236 ], [ -42.16151160499993, -4.834736918841269 ], [ -42.161581169999977, -4.834905718841253 ], [ -42.161581483999946, -4.834900967841252 ], [ -42.161638223999937, -4.834969311841241 ], [ -42.161888175999934, -4.834890607841268 ], [ -42.161964513999976, -4.835025687841275 ], [ -42.162003842999987, -4.835291639841271 ], [ -42.162064160999932, -4.83550171584124 ], [ -42.162080770999978, -4.835653347841214 ], [ -42.162400449999957, -4.836378367841193 ], [ -42.162134701999946, -4.836510891841229 ], [ -42.162251911999931, -4.836854385841209 ], [ -42.161220691999972, -4.837410521841188 ], [ -42.161457221999967, -4.837969332841141 ], [ -42.161672221999936, -4.83826172484113 ], [ -42.162593744999981, -4.838133282841135 ], [ -42.162786413999982, -4.838568153841153 ], [ -42.163057184999957, -4.838432691841161 ], [ -42.163136123999948, -4.838403719841165 ], [ -42.16317697399996, -4.838728725841118 ], [ -42.163444325999933, -4.838658386841135 ], [ -42.163467485999945, -4.838781184841134 ], [ -42.163583452999951, -4.839155626841135 ], [ -42.163653078999971, -4.839483304841084 ], [ -42.162592052999962, -4.839727411841093 ], [ -42.16181218599997, -4.83948998284112 ], [ -42.161245423999958, -4.839348000841118 ], [ -42.160834103999946, -4.838841290841111 ], [ -42.160344608999935, -4.839003672841145 ], [ -42.160115040999983, -4.83908725584114 ], [ -42.159904135999966, -4.839146049841114 ], [ -42.15958068599997, -4.839240946841115 ], [ -42.15941870599994, -4.839285808841094 ], [ -42.159381920999977, -4.839023351841141 ], [ -42.159357574999952, -4.838726384841154 ], [ -42.159311149999951, -4.838194052841132 ], [ -42.159259328999951, -4.837443360841161 ], [ -42.159234964999939, -4.836840463841211 ], [ -42.159217557999966, -4.836315049841192 ], [ -42.159309761999957, -4.835615475841212 ], [ -42.159441422999976, -4.834866199841271 ], [ -42.159691294999959, -4.833936944841283 ], [ -42.159842206999933, -4.833506878841322 ], [ -42.159998755999936, -4.833219757841286 ], [ -42.160233887999937, -4.832972221841337 ], [ -42.160325597999929, -4.83295940184134 ], [ -42.160407445999965, -4.832947910841328 ], [ -42.160476273999954, -4.832892883841295 ], [ -42.160805610999937, -4.832821379841296 ], [ -42.161020127999961, -4.832691736841323 ], [ -42.161369247999971, -4.832531500841329 ], [ -42.161799555999941, -4.83232622484136 ], [ -42.162129239999956, -4.831933945841334 ] ] ] } },
{ "type": "Feature", "properties": { "num_setor": "PI_CAMPOMA_SR_04_CPRM", "munic": "CAMPO MAIOR", "grau_risco": "Muito alto", "distancia_km": 1.07, "chuva_24h": 0.0, "chuva_72h": 0.0, "fonte_estacao": "openmeteo", "codigo_estacao": "openmeteo", "nome_estacao": "Open-Meteo (célula de grade)" }, "geometry": { "type": "Polygon", "coordinates": [ [ [ -42.172083825999948, -4.825856962841574 ], [ -42.171811477999938, -4.825039620841599 ], [ -42.172854724999979, -4.824820545841589 ], [ -42.172611229999973, -4.824025564841603 ], [ -42.172492474999956, -4.823497610841609 ], [ -42.172407359999973, -4.823178896841619 ], [ -42.172307516999979, -4.822919850841626 ], [ -42.172264, -4.822743685841669 ], [ -42.172228847999975, -4.822593851841655 ], [ -42.172189377999985, -4.822507863841638 ], [ -42.172124809999957, -4.822236838841685 ], [ -42.172074862999985, -4.822006519841666 ], [ -42.172749186999965, -4.821905463841662 ], [ -42.173001457999931, -4.822723708841649 ], [ -42.173150874999969, -4.823555037841607 ], [ -42.173266029999979, -4.824068650841602 ], [ -42.173327086999969, -4.824340969841629 ], [ -42.173389028999964, -4.824823986841574 ], [ -42.173428140999931, -4.825459917841587 ], [ -42.173550084999931, -4.82592262784154 ], [ -42.173675578999962, -4.826185164841559 ], [ -42.174393893999934, -4.825626750841564 ], [ -42.174705021999955, -4.825938901841555 ], [ -42.173974228999946, -4.826663993841509 ], [ -42.174479926999929, -4.827118935841535 ], [ -42.175206030999959, -4.827538024841509 ], [ -42.175391250999958, -4.826467982841507 ], [ -42.175623596999969, -4.826614999841518 ], [ -42.17619732199995, -4.826838523841491 ], [ -42.17614346199997, -4.827405637841506 ], [ -42.176947964999954, -4.827393191841476 ], [ -42.177582504999975, -4.827382144841494 ], [ -42.177451663999925, -4.826854272841548 ], [ -42.178535164999971, -4.825778716841533 ], [ -42.178943268999944, -4.825789827841529 ], [ -42.179130210999972, -4.825942799841546 ], [ -42.179329460999945, -4.826305584841529 ], [ -42.179818246999957, -4.826810434841537 ], [ -42.180138456999948, -4.826545633841535 ], [ -42.180801164999934, -4.82602542984155 ], [ -42.181175981999957, -4.825029464841566 ], [ -42.181278260999932, -4.824220091841616 ], [ -42.181907250999984, -4.823723140841628 ], [ -42.182421555999952, -4.823576607841609 ], [ -42.183032035999929, -4.824209155841586 ], [ -42.184562889999931, -4.826489208841511 ], [ -42.185366384999959, -4.826280574841526 ], [ -42.185334890999968, -4.828231142841452 ], [ -42.184536984999959, -4.828311803841466 ], [ -42.184385579999962, -4.828424432841465 ], [ -42.183855989999984, -4.828503489841458 ], [ -42.183382275999975, -4.828512093841473 ], [ -42.182756194999975, -4.82859599684149 ], [ -42.182595975999952, -4.828619963841439 ], [ -42.18255661599995, -4.828595068841468 ], [ -42.182541751999963, -4.828489180841464 ], [ -42.18251721799993, -4.828355045841471 ], [ -42.182509780999965, -4.828202235841446 ], [ -42.182496356999934, -4.827984717841456 ], [ -42.182424315999981, -4.827688196841466 ], [ -42.182387176999946, -4.827380783841501 ], [ -42.18183496499995, -4.827576026841507 ], [ -42.181577237999932, -4.827673833841478 ], [ -42.181391484999956, -4.827747685841489 ], [ -42.181258218999972, -4.827774952841492 ], [ -42.181123340999939, -4.827850226841473 ], [ -42.180403387999945, -4.828115327841489 ], [ -42.180182847999959, -4.828184416841456 ], [ -42.180014329999942, -4.828254147841445 ], [ -42.179786982999985, -4.828321739841502 ], [ -42.179629576999957, -4.828387982841486 ], [ -42.17944463699996, -4.828465930841441 ], [ -42.179316867999944, -4.828499335841446 ], [ -42.179233908999954, -4.828541807841463 ], [ -42.179124543999933, -4.82857363584144 ], [ -42.179022784999972, -4.828608331841441 ], [ -42.17894145899993, -4.828642789841448 ], [ -42.178875912999956, -4.828668550841469 ], [ -42.178812198999935, -4.828690561841469 ], [ -42.178732907999972, -4.828718541841438 ], [ -42.178693176999957, -4.828741307841467 ], [ -42.178651078999962, -4.828754741841448 ], [ -42.178523785999964, -4.828808254841453 ], [ -42.178346212999948, -4.828863149841463 ], [ -42.178279909999965, -4.828895462841478 ], [ -42.178126766999981, -4.828945122841425 ], [ -42.178121526999981, -4.828900943841439 ], [ -42.178065970999967, -4.828687029841474 ], [ -42.178048435999983, -4.828631012841456 ], [ -42.178028244999943, -4.828573739841476 ], [ -42.178016334999938, -4.828520418841482 ], [ -42.177998045999971, -4.828436543841455 ], [ -42.177974628999948, -4.828339585841483 ], [ -42.177947666999955, -4.828254012841455 ], [ -42.177931507999972, -4.828197310841459 ], [ -42.17792215299994, -4.828152257841454 ], [ -42.177907753999932, -4.828103034841489 ], [ -42.177900442999942, -4.828066292841477 ], [ -42.176532691999967, -4.828608955841432 ], [ -42.176472205999971, -4.828640805841454 ], [ -42.176367967999958, -4.828656167841461 ], [ -42.17624540099996, -4.828695431841465 ], [ -42.175981743999955, -4.828781266841454 ], [ -42.17575930199996, -4.828891009841445 ], [ -42.175534241999976, -4.82895534884145 ], [ -42.175332316999977, -4.829058976841429 ], [ -42.175130320999983, -4.829145994841467 ], [ -42.174982660999937, -4.829192266841429 ], [ -42.174814543999958, -4.828666411841463 ], [ -42.174680388999946, -4.828286980841481 ], [ -42.174511967999941, -4.827891905841464 ], [ -42.173772716999963, -4.82817364284148 ], [ -42.173474160999945, -4.827415857841484 ], [ -42.173424631999971, -4.827440258841502 ], [ -42.172721918999969, -4.827657496841495 ], [ -42.172546061999981, -4.827162272841496 ], [ -42.17249657299994, -4.826974241841509 ], [ -42.172376859999986, -4.826695830841508 ], [ -42.172304433999955, -4.826485010841515 ], [ -42.172236772999952, -4.826228511841527 ], [ -42.172083825999948, -4.825856962841574 ] ] ] } },
{ "type": "Feature", "properties": { "num_setor": "PI_CAMPOMA_SR_05_CPRM", "munic": "CAMPO MAIOR", "grau_risco": "Muito alto", "distancia_km": 1.51, "chuva_24h": 0.0, "chuva_72h": 0.0, "fonte_estacao": "openmeteo", "codigo_estacao": "openmeteo", "nome_estacao": "Open-Meteo (célula de grade)" }, "geometry": { "type": "Polygon", "coordinates": [ [ [ -42.158875493999965, -4.81910445084175 ], [ -42.158389749999969, -4.818073251841825 ], [ -42.157959129999938, -4.817383429841823 ], [ -42.158033624999973, -4.817297735841821 ], [ -42.158151076999957, -4.817122807841847 ], [ -42.158205518999978, -4.816939870841815 ], [ -42.158219469999956, -4.816733325841859 ], [ -42.158191142999954, -4.816518977841875 ], [ -42.158211868999963, -4.81631984684184 ], [ -42.158362403999952, -4.816131800841841 ], [ -42.158607472999961, -4.81609203284188 ], [ -42.158908680999957, -4.815952351841875 ], [ -42.165103915999971, -4.820707156841721 ], [ -42.164778873999978, -4.821112093841697 ], [ -42.164517591999982, -4.82142476784167 ], [ -42.164334666999927, -4.821597204841666 ], [ -42.164181138999936, -4.821739701841676 ], [ -42.164120965999984, -4.821834909841673 ], [ -42.163976544999962, -4.821797814841696 ], [ -42.163743846999971, -4.8215293528417 ], [ -42.16338678499995, -4.82121129784173 ], [ -42.162957796999933, -4.820780821841722 ], [ -42.162844201999974, -4.82069984584173 ], [ -42.162604678999962, -4.82048471984174 ], [ -42.162378893999964, -4.820326057841754 ], [ -42.162222358999941, -4.820179244841746 ], [ -42.162028675999977, -4.821008428841715 ], [ -42.161664058999982, -4.821064336841692 ], [ -42.16140357699993, -4.821154148841686 ], [ -42.161217991999933, -4.820227885841727 ], [ -42.160952512999984, -4.820289823841704 ], [ -42.16064841799993, -4.820335997841743 ], [ -42.160275163999984, -4.820457599841711 ], [ -42.159705231999965, -4.820539675841719 ], [ -42.159603363999963, -4.82059224284173 ], [ -42.159407503999944, -4.820223074841723 ], [ -42.158875493999965, -4.81910445084175 ] ] ] } },
{ "type": "Feature", "properties": { "num_setor": "PI_BAT_SR_01_CPRM", "munic": "BATALHA", "grau_risco": "Alto", "distancia_km": 0.94, "chuva_24h": 0.0, "chuva_72h": 0.0, "fonte_estacao": "openmeteo", "codigo_estacao": "openmeteo", "nome_estacao": "Open-Meteo (célula de grade)" }, "geometry": { "type": "Polygon", "coordinates": [ [ [ -42.232256077999971, -3.904292924871575 ], [ -42.235288413999967, -3.907559449871483 ], [ -42.237526706999972, -3.909861196871399 ], [ -42.238658586, -3.910637877871358 ], [ -42.239159384999937, -3.910981519871364 ], [ -42.24160539199994, -3.912659938871341 ], [ -42.242875353999985, -3.913334481871269 ], [ -42.243337656999984, -3.913580034871272 ], [ -42.244721158999937, -3.914314883871269 ], [ -42.245912917999931, -3.917883756871161 ], [ -42.245091133999942, -3.922590775870969 ], [ -42.244022165999979, -3.927689052870808 ], [ -42.242916209999976, -3.930717658870695 ], [ -42.242386498999963, -3.934104171870596 ], [ -42.242033232999972, -3.934270674870594 ], [ -42.236620171999959, -3.928881698870763 ], [ -42.23422491599996, -3.924138298870922 ], [ -42.233993925999982, -3.920651084871077 ], [ -42.232816820999972, -3.917525469871133 ], [ -42.231332149999965, -3.912966235871281 ], [ -42.231282453999938, -3.912924432871296 ], [ -42.229463701999975, -3.911323015871335 ], [ -42.232256077999971, -3.904292924871575 ] ], [ [ -42.23660943699997, -3.909939570871392 ], [ -42.236348691999972, -3.909629269871385 ], [ -42.235939211999948, -3.909181344871453 ], [ -42.235417312999971, -3.908621381871469 ], [ -42.235032386999933, -3.908276391871453 ], [ -42.234579996999976, -3.907831163871477 ], [ -42.234092601999976, -3.907302476871507 ], [ -42.233748398999971, -3.906903207871507 ], [ -42.233375332999962, -3.906390985871527 ], [ -42.23293208299998, -3.905944976871517 ], [ -42.232494682999977, -3.905598235871538 ], [ -42.232167689999983, -3.905331714871536 ], [ -42.231925714999939, -3.905262342871552 ], [ -42.231863216999947, -3.905411092871542 ], [ -42.231862280999962, -3.90551247187154 ], [ -42.231847152999933, -3.905608934871564 ], [ -42.231752072999939, -3.90573291587156 ], [ -42.231681044999959, -3.905907692871547 ], [ -42.231605349999946, -3.906101165871502 ], [ -42.231581711999979, -3.906327070871536 ], [ -42.231506636999939, -3.906495720871503 ], [ -42.231422599999981, -3.906672953871485 ], [ -42.231224342999951, -3.907187963871487 ], [ -42.230934069999932, -3.907914768871461 ], [ -42.230652219999968, -3.908684899871465 ], [ -42.230406731999949, -3.909250686871415 ], [ -42.230169394999962, -3.909989697871393 ], [ -42.230063746999974, -3.910214058871384 ], [ -42.23014502999996, -3.910400956871416 ], [ -42.230216085999984, -3.910669936871389 ], [ -42.230259557999943, -3.910848319871374 ], [ -42.230286765999949, -3.911020895871386 ], [ -42.230410221999925, -3.911085026871366 ], [ -42.230601480999951, -3.911089683871348 ], [ -42.230785061999931, -3.91104672787139 ], [ -42.231004205999966, -3.91097177287139 ], [ -42.231230988999982, -3.910945241871387 ], [ -42.231386092999969, -3.911084883871343 ], [ -42.231512578999961, -3.911294624871331 ], [ -42.23183774599994, -3.911591062871344 ], [ -42.232192188999925, -3.911811450871336 ], [ -42.232594793999965, -3.912043632871319 ], [ -42.233075398999972, -3.912290340871333 ], [ -42.233386005999932, -3.912466170871316 ], [ -42.23660943699997, -3.909939570871392 ] ] ] } },
{ "type": "Feature", "properties": { "num_setor": "PI_BL_SR_03_CPRM", "munic": "BURITI DOS LOPES", "grau_risco": "Alto", "distancia_km": 1.66, "chuva_24h": 0.0, "chuva_72h": 0.3, "fonte_estacao": "openmeteo", "codigo_estacao": "openmeteo", "nome_estacao": "Open-Meteo (célula de grade)" }, "geometry": { "type": "Polygon", "coordinates": [ [ [ -41.940115152999965, -3.188787705895021 ], [ -41.940292637999953, -3.188769176894978 ], [ -41.940434398999969, -3.188753775894996 ], [ -41.940627117999952, -3.188796016895006 ], [ -41.940690104999931, -3.188798185894975 ], [ -41.940754979999952, -3.18881819589499 ], [ -41.940827783999964, -3.188828322894988 ], [ -41.940902474999966, -3.188856291895018 ], [ -41.940949626999952, -3.188878232895016 ], [ -41.941006587999937, -3.188908132894974 ], [ -41.941055614999982, -3.188947915895007 ], [ -41.941141992999981, -3.189001683894994 ], [ -41.941257787999966, -3.189079321894977 ], [ -41.941373581999976, -3.189156958894985 ], [ -41.941489375999929, -3.189234596894974 ], [ -41.941595364999955, -3.189304278894977 ], [ -41.941701363999982, -3.189374018894986 ], [ -41.941856425999966, -3.189483902894965 ], [ -41.941997944999969, -3.189550130895004 ], [ -41.942035309999937, -3.189564225894984 ], [ -41.942127796999955, -3.189590546894988 ], [ -41.942208629999982, -3.189591062894988 ], [ -41.942317026999945, -3.189597691894976 ], [ -41.942488508999929, -3.189606703894994 ], [ -41.942569353999936, -3.189607219894995 ], [ -41.942632438999965, -3.189609601894983 ], [ -41.942732885999931, -3.189626078894965 ], [ -41.94276046899995, -3.189631983894982 ], [ -41.94285306699993, -3.189657421894949 ], [ -41.942927919999931, -3.18968482189497 ], [ -41.943004667999958, -3.189729842894975 ], [ -41.943061770999975, -3.189759281894971 ], [ -41.943116938999928, -3.189771514894979 ], [ -41.94321512099998, -3.189850679894967 ], [ -41.943244578999945, -3.18987443189497 ], [ -41.943283860999941, -3.189906104894988 ], [ -41.94343725799996, -3.189997530894971 ], [ -41.943578976999959, -3.19006340789497 ], [ -41.943710883999984, -3.190121369894936 ], [ -41.94396435699997, -3.190230502894955 ], [ -41.944050491999974, -3.190284941894952 ], [ -41.944156326999973, -3.190355053894953 ], [ -41.944242674999934, -3.190408998894938 ], [ -41.944331853999984, -3.190458166894973 ], [ -41.944366294999952, -3.190477155894921 ], [ -41.944402042999968, -3.190496050894963 ], [ -41.944480110999969, -3.190537316894944 ], [ -41.944481905999965, -3.19053878089492 ], [ -41.944569936999983, -3.190610607894922 ], [ -41.944656161999937, -3.190680958894952 ], [ -41.944734383999958, -3.190744782894941 ], [ -41.944802816999982, -3.190800618894942 ], [ -41.944931659999952, -3.190922084894937 ], [ -41.944993845999932, -3.19100550089493 ], [ -41.945075557999985, -3.191104838894907 ], [ -41.945199853999952, -3.191271568894951 ], [ -41.945240681999955, -3.191321203894931 ], [ -41.945309022999936, -3.191376950894902 ], [ -41.945369359999972, -3.191442495894941 ], [ -41.945418159999974, -3.191482302894892 ], [ -41.945486513999981, -3.191537999894937 ], [ -41.945564852999951, -3.191601506894936 ], [ -41.945633399999963, -3.1916570768949 ], [ -41.945712055999927, -3.191720417894886 ], [ -41.94580069999995, -3.191791623894909 ], [ -41.945869663999986, -3.191847019894908 ], [ -41.946007637999969, -3.191957850894873 ], [ -41.946037197999942, -3.191981611894898 ], [ -41.946144757999946, -3.192069075894888 ], [ -41.946177729999931, -3.192128393894889 ], [ -41.946210699999938, -3.192187709894869 ], [ -41.946253443999979, -3.19225497189488 ], [ -41.946270495999954, -3.192333843894898 ], [ -41.946313233999945, -3.192401095894902 ], [ -41.946324827999945, -3.192426773894885 ], [ -41.946371235999948, -3.192529466894853 ], [ -41.946404247999965, -3.192588749894897 ], [ -41.946419540999955, -3.192649862894852 ], [ -41.946444611999929, -3.192718918894879 ], [ -41.946448288999932, -3.192754363894861 ], [ -41.946484974999976, -3.192849084894898 ], [ -41.946492294999985, -3.192919976894892 ], [ -41.946499514999971, -3.192990879894884 ], [ -41.946536016999971, -3.193085606894856 ], [ -41.946547581999937, -3.19311127289485 ], [ -41.946572515999947, -3.193180323894875 ], [ -41.946605401999925, -3.193239589894868 ], [ -41.946620571999972, -3.193300687894871 ], [ -41.946651650999968, -3.193342226894865 ], [ -41.946705846999976, -3.193435073894876 ], [ -41.946716661999965, -3.193541361894858 ], [ -41.946737976999941, -3.193574949894869 ], [ -41.946756742999987, -3.19367144589483 ], [ -41.946760346999952, -3.193706868894817 ], [ -41.946777307999987, -3.193785641894856 ], [ -41.946789879999983, -3.193909594894862 ], [ -41.946812932999926, -3.193960865894824 ], [ -41.94682445799998, -3.193986498894832 ], [ -41.946825310999941, -3.194084764894839 ], [ -41.946831959999948, -3.194155486894805 ], [ -41.946856302999947, -3.194224344894821 ], [ -41.946892628999933, -3.194318877894802 ], [ -41.946894097, -3.194417191894814 ], [ -41.946895562999941, -3.19451551589483 ], [ -41.946882998999968, -3.194651095894832 ], [ -41.946868549999976, -3.194768973894799 ], [ -41.946835875999973, -3.194969318894792 ], [ -41.946825797999963, -3.195042078894808 ], [ -41.946815724999965, -3.19511484989477 ], [ -41.946787921999935, -3.195189470894775 ], [ -41.946767971999975, -3.195254291894801 ], [ -41.946763688999965, -3.19529947689477 ], [ -41.94672748499994, -3.195383699894816 ], [ -41.946731181999951, -3.195419122894799 ], [ -41.946680870999955, -3.195540565894806 ], [ -41.946658194999941, -3.195668150894777 ], [ -41.946629977999976, -3.195742597894752 ], [ -41.946591935999948, -3.195809083894782 ], [ -41.946563722999933, -3.195883522894778 ], [ -41.946499321999966, -3.196042140894774 ], [ -41.946480935999944, -3.196124523894782 ], [ -41.946478502999973, -3.196187402894762 ], [ -41.94651166999995, -3.196246697894729 ], [ -41.946520907999968, -3.196335248894766 ], [ -41.946536951999974, -3.196575235894743 ], [ -41.946536365999975, -3.196655828894745 ], [ -41.946533931999966, -3.196718709894762 ], [ -41.946533345999967, -3.19679930189472 ], [ -41.946530912999947, -3.196862181894749 ], [ -41.946512525999935, -3.196944555894731 ], [ -41.946441062999952, -3.197210819894729 ], [ -41.94643414799998, -3.19731865889473 ], [ -41.946415613999932, -3.197400856894704 ], [ -41.946402524999939, -3.197536067894737 ], [ -41.946398162999969, -3.197581132894732 ], [ -41.946364195999934, -3.197683311894742 ], [ -41.946338326999978, -3.197775902894735 ], [ -41.946310550999947, -3.197850739894733 ], [ -41.946276749999981, -3.197953162894718 ], [ -41.946262698999931, -3.197990409894681 ], [ -41.946240700999972, -3.198037428894703 ], [ -41.946204652999938, -3.198121694894691 ], [ -41.946180814999934, -3.198151007894711 ], [ -41.946168603999979, -3.198205961894718 ], [ -41.946150288999938, -3.198288390894688 ], [ -41.946108134999974, -3.198400133894675 ], [ -41.946048248999944, -3.198513714894665 ], [ -41.945954155999971, -3.198729267894688 ], [ -41.945919947999982, -3.198831240894662 ], [ -41.945915683999942, -3.198876423894654 ], [ -41.94578053999993, -3.199042431894658 ], [ -41.945734562999974, -3.19911852689465 ], [ -41.945646898999939, -3.199225540894684 ], [ -41.945559248999984, -3.199332539894647 ], [ -41.945511445999948, -3.199390895894656 ], [ -41.945471612999938, -3.199439521894677 ], [ -41.945439748999945, -3.199478418894642 ], [ -41.945383405999962, -3.199627045894628 ], [ -41.94536932099993, -3.19966419889462 ], [ -41.945305606999966, -3.199741972894648 ], [ -41.945281707999982, -3.199771118894627 ], [ -41.945209813999952, -3.199858087894618 ], [ -41.945145925999952, -3.199935372894644 ], [ -41.945096220999964, -3.199975726894662 ], [ -41.945044723999956, -3.199998478894615 ], [ -41.945003014999941, -3.200029166894648 ], [ -41.944885900999964, -3.200111551894636 ], [ -41.944818482999949, -3.200153590894623 ], [ -41.94476717699996, -3.200176743894654 ], [ -41.944613300999947, -3.200246308894638 ], [ -41.944597428999934, -3.200265827894619 ], [ -41.944549812999973, -3.200324382894628 ], [ -41.944486324999957, -3.20040245689461 ], [ -41.944436869999947, -3.200443328894609 ], [ -41.944395292999957, -3.200474233894619 ], [ -41.94432248399994, -3.200463421894597 ], [ -41.944294953999929, -3.200457156894632 ], [ -41.944222158999935, -3.20044634789463 ], [ -41.944118170999957, -3.20039389489461 ], [ -41.944059450999923, -3.20034599089462 ], [ -41.943990985999953, -3.2002902478946 ], [ -41.943961681999951, -3.200266517894655 ], [ -41.943893306999932, -3.200211150894637 ], [ -41.943864002999931, -3.200187420894627 ], [ -41.943752355999948, -3.200145825894603 ], [ -41.943723048999964, -3.200122093894617 ], [ -41.943683973999953, -3.200090451894602 ], [ -41.94350441399996, -3.199912507894639 ], [ -41.943348098999934, -3.199785928894663 ], [ -41.943123608999947, -3.199605799894667 ], [ -41.942664373999946, -3.199236897894688 ], [ -41.942496270999982, -3.199084950894687 ], [ -41.942383154999959, -3.198945049894684 ], [ -41.942202111999961, -3.198669363894683 ], [ -41.942142146999977, -3.19852365889466 ], [ -41.94206812799996, -3.19841519689471 ], [ -41.941949468999951, -3.198221609894706 ], [ -41.941908493999954, -3.198172160894688 ], [ -41.941877304999927, -3.198130640894724 ], [ -41.941780064999939, -3.197970615894716 ], [ -41.941720132999933, -3.197824579894731 ], [ -41.941660199999951, -3.197678596894699 ], [ -41.941569059999949, -3.197491240894733 ], [ -41.941526239999966, -3.197424151894706 ], [ -41.941491374999941, -3.197347245894709 ], [ -41.941386157999943, -3.197197238894713 ], [ -41.941302346999976, -3.197080772894706 ], [ -41.941228269999954, -3.196972371894732 ], [ -41.941146168999978, -3.196873921894736 ], [ -41.941106962999982, -3.196842359894729 ], [ -41.941085505999979, -3.196808904894744 ], [ -41.941046829999948, -3.196696858894724 ], [ -41.940953555999954, -3.196492272894731 ], [ -41.940832714999949, -3.196101411894773 ], [ -41.940674255999973, -3.195697226894751 ], [ -41.940505381999969, -3.195365768894814 ], [ -41.940351815999982, -3.195095358894784 ], [ -41.940198522999928, -3.194824778894783 ], [ -41.939904220999949, -3.194309269894834 ], [ -41.93975818499996, -3.194109777894805 ], [ -41.93963957099993, -3.193916404894811 ], [ -41.939467793999938, -3.193728538894842 ], [ -41.939409112999947, -3.193680966894873 ], [ -41.939327194999983, -3.193582152894857 ], [ -41.939187180999966, -3.193355227894875 ], [ -41.939121145999927, -3.193236882894852 ], [ -41.938981131999981, -3.193009957894863 ], [ -41.938944434999932, -3.19291539889487 ], [ -41.938901683999973, -3.192848305894886 ], [ -41.938863330999936, -3.192736094894855 ], [ -41.938789521999979, -3.192627558894888 ], [ -41.938686187999963, -3.192495199894871 ], [ -41.938484049999943, -3.192185418894882 ], [ -41.938372663999985, -3.192062784894912 ], [ -41.938288942999968, -3.191946298894883 ], [ -41.938136935999978, -3.191595947894884 ], [ -41.938051086999963, -3.191461656894895 ], [ -41.93795924799997, -3.191274049894917 ], [ -41.937939528999948, -3.191258112894916 ], [ -41.937924062999969, -3.191197019894919 ], [ -41.937898535999985, -3.191127846894937 ], [ -41.937873002999929, -3.19105865889494 ], [ -41.937847464999955, -3.190989457894911 ], [ -41.937828023999941, -3.190811859894928 ], [ -41.937811151999931, -3.190652343894934 ], [ -41.937818276999963, -3.190544565894966 ], [ -41.93785818899994, -3.190317461894943 ], [ -41.937854663999985, -3.19028217389495 ], [ -41.937898935999947, -3.19018839089494 ], [ -41.937922833999949, -3.190159142894962 ], [ -41.937970442999983, -3.190019495894949 ], [ -41.93801993999994, -3.189897537894986 ], [ -41.938107001999981, -3.18970869289496 ], [ -41.938162251999984, -3.189639953894996 ], [ -41.938217512999977, -3.189571200895003 ], [ -41.938304485999936, -3.189463251894966 ], [ -41.938375860999933, -3.189375118895006 ], [ -41.938445368999965, -3.189269230895003 ], [ -41.938594208999973, -3.189065378894983 ], [ -41.938665607999958, -3.188977212894977 ], [ -41.93870527699994, -3.188928227894999 ], [ -41.938823841999977, -3.18886207589501 ], [ -41.938849517999984, -3.188850436894975 ], [ -41.938900867999962, -3.188827156894983 ], [ -41.938995445999979, -3.188790128894982 ], [ -41.939030820999953, -3.188786291895024 ], [ -41.939068059999947, -3.188800202895021 ], [ -41.939140684999984, -3.188810277894996 ], [ -41.939248705999951, -3.188816515895022 ], [ -41.939425684999946, -3.18879732589498 ], [ -41.939641947999974, -3.188809955894992 ], [ -41.940115152999965, -3.188787705895021 ] ] ] } },
{ "type": "Feature", "properties": { "num_setor": "PI_BL_SR_04_CPRM", "munic": "BURITI DOS LOPES", "grau_risco": "Alto", "distancia_km": 0.95, "chuva_24h": 0.0, "chuva_72h": 0.2, "fonte_estacao": "openmeteo", "codigo_estacao": "openmeteo", "nome_estacao": "Open-Meteo (célula de grade)" }, "geometry": { "type": "Polygon", "coordinates": [ [ [ -41.92545220899995, -3.147627622896348 ], [ -41.925482046999946, -3.147609646896365 ], [ -41.92549398299996, -3.147597670896375 ], [ -41.92567426199998, -3.147191384896342 ], [ -41.92568631499995, -3.147185456896392 ], [ -41.926696153999956, -3.147038360896364 ], [ -41.926726196999937, -3.147044392896356 ], [ -41.926744217999953, -3.14705040389639 ], [ -41.927699466999968, -3.147234725896376 ], [ -41.927723503999971, -3.14725879389634 ], [ -41.927735526999982, -3.147264810896367 ], [ -41.92841023699998, -3.147792677896367 ], [ -41.928416280999954, -3.14779867789635 ], [ -41.928995615999959, -3.148339810896347 ], [ -41.929001640999957, -3.148339810896347 ], [ -41.929621872, -3.149509849896293 ], [ -41.930284104999942, -3.151194540896219 ], [ -41.930309705999946, -3.151259669896227 ], [ -41.930410737999978, -3.151516692896235 ], [ -41.930422986999929, -3.151541245896235 ], [ -41.930965491999984, -3.154386127896122 ], [ -41.930989332999957, -3.155729680896107 ], [ -41.929571589999966, -3.15665213589604 ], [ -41.928718450999952, -3.155857196896063 ], [ -41.928414171999975, -3.155551569896085 ], [ -41.928382463999981, -3.155469470896088 ], [ -41.928546930999971, -3.15537123989611 ], [ -41.928767518999962, -3.155346779896091 ], [ -41.929078781999976, -3.155219960896098 ], [ -41.929255012999931, -3.155134029896101 ], [ -41.929513201999953, -3.154745662896138 ], [ -41.929664251999952, -3.154190980896125 ], [ -41.929644254999971, -3.154190913896155 ], [ -41.929624267999941, -3.154175930896124 ], [ -41.929584336999945, -3.153862685896167 ], [ -41.929529743999979, -3.153554241896129 ], [ -41.929455084999972, -3.153349983896139 ], [ -41.929141395999977, -3.153107327896198 ], [ -41.928993375999937, -3.152931247896185 ], [ -41.928705003999937, -3.152668790896176 ], [ -41.92860991699996, -3.152163776896194 ], [ -41.928516855999931, -3.151945021896207 ], [ -41.928124181999976, -3.15167843589621 ], [ -41.927826478999968, -3.151450568896242 ], [ -41.927557136999951, -3.151283553896257 ], [ -41.927501035999967, -3.151065290896244 ], [ -41.927640247999925, -3.150967467896264 ], [ -41.92855046699998, -3.150736608896272 ], [ -41.928587237999977, -3.150497984896262 ], [ -41.928526910999949, -3.150161340896262 ], [ -41.928492100999961, -3.150047277896251 ], [ -41.928358198999945, -3.14974867089627 ], [ -41.928140994999978, -3.149385004896284 ], [ -41.928091524999957, -3.149110908896293 ], [ -41.927839378999977, -3.148887633896309 ], [ -41.927593285999933, -3.148669352896313 ], [ -41.927184533999935, -3.148641122896317 ], [ -41.926560050999967, -3.148635641896297 ], [ -41.926072616999924, -3.148884895896327 ], [ -41.925806619999946, -3.149275656896318 ], [ -41.925371810999927, -3.14945779489627 ], [ -41.925359628999956, -3.149463900896275 ], [ -41.925341336999956, -3.149470091896287 ], [ -41.924966944999937, -3.149293474896323 ], [ -41.92491223899998, -3.14882243889632 ], [ -41.924906348999968, -3.148804518896315 ], [ -41.924906492999973, -3.148774652896337 ], [ -41.92545220899995, -3.147627622896348 ] ] ] } },
{ "type": "Feature", "properties": { "num_setor": "PI_BL_SR_0_CPRM2", "munic": "BURITI DOS LOPES", "grau_risco": "Alto", "distancia_km": 0.85, "chuva_24h": 0.0, "chuva_72h": 0.3, "fonte_estacao": "openmeteo", "codigo_estacao": "openmeteo", "nome_estacao": "Open-Meteo (célula de grade)" }, "geometry": { "type": "Polygon", "coordinates": [ [ [ -41.959189068999933, -3.206668596894441 ], [ -41.957685569999967, -3.205721326894431 ], [ -41.957269683999975, -3.205632768894473 ], [ -41.955760427999969, -3.204500350894512 ], [ -41.953265479999978, -3.202027842894555 ], [ -41.951783746999979, -3.20096843289461 ], [ -41.951941752999971, -3.199339333894649 ], [ -41.953566071999944, -3.198896693894652 ], [ -41.957178893999973, -3.199944958894624 ], [ -41.958777974999975, -3.20148275289457 ], [ -41.959540182999945, -3.202151090894579 ], [ -41.959573857999942, -3.202180617894556 ], [ -41.959616159999939, -3.202217709894565 ], [ -41.959631520999942, -3.202231179894568 ], [ -41.961183404999979, -3.203591939894533 ], [ -41.963100132999948, -3.205209661894469 ], [ -41.962306890999969, -3.206848557894395 ], [ -41.960716203999937, -3.207270834894421 ], [ -41.959189068999933, -3.206668596894441 ] ] ] } },
{ "type": "Feature", "properties": { "num_setor": "PI_BL_SR_01_CPRM", "munic": "BURITI DOS LOPES", "grau_risco": "Alto", "distancia_km": 1.2, "chuva_24h": 0.0, "chuva_72h": 0.3, "fonte_estacao": "openmeteo", "codigo_estacao": "openmeteo", "nome_estacao": "Open-Meteo (célula de grade)" }, "geometry": { "type": "Polygon", "coordinates": [ [ [ -41.975488072999958, -3.218826764894024 ], [ -41.974503675999983, -3.217302182894074 ], [ -41.972654385999931, -3.216097680894106 ], [ -41.971268305999956, -3.215114591894151 ], [ -41.967948389999947, -3.212905797894213 ], [ -41.965801025999951, -3.210599569894279 ], [ -41.96511732099998, -3.209555811894331 ], [ -41.965177576999963, -3.209515645894311 ], [ -41.966671541999972, -3.208255893894346 ], [ -41.969429405999961, -3.210022727894311 ], [ -41.969550230999971, -3.210042653894308 ], [ -41.973032509999939, -3.212284997894251 ], [ -41.97306985999996, -3.212309048894223 ], [ -41.975114002999931, -3.213625334894202 ], [ -41.978375356999955, -3.216623128894109 ], [ -41.97841594099998, -3.216623206894077 ], [ -41.980456242999928, -3.217872233894068 ], [ -41.980617542999937, -3.218818240894021 ], [ -41.980354242999958, -3.219220138894013 ], [ -41.979340853999929, -3.219124250893981 ], [ -41.978582380999974, -3.219193804894026 ], [ -41.978562284999953, -3.219193758894006 ], [ -41.977899494999974, -3.219212294894028 ], [ -41.977778386999944, -3.219231496894009 ], [ -41.977370018999977, -3.218881265893989 ], [ -41.976566431999977, -3.21910073989399 ], [ -41.975488072999958, -3.218826764894024 ] ] ] } },
{ "type": "Feature", "properties": { "num_setor": "PI_BL_SR_05_CPRM", "munic": "BURITI DOS LOPES", "grau_risco": "Alto", "distancia_km": 0.59, "chuva_24h": 0.0, "chuva_72h": 0.1, "fonte_estacao": "openmeteo", "codigo_estacao": "openmeteo", "nome_estacao": "Open-Meteo (célula de grade)" }, "geometry": { "type": "Polygon", "coordinates": [ [ [ -41.895828986999959, -3.096617072898018 ], [ -41.895754229999966, -3.096603998898039 ], [ -41.894301261999942, -3.096510398898031 ], [ -41.894264380999971, -3.096510118898039 ], [ -41.894166075999969, -3.096509370898044 ], [ -41.892390064999972, -3.095555844898085 ], [ -41.89162962499995, -3.09514757089805 ], [ -41.891547875999954, -3.095103680898079 ], [ -41.891436753999983, -3.095054840898106 ], [ -41.890059810999958, -3.093106988898166 ], [ -41.890022594999948, -3.093057525898125 ], [ -41.888939777999951, -3.091025447898184 ], [ -41.889884010999928, -3.089979548898254 ], [ -41.889933271999944, -3.089978544898238 ], [ -41.890939827999944, -3.089958376898251 ], [ -41.891002305999969, -3.089996039898253 ], [ -41.892237611999981, -3.090735690898233 ], [ -41.894907797999963, -3.093837718898124 ], [ -41.895299458999936, -3.094258868898076 ], [ -41.896205477999949, -3.095003322898084 ], [ -41.896687887999974, -3.095365667898056 ], [ -41.89663522099994, -3.095871461898026 ], [ -41.895841498999964, -3.096617244898024 ], [ -41.895828986999959, -3.096617072898018 ] ] ] } },
{ "type": "Feature", "properties": { "num_setor": "PI_Uru_SR_04_CPRM", "munic": "URUÇUÍ", "grau_risco": "Alto", "distancia_km": 1.26, "chuva_24h": 0.0, "chuva_72h": 0.0, "fonte_estacao": "openmeteo", "codigo_estacao": "openmeteo", "nome_estacao": "Open-Meteo (célula de grade)" }, "geometry": { "type": "Polygon", "coordinates": [ [ [ -44.543350970999938, -7.23933400576377 ], [ -44.543792032999932, -7.239225031763767 ], [ -44.544541937999945, -7.238788256763761 ], [ -44.545227127999958, -7.237767584763811 ], [ -44.545785875999968, -7.237303819763821 ], [ -44.545939856999951, -7.236107069763845 ], [ -44.545676438999976, -7.23569996376384 ], [ -44.545530612999983, -7.235149615763868 ], [ -44.545705989999931, -7.234290554763922 ], [ -44.546170848999964, -7.233435732763942 ], [ -44.547217185999955, -7.233191693763961 ], [ -44.548986902999957, -7.233037461763964 ], [ -44.548718735999955, -7.235805946763866 ], [ -44.548274695999964, -7.236906600763797 ], [ -44.546909689999957, -7.238247440763762 ], [ -44.545232575999933, -7.239495997763726 ], [ -44.544322491999935, -7.239965858763709 ], [ -44.543350970999938, -7.23933400576377 ] ] ] } },
{ "type": "Feature", "properties": { "num_setor": "PI_UN_SR_03_CPRM", "munic": "UNIÃO", "grau_risco": "Alto", "distancia_km": 1.8, "chuva_24h": 0.0, "chuva_72h": 0.1, "fonte_estacao": "openmeteo", "codigo_estacao": "openmeteo", "nome_estacao": "Open-Meteo (célula de grade)" }, "geometry": { "type": "Polygon", "coordinates": [ [ [ -42.851824415999943, -4.586372040849336 ], [ -42.851995441999968, -4.586155455849366 ], [ -42.852228686999979, -4.586236878849347 ], [ -42.85276418199993, -4.586603294849358 ], [ -42.852956658999972, -4.586748299849332 ], [ -42.853092470999968, -4.586760205849322 ], [ -42.853485339999963, -4.586301275849361 ], [ -42.853670453999939, -4.586513734849313 ], [ -42.853508764999951, -4.586729722849341 ], [ -42.853464275999947, -4.58713411184931 ], [ -42.853397377999954, -4.587446599849319 ], [ -42.853301639999977, -4.587628879849302 ], [ -42.852891330999967, -4.587933722849272 ], [ -42.852489636999962, -4.588129465849273 ], [ -42.852320490999944, -4.588216042849258 ], [ -42.852626849999986, -4.588734727849271 ], [ -42.852790599999935, -4.589094436849269 ], [ -42.852766928999984, -4.589366762849222 ], [ -42.852732021999941, -4.589748610849227 ], [ -42.852540264999966, -4.589967938849232 ], [ -42.852633267999977, -4.590117189849213 ], [ -42.852808943999946, -4.590442931849227 ], [ -42.852777241999952, -4.590683331849215 ], [ -42.852691680999953, -4.5909674368492 ], [ -42.85262531099994, -4.591167837849165 ], [ -42.852619824999984, -4.59157039984919 ], [ -42.852696080999976, -4.591814856849187 ], [ -42.852693019999947, -4.591937189849166 ], [ -42.852442903999929, -4.592011298849187 ], [ -42.852341237999944, -4.59196814384917 ], [ -42.852171550999977, -4.591566404849205 ], [ -42.851957508999931, -4.591425053849181 ], [ -42.851250023999967, -4.590807517849209 ], [ -42.851036314999931, -4.590296605849248 ], [ -42.850843758999986, -4.589652883849261 ], [ -42.851040140999935, -4.589241992849263 ], [ -42.850812122999962, -4.587497849849332 ], [ -42.851369310999978, -4.587202245849305 ], [ -42.851694750999961, -4.587043541849316 ], [ -42.851642077999941, -4.586763530849351 ], [ -42.851824415999943, -4.586372040849336 ] ] ] } },
{ "type": "Feature", "properties": { "num_setor": "PI_UN_SR_04_CPRM", "munic": "UNIÃO", "grau_risco": "Alto", "distancia_km": 1.38, "chuva_24h": 0.0, "chuva_72h": 0.1, "fonte_estacao": "openmeteo", "codigo_estacao": "openmeteo", "nome_estacao": "Open-Meteo (célula de grade)" }, "geometry": { "type": "Polygon", "coordinates": [ [ [ -42.852431338999963, -4.59572942584902 ], [ -42.852328629999931, -4.595605225849068 ], [ -42.852436495999946, -4.59556099384902 ], [ -42.852671911999941, -4.595539055849042 ], [ -42.852871501999971, -4.595649590849012 ], [ -42.853122610999939, -4.595753752849024 ], [ -42.853362618999938, -4.59587258684905 ], [ -42.85355298799994, -4.595887920849012 ], [ -42.853649528999938, -4.595668266849036 ], [ -42.853784823999938, -4.595719596849052 ], [ -42.854086185999961, -4.595883940849033 ], [ -42.854329786999976, -4.596106318849018 ], [ -42.854540972999985, -4.596388421849026 ], [ -42.854771774999961, -4.59660411884901 ], [ -42.854878415999963, -4.596780850848993 ], [ -42.854982782999961, -4.596954126848996 ], [ -42.855124313999973, -4.597106508848993 ], [ -42.855601835999948, -4.597169416849018 ], [ -42.855820460999944, -4.597425185848979 ], [ -42.856041623999943, -4.597798622848983 ], [ -42.856170282999983, -4.59810621884894 ], [ -42.856213346999937, -4.598462868848944 ], [ -42.856232359999979, -4.598828104848925 ], [ -42.856345862999937, -4.599055776848914 ], [ -42.856296374999943, -4.599275337848898 ], [ -42.85604918699994, -4.599356491848938 ], [ -42.855705692999948, -4.599152065848905 ], [ -42.855342528999984, -4.598646521848955 ], [ -42.855170897999983, -4.598312325848922 ], [ -42.854781064999941, -4.597872923848961 ], [ -42.854607553999983, -4.597666435848959 ], [ -42.854559596999934, -4.597624729848969 ], [ -42.854537415999971, -4.597581548848956 ], [ -42.854515873999958, -4.59757353284897 ], [ -42.854489324999975, -4.597493822849004 ], [ -42.85419397499993, -4.597490602848955 ], [ -42.853848155999977, -4.597356017849004 ], [ -42.853648455999966, -4.597247414849009 ], [ -42.853535835999935, -4.597226632848964 ], [ -42.853277074999944, -4.59720715684899 ], [ -42.853034930999968, -4.597050342849016 ], [ -42.852907988999959, -4.596951444848992 ], [ -42.852733077999972, -4.596797277848991 ], [ -42.852701259999947, -4.596599947849006 ], [ -42.852676937999952, -4.596406291848987 ], [ -42.852671794999928, -4.596220910849003 ], [ -42.852916577999963, -4.596057544849027 ], [ -42.853015650999964, -4.595940686849017 ], [ -42.852431338999963, -4.59572942584902 ] ] ] } },
{ "type": "Feature", "properties": { "num_setor": "PI_UN_SR_01_CPRM", "munic": "UNIÃO", "grau_risco": "Alto", "distancia_km": 0.42, "chuva_24h": 0.0, "chuva_72h": 0.1, "fonte_estacao": "openmeteo", "codigo_estacao": "openmeteo", "nome_estacao": "Open-Meteo (célula de grade)" }, "geometry": { "type": "Polygon", "coordinates": [ [ [ -42.869416715999932, -4.584330423849426 ], [ -42.869859236999964, -4.584058453849404 ], [ -42.869653728999936, -4.583044666849469 ], [ -42.86948532699995, -4.582466396849478 ], [ -42.869794112999948, -4.581885247849469 ], [ -42.869966242999965, -4.581474647849473 ], [ -42.873165692999969, -4.58696862884932 ], [ -42.874285872999963, -4.589478701849236 ], [ -42.874832048999963, -4.591683276849179 ], [ -42.873640485999942, -4.592056147849126 ], [ -42.87197428199994, -4.592870587849104 ], [ -42.871294857999942, -4.594126503849114 ], [ -42.873199711, -4.593209976849122 ], [ -42.875138495999977, -4.592056411849178 ], [ -42.875546830999944, -4.592972168849127 ], [ -42.876187917999964, -4.595309362849054 ], [ -42.875125354999966, -4.596354153848987 ], [ -42.875706031999975, -4.596017450849042 ], [ -42.876493291999957, -4.595647942849044 ], [ -42.876253124999948, -4.595985594849019 ], [ -42.875704509999942, -4.596355190848995 ], [ -42.874546639999949, -4.596759710848995 ], [ -42.872073909999983, -4.597276884848964 ], [ -42.870269645999933, -4.598223373848938 ], [ -42.868434225999977, -4.599581934848913 ], [ -42.868603611999959, -4.600393074848879 ], [ -42.869180430999961, -4.600863493848871 ], [ -42.869993958999935, -4.602618380848821 ], [ -42.869586339999948, -4.602889572848812 ], [ -42.868568833999973, -4.601271204848839 ], [ -42.867652513999978, -4.59979628984892 ], [ -42.866494590999935, -4.598613938848954 ], [ -42.865906444999951, -4.598947613848924 ], [ -42.864928505999956, -4.599753806848916 ], [ -42.864116940999963, -4.599822389848883 ], [ -42.865062013999932, -4.598349675848938 ], [ -42.865268404999938, -4.597544691848959 ], [ -42.86401177099998, -4.597489956848965 ], [ -42.863345534999951, -4.596657141849022 ], [ -42.862260391999939, -4.596795539849012 ], [ -42.861658770999952, -4.596909291849014 ], [ -42.860712693999972, -4.597077857849017 ], [ -42.860157829999928, -4.596760930849005 ], [ -42.86001922599997, -4.59637431084904 ], [ -42.860157825999977, -4.595213677849039 ], [ -42.860908043999984, -4.594625640849052 ], [ -42.862315838999962, -4.594631194849092 ], [ -42.863593096999978, -4.594731772849095 ], [ -42.864643526999942, -4.595442848849032 ], [ -42.865772289999931, -4.596058551848999 ], [ -42.86609889999994, -4.596181270849043 ], [ -42.866294537999984, -4.595972611849044 ], [ -42.865645131999941, -4.594826671849066 ], [ -42.866528638999966, -4.594491613849055 ], [ -42.86744665599997, -4.5936460998491 ], [ -42.868229191999944, -4.593206750849137 ], [ -42.867922710999949, -4.593104299849101 ], [ -42.867717923999969, -4.592628630849156 ], [ -42.867445543999963, -4.592356780849176 ], [ -42.867411672999935, -4.591849010849175 ], [ -42.867207911999976, -4.591104108849192 ], [ -42.866732021999951, -4.590832848849221 ], [ -42.866368263999959, -4.58968950684923 ], [ -42.866446517999975, -4.588572425849243 ], [ -42.86858270499993, -4.589057374849226 ], [ -42.869244945999981, -4.588972229849269 ], [ -42.869652786999957, -4.588802665849247 ], [ -42.869585498999982, -4.587548560849294 ], [ -42.87002857199996, -4.586768904849303 ], [ -42.869518827999961, -4.585312468849391 ], [ -42.870166852999944, -4.584835862849406 ], [ -42.870030858999939, -4.584463082849396 ], [ -42.869553517999975, -4.584634181849389 ], [ -42.869416715999932, -4.584330423849426 ] ] ] } },
{ "type": "Feature", "properties": { "num_setor": "PI_UN_SR_02_CPRM", "munic": "UNIÃO", "grau_risco": "Alto", "distancia_km": 1.11, "chuva_24h": 0.0, "chuva_72h": 0.1, "fonte_estacao": "openmeteo", "codigo_estacao": "openmeteo", "nome_estacao": "Open-Meteo (célula de grade)" }, "geometry": { "type": "Polygon", "coordinates": [ [ [ -42.860719704999944, -4.574990041849729 ], [ -42.860551840999953, -4.574409217849757 ], [ -42.86205586899996, -4.573234234849789 ], [ -42.862113434999969, -4.573198694849796 ], [ -42.862208992999967, -4.573107205849798 ], [ -42.862285559999975, -4.573081792849798 ], [ -42.862355603999958, -4.573053985849755 ], [ -42.862391192999951, -4.57304808284977 ], [ -42.862489766999943, -4.572980140849784 ], [ -42.862617413999949, -4.57287848584981 ], [ -42.862770608999931, -4.57277681384978 ], [ -42.862784160999972, -4.572742565849758 ], [ -42.862821678999978, -4.572624333849792 ], [ -42.862831765999942, -4.572606162849767 ], [ -42.86287275199993, -4.572573494849814 ], [ -42.863025977999939, -4.572497204849772 ], [ -42.863179224999953, -4.572395492849778 ], [ -42.86328124399995, -4.572319238849817 ], [ -42.863357749999977, -4.572268405849831 ], [ -42.863510709999957, -4.572141335849807 ], [ -42.863740275999938, -4.572014233849796 ], [ -42.864020875999984, -4.571861703849817 ], [ -42.864276173999947, -4.571658275849805 ], [ -42.865146118999974, -4.571148883849849 ], [ -42.865735524999934, -4.570817324849841 ], [ -42.866043524999952, -4.571478306849822 ], [ -42.866197563999947, -4.571707124849798 ], [ -42.867271843999958, -4.574481352849733 ], [ -42.867399777999928, -4.575219609849728 ], [ -42.867577277999935, -4.576834222849633 ], [ -42.867699658999982, -4.577430146849653 ], [ -42.867903617999957, -4.577793780849641 ], [ -42.867742309999983, -4.577943976849627 ], [ -42.867370279999925, -4.578117875849622 ], [ -42.867192814999953, -4.57787552384965 ], [ -42.866724254999951, -4.577772352849617 ], [ -42.86661662399996, -4.577378716849616 ], [ -42.866553836999969, -4.577166770849642 ], [ -42.865681332999941, -4.576921255849633 ], [ -42.865529959999947, -4.576108244849667 ], [ -42.865377427999931, -4.575828676849681 ], [ -42.865403046999965, -4.575726966849717 ], [ -42.865198789999958, -4.57552342884967 ], [ -42.865045280999944, -4.575650462849673 ], [ -42.864891792999963, -4.575752047849704 ], [ -42.864763782999944, -4.575853596849671 ], [ -42.864533461999933, -4.576031284849663 ], [ -42.86443133399996, -4.576107524849665 ], [ -42.864354745999947, -4.576158350849672 ], [ -42.864252651999941, -4.57620917384965 ], [ -42.864099512999985, -4.576285407849647 ], [ -42.863997422999944, -4.576336229849696 ], [ -42.863920845999985, -4.576387049849654 ], [ -42.863818759999951, -4.576437868849673 ], [ -42.863690608999939, -4.576513746849688 ], [ -42.86361356499998, -4.576589652849631 ], [ -42.86356270899995, -4.576513490849671 ], [ -42.862666359999928, -4.577297641849649 ], [ -42.861926177999969, -4.578032085849611 ], [ -42.860983860999958, -4.57907272384958 ], [ -42.859989709999979, -4.580031575849554 ], [ -42.858819317999981, -4.57883858284957 ], [ -42.85856511999998, -4.578125525849611 ], [ -42.859938929999934, -4.577013626849626 ], [ -42.861106979999931, -4.575767844849712 ], [ -42.860719704999944, -4.574990041849729 ] ] ] } },
{ "type": "Feature", "properties": { "num_setor": "PI_Uru_SR_02_CPRM", "munic": "URUÇUÍ", "grau_risco": "Alto", "distancia_km": 1.17, "chuva_24h": 0.0, "chuva_72h": 0.0, "fonte_estacao": "openmeteo", "codigo_estacao": "openmeteo", "nome_estacao": "Open-Meteo (célula de grade)" }, "geometry": { "type": "Polygon", "coordinates": [ [ [ -44.556186337999975, -7.228651926764066 ], [ -44.556148945999951, -7.228651926764066 ], [ -44.556119032999952, -7.228651926764066 ], [ -44.556081640999928, -7.228651926764066 ], [ -44.556050880999976, -7.228642936764091 ], [ -44.556042629999979, -7.228634164764093 ], [ -44.556524954999929, -7.226604445764149 ], [ -44.558375185999978, -7.226456102764176 ], [ -44.560931715999963, -7.226731541764115 ], [ -44.563623050999986, -7.227729414764108 ], [ -44.566290034999952, -7.230165835764055 ], [ -44.566296357999931, -7.231662176764012 ], [ -44.564434942999981, -7.232426554763971 ], [ -44.564227624999944, -7.232219840763976 ], [ -44.564230608999935, -7.231788886763968 ], [ -44.564296045999981, -7.231560010763983 ], [ -44.564070355999945, -7.231144959763989 ], [ -44.564132164999933, -7.230800714763991 ], [ -44.562402046999971, -7.230724092764004 ], [ -44.56211949599998, -7.230686358764014 ], [ -44.562054126999961, -7.229809871764074 ], [ -44.561602413999935, -7.229885753764045 ], [ -44.561402854999983, -7.229751907764062 ], [ -44.56120559, -7.229642409764043 ], [ -44.560528861999963, -7.22949236976405 ], [ -44.560186622999936, -7.229346652764046 ], [ -44.559453983999951, -7.229395126764086 ], [ -44.559135564999963, -7.229382696764055 ], [ -44.558659407999983, -7.229382777764058 ], [ -44.557925790999946, -7.22910248276408 ], [ -44.557301603999974, -7.22873530776408 ], [ -44.556837534999936, -7.228675219764084 ], [ -44.556457173999938, -7.228677965764097 ], [ -44.556174896999948, -7.228695641764062 ], [ -44.556186337999975, -7.228651926764066 ] ] ] } },
{ "type": "Feature", "properties": { "num_setor": "PI_Uru_SR_03_CPRM", "munic": "URUÇUÍ", "grau_risco": "Alto", "distancia_km": 1.93, "chuva_24h": 0.0, "chuva_72h": 0.0, "fonte_estacao": "openmeteo", "codigo_estacao": "openmeteo", "nome_estacao": "Open-Meteo (célula de grade)" }, "geometry": { "type": "Polygon", "coordinates": [ [ [ -44.565114974999972, -7.235973841763865 ], [ -44.564564412999971, -7.235356384763848 ], [ -44.564806958999945, -7.235047729763889 ], [ -44.565032321999979, -7.234840169763864 ], [ -44.565220891999964, -7.234110179763917 ], [ -44.565692770999931, -7.233727382763943 ], [ -44.566780114999972, -7.233240155763946 ], [ -44.567098140999981, -7.233377936763927 ], [ -44.567227172999935, -7.234236636763933 ], [ -44.567191720999965, -7.235584691763881 ], [ -44.566331972999933, -7.236192296763839 ], [ -44.565381308999974, -7.236336157763854 ], [ -44.565114974999972, -7.235973841763865 ] ] ] } },
{ "type": "Feature", "properties": { "num_setor": "PI_UN_SR_05_CPRM", "munic": "UNIÃO", "grau_risco": "Alto", "distancia_km": 1.21, "chuva_24h": 0.0, "chuva_72h": 0.1, "fonte_estacao": "openmeteo", "codigo_estacao": "openmeteo", "nome_estacao": "Open-Meteo (célula de grade)" }, "geometry": { "type": "Polygon", "coordinates": [ [ [ -42.856386868999948, -4.592881756849108 ], [ -42.856181698999933, -4.592765852849124 ], [ -42.855848768999977, -4.592656440849161 ], [ -42.855637823999977, -4.592540603849152 ], [ -42.855421077999942, -4.592226973849169 ], [ -42.855274623999954, -4.591876353849176 ], [ -42.85519249999993, -4.591608669849188 ], [ -42.855050394999978, -4.591144553849158 ], [ -42.855005123999945, -4.591023445849194 ], [ -42.854992124999967, -4.590959671849182 ], [ -42.855184638999958, -4.590902574849212 ], [ -42.85544693799995, -4.590724600849219 ], [ -42.855657563999955, -4.59058449584921 ], [ -42.855868259999959, -4.590552569849198 ], [ -42.856123775999947, -4.590469509849193 ], [ -42.856251652999958, -4.590399170849196 ], [ -42.85648858299993, -4.59035382084921 ], [ -42.85659759899994, -4.590340694849214 ], [ -42.856841247999967, -4.590397681849204 ], [ -42.857097920999941, -4.590550548849202 ], [ -42.857309462999979, -4.590812329849188 ], [ -42.857528105999961, -4.591176346849165 ], [ -42.857650575999969, -4.591425640849171 ], [ -42.857969152999942, -4.592002710849167 ], [ -42.858152072999985, -4.592395135849137 ], [ -42.85804691, -4.592566901849112 ], [ -42.857521838999958, -4.592812318849141 ], [ -42.857034918999943, -4.59300458884915 ], [ -42.856727446999969, -4.593107781849118 ], [ -42.856386868999948, -4.592881756849108 ] ] ] } },
{ "type": "Feature", "properties": { "num_setor": "PI_Uru_SR_01_CPRM", "munic": "URUÇUÍ", "grau_risco": "Alto", "distancia_km": 0.32, "chuva_24h": 0.0, "chuva_72h": 0.0, "fonte_estacao": "openmeteo", "codigo_estacao": "openmeteo", "nome_estacao": "Open-Meteo (célula de grade)" }, "geometry": { "type": "Polygon", "coordinates": [ [ [ -44.550076414999978, -7.229632457764066 ], [ -44.55098418599993, -7.226406262764143 ], [ -44.556243943999966, -7.226670309764167 ], [ -44.556148863999965, -7.227438416764142 ], [ -44.556002864999982, -7.227950243764098 ], [ -44.555955026999982, -7.228571328764106 ], [ -44.555898444999961, -7.228997214764055 ], [ -44.554829698999988, -7.229146544764052 ], [ -44.553842033999949, -7.229216706764094 ], [ -44.553029305999985, -7.229255546764091 ], [ -44.552287487999934, -7.229373816764057 ], [ -44.551833851999959, -7.229532606764051 ], [ -44.551309278999945, -7.229792000764055 ], [ -44.550969386999959, -7.230153621764013 ], [ -44.550879316999954, -7.230749624763995 ], [ -44.550526547999944, -7.230764936764008 ], [ -44.550076414999978, -7.229632457764066 ] ] ] } },
{ "type": "Feature", "properties": { "num_setor": "PI_SJD_SR_02_CPRM", "munic": "SÃO JOSÉ DO DIVINO", "grau_risco": "Alto", "distancia_km": 0.88, "chuva_24h": 0.0, "chuva_72h": 0.1, "fonte_estacao": "openmeteo", "codigo_estacao": "openmeteo", "nome_estacao": "Open-Meteo (célula de grade)" }, "geometry": { "type": "Polygon", "coordinates": [ [ [ -41.828603273999931, -3.806907543874773 ], [ -41.828727483999955, -3.805713810874835 ], [ -41.829582587999937, -3.805387170874816 ], [ -41.830834147999951, -3.805156003874843 ], [ -41.832250901999942, -3.804771444874861 ], [ -41.83283866499994, -3.804574271874865 ], [ -41.833441966999949, -3.804517771874835 ], [ -41.83507396899995, -3.804281634874843 ], [ -41.836005676999946, -3.804037213874862 ], [ -41.83627529499995, -3.803807612874864 ], [ -41.836238022999964, -3.803207028874908 ], [ -41.836916439999982, -3.802234851874938 ], [ -41.838200632999985, -3.801626817874924 ], [ -41.83982849299997, -3.800912540874959 ], [ -41.840890894999973, -3.800316177874978 ], [ -41.841967040999975, -3.800131892874993 ], [ -41.843100043999975, -3.799992139875016 ], [ -41.84354383699997, -3.799948684874993 ], [ -41.843848710999964, -3.800458386874961 ], [ -41.843600185999946, -3.801228208874936 ], [ -41.843047170999967, -3.801968521874903 ], [ -41.842033238999932, -3.802671049874911 ], [ -41.840953233999983, -3.803069888874911 ], [ -41.839896515999953, -3.80398831487488 ], [ -41.838219276999951, -3.805363212874832 ], [ -41.837462226999939, -3.806253649874809 ], [ -41.835013613999934, -3.807029139874756 ], [ -41.834888772999939, -3.807068676874771 ], [ -41.834642885999983, -3.807146550874771 ], [ -41.834394590999977, -3.807079686874752 ], [ -41.834036764999951, -3.807114075874764 ], [ -41.833647084999939, -3.807210880874755 ], [ -41.833277829999922, -3.807309990874755 ], [ -41.83260881699993, -3.807631491874717 ], [ -41.832120866999965, -3.807895046874718 ], [ -41.831559931999948, -3.80817978887473 ], [ -41.831034583999951, -3.808377469874697 ], [ -41.830577040999962, -3.80848895987475 ], [ -41.830310880999946, -3.808695914874693 ], [ -41.830256211999938, -3.808886190874692 ], [ -41.829822469999961, -3.809085210874712 ], [ -41.829581895999979, -3.809028168874674 ], [ -41.829183356999977, -3.808828864874708 ], [ -41.828961244999959, -3.808675801874687 ], [ -41.828763113999969, -3.807874178874738 ], [ -41.828731603999984, -3.807672735874767 ], [ -41.828603273999931, -3.806907543874773 ] ] ] } },
{ "type": "Feature", "properties": { "num_setor": "PI_SJD_SR_03_CPRM", "munic": "SÃO JOSÉ DO DIVINO", "grau_risco": "Alto", "distancia_km": 1.34, "chuva_24h": 0.0, "chuva_72h": 0.2, "fonte_estacao": "openmeteo", "codigo_estacao": "openmeteo", "nome_estacao": "Open-Meteo (célula de grade)" }, "geometry": { "type": "Polygon", "coordinates": [ [ [ -41.973085610999931, -3.730150333877301 ], [ -41.972996210999952, -3.72943040787728 ], [ -41.972486231999945, -3.727893905877361 ], [ -41.972665419999942, -3.726433406877392 ], [ -41.972862754999937, -3.72538858287741 ], [ -41.97356785399996, -3.724106590877479 ], [ -41.974299475999942, -3.7237714708775 ], [ -41.974445849999938, -3.723769902877483 ], [ -41.975233178999979, -3.724669628877457 ], [ -41.975269806999954, -3.724705688877465 ], [ -41.975726517999931, -3.725230117877445 ], [ -41.975744765999934, -3.72524821687743 ], [ -41.976379744999974, -3.726294932877421 ], [ -41.97640157799998, -3.726330922877429 ], [ -41.97748342999995, -3.728114264877326 ], [ -41.97753735699996, -3.728404714877334 ], [ -41.977975169999986, -3.729385392877324 ], [ -41.97706194999995, -3.730553700877275 ], [ -41.976988323999933, -3.730589269877251 ], [ -41.97687790699996, -3.730660654877263 ], [ -41.976602996999937, -3.730749173877233 ], [ -41.974096748999962, -3.730904775877232 ], [ -41.973085610999931, -3.730150333877301 ] ] ] } },
{ "type": "Feature", "properties": { "num_setor": "PI_SCM_SR_01_CPRM", "munic": "SANTA CRUZ DOS MILAGRES", "grau_risco": "Alto", "distancia_km": 1.19, "chuva_24h": 0.0, "chuva_72h": 0.0, "fonte_estacao": "openmeteo", "codigo_estacao": "openmeteo", "nome_estacao": "Open-Meteo (célula de grade)" }, "geometry": { "type": "Polygon", "coordinates": [ [ [ -41.955462696, -5.797964133810019 ], [ -41.956844448999959, -5.798723225810003 ], [ -41.958858512999939, -5.79982543181001 ], [ -41.961890515999976, -5.801356053809924 ], [ -41.961926484999935, -5.801395472809932 ], [ -41.963716329999954, -5.801852503809913 ], [ -41.96377125299994, -5.801876904809935 ], [ -41.963861101999953, -5.801878677809942 ], [ -41.963906025999961, -5.801879565809934 ], [ -41.965649364999933, -5.802460339809865 ], [ -41.965671867999951, -5.802460621809901 ], [ -41.966402428999977, -5.80223733880988 ], [ -41.96672898099996, -5.80268309580989 ], [ -41.966193850999964, -5.803535756809877 ], [ -41.966167367999951, -5.803569906809845 ], [ -41.965736248999974, -5.804473530809808 ], [ -41.96571948199994, -5.804528422809843 ], [ -41.965124953999968, -5.805299885809799 ], [ -41.964291885999955, -5.806002428809762 ], [ -41.964238080999962, -5.806022152809784 ], [ -41.964205049999975, -5.806042347809782 ], [ -41.96363415899998, -5.805977737809801 ], [ -41.96253604899993, -5.805437867809801 ], [ -41.961906409999983, -5.804884578809841 ], [ -41.961608485999939, -5.802971370809887 ], [ -41.960978241999946, -5.802133846809895 ], [ -41.96012374299994, -5.801758208809928 ], [ -41.959122946999969, -5.801403222809948 ], [ -41.958468823999965, -5.801363503809921 ], [ -41.957574742999952, -5.801304904809918 ], [ -41.957448649999947, -5.801126117809945 ], [ -41.957081028999937, -5.800808357809922 ], [ -41.95684469299993, -5.800229067809979 ], [ -41.956658834999985, -5.800069514809985 ], [ -41.956413159999954, -5.800181519809988 ], [ -41.956125696999948, -5.800314685809989 ], [ -41.955862193999963, -5.800324674809969 ], [ -41.955643706999979, -5.799933047809983 ], [ -41.955376265999973, -5.799583648809976 ], [ -41.955191037999953, -5.799408577809984 ], [ -41.954863035999956, -5.799161895809979 ], [ -41.954315064999946, -5.799159449809981 ], [ -41.953868987999961, -5.799463105810005 ], [ -41.953521649999971, -5.799842658810006 ], [ -41.953098838999942, -5.800304238809975 ], [ -41.952929457999971, -5.800461586809982 ], [ -41.952833238999972, -5.800777675809939 ], [ -41.952677476999945, -5.801021446809912 ], [ -41.952453118999976, -5.801701101809948 ], [ -41.952100077999944, -5.802038414809924 ], [ -41.952143604999947, -5.802076798809917 ], [ -41.952103602999955, -5.8021301428099 ], [ -41.951857744999984, -5.802238282809907 ], [ -41.951607008999986, -5.802099257809899 ], [ -41.95161475499998, -5.80009848180998 ], [ -41.951613293999969, -5.800039079810001 ], [ -41.952540908999936, -5.798718381810014 ], [ -41.952599099999929, -5.79867926881 ], [ -41.954242755999985, -5.798145522810046 ], [ -41.954301616999949, -5.798146463810046 ], [ -41.954399726999952, -5.798148031810056 ], [ -41.955462696, -5.797964133810019 ] ] ] } },
{ "type": "Feature", "properties": { "num_setor": "PI_SJD_SR_01_CPRM", "munic": "SÃO JOSÉ DO DIVINO", "grau_risco": "Alto", "distancia_km": 1.54, "chuva_24h": 0.0, "chuva_72h": 0.0, "fonte_estacao": "openmeteo", "codigo_estacao": "openmeteo", "nome_estacao": "Open-Meteo (célula de grade)" }, "geometry": { "type": "Polygon", "coordinates": [ [ [ -41.833151951999973, -3.818605223874385 ], [ -41.832494478999926, -3.817627969874402 ], [ -41.831936052999936, -3.81653121087443 ], [ -41.831819102999937, -3.815420708874503 ], [ -41.83205225599994, -3.815015960874522 ], [ -41.832287347999959, -3.814571862874533 ], [ -41.832632369999935, -3.813816648874527 ], [ -41.833550784999943, -3.813141684874561 ], [ -41.833980400999963, -3.812841652874591 ], [ -41.834001056999966, -3.812822662874588 ], [ -41.834141939999931, -3.8127882288746 ], [ -41.834929593999959, -3.81250101987459 ], [ -41.835457921999932, -3.812185142874614 ], [ -41.835820610999967, -3.811488311874607 ], [ -41.836279214999941, -3.811029028874624 ], [ -41.836648807999957, -3.810745709874627 ], [ -41.83726980899997, -3.810610973874626 ], [ -41.837740333999925, -3.810272419874638 ], [ -41.839220866999938, -3.809876185874665 ], [ -41.839666508999983, -3.809616898874662 ], [ -41.840593512999931, -3.809673973874692 ], [ -41.840687214999939, -3.810041373874693 ], [ -41.840752525999967, -3.810213440874688 ], [ -41.840834057999984, -3.811342025874654 ], [ -41.839781928999962, -3.81216900087462 ], [ -41.838052002999973, -3.81531221187452 ], [ -41.838042902999973, -3.815529815874516 ], [ -41.834844015999977, -3.817463774874441 ], [ -41.834034396999982, -3.818856691874371 ], [ -41.833151951999973, -3.818605223874385 ] ] ] } },
{ "type": "Feature", "properties": { "num_setor": "PI_SAORAIM_SR_2_CPRM", "munic": "SÃO RAIMUNDO NONATO", "grau_risco": "Alto", "distancia_km": 1.43, "chuva_24h": 0.0, "chuva_72h": 0.0, "fonte_estacao": "openmeteo", "codigo_estacao": "openmeteo", "nome_estacao": "Open-Meteo (célula de grade)" }, "geometry": { "type": "Polygon", "coordinates": [ [ [ -42.690067677999942, -9.016101361707525 ], [ -42.68972740199996, -9.015979981707538 ], [ -42.689546379999967, -9.015905271707501 ], [ -42.689555938999945, -9.015849241707512 ], [ -42.689566745999961, -9.015800274707509 ], [ -42.689607894999945, -9.015625334707556 ], [ -42.689682664999964, -9.015361582707538 ], [ -42.68979060199996, -9.015385903707548 ], [ -42.68998867199997, -9.01543362470753 ], [ -42.690154268999947, -9.015465786707502 ], [ -42.690326254999938, -9.015509454707546 ], [ -42.690497930999982, -9.015538993707514 ], [ -42.690669102999955, -9.015594804707545 ], [ -42.690793888999956, -9.01561972470753 ], [ -42.691000877999947, -9.015692250707531 ], [ -42.690991758999985, -9.015744727707522 ], [ -42.690949459999956, -9.015902082707518 ], [ -42.690906956999982, -9.016061531707537 ], [ -42.690748811999981, -9.016225912707526 ], [ -42.690652616999948, -9.016316977707513 ], [ -42.690067677999942, -9.016101361707525 ] ] ] } },
{ "type": "Feature", "properties": { "num_setor": "PI_SAOMIGU1_SR_1_CPRM", "munic": "SÃO MIGUEL DO FIDALGO", "grau_risco": "Alto", "distancia_km": 1.0, "chuva_24h": 0.0, "chuva_72h": 0.0, "fonte_estacao": "openmeteo", "codigo_estacao": "openmeteo", "nome_estacao": "Open-Meteo (célula de grade)" }, "geometry": { "type": "Polygon", "coordinates": [ [ [ -42.374785635999956, -7.58398246575276 ], [ -42.374814181999973, -7.584489112752751 ], [ -42.374797636999972, -7.585123147752745 ], [ -42.374808089999931, -7.585639106752716 ], [ -42.372731613999974, -7.586713045752656 ], [ -42.372015781999949, -7.586786075752662 ], [ -42.370844868999939, -7.586908829752679 ], [ -42.369588452999949, -7.587105624752643 ], [ -42.368535260999977, -7.586755819752668 ], [ -42.36875899599994, -7.585508187752704 ], [ -42.369540115999939, -7.584851432752705 ], [ -42.370244255999978, -7.584499015752725 ], [ -42.37029696899998, -7.584320594752748 ], [ -42.371734970999967, -7.584202648752762 ], [ -42.372157320999975, -7.584203760752763 ], [ -42.373101188999954, -7.584129078752778 ], [ -42.373582676999938, -7.584020838752754 ], [ -42.374203751999971, -7.584022494752746 ], [ -42.374785635999956, -7.58398246575276 ] ] ] } },
{ "type": "Feature", "properties": { "num_setor": "PI_SAORAIM_SR_1_CPRM", "munic": "SÃO RAIMUNDO NONATO", "grau_risco": "Alto", "distancia_km": 1.6, "chuva_24h": 0.0, "chuva_72h": 0.0, "fonte_estacao": "openmeteo", "codigo_estacao": "openmeteo", "nome_estacao": "Open-Meteo (célula de grade)" }, "geometry": { "type": "Polygon", "coordinates": [ [ [ -42.689027959999976, -9.013516369707563 ], [ -42.689821872999971, -9.013571911707608 ], [ -42.690250776999953, -9.013596174707608 ], [ -42.690763600999951, -9.013582922707583 ], [ -42.690742261999958, -9.01397069870759 ], [ -42.690583595999954, -9.015115913707563 ], [ -42.689705578999963, -9.015219738707565 ], [ -42.689514569999972, -9.014885430707514 ], [ -42.689277172999937, -9.014862590707537 ], [ -42.689059039999961, -9.014796520707534 ], [ -42.688896291999974, -9.014099790707597 ], [ -42.689027959999976, -9.013516369707563 ] ] ] } },
{ "type": "Feature", "properties": { "num_setor": "PI_PR_SR_01_CPRM", "munic": "PIRACURUCA", "grau_risco": "Alto", "distancia_km": 1.66, "chuva_24h": 0.0, "chuva_72h": 0.0, "fonte_estacao": "openmeteo", "codigo_estacao": "openmeteo", "nome_estacao": "Open-Meteo (célula de grade)" }, "geometry": { "type": "Polygon", "coordinates": [ [ [ -41.717455864999977, -3.936951336870495 ], [ -41.716795066999971, -3.936822279870519 ], [ -41.71598840799993, -3.936180947870551 ], [ -41.715850832999926, -3.935393507870564 ], [ -41.716473334999932, -3.934531591870573 ], [ -41.716721960999962, -3.932667632870646 ], [ -41.716684677999986, -3.932286971870652 ], [ -41.716673193999952, -3.931805100870693 ], [ -41.716636259999973, -3.931209383870702 ], [ -41.716572688, -3.930676669870745 ], [ -41.717093945999984, -3.930397636870728 ], [ -41.717144751999967, -3.930397596870749 ], [ -41.719011567999985, -3.929720254870756 ], [ -41.719533587999933, -3.929148458870797 ], [ -41.720144927999968, -3.92876973787081 ], [ -41.721479674999955, -3.928357310870804 ], [ -41.721949185999954, -3.928536871870785 ], [ -41.723706925999977, -3.928758853870803 ], [ -41.725403385999982, -3.929250334870773 ], [ -41.72571010399998, -3.929372541870768 ], [ -41.72580506799995, -3.92941037887075 ], [ -41.726323308999952, -3.929616862870792 ], [ -41.726348926999947, -3.929629491870758 ], [ -41.72682451999998, -3.930123240870725 ], [ -41.726928345999966, -3.931178311870684 ], [ -41.725832552999975, -3.932145026870655 ], [ -41.724811355999975, -3.932793995870636 ], [ -41.724785749999967, -3.932794002870672 ], [ -41.723307044999956, -3.933162924870667 ], [ -41.722246605999949, -3.933442421870609 ], [ -41.722208315999978, -3.933455114870645 ], [ -41.720947358999972, -3.934217863870604 ], [ -41.720934624999977, -3.934243299870591 ], [ -41.719914901999971, -3.935593032870588 ], [ -41.718733606999933, -3.936740261870518 ], [ -41.718682417999958, -3.936766337870501 ], [ -41.718618335999963, -3.936792747870534 ], [ -41.71804248899997, -3.937064995870513 ], [ -41.717455864999977, -3.936951336870495 ] ] ] } },
{ "type": "Feature", "properties": { "num_setor": "PI_PR_SR_02_CPRM", "munic": "PIRACURUCA", "grau_risco": "Alto", "distancia_km": 0.87, "chuva_24h": 0.0, "chuva_72h": 0.0, "fonte_estacao": "openmeteo", "codigo_estacao": "openmeteo", "nome_estacao": "Open-Meteo (célula de grade)" }, "geometry": { "type": "Polygon", "coordinates": [ [ [ -41.702659188, -3.93826165787046 ], [ -41.702994690999958, -3.938050511870496 ], [ -41.703227505999962, -3.937556214870523 ], [ -41.703224993999989, -3.937538501870491 ], [ -41.703801250999959, -3.936968217870515 ], [ -41.704187655999931, -3.936894099870528 ], [ -41.704212761999941, -3.936892445870517 ], [ -41.704613010999928, -3.93674155987055 ], [ -41.704630865999953, -3.936694937870534 ], [ -41.704829862999929, -3.936419942870561 ], [ -41.704864744999952, -3.93640414787054 ], [ -41.705222455999937, -3.936349694870521 ], [ -41.705948059999962, -3.935608184870588 ], [ -41.70600748, -3.935052934870563 ], [ -41.706280146999966, -3.934275573870625 ], [ -41.70681282299995, -3.934280244870626 ], [ -41.707579439999954, -3.934294272870632 ], [ -41.70774768699993, -3.934453407870619 ], [ -41.708265439999927, -3.934627442870604 ], [ -41.708543927999983, -3.934734918870578 ], [ -41.70864675699994, -3.935092197870577 ], [ -41.709225249999974, -3.935500070870595 ], [ -41.709796906999941, -3.935558215870562 ], [ -41.711395705999955, -3.935853280870538 ], [ -41.711893141999951, -3.936355109870554 ], [ -41.712189163999938, -3.937243510870524 ], [ -41.712643336999982, -3.938255736870488 ], [ -41.712906207999936, -3.938759439870465 ], [ -41.715035901999954, -3.939405776870423 ], [ -41.715989837999985, -3.939042803870439 ], [ -41.715955036999958, -3.937848302870496 ], [ -41.716299880999941, -3.937098297870531 ], [ -41.71658397799996, -3.936950539870506 ], [ -41.71732161999995, -3.937276907870503 ], [ -41.718321690999979, -3.938064677870462 ], [ -41.718072303999982, -3.938785008870466 ], [ -41.718001434999962, -3.939418521870416 ], [ -41.718382304999977, -3.940869718870419 ], [ -41.718345572999958, -3.941006924870393 ], [ -41.717957948999981, -3.942418165870313 ], [ -41.717323796999949, -3.943222718870317 ], [ -41.716850372999943, -3.942909678870341 ], [ -41.716553379999937, -3.942145324870356 ], [ -41.716513161999956, -3.942136632870363 ], [ -41.716127398999959, -3.941752821870366 ], [ -41.715706079999961, -3.94209210787034 ], [ -41.715069454999934, -3.942140085870339 ], [ -41.715024053999961, -3.942111525870366 ], [ -41.714855044999979, -3.942055795870379 ], [ -41.714044230999953, -3.941457717870406 ], [ -41.713997104999976, -3.94142844287037 ], [ -41.711906044999978, -3.940297729870399 ], [ -41.711578412999984, -3.94002668087042 ], [ -41.710978171999955, -3.939530103870458 ], [ -41.710746251999979, -3.939338237870435 ], [ -41.709564754999967, -3.938584610870466 ], [ -41.708186091999949, -3.938568187870493 ], [ -41.706634605999959, -3.938946450870442 ], [ -41.705315251999934, -3.939409995870429 ], [ -41.704785683999944, -3.939739515870449 ], [ -41.704236059999971, -3.940070787870422 ], [ -41.703527146999932, -3.940008023870419 ], [ -41.703446682999989, -3.939980867870433 ], [ -41.702418891999969, -3.93890125087045 ], [ -41.702659188, -3.93826165787046 ] ] ] } },
{ "type": "Feature", "properties": { "num_setor": "PI_PORTO_SR_03_CPRM", "munic": "PORTO", "grau_risco": "Alto", "distancia_km": 0.3, "chuva_24h": 0.0, "chuva_72h": 0.0, "fonte_estacao": "openmeteo", "codigo_estacao": "openmeteo", "nome_estacao": "Open-Meteo (célula de grade)" }, "geometry": { "type": "Polygon", "coordinates": [ [ [ -42.714901125999965, -3.882347339872319 ], [ -42.715384403999963, -3.882236527872318 ], [ -42.715444255999948, -3.882476548872284 ], [ -42.715883247999955, -3.882357677872299 ], [ -42.717029525999976, -3.882693940872299 ], [ -42.718535707999926, -3.883438141872245 ], [ -42.719462028999935, -3.883543576872267 ], [ -42.719770480999955, -3.884369874872236 ], [ -42.720024580999961, -3.885802745872212 ], [ -42.718503746999943, -3.886356645872193 ], [ -42.71804968999993, -3.886675875872184 ], [ -42.717447748999973, -3.887166897872173 ], [ -42.717114341999945, -3.887326391872166 ], [ -42.716594029999953, -3.887427123872131 ], [ -42.716111459999979, -3.887520117872121 ], [ -42.71553081199994, -3.887687884872113 ], [ -42.715737417999947, -3.886975022872134 ], [ -42.715854696999941, -3.886583408872186 ], [ -42.71566873699993, -3.885935215872187 ], [ -42.715497447999958, -3.885324089872181 ], [ -42.715032988999951, -3.884844185872223 ], [ -42.71456214799997, -3.884080561872249 ], [ -42.714397386999963, -3.883915993872248 ], [ -42.714195728999982, -3.884005887872231 ], [ -42.713805213999926, -3.883900680872243 ], [ -42.713840145999946, -3.883494412872249 ], [ -42.713486628999938, -3.88363562887228 ], [ -42.713371262999942, -3.883241178872305 ], [ -42.713231879999967, -3.882702136872311 ], [ -42.713774084999962, -3.882472714872298 ], [ -42.71381171899997, -3.882702133872285 ], [ -42.714901125999965, -3.882347339872319 ] ] ] } },
{ "type": "Feature", "properties": { "num_setor": "PI_PORTO_SR_04_CPRM", "munic": "PORTO", "grau_risco": "Alto", "distancia_km": 1.38, "chuva_24h": 0.0, "chuva_72h": 0.0, "fonte_estacao": "openmeteo", "codigo_estacao": "openmeteo", "nome_estacao": "Open-Meteo (célula de grade)" }, "geometry": { "type": "Polygon", "coordinates": [ [ [ -42.695418123999957, -3.896253667871828 ], [ -42.695390967999977, -3.89614064387186 ], [ -42.695526604999934, -3.896041178871858 ], [ -42.695980941999949, -3.89585212987189 ], [ -42.696197586999972, -3.89581886087186 ], [ -42.696356068999933, -3.896325453871861 ], [ -42.696796794999955, -3.896164704871833 ], [ -42.697023500999933, -3.896177688871857 ], [ -42.697288024999978, -3.896464049871855 ], [ -42.697490279999954, -3.896574585871818 ], [ -42.697633641999971, -3.89665591187186 ], [ -42.697700976999954, -3.896793671871822 ], [ -42.69731931299998, -3.896903834871809 ], [ -42.697099001999959, -3.896962411871817 ], [ -42.69648738099994, -3.897109953871843 ], [ -42.695943646999979, -3.897243030871826 ], [ -42.695668595999955, -3.897316672871839 ], [ -42.69528846299994, -3.897432921871813 ], [ -42.694663573999946, -3.897769578871791 ], [ -42.693718830999956, -3.898339497871758 ], [ -42.693688840999982, -3.898158315871809 ], [ -42.693684439999963, -3.898082688871819 ], [ -42.693593931999942, -3.897763320871807 ], [ -42.693510599999968, -3.89743607487183 ], [ -42.693712037999937, -3.89737383587179 ], [ -42.693877118999978, -3.897349970871792 ], [ -42.69407857899995, -3.897268442871837 ], [ -42.694206128999944, -3.897129731871812 ], [ -42.694411425999931, -3.896851303871814 ], [ -42.69460139499995, -3.896805435871843 ], [ -42.694887205999976, -3.896596745871827 ], [ -42.695220120999977, -3.896367356871865 ], [ -42.695418123999957, -3.896253667871828 ] ] ] } },
{ "type": "Feature", "properties": { "num_setor": "PI_PORTO_SR_01_CPRM", "munic": "PORTO", "grau_risco": "Muito alto", "distancia_km": 0.63, "chuva_24h": 0.0, "chuva_72h": 0.0, "fonte_estacao": "openmeteo", "codigo_estacao": "openmeteo", "nome_estacao": "Open-Meteo (célula de grade)" }, "geometry": { "type": "Polygon", "coordinates": [ [ [ -42.716356334999936, -3.888946249872085 ], [ -42.716676406999966, -3.888945128872114 ], [ -42.717377094999968, -3.888323422872127 ], [ -42.717773542999964, -3.888329053872094 ], [ -42.717904633999979, -3.888872892872067 ], [ -42.718228493999959, -3.889198228872058 ], [ -42.718535788999922, -3.889941380872075 ], [ -42.719016229999966, -3.890261600872061 ], [ -42.719564049999974, -3.891625485872004 ], [ -42.721086534999976, -3.892374570871973 ], [ -42.721341503999952, -3.893672549871943 ], [ -42.721191286999954, -3.894061357871903 ], [ -42.720908755999972, -3.893979495871903 ], [ -42.720787224999974, -3.89416944687193 ], [ -42.720506944999954, -3.894424356871892 ], [ -42.718891978999977, -3.894737016871907 ], [ -42.718869323999961, -3.894209584871911 ], [ -42.718383329999938, -3.89409114887193 ], [ -42.717880179999952, -3.893939430871953 ], [ -42.717169395999974, -3.893713366871954 ], [ -42.715258913999946, -3.893253921871922 ], [ -42.71525668999994, -3.893041458871962 ], [ -42.715272440999968, -3.892645833871963 ], [ -42.715105704999978, -3.892126513871961 ], [ -42.71481108699993, -3.891769704871989 ], [ -42.714555102999952, -3.891242260872006 ], [ -42.714167614999944, -3.891038161872045 ], [ -42.713826109999957, -3.890861287872011 ], [ -42.713774716999978, -3.891168917872012 ], [ -42.712941716999971, -3.891042980872008 ], [ -42.712398270999984, -3.890943903872001 ], [ -42.71236703999994, -3.890047968872063 ], [ -42.712374015999956, -3.889509817872082 ], [ -42.712473707999941, -3.88923120387207 ], [ -42.712908479999953, -3.889349902872053 ], [ -42.71360126899998, -3.889564621872081 ], [ -42.714026851999961, -3.889690781872058 ], [ -42.714082494999957, -3.889419130872079 ], [ -42.714211088999946, -3.888831940872123 ], [ -42.714835673999971, -3.88891372487209 ], [ -42.715409584999982, -3.8890139578721 ], [ -42.715617789999953, -3.889136296872068 ], [ -42.716356334999936, -3.888946249872085 ] ] ] } },
{ "type": "Feature", "properties": { "num_setor": "PI_PORTO_SR_02_CPRM", "munic": "PORTO", "grau_risco": "Alto", "distancia_km": 1.35, "chuva_24h": 0.0, "chuva_72h": 0.0, "fonte_estacao": "openmeteo", "codigo_estacao": "openmeteo", "nome_estacao": "Open-Meteo (célula de grade)" }, "geometry": { "type": "Polygon", "coordinates": [ [ [ -42.71878619599994, -3.894840798871899 ], [ -42.720724753999946, -3.894464142871894 ], [ -42.720954607999943, -3.894089303871943 ], [ -42.72121296499995, -3.894124197871895 ], [ -42.720745879999981, -3.895119263871894 ], [ -42.720465341999962, -3.895675366871882 ], [ -42.72008442799995, -3.89621777387188 ], [ -42.719389212999943, -3.897565640871824 ], [ -42.718967009999972, -3.897412661871822 ], [ -42.718592509999951, -3.897451644871789 ], [ -42.718347924999932, -3.897454783871792 ], [ -42.717831148999949, -3.897347268871827 ], [ -42.716745930999934, -3.897309581871796 ], [ -42.716764303999973, -3.898045046871761 ], [ -42.716101601999981, -3.898371816871771 ], [ -42.715154029999951, -3.898602666871797 ], [ -42.712385778999931, -3.898331206871782 ], [ -42.709705433999943, -3.895936389871886 ], [ -42.709031929999973, -3.898265575871807 ], [ -42.711819913999925, -3.900558243871728 ], [ -42.712463543999938, -3.901343097871658 ], [ -42.713720931999944, -3.902484719871653 ], [ -42.713433364999958, -3.902875509871629 ], [ -42.713102754999966, -3.903161187871627 ], [ -42.711623336999928, -3.901628700871656 ], [ -42.710360916999939, -3.900382159871701 ], [ -42.709712914999947, -3.899743586871718 ], [ -42.70852961099996, -3.898484762871767 ], [ -42.708508449999954, -3.898201220871801 ], [ -42.708630882999955, -3.897404863871817 ], [ -42.708863680999968, -3.896546346871857 ], [ -42.709162266999954, -3.895381510871853 ], [ -42.709177865999948, -3.895335255871881 ], [ -42.709230876999982, -3.895161173871883 ], [ -42.709245427999974, -3.895043460871882 ], [ -42.709394596999971, -3.894402475871882 ], [ -42.710781397999938, -3.894646103871902 ], [ -42.710886613999946, -3.895063694871913 ], [ -42.710866085999953, -3.895392604871853 ], [ -42.71080509199993, -3.89569373387188 ], [ -42.711061174999941, -3.895811224871846 ], [ -42.711789438999972, -3.895833192871846 ], [ -42.711920368999976, -3.896066829871846 ], [ -42.712217428999963, -3.896075624871887 ], [ -42.712478155999968, -3.896128281871849 ], [ -42.712755413999957, -3.896131239871834 ], [ -42.712907110999936, -3.896113570871847 ], [ -42.713843008999952, -3.896246491871832 ], [ -42.714056968999955, -3.896304873871847 ], [ -42.714359886999937, -3.89634384387184 ], [ -42.714582840999981, -3.896363497871867 ], [ -42.714752270999952, -3.896364052871853 ], [ -42.714957910999942, -3.896391443871855 ], [ -42.715085966999936, -3.89640891387184 ], [ -42.715239893999971, -3.896435469871865 ], [ -42.715553729999947, -3.89646307087186 ], [ -42.715569443999975, -3.896374203871822 ], [ -42.715589550999937, -3.896205598871823 ], [ -42.715662175999967, -3.895448663871885 ], [ -42.716020032999943, -3.895505389871849 ], [ -42.716721211999982, -3.895627624871889 ], [ -42.717211988999964, -3.895719726871888 ], [ -42.717853631999958, -3.895774634871864 ], [ -42.718029867, -3.894882748871924 ], [ -42.718788324999927, -3.8950072098719 ], [ -42.71878619599994, -3.894840798871899 ] ] ] } },
{ "type": "Feature", "properties": { "num_setor": "PI_PARNAIB_SR_2_CPRM", "munic": "PARNAÍBA", "grau_risco": "Alto", "distancia_km": 1.29, "chuva_24h": 0.0, "chuva_72h": 0.6, "fonte_estacao": "openmeteo", "codigo_estacao": "openmeteo", "nome_estacao": "Open-Meteo (célula de grade)" }, "geometry": { "type": "Polygon", "coordinates": [ [ [ -41.787109279999981, -2.908840744904193 ], [ -41.788186970999959, -2.908425363904168 ], [ -41.788801804999942, -2.907798384904241 ], [ -41.788315154999971, -2.906281340904272 ], [ -41.786726573999935, -2.904866773904331 ], [ -41.784795328999962, -2.903519663904334 ], [ -41.783827041999977, -2.903112340904357 ], [ -41.782753007999936, -2.902035223904427 ], [ -41.78183761199994, -2.901453890904436 ], [ -41.781283098999957, -2.900982660904432 ], [ -41.78189424399995, -2.900642783904456 ], [ -41.783082269999966, -2.901952305904398 ], [ -41.784718950999952, -2.90290022890438 ], [ -41.786476289999939, -2.903685995904381 ], [ -41.787812382999959, -2.904497177904305 ], [ -41.789005809999942, -2.906089969904246 ], [ -41.789141954999927, -2.907433032904236 ], [ -41.789070113999969, -2.908452234904216 ], [ -41.788905924999938, -2.908949755904196 ], [ -41.788933905999954, -2.908941272904157 ], [ -41.788940235999974, -2.908949496904208 ], [ -41.788635400999965, -2.909943314904165 ], [ -41.787707987999966, -2.910378861904136 ], [ -41.786453327999936, -2.910558458904133 ], [ -41.785397945999932, -2.911042936904098 ], [ -41.784918766999965, -2.911925541904079 ], [ -41.784990123999933, -2.913595714904004 ], [ -41.78530989799998, -2.915386635903954 ], [ -41.785977791999983, -2.916427256903931 ], [ -41.785994716999937, -2.917459253903885 ], [ -41.785287475999951, -2.918396189903874 ], [ -41.784189551999923, -2.918830785903851 ], [ -41.783585634999952, -2.918982529903838 ], [ -41.782937855999933, -2.917636442903879 ], [ -41.782508977999953, -2.916495740903925 ], [ -41.781910656999969, -2.915912195903962 ], [ -41.782600004999956, -2.91488137390398 ], [ -41.782509742999935, -2.913378911904009 ], [ -41.782322812999944, -2.911190870904131 ], [ -41.783277360999932, -2.910751240904123 ], [ -41.78379, -2.909809273904143 ], [ -41.785404741999969, -2.90918279790418 ], [ -41.787109279999981, -2.908840744904193 ] ] ] } },
{ "type": "Feature", "properties": { "num_setor": "PI_Palm_SR_05_CPRM", "munic": "PALMEIRAIS", "grau_risco": "Alto", "distancia_km": 1.92, "chuva_24h": 0.0, "chuva_72h": 0.0, "fonte_estacao": "openmeteo", "codigo_estacao": "openmeteo", "nome_estacao": "Open-Meteo (célula de grade)" }, "geometry": { "type": "Polygon", "coordinates": [ [ [ -43.060101765999939, -5.969061607804512 ], [ -43.059779057999947, -5.968952540804533 ], [ -43.059793458999934, -5.967141884804558 ], [ -43.059722601999965, -5.96600645880464 ], [ -43.059422303999952, -5.964925357804665 ], [ -43.059375572999947, -5.964433037804643 ], [ -43.059510104999958, -5.963953915804711 ], [ -43.059786013999933, -5.963564236804704 ], [ -43.06002090099998, -5.963482507804717 ], [ -43.060923966999951, -5.963861015804686 ], [ -43.061463702999959, -5.964191569804687 ], [ -43.061728357999989, -5.964722861804683 ], [ -43.061848265999963, -5.965797508804642 ], [ -43.061968216999958, -5.966583141804583 ], [ -43.06197678999996, -5.967505484804569 ], [ -43.061623546999954, -5.968121778804543 ], [ -43.061135304999929, -5.968747382804514 ], [ -43.060724619999974, -5.969156159804518 ], [ -43.060101765999939, -5.969061607804512 ] ] ] } },
{ "type": "Feature", "properties": { "num_setor": "PI_PARNAIB_SR_1_CPRM", "munic": "PARNAÍBA", "grau_risco": "Alto", "distancia_km": 1.48, "chuva_24h": 0.0, "chuva_72h": 0.6, "fonte_estacao": "openmeteo", "codigo_estacao": "openmeteo", "nome_estacao": "Open-Meteo (célula de grade)" }, "geometry": { "type": "Polygon", "coordinates": [ [ [ -41.775385133999983, -2.895759002904628 ], [ -41.776295391999952, -2.89491155590464 ], [ -41.777736569999945, -2.894676458904622 ], [ -41.779090746999941, -2.895905605904581 ], [ -41.781620306999969, -2.900487941904431 ], [ -41.780578092999981, -2.90099703190445 ], [ -41.77987509999997, -2.901283213904408 ], [ -41.779106420999938, -2.899509302904481 ], [ -41.778152412999923, -2.897387920904568 ], [ -41.777640083999977, -2.896578253904596 ], [ -41.777271757999983, -2.89607932690459 ], [ -41.776055578999944, -2.897243549904539 ], [ -41.774679609999964, -2.898087352904525 ], [ -41.773428243999945, -2.898365728904554 ], [ -41.77321647399998, -2.899915974904463 ], [ -41.773297882999941, -2.90145353290441 ], [ -41.773184887999946, -2.902124176904413 ], [ -41.77223239399995, -2.90229176990442 ], [ -41.770733152999981, -2.902316079904383 ], [ -41.770211557999964, -2.902186016904412 ], [ -41.770323361999949, -2.901765442904395 ], [ -41.77274271999994, -2.901191943904431 ], [ -41.772527472999968, -2.899768841904484 ], [ -41.772541441999977, -2.898378564904545 ], [ -41.771612212999969, -2.897907002904534 ], [ -41.770072853999984, -2.897608354904528 ], [ -41.768725358999973, -2.897386589904546 ], [ -41.768407631999935, -2.896903264904554 ], [ -41.770042042999933, -2.896982615904571 ], [ -41.77196340099993, -2.897324070904567 ], [ -41.773426807999961, -2.897618588904534 ], [ -41.77438501499995, -2.897119442904568 ], [ -41.775385133999983, -2.895759002904628 ] ] ] } },
{ "type": "Feature", "properties": { "num_setor": "PI_MURICID_SR_1_CPRM", "munic": "MURICI DOS PORTELAS", "grau_risco": "Alto", "distancia_km": 1.3, "chuva_24h": 0.0, "chuva_72h": 0.3, "fonte_estacao": "openmeteo", "codigo_estacao": "openmeteo", "nome_estacao": "Open-Meteo (célula de grade)" }, "geometry": { "type": "Polygon", "coordinates": [ [ [ -42.100780892999985, -3.290838884891677 ], [ -42.102763925999973, -3.290079672891713 ], [ -42.105754271999956, -3.288569763891714 ], [ -42.108403178999936, -3.287639448891735 ], [ -42.112232743999982, -3.287581018891777 ], [ -42.115993876999944, -3.288092965891766 ], [ -42.115838024999967, -3.289400201891723 ], [ -42.113388107999974, -3.290292578891648 ], [ -42.110313456999961, -3.290978435891635 ], [ -42.107578976999946, -3.291502209891663 ], [ -42.104749573999982, -3.291754801891637 ], [ -42.104705643999971, -3.291754802891623 ], [ -42.102362333999963, -3.291769583891626 ], [ -42.101076989999967, -3.29180240389163 ], [ -42.100780892999985, -3.290838884891677 ] ] ] } },
{ "type": "Feature", "properties": { "num_setor": "PI_MURICID_SR_2_CPRM", "munic": "MURICI DOS PORTELAS", "grau_risco": "Alto", "distancia_km": 1.56, "chuva_24h": 0.0, "chuva_72h": 0.3, "fonte_estacao": "openmeteo", "codigo_estacao": "openmeteo", "nome_estacao": "Open-Meteo (célula de grade)" }, "geometry": { "type": "Polygon", "coordinates": [ [ [ -42.111602726999934, -3.270404191892323 ], [ -42.108287401999966, -3.269834199892327 ], [ -42.105904857, -3.268200885892377 ], [ -42.105661474999977, -3.265025029892502 ], [ -42.105856278999973, -3.263084339892589 ], [ -42.10713748899996, -3.260828489892625 ], [ -42.112049605999978, -3.260841286892641 ], [ -42.11751813199993, -3.261769740892626 ], [ -42.124036298999961, -3.266494520892476 ], [ -42.120248756999949, -3.271061415892307 ], [ -42.115882739999961, -3.271929920892307 ], [ -42.111602726999934, -3.270404191892323 ] ] ] } },
{ "type": "Feature", "properties": { "num_setor": "PI_MA_SR_01_CPRM", "munic": "MIGUEL ALVES", "grau_risco": "Alto", "distancia_km": 1.41, "chuva_24h": 0.0, "chuva_72h": 0.2, "fonte_estacao": "openmeteo", "codigo_estacao": "openmeteo", "nome_estacao": "Open-Meteo (célula de grade)" }, "geometry": { "type": "Polygon", "coordinates": [ [ [ -42.904689317999953, -4.156923971863344 ], [ -42.904890460999979, -4.15686653986334 ], [ -42.904947888999963, -4.156866635863352 ], [ -42.905091321999976, -4.156924615863354 ], [ -42.905148738999976, -4.156924710863315 ], [ -42.905292266999929, -4.156924948863354 ], [ -42.905580037999982, -4.156924610863354 ], [ -42.905752857999971, -4.156924233863361 ], [ -42.90595448199997, -4.156923792863359 ], [ -42.906098499999985, -4.156923478863328 ], [ -42.906270624999934, -4.156923787863359 ], [ -42.90638515999995, -4.156924195863365 ], [ -42.906528305999984, -4.156924704863321 ], [ -42.906585734999965, -4.157011068863343 ], [ -42.906671782999979, -4.157097524863308 ], [ -42.906815177999931, -4.157241599863339 ], [ -42.906844033999953, -4.157356557863317 ], [ -42.906901441999935, -4.157442890863328 ], [ -42.906987275999938, -4.157586990863323 ], [ -42.907072622999983, -4.157904006863316 ], [ -42.90713014399995, -4.157990186863292 ], [ -42.907129778999945, -4.158163000863284 ], [ -42.907158312999968, -4.158278131863304 ], [ -42.907215562999966, -4.158421984863303 ], [ -42.907300789999965, -4.158853747863275 ], [ -42.907329955999955, -4.159112047863255 ], [ -42.907330693999938, -4.159255229863238 ], [ -42.907360533999963, -4.159426882863287 ], [ -42.907361996999946, -4.159655844863273 ], [ -42.907363277999927, -4.159856221863262 ], [ -42.907365291999952, -4.160171163863242 ], [ -42.907367213999976, -4.160514977863252 ], [ -42.907368118999962, -4.160945621863182 ], [ -42.907459091999954, -4.161834266863186 ], [ -42.907517571999961, -4.1621499368632 ], [ -42.907574807999936, -4.16246607286317 ], [ -42.907574245999967, -4.162782341863152 ], [ -42.907547061999928, -4.163155404863125 ], [ -42.907547554999951, -4.163270184863109 ], [ -42.907549310999968, -4.163470821863137 ], [ -42.907579264999988, -4.163642862863115 ], [ -42.907608299999936, -4.163815147863134 ], [ -42.907636527999948, -4.1640163388631 ], [ -42.90766505999995, -4.164217429863098 ], [ -42.907722611999922, -4.164590734863068 ], [ -42.907751472999962, -4.164791713863059 ], [ -42.907780954999964, -4.165021318863066 ], [ -42.907782148999956, -4.165451976863082 ], [ -42.907783742999982, -4.165739044863054 ], [ -42.907784878999969, -4.165911301863017 ], [ -42.907785636999961, -4.166026152863051 ], [ -42.907757337999954, -4.166227242863062 ], [ -42.90767165099993, -4.166600769863019 ], [ -42.907614548999952, -4.166859355863035 ], [ -42.907499728999937, -4.167089339863016 ], [ -42.907442481999965, -4.167204341862986 ], [ -42.907385693999963, -4.16734809786298 ], [ -42.907214562999961, -4.167664496863011 ], [ -42.907071240999983, -4.167808462863005 ], [ -42.90695657699996, -4.167952357863006 ], [ -42.906697459999975, -4.168240049862967 ], [ -42.906553545999941, -4.168412631862966 ], [ -42.906352216999942, -4.168642777862941 ], [ -42.90600836699997, -4.169074551862917 ], [ -42.905749730999965, -4.169218797862961 ], [ -42.905548656999947, -4.169391622862949 ], [ -42.905289675999938, -4.16953576686293 ], [ -42.905289929999981, -4.169621962862911 ], [ -42.905232598999923, -4.16979439786293 ], [ -42.905088849999963, -4.170053092862941 ], [ -42.905002542999966, -4.170168098862914 ], [ -42.904887456999973, -4.170311862862886 ], [ -42.904829984999935, -4.170426811862908 ], [ -42.904772512999955, -4.170541758862885 ], [ -42.904743823999979, -4.170627943862875 ], [ -42.904715226999947, -4.170771549862862 ], [ -42.904715635999935, -4.171029951862894 ], [ -42.904715726999932, -4.171087374862879 ], [ -42.904716137999969, -4.171345764862871 ], [ -42.904716318999924, -4.171460602862865 ], [ -42.904716592999925, -4.171632855862881 ], [ -42.904716820999965, -4.171776397862864 ], [ -42.904688178999947, -4.171891269862844 ], [ -42.90463085399994, -4.172092299862862 ], [ -42.90457323399994, -4.172235758862819 ], [ -42.90445828299994, -4.172436853862833 ], [ -42.90434373199998, -4.172580927862823 ], [ -42.904315, -4.172609704862829 ], [ -42.904142609999951, -4.172782371862843 ], [ -42.904027619999958, -4.172868765862834 ], [ -42.903912456999933, -4.1728976808628 ], [ -42.903825910999963, -4.172897710862832 ], [ -42.903623808999946, -4.1728403028628 ], [ -42.903545745999963, -4.1728292248628 ], [ -42.902262125999982, -4.172089490862844 ], [ -42.902261957999947, -4.172032088862865 ], [ -42.902348291999942, -4.171831642862859 ], [ -42.902434981999924, -4.171745979862874 ], [ -42.902550593999926, -4.171631734862856 ], [ -42.902550508999973, -4.171603025862863 ], [ -42.902666153999981, -4.171488744862891 ], [ -42.902810753999972, -4.171345848862891 ], [ -42.902868435999949, -4.171231239862861 ], [ -42.902868178999938, -4.171145087862866 ], [ -42.902867918999966, -4.171058937862857 ], [ -42.90286740199997, -4.170886643862884 ], [ -42.902866363999976, -4.17071399386286 ], [ -42.902865351999935, -4.170598696862882 ], [ -42.902864793999974, -4.170426429862911 ], [ -42.902864118999958, -4.170282751862887 ], [ -42.90286344499998, -4.170139091862903 ], [ -42.902803985999981, -4.169908896862938 ], [ -42.902803717999973, -4.169851455862907 ], [ -42.902773596999964, -4.169650267862915 ], [ -42.90274415499993, -4.169592679862911 ], [ -42.902742953999962, -4.169334325862939 ], [ -42.902685722999934, -4.169191369862948 ], [ -42.902657742999963, -4.169048552862909 ], [ -42.902658621999926, -4.168905667862978 ], [ -42.902629987999944, -4.168819809862946 ], [ -42.902543497999943, -4.168676613862934 ], [ -42.902485981999973, -4.168504770862966 ], [ -42.90242829999994, -4.168390179862974 ], [ -42.902312876999986, -4.168218306862981 ], [ -42.902226251999934, -4.168161048862957 ], [ -42.902081455999962, -4.168075048863006 ], [ -42.90202350699996, -4.168046373862993 ], [ -42.901849588999937, -4.167988992862961 ], [ -42.901704762999941, -4.167931658863004 ], [ -42.901502297999961, -4.167903042862995 ], [ -42.901415913999983, -4.167845890862983 ], [ -42.901300635999974, -4.167788752862998 ], [ -42.901185369999943, -4.16773161986296 ], [ -42.901070579999953, -4.167674626862978 ], [ -42.90098464099998, -4.167588959862972 ], [ -42.900841300999957, -4.167503423863 ], [ -42.900726653999989, -4.167389148863021 ], [ -42.90049718399996, -4.167246471862982 ], [ -42.900382378999943, -4.167218097863024 ], [ -42.900296290999968, -4.167160989863009 ], [ -42.900095371999953, -4.16701814686302 ], [ -42.899951759999972, -4.167018485863021 ], [ -42.899836860999983, -4.167018757862982 ], [ -42.899693213999967, -4.167047770863 ], [ -42.899578143999975, -4.167134025862979 ], [ -42.899433563999935, -4.167277411863023 ], [ -42.899289489999937, -4.167306255863009 ], [ -42.899174152999933, -4.167363653862969 ], [ -42.899001471999952, -4.167363917863024 ], [ -42.89888629699994, -4.167392691863013 ], [ -42.89877152199994, -4.16742163986297 ], [ -42.898599482999941, -4.167450832863014 ], [ -42.898427296999955, -4.167537232863003 ], [ -42.898312498999985, -4.167594835863015 ], [ -42.898283674999959, -4.167709286863016 ], [ -42.898254928999961, -4.167766549862987 ], [ -42.898168779999935, -4.167881160863001 ], [ -42.897853157999975, -4.168110916862999 ], [ -42.897623626999973, -4.168169013862964 ], [ -42.897508829999936, -4.168198069862979 ], [ -42.897365279999974, -4.16819870886298 ], [ -42.897250400999944, -4.168199218862989 ], [ -42.897078019999981, -4.168199985862949 ], [ -42.896963145999955, -4.168257626862963 ], [ -42.896905659999966, -4.16825788686294 ], [ -42.896733262999931, -4.168315798862983 ], [ -42.896675809999977, -4.168344625862979 ], [ -42.89647475299995, -4.168459805862942 ], [ -42.896359537999956, -4.168403056862987 ], [ -42.896244200999945, -4.168259802862971 ], [ -42.89618656699998, -4.168202522862951 ], [ -42.896099937999963, -4.168030544862989 ], [ -42.896070944999956, -4.167915843862962 ], [ -42.896070639999941, -4.167772425862974 ], [ -42.896070397999942, -4.167657692863004 ], [ -42.896070152999982, -4.167542958862987 ], [ -42.896098536999943, -4.167370813863026 ], [ -42.896127106999984, -4.167284713862997 ], [ -42.896184302999984, -4.167112429863027 ], [ -42.89627025599998, -4.166940105863025 ], [ -42.896270102999949, -4.166854036863013 ], [ -42.896269899999936, -4.166739297862992 ], [ -42.896327129999968, -4.166595786863019 ], [ -42.896326741999985, -4.166395083863008 ], [ -42.896326291999969, -4.166165751863012 ], [ -42.896326121999948, -4.166079763863048 ], [ -42.896325353999941, -4.165735710863065 ], [ -42.896325004999937, -4.16559227386305 ], [ -42.896295914999932, -4.16544888686308 ], [ -42.896295702999957, -4.165362792863037 ], [ -42.89623786, -4.165219449863056 ], [ -42.896237357999958, -4.165018475863069 ], [ -42.896179570999948, -4.164903795863102 ], [ -42.896035343999984, -4.164731843863093 ], [ -42.895920212999954, -4.164703359863108 ], [ -42.895776395999974, -4.164703663863079 ], [ -42.895661342999972, -4.164703906863064 ], [ -42.895517612999981, -4.164732937863062 ], [ -42.895402652999962, -4.164761905863095 ], [ -42.895269001999957, -4.164872998863078 ], [ -42.896245877999952, -4.158343353863295 ], [ -42.896366425999936, -4.158322556863304 ], [ -42.896625520999969, -4.15826350886328 ], [ -42.896683133999943, -4.158263195863299 ], [ -42.896798306999976, -4.15823385186331 ], [ -42.896913472999984, -4.158205206863324 ], [ -42.897172576999935, -4.158147960863288 ], [ -42.897575482999969, -4.158033350863322 ], [ -42.897690587999932, -4.158004721863281 ], [ -42.897776949999979, -4.158004830863321 ], [ -42.898180000999957, -4.158062878863292 ], [ -42.898812862999932, -4.158063930863306 ], [ -42.899071589999949, -4.15803567386331 ], [ -42.899588949999952, -4.157863382863304 ], [ -42.89993433199993, -4.157775955863328 ], [ -42.900252157999944, -4.157627925863344 ], [ -42.900511769999987, -4.157568549863316 ], [ -42.900770973999954, -4.157510234863326 ], [ -42.900828431999969, -4.157481560863308 ], [ -42.901000592999935, -4.157395960863338 ], [ -42.901115288999954, -4.157310185863332 ], [ -42.901316772999955, -4.157252212863311 ], [ -42.901604713999973, -4.157251592863331 ], [ -42.901835066999979, -4.15725109686335 ], [ -42.902151849999939, -4.157250336863308 ], [ -42.902498074999976, -4.157219675863335 ], [ -42.902930984999955, -4.157188545863311 ], [ -42.903566328999943, -4.15712729286335 ], [ -42.903825757999989, -4.157068929863364 ], [ -42.903969862999929, -4.157039745863337 ], [ -42.904142358999934, -4.157011032863331 ], [ -42.904343489999981, -4.156982463863335 ], [ -42.904516377999983, -4.156953246863321 ], [ -42.904689317999953, -4.156923971863344 ] ] ] } },
{ "type": "Feature", "properties": { "num_setor": "PI_MA_SR_02_CPRM", "munic": "MIGUEL ALVES", "grau_risco": "Alto", "distancia_km": 1.6, "chuva_24h": 0.0, "chuva_72h": 0.2, "fonte_estacao": "openmeteo", "codigo_estacao": "openmeteo", "nome_estacao": "Open-Meteo (célula de grade)" }, "geometry": { "type": "Polygon", "coordinates": [ [ [ -42.885626624999929, -4.158720699863276 ], [ -42.885828720999946, -4.158548603863307 ], [ -42.886001992999972, -4.158433933863292 ], [ -42.886146375999942, -4.158319282863312 ], [ -42.886434592999933, -4.158060964863299 ], [ -42.886635334999937, -4.157945260863304 ], [ -42.886778424999932, -4.15780091886331 ], [ -42.886950221999932, -4.157713738863335 ], [ -42.887122138999985, -4.157655290863331 ], [ -42.887294078999957, -4.157596834863297 ], [ -42.887466222999933, -4.157595865863316 ], [ -42.887609693999934, -4.157595059863311 ], [ -42.887839717999952, -4.157737533863344 ], [ -42.887955152999943, -4.157766181863293 ], [ -42.888099843999953, -4.157823888863288 ], [ -42.88827341099995, -4.157881627863284 ], [ -42.88844703999996, -4.157968104863309 ], [ -42.88870607999997, -4.158082062863286 ], [ -42.88885, -4.15816766586329 ], [ -42.888965090999932, -4.158224633863308 ], [ -42.889310356999943, -4.158366852863301 ], [ -42.889541053999956, -4.158452663863313 ], [ -42.889656382999931, -4.158509876863304 ], [ -42.88988713699996, -4.158595760863291 ], [ -42.889973771999962, -4.158595854863261 ], [ -42.89011815199995, -4.15859600986327 ], [ -42.890694617999948, -4.158738693863288 ], [ -42.890926004999983, -4.158768193863269 ], [ -42.891128223999935, -4.15879733786327 ], [ -42.891359286999943, -4.158826551863262 ], [ -42.891445927999939, -4.158826785863288 ], [ -42.891648032999967, -4.158855913863284 ], [ -42.891820899999971, -4.158855847863296 ], [ -42.891993619999937, -4.158884170863277 ], [ -42.892310063999957, -4.158883309863284 ], [ -42.892482148999932, -4.158881901863285 ], [ -42.892797764999948, -4.158879317863269 ], [ -42.892941636999979, -4.158878860863272 ], [ -42.893431310999972, -4.158906936863245 ], [ -42.893719902999969, -4.158908079863269 ], [ -42.894123044999951, -4.158907761863281 ], [ -42.89446800099995, -4.158848664863259 ], [ -42.894841407999934, -4.158673885863306 ], [ -42.895330134999938, -4.158526956863273 ], [ -42.895502724999972, -4.158440282863287 ], [ -42.895675388999962, -4.158382374863315 ], [ -42.895848121999961, -4.158353238863288 ], [ -42.89602092299998, -4.158352874863271 ], [ -42.896193712999938, -4.158352351863297 ], [ -42.89621763699995, -4.158348224863282 ], [ -42.895192639999948, -4.165168267863063 ], [ -42.895000536999937, -4.165135499863078 ], [ -42.894914306999965, -4.165164377863046 ], [ -42.894770448999964, -4.165164662863044 ], [ -42.89468386999993, -4.165078709863051 ], [ -42.894597281999943, -4.164992748863087 ], [ -42.894510684999943, -4.164906778863104 ], [ -42.894395393999957, -4.164849573863086 ], [ -42.894251407999946, -4.164821136863064 ], [ -42.894193836999932, -4.164792581863092 ], [ -42.894021085999952, -4.164678241863118 ], [ -42.893934638999951, -4.164592371863093 ], [ -42.893876913999975, -4.164477757863119 ], [ -42.893762118999973, -4.164334945863089 ], [ -42.893704660999958, -4.16422054286309 ], [ -42.89370450499996, -4.164134508863101 ], [ -42.893732867999972, -4.163990947863087 ], [ -42.893789913999967, -4.163875880863125 ], [ -42.893846866999979, -4.163760702863145 ], [ -42.893875094999942, -4.163645589863103 ], [ -42.893874791999963, -4.163559384863101 ], [ -42.893788263999966, -4.163387551863135 ], [ -42.893673120999942, -4.163215946863156 ], [ -42.893644390999945, -4.163187418863119 ], [ -42.89352959699994, -4.16310205986316 ], [ -42.893385579, -4.162844551863163 ], [ -42.893212990999984, -4.162816257863157 ], [ -42.893126713999948, -4.162816438863124 ], [ -42.893011675999951, -4.162816680863177 ], [ -42.892896452999942, -4.162788123863169 ], [ -42.892723351999955, -4.162730732863132 ], [ -42.892550142999937, -4.162644625863171 ], [ -42.892463735999968, -4.162616072863182 ], [ -42.892377100999965, -4.162530046863168 ], [ -42.892290461999949, -4.162444014863153 ], [ -42.892175045999977, -4.162358037863187 ], [ -42.892059737999936, -4.162300796863156 ], [ -42.891944423999973, -4.162243552863151 ], [ -42.891858463999945, -4.162329961863152 ], [ -42.891830281999944, -4.162473720863178 ], [ -42.891802223999946, -4.162646196863155 ], [ -42.89180281299997, -4.162789857863133 ], [ -42.891803283999934, -4.162904775863138 ], [ -42.891803875999983, -4.163048406863152 ], [ -42.891833107999958, -4.163163239863143 ], [ -42.891833811999959, -4.16333555886314 ], [ -42.891805644999977, -4.163479200863143 ], [ -42.891777360999988, -4.163594113863144 ], [ -42.891748296999928, -4.163708589863107 ], [ -42.891690729999937, -4.163794636863125 ], [ -42.89154638399998, -4.163995269863088 ], [ -42.891430827999947, -4.164081279863101 ], [ -42.891344140999934, -4.164167304863124 ], [ -42.891199628999971, -4.164253367863097 ], [ -42.89108402599993, -4.164282100863112 ], [ -42.891027561999984, -4.164426010863075 ], [ -42.890999432999934, -4.16451232186309 ], [ -42.890942799999948, -4.16462743586307 ], [ -42.890857675999939, -4.164771329863083 ], [ -42.890829568999955, -4.164857582863088 ], [ -42.890772973999958, -4.164972615863069 ], [ -42.89074527899993, -4.165116257863078 ], [ -42.890717188999936, -4.165202453863056 ], [ -42.890631406999944, -4.16534605286306 ], [ -42.890602625999968, -4.165489445863083 ], [ -42.89057374399993, -4.165632842863071 ], [ -42.890573929999967, -4.165718882863058 ], [ -42.890574237999935, -4.165862282863068 ], [ -42.890574321999964, -4.166091701863051 ], [ -42.890574279999953, -4.166206420863055 ], [ -42.890574227999934, -4.166349833863039 ], [ -42.890574194999942, -4.166435888863035 ], [ -42.89060323199994, -4.166579258863019 ], [ -42.890689665999957, -4.166636448863018 ], [ -42.890804479999986, -4.166750977862994 ], [ -42.890919608999972, -4.166750731863032 ], [ -42.89106351199996, -4.166750423862995 ], [ -42.891207411999972, -4.166750115863011 ], [ -42.891351309999941, -4.166749807863027 ], [ -42.891495382999949, -4.166663423863052 ], [ -42.891610542999956, -4.166634489863052 ], [ -42.891697, -4.16654824786304 ], [ -42.891812086999948, -4.166548004862996 ], [ -42.891898281999943, -4.166633876863053 ], [ -42.891898076999944, -4.166748637863011 ], [ -42.891811483999959, -4.166892304863039 ], [ -42.891724992999961, -4.166978594862995 ], [ -42.891610046999965, -4.167064916863001 ], [ -42.891552873999956, -4.167179784863028 ], [ -42.891437805999935, -4.167237427863013 ], [ -42.891293778999959, -4.167266460862991 ], [ -42.891294395999978, -4.167409864863017 ], [ -42.891352670999936, -4.167553104863009 ], [ -42.891439514999952, -4.167638901863 ], [ -42.891555527999969, -4.16781061586297 ], [ -42.89169985399996, -4.167867559862966 ], [ -42.891815227999984, -4.167895910862993 ], [ -42.891844623999923, -4.168039132863006 ], [ -42.891816285999937, -4.168153839862969 ], [ -42.891701042999955, -4.168154163862949 ], [ -42.891528158999954, -4.168240749862957 ], [ -42.891412386999946, -4.168269955862978 ], [ -42.891325535999961, -4.168270333862958 ], [ -42.891238658999946, -4.16832813886294 ], [ -42.891065689999955, -4.168414772862953 ], [ -42.890921657999968, -4.168501289862944 ], [ -42.890892899999983, -4.168530062862943 ], [ -42.89074871899993, -4.168587919862938 ], [ -42.890432603999948, -4.168789481862967 ], [ -42.890375320999965, -4.168846943862936 ], [ -42.89023199199994, -4.168961921862933 ], [ -42.890088671999933, -4.169076887862943 ], [ -42.890002908999975, -4.169191722862911 ], [ -42.889917014999988, -4.169277887862934 ], [ -42.889774785999975, -4.169421083862944 ], [ -42.889661054999976, -4.169535596862914 ], [ -42.889632189999929, -4.169564414862942 ], [ -42.88951716299993, -4.1697082118629 ], [ -42.889403568999974, -4.169851333862892 ], [ -42.889375283999982, -4.169879879862904 ], [ -42.88931928399996, -4.169994101862941 ], [ -42.889032906999937, -4.17033859386288 ], [ -42.888946106999981, -4.170396465862892 ], [ -42.888774274999953, -4.170683541862884 ], [ -42.888716897999977, -4.170769717862911 ], [ -42.888545067999978, -4.17105678986289 ], [ -42.888429993999978, -4.171200619862907 ], [ -42.888344076999935, -4.171344158862857 ], [ -42.888228671999968, -4.17145948486287 ], [ -42.888171601999943, -4.171574198862869 ], [ -42.888172564999934, -4.171659750862841 ], [ -42.888174165999935, -4.171802304862874 ], [ -42.888146601999956, -4.171945146862871 ], [ -42.888118722999934, -4.172059467862821 ], [ -42.888061868999962, -4.172202698862851 ], [ -42.888033906999965, -4.172345752862829 ], [ -42.88797745599993, -4.172546089862847 ], [ -42.887892836999974, -4.172746056862795 ], [ -42.887864748999959, -4.172831748862824 ], [ -42.887694352999972, -4.173232419862832 ], [ -42.88757903599997, -4.173347760862798 ], [ -42.887492733999977, -4.173462831862774 ], [ -42.887407061999966, -4.173634817862764 ], [ -42.887292108999929, -4.173807294862796 ], [ -42.887205704999985, -4.173922454862804 ], [ -42.887119290999976, -4.174037624862753 ], [ -42.887004310999941, -4.174210142862749 ], [ -42.886857734999978, -4.174212738862749 ], [ -42.88674010699998, -4.174128885862777 ], [ -42.886651995999955, -4.174044313862786 ], [ -42.886535268999978, -4.174017101862768 ], [ -42.886389816999952, -4.174018619862801 ], [ -42.886361095999973, -4.174076113862769 ], [ -42.886101374999953, -4.174105993862772 ], [ -42.885957025999971, -4.174106660862759 ], [ -42.885812662999967, -4.174107326862766 ], [ -42.885697163999957, -4.17410785986276 ], [ -42.885552992999976, -4.174194591862759 ], [ -42.88543752299995, -4.174252574862791 ], [ -42.885321767999983, -4.174195786862794 ], [ -42.885292798999956, -4.174167238862754 ], [ -42.885176790999928, -4.173995637862779 ], [ -42.88514781799995, -4.173967085862775 ], [ -42.885061378999985, -4.173794895862784 ], [ -42.885032321999972, -4.173593962862816 ], [ -42.88500344199997, -4.173479136862802 ], [ -42.885002807999975, -4.173307097862803 ], [ -42.885000874999946, -4.173020839862795 ], [ -42.884913585999982, -4.172791640862819 ], [ -42.884855842999968, -4.172705645862814 ], [ -42.88468400499994, -4.172590624862814 ], [ -42.884540966999957, -4.172533031862809 ], [ -42.884426335999926, -4.172561765862818 ], [ -42.884312416999926, -4.172618873862841 ], [ -42.884198178999952, -4.172618690862843 ], [ -42.884055607999983, -4.172647083862818 ], [ -42.883941406999952, -4.172646899862837 ], [ -42.883827632999953, -4.172703949862846 ], [ -42.883771143999979, -4.17287585686282 ], [ -42.883771319999944, -4.172961915862825 ], [ -42.883599874999959, -4.173076572862805 ], [ -42.883599757999953, -4.173019202862829 ], [ -42.883599403999938, -4.172847092862839 ], [ -42.883599169999968, -4.172732353862814 ], [ -42.88359868699996, -4.172617731862811 ], [ -42.883598060999923, -4.172531886862808 ], [ -42.883597432999977, -4.17244603586282 ], [ -42.883625614999978, -4.172302667862818 ], [ -42.883711916999971, -4.17215891286286 ], [ -42.883827055999973, -4.17201507086287 ], [ -42.883971084999985, -4.171899828862829 ], [ -42.884029491999968, -4.171755784862865 ], [ -42.884116032999941, -4.171669371862846 ], [ -42.884173724999982, -4.171611765862861 ], [ -42.884230806999938, -4.171468295862856 ], [ -42.884345198999938, -4.171296080862898 ], [ -42.884430965999968, -4.171152571862844 ], [ -42.884430728999973, -4.171037844862871 ], [ -42.884430430999949, -4.1708944358629 ], [ -42.884430132999967, -4.170751027862863 ], [ -42.884429834999935, -4.170607618862897 ], [ -42.884429595999961, -4.170492891862913 ], [ -42.884429356999938, -4.170378164862878 ], [ -42.884227769999939, -4.170120376862885 ], [ -42.884140831999957, -4.169977256862933 ], [ -42.884427254999935, -4.169718683862942 ], [ -42.884484516999969, -4.169661233862903 ], [ -42.884599045999941, -4.169546327862946 ], [ -42.884684943999957, -4.169460145862923 ], [ -42.884770974999981, -4.169402627862927 ], [ -42.884885642999961, -4.169316380862912 ], [ -42.884971802999985, -4.169258829862915 ], [ -42.885144030999982, -4.169143750862965 ], [ -42.885200849999933, -4.169057693862937 ], [ -42.885457475999942, -4.168828031862964 ], [ -42.885572243999945, -4.168741742862945 ], [ -42.885773144, -4.168569191862955 ], [ -42.885830758999937, -4.168425540862985 ], [ -42.885915931999939, -4.168310750862997 ], [ -42.885999609999942, -4.168196196862944 ], [ -42.886026424999955, -4.168052905862982 ], [ -42.886025515999961, -4.167909468862966 ], [ -42.886024949999978, -4.167765962862992 ], [ -42.886024332999966, -4.167565038862993 ], [ -42.886081082999965, -4.16739271786302 ], [ -42.886137926999936, -4.167249089862981 ], [ -42.886137487, -4.167105551863005 ], [ -42.886137046999977, -4.166962010863011 ], [ -42.886136871999945, -4.16690459286303 ], [ -42.886136431999951, -4.166761046863031 ], [ -42.886050062999963, -4.166617669863013 ], [ -42.885963611999955, -4.166445590863034 ], [ -42.885934618999954, -4.166330815863049 ], [ -42.885876986999961, -4.166216103863025 ], [ -42.88581953399995, -4.166158812863014 ], [ -42.885761818999981, -4.166015399863021 ], [ -42.88573282699997, -4.165900631863027 ], [ -42.885617757999967, -4.165728654863053 ], [ -42.885531416999974, -4.165585327863061 ], [ -42.88535884099997, -4.165327402863046 ], [ -42.885301047999974, -4.165155314863054 ], [ -42.885215112999951, -4.164983370863075 ], [ -42.885101747999954, -4.164811690863086 ], [ -42.885015902999953, -4.164783249863101 ], [ -42.884844511999972, -4.164669048863074 ], [ -42.884787528999937, -4.164640569863096 ], [ -42.884531172999971, -4.164526780863089 ], [ -42.884474249999982, -4.164412304863068 ], [ -42.884360399999935, -4.164269394863111 ], [ -42.884303490999969, -4.164183620863098 ], [ -42.884218143999931, -4.164040649863103 ], [ -42.884189691999943, -4.164012105863128 ], [ -42.884075923999944, -4.16384063286311 ], [ -42.884074142999964, -4.163696969863096 ], [ -42.884068629999938, -4.1633230758631 ], [ -42.884065754999931, -4.163064311863147 ], [ -42.884063221999952, -4.162834225863166 ], [ -42.884060403999968, -4.162489259863177 ], [ -42.884058535999948, -4.162230542863175 ], [ -42.884057082999952, -4.162029280863165 ], [ -42.884055222999969, -4.161827838863182 ], [ -42.884023709999958, -4.161597395863167 ], [ -42.884022288999972, -4.16148209186321 ], [ -42.88402103399995, -4.161309448863176 ], [ -42.884048299999961, -4.161107913863204 ], [ -42.884047992999967, -4.161050397863177 ], [ -42.884076225999927, -4.160820548863199 ], [ -42.884075854999935, -4.160648230863193 ], [ -42.884075732999975, -4.160590790863216 ], [ -42.884075423999953, -4.160447191863205 ], [ -42.884074992999956, -4.160246151863232 ], [ -42.88407450099993, -4.16001639386325 ], [ -42.884074376999934, -4.159958953863222 ], [ -42.884131417999981, -4.159757729863263 ], [ -42.884160364999957, -4.159643004863258 ], [ -42.884246545999986, -4.159527969863247 ], [ -42.884446971999978, -4.15949822286326 ], [ -42.884590331999959, -4.159411500863268 ], [ -42.884819906999951, -4.159295789863241 ], [ -42.885078086999947, -4.159093808863267 ], [ -42.885308763999944, -4.158892710863291 ], [ -42.885626624999929, -4.158720699863276 ] ] ] } },
{ "type": "Feature", "properties": { "num_setor": "PI_Palm_SR_02_CPRM", "munic": "PALMEIRAIS", "grau_risco": "Alto", "distancia_km": 1.49, "chuva_24h": 0.0, "chuva_72h": 0.0, "fonte_estacao": "openmeteo", "codigo_estacao": "openmeteo", "nome_estacao": "Open-Meteo (célula de grade)" }, "geometry": { "type": "Polygon", "coordinates": [ [ [ -43.056176396999938, -5.982045580804111 ], [ -43.055300218999939, -5.980362128804165 ], [ -43.055286508999984, -5.980347852804158 ], [ -43.055511349999961, -5.979801007804205 ], [ -43.056405437999956, -5.979265087804215 ], [ -43.057885544999976, -5.978900730804207 ], [ -43.059503886999948, -5.978384682804213 ], [ -43.061297222999933, -5.977994063804248 ], [ -43.063705920999951, -5.977460211804222 ], [ -43.06576284199997, -5.977023497804246 ], [ -43.066788257999967, -5.976755674804258 ], [ -43.067024083999968, -5.977052715804254 ], [ -43.067320973999983, -5.977818621804253 ], [ -43.067702421999961, -5.978762344804206 ], [ -43.056836923999981, -5.982938258804103 ], [ -43.056176396999938, -5.982045580804111 ] ] ] } },
{ "type": "Feature", "properties": { "num_setor": "PI_Palm_SR_01_CPRM", "munic": "PALMEIRAIS", "grau_risco": "Alto", "distancia_km": 1.78, "chuva_24h": 0.0, "chuva_72h": 0.0, "fonte_estacao": "openmeteo", "codigo_estacao": "openmeteo", "nome_estacao": "Open-Meteo (célula de grade)" }, "geometry": { "type": "Polygon", "coordinates": [ [ [ -43.06144725799993, -5.975229316804329 ], [ -43.061749478999957, -5.975068518804306 ], [ -43.062233403999976, -5.974730564804343 ], [ -43.062556582999939, -5.974382413804326 ], [ -43.062870897999971, -5.974297366804356 ], [ -43.063024426999959, -5.974456158804336 ], [ -43.062803408999969, -5.974637241804359 ], [ -43.062329169999941, -5.975107655804352 ], [ -43.06164668699995, -5.975520310804325 ], [ -43.059853, -5.976124241804309 ], [ -43.059336714999972, -5.9762302818043 ], [ -43.058925993999935, -5.976194734804312 ], [ -43.058359627999948, -5.976137324804306 ], [ -43.058528014999979, -5.975769832804311 ], [ -43.059267294999984, -5.975463936804333 ], [ -43.059847790999981, -5.975344280804297 ], [ -43.060523565999972, -5.975301159804326 ], [ -43.060928161999975, -5.975310969804315 ], [ -43.06144725799993, -5.975229316804329 ] ] ] } },
{ "type": "Feature", "properties": { "num_setor": "PI_JOSEDEF_SR_3_CPRM", "munic": "JOSÉ DE FREITAS", "grau_risco": "Muito alto", "distancia_km": 1.07, "chuva_24h": 0.0, "chuva_72h": 0.0, "fonte_estacao": "openmeteo", "codigo_estacao": "openmeteo", "nome_estacao": "Open-Meteo (célula de grade)" }, "geometry": { "type": "Polygon", "coordinates": [ [ [ -42.579389130999971, -4.760162557843667 ], [ -42.579678556999966, -4.759776012843714 ], [ -42.579932827999983, -4.759279226843748 ], [ -42.580158236999978, -4.759369393843729 ], [ -42.579955281999965, -4.760025191843684 ], [ -42.579533691999977, -4.760565075843697 ], [ -42.579133604999988, -4.760904999843689 ], [ -42.57866138199995, -4.760950691843647 ], [ -42.578284100999944, -4.760647531843667 ], [ -42.578095361999942, -4.760744250843665 ], [ -42.575561215999976, -4.764655631843559 ], [ -42.575269433999949, -4.765641234843534 ], [ -42.574971565999931, -4.766449623843488 ], [ -42.574791497999968, -4.766849243843475 ], [ -42.57450792199996, -4.76739742984346 ], [ -42.574012810999932, -4.767575910843428 ], [ -42.572945705999985, -4.767597232843434 ], [ -42.572118051999944, -4.767521670843437 ], [ -42.571518078999929, -4.767300739843445 ], [ -42.571372709999928, -4.766746962843468 ], [ -42.57258190899995, -4.765880430843517 ], [ -42.574058950999984, -4.765176442843543 ], [ -42.574937801999965, -4.764688719843568 ], [ -42.575022925999974, -4.764390025843541 ], [ -42.575117055999954, -4.764101480843564 ], [ -42.575297472999971, -4.763871256843565 ], [ -42.575396138999963, -4.7636035708436 ], [ -42.575334669999961, -4.763441809843588 ], [ -42.575339200999963, -4.763230528843575 ], [ -42.575294852999946, -4.763113284843613 ], [ -42.575383478999981, -4.762921975843617 ], [ -42.575456235999972, -4.76258682384358 ], [ -42.575656489999972, -4.762344540843604 ], [ -42.576018326999979, -4.762106969843603 ], [ -42.57629355499995, -4.76191287084361 ], [ -42.576532380999936, -4.761655971843655 ], [ -42.576815518999979, -4.761391140843627 ], [ -42.577015330999984, -4.760944311843643 ], [ -42.577128401999964, -4.760463000843677 ], [ -42.577123573999984, -4.759885939843691 ], [ -42.577466198999957, -4.759763426843691 ], [ -42.577931839999962, -4.759939947843703 ], [ -42.578258048999935, -4.759958711843697 ], [ -42.578704038999952, -4.760153980843704 ], [ -42.57901262799993, -4.760221024843695 ], [ -42.579389130999971, -4.760162557843667 ] ] ] } },
{ "type": "Feature", "properties": { "num_setor": "PI_LZ_SR_01_CPRM", "munic": "LUZILÂNDIA", "grau_risco": "Alto", "distancia_km": 1.63, "chuva_24h": 0.0, "chuva_72h": 0.1, "fonte_estacao": "openmeteo", "codigo_estacao": "openmeteo", "nome_estacao": "Open-Meteo (célula de grade)" }, "geometry": { "type": "Polygon", "coordinates": [ [ [ -42.364328185999966, -3.453161238886329 ], [ -42.365465306999972, -3.453413097886324 ], [ -42.36627535599996, -3.453597956886322 ], [ -42.367112678999945, -3.453688299886328 ], [ -42.367791787999984, -3.453600498886325 ], [ -42.368336915999976, -3.453548484886321 ], [ -42.369469467999977, -3.453464818886353 ], [ -42.369601949999947, -3.453509793886337 ], [ -42.369880398999946, -3.453660143886343 ], [ -42.369887811999945, -3.453747142886306 ], [ -42.369888445999948, -3.453754585886319 ], [ -42.369871625999963, -3.453855057886297 ], [ -42.369870662999972, -3.453860806886325 ], [ -42.369843960999958, -3.454020314886341 ], [ -42.369445090999925, -3.456402938886216 ], [ -42.368782402999955, -3.456941331886191 ], [ -42.368091952999976, -3.457986664886195 ], [ -42.367462170999943, -3.460673088886101 ], [ -42.367088774999957, -3.462199073886045 ], [ -42.366305692999958, -3.462747803886024 ], [ -42.365474763999941, -3.463359238885996 ], [ -42.364692269999978, -3.463828183886007 ], [ -42.363729364999983, -3.464186204886004 ], [ -42.363573090999971, -3.464072150885959 ], [ -42.363364029999957, -3.463848042885967 ], [ -42.362796270999986, -3.46308562388604 ], [ -42.362457902999957, -3.46193693888604 ], [ -42.362250723999971, -3.460844368886111 ], [ -42.362312262999971, -3.459388679886148 ], [ -42.362194637999949, -3.45817251288619 ], [ -42.362484797999969, -3.457021992886216 ], [ -42.362533859999985, -3.455799446886251 ], [ -42.363043129999937, -3.454744677886278 ], [ -42.363494087999982, -3.453801585886309 ], [ -42.364328185999966, -3.453161238886329 ] ] ] } },
{ "type": "Feature", "properties": { "num_setor": "PI_JOSEDEF_SR_1_CPRM", "munic": "JOSÉ DE FREITAS", "grau_risco": "Alto", "distancia_km": 1.26, "chuva_24h": 0.0, "chuva_72h": 0.0, "fonte_estacao": "openmeteo", "codigo_estacao": "openmeteo", "nome_estacao": "Open-Meteo (célula de grade)" }, "geometry": { "type": "Polygon", "coordinates": [ [ [ -42.574486150999974, -4.76016447284371 ], [ -42.574773239999956, -4.760059866843676 ], [ -42.574983171999975, -4.760030482843713 ], [ -42.574974704999931, -4.760532316843675 ], [ -42.575101669999981, -4.76102313284369 ], [ -42.575280720999956, -4.761115566843639 ], [ -42.575792337999985, -4.761298351843625 ], [ -42.575594232999947, -4.761723338843642 ], [ -42.575209179999945, -4.762206739843625 ], [ -42.574633892999948, -4.762539293843624 ], [ -42.573865790999946, -4.762775632843589 ], [ -42.573320721999949, -4.762853947843577 ], [ -42.572634488999938, -4.763021651843605 ], [ -42.572165028999969, -4.763007026843598 ], [ -42.571590257999958, -4.763168904843564 ], [ -42.571083515999931, -4.763376059843552 ], [ -42.570502231999974, -4.763359538843595 ], [ -42.570232962999967, -4.763091812843598 ], [ -42.570178527999985, -4.7623400318436 ], [ -42.569914445999984, -4.761908398843608 ], [ -42.569634139999948, -4.761484720843622 ], [ -42.569599928999942, -4.761159657843644 ], [ -42.569862747999942, -4.760940818843636 ], [ -42.570739708999945, -4.760806215843655 ], [ -42.57112010499997, -4.76080166084367 ], [ -42.571742130999958, -4.760808102843639 ], [ -42.572086266999975, -4.76059012284365 ], [ -42.572689955999977, -4.760595810843689 ], [ -42.573101589999965, -4.760334503843688 ], [ -42.573637454999982, -4.760314255843686 ], [ -42.573943903999968, -4.760461062843707 ], [ -42.574365855999986, -4.760514369843674 ], [ -42.574486150999974, -4.76016447284371 ] ] ] } },
{ "type": "Feature", "properties": { "num_setor": "PI_JOSEDEF_SR_2_CPRM", "munic": "JOSÉ DE FREITAS", "grau_risco": "Alto", "distancia_km": 1.67, "chuva_24h": 0.0, "chuva_72h": 0.0, "fonte_estacao": "openmeteo", "codigo_estacao": "openmeteo", "nome_estacao": "Open-Meteo (célula de grade)" }, "geometry": { "type": "Polygon", "coordinates": [ [ [ -42.573143098999935, -4.757234055843789 ], [ -42.573154330999948, -4.757106573843812 ], [ -42.573994375999966, -4.757171542843802 ], [ -42.574805939999983, -4.757267336843801 ], [ -42.575001175999944, -4.757257274843801 ], [ -42.575025112999981, -4.75738179684376 ], [ -42.574923737999939, -4.757928371843787 ], [ -42.574848200999959, -4.758501107843749 ], [ -42.574758788999929, -4.758872789843718 ], [ -42.57467598399996, -4.759167620843728 ], [ -42.574323108999977, -4.759412084843714 ], [ -42.573972821999973, -4.759536632843682 ], [ -42.573619848999961, -4.759564342843721 ], [ -42.573249394999948, -4.759530841843699 ], [ -42.573082471999946, -4.75954014684369 ], [ -42.573078537999947, -4.7590666748437 ], [ -42.573104660999945, -4.758315548843769 ], [ -42.573138532999963, -4.757687281843764 ], [ -42.573143098999935, -4.757234055843789 ] ] ] } },
{ "type": "Feature", "properties": { "num_setor": "PI_Palm_SR_03_CPRM", "munic": "PALMEIRAIS", "grau_risco": "Alto", "distancia_km": 1.85, "chuva_24h": 0.0, "chuva_72h": 0.0, "fonte_estacao": "openmeteo", "codigo_estacao": "openmeteo", "nome_estacao": "Open-Meteo (célula de grade)" }, "geometry": { "type": "Polygon", "coordinates": [ [ [ -43.054081482999941, -5.968126539804555 ], [ -43.053862408999969, -5.967848623804547 ], [ -43.054025496999948, -5.967574395804593 ], [ -43.054161056999931, -5.967362985804582 ], [ -43.054722351999942, -5.967195035804593 ], [ -43.055201673999932, -5.967141846804568 ], [ -43.055434043999981, -5.967075011804583 ], [ -43.055633130999979, -5.967375906804584 ], [ -43.055344254999959, -5.967704265804548 ], [ -43.054815076999944, -5.967951975804543 ], [ -43.054489353999941, -5.96816513080457 ], [ -43.054081482999941, -5.968126539804555 ] ] ] } },
{ "type": "Feature", "properties": { "num_setor": "PI_Palm_SR_04_CPRM", "munic": "PALMEIRAIS", "grau_risco": "Alto", "distancia_km": 1.71, "chuva_24h": 0.0, "chuva_72h": 0.0, "fonte_estacao": "openmeteo", "codigo_estacao": "openmeteo", "nome_estacao": "Open-Meteo (célula de grade)" }, "geometry": { "type": "Polygon", "coordinates": [ [ [ -43.059636343999955, -5.977604580804276 ], [ -43.05943028799993, -5.976305642804262 ], [ -43.059900182999968, -5.976163782804282 ], [ -43.060421705999943, -5.976057128804307 ], [ -43.060708559999966, -5.976010358804278 ], [ -43.06089613499995, -5.975987019804278 ], [ -43.061072505999952, -5.976445074804285 ], [ -43.061158275999965, -5.976711461804288 ], [ -43.061294405999938, -5.977022721804265 ], [ -43.061331395999964, -5.97720801280424 ], [ -43.061304592999939, -5.977337393804262 ], [ -43.060780758999947, -5.97746347380423 ], [ -43.060168198999982, -5.977558560804258 ], [ -43.05983600199994, -5.977612033804237 ], [ -43.059636343999955, -5.977604580804276 ] ] ] } },
{ "type": "Feature", "properties": { "num_setor": "PI_LZ_SR_02_CPRM", "munic": "LUZILÂNDIA", "grau_risco": "Alto", "distancia_km": 1.58, "chuva_24h": 0.0, "chuva_72h": 0.1, "fonte_estacao": "openmeteo", "codigo_estacao": "openmeteo", "nome_estacao": "Open-Meteo (célula de grade)" }, "geometry": { "type": "Polygon", "coordinates": [ [ [ -42.370116312999976, -3.470106033885805 ], [ -42.368106227999924, -3.469246439885817 ], [ -42.368422278999958, -3.467835675885844 ], [ -42.369155482999929, -3.467637234885844 ], [ -42.370586852999963, -3.4672144288859 ], [ -42.371100061999982, -3.466613966885892 ], [ -42.371928891999978, -3.465548458885915 ], [ -42.372340438999977, -3.464806043885949 ], [ -42.37281165099995, -3.463973029886016 ], [ -42.37315778399995, -3.463203576886006 ], [ -42.373737883999979, -3.462179229886042 ], [ -42.37362802499996, -3.461264402886092 ], [ -42.373404570999988, -3.460121853886128 ], [ -42.373487380999961, -3.458946268886169 ], [ -42.373422119999937, -3.458099258886164 ], [ -42.373116636999953, -3.45724699888621 ], [ -42.37181529399993, -3.456034845886267 ], [ -42.370553439999981, -3.455491073886269 ], [ -42.369698735999968, -3.45538754388628 ], [ -42.369733787999955, -3.455049532886294 ], [ -42.369846484999982, -3.454650934886307 ], [ -42.36991728299995, -3.453649731886349 ], [ -42.371044950999931, -3.453636789886338 ], [ -42.371921866999969, -3.453231351886319 ], [ -42.373461576999944, -3.453324565886323 ], [ -42.375303635999956, -3.453925127886346 ], [ -42.376878974999954, -3.457168142886194 ], [ -42.377042057999972, -3.461767664886075 ], [ -42.375971893999974, -3.466367133885898 ], [ -42.373805207999965, -3.469334160885814 ], [ -42.371492896999939, -3.470445930885795 ], [ -42.370116312999976, -3.470106033885805 ] ] ] } },
{ "type": "Feature", "properties": { "num_setor": "PI_MADEIRO_SR_1_CPRM", "munic": "MADEIRO", "grau_risco": "Alto", "distancia_km": 1.03, "chuva_24h": 0.0, "chuva_72h": 0.1, "fonte_estacao": "openmeteo", "codigo_estacao": "openmeteo", "nome_estacao": "Open-Meteo (célula de grade)" }, "geometry": { "type": "Polygon", "coordinates": [ [ [ -42.510605108999982, -3.482259515885378 ], [ -42.510605117999944, -3.482251465885417 ], [ -42.509922385999971, -3.482137934885412 ], [ -42.509555385999924, -3.481845609885386 ], [ -42.509546258999933, -3.481842557885379 ], [ -42.509387686999958, -3.481445161885404 ], [ -42.509354412999983, -3.48090481288542 ], [ -42.509650550999936, -3.480499032885441 ], [ -42.510057106999966, -3.480281604885461 ], [ -42.511213129999931, -3.481775529885388 ], [ -42.510623597999938, -3.482261980885402 ], [ -42.510605108999982, -3.482259515885378 ] ] ] } },
{ "type": "Feature", "properties": { "num_setor": "PI_TERESIN_SR_05_CPRM", "munic": "TERESINA", "grau_risco": "Muito alto", "distancia_km": 1.5, "chuva_24h": 0.0, "chuva_72h": 0.1, "fonte_estacao": "openmeteo", "codigo_estacao": "openmeteo", "nome_estacao": "Open-Meteo (célula de grade)" }, "geometry": { "type": "Polygon", "coordinates": [ [ [ -42.790021961999969, -5.117972382832048 ], [ -42.789558589999956, -5.119342054832009 ], [ -42.788025376999933, -5.118572039832036 ], [ -42.787814133999973, -5.119062668832036 ], [ -42.786056047999978, -5.11831991183204 ], [ -42.786233219999986, -5.117849725832084 ], [ -42.785020276999944, -5.117277325832092 ], [ -42.784243448999973, -5.116902540832088 ], [ -42.78448194899994, -5.115144455832141 ], [ -42.785388248999936, -5.115369326832134 ], [ -42.785388248999944, -5.115914469832127 ], [ -42.786246847999962, -5.115778183832142 ], [ -42.786287733999977, -5.116125711832095 ], [ -42.786751104999958, -5.116282440832117 ], [ -42.786860133999937, -5.116173411832135 ], [ -42.788100333999985, -5.116623154832108 ], [ -42.787916347999946, -5.117209183832067 ], [ -42.790001518999929, -5.117965568832085 ], [ -42.790021961999969, -5.117972382832048 ] ] ] } },
{ "type": "Feature", "properties": { "num_setor": "PI_BARRAS_SR_005_CPRM", "munic": "BARRAS", "grau_risco": "Alto", "distancia_km": 1.62, "chuva_24h": 0.0, "chuva_72h": 0.0, "fonte_estacao": "openmeteo", "codigo_estacao": "openmeteo", "nome_estacao": "Open-Meteo (célula de grade)" }, "geometry": { "type": "Polygon", "coordinates": [ [ [ -42.287653165999977, -4.253629308860195 ], [ -42.288369832999933, -4.253751896860203 ], [ -42.28799263999997, -4.254138519860183 ], [ -42.28771917499995, -4.254242247860184 ], [ -42.287530577999981, -4.254147949860165 ], [ -42.287172243999976, -4.254091370860173 ], [ -42.286776190999944, -4.253997071860163 ], [ -42.286059523999938, -4.253808475860187 ], [ -42.285540882999953, -4.253704747860193 ], [ -42.285050530999975, -4.253572729860208 ], [ -42.285041100999933, -4.253563299860175 ], [ -42.284767635999977, -4.253506720860184 ], [ -42.284182985999962, -4.253336983860172 ], [ -42.284173555999985, -4.253318123860216 ], [ -42.283522897999944, -4.253129527860178 ], [ -42.282881668999948, -4.252969219860213 ], [ -42.282240439999953, -4.25285606186023 ], [ -42.281750088999956, -4.252752333860238 ], [ -42.281420043999951, -4.252601456860234 ], [ -42.281137148999967, -4.252450578860242 ], [ -42.281382324999981, -4.251054963860249 ], [ -42.282014123999943, -4.251177551860257 ], [ -42.283004256999959, -4.251479305860269 ], [ -42.283749213999954, -4.251620753860228 ], [ -42.28430557399998, -4.250687199860287 ], [ -42.284513030999953, -4.250790927860283 ], [ -42.284861933999927, -4.25113040186026 ], [ -42.285276846999977, -4.25148873586024 ], [ -42.285672899999952, -4.251743341860235 ], [ -42.285974654999961, -4.252167683860248 ], [ -42.286361277999958, -4.252610886860211 ], [ -42.286766760999967, -4.253025798860192 ], [ -42.287134524999942, -4.253252114860192 ], [ -42.287653165999977, -4.253629308860195 ] ] ] } },
{ "type": "Feature", "properties": { "num_setor": "PI_BARRAS_SR_002_CPRM", "munic": "BARRAS", "grau_risco": "Alto", "distancia_km": 0.4, "chuva_24h": 0.0, "chuva_72h": 0.0, "fonte_estacao": "openmeteo", "codigo_estacao": "openmeteo", "nome_estacao": "Open-Meteo (célula de grade)" }, "geometry": { "type": "Polygon", "coordinates": [ [ [ -42.307152887999955, -4.238907566860668 ], [ -42.307591374999959, -4.239176316860632 ], [ -42.307662098999963, -4.239544080860652 ], [ -42.30766209899997, -4.239558225860615 ], [ -42.307803546999935, -4.240025001860596 ], [ -42.307817690999968, -4.240039146860624 ], [ -42.308242033999932, -4.24036447586063 ], [ -42.308510783999964, -4.24063322686059 ], [ -42.30904828499996, -4.241283885860599 ], [ -42.309246311999971, -4.241736517860545 ], [ -42.309246311999964, -4.241750661860578 ], [ -42.309203876999952, -4.242005267860566 ], [ -42.309119008999971, -4.242387175860563 ], [ -42.309119008999971, -4.242401320860527 ], [ -42.308935126999984, -4.243094413860505 ], [ -42.309203876999952, -4.243815795860531 ], [ -42.309218021999975, -4.243858230860482 ], [ -42.309260455999947, -4.244240138860479 ], [ -42.309345324999981, -4.244636191860502 ], [ -42.309317034999935, -4.244749349860468 ], [ -42.309133153999937, -4.244876652860463 ], [ -42.309076574999956, -4.244890797860494 ], [ -42.308779534999978, -4.245018100860485 ], [ -42.308751244999939, -4.245018100860485 ], [ -42.308666376999945, -4.245074679860473 ], [ -42.308143020999978, -4.245230271860462 ], [ -42.307817690999968, -4.245357574860456 ], [ -42.307619664999947, -4.245272705860486 ], [ -42.307591374999959, -4.244296717860464 ], [ -42.307591374999959, -4.244282572860503 ], [ -42.307548940999936, -4.243136847860523 ], [ -42.307959138999934, -4.242556912860522 ], [ -42.308256178999954, -4.242259873860559 ], [ -42.308482494999971, -4.241920398860595 ], [ -42.308454204999983, -4.24162335986057 ], [ -42.308440060999942, -4.241609214860548 ], [ -42.308242033999932, -4.241298029860576 ], [ -42.307845980999957, -4.240732239860595 ], [ -42.307831835999927, -4.240703950860594 ], [ -42.30753479599997, -4.240322041860614 ], [ -42.307266045999938, -4.239841120860606 ], [ -42.30711045399994, -4.239501646860631 ], [ -42.307039729999985, -4.239190461860658 ], [ -42.307152887999955, -4.238907566860668 ] ] ] } },
{ "type": "Feature", "properties": { "num_setor": "PI_BARRAS_SR_001_CPRM", "munic": "BARRAS", "grau_risco": "Alto", "distancia_km": 0.6, "chuva_24h": 0.0, "chuva_72h": 0.0, "fonte_estacao": "openmeteo", "codigo_estacao": "openmeteo", "nome_estacao": "Open-Meteo (célula de grade)" }, "geometry": { "type": "Polygon", "coordinates": [ [ [ -42.306359013999945, -4.237707030860713 ], [ -42.305978872999951, -4.238129604860663 ], [ -42.30537064899994, -4.237974012860666 ], [ -42.305271635999929, -4.237860854860701 ], [ -42.305059463999946, -4.237691117860681 ], [ -42.304748279999956, -4.237535525860685 ], [ -42.304592687999957, -4.237238485860739 ], [ -42.304408805999969, -4.237181906860745 ], [ -42.30375814699994, -4.236814142860725 ], [ -42.303178211999978, -4.236474668860751 ], [ -42.302400250999931, -4.236531247860741 ], [ -42.301933473999959, -4.237139472860726 ], [ -42.301565709999977, -4.23733749886074 ], [ -42.301777881999953, -4.237903288860714 ], [ -42.301212090999968, -4.238327631860665 ], [ -42.301169656999953, -4.238525657860678 ], [ -42.300971630999982, -4.238935855860666 ], [ -42.300759458999948, -4.239388487860665 ], [ -42.300674590999954, -4.239727962860635 ], [ -42.300434129999978, -4.240010857860625 ], [ -42.299882483999966, -4.240491778860631 ], [ -42.299741036999933, -4.240944410860573 ], [ -42.299642023999979, -4.241510201860598 ], [ -42.299203535999936, -4.24162335986057 ], [ -42.29886406199995, -4.241736517860545 ], [ -42.298284126999931, -4.241920398860595 ], [ -42.297859784999957, -4.24201941286059 ], [ -42.297562744999937, -4.242090135860554 ], [ -42.297336429, -4.241906254860564 ], [ -42.297166691999962, -4.242160859860562 ], [ -42.296968664999952, -4.242189149860548 ], [ -42.296600901999959, -4.242288162860558 ], [ -42.296261426999934, -4.242556912860529 ], [ -42.296261426999941, -4.242061846860553 ], [ -42.295653202999972, -4.24201941286059 ], [ -42.295822939999937, -4.241057568860602 ], [ -42.29613412499998, -4.239925988860645 ], [ -42.296374584999967, -4.238553947860669 ], [ -42.297704191999969, -4.238497368860681 ], [ -42.298354850999935, -4.238370065860685 ], [ -42.299231825999975, -4.238355920860665 ], [ -42.299811760999944, -4.238200328860672 ], [ -42.299401562999954, -4.2372526308607 ], [ -42.299245970999955, -4.236814142860725 ], [ -42.300108800999958, -4.236149339860738 ], [ -42.300264392999956, -4.235682562860769 ], [ -42.300971630999982, -4.235074338860773 ], [ -42.301282814999979, -4.234791442860792 ], [ -42.301862749999941, -4.234239797860839 ], [ -42.30289531699998, -4.233490125860822 ], [ -42.303673278999952, -4.232825322860841 ], [ -42.304125910999971, -4.232726308860844 ], [ -42.305356503999974, -4.233150651860854 ], [ -42.305837425999982, -4.233362822860829 ], [ -42.306459794999974, -4.233659862860842 ], [ -42.307068018999985, -4.234098349860821 ], [ -42.307449928, -4.2344095348608 ], [ -42.306969005999974, -4.234579271860814 ], [ -42.306459794999967, -4.234763153860797 ], [ -42.306120320999973, -4.235116772860795 ], [ -42.305766701999971, -4.235286509860811 ], [ -42.305596964999943, -4.235541114860759 ], [ -42.30537064899994, -4.236121049860748 ], [ -42.305370648999933, -4.236467596860735 ], [ -42.305561602999937, -4.236941445860724 ], [ -42.305724267999956, -4.237496627860736 ], [ -42.306359013999945, -4.237707030860713 ] ] ] } },
{ "type": "Feature", "properties": { "num_setor": "PI_BARRAS_SR_004_CPRM", "munic": "BARRAS", "grau_risco": "Alto", "distancia_km": 1.41, "chuva_24h": 0.0, "chuva_72h": 0.0, "fonte_estacao": "openmeteo", "codigo_estacao": "openmeteo", "nome_estacao": "Open-Meteo (célula de grade)" }, "geometry": { "type": "Polygon", "coordinates": [ [ [ -42.291830582999978, -4.246223940860397 ], [ -42.292035681999941, -4.246973612860418 ], [ -42.292191274999929, -4.247440389860386 ], [ -42.292665123999939, -4.247518185860412 ], [ -42.292820715999937, -4.24802032486038 ], [ -42.292955090999946, -4.248734634860334 ], [ -42.292696948999939, -4.248815966860314 ], [ -42.292502458999934, -4.248914979860322 ], [ -42.292463560999977, -4.249028137860356 ], [ -42.292424662999963, -4.249144832860326 ], [ -42.292516603999957, -4.249321641860298 ], [ -42.29273584799995, -4.249756592860327 ], [ -42.292880830999934, -4.250347136860285 ], [ -42.293001061999973, -4.251015475860276 ], [ -42.292997524999976, -4.251167531860271 ], [ -42.292951554999945, -4.251305443860276 ], [ -42.29273584799995, -4.251496397860275 ], [ -42.292643906999956, -4.251627236860279 ], [ -42.292626225999989, -4.251680279860253 ], [ -42.292693412999945, -4.251793437860226 ], [ -42.292757064999932, -4.251941957860264 ], [ -42.292668659999947, -4.25204450686022 ], [ -42.292520139999965, -4.252189490860244 ], [ -42.292276142999981, -4.252238996860226 ], [ -42.291629020999949, -4.252320329860249 ], [ -42.290727291999985, -4.252415806860246 ], [ -42.290578772999943, -4.252461776860225 ], [ -42.290062488999972, -4.252688092860221 ], [ -42.289733623999943, -4.252864902860187 ], [ -42.289323425999953, -4.253101826860216 ], [ -42.288877865999957, -4.253328143860206 ], [ -42.288623259999959, -4.252719918860222 ], [ -42.288312075999954, -4.252408733860246 ], [ -42.287590692999963, -4.252125838860252 ], [ -42.287336087999961, -4.252182417860246 ], [ -42.287024902999967, -4.252125838860252 ], [ -42.286473257999951, -4.251630772860223 ], [ -42.28597819099997, -4.251178140860281 ], [ -42.285228518999922, -4.250400178860279 ], [ -42.285228518999922, -4.250386034860302 ], [ -42.28498805899995, -4.249848533860321 ], [ -42.284747597999967, -4.249608072860296 ], [ -42.284733452999944, -4.24959392786033 ], [ -42.284309109999981, -4.249410046860342 ], [ -42.283559437999941, -4.248957414860333 ], [ -42.282625884999966, -4.248207742860375 ], [ -42.282173252999932, -4.247981426860371 ], [ -42.281607461999954, -4.246934714860405 ], [ -42.281890356999952, -4.246665963860393 ], [ -42.282201541999939, -4.246269910860427 ], [ -42.282399568999956, -4.245647541860463 ], [ -42.282201541999939, -4.245265633860465 ], [ -42.281734764999953, -4.244996882860455 ], [ -42.28282391099998, -4.242747867860569 ], [ -42.283361411999977, -4.241149509860597 ], [ -42.28378575399995, -4.239367270860628 ], [ -42.28433739999997, -4.237726479860688 ], [ -42.285228518999922, -4.238193256860717 ], [ -42.285624571999961, -4.235972529860774 ], [ -42.286218651999945, -4.23609983286077 ], [ -42.286246941999934, -4.237457729860721 ], [ -42.286784441999941, -4.237542597860706 ], [ -42.286841020999923, -4.238561019860689 ], [ -42.286515691999959, -4.238603454860695 ], [ -42.286388388999967, -4.238957072860649 ], [ -42.285539703999973, -4.238561019860689 ], [ -42.28521437499996, -4.239155099860645 ], [ -42.286246941999934, -4.23965016586062 ], [ -42.286572270999962, -4.239197533860671 ], [ -42.287010757999944, -4.239367270860628 ], [ -42.28672786299996, -4.239848192860627 ], [ -42.287562403999971, -4.240343258860595 ], [ -42.288071614999978, -4.240654443860628 ], [ -42.288566680999963, -4.24081003586062 ], [ -42.289387076999951, -4.241206088860583 ], [ -42.289839708999978, -4.241545562860556 ], [ -42.29029234099994, -4.241800168860548 ], [ -42.290617670999957, -4.242238655860531 ], [ -42.290787407999979, -4.24281859086053 ], [ -42.290815696999971, -4.243737999860508 ], [ -42.290603526, -4.244162342860512 ], [ -42.290645959999949, -4.244388658860514 ], [ -42.290801551999948, -4.244699843860491 ], [ -42.291141026999973, -4.244996882860455 ], [ -42.291621947999936, -4.245265633860465 ], [ -42.29180582999993, -4.245605107860445 ], [ -42.291830582999978, -4.246223940860397 ] ] ] } },
{ "type": "Feature", "properties": { "num_setor": "PI_BARRAS_SR_003_CPRM", "munic": "BARRAS", "grau_risco": "Alto", "distancia_km": 1.76, "chuva_24h": 0.0, "chuva_72h": 0.0, "fonte_estacao": "openmeteo", "codigo_estacao": "openmeteo", "nome_estacao": "Open-Meteo (célula de grade)" }, "geometry": { "type": "Polygon", "coordinates": [ [ [ -42.296855506999982, -4.248893762860345 ], [ -42.297088895999934, -4.249735375860293 ], [ -42.297343500999943, -4.249848533860321 ], [ -42.297541527999954, -4.25055577186026 ], [ -42.298178041999961, -4.251984391860222 ], [ -42.298588238999969, -4.253285708860196 ], [ -42.298701397999935, -4.254261696860159 ], [ -42.298800410999945, -4.254770907860152 ], [ -42.298432646999963, -4.254940644860164 ], [ -42.298262909999949, -4.254388999860153 ], [ -42.297951725999944, -4.254233407860162 ], [ -42.297032316999946, -4.25464360586014 ], [ -42.296664552999971, -4.25464360586014 ], [ -42.295801722999947, -4.254884065860123 ], [ -42.295384452999933, -4.255089164860141 ], [ -42.295370307999974, -4.255357915860155 ], [ -42.294118496999943, -4.255520579860106 ], [ -42.29409727999996, -4.255527652860115 ], [ -42.293757805999981, -4.255584231860107 ], [ -42.293128363999983, -4.255492290860111 ], [ -42.292894975999957, -4.253957584860188 ], [ -42.292880830999927, -4.253526169860168 ], [ -42.292010928999957, -4.253603965860195 ], [ -42.292003856999941, -4.253603965860195 ], [ -42.291777539999941, -4.253611038860196 ], [ -42.290511584999926, -4.253816137860159 ], [ -42.290744972999953, -4.254997223860156 ], [ -42.289938721999931, -4.255315480860145 ], [ -42.289075891999971, -4.253508488860186 ], [ -42.289853853999944, -4.253094754860202 ], [ -42.29019332799993, -4.252889655860239 ], [ -42.290762653999934, -4.252709310860195 ], [ -42.291685599999944, -4.252543109860245 ], [ -42.292138231999949, -4.252465313860215 ], [ -42.292601471999944, -4.252309720860234 ], [ -42.292831324999952, -4.252196562860204 ], [ -42.293078857999944, -4.252638586860244 ], [ -42.293184942999972, -4.253059392860194 ], [ -42.293291028999931, -4.253398866860166 ], [ -42.294129105999957, -4.253253883860192 ], [ -42.294535766999957, -4.253165478860204 ], [ -42.295200570999945, -4.253038175860211 ], [ -42.294747938999933, -4.250916462860276 ], [ -42.29450747799995, -4.249954619860279 ], [ -42.294380174999958, -4.24902106586034 ], [ -42.295370307999974, -4.248978631860318 ], [ -42.296402874999956, -4.248907907860361 ], [ -42.296855506999982, -4.248893762860345 ] ] ] } },
{ "type": "Feature", "properties": { "num_setor": "PI_LAGOAAL_SR_003_CPRM", "munic": "LAGOA ALEGRE", "grau_risco": "Alto", "distancia_km": 1.57, "chuva_24h": 0.0, "chuva_72h": 0.0, "fonte_estacao": "openmeteo", "codigo_estacao": "openmeteo", "nome_estacao": "Open-Meteo (célula de grade)" }, "geometry": { "type": "Polygon", "coordinates": [ [ [ -42.617500573999962, -4.508817433851893 ], [ -42.615820191999944, -4.508032337851903 ], [ -42.614759622999941, -4.507591581851926 ], [ -42.614814717999934, -4.506407049851945 ], [ -42.616205852999933, -4.50684780585192 ], [ -42.617858687999956, -4.507715544851894 ], [ -42.617500573999962, -4.508817433851893 ] ] ] } },
{ "type": "Feature", "properties": { "num_setor": "PI_LAGOAAL_SR_002_CPRM", "munic": "LAGOA ALEGRE", "grau_risco": "Alto", "distancia_km": 1.06, "chuva_24h": 0.0, "chuva_72h": 0.0, "fonte_estacao": "openmeteo", "codigo_estacao": "openmeteo", "nome_estacao": "Open-Meteo (célula de grade)" }, "geometry": { "type": "Polygon", "coordinates": [ [ [ -42.623409457999969, -4.510415174851801 ], [ -42.622624361999954, -4.510222343851807 ], [ -42.620943979999943, -4.510194796851809 ], [ -42.619924731999959, -4.510125927851851 ], [ -42.619428880999976, -4.5086246038519 ], [ -42.619869636999965, -4.508252715851894 ], [ -42.622238699999969, -4.508555735851871 ], [ -42.622596813999962, -4.509547435851829 ], [ -42.622954928999945, -4.509492341851824 ], [ -42.623409457999969, -4.510415174851801 ] ] ] } },
{ "type": "Feature", "properties": { "num_setor": "PI_LAGOAAL_SR_001_CPRM", "munic": "LAGOA ALEGRE", "grau_risco": "Alto", "distancia_km": 0.92, "chuva_24h": 0.0, "chuva_72h": 0.0, "fonte_estacao": "openmeteo", "codigo_estacao": "openmeteo", "nome_estacao": "Open-Meteo (célula de grade)" }, "geometry": { "type": "Polygon", "coordinates": [ [ [ -42.62867098199996, -4.51648934185161 ], [ -42.628684756, -4.516558209851635 ], [ -42.626894184999969, -4.51653066285163 ], [ -42.62458021599997, -4.515552735851656 ], [ -42.625048518999961, -4.514767638851676 ], [ -42.626040219999943, -4.51361065485174 ], [ -42.624153233999948, -4.513390276851694 ], [ -42.624897008999937, -4.511820083851783 ], [ -42.62710078899994, -4.512357254851723 ], [ -42.627500223999967, -4.511999140851748 ], [ -42.627417581999964, -4.512453670851743 ], [ -42.629029095999947, -4.512798010851753 ], [ -42.62867098199996, -4.51648934185161 ] ] ] } },
{ "type": "Feature", "properties": { "num_setor": "PI_BOQ_SR_01_CPRM", "munic": "BOQUEIRÃO DO PIAUÍ", "grau_risco": "Alto", "distancia_km": 0.97, "chuva_24h": 0.0, "chuva_72h": 0.0, "fonte_estacao": "openmeteo", "codigo_estacao": "openmeteo", "nome_estacao": "Open-Meteo (célula de grade)" }, "geometry": { "type": "Polygon", "coordinates": [ [ [ -42.126726608999952, -4.489552564852477 ], [ -42.130167870999969, -4.491175516852421 ], [ -42.132852731999947, -4.493584238852386 ], [ -42.132886352999947, -4.493772733852346 ], [ -42.135303278999963, -4.499803482852138 ], [ -42.136303887999929, -4.501669268852074 ], [ -42.136074827999948, -4.504104957852038 ], [ -42.134855078999983, -4.505153317851971 ], [ -42.132609470999967, -4.50553424285196 ], [ -42.132542797999967, -4.505536295851964 ], [ -42.12891843999995, -4.504994045852019 ], [ -42.127399034999947, -4.50332642785207 ], [ -42.126109270999962, -4.50187376685209 ], [ -42.125350522999952, -4.498552339852194 ], [ -42.126726608999952, -4.489552564852477 ] ] ] } },
{ "type": "Feature", "properties": { "num_setor": "PI_TERESIN_SR_10_CPRM", "munic": "TERESINA", "grau_risco": "Alto", "distancia_km": 1.6, "chuva_24h": 0.0, "chuva_72h": 0.0, "fonte_estacao": "openmeteo", "codigo_estacao": "openmeteo", "nome_estacao": "Open-Meteo (célula de grade)" }, "geometry": { "type": "Polygon", "coordinates": [ [ [ -42.755907951999973, -5.052687282834182 ], [ -42.755253780999965, -5.052918967834196 ], [ -42.754654123999956, -5.053055253834176 ], [ -42.754306594999953, -5.053184725834138 ], [ -42.753557023999974, -5.053607210834127 ], [ -42.753052766999986, -5.053907039834141 ], [ -42.753134538, -5.052789496834154 ], [ -42.753134537999983, -5.052155768834215 ], [ -42.753168609999939, -5.051549296834218 ], [ -42.753223123999931, -5.051126811834231 ], [ -42.75325038099993, -5.050717954834211 ], [ -42.753236752999953, -5.050349982834235 ], [ -42.75349569499997, -5.050206882834243 ], [ -42.753911366999944, -5.050050154834263 ], [ -42.754320223999969, -5.049886611834292 ], [ -42.755887508999933, -5.052694096834198 ], [ -42.755907951999973, -5.052687282834182 ] ] ] } },
{ "type": "Feature", "properties": { "num_setor": "PI_TERESIN_SR_08_CPRM", "munic": "TERESINA", "grau_risco": "Muito alto", "distancia_km": 0.99, "chuva_24h": 0.0, "chuva_72h": 0.0, "fonte_estacao": "openmeteo", "codigo_estacao": "openmeteo", "nome_estacao": "Open-Meteo (célula de grade)" }, "geometry": { "type": "Polygon", "coordinates": [ [ [ -42.710066558999983, -5.092676056832881 ], [ -42.710066558999983, -5.0926896858329 ], [ -42.711047815999954, -5.094270599832839 ], [ -42.711456672999937, -5.094229713832816 ], [ -42.712206243999951, -5.095197341832797 ], [ -42.71212447299996, -5.096696484832729 ], [ -42.712519701999945, -5.096805512832726 ], [ -42.712451558999931, -5.098563598832668 ], [ -42.71215172999996, -5.099231398832683 ], [ -42.711811015999949, -5.099135998832661 ], [ -42.710502672999944, -5.099476712832655 ], [ -42.71040727299993, -5.099735655832652 ], [ -42.709943901999964, -5.099585740832645 ], [ -42.709630444999959, -5.099585740832645 ], [ -42.709507787999939, -5.099435826832687 ], [ -42.70958955899993, -5.099095112832702 ], [ -42.708567416999983, -5.098004826832706 ], [ -42.708063159999945, -5.099204140832695 ], [ -42.707436245999929, -5.099040598832699 ], [ -42.708063159999945, -5.096451170832765 ], [ -42.709139816999937, -5.094434142832815 ], [ -42.709316987999955, -5.09330297083287 ], [ -42.710066558999983, -5.092676056832881 ] ] ] } },
{ "type": "Feature", "properties": { "num_setor": "PI_TERESIN_SR_09_CPRM", "munic": "TERESINA", "grau_risco": "Alto", "distancia_km": 1.72, "chuva_24h": 0.0, "chuva_72h": 0.1, "fonte_estacao": "openmeteo", "codigo_estacao": "openmeteo", "nome_estacao": "Open-Meteo (célula de grade)" }, "geometry": { "type": "Polygon", "coordinates": [ [ [ -42.795902688999945, -5.149537850831018 ], [ -42.796297916999947, -5.150379414831034 ], [ -42.793272374999958, -5.150042107831044 ], [ -42.793442731999953, -5.149333421831019 ], [ -42.792451253999957, -5.149200543831038 ], [ -42.792710196999963, -5.148171586831109 ], [ -42.793667603999943, -5.148433936831057 ], [ -42.793514281999926, -5.149166471831032 ], [ -42.793623310999976, -5.149360679831061 ], [ -42.795429095999964, -5.149595771831025 ], [ -42.795906095999953, -5.149534443831013 ], [ -42.795902688999945, -5.149537850831018 ] ] ] } },
{ "type": "Feature", "properties": { "num_setor": "PI_TERESIN_SR_01_CPRM", "munic": "TERESINA", "grau_risco": "Alto", "distancia_km": 1.32, "chuva_24h": 0.0, "chuva_72h": 0.1, "fonte_estacao": "openmeteo", "codigo_estacao": "openmeteo", "nome_estacao": "Open-Meteo (célula de grade)" }, "geometry": { "type": "Polygon", "coordinates": [ [ [ -42.796720402999938, -5.077793660833344 ], [ -42.793940174999932, -5.081936745833221 ], [ -42.792904403999955, -5.083817487833185 ], [ -42.791432518999954, -5.08586177283313 ], [ -42.789497261999941, -5.08736091583307 ], [ -42.787343947999943, -5.088369429833009 ], [ -42.783964063, -5.088342172833015 ], [ -42.78172897799994, -5.089432457833017 ], [ -42.780229835999926, -5.091722056832933 ], [ -42.77963017899998, -5.093657313832825 ], [ -42.778212806999932, -5.094147942832826 ], [ -42.777722178999966, -5.0954290278328 ], [ -42.776849950999981, -5.095074684832779 ], [ -42.775677893999955, -5.094393256832855 ], [ -42.775023721999951, -5.093166685832879 ], [ -42.776223035999976, -5.092839599832863 ], [ -42.776795435999929, -5.092539771832886 ], [ -42.776195778999977, -5.0915039998329 ], [ -42.776686407999932, -5.089377943833012 ], [ -42.778049264999936, -5.089650514832986 ], [ -42.778648921999945, -5.087551715833046 ], [ -42.779357606999952, -5.08760622983305 ], [ -42.780175320999952, -5.085480172833114 ], [ -42.783119091999929, -5.085998058833113 ], [ -42.786062862999977, -5.086406915833063 ], [ -42.788488747999956, -5.086788515833079 ], [ -42.79009691899995, -5.086079829833103 ], [ -42.791323489999968, -5.084689715833144 ], [ -42.792550061, -5.082590916833206 ], [ -42.793831146999935, -5.080900973833282 ], [ -42.792986174999946, -5.080464859833278 ], [ -42.794076460999975, -5.077084974833373 ], [ -42.796720402999938, -5.077793660833344 ] ] ] } },
{ "type": "Feature", "properties": { "num_setor": "PI_TERESIN_SR_06_CPRM", "munic": "TERESINA", "grau_risco": "Alto", "distancia_km": 1.07, "chuva_24h": 0.0, "chuva_72h": 0.1, "fonte_estacao": "openmeteo", "codigo_estacao": "openmeteo", "nome_estacao": "Open-Meteo (célula de grade)" }, "geometry": { "type": "Polygon", "coordinates": [ [ [ -42.779207692999933, -5.11754819383206 ], [ -42.778897642999929, -5.118239843832054 ], [ -42.778652328999954, -5.118660625832042 ], [ -42.777977714999963, -5.118350575832052 ], [ -42.778158292999933, -5.118018379832074 ], [ -42.778233249999971, -5.117878686832086 ], [ -42.778263914999968, -5.117776472832048 ], [ -42.778228139999946, -5.117638483832058 ], [ -42.778236656999979, -5.117488568832049 ], [ -42.77831331799996, -5.117371022832103 ], [ -42.778604628999972, -5.117563525832088 ], [ -42.778730692999943, -5.117386354832079 ], [ -42.778914678999968, -5.117488568832057 ], [ -42.778965785999958, -5.117505604832088 ], [ -42.779018596999947, -5.117415315832077 ], [ -42.779211099999948, -5.1174851618321 ], [ -42.779200878999973, -5.117549897832058 ], [ -42.779207692999933, -5.11754819383206 ] ] ] } },
{ "type": "Feature", "properties": { "num_setor": "PI_TERESIN_SR_04_CPRM", "munic": "TERESINA", "grau_risco": "Alto", "distancia_km": 1.13, "chuva_24h": 0.0, "chuva_72h": 0.0, "fonte_estacao": "openmeteo", "codigo_estacao": "openmeteo", "nome_estacao": "Open-Meteo (célula de grade)" }, "geometry": { "type": "Polygon", "coordinates": [ [ [ -42.737858616999965, -5.037904544834652 ], [ -42.737074973999938, -5.037359402834647 ], [ -42.736788773999933, -5.036882402834677 ], [ -42.737797287999967, -5.033223131834791 ], [ -42.740086887999951, -5.033795531834779 ], [ -42.740945487999966, -5.03428615983479 ], [ -42.740046001999978, -5.035131131834749 ], [ -42.740986372999934, -5.035771673834711 ], [ -42.740659287999961, -5.037379844834701 ], [ -42.740304944999934, -5.037625159834661 ], [ -42.738110744999972, -5.037161787834667 ], [ -42.737879059999948, -5.037897730834644 ], [ -42.737858616999965, -5.037904544834652 ] ] ] } },
{ "type": "Feature", "properties": { "num_setor": "PI_TERESIN_SR_07_CPRM", "munic": "TERESINA", "grau_risco": "Muito alto", "distancia_km": 0.48, "chuva_24h": 0.0, "chuva_72h": 0.1, "fonte_estacao": "openmeteo", "codigo_estacao": "openmeteo", "nome_estacao": "Open-Meteo (célula de grade)" }, "geometry": { "type": "Polygon", "coordinates": [ [ [ -42.779572256999984, -5.13379344783154 ], [ -42.77658760099996, -5.13380707583152 ], [ -42.776001571999984, -5.133847961831544 ], [ -42.77507482999993, -5.132144390831591 ], [ -42.776233257999934, -5.130508962831653 ], [ -42.775783514999951, -5.130113733831676 ], [ -42.777105485999982, -5.128151219831724 ], [ -42.779776685999927, -5.132471475831609 ], [ -42.779722170999946, -5.133139275831566 ], [ -42.779613142999949, -5.133820704831543 ], [ -42.779572256999984, -5.13379344783154 ] ] ] } },
{ "type": "Feature", "properties": { "num_setor": "PI_TERESIN_SR_02_CPRM", "munic": "TERESINA", "grau_risco": "Alto", "distancia_km": 0.85, "chuva_24h": 0.0, "chuva_72h": 0.0, "fonte_estacao": "openmeteo", "codigo_estacao": "openmeteo", "nome_estacao": "Open-Meteo (célula de grade)" }, "geometry": { "type": "Polygon", "coordinates": [ [ [ -42.753289562999946, -5.04308851183448 ], [ -42.753282748999936, -5.043115768834485 ], [ -42.753603019999957, -5.043517811834476 ], [ -42.754011876999975, -5.044001625834465 ], [ -42.754550205999976, -5.044471811834424 ], [ -42.754822776999958, -5.044730753834428 ], [ -42.754911362999962, -5.045970953834372 ], [ -42.755483762999972, -5.046039096834399 ], [ -42.755517833999932, -5.046454767834364 ], [ -42.754959062999944, -5.046522910834387 ], [ -42.754863662999981, -5.046284410834364 ], [ -42.754659233999966, -5.046161753834403 ], [ -42.754093648999962, -5.046304853834402 ], [ -42.75394373499995, -5.045289525834447 ], [ -42.752703534999966, -5.045446253834417 ], [ -42.752560434999964, -5.044642168834419 ], [ -42.752172020999978, -5.04460809683447 ], [ -42.752144763999972, -5.044294639834478 ], [ -42.751422448999961, -5.04430826883444 ], [ -42.751442891999943, -5.043626839834469 ], [ -42.753289562999946, -5.04308851183448 ] ] ] } },
{ "type": "Feature", "properties": { "num_setor": "PI_TERESIN_SR_03_CPRM", "munic": "TERESINA", "grau_risco": "Muito alto", "distancia_km": 0.39, "chuva_24h": 0.0, "chuva_72h": 0.1, "fonte_estacao": "openmeteo", "codigo_estacao": "openmeteo", "nome_estacao": "Open-Meteo (célula de grade)" }, "geometry": { "type": "Polygon", "coordinates": [ [ [ -42.838052442999974, -5.054965808834112 ], [ -42.837997928999982, -5.054911294834105 ], [ -42.83818872899996, -5.052894266834163 ], [ -42.838352271999952, -5.051068038834253 ], [ -42.83843404299995, -5.049078267834305 ], [ -42.838325014999953, -5.048015238834321 ], [ -42.838052442999981, -5.045262267834404 ], [ -42.837180214999933, -5.045371296834439 ], [ -42.835135929999979, -5.044989696834426 ], [ -42.834999643999929, -5.044062953834481 ], [ -42.833909358999961, -5.04403569683448 ], [ -42.833773072999982, -5.043027182834474 ], [ -42.834018386999958, -5.042182211834512 ], [ -42.83186507299996, -5.041882383834543 ], [ -42.831892329999953, -5.040574040834573 ], [ -42.832137644999932, -5.038775069834602 ], [ -42.832491986999969, -5.037766555834667 ], [ -42.832601015999956, -5.03675804183472 ], [ -42.830665758999942, -5.036594498834678 ], [ -42.830911073999971, -5.035722270834714 ], [ -42.828648730999923, -5.035258898834722 ], [ -42.827476673999968, -5.034986327834754 ], [ -42.827858273999937, -5.034195870834776 ], [ -42.829003073999957, -5.034386670834755 ], [ -42.830147873999977, -5.034768270834773 ], [ -42.830883815999982, -5.035395184834765 ], [ -42.831674272999969, -5.035776784834718 ], [ -42.832519244999965, -5.036022098834751 ], [ -42.834209186999935, -5.035858555834715 ], [ -42.836907643999943, -5.035367927834762 ], [ -42.83933352899993, -5.03487729983476 ], [ -42.839497070999982, -5.037793812834667 ], [ -42.840096727999935, -5.040819354834553 ], [ -42.840723642999933, -5.044580839834475 ], [ -42.840723642999926, -5.047388324834329 ], [ -42.840342042999964, -5.050659181834247 ], [ -42.840369299999971, -5.054802265834125 ], [ -42.838052442999974, -5.054965808834112 ] ] ] } },
{ "type": "Feature", "properties": { "num_setor": "PI_PICOS_SR_005_SGB", "munic": "PICOS", "grau_risco": "Muito alto", "distancia_km": 1.11, "chuva_24h": 0.0, "chuva_72h": 0.0, "fonte_estacao": "openmeteo", "codigo_estacao": "openmeteo", "nome_estacao": "Open-Meteo (célula de grade)" }, "geometry": { "type": "Polygon", "coordinates": [ [ [ -41.453263349999929, -7.085924012768648 ], [ -41.453372173999981, -7.085962330768651 ], [ -41.453372173999981, -7.086126333768657 ], [ -41.453885638999964, -7.086267344768634 ], [ -41.453850385999942, -7.086377700768624 ], [ -41.453948480999934, -7.086502618768605 ], [ -41.453838123999965, -7.086570825768629 ], [ -41.453776814999969, -7.086457402768612 ], [ -41.453651130999958, -7.08643134676865 ], [ -41.453513185999952, -7.086420617768655 ], [ -41.453320125999937, -7.08631829876865 ], [ -41.453154526999981, -7.086191474768648 ], [ -41.453263349999929, -7.085924012768648 ] ] ] } },
{ "type": "Feature", "properties": { "num_setor": "PI_PICOS_SR_004_SGB", "munic": "PICOS", "grau_risco": "Alto", "distancia_km": 1.3, "chuva_24h": 0.0, "chuva_72h": 0.0, "fonte_estacao": "openmeteo", "codigo_estacao": "openmeteo", "nome_estacao": "Open-Meteo (célula de grade)" }, "geometry": { "type": "Polygon", "coordinates": [ [ [ -41.479142224999975, -7.091438228768459 ], [ -41.479997812999954, -7.089572765768518 ], [ -41.480791558999947, -7.087317974768613 ], [ -41.481208088999949, -7.086157638768653 ], [ -41.481736190999982, -7.085108873768672 ], [ -41.484289778999944, -7.085617423768662 ], [ -41.486870569999944, -7.08616443976863 ], [ -41.487922522999952, -7.085364955768689 ], [ -41.488806162999936, -7.083541570768725 ], [ -41.489759932999959, -7.083667804768718 ], [ -41.486914700999939, -7.08878368376856 ], [ -41.485501702999947, -7.088688434768543 ], [ -41.485159552999953, -7.089342983768508 ], [ -41.483850455999963, -7.08880744376854 ], [ -41.483590124999978, -7.090064473768533 ], [ -41.482928137999984, -7.091395884768458 ], [ -41.479142224999975, -7.091438228768459 ] ] ] } },
{ "type": "Feature", "properties": { "num_setor": "PI_PICOS_SR_003_SGB", "munic": "PICOS", "grau_risco": "Alto", "distancia_km": 1.25, "chuva_24h": 0.0, "chuva_72h": 0.0, "fonte_estacao": "openmeteo", "codigo_estacao": "openmeteo", "nome_estacao": "Open-Meteo (célula de grade)" }, "geometry": { "type": "Polygon", "coordinates": [ [ [ -41.496290527999975, -7.079163171768846 ], [ -41.495792523999967, -7.07912965176886 ], [ -41.495208325999954, -7.079340345768887 ], [ -41.494877918999975, -7.07930203776888 ], [ -41.495090094999966, -7.078878429768896 ], [ -41.49548127099996, -7.079033881768881 ], [ -41.49603673699994, -7.078569396768899 ], [ -41.496322758999945, -7.078544734768906 ], [ -41.497166824999972, -7.078727416768846 ], [ -41.497075842999948, -7.079096132768861 ], [ -41.496750224999971, -7.079024304768873 ], [ -41.496640088999982, -7.07914401776887 ], [ -41.496400255999959, -7.079172505768873 ], [ -41.496290527999975, -7.079163171768846 ] ] ] } },
{ "type": "Feature", "properties": { "num_setor": "PI_PICOS_SR_002_SGB", "munic": "PICOS", "grau_risco": "Alto", "distancia_km": 1.36, "chuva_24h": 0.0, "chuva_72h": 0.0, "fonte_estacao": "openmeteo", "codigo_estacao": "openmeteo", "nome_estacao": "Open-Meteo (célula de grade)" }, "geometry": { "type": "Polygon", "coordinates": [ [ [ -41.435239357999933, -7.054379520769628 ], [ -41.435548868999945, -7.054293545769646 ], [ -41.435475789999941, -7.054014125769683 ], [ -41.436228072999938, -7.05387226676969 ], [ -41.437122214999931, -7.053644432769651 ], [ -41.437031940999923, -7.053008216769699 ], [ -41.437216787999944, -7.05297812476973 ], [ -41.437341451999941, -7.053390805769657 ], [ -41.437693949999982, -7.053369312769696 ], [ -41.439026564999949, -7.053089892769673 ], [ -41.439091046999984, -7.053975437769668 ], [ -41.438691261999963, -7.054117296769656 ], [ -41.438063642999971, -7.054233362769685 ], [ -41.436902977999978, -7.054491288769639 ], [ -41.435987341999976, -7.054667537769622 ], [ -41.43532533399997, -7.054766408769654 ], [ -41.435239357999933, -7.054379520769628 ] ] ] } },
{ "type": "Feature", "properties": { "num_setor": "PI_PICOS_SR_001_SGB", "munic": "PICOS", "grau_risco": "Alto", "distancia_km": 1.43, "chuva_24h": 0.0, "chuva_72h": 0.0, "fonte_estacao": "openmeteo", "codigo_estacao": "openmeteo", "nome_estacao": "Open-Meteo (célula de grade)" }, "geometry": { "type": "Polygon", "coordinates": [ [ [ -41.439731561999963, -7.06085345176944 ], [ -41.439293737999947, -7.059031889769522 ], [ -41.439181320999971, -7.058695474769543 ], [ -41.440135644999941, -7.058007673769535 ], [ -41.439662781999971, -7.057577797769551 ], [ -41.440393570999959, -7.056649265769588 ], [ -41.441158749999936, -7.056292468769607 ], [ -41.441915330999961, -7.057182311769561 ], [ -41.442422584999974, -7.05759499276955 ], [ -41.442190451999977, -7.057999075769514 ], [ -41.442886850999969, -7.058506329769512 ], [ -41.44257733999995, -7.059383276769475 ], [ -41.44418507599994, -7.060767476769456 ], [ -41.443870687999947, -7.06112378976944 ], [ -41.443523066999944, -7.06085345176944 ], [ -41.443222153999955, -7.060956622769477 ], [ -41.442938435999963, -7.060905037769423 ], [ -41.442568742999981, -7.060432173769478 ], [ -41.441648807999961, -7.06087064676944 ], [ -41.441064176999937, -7.060715891769462 ], [ -41.440556923999964, -7.060801866769443 ], [ -41.439731561999963, -7.06085345176944 ] ] ] } },
{ "type": "Feature", "properties": { "num_setor": "PI_PICOS_SR_019_SGB", "munic": "PICOS", "grau_risco": "Alto", "distancia_km": 0.55, "chuva_24h": 0.0, "chuva_72h": 0.0, "fonte_estacao": "openmeteo", "codigo_estacao": "openmeteo", "nome_estacao": "Open-Meteo (célula de grade)" }, "geometry": { "type": "Polygon", "coordinates": [ [ [ -41.48118348099996, -7.072620070769073 ], [ -41.48101137499998, -7.073664778769037 ], [ -41.482097628999959, -7.073905397769038 ], [ -41.481886247999967, -7.07494028276898 ], [ -41.480721234999983, -7.075016073769 ], [ -41.480151338999974, -7.075275599768977 ], [ -41.471732242999963, -7.07396564976901 ], [ -41.471888580999973, -7.073136816769076 ], [ -41.47235147899994, -7.073122871769044 ], [ -41.472390907999973, -7.072918742769048 ], [ -41.477756222999972, -7.072162067769085 ], [ -41.478430487999951, -7.071820821769093 ], [ -41.478621834999956, -7.071020044769125 ], [ -41.479296425999955, -7.070824044769112 ], [ -41.479990924999981, -7.070769662769141 ], [ -41.48042417299996, -7.070907965769107 ], [ -41.482915971999944, -7.071335975769101 ], [ -41.483802516999958, -7.071652314769093 ], [ -41.483893229999978, -7.072122017769092 ], [ -41.482857591999966, -7.072996823769075 ], [ -41.48118348099996, -7.072620070769073 ] ] ] } },
{ "type": "Feature", "properties": { "num_setor": "PI_PICOS_SR_020_SGB", "munic": "PICOS", "grau_risco": "Alto", "distancia_km": 1.01, "chuva_24h": 0.0, "chuva_72h": 0.0, "fonte_estacao": "openmeteo", "codigo_estacao": "openmeteo", "nome_estacao": "Open-Meteo (célula de grade)" }, "geometry": { "type": "Polygon", "coordinates": [ [ [ -41.480559903999961, -7.070067044769169 ], [ -41.480544674999976, -7.069340230769179 ], [ -41.481464421999931, -7.069378291769175 ], [ -41.482132860999968, -7.069401079769198 ], [ -41.482634189999942, -7.069563125769145 ], [ -41.483087411999968, -7.069773278769156 ], [ -41.482517719999976, -7.070350566769127 ], [ -41.481988538999985, -7.070310055769114 ], [ -41.481806236999944, -7.07059363576914 ], [ -41.481275585999981, -7.070507145769143 ], [ -41.481269459999965, -7.07012522176914 ], [ -41.480559903999961, -7.070067044769169 ] ] ] } },
{ "type": "Feature", "properties": { "num_setor": "PI_PICOS_SR_018_SGB", "munic": "PICOS", "grau_risco": "Alto", "distancia_km": 1.07, "chuva_24h": 0.0, "chuva_72h": 0.0, "fonte_estacao": "openmeteo", "codigo_estacao": "openmeteo", "nome_estacao": "Open-Meteo (célula de grade)" }, "geometry": { "type": "Polygon", "coordinates": [ [ [ -41.470067281999953, -7.074672171769017 ], [ -41.469764514999952, -7.074673279769009 ], [ -41.469733793999978, -7.075168786768973 ], [ -41.469639899999947, -7.075745115768965 ], [ -41.468309477999981, -7.07555231276897 ], [ -41.467570351999939, -7.075906859768992 ], [ -41.467467138999957, -7.076318198768957 ], [ -41.467042143999947, -7.076283207768952 ], [ -41.466827968999951, -7.075857584768948 ], [ -41.467120068999975, -7.075775463768961 ], [ -41.467963590999943, -7.075189105768958 ], [ -41.468083742999973, -7.074424661769017 ], [ -41.469056061999936, -7.07450272376901 ], [ -41.468992208999957, -7.072768033769086 ], [ -41.468885785999923, -7.072427480769099 ], [ -41.468912391999929, -7.072124176769113 ], [ -41.468938996999952, -7.071985826769076 ], [ -41.468986886999978, -7.070863067769109 ], [ -41.469720266999957, -7.070863927769108 ], [ -41.470125609999961, -7.070836461769106 ], [ -41.470495106999977, -7.070924908769099 ], [ -41.470370382999924, -7.072267846769104 ], [ -41.470233504999953, -7.073360972769072 ], [ -41.470317972999965, -7.073484191769055 ], [ -41.470067281999953, -7.074672171769017 ] ] ] } },
{ "type": "Feature", "properties": { "num_setor": "PI_PICOS_SR_017_SGB", "munic": "PICOS", "grau_risco": "Alto", "distancia_km": 0.45, "chuva_24h": 0.0, "chuva_72h": 0.0, "fonte_estacao": "openmeteo", "codigo_estacao": "openmeteo", "nome_estacao": "Open-Meteo (célula de grade)" }, "geometry": { "type": "Polygon", "coordinates": [ [ [ -41.452761085999953, -7.080847418768807 ], [ -41.451850319999949, -7.083431439768735 ], [ -41.450651542999935, -7.083920794768682 ], [ -41.449393716999964, -7.084547671768667 ], [ -41.447907935999979, -7.084449976768703 ], [ -41.447399105999978, -7.085190832768666 ], [ -41.446662321999952, -7.085601966768646 ], [ -41.446466930999975, -7.085154196768672 ], [ -41.446751875999951, -7.084563954768699 ], [ -41.446409941999946, -7.084515106768698 ], [ -41.442958044999955, -7.084596519768667 ], [ -41.443015032999931, -7.083928935768707 ], [ -41.442648675999969, -7.083004901768756 ], [ -41.441696147999949, -7.080639863768837 ], [ -41.440173730999959, -7.080729417768835 ], [ -41.440132647999974, -7.080042841768837 ], [ -41.443192554999939, -7.079448172768842 ], [ -41.442799733999941, -7.078569493768893 ], [ -41.442915785999958, -7.077950885768886 ], [ -41.443460933999972, -7.077460570768919 ], [ -41.452761085999953, -7.080847418768807 ] ] ] } },
{ "type": "Feature", "properties": { "num_setor": "PI_PICOS_SR_016_SGB", "munic": "PICOS", "grau_risco": "Muito alto", "distancia_km": 0.45, "chuva_24h": 0.0, "chuva_72h": 0.0, "fonte_estacao": "openmeteo", "codigo_estacao": "openmeteo", "nome_estacao": "Open-Meteo (célula de grade)" }, "geometry": { "type": "Polygon", "coordinates": [ [ [ -41.47437369499994, -7.081840863768778 ], [ -41.472746951999966, -7.081557960768759 ], [ -41.472077006999939, -7.081601190768779 ], [ -41.471143640999976, -7.082153102768755 ], [ -41.470950166999955, -7.08313808676874 ], [ -41.46968296099994, -7.083302687768722 ], [ -41.469204928999943, -7.083024041768759 ], [ -41.469027422999943, -7.08253950976875 ], [ -41.468512191999935, -7.082585706768762 ], [ -41.468453818999926, -7.081525347768787 ], [ -41.469315354999935, -7.08142337576881 ], [ -41.469086662999985, -7.080646254768838 ], [ -41.469417418999967, -7.080103112768833 ], [ -41.469721630999977, -7.079831710768828 ], [ -41.470131619999961, -7.079058675768844 ], [ -41.470538601999976, -7.078662746768877 ], [ -41.47124720599993, -7.078179883768893 ], [ -41.471868190999942, -7.078785817768896 ], [ -41.472435633999964, -7.078118133768903 ], [ -41.47248944699993, -7.077229677768957 ], [ -41.475667494999982, -7.077097110768918 ], [ -41.476937403999948, -7.0771866717689 ], [ -41.47812696699998, -7.077503580768937 ], [ -41.478868917999932, -7.077532020768924 ], [ -41.480159464999986, -7.078044632768878 ], [ -41.480101162999972, -7.079162933768862 ], [ -41.479835414999968, -7.080006839768835 ], [ -41.477468690999949, -7.080253712768807 ], [ -41.477347041999955, -7.080651333768836 ], [ -41.476423681999961, -7.081165254768816 ], [ -41.475452562999976, -7.081715895768758 ], [ -41.47437369499994, -7.081840863768778 ] ] ] } },
{ "type": "Feature", "properties": { "num_setor": "PI_PICOS_SR_015_SGB", "munic": "PICOS", "grau_risco": "Alto", "distancia_km": 1.58, "chuva_24h": 0.0, "chuva_72h": 0.0, "fonte_estacao": "openmeteo", "codigo_estacao": "openmeteo", "nome_estacao": "Open-Meteo (célula de grade)" }, "geometry": { "type": "Polygon", "coordinates": [ [ [ -41.463841130999981, -7.086414341768632 ], [ -41.464010308999946, -7.085286075768646 ], [ -41.464463646999938, -7.085317402768688 ], [ -41.464407231999985, -7.085955857768667 ], [ -41.470246436999957, -7.087258844768602 ], [ -41.469948517999967, -7.088985660768572 ], [ -41.467290679999969, -7.088332844768582 ], [ -41.466971902999944, -7.087664037768595 ], [ -41.466390602999979, -7.087082738768582 ], [ -41.465578033999975, -7.087095239768596 ], [ -41.465353014999948, -7.087732793768608 ], [ -41.46484672199994, -7.087664037768587 ], [ -41.464521693999977, -7.087532776768619 ], [ -41.464098692999976, -7.087057888768591 ], [ -41.463841130999981, -7.086414341768632 ] ] ] } },
{ "type": "Feature", "properties": { "num_setor": "PI_PICOS_SR_014_SGB", "munic": "PICOS", "grau_risco": "Alto", "distancia_km": 1.55, "chuva_24h": 0.0, "chuva_72h": 0.0, "fonte_estacao": "openmeteo", "codigo_estacao": "openmeteo", "nome_estacao": "Open-Meteo (célula de grade)" }, "geometry": { "type": "Polygon", "coordinates": [ [ [ -41.475888071999975, -7.090677610768471 ], [ -41.475570094999966, -7.091119293768474 ], [ -41.474481440999966, -7.09343648976838 ], [ -41.47519753399996, -7.093571925768428 ], [ -41.475259997999949, -7.093759811768416 ], [ -41.47453597699996, -7.095785090768304 ], [ -41.475529356999971, -7.096020278768329 ], [ -41.47562869199993, -7.096701376768281 ], [ -41.477252949999986, -7.096524372768322 ], [ -41.477186625999934, -7.096959101768307 ], [ -41.476348267999981, -7.097298488768299 ], [ -41.475848738999964, -7.098546104768254 ], [ -41.474868724999965, -7.098806122768258 ], [ -41.47403238499993, -7.098173060768254 ], [ -41.473002152999975, -7.098143696768253 ], [ -41.472196273999941, -7.096928897768269 ], [ -41.471677298999964, -7.095230435768343 ], [ -41.47213245699993, -7.09520438476833 ], [ -41.471952512999962, -7.094239664768401 ], [ -41.47108755499994, -7.094137442768393 ], [ -41.471084899999937, -7.093448447768397 ], [ -41.471076021999977, -7.092093857768437 ], [ -41.471571145999974, -7.092572655768439 ], [ -41.472632684999951, -7.090386670768527 ], [ -41.473843625999969, -7.090268721768518 ], [ -41.475888071999975, -7.090677610768471 ] ] ] } },
{ "type": "Feature", "properties": { "num_setor": "PI_PICOS_SR_013_SGB", "munic": "PICOS", "grau_risco": "Alto", "distancia_km": 0.89, "chuva_24h": 0.0, "chuva_72h": 0.0, "fonte_estacao": "openmeteo", "codigo_estacao": "openmeteo", "nome_estacao": "Open-Meteo (célula de grade)" }, "geometry": { "type": "Polygon", "coordinates": [ [ [ -41.475388241999951, -7.083608607768732 ], [ -41.47506352399995, -7.083591398768706 ], [ -41.475603044999957, -7.082006210768782 ], [ -41.476051850999966, -7.081992386768778 ], [ -41.477172993999943, -7.081691953768779 ], [ -41.477310550999967, -7.082298530768744 ], [ -41.478292777999968, -7.082175854768753 ], [ -41.47876002199996, -7.083605046768699 ], [ -41.479374866999933, -7.08353857676872 ], [ -41.48035529699996, -7.084086952768684 ], [ -41.480072799999959, -7.085698845768658 ], [ -41.481125671999962, -7.08588612376865 ], [ -41.479989712999952, -7.088972482768554 ], [ -41.477880343999971, -7.088467888768571 ], [ -41.477812837999977, -7.089128079768556 ], [ -41.472388276999936, -7.087907570768587 ], [ -41.473459762999937, -7.083397870768708 ], [ -41.474140595999984, -7.083421562768715 ], [ -41.474095520999981, -7.083906442768686 ], [ -41.475287205999962, -7.0842164527687 ], [ -41.475388241999951, -7.083608607768732 ] ] ] } },
{ "type": "Feature", "properties": { "num_setor": "PI_PICOS_SR_012_SGB", "munic": "PICOS", "grau_risco": "Alto", "distancia_km": 1.27, "chuva_24h": 0.0, "chuva_72h": 0.0, "fonte_estacao": "openmeteo", "codigo_estacao": "openmeteo", "nome_estacao": "Open-Meteo (célula de grade)" }, "geometry": { "type": "Polygon", "coordinates": [ [ [ -41.42404982599993, -7.086745881768609 ], [ -41.42450501999997, -7.086249685768652 ], [ -41.424722220999968, -7.086335422768657 ], [ -41.42534810099994, -7.086052489768616 ], [ -41.426701666999975, -7.08694166676862 ], [ -41.426359798999947, -7.087778663768558 ], [ -41.426114018999961, -7.088213064768558 ], [ -41.42404982599993, -7.086745881768609 ] ] ] } },
{ "type": "Feature", "properties": { "num_setor": "PI_PICOS_SR_011_SGB", "munic": "PICOS", "grau_risco": "Alto", "distancia_km": 1.16, "chuva_24h": 0.0, "chuva_72h": 0.0, "fonte_estacao": "openmeteo", "codigo_estacao": "openmeteo", "nome_estacao": "Open-Meteo (célula de grade)" }, "geometry": { "type": "Polygon", "coordinates": [ [ [ -41.452393593999936, -7.059485653769494 ], [ -41.451982655999984, -7.058885497769496 ], [ -41.451982332999933, -7.05749107676955 ], [ -41.45205289299998, -7.056785104769583 ], [ -41.452824478999958, -7.055928343769585 ], [ -41.453295446999959, -7.055863209769579 ], [ -41.45330546699995, -7.057817225769536 ], [ -41.453385631999943, -7.058694027769497 ], [ -41.453044931999955, -7.058804253769493 ], [ -41.453097629999945, -7.059314791769497 ], [ -41.452393593999936, -7.059485653769494 ] ] ] } },
{ "type": "Feature", "properties": { "num_setor": "PI_PICOS_SR_010_SGB", "munic": "PICOS", "grau_risco": "Alto", "distancia_km": 1.82, "chuva_24h": 0.0, "chuva_72h": 0.0, "fonte_estacao": "openmeteo", "codigo_estacao": "openmeteo", "nome_estacao": "Open-Meteo (célula de grade)" }, "geometry": { "type": "Polygon", "coordinates": [ [ [ -41.456313889999933, -7.06356990476936 ], [ -41.45551361299993, -7.062867745769368 ], [ -41.455666922999974, -7.062226911769419 ], [ -41.455471367999962, -7.061671819769427 ], [ -41.455506849999949, -7.061427554769441 ], [ -41.455714846999967, -7.061530666769414 ], [ -41.456056329999967, -7.061138412769463 ], [ -41.456194307999965, -7.061405171769458 ], [ -41.455757375999951, -7.06183137276942 ], [ -41.455849361999981, -7.06215945476943 ], [ -41.45574051199997, -7.062260639769427 ], [ -41.456304690999957, -7.062968930769369 ], [ -41.456641972999932, -7.062996525769378 ], [ -41.456804480999949, -7.063318476769353 ], [ -41.456313889999933, -7.06356990476936 ] ] ] } },
{ "type": "Feature", "properties": { "num_setor": "PI_PICOS_SR_009_SGB", "munic": "PICOS", "grau_risco": "Alto", "distancia_km": 1.76, "chuva_24h": 0.0, "chuva_72h": 0.0, "fonte_estacao": "openmeteo", "codigo_estacao": "openmeteo", "nome_estacao": "Open-Meteo (célula de grade)" }, "geometry": { "type": "Polygon", "coordinates": [ [ [ -41.462018854999933, -7.067509428769212 ], [ -41.461736173999952, -7.068360524769202 ], [ -41.463091559999953, -7.068901309769183 ], [ -41.463464632999944, -7.069079289769167 ], [ -41.464450367999973, -7.069435249769186 ], [ -41.466408146999981, -7.070297767769124 ], [ -41.466484186999942, -7.074927362769018 ], [ -41.465083565999976, -7.074969740769004 ], [ -41.460802809999961, -7.071831010769116 ], [ -41.458928313999934, -7.070371423769162 ], [ -41.457181040999956, -7.069246742769173 ], [ -41.457810347999953, -7.067751285769248 ], [ -41.456934138999941, -7.065766124769266 ], [ -41.457358551999967, -7.065245875769304 ], [ -41.460466355999984, -7.066601261769258 ], [ -41.462018854999933, -7.067509428769212 ] ] ] } },
{ "type": "Feature", "properties": { "num_setor": "PI_PICOS_SR_008_SGB", "munic": "PICOS", "grau_risco": "Alto", "distancia_km": 1.16, "chuva_24h": 0.0, "chuva_72h": 0.0, "fonte_estacao": "openmeteo", "codigo_estacao": "openmeteo", "nome_estacao": "Open-Meteo (célula de grade)" }, "geometry": { "type": "Polygon", "coordinates": [ [ [ -41.457629692999944, -7.073706417769056 ], [ -41.457385834999961, -7.073623136769053 ], [ -41.45717625899993, -7.073549784769043 ], [ -41.457204201999957, -7.073280828769036 ], [ -41.456818061999968, -7.07315848676904 ], [ -41.456943341999931, -7.072404600769088 ], [ -41.457731635999949, -7.072515875769073 ], [ -41.458066957999954, -7.072634635769091 ], [ -41.457923746999938, -7.07306077376905 ], [ -41.458098393999933, -7.073102688769042 ], [ -41.45807164699994, -7.07335013276906 ], [ -41.458000591999969, -7.073892092769007 ], [ -41.457629692999944, -7.073706417769056 ] ] ] } },
{ "type": "Feature", "properties": { "num_setor": "PI_PICOS_SR_007_SGB", "munic": "PICOS", "grau_risco": "Alto", "distancia_km": 1.24, "chuva_24h": 0.0, "chuva_72h": 0.0, "fonte_estacao": "openmeteo", "codigo_estacao": "openmeteo", "nome_estacao": "Open-Meteo (célula de grade)" }, "geometry": { "type": "Polygon", "coordinates": [ [ [ -41.448348800999952, -7.066497985769259 ], [ -41.448853333999978, -7.067752498769211 ], [ -41.449174426999939, -7.067490683769234 ], [ -41.449614076999978, -7.06747586476923 ], [ -41.449811672999942, -7.067782137769195 ], [ -41.450300722999941, -7.067796957769245 ], [ -41.450671214999936, -7.067456104769239 ], [ -41.451046646999941, -7.066981874769254 ], [ -41.450572416999933, -7.066591622769272 ], [ -41.451096007999979, -7.065882177769314 ], [ -41.45224210199995, -7.066290289769252 ], [ -41.45210872399997, -7.066542224769292 ], [ -41.452331019999974, -7.066650901769244 ], [ -41.452207521999981, -7.066917656769282 ], [ -41.452449576999982, -7.067036213769223 ], [ -41.45222234199997, -7.067377066769228 ], [ -41.451837029999986, -7.067268388769224 ], [ -41.451674013999934, -7.067382006769221 ], [ -41.451347980999977, -7.067792017769244 ], [ -41.450868810999964, -7.068162509769235 ], [ -41.449619016999975, -7.068236608769195 ], [ -41.448768543999961, -7.068211935769213 ], [ -41.448086460999946, -7.067389938769232 ], [ -41.447863473, -7.066633527769262 ], [ -41.448348800999952, -7.066497985769259 ] ] ] } },
{ "type": "Feature", "properties": { "num_setor": "PI_PICOS_SR_006_SGB", "munic": "PICOS", "grau_risco": "Alto", "distancia_km": 0.86, "chuva_24h": 0.0, "chuva_72h": 0.0, "fonte_estacao": "openmeteo", "codigo_estacao": "openmeteo", "nome_estacao": "Open-Meteo (célula de grade)" }, "geometry": { "type": "Polygon", "coordinates": [ [ [ -41.445710626999983, -7.070464017769125 ], [ -41.446096995999937, -7.070053551769135 ], [ -41.446499202, -7.070506032769149 ], [ -41.44662816999994, -7.070676532769103 ], [ -41.446497015999967, -7.070790198769106 ], [ -41.446601938999947, -7.070916981769146 ], [ -41.445362533999969, -7.07136727676914 ], [ -41.445028091999973, -7.070847032769123 ], [ -41.44534941899996, -7.070440455769159 ], [ -41.445425924999945, -7.07057160976913 ], [ -41.445672931999979, -7.070407666769115 ], [ -41.445710626999983, -7.070464017769125 ] ] ] } }
]
}
