{
"type": "FeatureCollection",
"name": "setores_ap",
"crs": { "type": "name", "properties": { "name": "urn:ogc:def:crs:OGC:1.3:CRS84" } },
"features": [
{ "type": "Feature", "properties": { "num_setor": "AP_SANT_SR_05_CPRM", "munic": "SANTANA", "grau_risco": "Alto", "distancia_km": 1.29, "chuva_24h": 6.6, "chuva_72h": 8.7, "fonte_estacao": "openmeteo", "codigo_estacao": "openmeteo", "nome_estacao": "Open-Meteo (célula de grade)" }, "geometry": { "type": "Polygon", "coordinates": [ [ [ -51.162974445999964, -0.035149943998797 ], [ -51.162883735999969, -0.035158305998815 ], [ -51.162801338999934, -0.035149944998789 ], [ -51.162718963999957, -0.035133218998772 ], [ -51.162628271999949, -0.035141509998803 ], [ -51.162562293999933, -0.035174641998799 ], [ -51.162488029999963, -0.035232806998784 ], [ -51.162413790999956, -0.035290951998806 ], [ -51.162323129999947, -0.035332302998797 ], [ -51.162232539999934, -0.035339843998798 ], [ -51.162141921999932, -0.035330353998774 ], [ -51.162051218999977, -0.035312567998771 ], [ -51.161976945999982, -0.035328149998777 ], [ -51.161894386999968, -0.035327602998765 ], [ -51.161820091999971, -0.035393603998808 ], [ -51.16176231299994, -0.035459677998771 ], [ -51.161770598999965, -0.035534247998803 ], [ -51.161795379999944, -0.03561698199879 ], [ -51.161836673999979, -0.035699827998787 ], [ -51.161886228999947, -0.035774715998754 ], [ -51.161952250999953, -0.035816593998744 ], [ -51.162026479999952, -0.035866780998741 ], [ -51.162117140999953, -0.035908777998782 ], [ -51.162191268999948, -0.035925878998747 ], [ -51.162281787999973, -0.03592681499874 ], [ -51.162355787999957, -0.03592757899879 ], [ -51.162446157999966, -0.035928512998746 ], [ -51.162528240999961, -0.035937585998749 ], [ -51.162618454999972, -0.035954956998762 ], [ -51.162708658999975, -0.035955655998759 ], [ -51.162807028999964, -0.035923461998789 ], [ -51.162889101999951, -0.035899022998774 ], [ -51.162954997999982, -0.035841101998769 ], [ -51.163029082999969, -0.035799715998746 ], [ -51.163135881999949, -0.035807992998756 ], [ -51.163226306999945, -0.035799714998757 ], [ -51.163308342999983, -0.035832823998769 ], [ -51.163374051999938, -0.035882161998768 ], [ -51.163439784999973, -0.035947893998758 ], [ -51.163505598999961, -0.035997082998739 ], [ -51.163579637999931, -0.036054493998735 ], [ -51.163653773999954, -0.03609537099874 ], [ -51.163711255999942, -0.036161168998775 ], [ -51.163752108999965, -0.036243593998729 ], [ -51.163768158999972, -0.03632613499877 ], [ -51.163792462999936, -0.036408594998755 ], [ -51.163808496999934, -0.036491063998755 ], [ -51.163841043999973, -0.036573418998775 ], [ -51.163881839999931, -0.036655707998742 ], [ -51.163939251999977, -0.03672141699876 ], [ -51.163971765999975, -0.036803704998739 ], [ -51.163987748999944, -0.03688602699876 ], [ -51.163987207999973, -0.036968368998748 ], [ -51.163961989999962, -0.03705070199871 ], [ -51.163928847999962, -0.037124665998728 ], [ -51.163871071999949, -0.037190427998745 ], [ -51.163805123999957, -0.037247965998708 ], [ -51.163739203999967, -0.037305479998701 ], [ -51.163665140999967, -0.037346576998706 ], [ -51.163607613999943, -0.037403992998704 ], [ -51.163583037999963, -0.037485910998741 ], [ -51.163542077999978, -0.037559637998708 ], [ -51.163542077999978, -0.037649747998737 ], [ -51.163566653999965, -0.037731666998704 ], [ -51.163632188999948, -0.037789009998681 ], [ -51.163714107999965, -0.03782177699873 ], [ -51.163796026999925, -0.03785454399872 ], [ -51.163861561999965, -0.037911886998697 ], [ -51.163894329999948, -0.037985613998724 ], [ -51.163910712999943, -0.038067532998691 ], [ -51.16391071399994, -0.038157642998718 ], [ -51.163902521999944, -0.038239561998685 ], [ -51.163886137999953, -0.038321479998714 ], [ -51.163844830999949, -0.038395128998716 ], [ -51.163795326999946, -0.038468741998695 ], [ -51.163737633, -0.038542317998667 ], [ -51.163671779999959, -0.038607675998699 ], [ -51.163597814999946, -0.038648472998695 ], [ -51.163515909999944, -0.038681173998702 ], [ -51.163434308999967, -0.038697655998678 ], [ -51.163352734999933, -0.038738731998678 ], [ -51.163254116999944, -0.038754860998695 ], [ -51.163171859999977, -0.038779115998663 ], [ -51.163081400999943, -0.038778754998674 ], [ -51.16299926399995, -0.038794795998653 ], [ -51.162917478999987, -0.03881926799866 ], [ -51.162843987999963, -0.038860204998651 ], [ -51.162778700999979, -0.038909374998664 ], [ -51.162705209999956, -0.038958543998686 ], [ -51.162631722999947, -0.038999586998695 ], [ -51.16255844899996, -0.039049306998684 ], [ -51.16247674899995, -0.039049605998648 ], [ -51.162411292999934, -0.039000554998689 ], [ -51.162411191999979, -0.038918448998654 ], [ -51.162402866999969, -0.038828108998667 ], [ -51.162394556999971, -0.038746031998673 ], [ -51.162402554999971, -0.038655760998701 ], [ -51.162402405999956, -0.038573794998663 ], [ -51.162402258, -0.038491897998688 ], [ -51.162402261999944, -0.038410245998688 ], [ -51.162369786999932, -0.038328782998676 ], [ -51.162345436999942, -0.038247216998673 ], [ -51.162288364999938, -0.038181936998674 ], [ -51.162214865999943, -0.038116586998678 ], [ -51.162157632999936, -0.038059327998717 ], [ -51.162075754999933, -0.037993807998697 ], [ -51.162018364999938, -0.037928198998715 ], [ -51.16198552599996, -0.037846101998698 ], [ -51.161944432999974, -0.037755686998715 ], [ -51.161895107999946, -0.037689881998696 ], [ -51.161878624999986, -0.037607609998714 ], [ -51.161804564999954, -0.037549895998738 ], [ -51.16171404499994, -0.037557997998712 ], [ -51.161631734999958, -0.037582587998719 ], [ -51.161549364999978, -0.037590713998735 ], [ -51.161466907999966, -0.037574122998717 ], [ -51.161384358999953, -0.037541031998741 ], [ -51.161301765999951, -0.037516163998718 ], [ -51.161227388999968, -0.037474823998722 ], [ -51.161152962999957, -0.037416974998693 ], [ -51.16110318099993, -0.037334330998724 ], [ -51.161045156999933, -0.03726815199874 ], [ -51.160978833999934, -0.037201919998742 ], [ -51.16092896899994, -0.03712739199872 ], [ -51.160887376999931, -0.037044600998711 ], [ -51.160862384999973, -0.036953602998757 ], [ -51.160829126999943, -0.036870828998735 ], [ -51.160828941999966, -0.036779812998744 ], [ -51.160795665999956, -0.036696975998763 ], [ -51.160762376999969, -0.036614106998726 ], [ -51.160737320999942, -0.036514657998726 ], [ -51.160720591999961, -0.036440049998749 ], [ -51.160712142999955, -0.03636544099873 ], [ -51.160678813999937, -0.036282449998734 ], [ -51.160678605999976, -0.036191231998768 ], [ -51.16063697, -0.036108152998738 ], [ -51.16057877399993, -0.036033314998749 ], [ -51.160570298999971, -0.035942036998746 ], [ -51.160545353999964, -0.035867399998793 ], [ -51.160545105999972, -0.035767742998774 ], [ -51.160561411999936, -0.035684605998785 ], [ -51.160586245999973, -0.035610119998768 ], [ -51.160627726999962, -0.035527519998785 ], [ -51.160660906999965, -0.035444896998769 ], [ -51.160694084999932, -0.035362282998759 ], [ -51.160752135999985, -0.035288063998763 ], [ -51.160810176999966, -0.035222133998818 ], [ -51.160884783999968, -0.035156294998824 ], [ -51.160967659999983, -0.035107054998814 ], [ -51.161058795999963, -0.035057868998799 ], [ -51.161133373999974, -0.035008717998818 ], [ -51.16122452299993, -0.034984607998789 ], [ -51.161290803999975, -0.034960383998775 ], [ -51.161381841999976, -0.034952656998814 ], [ -51.161464530999986, -0.034969432998805 ], [ -51.161555460999978, -0.03499442799879 ], [ -51.161629854999944, -0.035011156998776 ], [ -51.161712522999956, -0.035011562998803 ], [ -51.161795167999976, -0.035011968998771 ], [ -51.161877795999942, -0.035004196998822 ], [ -51.161968648999959, -0.034987985998823 ], [ -51.162059481999961, -0.034971926998808 ], [ -51.162150288999953, -0.034955871998801 ], [ -51.162232815999971, -0.034931525998827 ], [ -51.162315320999937, -0.034907185998793 ], [ -51.162406049999959, -0.034874643998804 ], [ -51.162480261999974, -0.034833773998788 ], [ -51.162562698999977, -0.034801206998782 ], [ -51.162653363999937, -0.034768640998824 ], [ -51.162727600999965, -0.034768640998824 ], [ -51.162826583999951, -0.034776888998795 ], [ -51.162909069999955, -0.0348016349988 ], [ -51.162975057999979, -0.034859375998777 ], [ -51.163016300999971, -0.034933613998803 ], [ -51.163024548999942, -0.035016101998773 ], [ -51.163007660999938, -0.035099757998788 ], [ -51.162974445999964, -0.035149943998797 ] ] ] } },
{ "type": "Feature", "properties": { "num_setor": "AP_SANT_SR_02_CPRM", "munic": "SANTANA", "grau_risco": "Alto", "distancia_km": 0.35, "chuva_24h": 6.6, "chuva_72h": 8.7, "fonte_estacao": "openmeteo", "codigo_estacao": "openmeteo", "nome_estacao": "Open-Meteo (célula de grade)" }, "geometry": { "type": "Polygon", "coordinates": [ [ [ -51.175927764999983, -0.015432986999433 ], [ -51.175912068999935, -0.015511087999412 ], [ -51.175842996999961, -0.01557278099943 ], [ -51.175781600999983, -0.015618951999439 ], [ -51.175727732999974, -0.015680931999437 ], [ -51.175673836999977, -0.015742944999428 ], [ -51.175589806999938, -0.015765185999429 ], [ -51.175521101999948, -0.015787588999433 ], [ -51.175437012999964, -0.015794131999419 ], [ -51.175360434999959, -0.015800816999437 ], [ -51.175276119999978, -0.015799529999403 ], [ -51.175214653999944, -0.015814328999446 ], [ -51.17513006099994, -0.015828798999437 ], [ -51.175052947999973, -0.015851330999443 ], [ -51.174982443999966, -0.015898319999436 ], [ -51.17491926699995, -0.015969261999412 ], [ -51.174856195999958, -0.016032266999431 ], [ -51.174793138999966, -0.016095256999432 ], [ -51.174714985999969, -0.016110688999426 ], [ -51.17463695899994, -0.01611029699942 ], [ -51.174558887999979, -0.016109904999418 ], [ -51.174488803999964, -0.016085789999451 ], [ -51.174410916999932, -0.016053688999404 ], [ -51.174317050999946, -0.016053199999403 ], [ -51.174238842999962, -0.016044859999434 ], [ -51.174144859999963, -0.016044365999429 ], [ -51.174066383999957, -0.016059826999404 ], [ -51.173987672999942, -0.016107034999414 ], [ -51.173924843999941, -0.016138333999416 ], [ -51.173846416999929, -0.016169424999398 ], [ -51.173767969999972, -0.016192616999411 ], [ -51.173681676999934, -0.016199927999399 ], [ -51.173579362999931, -0.016215409999436 ], [ -51.173500421999961, -0.016247095999434 ], [ -51.173429456999941, -0.016247095999434 ], [ -51.173342833999975, -0.016270510999424 ], [ -51.173279858999933, -0.016309673999416 ], [ -51.173224731999937, -0.016380445999429 ], [ -51.173177463999934, -0.016443383999415 ], [ -51.173122231999962, -0.016530168999424 ], [ -51.173090611999953, -0.016609233999382 ], [ -51.173059051999985, -0.016688135999417 ], [ -51.173011740999975, -0.016766948999378 ], [ -51.172988065999959, -0.01684586599937 ], [ -51.172972272999971, -0.016924804999418 ], [ -51.172948596999959, -0.017011610999369 ], [ -51.172917016999975, -0.017098453999387 ], [ -51.172885439999959, -0.01717739899937 ], [ -51.172822322999934, -0.017240565999377 ], [ -51.172759232999965, -0.017295813999395 ], [ -51.172704050999982, -0.017351040999354 ], [ -51.172641011999985, -0.017414130999376 ], [ -51.172609522999956, -0.017485074999389 ], [ -51.172593792999976, -0.017571739999359 ], [ -51.172593816999957, -0.01765837699939 ], [ -51.172601713999939, -0.017729239999351 ], [ -51.172609614999949, -0.017823694999361 ], [ -51.172617509999952, -0.017902379999362 ], [ -51.172656893999942, -0.01798101799935 ], [ -51.172696261999938, -0.018067484999367 ], [ -51.172727744999975, -0.018153922999343 ], [ -51.172743482999969, -0.018232487999364 ], [ -51.172751348999952, -0.018311036999324 ], [ -51.172751348999952, -0.018405192999375 ], [ -51.172767072999932, -0.018467895999334 ], [ -51.172822086999986, -0.018538403999352 ], [ -51.172869243999969, -0.018601277999333 ], [ -51.172932121999963, -0.018664154999341 ], [ -51.172994976999973, -0.018711206999353 ], [ -51.173073522999971, -0.018766050999324 ], [ -51.173152046999974, -0.018820880999335 ], [ -51.173214850999955, -0.018860018999311 ], [ -51.173293335999965, -0.018906966999343 ], [ -51.173363947999974, -0.018953905999354 ], [ -51.173434509999943, -0.018992914999327 ], [ -51.173512856999935, -0.019016126999301 ], [ -51.173606828999937, -0.019047113999306 ], [ -51.173677094999952, -0.019054355999342 ], [ -51.173762783999962, -0.019053441999343 ], [ -51.173856144999945, -0.019052445999307 ], [ -51.173926085999938, -0.019051699999347 ], [ -51.174011405999977, -0.019019399999307 ], [ -51.174081153999964, -0.019002985999351 ], [ -51.174174292999965, -0.019002234999333 ], [ -51.174267368999956, -0.019009329999331 ], [ -51.174352710999983, -0.019040006999321 ], [ -51.174422602999982, -0.019063065999317 ], [ -51.174500221999949, -0.019086071999306 ], [ -51.174585553999975, -0.01910902199932 ], [ -51.174670833999983, -0.019155366999309 ], [ -51.174740570999973, -0.019201774999308 ], [ -51.174802746999944, -0.019256187999298 ], [ -51.174842034999983, -0.019334435999311 ], [ -51.174865845999932, -0.019412807999329 ], [ -51.17486654399994, -0.019507089999292 ], [ -51.174867068999951, -0.019577841999289 ], [ -51.174828832999935, -0.019648918999312 ], [ -51.174767085999974, -0.01970437899931 ], [ -51.174697224999932, -0.019767403999281 ], [ -51.174627226999974, -0.019799066999298 ], [ -51.17454943599995, -0.019838622999287 ], [ -51.174471541999935, -0.01985464099928 ], [ -51.174385869999981, -0.019886400999294 ], [ -51.174307934999945, -0.0199259229993 ], [ -51.174237799999958, -0.019965462999286 ], [ -51.174159872999951, -0.019997292999303 ], [ -51.17407410299996, -0.020036997999303 ], [ -51.174003847999984, -0.02009216999928 ], [ -51.173925790999931, -0.020139635999287 ], [ -51.17383974899996, -0.020171155999285 ], [ -51.173761282, -0.020202042999258 ], [ -51.173682916999951, -0.020217481999299 ], [ -51.173588951999932, -0.020209572999263 ], [ -51.173502791999965, -0.020193735999283 ], [ -51.173432454999947, -0.020139365999303 ], [ -51.173362044999976, -0.020100429999297 ], [ -51.17330743499997, -0.020015179999316 ], [ -51.173284133999978, -0.019937737999297 ], [ -51.173252949999949, -0.019867950999323 ], [ -51.173206053999934, -0.019798057999283 ], [ -51.173127635999947, -0.019782255999273 ], [ -51.173049202999948, -0.019781949999275 ], [ -51.172970780999947, -0.019789389999316 ], [ -51.172908021999945, -0.019835458999325 ], [ -51.172821818999978, -0.019865716999304 ], [ -51.172735695999961, -0.019888216999305 ], [ -51.17266527299995, -0.019879912999298 ], [ -51.172594839999931, -0.019825229999275 ], [ -51.172571305999952, -0.019747694999327 ], [ -51.172524263999946, -0.019654448999321 ], [ -51.172492863999935, -0.019576752999318 ], [ -51.172477112999957, -0.019506871999319 ], [ -51.172461327999947, -0.019421425999315 ], [ -51.172437722999966, -0.019351398999321 ], [ -51.172421898999971, -0.019258059999333 ], [ -51.172398288999943, -0.019187824999329 ], [ -51.172366853999961, -0.019117428999316 ], [ -51.172327561999964, -0.019039164999297 ], [ -51.172272586999959, -0.018960801999296 ], [ -51.172225437999941, -0.018882463999318 ], [ -51.172217456999931, -0.018804280999355 ], [ -51.172209442999986, -0.01871041799934 ], [ -51.172209309999971, -0.018640005999325 ], [ -51.172177777999941, -0.018553787999348 ], [ -51.172146266999953, -0.018483202999353 ], [ -51.172106887999973, -0.018404739999327 ], [ -51.172067478999963, -0.018318415999337 ], [ -51.172028096999952, -0.01824774899935 ], [ -51.17198868599997, -0.018169220999339 ], [ -51.171941443999962, -0.01809850499936 ], [ -51.171909807999953, -0.018004249999342 ], [ -51.171870362999982, -0.017925653999365 ], [ -51.171846615999975, -0.017854912999361 ], [ -51.171814941999969, -0.01776055499935 ], [ -51.171830401999955, -0.017689780999359 ], [ -51.171830124999985, -0.017603215999359 ], [ -51.171829871999932, -0.017524475999368 ], [ -51.171829619999983, -0.017445691999394 ], [ -51.171829447999983, -0.017359000999359 ], [ -51.171829335, -0.017288054999369 ], [ -51.171821338999962, -0.017209209999409 ], [ -51.171750405999944, -0.017138276999394 ], [ -51.171695265, -0.017098881999405 ], [ -51.171624379999969, -0.017051613999406 ], [ -51.171553568999961, -0.017004380999373 ], [ -51.17148301199996, -0.016957265999406 ], [ -51.17140472899996, -0.016933854999371 ], [ -51.17131088699994, -0.01691051499939 ], [ -51.171217350999939, -0.016895156999408 ], [ -51.171131744999968, -0.016887661999375 ], [ -51.17105413999996, -0.01690376499938 ], [ -51.170968872999936, -0.016919882999401 ], [ -51.170891462999975, -0.016935946999422 ], [ -51.170797137999955, -0.016982988999365 ], [ -51.170726165999952, -0.017006444999374 ], [ -51.170639174999963, -0.017006282999381 ], [ -51.17054421499995, -0.01700610599938 ], [ -51.170465096999983, -0.017013829999375 ], [ -51.170370288999948, -0.017045146999416 ], [ -51.17029122699995, -0.017068630999412 ], [ -51.170212062999951, -0.017084248999374 ], [ -51.170133083999986, -0.017092049999409 ], [ -51.17006243099997, -0.01713924199936 ], [ -51.169944377999968, -0.017186400999383 ], [ -51.169865509999966, -0.017202097999363 ], [ -51.169762581999976, -0.017186288999372 ], [ -51.169699067999943, -0.017162620999389 ], [ -51.169588317999967, -0.017162547999366 ], [ -51.169517188999976, -0.017170380999406 ], [ -51.169414312999947, -0.017170316999399 ], [ -51.169327094999964, -0.017162376999414 ], [ -51.169247305999932, -0.017115016999416 ], [ -51.169175394999968, -0.017067634999372 ], [ -51.169142686999976, -0.016988686999417 ], [ -51.169173310999945, -0.016901857999366 ], [ -51.16922804099994, -0.016838721999374 ], [ -51.169307150999948, -0.01682301699942 ], [ -51.169402287999958, -0.016823135999416 ], [ -51.169489288999955, -0.016807446999406 ], [ -51.169584106999935, -0.016783872999394 ], [ -51.169663065999941, -0.016760279999419 ], [ -51.169742017999965, -0.01673668999941 ], [ -51.169813122999983, -0.016720990999391 ], [ -51.169908360999962, -0.016744820999426 ], [ -51.170003552999965, -0.016768638999413 ], [ -51.170090787999982, -0.016792433999414 ], [ -51.170217388999959, -0.01679262699942 ], [ -51.170280481999953, -0.016745454999427 ], [ -51.170375637999932, -0.016737829999403 ], [ -51.170454943999964, -0.016738052999374 ], [ -51.170550051999953, -0.016738318999404 ], [ -51.170645096999976, -0.016738585999423 ], [ -51.170731940999985, -0.0167073109994 ], [ -51.170795019999957, -0.016675975999384 ], [ -51.170874056999935, -0.0166683359994 ], [ -51.170967414999957, -0.016683616999405 ], [ -51.171045072999959, -0.016683151999378 ], [ -51.171138498999937, -0.016674791999397 ], [ -51.171216524999977, -0.01666655599941 ], [ -51.171302412999978, -0.016650390999381 ], [ -51.171380597999985, -0.016650027999402 ], [ -51.171490163999977, -0.016649518999388 ], [ -51.171552829999939, -0.016649227999398 ], [ -51.17166290199998, -0.01662530699942 ], [ -51.171749468999963, -0.016601464999405 ], [ -51.171812411999952, -0.016561846999387 ], [ -51.171875328999931, -0.016490589999394 ], [ -51.171898953999971, -0.016419493999397 ], [ -51.171914714999957, -0.016324748999439 ], [ -51.171914714999957, -0.016253713999424 ], [ -51.171922595999945, -0.016158981999446 ], [ -51.171938473999937, -0.016080218999415 ], [ -51.171938585999953, -0.016001508999451 ], [ -51.171946608999974, -0.01590708599945 ], [ -51.171946729999952, -0.015820557999449 ], [ -51.171946768999931, -0.01573387199942 ], [ -51.171946768999938, -0.015647102999418 ], [ -51.171962544999985, -0.015568220999455 ], [ -51.172009872999979, -0.015481451999448 ], [ -51.172057200999973, -0.015442011999427 ], [ -51.172136081999952, -0.015465675999455 ], [ -51.172191297999973, -0.015528781999419 ], [ -51.172254402999954, -0.015583998999428 ], [ -51.172293812999953, -0.015670646999462 ], [ -51.172380530999931, -0.015717703999422 ], [ -51.172459388999975, -0.015709562999453 ], [ -51.172554045999959, -0.015685584999454 ], [ -51.172632950999969, -0.015677437999441 ], [ -51.17271187799998, -0.015653498999425 ], [ -51.172806613999967, -0.01561385199943 ], [ -51.172877658999937, -0.015566643999417 ], [ -51.172972379999976, -0.015535174999454 ], [ -51.173082889999932, -0.015527308999423 ], [ -51.173185485999959, -0.015495844999462 ], [ -51.173264420999942, -0.015495844999462 ], [ -51.173359140999928, -0.015495843999416 ], [ -51.173445967999953, -0.015495843999416 ], [ -51.173540689999982, -0.015495843999416 ], [ -51.173643237999954, -0.01548020899946 ], [ -51.173721861999979, -0.015457182999459 ], [ -51.173816153999951, -0.015434285999449 ], [ -51.173902538999982, -0.015419203999443 ], [ -51.173973265999962, -0.015427496999455 ], [ -51.174059785999987, -0.015435696999423 ], [ -51.174146278999956, -0.015436012999432 ], [ -51.174232746999955, -0.015459968999439 ], [ -51.174303472999952, -0.015491739999447 ], [ -51.174381852999943, -0.015508006999427 ], [ -51.174460153999973, -0.015508559999434 ], [ -51.174546235999969, -0.015509168999414 ], [ -51.174632266999936, -0.015486167999427 ], [ -51.174702617999969, -0.015470934999432 ], [ -51.174796364999963, -0.015463744999463 ], [ -51.174858828999959, -0.015464196999462 ], [ -51.174960273999943, -0.015464930999428 ], [ -51.175045547999964, -0.015466010999432 ], [ -51.17513790199996, -0.015444130999415 ], [ -51.175214748999963, -0.015429846999445 ], [ -51.175291492999975, -0.015423422999452 ], [ -51.175391528999967, -0.015401425999417 ], [ -51.175468511999952, -0.015379002999453 ], [ -51.175545417999963, -0.015356602999423 ], [ -51.175622246999978, -0.015334224999443 ], [ -51.175752472999932, -0.015336246999432 ], [ -51.175798294999936, -0.015352644999442 ], [ -51.175866841999948, -0.015400731999426 ], [ -51.175927764999983, -0.015432986999433 ] ] ] } },
{ "type": "Feature", "properties": { "num_setor": "AP_SANT_SR_01_CPRM", "munic": "SANTANA", "grau_risco": "Alto", "distancia_km": 1.36, "chuva_24h": 6.6, "chuva_72h": 8.7, "fonte_estacao": "openmeteo", "codigo_estacao": "openmeteo", "nome_estacao": "Open-Meteo (célula de grade)" }, "geometry": { "type": "Polygon", "coordinates": [ [ [ -51.177222511999958, -0.053656060998204 ], [ -51.177303931999973, -0.053663027998188 ], [ -51.177353959999948, -0.05365090799818 ], [ -51.177416540999964, -0.053657712998183 ], [ -51.177472843999965, -0.053664461998204 ], [ -51.177535442999954, -0.053690068998199 ], [ -51.17760431399995, -0.053728254998183 ], [ -51.177660719999949, -0.05377886299816 ], [ -51.177704625999979, -0.053829359998178 ], [ -51.177761158999942, -0.053904977998158 ], [ -51.177862778999952, -0.054048935998181 ], [ -51.177894044999952, -0.05428201899818 ], [ -51.17790006599995, -0.054338863998141 ], [ -51.177906060999931, -0.054402006998173 ], [ -51.177887341999963, -0.054483716998129 ], [ -51.177874860999964, -0.054565470998129 ], [ -51.177881100999969, -0.054634736998156 ], [ -51.177893579999932, -0.054697735998177 ], [ -51.177899818999947, -0.054766994998156 ], [ -51.177924773999962, -0.054830037998171 ], [ -51.177881097999943, -0.05491796399816 ], [ -51.177843911999965, -0.05499323799814 ], [ -51.177806431999954, -0.055030884998133 ], [ -51.17773125399998, -0.055037014998114 ], [ -51.177668769999968, -0.05504938999815 ], [ -51.177600005999977, -0.055086949998163 ], [ -51.177562483999964, -0.055156135998118 ], [ -51.17754997399993, -0.055212809998123 ], [ -51.177537462999965, -0.055282091998149 ], [ -51.17754997399993, -0.055351441998135 ], [ -51.177562482999974, -0.055427085998123 ], [ -51.177581244999942, -0.055483832998093 ], [ -51.177593750999961, -0.055559462998114 ], [ -51.177618761999952, -0.055616202998107 ], [ -51.177644284999985, -0.055685450998095 ], [ -51.177663578999962, -0.055754711998118 ], [ -51.17767647799996, -0.055805097998111 ], [ -51.17769578399998, -0.05587440199813 ], [ -51.177708790999986, -0.055937425998109 ], [ -51.177703183999945, -0.056019390998105 ], [ -51.177710140999977, -0.056107715998076 ], [ -51.177723312999944, -0.056189773998107 ], [ -51.17774244799994, -0.056233965998126 ], [ -51.17780573999994, -0.056290786998107 ], [ -51.17785652099996, -0.056335006998111 ], [ -51.177888762999942, -0.056398236998082 ], [ -51.177958415999967, -0.056436154998111 ], [ -51.178027992999951, -0.056467748998116 ], [ -51.17808526999994, -0.056518352998079 ], [ -51.178098730999977, -0.056581691998086 ], [ -51.178099884999938, -0.056664110998107 ], [ -51.178075686999932, -0.05673393999809 ], [ -51.178013166999961, -0.056765768998106 ], [ -51.177956741999935, -0.056784900998083 ], [ -51.177881309999975, -0.056797712998108 ], [ -51.177812308999933, -0.056823233998102 ], [ -51.177762497999936, -0.056874180998083 ], [ -51.177725344999942, -0.056931509998093 ], [ -51.177687930999987, -0.056988778998058 ], [ -51.17761834199996, -0.057014172998088 ], [ -51.177554931999964, -0.057001477998079 ], [ -51.17748508699998, -0.0569760629981 ], [ -51.177402722999936, -0.0569760629981 ], [ -51.177320358999964, -0.056976061998055 ], [ -51.177250665999964, -0.056976061998055 ], [ -51.177174598999962, -0.056969703998048 ], [ -51.177117541999962, -0.056963346998082 ], [ -51.177054472999941, -0.057014210998087 ], [ -51.176972231999969, -0.057039649998097 ], [ -51.176921599999957, -0.057052371998044 ], [ -51.17686462599994, -0.057065093998055 ], [ -51.176794791999953, -0.057039649998097 ], [ -51.176712297999984, -0.057014210998087 ], [ -51.176661579999973, -0.057007850998096 ], [ -51.176598139999953, -0.056988775998089 ], [ -51.176522014999932, -0.056963345998095 ], [ -51.176458594999978, -0.05694427599809 ], [ -51.176382433999947, -0.056899790998101 ], [ -51.176319001999957, -0.056868024998099 ], [ -51.176255617999971, -0.056848967998068 ], [ -51.176186035999933, -0.056880729998055 ], [ -51.176103755999975, -0.056906144998093 ], [ -51.176034081999951, -0.056906144998093 ], [ -51.175977096999979, -0.056918853998069 ], [ -51.17590745699993, -0.056944274998105 ], [ -51.175856863999968, -0.057001526998079 ], [ -51.175806270999942, -0.057046210998062 ], [ -51.175711202999935, -0.057065270998063 ], [ -51.175666814999943, -0.057046151998056 ], [ -51.175584431999944, -0.057046303998047 ], [ -51.175495683999934, -0.057071972998068 ], [ -51.17543225299994, -0.057110367998055 ], [ -51.175368799999937, -0.05712325599807 ], [ -51.175305335999951, -0.057123382998089 ], [ -51.175254570999975, -0.057110717998047 ], [ -51.175197455999971, -0.057098064998049 ], [ -51.175115002999974, -0.057053552998063 ], [ -51.17508968899994, -0.057015325998065 ], [ -51.175064412999973, -0.056951679998062 ], [ -51.175064522999946, -0.056881698998097 ], [ -51.17504561, -0.056805422998086 ], [ -51.175026705999983, -0.05672918399808 ], [ -51.175020460999974, -0.056672019998084 ], [ -51.175014229999931, -0.056608528998091 ], [ -51.175008013999957, -0.056538720998066 ], [ -51.175001787, -0.056475288998073 ], [ -51.174970198999972, -0.056405583998088 ], [ -51.174951279999952, -0.056348557998111 ], [ -51.174945023999953, -0.056278889998075 ], [ -51.174925970999944, -0.056202956998073 ], [ -51.174906892999957, -0.056139671998123 ], [ -51.174906817999961, -0.056070035998087 ], [ -51.174913082999986, -0.056000381998132 ], [ -51.174919355999975, -0.055937045998095 ], [ -51.174925610999928, -0.055854689998094 ], [ -51.174925558999973, -0.055803996998099 ], [ -51.174938183999984, -0.055746961998106 ], [ -51.174938125999972, -0.055689910998106 ], [ -51.174931709999953, -0.055613821998104 ], [ -51.174931718999972, -0.055537787998092 ], [ -51.174938145999931, -0.0554618379981 ], [ -51.17494456299994, -0.05539223899813 ], [ -51.174950972999966, -0.055328985998126 ], [ -51.174963732999963, -0.055259443998123 ], [ -51.174976486999981, -0.055189924998157 ], [ -51.174970215999963, -0.05511404799813 ], [ -51.174938560999976, -0.055050737998158 ], [ -51.174919600999942, -0.05498115699812 ], [ -51.174919637999949, -0.054917920998159 ], [ -51.174919564999982, -0.05484814099817 ], [ -51.174913146999977, -0.054778313998171 ], [ -51.17489403999997, -0.054714754998157 ], [ -51.174874925999973, -0.054651171998178 ], [ -51.174874854999985, -0.054587663998142 ], [ -51.174881110999927, -0.054505116998168 ], [ -51.174881040999935, -0.054441577998172 ], [ -51.17493176499994, -0.054371969998183 ], [ -51.174982519999958, -0.054340500998164 ], [ -51.175039504999972, -0.05429602899815 ], [ -51.175083904999951, -0.054226547998183 ], [ -51.175109262999968, -0.054156946998182 ], [ -51.175153634999958, -0.054100086998154 ], [ -51.175210672999981, -0.054055947998145 ], [ -51.175261362999947, -0.054011795998161 ], [ -51.175318379999965, -0.0539613419982 ], [ -51.175381716999937, -0.053936249998159 ], [ -51.175451371999941, -0.053936511998169 ], [ -51.175514678999946, -0.053924088998184 ], [ -51.175565314999972, -0.053886301998189 ], [ -51.175647577999946, -0.053854974998203 ], [ -51.175698188999945, -0.053848844998172 ], [ -51.175780412999984, -0.053842838998192 ], [ -51.175856289999963, -0.053830483998173 ], [ -51.175957426999958, -0.053830882998156 ], [ -51.176039573999958, -0.053831206998196 ], [ -51.176102746999959, -0.053831456998167 ], [ -51.176184850999952, -0.053831780998152 ], [ -51.176260617999958, -0.053832078998187 ], [ -51.176342674999944, -0.05383240299817 ], [ -51.176431017999967, -0.053832751998169 ], [ -51.176487793999961, -0.053832974998203 ], [ -51.176557159999959, -0.053826955998189 ], [ -51.176569637999933, -0.053827280998164 ], [ -51.176619972999958, -0.05380872999818 ], [ -51.176726961, -0.053796799998154 ], [ -51.176802362999979, -0.053772177998198 ], [ -51.176858913999979, -0.053741053998167 ], [ -51.176965954999957, -0.053709889998169 ], [ -51.177091870999959, -0.053691377998168 ], [ -51.177148149999937, -0.053666858998204 ], [ -51.177222511999958, -0.053656060998204 ] ] ] } },
{ "type": "Feature", "properties": { "num_setor": "AP_SANT_SR_04_CPRM", "munic": "SANTANA", "grau_risco": "Alto", "distancia_km": 1.23, "chuva_24h": 6.6, "chuva_72h": 8.7, "fonte_estacao": "openmeteo", "codigo_estacao": "openmeteo", "nome_estacao": "Open-Meteo (célula de grade)" }, "geometry": { "type": "Polygon", "coordinates": [ [ [ -51.171408584999938, -0.03038881599897 ], [ -51.171650243999977, -0.030489614998957 ], [ -51.171733492999977, -0.030548315998958 ], [ -51.171808375999944, -0.030590324998923 ], [ -51.171891527999946, -0.030624055998957 ], [ -51.171982918999959, -0.030641202998947 ], [ -51.172074167999938, -0.030608509998968 ], [ -51.172148748999973, -0.030567437998925 ], [ -51.172206705999933, -0.030526290998935 ], [ -51.172272934999967, -0.030460226998927 ], [ -51.172331036999935, -0.030393869998951 ], [ -51.172397383999972, -0.030327614998977 ], [ -51.172480078999975, -0.030270070998967 ], [ -51.172554426999973, -0.030212534998978 ], [ -51.172628933999931, -0.030171387998938 ], [ -51.172719986999937, -0.030130316998937 ], [ -51.172794432999986, -0.030089201998949 ], [ -51.172893380999938, -0.030056880998957 ], [ -51.172984, -0.030016221998982 ], [ -51.173050138999933, -0.030008241998961 ], [ -51.173132920999933, -0.030016801998987 ], [ -51.173207785999978, -0.030074751998967 ], [ -51.17323322, -0.030157251998927 ], [ -51.173233841999945, -0.030239701998961 ], [ -51.173209694999976, -0.030330364998942 ], [ -51.173193749999939, -0.030412858998962 ], [ -51.173144661999963, -0.030495298998935 ], [ -51.173112054999933, -0.030569579998956 ], [ -51.173054557999933, -0.030643833998924 ], [ -51.173005258999972, -0.030709884998952 ], [ -51.17295598499993, -0.030784255998933 ], [ -51.172914980999963, -0.030858695998924 ], [ -51.172848526999985, -0.030925186998958 ], [ -51.172773574999951, -0.030975154998942 ], [ -51.17268196699996, -0.031008466998917 ], [ -51.172607015999965, -0.031025122998929 ], [ -51.172515407999988, -0.031058435998941 ], [ -51.172440498999947, -0.031091710998901 ], [ -51.172382829999947, -0.0311661289989 ], [ -51.172333407999986, -0.031240642998907 ], [ -51.17227568, -0.031323497998915 ], [ -51.172242748999963, -0.031389881998895 ], [ -51.172226485999936, -0.031472996998937 ], [ -51.172201899999948, -0.031556144998931 ], [ -51.172202150999958, -0.031647817998911 ], [ -51.172185689999935, -0.031731182998932 ], [ -51.172152585999982, -0.031814546998907 ], [ -51.17211115799995, -0.031906286998914 ], [ -51.172061347999943, -0.031981364998922 ], [ -51.172003214999961, -0.032048103998898 ], [ -51.171961872999987, -0.032123225998893 ], [ -51.171928847999936, -0.032206786998886 ], [ -51.171937430999947, -0.032298812998892 ], [ -51.171937567999976, -0.03238250799889 ], [ -51.171962707999967, -0.032474589998865 ], [ -51.172029423999959, -0.032533155998869 ], [ -51.172104396999941, -0.03257494699887 ], [ -51.17218758599995, -0.03259160599885 ], [ -51.172270792999939, -0.03261662499887 ], [ -51.172362546999977, -0.032616590998889 ], [ -51.172470947999955, -0.032616551998903 ], [ -51.172554262999938, -0.032599801998862 ], [ -51.172637549999934, -0.032583057998867 ], [ -51.172729090999951, -0.032549604998859 ], [ -51.172804017999965, -0.0325412319989 ], [ -51.172887274999937, -0.032541211998885 ], [ -51.172970712999984, -0.032574609998853 ], [ -51.173046045999968, -0.032624733998892 ], [ -51.173121421999952, -0.032683223998849 ], [ -51.173205071999973, -0.032716650998854 ], [ -51.173288698999961, -0.032741724998857 ], [ -51.17338045199994, -0.032708293998894 ], [ -51.173447102999944, -0.032666511998856 ], [ -51.173530411999934, -0.032616379998905 ], [ -51.173613744999955, -0.032574609998853 ], [ -51.173697103999984, -0.032541197998858 ], [ -51.173780571999941, -0.03253284599885 ], [ -51.173864117999983, -0.032541197998858 ], [ -51.173939480999934, -0.032582963998895 ], [ -51.173948245999952, -0.032666512998848 ], [ -51.173996062999954, -0.032796453998856 ], [ -51.174037175999963, -0.032887864998881 ], [ -51.174053322999953, -0.032962655998851 ], [ -51.174052008999979, -0.03305365499886 ], [ -51.174059174999968, -0.033136428998876 ], [ -51.174074589999975, -0.03322753299885 ], [ -51.17407340099993, -0.033310400998837 ], [ -51.174088828999963, -0.033401608998853 ], [ -51.174104266999962, -0.033492870998859 ], [ -51.174119831999967, -0.03357588399885 ], [ -51.174135593999949, -0.033667426998844 ], [ -51.17416072299995, -0.033751180998844 ], [ -51.174194226999987, -0.033843310998826 ], [ -51.174227730999974, -0.033927065998814 ], [ -51.174269610999943, -0.034010819998811 ], [ -51.174303114999987, -0.034094573998815 ], [ -51.17436144299996, -0.034169807998816 ], [ -51.17444465899996, -0.034236555998811 ], [ -51.174494599999946, -0.034320178998834 ], [ -51.17452825099997, -0.034387262998792 ], [ -51.174587000999963, -0.034462705998805 ], [ -51.17463737099996, -0.03452976899882 ], [ -51.174679515999969, -0.034613643998792 ], [ -51.174738152999957, -0.034672278998807 ], [ -51.174821670999954, -0.034714064998798 ], [ -51.174921713999936, -0.034730625998797 ], [ -51.175005130999971, -0.034747234998795 ], [ -51.175080822999973, -0.034797620998795 ], [ -51.175156455999968, -0.034839601998827 ], [ -51.175198748999946, -0.034915153998826 ], [ -51.175215948999949, -0.034999077998786 ], [ -51.175257930999976, -0.035074492998812 ], [ -51.175291432999984, -0.035158244998776 ], [ -51.175383561999979, -0.035166620998814 ], [ -51.175475690999974, -0.035166620998814 ], [ -51.175559443999987, -0.035158246998809 ], [ -51.175618070999974, -0.035099620998817 ], [ -51.17565155799997, -0.035015863998789 ], [ -51.175668523999953, -0.034932205998799 ], [ -51.175685846999947, -0.034840355998811 ], [ -51.175711277999937, -0.034756785998802 ], [ -51.175794816999939, -0.034714829998785 ], [ -51.175886529999964, -0.034714615998832 ], [ -51.17597813499998, -0.034747825998795 ], [ -51.176061466999954, -0.03477270899878 ], [ -51.176144763999957, -0.034814321998785 ], [ -51.176211395999978, -0.034855986998811 ], [ -51.176286374999961, -0.034906014998784 ], [ -51.176294403999975, -0.034998026998815 ], [ -51.17632793699994, -0.03507347599882 ], [ -51.176386654999931, -0.035132174998787 ], [ -51.176453554999966, -0.035081789998775 ], [ -51.176453416999948, -0.034997873998788 ], [ -51.176462127999969, -0.034897467998793 ], [ -51.176479136999944, -0.034822183998802 ], [ -51.176529638999966, -0.03475528199879 ], [ -51.176613624999966, -0.034696753998781 ], [ -51.176697450999939, -0.034688393998799 ], [ -51.17678138399998, -0.03468851099881 ], [ -51.176873708999949, -0.034705407998834 ], [ -51.17694921899993, -0.03472226299879 ], [ -51.177033193999925, -0.03472245799883 ], [ -51.177091701999984, -0.034780965998826 ], [ -51.177175407999982, -0.034839537998827 ], [ -51.177233938999969, -0.034898064998787 ], [ -51.177309301999969, -0.034948289998776 ], [ -51.177384875999962, -0.034940091998791 ], [ -51.177460561999972, -0.034890184998783 ], [ -51.177485991999959, -0.034806850998783 ], [ -51.177519814999982, -0.034715257998803 ], [ -51.177603814999934, -0.034648830998829 ], [ -51.177679212999969, -0.034649014998813 ], [ -51.17777971299995, -0.034649260998825 ], [ -51.177838306999945, -0.034657726998822 ], [ -51.177930359999948, -0.034674595998802 ], [ -51.177997252999944, -0.034716372998835 ], [ -51.178064117999952, -0.03478313099878 ], [ -51.178114229999949, -0.03487486099878 ], [ -51.178156008999963, -0.034949943998791 ], [ -51.178222931999983, -0.0350084239988 ], [ -51.178306628999962, -0.035050377998783 ], [ -51.17839031099993, -0.035050528998777 ], [ -51.178482327999973, -0.035050941998784 ], [ -51.178557541999965, -0.035026403998792 ], [ -51.178657711999961, -0.035018786998799 ], [ -51.178749394999954, -0.035002857998771 ], [ -51.178840952999956, -0.034986950998796 ], [ -51.178915687999954, -0.034937784998801 ], [ -51.17896533399994, -0.034855346998809 ], [ -51.178973584999937, -0.034780581998788 ], [ -51.178973505999977, -0.034689184998792 ], [ -51.178981723999982, -0.034581247998799 ], [ -51.179023202999986, -0.034506740998837 ], [ -51.179089599999941, -0.034457306998831 ], [ -51.179181010999969, -0.034424304998823 ], [ -51.179280801999937, -0.034391120998809 ], [ -51.179363981999984, -0.034382825998822 ], [ -51.179463811999945, -0.034382824998831 ], [ -51.179547018999983, -0.034391119998815 ], [ -51.179630243999952, -0.034407710998838 ], [ -51.179713473999982, -0.034424302998848 ], [ -51.179780123999926, -0.034465785998803 ], [ -51.179838386999961, -0.034532324998794 ], [ -51.179879949999986, -0.03459893099881 ], [ -51.179929809999976, -0.03467387299883 ], [ -51.179963130999965, -0.034757033998789 ], [ -51.179963357999952, -0.034848360998791 ], [ -51.179971844999955, -0.034931441998808 ], [ -51.179980353999952, -0.035022848998821 ], [ -51.179997148999973, -0.035114306998796 ], [ -51.180047005999945, -0.035180951998799 ], [ -51.180105112999961, -0.035239302998804 ], [ -51.18020445999997, -0.035256214998785 ], [ -51.180320203999941, -0.035248247998794 ], [ -51.18040278899997, -0.03523188699879 ], [ -51.180501854999932, -0.035215577998801 ], [ -51.180584621999969, -0.035199108998802 ], [ -51.180692257999965, -0.035199275998795 ], [ -51.18077506099997, -0.035207698998791 ], [ -51.180849732999945, -0.035257581998764 ], [ -51.180916125999943, -0.035307449998783 ], [ -51.180998989999971, -0.035340743998776 ], [ -51.181081804999963, -0.035365737998772 ], [ -51.181180989999973, -0.035357570998799 ], [ -51.181264365999937, -0.03534917299876 ], [ -51.18136439299996, -0.035324154998787 ], [ -51.181431009999983, -0.035290881998805 ], [ -51.181506938999966, -0.035240696998786 ], [ -51.181583176999943, -0.035190396998789 ], [ -51.181651077999959, -0.035131761998776 ], [ -51.181702166999969, -0.0350648299988 ], [ -51.18176164099998, -0.035006164998814 ], [ -51.181845666999948, -0.034939296998782 ], [ -51.181921143999936, -0.034897472998795 ], [ -51.182005702999959, -0.034880360998827 ], [ -51.182082546999936, -0.034921379998805 ], [ -51.18209214999996, -0.035012661998775 ], [ -51.182091702999969, -0.035104495998817 ], [ -51.182091190999984, -0.035187989998781 ], [ -51.182090628999958, -0.035279806998776 ], [ -51.182081580999977, -0.035371626998795 ], [ -51.182064054999948, -0.035463439998771 ], [ -51.182029629999924, -0.035546922998801 ], [ -51.181986750999954, -0.035630375998795 ], [ -51.181943903999979, -0.035713769998796 ], [ -51.181893016999936, -0.03579708099876 ], [ -51.181842686999971, -0.035871986998769 ], [ -51.18177577199998, -0.035938554998783 ], [ -51.181683787999987, -0.035988481998748 ], [ -51.18163362699994, -0.036046701998777 ], [ -51.181558522999971, -0.036104911998735 ], [ -51.181483898999943, -0.036146484998768 ], [ -51.181417539999984, -0.036179746998754 ], [ -51.181334500999981, -0.036204696998766 ], [ -51.18125149499997, -0.036237964998745 ], [ -51.181176859999937, -0.036279557998737 ], [ -51.181077517999931, -0.036312855998743 ], [ -51.181002650999972, -0.036312855998743 ], [ -51.180919464999924, -0.03630453799877 ], [ -51.180827959999938, -0.036287900998782 ], [ -51.180753092999964, -0.036246307998735 ], [ -51.180669906999974, -0.036213033998761 ], [ -51.180570084999943, -0.036196396998776 ], [ -51.180486899999948, -0.036196396998776 ], [ -51.180395395999938, -0.036221352998776 ], [ -51.180303891999984, -0.036237989998768 ], [ -51.180142381999985, -0.036193162998754 ], [ -51.180059190999934, -0.036168205998759 ], [ -51.179967681999983, -0.036168203998788 ], [ -51.179876172999961, -0.036151565998753 ], [ -51.179784833999975, -0.036118346998766 ], [ -51.179693928999939, -0.036085275998749 ], [ -51.179602997999957, -0.036077158998751 ], [ -51.179512039999963, -0.036069039998782 ], [ -51.179429021999972, -0.036060791998752 ], [ -51.179337464999946, -0.036060790998766 ], [ -51.179237534999963, -0.036069093998781 ], [ -51.179145978999941, -0.036069092998795 ], [ -51.179055972999954, -0.036061380998775 ], [ -51.178982729999973, -0.036045403998747 ], [ -51.178901250999949, -0.036029481998753 ], [ -51.178836188999981, -0.035980111998763 ], [ -51.178803929999958, -0.035897123998788 ], [ -51.178763427999968, -0.035822468998743 ], [ -51.17873930199994, -0.035739309998764 ], [ -51.178698544999975, -0.035664478998756 ], [ -51.178657597999972, -0.035589551998803 ], [ -51.178567437999959, -0.035573352998789 ], [ -51.178468958999986, -0.035582270998784 ], [ -51.178377802999933, -0.035582539998778 ], [ -51.178302830999939, -0.035599381998754 ], [ -51.178211172999966, -0.035632988998786 ], [ -51.178119485999957, -0.035658236998773 ], [ -51.178027772999947, -0.035658378998751 ], [ -51.177952713999957, -0.035666866998801 ], [ -51.177869292999965, -0.035675369998798 ], [ -51.177769158999979, -0.035675526998793 ], [ -51.177685489999931, -0.035700690998754 ], [ -51.177592878999974, -0.035742310998802 ], [ -51.177500672999933, -0.035750626998788 ], [ -51.177399914999967, -0.035775570998753 ], [ -51.177315836999981, -0.035808816998791 ], [ -51.17722334399997, -0.035850354998794 ], [ -51.177139427999975, -0.035875265998768 ], [ -51.177055615999961, -0.035891868998769 ], [ -51.176963530999956, -0.035900168998765 ], [ -51.176871521999942, -0.035900168998765 ], [ -51.176779759999924, -0.035866961998758 ], [ -51.176696040999957, -0.035875264998779 ], [ -51.176612119999952, -0.035916765998771 ], [ -51.17653665499995, -0.035949950998777 ], [ -51.176452862999959, -0.03598312099877 ], [ -51.176377386999945, -0.036032848998792 ], [ -51.176293780999963, -0.036041133998773 ], [ -51.176201857999956, -0.036041133998773 ], [ -51.176118341999938, -0.036024562998767 ], [ -51.176018051999968, -0.036024562998767 ], [ -51.17593448699995, -0.036041329998741 ], [ -51.175842579999937, -0.036041528998744 ], [ -51.175750643999947, -0.036041727998745 ], [ -51.175650319999939, -0.036041944998774 ], [ -51.175558326999976, -0.036042143998778 ], [ -51.175483038999978, -0.036042307998752 ], [ -51.175399353999978, -0.036034177998775 ], [ -51.175298890999954, -0.036034464998751 ], [ -51.175198333999951, -0.036034898998763 ], [ -51.175114470999972, -0.036026923998753 ], [ -51.175030540999956, -0.036010604998755 ], [ -51.174955099999977, -0.036010720998781 ], [ -51.174862982999969, -0.036019061998792 ], [ -51.174770823999957, -0.036010720998781 ], [ -51.174695464999949, -0.036019061998792 ], [ -51.174578201999964, -0.036019062998779 ], [ -51.174486129999941, -0.036035741998778 ], [ -51.174410749999936, -0.036035742998772 ], [ -51.174318619999951, -0.036035742998772 ], [ -51.17423486499996, -0.036035742998772 ], [ -51.174142650999954, -0.036019063998766 ], [ -51.174058891999948, -0.03601906499876 ], [ -51.173975131999953, -0.03601906499876 ], [ -51.173883096999987, -0.036010614998766 ], [ -51.173807717999978, -0.03598548899874 ], [ -51.173773473999972, -0.035893823998788 ], [ -51.173739296999941, -0.035810415998763 ], [ -51.173738772999968, -0.035726875998777 ], [ -51.173738391999962, -0.035626448998772 ], [ -51.173771650999981, -0.03553433099878 ], [ -51.173771367999962, -0.035442183998803 ], [ -51.173771083999952, -0.035350009998781 ], [ -51.173779164999985, -0.035249423998806 ], [ -51.173787299999958, -0.035165577998819 ], [ -51.173787044999983, -0.035081707998791 ], [ -51.173778549999945, -0.034989397998786 ], [ -51.173761995999939, -0.03491383199882 ], [ -51.173737107999955, -0.034821497998777 ], [ -51.173695392999946, -0.034745972998782 ], [ -51.173603071999935, -0.034754362998787 ], [ -51.173519195999972, -0.034745972998782 ], [ -51.173426871999936, -0.034754363998832 ], [ -51.173351460999982, -0.034754361998796 ], [ -51.173251598999968, -0.034762735998803 ], [ -51.17317672099994, -0.034762724998803 ], [ -51.173093635999976, -0.034779475998777 ], [ -51.173010708999982, -0.034821352998779 ], [ -51.172927663999985, -0.034854833998783 ], [ -51.17283551099996, -0.034854833998783 ], [ -51.172743702999988, -0.034846440998806 ], [ -51.172677012999941, -0.034812924998781 ], [ -51.172593669999969, -0.03477103999881 ], [ -51.172518425999961, -0.034720793998809 ], [ -51.172427051999932, -0.034687304998832 ], [ -51.172335359999977, -0.034637080998824 ], [ -51.172276441999941, -0.034578470998837 ], [ -51.172224838999966, -0.034494662998841 ], [ -51.17214912299994, -0.0344611369988 ], [ -51.172057328999983, -0.03445278599884 ], [ -51.17198240099998, -0.034452817998843 ], [ -51.171891670999969, -0.034486399998797 ], [ -51.171801217999985, -0.034528335998797 ], [ -51.171753012999943, -0.034578611998823 ], [ -51.171680330999948, -0.034628848998799 ], [ -51.171589604999951, -0.034628875998802 ], [ -51.171506047999969, -0.034595453998802 ], [ -51.171423063999953, -0.034578761998831 ], [ -51.171340395999955, -0.034570436998818 ], [ -51.171232972999974, -0.034429641998831 ], [ -51.171192695999935, -0.03437183199884 ], [ -51.171126486999981, -0.034321974998823 ], [ -51.171051388999956, -0.034263508998845 ], [ -51.170993599999974, -0.034188569998841 ], [ -51.170944273999964, -0.034113653998829 ], [ -51.17090358199993, -0.034030457998839 ], [ -51.170871344999959, -0.033955628998811 ], [ -51.170873198999971, -0.033864236998813 ], [ -51.170874716999947, -0.033789399998815 ], [ -51.170876572999987, -0.033697857998813 ], [ -51.170852629999956, -0.033622800998871 ], [ -51.170853247999958, -0.033530749998847 ], [ -51.170845422999939, -0.033447042998859 ], [ -51.170820816999935, -0.03336331299884 ], [ -51.170779369999927, -0.033287935998869 ], [ -51.170678960999965, -0.033246051998826 ], [ -51.170595055999968, -0.033246050998837 ], [ -51.17052767399997, -0.033287933998832 ], [ -51.17046019999998, -0.03334656099887 ], [ -51.170384449999972, -0.033388430998833 ], [ -51.170300418999943, -0.033413548998829 ], [ -51.17020815099994, -0.033413547998837 ], [ -51.170124055999963, -0.033379927998832 ], [ -51.170039998999982, -0.03332954699884 ], [ -51.169972857999937, -0.033270825998883 ], [ -51.169880256999924, -0.033245561998838 ], [ -51.169787594999946, -0.033237047998839 ], [ -51.169703746999971, -0.033253816998847 ], [ -51.16961989899994, -0.033295738998829 ], [ -51.169561205999969, -0.033337661998855 ], [ -51.16950251399993, -0.033404738998828 ], [ -51.169468974999972, -0.033488584998821 ], [ -51.169435350999947, -0.03358077499885 ], [ -51.169392488999961, -0.033647372998839 ], [ -51.169366765999939, -0.033730871998862 ], [ -51.169349504999957, -0.033814375998832 ], [ -51.169298567999931, -0.03387260999883 ], [ -51.169213993999968, -0.033905582998858 ], [ -51.169129605999956, -0.033905140998816 ], [ -51.169045297999958, -0.033896353998865 ], [ -51.168961063, -0.033879225998838 ], [ -51.168902289999949, -0.033820514998829 ], [ -51.168860432999956, -0.033745204998829 ], [ -51.168843874999936, -0.033661663998852 ], [ -51.168835969999975, -0.033578283998824 ], [ -51.168844971999931, -0.033494963998841 ], [ -51.168879274999938, -0.03341168499887 ], [ -51.168888355999961, -0.033319908998843 ], [ -51.168846703999975, -0.033244623998868 ], [ -51.16876268599998, -0.033227756998866 ], [ -51.168670255999984, -0.033227617998862 ], [ -51.168577651999954, -0.033260869998836 ], [ -51.168485240999978, -0.033269070998855 ], [ -51.168401299999971, -0.033268938998827 ], [ -51.168333858999972, -0.033327222998859 ], [ -51.168283189999954, -0.033393836998847 ], [ -51.168207403999979, -0.033460363998848 ], [ -51.168131906999967, -0.033476888998825 ], [ -51.168048404999979, -0.033451899998824 ], [ -51.16796498799993, -0.033401909998849 ], [ -51.167898272999935, -0.033351902998824 ], [ -51.167873517999965, -0.033260181998836 ], [ -51.16785708599997, -0.033176750998831 ], [ -51.16784901799997, -0.033093273998858 ], [ -51.16784931899997, -0.033009751998855 ], [ -51.167841243999931, -0.032926183998874 ], [ -51.167841572999983, -0.03283420599888 ], [ -51.167808349, -0.032750541998893 ], [ -51.167724700999941, -0.032700320998861 ], [ -51.167640926999979, -0.032683576998865 ], [ -51.167548717999978, -0.032683576998865 ], [ -51.167464792999965, -0.032725432998861 ], [ -51.167397596999933, -0.032767238998873 ], [ -51.167363859999966, -0.032859218998849 ], [ -51.167363752999961, -0.032951250998845 ], [ -51.167371949999961, -0.033043165998883 ], [ -51.167380167999966, -0.033118320998869 ], [ -51.167379995999966, -0.033201783998878 ], [ -51.167379805999985, -0.033293539998832 ], [ -51.167379634999968, -0.033376906998833 ], [ -51.167337671999974, -0.033451897998853 ], [ -51.167270652999946, -0.033526851998859 ], [ -51.167203714999964, -0.033568476998856 ], [ -51.167111772999931, -0.033568476998856 ], [ -51.167036563999943, -0.033551827998823 ], [ -51.166969734999952, -0.033493543998849 ], [ -51.166877780999982, -0.033468556998832 ], [ -51.166794167999974, -0.033485214998826 ], [ -51.166718932999977, -0.03350993699886 ], [ -51.166635398999972, -0.033509443998845 ], [ -51.166568581999968, -0.033442482998827 ], [ -51.166518458999967, -0.033367298998863 ], [ -51.166476671999931, -0.033283827998882 ], [ -51.166443220999952, -0.033200381998869 ], [ -51.166401410999981, -0.033108550998852 ], [ -51.166376275999937, -0.033016759998864 ], [ -51.166351159999984, -0.03293325199888 ], [ -51.166326072999937, -0.032841323998863 ], [ -51.166309337999962, -0.032766113998892 ], [ -51.166292593999962, -0.032682544998864 ], [ -51.166334253999935, -0.032607406998868 ], [ -51.166384295999933, -0.032540591998902 ], [ -51.166417655999965, -0.032456983998893 ], [ -51.166434321999986, -0.032373319998911 ], [ -51.166434268999971, -0.03227287899888 ], [ -51.16643421699996, -0.032172404998866 ], [ -51.166434168999956, -0.032080274998883 ], [ -51.166434120999952, -0.03198811699891 ], [ -51.166442435999954, -0.031895913998905 ], [ -51.166417301999957, -0.031812141998928 ], [ -51.166383810999946, -0.031736776998892 ], [ -51.166341957999983, -0.031653059998895 ], [ -51.166333529999974, -0.031569211998929 ], [ -51.166333402999953, -0.031476815998913 ], [ -51.166341651999971, -0.031392732998924 ], [ -51.166383383999971, -0.031308430998924 ], [ -51.166433589999933, -0.031232588998925 ], [ -51.166509172999952, -0.031165870998901 ], [ -51.166567921999956, -0.031115865998908 ], [ -51.166660174999947, -0.031057608998938 ], [ -51.166710470999931, -0.03100764499891 ], [ -51.166785871999934, -0.03095766099892 ], [ -51.166827735999959, -0.030874313998943 ], [ -51.166894729999967, -0.030815711998923 ], [ -51.166970090999939, -0.030765528998939 ], [ -51.167020342999933, -0.03069849099894 ], [ -51.167078972999946, -0.030623074998928 ], [ -51.167162695999934, -0.030572922998959 ], [ -51.167263135999974, -0.030531223998948 ], [ -51.167330057999948, -0.030531419998926 ], [ -51.16741366399998, -0.030556850998962 ], [ -51.167480646999934, -0.030598665998936 ], [ -51.167522565999946, -0.03067386999892 ], [ -51.167564480999943, -0.030757480998954 ], [ -51.167640089999963, -0.030807277998922 ], [ -51.167732660999945, -0.030806589998925 ], [ -51.167808550999951, -0.030755607998919 ], [ -51.167842413999956, -0.030671282998936 ], [ -51.167876105999937, -0.030587198998958 ], [ -51.167892768999934, -0.030511895998944 ], [ -51.167909412999961, -0.030428248998949 ], [ -51.167909221999935, -0.030327961998947 ], [ -51.167892252999934, -0.030236118998941 ], [ -51.167875289999984, -0.030144307998939 ], [ -51.167866757999946, -0.030069193998967 ], [ -51.167841427, -0.029985818998944 ], [ -51.167799324999969, -0.02990253999898 ], [ -51.167765627999984, -0.029819260998962 ], [ -51.167799037999941, -0.029735729998991 ], [ -51.167840830999978, -0.029652176998969 ], [ -51.167899441999957, -0.029593565998985 ], [ -51.167991661999963, -0.029559809998992 ], [ -51.168092311999942, -0.029534344998973 ], [ -51.16815928799997, -0.029526012998973 ], [ -51.168275950999934, -0.029527073998957 ], [ -51.16837587699996, -0.029527981998959 ], [ -51.168467417999977, -0.029528814998961 ], [ -51.168542323999986, -0.029546147998976 ], [ -51.168608985999974, -0.029596702998946 ], [ -51.168642489999968, -0.029680263999 ], [ -51.168651083999976, -0.029771951998995 ], [ -51.16865139399993, -0.029871927998993 ], [ -51.168635019999954, -0.029955137998947 ], [ -51.168618639999977, -0.03003837899897 ], [ -51.16860225399995, -0.030121652998988 ], [ -51.168569242999979, -0.030213183998935 ], [ -51.168553034999945, -0.03028793599898 ], [ -51.168553620999944, -0.030387811998955 ], [ -51.168637093999969, -0.030421630998964 ], [ -51.168728806999979, -0.030447165998925 ], [ -51.168795693999982, -0.030497512998938 ], [ -51.168871004999971, -0.030564553998962 ], [ -51.168929741999932, -0.030639829998921 ], [ -51.168963599999984, -0.030723316998952 ], [ -51.169005846999944, -0.03081520799896 ], [ -51.169048044999947, -0.030898788998914 ], [ -51.169123257999956, -0.030932414998921 ], [ -51.169214679999982, -0.03093282499896 ], [ -51.169289541999945, -0.030941477998913 ], [ -51.169372674999977, -0.030950163998913 ], [ -51.169472250999945, -0.030950605998957 ], [ -51.169563649999986, -0.030942556998929 ], [ -51.169638636999935, -0.030909241998932 ], [ -51.169713365999939, -0.030850958998942 ], [ -51.169762812999977, -0.030776055998962 ], [ -51.169803791999982, -0.030692873998943 ], [ -51.169886965999979, -0.030651298998929 ], [ -51.169962548999933, -0.03068455699896 ], [ -51.170013421999954, -0.03075109399891 ], [ -51.170064407999973, -0.030825983998913 ], [ -51.170123877999977, -0.030909237998912 ], [ -51.17018328599994, -0.030984204998902 ], [ -51.170234352999955, -0.031059208998956 ], [ -51.170277169999963, -0.031142589998916 ], [ -51.170311537999964, -0.031217672998926 ], [ -51.17037105299994, -0.031292791998897 ], [ -51.170446444999982, -0.031292791998897 ], [ -51.170504259999973, -0.031226015998916 ], [ -51.170519978999948, -0.031142587998939 ], [ -51.17055242899994, -0.031059205998928 ], [ -51.170584862999931, -0.030975868998955 ], [ -51.170617078999953, -0.030884284998941 ], [ -51.170674512999945, -0.030826153998942 ], [ -51.170731750999948, -0.030759757998914 ], [ -51.170772753999984, -0.030684839998924 ], [ -51.170813821999957, -0.030609917998918 ], [ -51.170871812999962, -0.030543279998951 ], [ -51.17093708799996, -0.030477121998974 ], [ -51.171010772999978, -0.030444363998946 ], [ -51.171092708999929, -0.030411647998926 ], [ -51.171175457999936, -0.030395264998921 ], [ -51.171408584999938, -0.03038881599897 ] ] ] } },
{ "type": "Feature", "properties": { "num_setor": "AP_SANT_SR_06_CPRM", "munic": "SANTANA", "grau_risco": "Alto", "distancia_km": 1.07, "chuva_24h": 6.6, "chuva_72h": 8.7, "fonte_estacao": "openmeteo", "codigo_estacao": "openmeteo", "nome_estacao": "Open-Meteo (célula de grade)" }, "geometry": { "type": "Polygon", "coordinates": [ [ [ -51.154809501999971, -0.041796480998568 ], [ -51.154691490999937, -0.04198037399855 ], [ -51.154744673999978, -0.042159330998548 ], [ -51.154942454999969, -0.042267264998572 ], [ -51.155104752999932, -0.042267845998567 ], [ -51.155304175999952, -0.042215533998582 ], [ -51.155450085, -0.042109749998562 ], [ -51.155632261999983, -0.042058192998555 ], [ -51.155740090999984, -0.042183856998552 ], [ -51.155846364999945, -0.042380037998577 ], [ -51.156042577999983, -0.04248689099855 ], [ -51.156274982999946, -0.042558145998568 ], [ -51.156436295999981, -0.042558149998528 ], [ -51.156616017999966, -0.042612303998526 ], [ -51.156687985999952, -0.042809656998551 ], [ -51.156687990999956, -0.042988867998533 ], [ -51.156759951999966, -0.043150353998554 ], [ -51.156975787999954, -0.043222613998517 ], [ -51.157155584999941, -0.043223082998502 ], [ -51.157352659999958, -0.04320516999854 ], [ -51.157639311999951, -0.043205175998533 ], [ -51.157764723999946, -0.043258923998504 ], [ -51.157908052999971, -0.043402252998519 ], [ -51.158123039999964, -0.043456000998492 ], [ -51.158320110999966, -0.043366426998541 ], [ -51.15842760299995, -0.043258934998501 ], [ -51.158626600999987, -0.04304600899855 ], [ -51.158824725999978, -0.04295778699856 ], [ -51.159005298999944, -0.042798603998512 ], [ -51.159238899999934, -0.042710452998519 ], [ -51.159541698999924, -0.042672714998573 ], [ -51.159772824999948, -0.042795598998515 ], [ -51.159915285999944, -0.042901771998524 ], [ -51.160094784999956, -0.043027800998518 ], [ -51.160310287999941, -0.043064708998543 ], [ -51.160454022999943, -0.043065677998526 ], [ -51.160705581999935, -0.043067754998502 ], [ -51.160939036999942, -0.043034113998546 ], [ -51.161064606999958, -0.043017279998535 ], [ -51.161261647999936, -0.043000556998549 ], [ -51.161476509999943, -0.042948308998523 ], [ -51.161619714999972, -0.042860055998524 ], [ -51.161834388999978, -0.042736657998559 ], [ -51.161959458999945, -0.042844210998522 ], [ -51.161887838999967, -0.043075310998521 ], [ -51.161691006999945, -0.043252398998498 ], [ -51.16160154399995, -0.043412725998498 ], [ -51.161637330999959, -0.043609454998528 ], [ -51.161726817999984, -0.043770809998513 ], [ -51.161798424999972, -0.043950014998502 ], [ -51.161762766999971, -0.04409314099851 ], [ -51.161584015999949, -0.044074859998513 ], [ -51.161369394999952, -0.043984877998492 ], [ -51.161172570999952, -0.043984233998486 ], [ -51.16097554299995, -0.043965455998519 ], [ -51.160831830999939, -0.043803221998506 ], [ -51.160652160999973, -0.043658618998488 ], [ -51.160454601999959, -0.043585743998492 ], [ -51.160239176999937, -0.043584688998507 ], [ -51.160006322999948, -0.043638174998513 ], [ -51.159863761999986, -0.043782203998518 ], [ -51.159649368999958, -0.043925798998514 ], [ -51.159506498999981, -0.044033469998481 ], [ -51.159309895999968, -0.044176824998511 ], [ -51.159166676999966, -0.044301996998475 ], [ -51.15902362199995, -0.044463095998492 ], [ -51.158772314999965, -0.044551963998464 ], [ -51.158538514999982, -0.0445690749985 ], [ -51.158412861999977, -0.044568846998465 ], [ -51.158232808999969, -0.044550287998452 ], [ -51.157998616999969, -0.044531521998476 ], [ -51.157800572999975, -0.04453092699846 ], [ -51.157567117999974, -0.044530615998505 ], [ -51.157387210999964, -0.044566059998496 ], [ -51.157207316999973, -0.044583621998474 ], [ -51.156974581999982, -0.04460166699847 ], [ -51.156849596999962, -0.044601887998463 ], [ -51.156617532999974, -0.044673967998449 ], [ -51.156546143999947, -0.044835338998493 ], [ -51.15656399399996, -0.044996559998471 ], [ -51.156778189999955, -0.045085828998477 ], [ -51.157010301999946, -0.045139253998447 ], [ -51.157207153999934, -0.045157058998471 ], [ -51.157458917999968, -0.045175340998461 ], [ -51.157566791999955, -0.045211332998448 ], [ -51.157728574999965, -0.045247392998463 ], [ -51.157854098999962, -0.045444517998455 ], [ -51.157907848999962, -0.04560576399845 ], [ -51.157925271999943, -0.045820593998454 ], [ -51.158015187999979, -0.045981954998428 ], [ -51.158140744999962, -0.046107411998449 ], [ -51.158266006999952, -0.046250701998429 ], [ -51.158336770999931, -0.046429667998444 ], [ -51.158498204999944, -0.046573060998413 ], [ -51.158605600999969, -0.04669847899839 ], [ -51.158605205999947, -0.046859709998431 ], [ -51.158677080999951, -0.047038946998425 ], [ -51.158856755999977, -0.047021071998397 ], [ -51.158965821999971, -0.046860025998387 ], [ -51.159200171999949, -0.046878161998385 ], [ -51.159379104999971, -0.047003477998416 ], [ -51.159576092999941, -0.047093004998411 ], [ -51.159791620999954, -0.047146777998399 ], [ -51.159898829999982, -0.047254169998417 ], [ -51.159808056999964, -0.047469014998369 ], [ -51.159789712999952, -0.047683968998361 ], [ -51.159878980999956, -0.047934790998354 ], [ -51.159986254999978, -0.048113982998364 ], [ -51.160093506999949, -0.048239465998341 ], [ -51.160254448999979, -0.048418760998338 ], [ -51.16037969599995, -0.048544285998378 ], [ -51.160522909999933, -0.048669815998367 ], [ -51.160612225999955, -0.048867158998329 ], [ -51.16062988699997, -0.049064533998347 ], [ -51.160737264999966, -0.049208110998307 ], [ -51.160952547999955, -0.049100402998338 ], [ -51.161096294999936, -0.049010438998353 ], [ -51.161365393999972, -0.048902619998367 ], [ -51.16159838599998, -0.048866731998351 ], [ -51.161813538999979, -0.048794864998321 ], [ -51.161957163999944, -0.048633144998337 ], [ -51.162136392999969, -0.048453808998365 ], [ -51.162440808999975, -0.048328402998372 ], [ -51.162548201999982, -0.048364386998344 ], [ -51.162709369999959, -0.048400333998351 ], [ -51.16294217799998, -0.048418150998366 ], [ -51.163139115999968, -0.048418023998344 ], [ -51.163389629999983, -0.048399863998379 ], [ -51.163586228999982, -0.048363710998384 ], [ -51.163711392999971, -0.048381505998345 ], [ -51.16389045699998, -0.048488987998376 ], [ -51.16405227599995, -0.048704470998344 ], [ -51.164196136999976, -0.048884142998342 ], [ -51.164339866999967, -0.049009954998362 ], [ -51.164519474999963, -0.04902826299835 ], [ -51.164716993999946, -0.048956867998329 ], [ -51.164770588999943, -0.048759570998339 ], [ -51.164733358999968, -0.048543705998374 ], [ -51.164660568999977, -0.048381928998365 ], [ -51.164552175, -0.048256164998348 ], [ -51.164336755999955, -0.048202134998354 ], [ -51.164175505999935, -0.04820197099838 ], [ -51.163996119999979, -0.048112246998363 ], [ -51.163870697999982, -0.047951251998382 ], [ -51.163798852999953, -0.047754600998375 ], [ -51.163709236999971, -0.047558092998397 ], [ -51.163601898999957, -0.047397406998383 ], [ -51.163459171999932, -0.047308147998397 ], [ -51.163316475999977, -0.047147431998419 ], [ -51.163405789999956, -0.046968854998387 ], [ -51.163548591999984, -0.046915313998386 ], [ -51.163744949999966, -0.046951045998395 ], [ -51.163941291999947, -0.046986773998398 ], [ -51.164119669999934, -0.047076078998412 ], [ -51.164351702999966, -0.047093937998382 ], [ -51.164601618999939, -0.047093937998382 ], [ -51.164780300999958, -0.047183174998374 ], [ -51.164905569999974, -0.047325983998383 ], [ -51.165067085999958, -0.047379539998389 ], [ -51.16526506799994, -0.047308036998378 ], [ -51.165408786999933, -0.04716499499839 ], [ -51.165534831999935, -0.046986090998403 ], [ -51.165624733999948, -0.046878706998416 ], [ -51.16582204499997, -0.046824943998431 ], [ -51.166019805999952, -0.046860558998375 ], [ -51.166181736999931, -0.047003609998381 ], [ -51.166254056999946, -0.047164648998413 ], [ -51.166380043999943, -0.047307849998363 ], [ -51.166524159999945, -0.047486925998411 ], [ -51.166632332999939, -0.047630244998365 ], [ -51.166651322999932, -0.047845321998365 ], [ -51.166634384999952, -0.048006734998363 ], [ -51.166634822999981, -0.048203970998371 ], [ -51.166581181999959, -0.048401173998338 ], [ -51.166563326999949, -0.048562519998357 ], [ -51.166474574999938, -0.048777944998317 ], [ -51.166403190999972, -0.048975312998359 ], [ -51.166402971999958, -0.049172451998318 ], [ -51.166492066999986, -0.049315611998305 ], [ -51.166652701999958, -0.049440735998321 ], [ -51.166723764999972, -0.049619627998326 ], [ -51.166723130999976, -0.049870137998315 ], [ -51.166776322999965, -0.050048955998302 ], [ -51.166812591999985, -0.050246335998272 ], [ -51.166956618999961, -0.050372239998284 ], [ -51.167117605999977, -0.050318277998306 ], [ -51.167206214999972, -0.050084731998308 ], [ -51.167206672999953, -0.049923747998324 ], [ -51.167206789999966, -0.049726714998324 ], [ -51.167206788999984, -0.049547533998311 ], [ -51.167331848999936, -0.049350281998347 ], [ -51.167545898999947, -0.049278246998339 ], [ -51.16775948999998, -0.04922401499831 ], [ -51.16793761699995, -0.049205777998311 ], [ -51.168063439999969, -0.049134315998317 ], [ -51.168207940999935, -0.048991423998332 ], [ -51.168209110999953, -0.04877678799833 ], [ -51.168048124999984, -0.048669358998372 ], [ -51.167904954999983, -0.048472321998351 ], [ -51.167923584999983, -0.048275367998368 ], [ -51.167996206999931, -0.048042544998349 ], [ -51.167960096999934, -0.047845385998374 ], [ -51.167744493999976, -0.047845337998362 ], [ -51.167600695999965, -0.047952798998393 ], [ -51.167492735999978, -0.048149812998364 ], [ -51.167403295999975, -0.048311077998331 ], [ -51.167367571999932, -0.048526091998375 ], [ -51.167296113999953, -0.048651561998368 ], [ -51.167099570999937, -0.048580039998331 ], [ -51.166938726999945, -0.04840094899833 ], [ -51.166902978999985, -0.048239678998357 ], [ -51.166831360999936, -0.048042552998373 ], [ -51.166830050999977, -0.047791525998393 ], [ -51.166829114999985, -0.047612318998365 ], [ -51.166828232999933, -0.047397377998408 ], [ -51.166845345999945, -0.047218332998375 ], [ -51.166898246999956, -0.047039357998395 ], [ -51.166968979999979, -0.046842560998404 ], [ -51.167112060999955, -0.046753087998402 ], [ -51.16727360699997, -0.046753020998433 ], [ -51.167471464999949, -0.046824496998386 ], [ -51.167667791999982, -0.046788766998411 ], [ -51.167864057999964, -0.046788843998392 ], [ -51.168060820999983, -0.046842550998397 ], [ -51.168276395999953, -0.046896170998411 ], [ -51.168420521999955, -0.046949797998409 ], [ -51.168530329999953, -0.047110805998422 ], [ -51.168622450999976, -0.047307779998366 ], [ -51.168676809999965, -0.047486972998365 ], [ -51.16865807399995, -0.047684056998397 ], [ -51.168585859999951, -0.047899024998356 ], [ -51.168586460999968, -0.04806033699834 ], [ -51.168728889999954, -0.048167728998353 ], [ -51.168890253999962, -0.048042335998394 ], [ -51.168998536999936, -0.047845318998394 ], [ -51.169017173999976, -0.047666169998387 ], [ -51.168999696999947, -0.047486976998381 ], [ -51.168962239999985, -0.047289873998386 ], [ -51.168923024999977, -0.047110869998372 ], [ -51.168955160999978, -0.046932081998406 ], [ -51.169095862999939, -0.046807039998433 ], [ -51.169276554999954, -0.046914240998418 ], [ -51.169333252999934, -0.047093040998373 ], [ -51.169336922999953, -0.047289900998383 ], [ -51.16933878399994, -0.047504876998367 ], [ -51.169356626999964, -0.047648212998375 ], [ -51.16937446999998, -0.047845295998357 ], [ -51.169517191999944, -0.047970663998349 ], [ -51.169695560999969, -0.047916860998395 ], [ -51.169820394999931, -0.047773524998389 ], [ -51.169908796999948, -0.047612284998383 ], [ -51.169907903999956, -0.047415284998381 ], [ -51.169851935999979, -0.047236269998368 ], [ -51.169777777999968, -0.047057384998403 ], [ -51.169757401999959, -0.046878623998388 ], [ -51.169827338999937, -0.046699900998417 ], [ -51.170023243999943, -0.046610568998399 ], [ -51.17020230199995, -0.046628426998433 ], [ -51.170327434999933, -0.046825140998398 ], [ -51.170364232999987, -0.046986028998378 ], [ -51.170366464999972, -0.04721848199839 ], [ -51.170368011999983, -0.04737948999841 ], [ -51.170352057999935, -0.0475763679984 ], [ -51.170335363999989, -0.047791210998372 ], [ -51.170265289999968, -0.047970338998377 ], [ -51.170123939999939, -0.048113759998392 ], [ -51.169964309999955, -0.048203478998345 ], [ -51.169751096999953, -0.048293266998368 ], [ -51.169589237999951, -0.048436519998342 ], [ -51.169535252999943, -0.048651472998345 ], [ -51.169553249999971, -0.048866478998355 ], [ -51.169589243999951, -0.049045676998307 ], [ -51.169589245999987, -0.049206923998353 ], [ -51.169589247999966, -0.049421919998298 ], [ -51.169623494999939, -0.049636404998303 ], [ -51.169729853999968, -0.049815143998338 ], [ -51.169836991999944, -0.049904578998284 ], [ -51.170035413999983, -0.049851330998312 ], [ -51.17010908799994, -0.049672830998317 ], [ -51.170038750999936, -0.049494040998318 ], [ -51.170039269999954, -0.049297051998301 ], [ -51.170201316999965, -0.049135932998322 ], [ -51.170326787999954, -0.049189703998332 ], [ -51.170452259999934, -0.049351015998314 ], [ -51.170452263999941, -0.049548173998306 ], [ -51.170506039999964, -0.049727409998307 ], [ -51.170595147999961, -0.049888558998311 ], [ -51.170720428999978, -0.0500318799983 ], [ -51.170954153999958, -0.049978345998283 ], [ -51.17106169799996, -0.049799111998316 ], [ -51.171061518999977, -0.049583983998347 ], [ -51.171006717999944, -0.049386583998303 ], [ -51.170933906999956, -0.049242964998336 ], [ -51.17100275599995, -0.049009479998318 ], [ -51.171144337999976, -0.048919609998312 ], [ -51.171287422999967, -0.048973301998368 ], [ -51.171431491999954, -0.049116725998346 ], [ -51.171627522999977, -0.049098629998326 ], [ -51.171787460999951, -0.048990966998335 ], [ -51.171947776999957, -0.04891920799836 ], [ -51.172127043999971, -0.048937148998309 ], [ -51.172272037999953, -0.049080691998347 ], [ -51.172310269999969, -0.049278147998303 ], [ -51.172348064999937, -0.049457688998324 ], [ -51.172384337, -0.049636947998306 ], [ -51.172385657999939, -0.049852281998313 ], [ -51.172351352999961, -0.050067732998284 ], [ -51.172280588999968, -0.050229302998327 ], [ -51.172190967999938, -0.050372690998287 ], [ -51.171975870999972, -0.050462304998277 ], [ -51.171815079999931, -0.050462479998304 ], [ -51.171636832999972, -0.05046282299831 ], [ -51.171404043999985, -0.050444986998271 ], [ -51.171224760999962, -0.050444982998317 ], [ -51.171008597999958, -0.050444601998308 ], [ -51.170810013999983, -0.050461994998316 ], [ -51.170665167999964, -0.050479346998299 ], [ -51.170466092999959, -0.050550220998312 ], [ -51.170393729999944, -0.050711140998291 ], [ -51.170592729999953, -0.050819468998299 ], [ -51.170755652999958, -0.050820177998248 ], [ -51.170954543999983, -0.050802984998284 ], [ -51.171152785999936, -0.050785490998268 ], [ -51.171386982999927, -0.050839727998292 ], [ -51.171494666999934, -0.050929416998282 ], [ -51.171674791999976, -0.050965605998291 ], [ -51.171871677999945, -0.05100132899829 ], [ -51.172067969999944, -0.051036823998254 ], [ -51.172264003999942, -0.051036374998281 ], [ -51.17244261899998, -0.05110783399825 ], [ -51.172604074999974, -0.051287134998244 ], [ -51.172764961999974, -0.051376586998244 ], [ -51.17294385699995, -0.051430222998257 ], [ -51.173123117999985, -0.051591546998227 ], [ -51.173284452999944, -0.051734945998248 ], [ -51.173427863999962, -0.051896268998229 ], [ -51.17358920099997, -0.052039669998228 ], [ -51.173714686999972, -0.052165144998226 ], [ -51.173822250999926, -0.052344392998216 ], [ -51.173786406999966, -0.052505711998235 ], [ -51.173607309999973, -0.052631247998219 ], [ -51.173411456999986, -0.05264981699824 ], [ -51.173250482999947, -0.052596216998235 ], [ -51.173053267999933, -0.052596207998219 ], [ -51.172946733999936, -0.052435370998217 ], [ -51.172731908999936, -0.05238174499821 ], [ -51.172481537999936, -0.052274487998245 ], [ -51.172302757999944, -0.052131300998256 ], [ -51.17206813699994, -0.052058823998254 ], [ -51.171850977999945, -0.051968173998254 ], [ -51.171706428999983, -0.051877978998219 ], [ -51.171562063999936, -0.051769956998269 ], [ -51.171364428999937, -0.051662182998254 ], [ -51.171202271999967, -0.051661739998223 ], [ -51.171022041999947, -0.05167911499825 ], [ -51.170823356999954, -0.051731997998271 ], [ -51.170624409999959, -0.051713041998256 ], [ -51.170425397999963, -0.051747711998242 ], [ -51.170299467999939, -0.051854768998223 ], [ -51.170209535999966, -0.052051415998208 ], [ -51.170030837999946, -0.052105311998264 ], [ -51.16987028799997, -0.051980363998261 ], [ -51.169709714999954, -0.051855394998248 ], [ -51.169477478999973, -0.051766206998247 ], [ -51.169281184999932, -0.051802460998261 ], [ -51.169173462999936, -0.05189179999825 ], [ -51.169045677999975, -0.052051161998229 ], [ -51.168901077999976, -0.052121684998252 ], [ -51.168831709999949, -0.051908572998224 ], [ -51.168779856999954, -0.05173087899823 ], [ -51.168692212999986, -0.051535208998254 ], [ -51.168603188999953, -0.051374357998283 ], [ -51.168387627999948, -0.051320207998243 ], [ -51.168207433999953, -0.051444809998272 ], [ -51.168080865999968, -0.051640855998243 ], [ -51.168026251999947, -0.051801257998246 ], [ -51.167989378999955, -0.051979348998255 ], [ -51.167845728999964, -0.052122108998207 ], [ -51.167684627999961, -0.052229459998257 ], [ -51.167452644999969, -0.052212245998235 ], [ -51.167274369999973, -0.05208768999823 ], [ -51.167168063999952, -0.051891881998239 ], [ -51.167025392999953, -0.051785034998263 ], [ -51.166864680999936, -0.051695972998232 ], [ -51.166702879999946, -0.05178486199827 ], [ -51.166791654999948, -0.051963088998255 ], [ -51.166934036999976, -0.052123274998209 ], [ -51.167022767999981, -0.052265606998201 ], [ -51.167075380999954, -0.052461228998226 ], [ -51.167073855999945, -0.052656217998188 ], [ -51.167090015999982, -0.052868705998224 ], [ -51.167018276999954, -0.053100858998176 ], [ -51.166892425999947, -0.053135662998224 ], [ -51.166695138999955, -0.053063235998205 ], [ -51.166623908999952, -0.052884870998198 ], [ -51.166517401999954, -0.052671401998196 ], [ -51.166410548999977, -0.052528954998223 ], [ -51.166357995999931, -0.052333746998252 ], [ -51.166359234999966, -0.052156506998227 ], [ -51.166324634999967, -0.051961195998267 ], [ -51.166199509999963, -0.051854010998219 ], [ -51.16598425199993, -0.051817568998271 ], [ -51.165841120999971, -0.051763928998236 ], [ -51.165626469999943, -0.05167459199822 ], [ -51.165429823999936, -0.051567540998242 ], [ -51.165305178, -0.051443252998249 ], [ -51.165234494999929, -0.051283561998286 ], [ -51.16505475799994, -0.05140780799827 ], [ -51.165000142999986, -0.051585188998278 ], [ -51.165053121999968, -0.051744935998271 ], [ -51.165052330999963, -0.051922318998256 ], [ -51.164997827999969, -0.052117300998234 ], [ -51.164801092999937, -0.052135016998238 ], [ -51.164658517999953, -0.052028817998222 ], [ -51.164462445999959, -0.05190526599824 ], [ -51.164319645999967, -0.05185245299821 ], [ -51.164140983999971, -0.051817464998233 ], [ -51.163926352999965, -0.051871555998268 ], [ -51.163836730999947, -0.051996264998238 ], [ -51.163782732999948, -0.052191687998216 ], [ -51.163657582999981, -0.052317305998234 ], [ -51.163461071999961, -0.052158120998217 ], [ -51.163371879999943, -0.051981207998257 ], [ -51.163192880999986, -0.05194594299825 ], [ -51.163031712999953, -0.052053423998231 ], [ -51.162924273999977, -0.052196870998257 ], [ -51.162798911999978, -0.052340030998247 ], [ -51.162637736999955, -0.052483395998224 ], [ -51.162494483999978, -0.052608404998208 ], [ -51.162351249999972, -0.052733397998192 ], [ -51.162190101999954, -0.052822868998209 ], [ -51.162010865999946, -0.05271675499821 ], [ -51.161974859999987, -0.052538925998221 ], [ -51.161938844999945, -0.052360952998223 ], [ -51.161741757999941, -0.052378760998218 ], [ -51.161598534999939, -0.052467782998214 ], [ -51.161509278999972, -0.052681353998222 ], [ -51.161455799999935, -0.052841456998201 ], [ -51.16138459299998, -0.053018749998227 ], [ -51.161205893999977, -0.053089132998203 ], [ -51.161080309999932, -0.052911134998185 ], [ -51.160990486999935, -0.052697277998187 ], [ -51.160954357999969, -0.052519147998201 ], [ -51.160846740999943, -0.052340508998252 ], [ -51.160756954999961, -0.052126157998244 ], [ -51.16070315099995, -0.051965101998227 ], [ -51.160774406999963, -0.05178686599822 ], [ -51.16082783599996, -0.051626334998276 ], [ -51.160666793999951, -0.051482516998256 ], [ -51.160452035999981, -0.051356663998274 ], [ -51.160309168999959, -0.051320089998236 ], [ -51.160131621999938, -0.051460922998282 ], [ -51.159953834999946, -0.051548593998237 ], [ -51.159739533999975, -0.051548014998282 ], [ -51.159560297999974, -0.051476877998262 ], [ -51.159541435999984, -0.05131703799829 ], [ -51.159612184999958, -0.051174874998272 ], [ -51.159414580999965, -0.05106820599828 ], [ -51.15923563299998, -0.051085988998257 ], [ -51.159039460999963, -0.051085196998276 ], [ -51.158967176999965, -0.050942617998285 ], [ -51.159001673999967, -0.050764750998298 ], [ -51.15900075199994, -0.050568507998304 ], [ -51.159071346999951, -0.050408143998296 ], [ -51.159124055999939, -0.050229759998319 ], [ -51.159177260999968, -0.050032994998275 ], [ -51.159159819999957, -0.049835437998302 ], [ -51.159052925999958, -0.049655757998333 ], [ -51.15898178499998, -0.049494135998332 ], [ -51.158964038999954, -0.049261073998331 ], [ -51.159053815999982, -0.049117630998323 ], [ -51.159197493999955, -0.04897413199834 ], [ -51.159304941999949, -0.048812896998343 ], [ -51.159447820999958, -0.048615970998344 ], [ -51.15957276599994, -0.04847277599833 ], [ -51.159627135999983, -0.048275448998363 ], [ -51.159574022999948, -0.048114024998372 ], [ -51.159359234999954, -0.048060235998386 ], [ -51.159180079999942, -0.048113980998386 ], [ -51.159018840999977, -0.048239387998367 ], [ -51.158929263999937, -0.048418539998342 ], [ -51.158821770999964, -0.048579776998328 ], [ -51.158660531999942, -0.048705183998364 ], [ -51.15846378599997, -0.048812569998329 ], [ -51.158285649999982, -0.048865980998338 ], [ -51.158089791999942, -0.04891933499832 ], [ -51.157929617999969, -0.04891902699834 ], [ -51.157751454999982, -0.048865070998357 ], [ -51.157661939999969, -0.048703988998325 ], [ -51.157642832999962, -0.048507364998374 ], [ -51.157463798999977, -0.048417850998357 ], [ -51.157285996999974, -0.048507116998325 ], [ -51.157144066999933, -0.048614237998371 ], [ -51.157001835999949, -0.04873928499835 ], [ -51.156823113999963, -0.048792914998372 ], [ -51.156572206999961, -0.048685654998322 ], [ -51.156428846999972, -0.048632019998356 ], [ -51.156303004999984, -0.048488973998354 ], [ -51.156159169999967, -0.048328014998328 ], [ -51.156051101999935, -0.048167022998374 ], [ -51.155871665999939, -0.047934375998364 ], [ -51.15576426299998, -0.047844876998352 ], [ -51.155621058999941, -0.047719578998357 ], [ -51.155477853999969, -0.047558480998384 ], [ -51.155388193999954, -0.047361582998381 ], [ -51.155332468999973, -0.047146708998395 ], [ -51.155187503999969, -0.046967557998398 ], [ -51.155095865999954, -0.046752467998422 ], [ -51.155076848999954, -0.046573205998415 ], [ -51.155093742999952, -0.046375983998421 ], [ -51.155146377999984, -0.046142848998456 ], [ -51.155236727999977, -0.045963773998454 ], [ -51.155236725999934, -0.045820413998421 ], [ -51.155381442999953, -0.045623622998421 ], [ -51.155509129999984, -0.045498807998438 ], [ -51.155673181999987, -0.045356348998478 ], [ -51.155764134999977, -0.045177770998454 ], [ -51.155728008999972, -0.045034459998466 ], [ -51.15554734199997, -0.045016006998471 ], [ -51.155365745, -0.045086822998473 ], [ -51.155147652999972, -0.04508585599847 ], [ -51.154967089999957, -0.045067521998467 ], [ -51.154769027999976, -0.045049326998471 ], [ -51.154589034999958, -0.04501325699845 ], [ -51.154409100999942, -0.044959280998449 ], [ -51.15422988499995, -0.044941369998464 ], [ -51.154014875999962, -0.044941401998468 ], [ -51.153837501999931, -0.044924004998446 ], [ -51.153660289999948, -0.044978314998496 ], [ -51.153482240999949, -0.044996531998487 ], [ -51.153409719999956, -0.044781289998469 ], [ -51.15346189699995, -0.044565784998508 ], [ -51.153514554999958, -0.04436828399851 ], [ -51.153586250999972, -0.044171123998491 ], [ -51.153478696999969, -0.044027730998519 ], [ -51.153227746999967, -0.044027724998524 ], [ -51.153084342999932, -0.04390225399848 ], [ -51.152922341999954, -0.043830306998507 ], [ -51.152760387999933, -0.043740450998518 ], [ -51.152526860999956, -0.043668566998503 ], [ -51.152384025999936, -0.043758406998486 ], [ -51.152205607999981, -0.043866245998488 ], [ -51.152024894999954, -0.04399124899848 ], [ -51.151990030999968, -0.044170816998495 ], [ -51.15188171899996, -0.044314002998492 ], [ -51.151737118999961, -0.044428894998489 ], [ -51.151596178999966, -0.044438905998459 ], [ -51.151546018999966, -0.044418842998495 ], [ -51.151505891999932, -0.044388747998496 ], [ -51.151470779999954, -0.044343605998465 ], [ -51.151430652999977, -0.044298462998504 ], [ -51.151415604999954, -0.044248304998483 ], [ -51.151405572999984, -0.044198146998514 ], [ -51.151390524999954, -0.044142972998507 ], [ -51.151375476999931, -0.04408278299851 ], [ -51.151355412999983, -0.044027608998502 ], [ -51.15132531699993, -0.043972433998501 ], [ -51.151295030999961, -0.043917220998511 ], [ -51.151259607999975, -0.043872006998501 ], [ -51.151219194999953, -0.043831809998524 ], [ -51.15117870399996, -0.043781551998483 ], [ -51.151148168999953, -0.043721227998485 ], [ -51.151117696999954, -0.04367094599852 ], [ -51.151087218999976, -0.043620651998522 ], [ -51.151046693999945, -0.043570345998531 ], [ -51.151026204999937, -0.0435149969985 ], [ -51.151025722999975, -0.043449565998501 ], [ -51.151040455999976, -0.043404256998535 ], [ -51.151075390999949, -0.043374045998509 ], [ -51.151141614999972, -0.043354307998521 ], [ -51.151228198999945, -0.043349764998531 ], [ -51.151274024999964, -0.043345005998493 ], [ -51.151319797, -0.043345252998501 ], [ -51.151370565999976, -0.043355530998546 ], [ -51.151431440999943, -0.043370858998504 ], [ -51.151487177999968, -0.043391153998517 ], [ -51.15154285999995, -0.043416439998502 ], [ -51.151573027999973, -0.043461588998512 ], [ -51.151587941999935, -0.043511663998501 ], [ -51.151587664999965, -0.043556675998546 ], [ -51.151617804999944, -0.043606826998528 ], [ -51.151642869999932, -0.043656955998511 ], [ -51.151712363999934, -0.043691819998494 ], [ -51.151773739999953, -0.043668502998492 ], [ -51.151937073999939, -0.043543724998516 ], [ -51.152150085999949, -0.04343540199851 ], [ -51.152309790999936, -0.043345123998497 ], [ -51.152471221999967, -0.043291355998513 ], [ -51.152723869999932, -0.043220315998545 ], [ -51.152886239999987, -0.043131125998511 ], [ -51.152994466999985, -0.043005951998513 ], [ -51.153066381999963, -0.042808890998528 ], [ -51.153263552999938, -0.042665505998525 ], [ -51.153478353999958, -0.042521965998521 ], [ -51.15362091999998, -0.042378113998575 ], [ -51.153691796999965, -0.04223423299854 ], [ -51.153797677999933, -0.042018084998553 ], [ -51.153939660999981, -0.041873713998583 ], [ -51.154065007999975, -0.041783919998561 ], [ -51.154279466999974, -0.041711675998602 ], [ -51.154522924999988, -0.041649395998593 ], [ -51.154702188999977, -0.041653026998562 ], [ -51.154809501999971, -0.041796480998568 ] ] ] } },
{ "type": "Feature", "properties": { "num_setor": "AP_LARANJA_SR_03_CPRM", "munic": "LARANJAL DO JARI", "grau_risco": "Alto", "distancia_km": 1.14, "chuva_24h": 1.9, "chuva_72h": 3.0, "fonte_estacao": "openmeteo", "codigo_estacao": "openmeteo", "nome_estacao": "Open-Meteo (célula de grade)" }, "geometry": { "type": "Polygon", "coordinates": [ [ [ -52.510167873999933, -0.839901349972236 ], [ -52.510529178999938, -0.840097274972242 ], [ -52.510939506999932, -0.840181160972274 ], [ -52.510901018999959, -0.840423456972215 ], [ -52.511006949999967, -0.840568189972224 ], [ -52.511085849999972, -0.840796830972252 ], [ -52.511299687999951, -0.840924299972195 ], [ -52.511288005999965, -0.841148759972216 ], [ -52.511141713999962, -0.841554941972205 ], [ -52.511084436999958, -0.841924799972195 ], [ -52.511239030999945, -0.842210928972205 ], [ -52.511117547999966, -0.842490859972161 ], [ -52.511102455999946, -0.842524204972178 ], [ -52.510960151999939, -0.842960194972135 ], [ -52.510867293999979, -0.843152737972153 ], [ -52.510860217999948, -0.843352217972145 ], [ -52.511138268999957, -0.843407444972155 ], [ -52.511317043999959, -0.843517423972152 ], [ -52.511511080999973, -0.843639399972149 ], [ -52.511721968999957, -0.843677194972123 ], [ -52.511750720999942, -0.843656850972115 ], [ -52.511781575999976, -0.843788951972128 ], [ -52.511979838999935, -0.843894264972139 ], [ -52.511984260999952, -0.843895053972147 ], [ -52.512222444999963, -0.843982096972147 ], [ -52.512459331999935, -0.844063653972134 ], [ -52.512728720999974, -0.84417443297214 ], [ -52.512998695999954, -0.8443018579721 ], [ -52.513007777999967, -0.844307048972112 ], [ -52.513158721999957, -0.844335328972091 ], [ -52.513415539999983, -0.844396086972106 ], [ -52.51337612899993, -0.844568883972103 ], [ -52.513372716999982, -0.844585234972103 ], [ -52.513239591999934, -0.844888444972067 ], [ -52.513194166999938, -0.845047415972078 ], [ -52.512929121999946, -0.8454332129721 ], [ -52.512319484999978, -0.845906565972043 ], [ -52.512287506999932, -0.845925886972072 ], [ -52.512255584999934, -0.845945173972058 ], [ -52.511564996999937, -0.845765349972074 ], [ -52.51152376899995, -0.845758530972054 ], [ -52.511449569999961, -0.845746259972053 ], [ -52.510909292999941, -0.8455481369721 ], [ -52.510884568999984, -0.84554398197204 ], [ -52.510165444999984, -0.845205884972056 ], [ -52.509898757999963, -0.844803099972124 ], [ -52.51015816499995, -0.844130919972103 ], [ -52.510387113999968, -0.843416399972158 ], [ -52.510549944999987, -0.842658235972191 ], [ -52.510658039999953, -0.842454816972199 ], [ -52.510801352999977, -0.842039944972188 ], [ -52.510947878999957, -0.841426559972195 ], [ -52.510651279999934, -0.840888548972213 ], [ -52.510551969999938, -0.840699770972228 ], [ -52.510553948999984, -0.840691513972237 ], [ -52.50992660999998, -0.840468224972224 ], [ -52.509335012999941, -0.840121340972225 ], [ -52.509198040999941, -0.839788431972286 ], [ -52.509290519999979, -0.839556523972248 ], [ -52.509449006999944, -0.839519221972293 ], [ -52.510167873999933, -0.839901349972236 ] ] ] } },
{ "type": "Feature", "properties": { "num_setor": "AP_LARANJA_SR_02_CPRM", "munic": "LARANJAL DO JARI", "grau_risco": "Alto", "distancia_km": 1.22, "chuva_24h": 0.7, "chuva_72h": 1.2, "fonte_estacao": "openmeteo", "codigo_estacao": "openmeteo", "nome_estacao": "Open-Meteo (célula de grade)" }, "geometry": { "type": "Polygon", "coordinates": [ [ [ -52.532311517999972, -0.851526147971869 ], [ -52.53290412299998, -0.852041398971874 ], [ -52.533484818999966, -0.852382247971864 ], [ -52.533851527999957, -0.852585859971863 ], [ -52.534286962999943, -0.852848448971842 ], [ -52.534548565999962, -0.853020596971825 ], [ -52.534661532999962, -0.853327451971834 ], [ -52.534945066999967, -0.853732685971792 ], [ -52.53506198499997, -0.853974400971798 ], [ -52.53545220999996, -0.8543338729718 ], [ -52.53560102299997, -0.854555794971775 ], [ -52.535576100999947, -0.855083607971775 ], [ -52.536723406999954, -0.855215866971766 ], [ -52.537578273999941, -0.855344172971731 ], [ -52.53778847399996, -0.855538440971751 ], [ -52.53822851499995, -0.855618628971716 ], [ -52.538288362999936, -0.85554125697176 ], [ -52.538389855999981, -0.855516675971773 ], [ -52.538592308999966, -0.855426399971734 ], [ -52.538871873999938, -0.855274841971773 ], [ -52.539372645999947, -0.854777299971781 ], [ -52.539571415999951, -0.854452936971782 ], [ -52.539808424999933, -0.854156427971789 ], [ -52.539988046999945, -0.853816009971796 ], [ -52.540319005999947, -0.853376094971793 ], [ -52.541094555999962, -0.853777324971801 ], [ -52.541129532999946, -0.853787406971813 ], [ -52.541405361999985, -0.853939239971773 ], [ -52.541316482999946, -0.854897460971765 ], [ -52.540005591999943, -0.856610610971703 ], [ -52.53813516099995, -0.857518180971655 ], [ -52.538076454999945, -0.857523474971662 ], [ -52.537936311999935, -0.857531982971667 ], [ -52.537853478999978, -0.857545779971676 ], [ -52.537806305999936, -0.857551988971667 ], [ -52.536240365999959, -0.857837422971689 ], [ -52.536193872999952, -0.857845082971685 ], [ -52.536101880999979, -0.857848380971656 ], [ -52.536056388999953, -0.857844307971634 ], [ -52.534417316999964, -0.857882886971669 ], [ -52.534360610999947, -0.857877788971639 ], [ -52.534258543999947, -0.857868612971652 ], [ -52.53420265799997, -0.85785256997169 ], [ -52.533622416999947, -0.857896931971672 ], [ -52.531609747999937, -0.857935080971648 ], [ -52.529324943999939, -0.857687666971654 ], [ -52.528197143999932, -0.857259731971668 ], [ -52.525315861999957, -0.857416453971705 ], [ -52.525248513999941, -0.857410438971709 ], [ -52.525136269999962, -0.85740041397165 ], [ -52.524979129999963, -0.857386379971709 ], [ -52.52484444199996, -0.857374349971655 ], [ -52.52471176499995, -0.857340811971687 ], [ -52.523426977999975, -0.857291044971688 ], [ -52.52329586999997, -0.857235907971684 ], [ -52.521240403999968, -0.855976166971711 ], [ -52.520794582999933, -0.853032605971809 ], [ -52.52100135999995, -0.850851531971923 ], [ -52.520995555999946, -0.850835723971924 ], [ -52.520978991999975, -0.850813819971872 ], [ -52.52090601499998, -0.849641867971919 ], [ -52.520851730999937, -0.848824960971943 ], [ -52.521020992999972, -0.848307711971977 ], [ -52.521020675999971, -0.848277535971986 ], [ -52.521116182999947, -0.848002761972001 ], [ -52.521527107999987, -0.847801672971982 ], [ -52.521641931999966, -0.84760143097198 ], [ -52.521982130999959, -0.847449778971987 ], [ -52.522087391999946, -0.84720525697199 ], [ -52.522109847999957, -0.847188167972006 ], [ -52.522454305999986, -0.846928865972004 ], [ -52.52273390299996, -0.846704069972011 ], [ -52.522744239999952, -0.846675044972007 ], [ -52.522800202, -0.846538096972034 ], [ -52.522610515999986, -0.846402607972039 ], [ -52.522493392999934, -0.846210585972025 ], [ -52.522494345999974, -0.846197328972049 ], [ -52.522382388999972, -0.846048530972053 ], [ -52.522607219999941, -0.845885205972038 ], [ -52.522900478999986, -0.845785794972038 ], [ -52.523087737999958, -0.845646819972067 ], [ -52.523238338999931, -0.845502632972085 ], [ -52.523619611999948, -0.845351844972045 ], [ -52.524012160999973, -0.845233511972067 ], [ -52.524090240999953, -0.845096561972109 ], [ -52.524306257999967, -0.845162282972113 ], [ -52.524572386999971, -0.845186159972098 ], [ -52.525203032999976, -0.845659477972071 ], [ -52.525709456999948, -0.846081397972067 ], [ -52.525811335999947, -0.846251619972068 ], [ -52.525841125999932, -0.846499253972068 ], [ -52.525606836999941, -0.846652896972033 ], [ -52.525709337999949, -0.846973852972021 ], [ -52.525603141999966, -0.847306801971994 ], [ -52.52533118499997, -0.847582894972006 ], [ -52.525290905999945, -0.848102346971985 ], [ -52.525418143999957, -0.84870255897196 ], [ -52.525899851999952, -0.848496197971983 ], [ -52.526386725999942, -0.847885923972009 ], [ -52.526580311999965, -0.847574293972018 ], [ -52.527251906999936, -0.847519458972004 ], [ -52.527638962999958, -0.847772879972025 ], [ -52.527806338999937, -0.847873727972009 ], [ -52.528076647999967, -0.847993363971967 ], [ -52.52813605799998, -0.848160486972002 ], [ -52.528343640999935, -0.848122123971962 ], [ -52.528630734999979, -0.848344593971991 ], [ -52.529079366999945, -0.848834256971977 ], [ -52.529518099999969, -0.849036057971974 ], [ -52.529623963999938, -0.849043015971939 ], [ -52.52978518599997, -0.849156156971923 ], [ -52.52989753199995, -0.848950763971947 ], [ -52.530099708999948, -0.849058100971973 ], [ -52.530213880999952, -0.849238061971926 ], [ -52.530231332999954, -0.849410554971952 ], [ -52.530438290999939, -0.84952826697191 ], [ -52.530536796999968, -0.84940103597195 ], [ -52.530748419999945, -0.84950970997194 ], [ -52.530975936999937, -0.849649663971952 ], [ -52.531192748999956, -0.849771671971954 ], [ -52.531284088999939, -0.849960573971938 ], [ -52.53144649099994, -0.850073771971941 ], [ -52.531583668999986, -0.850206425971906 ], [ -52.531816423999942, -0.850303527971889 ], [ -52.531900678999939, -0.85022504397192 ], [ -52.532017836999955, -0.850271642971892 ], [ -52.532235869999965, -0.850392348971903 ], [ -52.53231360999996, -0.8505089719719 ], [ -52.532463493999956, -0.850678846971879 ], [ -52.532427268999982, -0.850987233971888 ], [ -52.532395964999978, -0.851131206971918 ], [ -52.532392842999968, -0.851274803971883 ], [ -52.532304583999974, -0.851460224971848 ], [ -52.532311517999972, -0.851526147971869 ] ] ] } },
{ "type": "Feature", "properties": { "num_setor": "AP_LARANJA_SR_04_CPRM", "munic": "LARANJAL DO JARI", "grau_risco": "Muito alto", "distancia_km": 1.03, "chuva_24h": 0.7, "chuva_72h": 1.2, "fonte_estacao": "openmeteo", "codigo_estacao": "openmeteo", "nome_estacao": "Open-Meteo (célula de grade)" }, "geometry": { "type": "Polygon", "coordinates": [ [ [ -52.499859479999934, -0.822201816972839 ], [ -52.499720391999972, -0.822236864972865 ], [ -52.499607942999944, -0.822139613972866 ], [ -52.499597673999972, -0.822125168972838 ], [ -52.49953605099995, -0.822065393972828 ], [ -52.499392800999935, -0.821904170972868 ], [ -52.499390538999926, -0.82190099197283 ], [ -52.499314045999938, -0.821763009972823 ], [ -52.499311083999942, -0.821755455972849 ], [ -52.499309942999957, -0.821753849972842 ], [ -52.499277030999963, -0.821697347972834 ], [ -52.49927748999994, -0.821694601972887 ], [ -52.499265588999947, -0.821630259972854 ], [ -52.49926467399996, -0.821618762972851 ], [ -52.499280542999941, -0.821566253972856 ], [ -52.499281925999981, -0.821557982972846 ], [ -52.499303069999939, -0.821533354972837 ], [ -52.499306284999932, -0.821531089972856 ], [ -52.499352444999943, -0.82148398097288 ], [ -52.499490668999947, -0.821674072972841 ], [ -52.499657764999938, -0.821897325972838 ], [ -52.499674296999956, -0.821923852972825 ], [ -52.499859479999934, -0.822201816972839 ] ] ] } },
{ "type": "Feature", "properties": { "num_setor": "AP_LARANJA_SR_05_CPRM", "munic": "LARANJAL DO JARI", "grau_risco": "Muito alto", "distancia_km": 1.11, "chuva_24h": 0.7, "chuva_72h": 1.2, "fonte_estacao": "openmeteo", "codigo_estacao": "openmeteo", "nome_estacao": "Open-Meteo (célula de grade)" }, "geometry": { "type": "Polygon", "coordinates": [ [ [ -52.499342707999979, -0.821956029972864 ], [ -52.499490316999982, -0.82212257097286 ], [ -52.499639443999968, -0.822370916972829 ], [ -52.499678243999938, -0.822585309972845 ], [ -52.499790167999947, -0.822774874972803 ], [ -52.499792261999971, -0.8227848299728 ], [ -52.499782573999937, -0.822812773972808 ], [ -52.499580974999958, -0.822994327972798 ], [ -52.499256259999981, -0.823112945972837 ], [ -52.499237236999932, -0.823122069972812 ], [ -52.499232228, -0.823123095972816 ], [ -52.498951230999971, -0.823128407972801 ], [ -52.498933102999963, -0.823116454972792 ], [ -52.498631323999973, -0.822661082972832 ], [ -52.498628305999937, -0.822646054972827 ], [ -52.498713532999943, -0.822286403972836 ], [ -52.498720600999945, -0.822269488972841 ], [ -52.498730695999939, -0.822241636972821 ], [ -52.498992430999976, -0.822066689972823 ], [ -52.499342707999979, -0.821956029972864 ] ] ] } },
{ "type": "Feature", "properties": { "num_setor": "AP_SANT_SR_03_CPRM", "munic": "SANTANA", "grau_risco": "Alto", "distancia_km": 1.07, "chuva_24h": 6.6, "chuva_72h": 8.7, "fonte_estacao": "openmeteo", "codigo_estacao": "openmeteo", "nome_estacao": "Open-Meteo (célula de grade)" }, "geometry": { "type": "Polygon", "coordinates": [ [ [ -51.173097679999955, -0.022882533999207 ], [ -51.173164500999974, -0.022919377999172 ], [ -51.173231324999968, -0.022963609999222 ], [ -51.173290736999945, -0.023007862999215 ], [ -51.173350178999947, -0.023044693999205 ], [ -51.173394716999951, -0.023111205999195 ], [ -51.173416879999934, -0.023192486999196 ], [ -51.173468943999978, -0.023244248999197 ], [ -51.173550897999974, -0.023273840999163 ], [ -51.17364035199995, -0.023258820999193 ], [ -51.173737295999949, -0.023221735999163 ], [ -51.173804395999987, -0.023199489999201 ], [ -51.173878937999973, -0.023177246999213 ], [ -51.173953467999979, -0.023155007999186 ], [ -51.174035438999965, -0.023132771999172 ], [ -51.17411741199993, -0.02312536099917 ], [ -51.17418450599996, -0.02314018399918 ], [ -51.174259058999951, -0.023155007999186 ], [ -51.174333561999958, -0.023155101999214 ], [ -51.174407918, -0.023148101999172 ], [ -51.17448964099998, -0.023133739999169 ], [ -51.174563840999951, -0.023104539999203 ], [ -51.174637917, -0.023053165999197 ], [ -51.174727079999968, -0.023008768999186 ], [ -51.174824056999967, -0.022971145999217 ], [ -51.174891216999988, -0.022948534999201 ], [ -51.174973303999934, -0.022933336999171 ], [ -51.175040359999961, -0.022940710999177 ], [ -51.175114689999987, -0.022992989999219 ], [ -51.175174135999953, -0.023037791999208 ], [ -51.175248517999933, -0.023060189999207 ], [ -51.175322976999951, -0.023052723999209 ], [ -51.175397152999949, -0.023008335999219 ], [ -51.175455943999964, -0.022971898999212 ], [ -51.175522001999973, -0.022928175999182 ], [ -51.175602948999938, -0.02292156199921 ], [ -51.175691222999944, -0.022922405999208 ], [ -51.175779410999951, -0.022923249999205 ], [ -51.175852834999951, -0.022923950999183 ], [ -51.175926199999935, -0.022924652999205 ], [ -51.17601433699997, -0.022947599999195 ], [ -51.176080376999948, -0.022962956999188 ], [ -51.176153693999936, -0.022978371999201 ], [ -51.176226958999962, -0.022993775999203 ], [ -51.176307410999982, -0.023001874999222 ], [ -51.176380605999952, -0.023017233999193 ], [ -51.176454487999933, -0.023039528999202 ], [ -51.176535653999963, -0.02305448399918 ], [ -51.176602078999956, -0.023069393999185 ], [ -51.176676010999984, -0.02309903899917 ], [ -51.176742815999944, -0.023150740999175 ], [ -51.176809548999984, -0.0231950879992 ], [ -51.176876203999939, -0.023232075999174 ], [ -51.176950390999934, -0.023283810999175 ], [ -51.17698785999994, -0.023350238999196 ], [ -51.177009151999982, -0.023417223999182 ], [ -51.177000834999944, -0.023498968999173 ], [ -51.176948569999972, -0.023565722999156 ], [ -51.176874758999986, -0.023587857999155 ], [ -51.176801103999935, -0.023595139999165 ], [ -51.176720150999984, -0.023594979999151 ], [ -51.176639096999963, -0.023602249999176 ], [ -51.176565800999988, -0.02360197599917 ], [ -51.176485129999946, -0.023609078999148 ], [ -51.176397110999972, -0.023608736999183 ], [ -51.176301963999954, -0.023623071999182 ], [ -51.176221451999936, -0.02363746399915 ], [ -51.176155549999969, -0.023644520999157 ], [ -51.176060317999941, -0.023643983999153 ], [ -51.176001663999962, -0.023643652999186 ], [ -51.17591287099998, -0.023658364999177 ], [ -51.175845971999934, -0.023688099999181 ], [ -51.175779158999937, -0.023710371999145 ], [ -51.175697782, -0.02371022899918 ], [ -51.175623561999942, -0.023710214999151 ], [ -51.175534463999952, -0.023710214999151 ], [ -51.175460011999974, -0.023732603999189 ], [ -51.175385707999965, -0.02374006699917 ], [ -51.17531840099997, -0.023799739999176 ], [ -51.175243836999982, -0.023844468999141 ], [ -51.175176838999953, -0.023874275999169 ], [ -51.175117280999984, -0.023904072999133 ], [ -51.17503559499994, -0.023918967999187 ], [ -51.174968994999972, -0.023918873999156 ], [ -51.174895204999984, -0.023903770999146 ], [ -51.17480661299993, -0.02390342899918 ], [ -51.174725315999979, -0.023917980999166 ], [ -51.174643998999947, -0.023917646999172 ], [ -51.17455520499994, -0.02391728099918 ], [ -51.174473733999946, -0.023916945999136 ], [ -51.174392157999932, -0.02393152999918 ], [ -51.174310473999988, -0.023961071999172 ], [ -51.174236051999969, -0.023975962999151 ], [ -51.174154228999953, -0.02399821599915 ], [ -51.174072391999971, -0.024013020999181 ], [ -51.173990536999959, -0.024020376999149 ], [ -51.173908659999938, -0.024027734999158 ], [ -51.173841649999986, -0.024050079999144 ], [ -51.173767207999951, -0.024094860999182 ], [ -51.173685341999942, -0.024132144999157 ], [ -51.173633286999973, -0.024176915999129 ], [ -51.173573814999941, -0.024236541999123 ], [ -51.173514349999948, -0.024288679999127 ], [ -51.173454883999966, -0.024333344999144 ], [ -51.173387982999941, -0.02437799399916 ], [ -51.173313613999944, -0.024415177999164 ], [ -51.173261727999943, -0.024482162999151 ], [ -51.173217253999951, -0.024534232999129 ], [ -51.17315045099997, -0.024586272999146 ], [ -51.173056093999946, -0.024684891999109 ], [ -51.173019487999959, -0.024684805999111 ], [ -51.172959614999968, -0.024729452999153 ], [ -51.172884898999939, -0.024781517999126 ], [ -51.172802667999974, -0.024841012999135 ], [ -51.172742639999967, -0.024893075999137 ], [ -51.172682432999977, -0.024952567999124 ], [ -51.172629186999984, -0.025026919999135 ], [ -51.172562395999933, -0.025071451999132 ], [ -51.172503437999978, -0.0251085379991 ], [ -51.172429754999932, -0.025153048999093 ], [ -51.172363742999948, -0.025175286999134 ], [ -51.172275677999949, -0.025204953999111 ], [ -51.172216037999931, -0.02524952999911 ], [ -51.172141434999958, -0.025294100999092 ], [ -51.172089609999944, -0.025331236999096 ], [ -51.172044633999974, -0.025412928999128 ], [ -51.171992405999958, -0.02548718099912 ], [ -51.171925648999945, -0.025546595999125 ], [ -51.171859118999976, -0.025583754999111 ], [ -51.171792274999973, -0.025643170999112 ], [ -51.171717709999939, -0.025687692999109 ], [ -51.17165055199996, -0.025732198999095 ], [ -51.171590590999983, -0.025791497999086 ], [ -51.171530655999959, -0.025850771999104 ], [ -51.171507479999946, -0.025924768999123 ], [ -51.171476936999973, -0.025998721999083 ], [ -51.17141766299995, -0.026050656999071 ], [ -51.171336513999961, -0.026080467999115 ], [ -51.171270071999963, -0.026102835999093 ], [ -51.171196287999983, -0.026117825999099 ], [ -51.171115364999942, -0.026110672999087 ], [ -51.171049442999959, -0.02606646299909 ], [ -51.170983397999976, -0.026022189999073 ], [ -51.170917247999967, -0.025985295999072 ], [ -51.170836127999962, -0.025970660999117 ], [ -51.170739868999931, -0.025985685999101 ], [ -51.170673071999943, -0.025993177999111 ], [ -51.170635404999985, -0.026059890999069 ], [ -51.170590348999959, -0.026126575999105 ], [ -51.17051603799996, -0.026148885999066 ], [ -51.170441898999968, -0.026148998999068 ], [ -51.170367901999953, -0.026126905999086 ], [ -51.170293970999985, -0.026089987999105 ], [ -51.170234886999935, -0.026045613999077 ], [ -51.170175673999957, -0.026001156999081 ], [ -51.170123779999976, -0.025949173999093 ], [ -51.170034401999942, -0.025926814999084 ], [ -51.169960135999986, -0.025889702999111 ], [ -51.169893240999954, -0.025882333999108 ], [ -51.169804003999964, -0.025882425999103 ], [ -51.169729618999952, -0.025882502999079 ], [ -51.169647803999965, -0.025852816999075 ], [ -51.169580814999961, -0.025852881999074 ], [ -51.169506360999947, -0.025852951999128 ], [ -51.169424387999982, -0.025845505999088 ], [ -51.169357318999971, -0.025838060999092 ], [ -51.169275338999967, -0.025838060999092 ], [ -51.169185907999974, -0.025830614999108 ], [ -51.169118835999939, -0.025808276999099 ], [ -51.169051758999956, -0.025763593999106 ], [ -51.168999578999944, -0.025711455999108 ], [ -51.168932480999949, -0.025674206999107 ], [ -51.168857923999958, -0.025651855999118 ], [ -51.168783356999931, -0.025622051999113 ], [ -51.16869388899994, -0.025622051999113 ], [ -51.168611881999944, -0.025629502999102 ], [ -51.168529870999976, -0.025629502999102 ], [ -51.168432955999947, -0.025636954999074 ], [ -51.168350953999948, -0.025644405999121 ], [ -51.168261499999971, -0.025651855999118 ], [ -51.168179479999942, -0.025644405999121 ], [ -51.168119827999931, -0.025622042999098 ], [ -51.16802305899995, -0.025607087999109 ], [ -51.167933787999971, -0.025607040999097 ], [ -51.167837094999975, -0.02559954199911 ], [ -51.167770148999978, -0.025584612999132 ], [ -51.167680956999952, -0.025584569999132 ], [ -51.167599203999941, -0.025577083999122 ], [ -51.167524858999968, -0.025554714999099 ], [ -51.167443104999961, -0.0255397939991 ], [ -51.167353711999972, -0.025532349999095 ], [ -51.167286611999948, -0.02551001499911 ], [ -51.167204634999962, -0.025495124999121 ], [ -51.167092912999969, -0.025495124999121 ], [ -51.167010982999955, -0.025495124999121 ], [ -51.166936502999931, -0.025495124999121 ], [ -51.166861931999954, -0.025472786999111 ], [ -51.166787322999937, -0.025442999999103 ], [ -51.166705257999979, -0.025413209999115 ], [ -51.166645234999976, -0.025361072999107 ], [ -51.166577705999948, -0.025308917999115 ], [ -51.16650276699994, -0.025264196999122 ], [ -51.166443068999975, -0.025256741999119 ], [ -51.166331488999958, -0.025279104999093 ], [ -51.166272093999957, -0.02530146499909 ], [ -51.166220005999946, -0.025308917999115 ], [ -51.166138111999949, -0.025316369999093 ], [ -51.166041236999945, -0.025316369999093 ], [ -51.165966463999951, -0.025294011999129 ], [ -51.165891765999959, -0.025279104999093 ], [ -51.165809338999964, -0.025241829999141 ], [ -51.165741435999962, -0.025174709999098 ], [ -51.165695688999961, -0.025092627999096 ], [ -51.165672480999945, -0.025025432999112 ], [ -51.165626875999983, -0.024958204999142 ], [ -51.165536947999954, -0.024928314999136 ], [ -51.165469390999931, -0.024898418999129 ], [ -51.165446109999948, -0.024831127999142 ], [ -51.165467522999961, -0.024756320999111 ], [ -51.165511354999971, -0.024681472999119 ], [ -51.165585573999977, -0.024644033999134 ], [ -51.165667563999932, -0.024629054999125 ], [ -51.165749652999978, -0.024621565999139 ], [ -51.165839129999945, -0.024606584999146 ], [ -51.165914016999977, -0.024621566999126 ], [ -51.166034023999941, -0.024651555999169 ], [ -51.166086680999967, -0.024666576999139 ], [ -51.166169434999965, -0.024696581999118 ], [ -51.166244610999975, -0.024719091999126 ], [ -51.166334726999935, -0.02473413799911 ], [ -51.166402271999964, -0.024741681999137 ], [ -51.166484899999936, -0.024771649999117 ], [ -51.166582346999974, -0.024771748999152 ], [ -51.166687185999933, -0.024756921999119 ], [ -51.166762093999971, -0.024756999999148 ], [ -51.16685929099998, -0.024757061999116 ], [ -51.166926669999953, -0.024772044999144 ], [ -51.167016482999941, -0.024794501999147 ], [ -51.16709878599994, -0.024809489999122 ], [ -51.167188541999963, -0.02482447999913 ], [ -51.167255838999949, -0.024839445999111 ], [ -51.167323119999935, -0.024846956999147 ], [ -51.167405328999962, -0.024854478999122 ], [ -51.167494727999951, -0.024861927999133 ], [ -51.167576456999932, -0.024861858999117 ], [ -51.167658209999956, -0.024876694999112 ], [ -51.167739987999937, -0.024891534999121 ], [ -51.167821790999938, -0.024898923999138 ], [ -51.167903617999968, -0.024913771999113 ], [ -51.167992911999931, -0.024928617999109 ], [ -51.168067346, -0.024943479999111 ], [ -51.168149267999972, -0.02496580799911 ], [ -51.168223854999944, -0.025003101999146 ], [ -51.168290983999952, -0.025047853999153 ], [ -51.168358111999964, -0.025107522999145 ], [ -51.168425239999976, -0.025167192999127 ], [ -51.168484909999961, -0.025211944999133 ], [ -51.168574413999977, -0.025249237999127 ], [ -51.168656458999983, -0.025279072999142 ], [ -51.168731045999955, -0.025301448999093 ], [ -51.168805632999977, -0.025346200999101 ], [ -51.168887677999976, -0.025398411999123 ], [ -51.168954811999974, -0.025443154999107 ], [ -51.169029393999949, -0.025480434999123 ], [ -51.169096507999939, -0.025525163999087 ], [ -51.169156153999957, -0.025569885999128 ], [ -51.169223245999945, -0.025614599999079 ], [ -51.169290337999939, -0.02563695399909 ], [ -51.169372329999931, -0.025666756999105 ], [ -51.16943942599994, -0.025666756999105 ], [ -51.169513980999966, -0.025659304999133 ], [ -51.169595902999959, -0.025659252999112 ], [ -51.169670381999936, -0.025636860999108 ], [ -51.169730103999939, -0.025584723999093 ], [ -51.169775164999976, -0.025517724999086 ], [ -51.169805386999933, -0.025435748999103 ], [ -51.169820514999969, -0.025368607999114 ], [ -51.169828109999969, -0.025286504999105 ], [ -51.169828228999961, -0.025204375999147 ], [ -51.169820871999939, -0.025122223999143 ], [ -51.16982097999994, -0.025047517999126 ], [ -51.16982100499996, -0.024957891999153 ], [ -51.169828472999939, -0.024883210999151 ], [ -51.169850876999931, -0.024808528999109 ], [ -51.16990315399994, -0.024748783999126 ], [ -51.169977834999941, -0.024718911999155 ], [ -51.170059969999954, -0.024711451999147 ], [ -51.170134620999939, -0.024696532999127 ], [ -51.170194160999984, -0.024659308999146 ], [ -51.170253688999935, -0.024614628999117 ], [ -51.170275744999969, -0.024540189999116 ], [ -51.170275405999973, -0.024465791999141 ], [ -51.170297443999971, -0.024391434999125 ], [ -51.170349369999933, -0.024331977999159 ], [ -51.170490809999926, -0.024242674999125 ], [ -51.170572976999949, -0.024212742999168 ], [ -51.170640177999985, -0.024175395999176 ], [ -51.170699882999941, -0.024130617999165 ], [ -51.170767001999934, -0.024063499999159 ], [ -51.170819274999978, -0.024003786999177 ], [ -51.170879141999933, -0.02393651299918 ], [ -51.170924050999986, -0.023876723999146 ], [ -51.170961481999939, -0.023809484999172 ], [ -51.171013891999955, -0.023734732999187 ], [ -51.17105882399995, -0.023659988999174 ], [ -51.171103762999962, -0.023592694999152 ], [ -51.171133125999972, -0.023518492999152 ], [ -51.171132499999942, -0.023436995999158 ], [ -51.171139299999936, -0.023355573999164 ], [ -51.171160264999962, -0.023282363999184 ], [ -51.171196211999977, -0.023224026999203 ], [ -51.171247088999962, -0.0231731149992 ], [ -51.171321201999945, -0.023173401999176 ], [ -51.171395452999946, -0.023180985999182 ], [ -51.171470211, -0.023202998999213 ], [ -51.171530553999958, -0.023246973999193 ], [ -51.171539373999963, -0.023320312999173 ], [ -51.171540539999967, -0.02340879799916 ], [ -51.171504052999971, -0.023475284999186 ], [ -51.171482521999963, -0.023556677999197 ], [ -51.171453418999931, -0.023623277999165 ], [ -51.17143928499997, -0.023704795999166 ], [ -51.171425076999981, -0.023778943999173 ], [ -51.171418229999972, -0.023845731999141 ], [ -51.171418538999944, -0.023942599999153 ], [ -51.171418537999955, -0.024024726999134 ], [ -51.171425674999966, -0.024114486999169 ], [ -51.171425343999942, -0.024189293999139 ], [ -51.171424979999983, -0.024271557999149 ], [ -51.171424615999968, -0.024353797999133 ], [ -51.171424251999952, -0.024436011999157 ], [ -51.171416396, -0.024518211999169 ], [ -51.17136421899994, -0.024570414999161 ], [ -51.171290115999966, -0.02461501799915 ], [ -51.171230844999975, -0.024659658999136 ], [ -51.171156624999981, -0.024689388999132 ], [ -51.171074909999959, -0.024711663999125 ], [ -51.171007962999965, -0.024711589999109 ], [ -51.170933454999954, -0.024681671999117 ], [ -51.170851329999941, -0.024666733999121 ], [ -51.170776497999952, -0.024651862999166 ], [ -51.170694367999936, -0.024651862999166 ], [ -51.170619878999958, -0.024681657999151 ], [ -51.170590054999934, -0.024748844999161 ], [ -51.17061948899994, -0.024823655999151 ], [ -51.17064890599994, -0.024898423999137 ], [ -51.170708335999961, -0.024943265999155 ], [ -51.170775253999977, -0.024980622999149 ], [ -51.170842104999963, -0.025025436999131 ], [ -51.170901412999967, -0.025070244999111 ], [ -51.170982946999963, -0.025100134999116 ], [ -51.171049695999955, -0.025115083999109 ], [ -51.171131269999933, -0.0251300329991 ], [ -51.171205508999947, -0.025130058999104 ], [ -51.171272366999972, -0.025122624999112 ], [ -51.171354177999952, -0.025100284999123 ], [ -51.171436043999968, -0.025070489999134 ], [ -51.171495786999969, -0.025025768999146 ], [ -51.17154097599996, -0.024951184999145 ], [ -51.171578720999939, -0.024876572999151 ], [ -51.171608959999958, -0.02480194599915 ], [ -51.171624657999985, -0.024727211999146 ], [ -51.171647465999968, -0.02463014799916 ], [ -51.17167002399998, -0.024570424999168 ], [ -51.171707541999986, -0.024488302999132 ], [ -51.171730180999987, -0.024413614999153 ], [ -51.171745399999971, -0.024338899999171 ], [ -51.171753234999983, -0.024256676999128 ], [ -51.17178371399995, -0.024174325999179 ], [ -51.171799559999954, -0.024084343999166 ], [ -51.171814710999968, -0.024002105999161 ], [ -51.17182134199993, -0.023920385999143 ], [ -51.171820580999963, -0.023846137999167 ], [ -51.171827280999942, -0.023771929999171 ], [ -51.17185627899994, -0.023690347999165 ], [ -51.171893071999932, -0.023616058999171 ], [ -51.171937618999948, -0.023534147999172 ], [ -51.171974783999978, -0.023474567999151 ], [ -51.172026858999971, -0.02340007899917 ], [ -51.172094094999977, -0.023355257999155 ], [ -51.172175553999978, -0.023303423999184 ], [ -51.172249846999925, -0.023273767999203 ], [ -51.172323724999956, -0.023244372999187 ], [ -51.172382445999972, -0.023207676999195 ], [ -51.172455849999949, -0.023163668999164 ], [ -51.172514501999949, -0.023127016999214 ], [ -51.172588203999972, -0.023097708999195 ], [ -51.172653911999937, -0.023046408999205 ], [ -51.172705309999969, -0.022994754999195 ], [ -51.172756535999945, -0.022935778999211 ], [ -51.17281538299995, -0.022884133999229 ], [ -51.172897309999939, -0.022861749999194 ], [ -51.17297946399998, -0.022861542999223 ], [ -51.173097679999955, -0.022882533999207 ] ] ] } },
{ "type": "Feature", "properties": { "num_setor": "AP_LARANJA_SR_01_CPRM", "munic": "LARANJAL DO JARI", "grau_risco": "Alto", "distancia_km": 0.43, "chuva_24h": 0.7, "chuva_72h": 1.2, "fonte_estacao": "openmeteo", "codigo_estacao": "openmeteo", "nome_estacao": "Open-Meteo (célula de grade)" }, "geometry": { "type": "Polygon", "coordinates": [ [ [ -52.534271340999965, -0.837268567972345 ], [ -52.53607341299994, -0.837301258972349 ], [ -52.537451128999983, -0.839449831972272 ], [ -52.537489125999969, -0.839473483972257 ], [ -52.539186454999935, -0.840768196972209 ], [ -52.541708329999949, -0.843235269972176 ], [ -52.541760453999984, -0.843320576972121 ], [ -52.542444643999936, -0.844240892972112 ], [ -52.542997284999956, -0.846048144972041 ], [ -52.543214264999961, -0.847954698971998 ], [ -52.542676263999965, -0.849590033971942 ], [ -52.541923112999939, -0.850097044971896 ], [ -52.541859844999976, -0.850111758971922 ], [ -52.541103883999938, -0.850109895971905 ], [ -52.541035748999946, -0.850103531971902 ], [ -52.540904342999966, -0.85011188197193 ], [ -52.540387306999946, -0.850744709971905 ], [ -52.539615192999982, -0.851162632971871 ], [ -52.539568026999966, -0.851161988971868 ], [ -52.539065238999967, -0.851196461971894 ], [ -52.53881473399997, -0.851356702971893 ], [ -52.538797383999963, -0.851352828971876 ], [ -52.538122241999986, -0.851249710971908 ], [ -52.537765003999937, -0.851133588971905 ], [ -52.537395792, -0.850937418971875 ], [ -52.537137209999969, -0.850794792971924 ], [ -52.536868744999929, -0.850719905971887 ], [ -52.536574494999968, -0.850542724971921 ], [ -52.536552904999951, -0.850523024971925 ], [ -52.536243538999948, -0.850323343971911 ], [ -52.535946508999984, -0.850312483971933 ], [ -52.535767830999987, -0.850171501971929 ], [ -52.535252467999953, -0.849976434971947 ], [ -52.53495489299997, -0.849811358971916 ], [ -52.534735400999978, -0.849720233971942 ], [ -52.534717302999979, -0.849716141971958 ], [ -52.534475107999981, -0.849638633971957 ], [ -52.534254462999968, -0.849486171971942 ], [ -52.533945738999932, -0.849328443971973 ], [ -52.533917158999934, -0.849318128971923 ], [ -52.533695698999963, -0.849233254971941 ], [ -52.533453014999957, -0.84913582197194 ], [ -52.533182884999974, -0.849035813971934 ], [ -52.532793630999947, -0.848851058971978 ], [ -52.532178802999965, -0.84859414697199 ], [ -52.531606814999975, -0.84859057797199 ], [ -52.531569138999942, -0.848581954971947 ], [ -52.531227163999972, -0.84861235397197 ], [ -52.531200102999946, -0.848610052971977 ], [ -52.530793584999969, -0.848369753972 ], [ -52.530459350999934, -0.848172281971984 ], [ -52.530279225999948, -0.847989936972004 ], [ -52.530159679999947, -0.847746046971975 ], [ -52.530140497999987, -0.847741612971974 ], [ -52.529849647999981, -0.847368639972014 ], [ -52.529838039999959, -0.847361851972007 ], [ -52.529544695999959, -0.847182787972006 ], [ -52.529525265999951, -0.847148857972034 ], [ -52.529244822999942, -0.846916936972016 ], [ -52.528777498999943, -0.846710551972012 ], [ -52.528756760999954, -0.846705914972056 ], [ -52.528721678999943, -0.846685287972027 ], [ -52.528175232999956, -0.846673919972027 ], [ -52.527799487999964, -0.846845271972012 ], [ -52.527593202999981, -0.846285161972051 ], [ -52.52771533899994, -0.845851917972046 ], [ -52.527706280999951, -0.845822134972046 ], [ -52.527584829999967, -0.845390786972052 ], [ -52.527438126999982, -0.845147513972095 ], [ -52.527412613999957, -0.845132380972059 ], [ -52.527243071, -0.844733108972093 ], [ -52.526866914999971, -0.844501370972131 ], [ -52.526760650999954, -0.844656497972099 ], [ -52.526316416999975, -0.844588560972119 ], [ -52.526264267999977, -0.844601336972123 ], [ -52.526150847999986, -0.844595929972114 ], [ -52.525655375999975, -0.844473435972086 ], [ -52.525628385999937, -0.844457849972122 ], [ -52.525549342999966, -0.844377359972107 ], [ -52.525529855999935, -0.844348807972106 ], [ -52.525024600999984, -0.84373586797213 ], [ -52.525008322999952, -0.84368353697213 ], [ -52.524988768999954, -0.843620675972123 ], [ -52.524990413999944, -0.843518498972153 ], [ -52.52510026899995, -0.842447172972144 ], [ -52.525146761999963, -0.84241283997217 ], [ -52.525208309999982, -0.842351997972192 ], [ -52.525539074999976, -0.841696502972225 ], [ -52.525552837999953, -0.841588996972221 ], [ -52.525706362999983, -0.841063237972211 ], [ -52.525696837999938, -0.841030630972231 ], [ -52.52554732699997, -0.840508387972217 ], [ -52.525471706999944, -0.840091408972266 ], [ -52.525519086999971, -0.839745562972265 ], [ -52.525317444999985, -0.839417452972272 ], [ -52.525296691999984, -0.839405338972257 ], [ -52.525029505999953, -0.838960738972294 ], [ -52.525089046999945, -0.838704486972314 ], [ -52.525467279999987, -0.838389205972283 ], [ -52.525865572999976, -0.838131121972303 ], [ -52.526267021999956, -0.838081516972337 ], [ -52.526299749999964, -0.838073499972313 ], [ -52.526494535999973, -0.837996696972307 ], [ -52.526838732999977, -0.837707775972323 ], [ -52.526882031999946, -0.83766382097235 ], [ -52.531025008999961, -0.83733983297232 ], [ -52.534271340999965, -0.837268567972345 ] ] ] } },
{ "type": "Feature", "properties": { "num_setor": "AP_PEDRABR_SR_01_CPRM", "munic": "PEDRA BRANCA DO AMAPARI", "grau_risco": "Alto", "distancia_km": 1.44, "chuva_24h": 2.3, "chuva_72h": 6.0, "fonte_estacao": "openmeteo", "codigo_estacao": "openmeteo", "nome_estacao": "Open-Meteo (célula de grade)" }, "geometry": { "type": "Polygon", "coordinates": [ [ [ -51.950155266999957, 0.771354181974601 ], [ -51.950398610999969, 0.771758164974602 ], [ -51.950445738999974, 0.771848255974601 ], [ -51.950557190999973, 0.772031270974607 ], [ -51.950584348999939, 0.772075867974595 ], [ -51.950513549999982, 0.772365420974604 ], [ -51.950338373999955, 0.772417129974593 ], [ -51.950097385999982, 0.772480940974553 ], [ -51.94983948699997, 0.772563159974586 ], [ -51.948849258999985, 0.772824658974551 ], [ -51.948199478999982, 0.772984041974583 ], [ -51.947328382999956, 0.773217270974527 ], [ -51.947173802999941, 0.773267389974559 ], [ -51.947236546999932, 0.773446877974568 ], [ -51.947254075999979, 0.773497021974566 ], [ -51.947891209999966, 0.775228692974466 ], [ -51.948688180999966, 0.777304821974444 ], [ -51.948967619999962, 0.777984187974411 ], [ -51.949025580999951, 0.778114475974384 ], [ -51.949035151999965, 0.778127245974396 ], [ -51.94906823499997, 0.778142374974411 ], [ -51.949071670999956, 0.778143188974389 ], [ -51.949099838999985, 0.778143089974408 ], [ -51.949222618999954, 0.778091946974405 ], [ -51.94972847799994, 0.777845738974396 ], [ -51.949920979999945, 0.777748467974378 ], [ -51.949988463999951, 0.777689772974372 ], [ -51.950004268999976, 0.777668066974393 ], [ -51.950017227999979, 0.777628212974429 ], [ -51.950017335999974, 0.777618915974407 ], [ -51.950009929999965, 0.77756532497443 ], [ -51.949960765999947, 0.777461656974419 ], [ -51.949952363999955, 0.777436302974423 ], [ -51.949875795999965, 0.777267735974428 ], [ -51.949728482999944, 0.776943419974444 ], [ -51.949588957999929, 0.776636249974412 ], [ -51.949173334999955, 0.775818237974471 ], [ -51.949117319999971, 0.775720174974481 ], [ -51.948801309999965, 0.77507728697449 ], [ -51.948764620999953, 0.774989625974478 ], [ -51.948764613999963, 0.774956341974497 ], [ -51.948771762999968, 0.774929329974467 ], [ -51.94880461799994, 0.774902980974471 ], [ -51.94930003199994, 0.774705088974518 ], [ -51.949320541999953, 0.774692938974486 ], [ -51.949322974999973, 0.774691496974504 ], [ -51.949339299999963, 0.774671447974503 ], [ -51.949341277999956, 0.774660146974474 ], [ -51.949339752999947, 0.774632242974499 ], [ -51.949282553999979, 0.774486644974484 ], [ -51.94912887199996, 0.77409545597453 ], [ -51.949124042999983, 0.774058085974503 ], [ -51.949125941999966, 0.774040996974519 ], [ -51.949126427999943, 0.774038183974536 ], [ -51.949147554999968, 0.774013305974502 ], [ -51.94925159799994, 0.77397305597452 ], [ -51.949274990999982, 0.773967018974533 ], [ -51.950035785999937, 0.773748445974551 ], [ -51.951005128999959, 0.773482087974528 ], [ -51.951036839999965, 0.773461819974515 ], [ -51.951041743999951, 0.77345703197456 ], [ -51.951063687999977, 0.773414619974531 ], [ -51.951070048999952, 0.773365869974519 ], [ -51.951058319999959, 0.773235827974555 ], [ -51.951057139999939, 0.77321250697454 ], [ -51.951053267999953, 0.773032159974581 ], [ -51.951051811999946, 0.772964366974557 ], [ -51.951067897999962, 0.77292385897457 ], [ -51.951070822999945, 0.77292032297456 ], [ -51.951098856999984, 0.772887573974552 ], [ -51.951116064999951, 0.772871941974566 ], [ -51.951162647999972, 0.772850317974566 ], [ -51.951166351999973, 0.772848669974542 ], [ -51.951249598999937, 0.772820715974587 ], [ -51.951407480999933, 0.772755976974548 ], [ -51.951446824999948, 0.772722095974573 ], [ -51.95146071299996, 0.772682458974588 ], [ -51.951463898, 0.772569347974569 ], [ -51.951504648999958, 0.772302304974573 ], [ -51.951505595999947, 0.772299044974601 ], [ -51.951515379999933, 0.7722306529746 ], [ -51.951517620999937, 0.772161755974596 ], [ -51.95150578099998, 0.772070539974612 ], [ -51.951507725999932, 0.772034159974579 ], [ -51.951502526999946, 0.771964091974616 ], [ -51.951497291999942, 0.771951926974579 ], [ -51.951440009999949, 0.77191324397462 ], [ -51.951350846999958, 0.771853029974593 ], [ -51.950325514999975, 0.771160600974591 ], [ -51.950155266999957, 0.771354181974601 ] ] ] } },
{ "type": "Feature", "properties": { "num_setor": "AP_PEDRABR_SR_02_CPRM", "munic": "PEDRA BRANCA DO AMAPARI", "grau_risco": "Alto", "distancia_km": 0.82, "chuva_24h": 2.3, "chuva_72h": 6.0, "fonte_estacao": "openmeteo", "codigo_estacao": "openmeteo", "nome_estacao": "Open-Meteo (célula de grade)" }, "geometry": { "type": "Polygon", "coordinates": [ [ [ -51.945861143999934, 0.779931683974356 ], [ -51.945765575999985, 0.779989147974308 ], [ -51.945764986999961, 0.780002814974322 ], [ -51.945843587999946, 0.780150922974338 ], [ -51.94587546799994, 0.780193331974343 ], [ -51.945974399999962, 0.780292875974304 ], [ -51.946006749999981, 0.780352225974311 ], [ -51.946174495999969, 0.780593339974315 ], [ -51.946229750999976, 0.780688141974287 ], [ -51.946340078999981, 0.780893167974282 ], [ -51.946368764999931, 0.780937835974269 ], [ -51.946524297999986, 0.781129497974278 ], [ -51.946546109999986, 0.781156146974289 ], [ -51.946569687999954, 0.781178458974281 ], [ -51.94660063799995, 0.781207745974306 ], [ -51.946632083999987, 0.781236222974304 ], [ -51.946638234999966, 0.781240264974303 ], [ -51.946642181999948, 0.781240704974309 ], [ -51.946651419999974, 0.781238417974283 ], [ -51.946686234999959, 0.781216103974307 ], [ -51.946731848999946, 0.78119058097427 ], [ -51.946767998999981, 0.781182123974292 ], [ -51.94677634, 0.781181282974263 ], [ -51.946838061999983, 0.781172392974258 ], [ -51.946901446999959, 0.781150807974302 ], [ -51.94698436699997, 0.781106440974263 ], [ -51.947044562999963, 0.781074913974288 ], [ -51.947065184999985, 0.781057670974282 ], [ -51.947078050999949, 0.781038234974282 ], [ -51.947085855999944, 0.781015986974291 ], [ -51.947084265999926, 0.781004146974281 ], [ -51.947071747999985, 0.780969463974316 ], [ -51.947069495999983, 0.780963220974285 ], [ -51.94700225899993, 0.780811480974311 ], [ -51.946929817999937, 0.780660769974309 ], [ -51.946870408999985, 0.780560416974321 ], [ -51.946853167999961, 0.780524112974329 ], [ -51.94673751299996, 0.780331619974297 ], [ -51.946660210999937, 0.780205981974314 ], [ -51.946568033999938, 0.780008543974332 ], [ -51.946521644999969, 0.779898935974335 ], [ -51.946490734999941, 0.779872809974315 ], [ -51.946477587999937, 0.779872572974319 ], [ -51.946386391999965, 0.779913749974331 ], [ -51.946349295999937, 0.779924823974315 ], [ -51.946303742999937, 0.77992483397432 ], [ -51.946288209999977, 0.779921465974358 ], [ -51.946227767999972, 0.779896129974335 ], [ -51.94619352199993, 0.779860235974331 ], [ -51.946139291999934, 0.77976977597431 ], [ -51.946112163999935, 0.77966494997433 ], [ -51.946080762999934, 0.779594589974334 ], [ -51.946029387999943, 0.779515186974366 ], [ -51.945886684999948, 0.779314170974366 ], [ -51.945823923999967, 0.779355830974336 ], [ -51.945866739999985, 0.779434803974361 ], [ -51.945873886999948, 0.779502297974363 ], [ -51.945869621, 0.779562613974336 ], [ -51.945862498999986, 0.779614312974317 ], [ -51.945859653999946, 0.779647342974317 ], [ -51.945900206999966, 0.779719020974347 ], [ -51.945912892999957, 0.779747357974348 ], [ -51.945916752999949, 0.77980673397432 ], [ -51.945905355999969, 0.779877102974326 ], [ -51.945861143999934, 0.779931683974356 ] ] ] } },
{ "type": "Feature", "properties": { "num_setor": "AP_PEDRABR_SR_05_CPRM", "munic": "PEDRA BRANCA DO AMAPARI", "grau_risco": "Alto", "distancia_km": 1.52, "chuva_24h": 2.3, "chuva_72h": 6.0, "fonte_estacao": "openmeteo", "codigo_estacao": "openmeteo", "nome_estacao": "Open-Meteo (célula de grade)" }, "geometry": { "type": "Polygon", "coordinates": [ [ [ -51.955691961999946, 0.779315751974362 ], [ -51.955244507999971, 0.779537493974363 ], [ -51.95531533299993, 0.77968209897436 ], [ -51.95503932299993, 0.779830064974341 ], [ -51.955005228999937, 0.779876148974357 ], [ -51.954933921999952, 0.7799766889743 ], [ -51.954867354999976, 0.780007818974324 ], [ -51.954862600999945, 0.78001260697434 ], [ -51.954855468999931, 0.780015001974308 ], [ -51.95474373899998, 0.780098797974314 ], [ -51.954692455999982, 0.78016930197432 ], [ -51.95436798999998, 0.78032136297431 ], [ -51.95437021599998, 0.780325167974317 ], [ -51.955222135999975, 0.781090988974308 ], [ -51.955732805999958, 0.781607620974263 ], [ -51.955849342999954, 0.781720062974245 ], [ -51.955873971999949, 0.781739982974243 ], [ -51.955912185999985, 0.781770891974274 ], [ -51.956099429999938, 0.781777029974277 ], [ -51.956284573999937, 0.781771419974262 ], [ -51.956817569999941, 0.781706574974266 ], [ -51.956893007999952, 0.781682239974288 ], [ -51.95686859999995, 0.781584606974299 ], [ -51.956348925999976, 0.779935080974359 ], [ -51.956352547999984, 0.779922073974351 ], [ -51.956313383999941, 0.779839518974347 ], [ -51.956312218999976, 0.779839149974328 ], [ -51.956161123999948, 0.779791194974318 ], [ -51.956131272999983, 0.77977302497434 ], [ -51.956070367999985, 0.779694004974355 ], [ -51.956008519999955, 0.779567166974331 ], [ -51.955941929999938, 0.779492984974342 ], [ -51.955849171999944, 0.77935897397435 ], [ -51.955811118999975, 0.779308720974362 ], [ -51.95573503199995, 0.779296770974323 ], [ -51.955691961999946, 0.779315751974362 ] ] ] } },
{ "type": "Feature", "properties": { "num_setor": "AP_PORTOGR_SR_1_CPRM", "munic": "PORTO GRANDE", "grau_risco": "Muito alto", "distancia_km": 1.28, "chuva_24h": 1.1, "chuva_72h": 3.2, "fonte_estacao": "openmeteo", "codigo_estacao": "openmeteo", "nome_estacao": "Open-Meteo (célula de grade)" }, "geometry": { "type": "Polygon", "coordinates": [ [ [ -51.410454453999925, 0.715772571976444 ], [ -51.410635292999984, 0.716400749976423 ], [ -51.411063595999963, 0.716581588976412 ], [ -51.411672738999982, 0.716457856976398 ], [ -51.412005862999933, 0.716200874976407 ], [ -51.411981706999939, 0.716098214976427 ], [ -51.411929719999932, 0.715877268976425 ], [ -51.411923828999932, 0.71585728997642 ], [ -51.411763924999939, 0.715315009976451 ], [ -51.411710809999931, 0.715134876976446 ], [ -51.41165118899994, 0.715062479976451 ], [ -51.411343074999927, 0.714112223976529 ], [ -51.411148559999958, 0.714087463976496 ], [ -51.410754048999934, 0.712776695976537 ], [ -51.410575971999947, 0.711758382976603 ], [ -51.410337621999986, 0.71069869797661 ], [ -51.410318444999973, 0.710615909976625 ], [ -51.410175982999924, 0.710086076976611 ], [ -51.410043587999951, 0.709678465976672 ], [ -51.40974037899997, 0.708744965976665 ], [ -51.409655449999946, 0.708358621976692 ], [ -51.409332171999942, 0.708223519976694 ], [ -51.409329432999982, 0.707944775976689 ], [ -51.409488331999967, 0.70796403097673 ], [ -51.409477373999948, 0.707665970976707 ], [ -51.409428059999982, 0.707503159976714 ], [ -51.409485592999943, 0.707216112976752 ], [ -51.409411622999983, 0.706942916976737 ], [ -51.409218773999953, 0.706830809976731 ], [ -51.408967799999971, 0.70729083797674 ], [ -51.409126698999955, 0.707368048976702 ], [ -51.409091082999964, 0.70787863597669 ], [ -51.409206148999942, 0.707931025976696 ], [ -51.409088342999958, 0.709142647976683 ], [ -51.409494560999974, 0.709152273976689 ], [ -51.409535872999982, 0.709689440976623 ], [ -51.409553718999973, 0.709820310976639 ], [ -51.409589410999956, 0.710165332976603 ], [ -51.409625102999932, 0.710385433976619 ], [ -51.409732178999946, 0.710647173976597 ], [ -51.409752750999985, 0.710808778976608 ], [ -51.409568342999926, 0.710909905976598 ], [ -51.40953265099995, 0.711112159976579 ], [ -51.409523458999956, 0.71112594897661 ], [ -51.409461651999955, 0.71170173197658 ], [ -51.409457367999948, 0.711851649976555 ], [ -51.409491009999954, 0.711921176976544 ], [ -51.409437472999969, 0.712272146976537 ], [ -51.409550496999941, 0.712694500976539 ], [ -51.409687315999967, 0.712968139976532 ], [ -51.409770596999977, 0.713229879976505 ], [ -51.409985581999933, 0.713356917976524 ], [ -51.410214338999936, 0.714421783976465 ], [ -51.410107492999941, 0.71453773997646 ], [ -51.410375978999973, 0.715575334976441 ], [ -51.410390953999979, 0.715569371976464 ], [ -51.410454453999925, 0.715772571976444 ] ] ] } },
{ "type": "Feature", "properties": { "num_setor": "AP_PEDRABR_SR_03_CPRM", "munic": "PEDRA BRANCA DO AMAPARI", "grau_risco": "Muito alto", "distancia_km": 1.36, "chuva_24h": 2.3, "chuva_72h": 6.0, "fonte_estacao": "openmeteo", "codigo_estacao": "openmeteo", "nome_estacao": "Open-Meteo (célula de grade)" }, "geometry": { "type": "Polygon", "coordinates": [ [ [ -51.951833545999932, 0.781947081974261 ], [ -51.951812618999952, 0.781949895974287 ], [ -51.951796611999946, 0.781955518974276 ], [ -51.951613073999965, 0.782062915974236 ], [ -51.951602947999959, 0.782070021974237 ], [ -51.951593374999966, 0.782079849974268 ], [ -51.951582413999972, 0.782094568974247 ], [ -51.951576592999963, 0.782112163974278 ], [ -51.951575720999983, 0.782118150974227 ], [ -51.951576949999946, 0.782142794974236 ], [ -51.951583115999938, 0.782170349974266 ], [ -51.951589043999945, 0.782189355974266 ], [ -51.951602005999966, 0.782219448974229 ], [ -51.951615981999971, 0.782244056974273 ], [ -51.951638530999958, 0.782280633974276 ], [ -51.951655830999989, 0.782304205974251 ], [ -51.951664541999946, 0.782316073974254 ], [ -51.951707683999977, 0.782361076974276 ], [ -51.951711821999936, 0.782363906974249 ], [ -51.951718666999966, 0.782368497974242 ], [ -51.951724141999932, 0.782372171974266 ], [ -51.951748424999948, 0.78238644997425 ], [ -51.951757680999954, 0.782390764974261 ], [ -51.951773383999978, 0.782396584974273 ], [ -51.951776051999957, 0.782397151974247 ], [ -51.951795106999953, 0.782399148974273 ], [ -51.951814892999948, 0.782398823974241 ], [ -51.95183631499998, 0.782394809974225 ], [ -51.951844596999933, 0.782392122974222 ], [ -51.951927211999987, 0.782364186974241 ], [ -51.951990634999959, 0.782346547974223 ], [ -51.952051915999959, 0.782324714974275 ], [ -51.952087549999931, 0.782306171974266 ], [ -51.952096283999936, 0.782300440974275 ], [ -51.952105938999978, 0.782293369974251 ], [ -51.952108647999978, 0.78228967897423 ], [ -51.95211402099995, 0.782282357974237 ], [ -51.952116298999961, 0.782277976974236 ], [ -51.952117510999983, 0.782269020974245 ], [ -51.952116278999945, 0.782263188974251 ], [ -51.952091671999938, 0.782231985974261 ], [ -51.952040095999962, 0.78217149897428 ], [ -51.951950960999966, 0.782059753974256 ], [ -51.951922643999978, 0.782019590974259 ], [ -51.951901521999957, 0.781994642974285 ], [ -51.951862423999955, 0.781957229974261 ], [ -51.951851698, 0.781951344974253 ], [ -51.951833545999932, 0.781947081974261 ] ] ] } },
{ "type": "Feature", "properties": { "num_setor": "AP_PEDRABR_SR_04_CPRM", "munic": "PEDRA BRANCA DO AMAPARI", "grau_risco": "Alto", "distancia_km": 1.44, "chuva_24h": 2.3, "chuva_72h": 6.0, "fonte_estacao": "openmeteo", "codigo_estacao": "openmeteo", "nome_estacao": "Open-Meteo (célula de grade)" }, "geometry": { "type": "Polygon", "coordinates": [ [ [ -51.952176465999962, 0.781791992974292 ], [ -51.952098915999954, 0.781838854974262 ], [ -51.952324418999979, 0.782149016974259 ], [ -51.952361630999974, 0.782140088974257 ], [ -51.952419340999931, 0.782119740974239 ], [ -51.952548065999963, 0.782085000974251 ], [ -51.952660697999931, 0.78204409297424 ], [ -51.952708285999954, 0.782022500974239 ], [ -51.952714101999959, 0.782019194974243 ], [ -51.952784095999959, 0.781977103974234 ], [ -51.95282389099998, 0.781947635974252 ], [ -51.952822399999938, 0.781940595974244 ], [ -51.952791501999968, 0.781857588974242 ], [ -51.952760360999946, 0.781785698974286 ], [ -51.952681457999972, 0.781626160974246 ], [ -51.952643952999949, 0.781550801974251 ], [ -51.952176465999962, 0.781791992974292 ] ] ] } },
{ "type": "Feature", "properties": { "num_setor": "AP_VITORIA_SR_01_CPRM", "munic": "VITÓRIA DO JARI", "grau_risco": "Alto", "distancia_km": 1.19, "chuva_24h": 4.7, "chuva_72h": 5.4, "fonte_estacao": "openmeteo", "codigo_estacao": "openmeteo", "nome_estacao": "Open-Meteo (célula de grade)" }, "geometry": { "type": "Polygon", "coordinates": [ [ [ -52.408197478999959, -0.920583291969591 ], [ -52.408238651999966, -0.919551738969604 ], [ -52.408685207999959, -0.919540546969622 ], [ -52.409299214, -0.919495854969662 ], [ -52.409980191999978, -0.919384182969656 ], [ -52.410761631999947, -0.919216690969662 ], [ -52.41171051799995, -0.919015695969669 ], [ -52.412871500999984, -0.918747704969637 ], [ -52.413708745999934, -0.918557872969652 ], [ -52.41428923999996, -0.918457359969646 ], [ -52.415014864999932, -0.91842380596968 ], [ -52.415528386999938, -0.918423756969684 ], [ -52.415997256999958, -0.918434872969683 ], [ -52.416421478999951, -0.918512966969682 ], [ -52.417068976999985, -0.918635686969654 ], [ -52.417582509999932, -0.918713768969667 ], [ -52.418185360999985, -0.918881139969635 ], [ -52.418832874999964, -0.91911547896966 ], [ -52.419234783999968, -0.919294031969612 ], [ -52.419625530999951, -0.919472585969605 ], [ -52.420228410999982, -0.919896686969614 ], [ -52.420831308999936, -0.920499384969615 ], [ -52.421277914999962, -0.921113260969586 ], [ -52.421746857999949, -0.921771783969536 ], [ -52.422193479999976, -0.922452633969553 ], [ -52.422662427999974, -0.923033022969526 ], [ -52.423466351999934, -0.92400406196947 ], [ -52.424649917999943, -0.925142513969452 ], [ -52.425442721999957, -0.926001958969424 ], [ -52.426167950999968, -0.926749689969393 ], [ -52.427508138999947, -0.927999844969329 ], [ -52.428099847999931, -0.928401624969322 ], [ -52.428613411999947, -0.928792248969345 ], [ -52.42901533699996, -0.9291493979693 ], [ -52.429339117999973, -0.929517716969306 ], [ -52.429875017999962, -0.929930659969303 ], [ -52.430500245999944, -0.930488702969298 ], [ -52.431069655999977, -0.931002102969271 ], [ -52.43162790599996, -0.931493180969237 ], [ -52.432063356999947, -0.931995435969233 ], [ -52.432431818999923, -0.932430725969206 ], [ -52.432833780999943, -0.932877175969218 ], [ -52.43313526299994, -0.933301313969172 ], [ -52.433425589999956, -0.933781266969184 ], [ -52.433704775999956, -0.934450982969166 ], [ -52.433894638999959, -0.935031410969127 ], [ -52.434062209999986, -0.93591323096911 ], [ -52.434162779999951, -0.936627624969089 ], [ -52.43427450799993, -0.937252720969032 ], [ -52.434344019999969, -0.937793172969013 ], [ -52.433673827999947, -0.938076261968995 ], [ -52.433503118999965, -0.937780757969051 ], [ -52.43330324599998, -0.937231362969063 ], [ -52.433136699999977, -0.936890078969069 ], [ -52.432699622999962, -0.937044119969039 ], [ -52.432266592999952, -0.935978644969112 ], [ -52.432857675999969, -0.935674748969074 ], [ -52.432757733999949, -0.935291838969108 ], [ -52.432541232999938, -0.934892290969097 ], [ -52.432085751999978, -0.93451808096915 ], [ -52.431739703999938, -0.934808332969153 ], [ -52.431360109999957, -0.934440022969163 ], [ -52.431594513999983, -0.934071647969131 ], [ -52.43091348399998, -0.933491285969156 ], [ -52.430344109999965, -0.93312299196917 ], [ -52.42970775699996, -0.932777026969172 ], [ -52.429238958999974, -0.933558429969163 ], [ -52.429082695999959, -0.933837499969133 ], [ -52.427921620999939, -0.933078582969173 ], [ -52.427017512999946, -0.934462771969144 ], [ -52.426414640999951, -0.934016342969144 ], [ -52.426704843999971, -0.933603307969144 ], [ -52.42447193199996, -0.931226022969254 ], [ -52.422372590999949, -0.929060583969323 ], [ -52.418052674999956, -0.933280243969168 ], [ -52.417382781999947, -0.93245431296919 ], [ -52.421111054999983, -0.92830168796937 ], [ -52.418554353999973, -0.925801604969423 ], [ -52.419179450999934, -0.925154145969445 ], [ -52.419681780999952, -0.924707629969452 ], [ -52.418598785999961, -0.923435258969525 ], [ -52.417638785999941, -0.924183201969464 ], [ -52.417035883999979, -0.923379596969501 ], [ -52.417605170999934, -0.922787957969532 ], [ -52.417046949999985, -0.922263396969526 ], [ -52.41639943499996, -0.921883949969541 ], [ -52.415606806999961, -0.921604974969589 ], [ -52.414713721999938, -0.921471112969551 ], [ -52.414021593999962, -0.921504661969573 ], [ -52.413374145999967, -0.921817256969538 ], [ -52.412492241999985, -0.921884305969522 ], [ -52.41229124399996, -0.921292734969577 ], [ -52.412224237999958, -0.921024850969601 ], [ -52.411130226999951, -0.92115888696956 ], [ -52.411141426999961, -0.921527234969545 ], [ -52.410560928999985, -0.921605416969574 ], [ -52.410491371999967, -0.92118233796956 ], [ -52.410408665999967, -0.920727765969615 ], [ -52.408205349999946, -0.921304221969565 ], [ -52.408197478999959, -0.920583291969591 ] ] ] } },
{ "type": "Feature", "properties": { "num_setor": "AP_VITORIA_SR_02_CPRM", "munic": "VITÓRIA DO JARI", "grau_risco": "Alto", "distancia_km": 1.34, "chuva_24h": 4.7, "chuva_72h": 5.4, "fonte_estacao": "openmeteo", "codigo_estacao": "openmeteo", "nome_estacao": "Open-Meteo (célula de grade)" }, "geometry": { "type": "Polygon", "coordinates": [ [ [ -52.40179883899998, -0.926057605969439 ], [ -52.402207152999949, -0.923834823969464 ], [ -52.401974394999968, -0.923792098969506 ], [ -52.402159573999938, -0.922903926969503 ], [ -52.402710594999974, -0.922994116969537 ], [ -52.402207332999978, -0.925900838969421 ], [ -52.402753605999969, -0.926029027969423 ], [ -52.402696625999972, -0.926266506969434 ], [ -52.40179883899998, -0.926057605969439 ] ] ] } },
{ "type": "Feature", "properties": { "num_setor": "AP_PORTOGR_SR_2_CPRM", "munic": "PORTO GRANDE", "grau_risco": "Muito alto", "distancia_km": 1.49, "chuva_24h": 1.1, "chuva_72h": 3.2, "fonte_estacao": "openmeteo", "codigo_estacao": "openmeteo", "nome_estacao": "Open-Meteo (célula de grade)" }, "geometry": { "type": "Polygon", "coordinates": [ [ [ -51.415306794999942, 0.713688218976525 ], [ -51.415902195999934, 0.71344206297653 ], [ -51.415596291999975, 0.712523756976545 ], [ -51.415116445999949, 0.712747515976533 ], [ -51.415306794999942, 0.713688218976525 ] ] ] } },
{ "type": "Feature", "properties": { "num_setor": "AP_PORTOGR_SR_3_CPRM", "munic": "PORTO GRANDE", "grau_risco": "Alto", "distancia_km": 1.77, "chuva_24h": 1.1, "chuva_72h": 3.2, "fonte_estacao": "openmeteo", "codigo_estacao": "openmeteo", "nome_estacao": "Open-Meteo (célula de grade)" }, "geometry": { "type": "Polygon", "coordinates": [ [ [ -51.416057396999982, 0.710336851976642 ], [ -51.41598186899995, 0.710398803976595 ], [ -51.415982530999933, 0.710406240976613 ], [ -51.415996270999983, 0.710560532976603 ], [ -51.416053111999986, 0.710655600976603 ], [ -51.416138355999976, 0.71078392997661 ], [ -51.416266006999933, 0.710821809976587 ], [ -51.41646697099997, 0.710851650976595 ], [ -51.416532697999969, 0.711021547976632 ], [ -51.416701912999933, 0.71095154897663 ], [ -51.416613754999958, 0.710766134976591 ], [ -51.416562861999978, 0.7107538309766 ], [ -51.416369481999936, 0.710464862976599 ], [ -51.416312724999955, 0.71040621097659 ], [ -51.416208571999952, 0.71029858097665 ], [ -51.416057396999982, 0.710336851976642 ] ] ] } },
{ "type": "Feature", "properties": { "num_setor": "AP_MAC_SR_11_CPRM", "munic": "MACAPÁ", "grau_risco": "Alto", "distancia_km": 0.69, "chuva_24h": 7.9, "chuva_72h": 9.6, "fonte_estacao": "openmeteo", "codigo_estacao": "openmeteo", "nome_estacao": "Open-Meteo (célula de grade)" }, "geometry": { "type": "Polygon", "coordinates": [ [ [ -51.056867717999978, 0.046756265998502 ], [ -51.05673913399994, 0.047096907998522 ], [ -51.056618141999934, 0.047392142998459 ], [ -51.056383315999938, 0.047981243998445 ], [ -51.056224620999956, 0.048193545998459 ], [ -51.05604366799998, 0.048527109998468 ], [ -51.056066526999984, 0.048920397998448 ], [ -51.056028932999936, 0.049253083998413 ], [ -51.056285687999939, 0.04990316099839 ], [ -51.05654941399996, 0.05062330899839 ], [ -51.056542018999941, 0.05137249199835 ], [ -51.05663322099997, 0.051817220998311 ], [ -51.057109938999986, 0.051873900998312 ], [ -51.057208457999934, 0.051866542998366 ], [ -51.057261660999984, 0.051739159998361 ], [ -51.057276772999955, 0.05119286099837 ], [ -51.057359880999961, 0.050577937998389 ], [ -51.057397187999989, 0.050198264998406 ], [ -51.057449935999948, 0.049706591998424 ], [ -51.057442387999977, 0.049290791998396 ], [ -51.057480124999984, 0.048912879998431 ], [ -51.057525767999948, 0.048345241998445 ], [ -51.057556204999969, 0.048042177998474 ], [ -51.057601507999948, 0.047437243998469 ], [ -51.057654882999941, 0.046799949998492 ], [ -51.057367359999944, 0.046738316998519 ], [ -51.056867717999978, 0.046756265998502 ] ] ] } },
{ "type": "Feature", "properties": { "num_setor": "AP_MAC_SR_05_CPRM", "munic": "MACAPÁ", "grau_risco": "Alto", "distancia_km": 0.7, "chuva_24h": 7.9, "chuva_72h": 9.6, "fonte_estacao": "openmeteo", "codigo_estacao": "openmeteo", "nome_estacao": "Open-Meteo (célula de grade)" }, "geometry": { "type": "Polygon", "coordinates": [ [ [ -51.058655770999962, 0.015662335999535 ], [ -51.05856775999996, 0.0158839629995 ], [ -51.058667588999981, 0.016026585999536 ], [ -51.05866629999997, 0.016481608999498 ], [ -51.05863612099995, 0.016553608999481 ], [ -51.058584995999972, 0.016880240999465 ], [ -51.058409328999971, 0.016968654999465 ], [ -51.05824625799994, 0.016974862999468 ], [ -51.058264635999933, 0.017239869999454 ], [ -51.058499191999942, 0.017148076999495 ], [ -51.058636843999977, 0.017033339999507 ], [ -51.058783544999983, 0.016910279999491 ], [ -51.058868762999964, 0.016606775999512 ], [ -51.058927288999939, 0.015761642999552 ], [ -51.05909216799995, 0.01537786599954 ], [ -51.059592785999932, 0.01561797799951 ], [ -51.060048676999941, 0.01564608299952 ], [ -51.060157636999975, 0.015615965999527 ], [ -51.060788434999957, 0.014886444999565 ], [ -51.060648127999968, 0.014759225999537 ], [ -51.06054112399994, 0.014954878999579 ], [ -51.060425009999953, 0.015045463999528 ], [ -51.060270459999977, 0.015142689999561 ], [ -51.060130774999948, 0.015308554999543 ], [ -51.059976388999978, 0.015358452999526 ], [ -51.05982308599993, 0.015436575999556 ], [ -51.05968476999994, 0.015460663999538 ], [ -51.059552275999977, 0.015421660999557 ], [ -51.059398524999949, 0.015364555999557 ], [ -51.05917048799995, 0.015216845999541 ], [ -51.058941930999936, 0.015134994999538 ], [ -51.058702155999981, 0.015165178999562 ], [ -51.058691675999967, 0.015286286999533 ], [ -51.058822710999948, 0.015304413999564 ], [ -51.058818437999946, 0.015412961999515 ], [ -51.058690300999949, 0.015398013999519 ], [ -51.058655770999962, 0.015662335999535 ] ] ] } },
{ "type": "Feature", "properties": { "num_setor": "AP_MAC_SR_06_CPRM", "munic": "MACAPÁ", "grau_risco": "Alto", "distancia_km": 0.77, "chuva_24h": 7.9, "chuva_72h": 9.6, "fonte_estacao": "openmeteo", "codigo_estacao": "openmeteo", "nome_estacao": "Open-Meteo (célula de grade)" }, "geometry": { "type": "Polygon", "coordinates": [ [ [ -51.059622551999951, 0.014891996999573 ], [ -51.059526668999986, 0.014981097999527 ], [ -51.059175845999967, 0.015211581999563 ], [ -51.059402398999964, 0.015361102999527 ], [ -51.059686075999934, 0.015454508999543 ], [ -51.059821904999978, 0.015432046999537 ], [ -51.059968697999977, 0.015356155999544 ], [ -51.06012579399993, 0.015302712999537 ], [ -51.060267264999936, 0.015139740999541 ], [ -51.060425252999948, 0.015040737999546 ], [ -51.060539645999938, 0.014948973999555 ], [ -51.060643594999931, 0.014750378999531 ], [ -51.060349547999969, 0.014681318999546 ], [ -51.060216152999942, 0.014730855999541 ], [ -51.059836080999958, 0.014653721999568 ], [ -51.059622551999951, 0.014891996999573 ] ] ] } },
{ "type": "Feature", "properties": { "num_setor": "AP_MAC_SR_03_CPRM", "munic": "MACAPÁ", "grau_risco": "Alto", "distancia_km": 0.61, "chuva_24h": 10.4, "chuva_72h": 12.3, "fonte_estacao": "openmeteo", "codigo_estacao": "openmeteo", "nome_estacao": "Open-Meteo (célula de grade)" }, "geometry": { "type": "Polygon", "coordinates": [ [ [ -51.048188203999985, 0.071444919997676 ], [ -51.047818593999978, 0.072011039997687 ], [ -51.047631096999964, 0.072294346997641 ], [ -51.04739686399995, 0.072631165997668 ], [ -51.046903904999965, 0.073367375997599 ], [ -51.047086977999982, 0.073469378997652 ], [ -51.047166474999983, 0.073303485997625 ], [ -51.047558951999974, 0.072689894997656 ], [ -51.048344862999954, 0.071535196997704 ], [ -51.04847147199996, 0.071351380997703 ], [ -51.048669522999951, 0.071043340997719 ], [ -51.048728747999981, 0.070927825997722 ], [ -51.048600243999942, 0.070829311997724 ], [ -51.048188203999985, 0.071444919997676 ] ] ] } },
{ "type": "Feature", "properties": { "num_setor": "AP_MAC_SR_04_CPRM", "munic": "MACAPÁ", "grau_risco": "Alto", "distancia_km": 0.67, "chuva_24h": 10.4, "chuva_72h": 12.3, "fonte_estacao": "openmeteo", "codigo_estacao": "openmeteo", "nome_estacao": "Open-Meteo (célula de grade)" }, "geometry": { "type": "Polygon", "coordinates": [ [ [ -51.049548701999989, 0.06934890799777 ], [ -51.04967421899994, 0.069386968997763 ], [ -51.049904900999934, 0.069077999997771 ], [ -51.049825815999959, 0.069010994997769 ], [ -51.050065795999963, 0.068654831997787 ], [ -51.050121575999988, 0.068676164997791 ], [ -51.050225479999945, 0.068585021997772 ], [ -51.050284933999933, 0.068520859997775 ], [ -51.05035900699994, 0.068447895997811 ], [ -51.050399127999981, 0.068384116997794 ], [ -51.050423690999935, 0.068299601997775 ], [ -51.050423336999984, 0.068258271997786 ], [ -51.050594535999949, 0.067991360997813 ], [ -51.050461539999965, 0.067898497997795 ], [ -51.049548701999989, 0.06934890799777 ] ] ] } },
{ "type": "Feature", "properties": { "num_setor": "AP_MAC_SR_09_CPRM", "munic": "MACAPÁ", "grau_risco": "Alto", "distancia_km": 1.21, "chuva_24h": 7.9, "chuva_72h": 9.6, "fonte_estacao": "openmeteo", "codigo_estacao": "openmeteo", "nome_estacao": "Open-Meteo (célula de grade)" }, "geometry": { "type": "Polygon", "coordinates": [ [ [ -51.057132456999966, 0.034005119998955 ], [ -51.05768542, 0.034057408998947 ], [ -51.058213892999959, 0.034075878998934 ], [ -51.058285272999974, 0.033749117998944 ], [ -51.058284911999976, 0.033457013998919 ], [ -51.056923585999982, 0.033350677998934 ], [ -51.056376194999984, 0.033278124998942 ], [ -51.055367759999967, 0.033218827998939 ], [ -51.054681056999982, 0.033166004998957 ], [ -51.054007561999974, 0.03311978499896 ], [ -51.053400093999983, 0.033033946998944 ], [ -51.05258784199998, 0.03298771899897 ], [ -51.052152176999982, 0.032948111998951 ], [ -51.051482155999963, 0.032934688998972 ], [ -51.050923568999963, 0.03293449399899 ], [ -51.050499042999945, 0.032914582998946 ], [ -51.049959065999985, 0.032931470998958 ], [ -51.049893267999948, 0.033189444998968 ], [ -51.04993909999996, 0.033474220998959 ], [ -51.050906434999945, 0.033550965998959 ], [ -51.05194432199994, 0.033636879998965 ], [ -51.053093323999974, 0.033721004998964 ], [ -51.053687434999972, 0.033773604998907 ], [ -51.054893725999932, 0.033844962998919 ], [ -51.055653391999954, 0.033917981998929 ], [ -51.056043538999972, 0.033938135998952 ], [ -51.056867693999948, 0.033925681998958 ], [ -51.057132456999966, 0.034005119998955 ] ] ] } },
{ "type": "Feature", "properties": { "num_setor": "AP_MAC_SR_10_CPRM", "munic": "MACAPÁ", "grau_risco": "Alto", "distancia_km": 1.11, "chuva_24h": 7.9, "chuva_72h": 9.6, "fonte_estacao": "openmeteo", "codigo_estacao": "openmeteo", "nome_estacao": "Open-Meteo (célula de grade)" }, "geometry": { "type": "Polygon", "coordinates": [ [ [ -51.058109403999929, 0.037255821998791 ], [ -51.060071783999945, 0.037403386998805 ], [ -51.060164020999927, 0.03566849799889 ], [ -51.058212687999969, 0.035538279998855 ], [ -51.058109403999929, 0.037255821998791 ] ] ] } },
{ "type": "Feature", "properties": { "num_setor": "AP_MAC_SR_07_CPRM", "munic": "MACAPÁ", "grau_risco": "Alto", "distancia_km": 0.75, "chuva_24h": 7.9, "chuva_72h": 9.6, "fonte_estacao": "openmeteo", "codigo_estacao": "openmeteo", "nome_estacao": "Open-Meteo (célula de grade)" }, "geometry": { "type": "Polygon", "coordinates": [ [ [ -51.05787111099994, 0.019666716999416 ], [ -51.058174734999973, 0.01966768399942 ], [ -51.058231931999956, 0.018782333999415 ], [ -51.057903858999964, 0.018771268999451 ], [ -51.05787111099994, 0.019666716999416 ] ] ] } },
{ "type": "Feature", "properties": { "num_setor": "AP_MAC_SR_07_CPRM", "munic": "MACAPÁ", "grau_risco": "Alto", "distancia_km": 0.68, "chuva_24h": 7.9, "chuva_72h": 9.6, "fonte_estacao": "openmeteo", "codigo_estacao": "openmeteo", "nome_estacao": "Open-Meteo (célula de grade)" }, "geometry": { "type": "Polygon", "coordinates": [ [ [ -51.058071208999934, 0.01828805599947 ], [ -51.057989195999937, 0.018670829999462 ], [ -51.058258158999934, 0.018687504999445 ], [ -51.058300991999943, 0.018120478999462 ], [ -51.058321410999959, 0.017770196999474 ], [ -51.058329286999935, 0.017574165999451 ], [ -51.058118815999933, 0.017445201999458 ], [ -51.058071208999934, 0.01828805599947 ] ] ] } },
{ "type": "Feature", "properties": { "num_setor": "AP_MAC_SR_08_CPRM", "munic": "MACAPÁ", "grau_risco": "Alto", "distancia_km": 1.5, "chuva_24h": 7.9, "chuva_72h": 9.6, "fonte_estacao": "openmeteo", "codigo_estacao": "openmeteo", "nome_estacao": "Open-Meteo (célula de grade)" }, "geometry": { "type": "Polygon", "coordinates": [ [ [ -51.064931997999963, 0.017503941999495 ], [ -51.064497080999963, 0.020773881999389 ], [ -51.064668834999964, 0.021151318999366 ], [ -51.064778564999983, 0.021640103999316 ], [ -51.065354303999982, 0.023237662999264 ], [ -51.065563678999979, 0.023522667999281 ], [ -51.065914912999972, 0.024006403999245 ], [ -51.06636854399995, 0.024136245999273 ], [ -51.066559162999972, 0.024170619999264 ], [ -51.066683711999985, 0.02420517399923 ], [ -51.066757590999941, 0.024244824999238 ], [ -51.066807284999982, 0.024457720999226 ], [ -51.066803610999955, 0.024809192999247 ], [ -51.066928705999942, 0.024824209999205 ], [ -51.066842330999982, 0.024355663999237 ], [ -51.06679648199998, 0.024197651999258 ], [ -51.066638965999971, 0.024028842999258 ], [ -51.066462666999939, 0.023823058999268 ], [ -51.066339423999977, 0.023384749999277 ], [ -51.066298464999932, 0.023244521999256 ], [ -51.065719070999933, 0.021839719999333 ], [ -51.065623721999941, 0.021661623999331 ], [ -51.065475454999955, 0.021304357999359 ], [ -51.065332017999935, 0.020944449999364 ], [ -51.06528999599994, 0.020632622999361 ], [ -51.065272191999952, 0.020315560999402 ], [ -51.065329752999958, 0.019333468999419 ], [ -51.065433341999949, 0.017880890999471 ], [ -51.065594981999936, 0.01564632899953 ], [ -51.065042616999968, 0.015611255999544 ], [ -51.064931997999963, 0.017503941999495 ] ] ] } },
{ "type": "Feature", "properties": { "num_setor": "AP_FERREIR_SR_04_CPRM", "munic": "FERREIRA GOMES", "grau_risco": "Alto", "distancia_km": 1.37, "chuva_24h": 2.8, "chuva_72h": 4.5, "fonte_estacao": "openmeteo", "codigo_estacao": "openmeteo", "nome_estacao": "Open-Meteo (célula de grade)" }, "geometry": { "type": "Polygon", "coordinates": [ [ [ -51.177282195999965, 0.852894684971896 ], [ -51.177378249999954, 0.853057956971904 ], [ -51.177640795999935, 0.852889882971923 ], [ -51.177536737999951, 0.852741016971913 ], [ -51.177282195999965, 0.852894684971896 ] ] ] } },
{ "type": "Feature", "properties": { "num_setor": "AP_FERREIR_SR_05_CPRM", "munic": "FERREIRA GOMES", "grau_risco": "Alto", "distancia_km": 1.39, "chuva_24h": 2.8, "chuva_72h": 4.5, "fonte_estacao": "openmeteo", "codigo_estacao": "openmeteo", "nome_estacao": "Open-Meteo (célula de grade)" }, "geometry": { "type": "Polygon", "coordinates": [ [ [ -51.177411867999979, 0.853046752971932 ], [ -51.177456692999954, 0.853163604971885 ], [ -51.177568754999982, 0.853221229971895 ], [ -51.177708033999977, 0.853142795971909 ], [ -51.177608777999978, 0.85292509897193 ], [ -51.177411867999979, 0.853046752971932 ] ] ] } },
{ "type": "Feature", "properties": { "num_setor": "AP_FERREIR_SR_02_CPRM", "munic": "FERREIRA GOMES", "grau_risco": "Alto", "distancia_km": 1.57, "chuva_24h": 2.8, "chuva_72h": 4.5, "fonte_estacao": "openmeteo", "codigo_estacao": "openmeteo", "nome_estacao": "Open-Meteo (célula de grade)" }, "geometry": { "type": "Polygon", "coordinates": [ [ [ -51.179950889999986, 0.853270849971923 ], [ -51.180011723999939, 0.853400507971908 ], [ -51.18021983999995, 0.853298062971929 ], [ -51.180167009999934, 0.853171606971901 ], [ -51.179950889999986, 0.853270849971923 ] ] ] } },
{ "type": "Feature", "properties": { "num_setor": "AP_FERREIR_SR_03_CPRM", "munic": "FERREIRA GOMES", "grau_risco": "Muito alto", "distancia_km": 1.49, "chuva_24h": 2.8, "chuva_72h": 4.5, "fonte_estacao": "openmeteo", "codigo_estacao": "openmeteo", "nome_estacao": "Open-Meteo (célula de grade)" }, "geometry": { "type": "Polygon", "coordinates": [ [ [ -51.178811048999933, 0.852947509971912 ], [ -51.17877582899996, 0.852984326971932 ], [ -51.178759819999982, 0.853032347971929 ], [ -51.17914563599993, 0.853355690971911 ], [ -51.179211272999964, 0.853392507971928 ], [ -51.179254496999931, 0.853394108971879 ], [ -51.179284913999936, 0.853362093971892 ], [ -51.179310528999963, 0.853334881971934 ], [ -51.179332941, 0.853304468971884 ], [ -51.179337743999952, 0.853245241971933 ], [ -51.17930732699994, 0.853197220971937 ], [ -51.179219276999959, 0.853109181971892 ], [ -51.179121621999968, 0.853030746971917 ], [ -51.17898394499997, 0.852941106971924 ], [ -51.178883088999953, 0.852897887971904 ], [ -51.178811048999933, 0.852947509971912 ] ] ] } },
{ "type": "Feature", "properties": { "num_setor": "AP_MAC_SR_02_CPRM", "munic": "MACAPÁ", "grau_risco": "Alto", "distancia_km": 1.97, "chuva_24h": 7.9, "chuva_72h": 9.6, "fonte_estacao": "openmeteo", "codigo_estacao": "openmeteo", "nome_estacao": "Open-Meteo (célula de grade)" }, "geometry": { "type": "Polygon", "coordinates": [ [ [ -51.065668062, 0.000916355000041 ], [ -51.065660384999944, 0.00103627 ], [ -51.065594513999947, 0.001065849 ], [ -51.065580629999936, 0.001155544 ], [ -51.065524032999974, 0.001261488000025 ], [ -51.065362833999984, 0.001327158 ], [ -51.065326055999947, 0.001439625999989 ], [ -51.065315738999971, 0.001522232000019 ], [ -51.065220385999972, 0.001568250999983 ], [ -51.065065686999951, 0.001670286999971 ], [ -51.064953699999933, 0.001782231 ], [ -51.064943634999963, 0.001890780999984 ], [ -51.064907387999931, 0.001976165999951 ], [ -51.064818641999977, 0.002133554999988 ], [ -51.064766137999982, 0.00219907499995 ], [ -51.064730080999936, 0.002303674 ], [ -51.064651392999956, 0.002333283999954 ], [ -51.064631854999966, 0.002444153999963 ], [ -51.064569651999932, 0.002496481999944 ], [ -51.064488040999954, 0.002639843999956 ], [ -51.064432249999982, 0.002640255999975 ], [ -51.064369985999974, 0.002705874999972 ], [ -51.064435960999951, 0.002773232999939 ], [ -51.064664813999968, 0.002629169999946 ], [ -51.064844663999963, 0.00237824499997 ], [ -51.065011742999957, 0.002195239999976 ], [ -51.065400377999936, 0.001604879000021 ], [ -51.065591212999948, 0.001450311 ], [ -51.065737802999934, 0.00115963600003 ], [ -51.065825029999985, 0.000957366 ], [ -51.065838772999939, 0.000907400000047 ], [ -51.065668062, 0.000916355000041 ] ] ] } },
{ "type": "Feature", "properties": { "num_setor": "AP_FERREIR_SR_06_CPRM", "munic": "FERREIRA GOMES", "grau_risco": "Alto", "distancia_km": 1.58, "chuva_24h": 2.8, "chuva_72h": 4.5, "fonte_estacao": "openmeteo", "codigo_estacao": "openmeteo", "nome_estacao": "Open-Meteo (célula de grade)" }, "geometry": { "type": "Polygon", "coordinates": [ [ [ -51.180909826999937, 0.852587343971917 ], [ -51.180988270999926, 0.852718601971919 ], [ -51.181167570999946, 0.852619357971915 ], [ -51.181095529999936, 0.852478495971951 ], [ -51.180909826999937, 0.852587343971917 ] ] ] } },
{ "type": "Feature", "properties": { "num_setor": "AP_FERREIR_SR_07_CPRM", "munic": "FERREIRA GOMES", "grau_risco": "Alto", "distancia_km": 1.69, "chuva_24h": 2.8, "chuva_72h": 4.5, "fonte_estacao": "openmeteo", "codigo_estacao": "openmeteo", "nome_estacao": "Open-Meteo (célula de grade)" }, "geometry": { "type": "Polygon", "coordinates": [ [ [ -51.182102491999956, 0.852885073971902 ], [ -51.182278589999946, 0.852941098971891 ], [ -51.182320212999969, 0.85278262897193 ], [ -51.182152118999966, 0.85272820497194 ], [ -51.182102491999956, 0.852885073971902 ] ] ] } },
{ "type": "Feature", "properties": { "num_setor": "AP_CALCOEN_SR_5_CPRM", "munic": "CALÇOENE", "grau_risco": "Alto", "distancia_km": 1.05, "chuva_24h": 1.2, "chuva_72h": 4.6, "fonte_estacao": "openmeteo", "codigo_estacao": "openmeteo", "nome_estacao": "Open-Meteo (célula de grade)" }, "geometry": { "type": "Polygon", "coordinates": [ [ [ -50.942348899999956, 2.494080763917891 ], [ -50.942391730999987, 2.494209254917894 ], [ -50.942977077999956, 2.49595815891784 ], [ -50.943419657999989, 2.496343630917834 ], [ -50.944547522999983, 2.496978947917799 ], [ -50.945411266999933, 2.496829040917829 ], [ -50.945682524999938, 2.496486398917818 ], [ -50.945875261999959, 2.49626510891781 ], [ -50.945602541999961, 2.495813941917834 ], [ -50.945585506999976, 2.495636783917854 ], [ -50.945579986999974, 2.495371799917851 ], [ -50.94556894599998, 2.495128896917845 ], [ -50.945298439999938, 2.494919117917861 ], [ -50.944884401999957, 2.494797666917882 ], [ -50.944663581999976, 2.49473141991788 ], [ -50.944486924999978, 2.494571325917863 ], [ -50.94403976399996, 2.494273217917888 ], [ -50.943697491999956, 2.494184890917875 ], [ -50.943526356999932, 2.494157287917901 ], [ -50.943200646999962, 2.494063438917908 ], [ -50.94301846999997, 2.4939199049179 ], [ -50.942858374999965, 2.493853659917926 ], [ -50.942692759999943, 2.493908863917903 ], [ -50.942576808999952, 2.493964521917907 ], [ -50.942563051999969, 2.493959411917891 ], [ -50.942348899999956, 2.494080763917891 ] ] ] } },
{ "type": "Feature", "properties": { "num_setor": "AP_CALCOEN_SR_3_CPRM", "munic": "CALÇOENE", "grau_risco": "Alto", "distancia_km": 0.68, "chuva_24h": 1.2, "chuva_72h": 4.6, "fonte_estacao": "openmeteo", "codigo_estacao": "openmeteo", "nome_estacao": "Open-Meteo (célula de grade)" }, "geometry": { "type": "Polygon", "coordinates": [ [ [ -50.956562678999951, 2.496352786917811 ], [ -50.956598370999984, 2.496870319917786 ], [ -50.956687600999942, 2.497132060917812 ], [ -50.956889854999986, 2.497138009917816 ], [ -50.95690872299997, 2.496992614917818 ], [ -50.956992003999972, 2.49693907691779 ], [ -50.957533330999979, 2.496790360917783 ], [ -50.957848609999985, 2.496754667917811 ], [ -50.95888962399993, 2.496629746917806 ], [ -50.959258439999985, 2.49661190091782 ], [ -50.960138839999956, 2.496570260917813 ], [ -50.960343272999978, 2.496514820917833 ], [ -50.960431514999982, 2.496451286917841 ], [ -50.960483862999979, 2.496341831917817 ], [ -50.960493379999946, 2.496213340917822 ], [ -50.960450549999962, 2.496141956917801 ], [ -50.960364889999937, 2.496032501917833 ], [ -50.960261957999933, 2.495973236917827 ], [ -50.960003260999933, 2.495985754917835 ], [ -50.959589234999953, 2.496009549917836 ], [ -50.958689798999956, 2.495795397917833 ], [ -50.957853536999956, 2.495644897917822 ], [ -50.957062366999935, 2.49592448391784 ], [ -50.956562678999951, 2.496352786917811 ] ] ] } },
{ "type": "Feature", "properties": { "num_setor": "AP_CALCOEN_SR_4_CPRM", "munic": "CALÇOENE", "grau_risco": "Alto", "distancia_km": 1.39, "chuva_24h": 1.2, "chuva_72h": 4.6, "fonte_estacao": "openmeteo", "codigo_estacao": "openmeteo", "nome_estacao": "Open-Meteo (célula de grade)" }, "geometry": { "type": "Polygon", "coordinates": [ [ [ -50.952000140999978, 2.499887414917703 ], [ -50.951932325999962, 2.500005198917699 ], [ -50.951882357999978, 2.500172950917674 ], [ -50.951882357999978, 2.500340701917719 ], [ -50.952299952999965, 2.500533438917673 ], [ -50.952421305999962, 2.500540577917663 ], [ -50.952496258999986, 2.500397809917681 ], [ -50.952603334999935, 2.500265749917685 ], [ -50.952671148999968, 2.500130120917691 ], [ -50.952653302999977, 2.500069443917729 ], [ -50.95253908899997, 2.500015905917701 ], [ -50.952371336999931, 2.499930244917684 ], [ -50.952221430999941, 2.499862430917716 ], [ -50.95205724799996, 2.4997803389177 ], [ -50.952000140999978, 2.499887414917703 ] ] ] } },
{ "type": "Feature", "properties": { "num_setor": "AP_CALCOEN_SR_7_CPRM", "munic": "CALÇOENE", "grau_risco": "Muito alto", "distancia_km": 1.3, "chuva_24h": 0.7, "chuva_72h": 2.7, "fonte_estacao": "openmeteo", "codigo_estacao": "openmeteo", "nome_estacao": "Open-Meteo (célula de grade)" }, "geometry": { "type": "Polygon", "coordinates": [ [ [ -50.845565662999945, 2.597188267914484 ], [ -50.844613878999951, 2.601066789914398 ], [ -50.844042808999973, 2.605444997914243 ], [ -50.844256959999939, 2.610203919914091 ], [ -50.845018387999964, 2.611036730914078 ], [ -50.846112938999966, 2.610893962914038 ], [ -50.846255707999944, 2.609799410914089 ], [ -50.846184323999978, 2.607848252914152 ], [ -50.846065350999936, 2.605754327914223 ], [ -50.846779188999967, 2.60318450991433 ], [ -50.847231286999943, 2.60078125391437 ], [ -50.847849946999986, 2.598211435914475 ], [ -50.84685057199993, 2.597164472914483 ], [ -50.845565662999945, 2.597188267914484 ] ] ] } },
{ "type": "Feature", "properties": { "num_setor": "AP_FERREIR_SR_01_CPRM", "munic": "FERREIRA GOMES", "grau_risco": "Alto", "distancia_km": 1.8, "chuva_24h": 3.3, "chuva_72h": 4.6, "fonte_estacao": "openmeteo", "codigo_estacao": "openmeteo", "nome_estacao": "Open-Meteo (célula de grade)" }, "geometry": { "type": "Polygon", "coordinates": [ [ [ -51.176614389999941, 0.862640088971575 ], [ -51.176695923999944, 0.862667263971586 ], [ -51.176791045999948, 0.862755583971617 ], [ -51.17685219599997, 0.862789552971579 ], [ -51.176913346999982, 0.862803140971581 ], [ -51.177001674999985, 0.862823521971591 ], [ -51.177117180999971, 0.862857490971603 ], [ -51.177232687999947, 0.862905047971621 ], [ -51.177300632999959, 0.862932223971617 ], [ -51.177402549999954, 0.862945811971565 ], [ -51.177511261999939, 0.86292542997162 ], [ -51.177626767999982, 0.86289825397162 ], [ -51.177769452999939, 0.862884666971607 ], [ -51.177946109999937, 0.862871079971599 ], [ -51.178041231999941, 0.862823522971579 ], [ -51.178183916999956, 0.862762377971625 ], [ -51.178299422999942, 0.86274199697161 ], [ -51.178428517999976, 0.862674058971577 ], [ -51.178530434999971, 0.8625857399716 ], [ -51.178367365999968, 0.862191696971641 ], [ -51.178645937999931, 0.861994677971608 ], [ -51.178476074999942, 0.861675369971644 ], [ -51.179114752999965, 0.861267747971644 ], [ -51.179474864999975, 0.861858807971599 ], [ -51.179603959999952, 0.861756901971606 ], [ -51.179712671999937, 0.861648201971614 ], [ -51.179828176999933, 0.86154629597162 ], [ -51.179930094999975, 0.86147156597163 ], [ -51.17999803899994, 0.861424009971659 ], [ -51.180120339999974, 0.861294928971654 ], [ -51.180269818999932, 0.861206611971653 ], [ -51.180466858999985, 0.861063943971625 ], [ -51.180616338999982, 0.860962039971667 ], [ -51.180779406999932, 0.860860134971666 ], [ -51.180922091999946, 0.860751435971657 ], [ -51.181091955999932, 0.860663118971655 ], [ -51.181200668999963, 0.860595181971675 ], [ -51.181302587999937, 0.860527244971697 ], [ -51.18137732799994, 0.860486482971672 ], [ -51.178938096999957, 0.856281183971831 ], [ -51.179033208999954, 0.856240403971826 ], [ -51.179155508999941, 0.856172467971835 ], [ -51.179338959999939, 0.856111324971796 ], [ -51.179461259999989, 0.856050181971821 ], [ -51.17964471099998, 0.855995832971839 ], [ -51.17984854599996, 0.855975451971823 ], [ -51.179977640999937, 0.855955070971811 ], [ -51.180147503999933, 0.855948276971815 ], [ -51.18033095699996, 0.855927895971802 ], [ -51.180487230999972, 0.85590751497185 ], [ -51.180643505999967, 0.855900720971847 ], [ -51.180759013999932, 0.855893927971836 ], [ -51.181085154999948, 0.85584637197181 ], [ -51.180996825999955, 0.854902045971872 ], [ -51.181350145999943, 0.854847693971866 ], [ -51.181785005999984, 0.854813722971876 ], [ -51.182145125999959, 0.85475936997188 ], [ -51.182559606999973, 0.854725397971846 ], [ -51.182926527999939, 0.85468463197186 ], [ -51.183157553999933, 0.85465745397188 ], [ -51.183354605999973, 0.854630276971886 ], [ -51.183544865999977, 0.854494397971866 ], [ -51.183646791999934, 0.854338137971886 ], [ -51.183796284999971, 0.854079968971892 ], [ -51.183877828999989, 0.853848975971894 ], [ -51.183911806999959, 0.853651951971913 ], [ -51.183925400999954, 0.853461721971873 ], [ -51.183945788999949, 0.853291872971905 ], [ -51.183925407999936, 0.853108436971929 ], [ -51.183850666999945, 0.852911414971922 ], [ -51.183789515999933, 0.852734772971951 ], [ -51.183728365999968, 0.852537749971952 ], [ -51.183667216999936, 0.852293167971974 ], [ -51.183599271999981, 0.852116526971918 ], [ -51.183565300999931, 0.851980647971955 ], [ -51.183218753999938, 0.852075774971962 ], [ -51.183021694999979, 0.852320362971942 ], [ -51.18291297199994, 0.852503802971936 ], [ -51.182722711999979, 0.852673654971927 ], [ -51.182539246999966, 0.85283671297192 ], [ -51.182389758999932, 0.852965799971922 ], [ -51.182206297999983, 0.853067710971922 ], [ -51.182002452999946, 0.853169622971908 ], [ -51.181886941999949, 0.853237562971911 ], [ -51.181717073999948, 0.853278328971899 ], [ -51.181506436999939, 0.853319094971932 ], [ -51.181071578999934, 0.85331910097193 ], [ -51.180806588999985, 0.853366660971914 ], [ -51.180643517999954, 0.853387043971902 ], [ -51.180439679999949, 0.853454983971907 ], [ -51.180229047999944, 0.853529716971925 ], [ -51.179964059999975, 0.853624831971889 ], [ -51.179651511999964, 0.853726739971921 ], [ -51.179318580999961, 0.853815060971881 ], [ -51.179121540999972, 0.853869410971904 ], [ -51.178978856999947, 0.853937348971877 ], [ -51.178713871999946, 0.854344971971861 ], [ -51.178503243999955, 0.854562369971879 ], [ -51.178340176999939, 0.854718624971848 ], [ -51.178245054999934, 0.854779767971885 ], [ -51.178054810999981, 0.854902053971842 ], [ -51.177946100999968, 0.854772973971883 ], [ -51.177715090999989, 0.854908847971844 ], [ -51.177592790999931, 0.855010751971857 ], [ -51.17781021199994, 0.855465926971858 ], [ -51.177674323999952, 0.855574624971817 ], [ -51.177796622999949, 0.855825989971806 ], [ -51.177660734999961, 0.855900719971798 ], [ -51.177783033999958, 0.856111322971815 ], [ -51.177640351999962, 0.856199640971811 ], [ -51.177545229999964, 0.856600465971784 ], [ -51.177500054999946, 0.857044798971786 ], [ -51.177463702999944, 0.857300241971792 ], [ -51.177429730999961, 0.857510844971761 ], [ -51.177368582, 0.857762210971736 ], [ -51.177307431999964, 0.858047543971747 ], [ -51.177293842999973, 0.85826494097177 ], [ -51.17725987099994, 0.858516305971758 ], [ -51.177198720999968, 0.858781257971701 ], [ -51.177198720999968, 0.858794844971717 ], [ -51.177164748999978, 0.859025828971753 ], [ -51.177110392999964, 0.859229638971706 ], [ -51.177042448999941, 0.85944024197172 ], [ -51.176967709999985, 0.859603289971709 ], [ -51.176892970999972, 0.859786717971717 ], [ -51.176892970999972, 0.85980709897167 ], [ -51.176838615999934, 0.85998373497171 ], [ -51.176838614999951, 0.860194337971673 ], [ -51.176770669999939, 0.860466085971653 ], [ -51.176668752999944, 0.860663102971653 ], [ -51.176580424999941, 0.860839738971638 ], [ -51.176573630999933, 0.860853326971645 ], [ -51.176437740999972, 0.861063931971645 ], [ -51.176424151999989, 0.861070725971648 ], [ -51.176274672999966, 0.861199806971647 ], [ -51.176131988999934, 0.861356063971664 ], [ -51.17611839999995, 0.861376444971673 ], [ -51.175962125999945, 0.861525907971625 ], [ -51.175955330999962, 0.861539495971627 ], [ -51.175799056999949, 0.861682165971623 ], [ -51.175608809999972, 0.861852011971621 ], [ -51.175602014999981, 0.861858805971629 ], [ -51.175506890999941, 0.86200826997162 ], [ -51.175506890999941, 0.862021857971625 ], [ -51.17544573899994, 0.862130558971607 ], [ -51.175466121999932, 0.86220529097163 ], [ -51.175588422999965, 0.862232464971601 ], [ -51.175710723999941, 0.862273226971629 ], [ -51.175805845999946, 0.862334370971601 ], [ -51.175914557999931, 0.862402308971627 ], [ -51.176050447999963, 0.862470245971605 ], [ -51.176131980999969, 0.862544977971631 ], [ -51.176199925999988, 0.862612915971601 ], [ -51.176288253999985, 0.862606121971597 ], [ -51.176417349999952, 0.862626502971611 ], [ -51.176512472999946, 0.862626501971626 ], [ -51.176614389999941, 0.862640088971575 ] ] ] } },
{ "type": "Feature", "properties": { "num_setor": "AP_CALCOEN_SR_6_CPRM", "munic": "CALÇOENE", "grau_risco": "Muito alto", "distancia_km": 0.94, "chuva_24h": 1.9, "chuva_72h": 7.0, "fonte_estacao": "openmeteo", "codigo_estacao": "openmeteo", "nome_estacao": "Open-Meteo (célula de grade)" }, "geometry": { "type": "Polygon", "coordinates": [ [ [ -50.925423812999945, 2.439700972919704 ], [ -50.925573430999975, 2.439737365919665 ], [ -50.925905014999955, 2.4397050159197 ], [ -50.92628107999996, 2.439652447919697 ], [ -50.92646304699997, 2.439599879919702 ], [ -50.926814848999982, 2.439575617919688 ], [ -50.92704533999995, 2.439616054919683 ], [ -50.927048857999971, 2.439622993919686 ], [ -50.927265072999944, 2.439630785919699 ], [ -50.927300093999975, 2.439490699919668 ], [ -50.927332443999944, 2.439167202919723 ], [ -50.927243481999945, 2.438807313919692 ], [ -50.926968509999938, 2.438483816919754 ], [ -50.926592444999983, 2.438362504919721 ], [ -50.926386215999969, 2.438402941919714 ], [ -50.926260860999953, 2.438681957919741 ], [ -50.926171899999979, 2.438827531919721 ], [ -50.926006106999971, 2.438944798919728 ], [ -50.925812008999976, 2.439062066919719 ], [ -50.925541080999949, 2.439167202919723 ], [ -50.925363157999982, 2.439239989919683 ], [ -50.925399550999948, 2.439454306919703 ], [ -50.925379332999967, 2.439571573919711 ], [ -50.925423812999945, 2.439700972919704 ] ] ] } },
{ "type": "Feature", "properties": { "num_setor": "AP_CALCOEN_SR_2_CPRM", "munic": "CALÇOENE", "grau_risco": "Muito alto", "distancia_km": 1.78, "chuva_24h": 1.2, "chuva_72h": 4.6, "fonte_estacao": "openmeteo", "codigo_estacao": "openmeteo", "nome_estacao": "Open-Meteo (célula de grade)" }, "geometry": { "type": "Polygon", "coordinates": [ [ [ -50.952603496999984, 2.493975858917897 ], [ -50.952703433999936, 2.494115057917884 ], [ -50.952767678999969, 2.494425577917899 ], [ -50.953028229999973, 2.494753942917861 ], [ -50.953220966999929, 2.494693266917889 ], [ -50.953652838999965, 2.494529084917906 ], [ -50.954059725999969, 2.493939294917929 ], [ -50.953831298999944, 2.4933587069179 ], [ -50.953041316999986, 2.493196903917935 ], [ -50.952413139999976, 2.49296847491794 ], [ -50.952194228999986, 2.492511617917937 ], [ -50.952198987999964, 2.491744241917965 ], [ -50.952395293999984, 2.491411117917963 ], [ -50.952264422999967, 2.490970917918021 ], [ -50.951812324999935, 2.490500973918012 ], [ -50.951395919999982, 2.490209489918017 ], [ -50.950961667999934, 2.489352884918081 ], [ -50.950241880999961, 2.488871042918096 ], [ -50.949343634999934, 2.488273798918108 ], [ -50.948477510999965, 2.488078682918069 ], [ -50.947968305999943, 2.4880596469181 ], [ -50.946997485999987, 2.488421324918083 ], [ -50.946501732999927, 2.489377419918041 ], [ -50.946365024999977, 2.489508659918068 ], [ -50.946706197999958, 2.490473126918 ], [ -50.946551574999944, 2.490933480918022 ], [ -50.946829971999932, 2.491104801917999 ], [ -50.947707992999938, 2.491461720918001 ], [ -50.947900728999969, 2.491554519917953 ], [ -50.948114880999988, 2.491411751917969 ], [ -50.948271924999965, 2.491204739918004 ], [ -50.948828718999948, 2.490883511917992 ], [ -50.949435481999956, 2.49112621691799 ], [ -50.94996372199995, 2.491383197917989 ], [ -50.950220703999946, 2.491561657917958 ], [ -50.950955956999962, 2.491782947917961 ], [ -50.951355706999948, 2.491875746917969 ], [ -50.951576996999954, 2.492154143917948 ], [ -50.951684072999967, 2.492453955917921 ], [ -50.951719763999961, 2.492760906917941 ], [ -50.951734040999952, 2.493010749917938 ], [ -50.951891085999932, 2.493232039917946 ], [ -50.951805425999964, 2.493346253917949 ], [ -50.951798286999974, 2.493474744917942 ], [ -50.951921780999953, 2.493618939917898 ], [ -50.952121654999985, 2.493747431917881 ], [ -50.952364360999979, 2.493733154917888 ], [ -50.952603496999984, 2.493975858917897 ] ] ] } },
{ "type": "Feature", "properties": { "num_setor": "AP_CALCOEN_SR_1_CPRM", "munic": "CALÇOENE", "grau_risco": "Alto", "distancia_km": 1.1, "chuva_24h": 1.2, "chuva_72h": 4.6, "fonte_estacao": "openmeteo", "codigo_estacao": "openmeteo", "nome_estacao": "Open-Meteo (célula de grade)" }, "geometry": { "type": "Polygon", "coordinates": [ [ [ -50.94613751199995, 2.490353524918018 ], [ -50.945563221999983, 2.490525811918012 ], [ -50.944478451999935, 2.491093720917978 ], [ -50.943591492999985, 2.49164248691796 ], [ -50.942883201999962, 2.49208277591799 ], [ -50.942340816999945, 2.492255062917977 ], [ -50.941950243999941, 2.492450894917955 ], [ -50.94121427299995, 2.492614655917951 ], [ -50.939905164999971, 2.492638297917925 ], [ -50.93982154899993, 2.492917017917963 ], [ -50.940169948999937, 2.493158575917921 ], [ -50.940773843999978, 2.493395487917903 ], [ -50.94093857699994, 2.493414707917915 ], [ -50.941140158999985, 2.493506733917915 ], [ -50.94150685499995, 2.493571444917913 ], [ -50.941744128999972, 2.49353549491793 ], [ -50.942060493999975, 2.493463593917915 ], [ -50.942427188999943, 2.493420451917936 ], [ -50.942707603999956, 2.493391691917918 ], [ -50.942995207999957, 2.493362931917895 ], [ -50.943160580999972, 2.493247890917945 ], [ -50.943160580999972, 2.49288119491794 ], [ -50.943129905999974, 2.492746225917956 ], [ -50.943565968999962, 2.492567731917954 ], [ -50.944025400999969, 2.492395444917958 ], [ -50.944312545999935, 2.492280586917946 ], [ -50.944452927999983, 2.491948774917948 ], [ -50.944925121999972, 2.491833916917989 ], [ -50.945269695999968, 2.491699915917996 ], [ -50.945933319999938, 2.49143191391797 ], [ -50.946220464999953, 2.49090229091801 ], [ -50.946437418999949, 2.490781051918001 ], [ -50.946590562999965, 2.490238666918005 ], [ -50.94613751199995, 2.490353524918018 ] ] ] } },
{ "type": "Feature", "properties": { "num_setor": "AP_MAC_SR_01_CPRM", "munic": "MACAPÁ", "grau_risco": "Alto", "distancia_km": 1.58, "chuva_24h": 7.9, "chuva_72h": 9.6, "fonte_estacao": "openmeteo", "codigo_estacao": "openmeteo", "nome_estacao": "Open-Meteo (célula de grade)" }, "geometry": { "type": "Polygon", "coordinates": [ [ [ -51.059707875999948, 0.000378815000021 ], [ -51.05966056099993, 0.000605258000044 ], [ -51.059687392999933, 0.000722817000029 ], [ -51.05965774699996, 0.000823488 ], [ -51.059661673999983, 0.001137503000016 ], [ -51.059616381999945, 0.001297803000017 ], [ -51.059558814999946, 0.001677723 ], [ -51.059522709999946, 0.001972147 ], [ -51.059578381999984, 0.002678308999941 ], [ -51.059510581999973, 0.002951632999967 ], [ -51.059572131999971, 0.003186057999931 ], [ -51.059547436999935, 0.003556624999928 ], [ -51.059508648999952, 0.003784681999934 ], [ -51.059552996999969, 0.003998411999912 ], [ -51.059508598999969, 0.004421393999932 ], [ -51.059448050999947, 0.004497904999901 ], [ -51.059456125999986, 0.004812532999901 ], [ -51.059532806999982, 0.004977828999877 ], [ -51.059597329999974, 0.005263913999896 ], [ -51.059633602999952, 0.005493498999888 ], [ -51.059645690999957, 0.005827874999829 ], [ -51.059710156999984, 0.00611796599983 ], [ -51.059617482999954, 0.006178637999847 ], [ -51.059614378999974, 0.00632082599983 ], [ -51.059812982999965, 0.006190056999824 ], [ -51.059862832999954, 0.005800288999848 ], [ -51.059804433999943, 0.00563435999986 ], [ -51.059817058999954, 0.005263802999874 ], [ -51.059731468999985, 0.005024432999907 ], [ -51.059657341999987, 0.004499683999901 ], [ -51.059779838999987, 0.004041831999906 ], [ -51.059849135999968, 0.003065686999958 ], [ -51.059960289999935, 0.002547250999984 ], [ -51.059929648999969, 0.002271492999947 ], [ -51.059889250999959, 0.00209910299997 ], [ -51.059845591999931, 0.001723809 ], [ -51.059907877999933, 0.001575484 ], [ -51.060068776999969, 0.001438169999983 ], [ -51.060224697999956, 0.000875442000024 ], [ -51.060557941999953, 0.000025013000027 ], [ -51.060099212999944, -0.000219547999956 ], [ -51.059707875999948, 0.000378815000021 ] ] ] } },
{ "type": "Feature", "properties": { "num_setor": "AP_PORTOGR_SR_5_CPRM", "munic": "PORTO GRANDE", "grau_risco": "Muito alto", "distancia_km": 0.88, "chuva_24h": 1.4, "chuva_72h": 3.2, "fonte_estacao": "openmeteo", "codigo_estacao": "openmeteo", "nome_estacao": "Open-Meteo (célula de grade)" }, "geometry": { "type": "Polygon", "coordinates": [ [ [ -51.406969104999973, 0.702518089976904 ], [ -51.406969790999938, 0.702520180976904 ], [ -51.407129642999962, 0.702668017976882 ], [ -51.407385789999978, 0.70238735197691 ], [ -51.407224531999987, 0.702238212976888 ], [ -51.406969104999973, 0.702518089976904 ] ] ] } },
{ "type": "Feature", "properties": { "num_setor": "AP_PORTOGR_SR_4_CPRM", "munic": "PORTO GRANDE", "grau_risco": "Alto", "distancia_km": 1.15, "chuva_24h": 1.4, "chuva_72h": 3.2, "fonte_estacao": "openmeteo", "codigo_estacao": "openmeteo", "nome_estacao": "Open-Meteo (célula de grade)" }, "geometry": { "type": "Polygon", "coordinates": [ [ [ -51.411464465999984, 0.704089291976833 ], [ -51.411400397999955, 0.704106522976846 ], [ -51.411350099999936, 0.704112171976843 ], [ -51.41122140899995, 0.704117734976848 ], [ -51.411271216999978, 0.70435455197681 ], [ -51.411273937999958, 0.704353378976826 ], [ -51.411651579999955, 0.70419057897683 ], [ -51.411574404999953, 0.704071216976819 ], [ -51.411464465999984, 0.704089291976833 ] ] ] } }
]
}
