{
"type": "FeatureCollection",
"name": "setores_ms",
"crs": { "type": "name", "properties": { "name": "urn:ogc:def:crs:OGC:1.3:CRS84" } },
"features": [
{ "type": "Feature", "properties": { "num_setor": "MS_LADARIO_SR_002_CPRM", "munic": "LADÁRIO", "grau_risco": "Alto", "distancia_km": 1.97, "chuva_24h": 0.0, "chuva_72h": 0.3, "fonte_estacao": "openmeteo", "codigo_estacao": "openmeteo", "nome_estacao": "Open-Meteo (célula de grade)" }, "geometry": { "type": "Polygon", "coordinates": [ [ [ -57.599958037999961, -19.001329152418457 ], [ -57.599797604999935, -19.001383077418435 ], [ -57.599529354999966, -19.001443956418413 ], [ -57.599476085999974, -19.001276538418427 ], [ -57.599065149999944, -19.001409711418429 ], [ -57.599006172999964, -19.001306502418455 ], [ -57.59934291199994, -19.001167621418457 ], [ -57.600046828999943, -19.000998300418477 ], [ -57.600387372999926, -19.000945506418425 ], [ -57.600980946999975, -19.000873212418483 ], [ -57.601682960999945, -19.000791406418454 ], [ -57.601891283, -19.000762868418473 ], [ -57.602321242999949, -19.000673452418425 ], [ -57.602878669999932, -19.000574523418443 ], [ -57.602939548999977, -19.000821845418457 ], [ -57.602505783999959, -19.000935994418459 ], [ -57.602395439999952, -19.001116729418477 ], [ -57.602264168999966, -19.001093900418425 ], [ -57.60226987599998, -19.000951214418418 ], [ -57.601938844999957, -19.000985458418434 ], [ -57.601772377999971, -19.00097975141847 ], [ -57.601623984999947, -19.000998776418445 ], [ -57.600918164999932, -19.001091997418431 ], [ -57.600635646999933, -19.001082485418461 ], [ -57.600338859999965, -19.001069167418457 ], [ -57.600186661999942, -19.001055850418432 ], [ -57.599986900999973, -19.001090095418412 ], [ -57.599895913999937, -19.001132639418472 ], [ -57.599958037999961, -19.001329152418457 ] ] ] } },
{ "type": "Feature", "properties": { "num_setor": "MS_LADARIO_SR_001_CPRM", "munic": "LADÁRIO", "grau_risco": "Alto", "distancia_km": 1.68, "chuva_24h": 0.0, "chuva_72h": 0.3, "fonte_estacao": "openmeteo", "codigo_estacao": "openmeteo", "nome_estacao": "Open-Meteo (célula de grade)" }, "geometry": { "type": "Polygon", "coordinates": [ [ [ -57.605142619999981, -19.001005910418431 ], [ -57.605058910999958, -19.000718636418476 ], [ -57.605357599999941, -19.000685342418436 ], [ -57.605658191999972, -19.000720538418435 ], [ -57.605867463999978, -19.000753832418489 ], [ -57.605905513999971, -19.000961202418466 ], [ -57.605142619999981, -19.001005910418431 ] ] ] } },
{ "type": "Feature", "properties": { "num_setor": "MS_MIRANDA_SR_006_CPRM", "munic": "MIRANDA", "grau_risco": "Muito alto", "distancia_km": 1.29, "chuva_24h": 0.0, "chuva_72h": 0.2, "fonte_estacao": "openmeteo", "codigo_estacao": "openmeteo", "nome_estacao": "Open-Meteo (célula de grade)" }, "geometry": { "type": "Polygon", "coordinates": [ [ [ -56.399018392999949, -20.241019160386806 ], [ -56.398759059999975, -20.240922912386832 ], [ -56.398785794999981, -20.240711702386804 ], [ -56.398010466999949, -20.240602087386829 ], [ -56.398114735999968, -20.240358795386843 ], [ -56.398764406999987, -20.240233138386824 ], [ -56.399037107999952, -20.240366815386828 ], [ -56.399253664999939, -20.240147585386872 ], [ -56.39907186399995, -20.24003797038683 ], [ -56.399165437999955, -20.239783983386832 ], [ -56.399561122999955, -20.23991766038683 ], [ -56.399529039999948, -20.240348101386811 ], [ -56.400908588999982, -20.240537922386853 ], [ -56.401317640999935, -20.240503166386802 ], [ -56.401507461999984, -20.240655558386823 ], [ -56.401507461999984, -20.241096693386826 ], [ -56.401349722999953, -20.241187593386794 ], [ -56.401090389999979, -20.240928259386834 ], [ -56.400657275999947, -20.240815971386816 ], [ -56.400296346999937, -20.240735764386823 ], [ -56.399475568999954, -20.240783888386812 ], [ -56.399371300999974, -20.240901524386842 ], [ -56.399018392999949, -20.241019160386806 ] ] ] } },
{ "type": "Feature", "properties": { "num_setor": "MS_MIRANDA_SR_005_CPRM", "munic": "MIRANDA", "grau_risco": "Alto", "distancia_km": 2.12, "chuva_24h": 0.0, "chuva_72h": 0.1, "fonte_estacao": "openmeteo", "codigo_estacao": "openmeteo", "nome_estacao": "Open-Meteo (célula de grade)" }, "geometry": { "type": "Polygon", "coordinates": [ [ [ -56.384912777999944, -20.247253863386664 ], [ -56.384666811999978, -20.247162963386639 ], [ -56.384955554999983, -20.246590825386658 ], [ -56.38690724099996, -20.245066905386736 ], [ -56.388094294999973, -20.244115123386738 ], [ -56.389030034999962, -20.24346812638678 ], [ -56.389615540999955, -20.243540311386745 ], [ -56.389722482999957, -20.242890640386786 ], [ -56.389853485999936, -20.242904008386791 ], [ -56.389952406999953, -20.242257011386826 ], [ -56.390040633999945, -20.241682199386808 ], [ -56.39039354199997, -20.241759732386832 ], [ -56.39083734999997, -20.242337217386769 ], [ -56.390815961999976, -20.242604571386781 ], [ -56.390551280999944, -20.242625960386757 ], [ -56.390217087999986, -20.242957479386792 ], [ -56.391265116999932, -20.24320611938678 ], [ -56.391636739999974, -20.243235528386759 ], [ -56.391294525999967, -20.244500114386721 ], [ -56.39099241599996, -20.244425254386737 ], [ -56.390944291999972, -20.244246127386713 ], [ -56.389711788999925, -20.243957384386718 ], [ -56.389024687999949, -20.243887872386747 ], [ -56.384912777999944, -20.247253863386664 ] ] ] } },
{ "type": "Feature", "properties": { "num_setor": "MS_MIRANDA_SR_007_CPRM", "munic": "MIRANDA", "grau_risco": "Muito alto", "distancia_km": 1.79, "chuva_24h": 0.0, "chuva_72h": 0.2, "fonte_estacao": "openmeteo", "codigo_estacao": "openmeteo", "nome_estacao": "Open-Meteo (célula de grade)" }, "geometry": { "type": "Polygon", "coordinates": [ [ [ -56.418427984999937, -20.237657179386876 ], [ -56.418467084999975, -20.237702295386899 ], [ -56.418458061999964, -20.238042169386915 ], [ -56.418440015999977, -20.238568523386881 ], [ -56.418388883999967, -20.238676802386898 ], [ -56.418184357999962, -20.238977575386876 ], [ -56.417964792999953, -20.239236241386855 ], [ -56.417612887999951, -20.239383620386853 ], [ -56.41702337199996, -20.239491898386866 ], [ -56.416939154999966, -20.239338504386883 ], [ -56.417393322999942, -20.239185109386842 ], [ -56.417784328999971, -20.239070815386889 ], [ -56.41814224999996, -20.238574539386871 ], [ -56.418322713999942, -20.237687256386899 ], [ -56.418427984999937, -20.237657179386876 ] ] ] } },
{ "type": "Feature", "properties": { "num_setor": "MS_MIRANDA_SR_002_CPRM", "munic": "MIRANDA", "grau_risco": "Alto", "distancia_km": 1.32, "chuva_24h": 0.0, "chuva_72h": 0.1, "fonte_estacao": "openmeteo", "codigo_estacao": "openmeteo", "nome_estacao": "Open-Meteo (célula de grade)" }, "geometry": { "type": "Polygon", "coordinates": [ [ [ -56.387678211999969, -20.255523084386436 ], [ -56.386486801999979, -20.255428024386454 ], [ -56.386512150999977, -20.254838657386504 ], [ -56.386588198999959, -20.254524961386473 ], [ -56.386860701999979, -20.254486937386485 ], [ -56.386908231999939, -20.253964111386491 ], [ -56.38724093899998, -20.253973617386524 ], [ -56.387282131999939, -20.253545850386502 ], [ -56.390298680999933, -20.253856377386509 ], [ -56.39159148799996, -20.253954605386522 ], [ -56.391642185999956, -20.253745474386506 ], [ -56.391841810999949, -20.253583874386504 ], [ -56.39201925499998, -20.253371574386517 ], [ -56.392095301999973, -20.252997674386521 ], [ -56.392266408999944, -20.252798050386527 ], [ -56.393670117999932, -20.252585751386537 ], [ -56.393692298999952, -20.252024901386541 ], [ -56.393768345999938, -20.251546435386555 ], [ -56.394427423999957, -20.251365823386553 ], [ -56.394196112999964, -20.252509703386547 ], [ -56.394154920999938, -20.253419104386523 ], [ -56.393933115999971, -20.253723294386479 ], [ -56.393470493999985, -20.253900738386506 ], [ -56.393419794999943, -20.2540623393865 ], [ -56.393308892999976, -20.254163735386491 ], [ -56.392922317999933, -20.254170073386479 ], [ -56.391936869999938, -20.254068676386503 ], [ -56.391822798999954, -20.254227108386473 ], [ -56.391734076999967, -20.254423564386496 ], [ -56.391464741999975, -20.254635863386486 ], [ -56.39114787699998, -20.254727754386494 ], [ -56.390184609999949, -20.254575659386461 ], [ -56.389620590999982, -20.254512286386475 ], [ -56.388536914999975, -20.254515455386503 ], [ -56.388397493999946, -20.255009763386475 ], [ -56.387877836999962, -20.255047787386477 ], [ -56.387728909999957, -20.255513578386473 ], [ -56.387678211999969, -20.255523084386436 ] ] ] } },
{ "type": "Feature", "properties": { "num_setor": "MS_MIRANDA_SR_001_CPRM", "munic": "MIRANDA", "grau_risco": "Alto", "distancia_km": 1.31, "chuva_24h": 0.0, "chuva_72h": 0.1, "fonte_estacao": "openmeteo", "codigo_estacao": "openmeteo", "nome_estacao": "Open-Meteo (célula de grade)" }, "geometry": { "type": "Polygon", "coordinates": [ [ [ -56.38080542299997, -20.251780915386565 ], [ -56.380406173999972, -20.251679518386528 ], [ -56.380919493999954, -20.250196593386562 ], [ -56.380298439999933, -20.25005717338659 ], [ -56.38026675399994, -20.249949439386604 ], [ -56.380374486999983, -20.24948047938658 ], [ -56.379671048999967, -20.249290361386613 ], [ -56.379810468999949, -20.248643957386619 ], [ -56.381673631999945, -20.248986171386615 ], [ -56.381401127999936, -20.250139557386582 ], [ -56.381242695999958, -20.250259966386608 ], [ -56.38080542299997, -20.251780915386565 ] ] ] } },
{ "type": "Feature", "properties": { "num_setor": "MS_MIRANDA_SR_004_CPRM", "munic": "MIRANDA", "grau_risco": "Alto", "distancia_km": 1.55, "chuva_24h": 0.0, "chuva_72h": 0.1, "fonte_estacao": "openmeteo", "codigo_estacao": "openmeteo", "nome_estacao": "Open-Meteo (célula de grade)" }, "geometry": { "type": "Polygon", "coordinates": [ [ [ -56.385067843999941, -20.252908408386499 ], [ -56.384827224999988, -20.252825528386513 ], [ -56.385172111999964, -20.252023465386557 ], [ -56.385051801999964, -20.251697293386542 ], [ -56.384725629999934, -20.251796214386552 ], [ -56.384688199999971, -20.251611739386533 ], [ -56.384856633999952, -20.251542227386551 ], [ -56.384704241999941, -20.251165257386567 ], [ -56.384936839999973, -20.251077031386568 ], [ -56.38466948599995, -20.250472810386583 ], [ -56.385051801999964, -20.250349827386604 ], [ -56.385479568999983, -20.251213381386549 ], [ -56.385570469999948, -20.250483504386615 ], [ -56.38592070399995, -20.250411318386583 ], [ -56.385672063999948, -20.251494103386563 ], [ -56.385610572999951, -20.251659863386571 ], [ -56.385634634999974, -20.251889788386556 ], [ -56.38587792699996, -20.25186305238655 ], [ -56.385990215999982, -20.251740069386578 ], [ -56.386434023999982, -20.25192989138656 ], [ -56.386278958999981, -20.252258737386544 ], [ -56.38610517799998, -20.252191898386556 ], [ -56.385872579999955, -20.252408455386533 ], [ -56.385402035999959, -20.25218120438652 ], [ -56.385190826999974, -20.25288701938651 ], [ -56.385067843999941, -20.252908408386499 ] ] ] } },
{ "type": "Feature", "properties": { "num_setor": "MS_MIRANDA_SR_003_CPRM", "munic": "MIRANDA", "grau_risco": "Alto", "distancia_km": 1.57, "chuva_24h": 0.0, "chuva_72h": 0.2, "fonte_estacao": "openmeteo", "codigo_estacao": "openmeteo", "nome_estacao": "Open-Meteo (célula de grade)" }, "geometry": { "type": "Polygon", "coordinates": [ [ [ -56.393305723999958, -20.242484113386805 ], [ -56.393495842999982, -20.240750865386811 ], [ -56.39286845099997, -20.240677986386842 ], [ -56.392881125999963, -20.240421326386851 ], [ -56.392896968999935, -20.240364290386811 ], [ -56.396151166999971, -20.240532228386819 ], [ -56.396122648999949, -20.241600062386809 ], [ -56.395745579999975, -20.241574712386825 ], [ -56.395739242999987, -20.24128319738681 ], [ -56.395492088999958, -20.241283197386821 ], [ -56.395441389999974, -20.241140608386821 ], [ -56.394978767999987, -20.241140608386814 ], [ -56.394956587999957, -20.240855430386809 ], [ -56.394582687999957, -20.240852262386824 ], [ -56.394573181999931, -20.241530351386782 ], [ -56.394424254999933, -20.2415461953868 ], [ -56.394490796999946, -20.242446090386807 ], [ -56.393305723999958, -20.242484113386805 ] ] ] } },
{ "type": "Feature", "properties": { "num_setor": "MS_PONTAPO_SR_4_CPRM", "munic": "PONTA PORÃ", "grau_risco": "Alto", "distancia_km": 1.9, "chuva_24h": 0.6, "chuva_72h": 1.0, "fonte_estacao": "openmeteo", "codigo_estacao": "openmeteo", "nome_estacao": "Open-Meteo (célula de grade)" }, "geometry": { "type": "Polygon", "coordinates": [ [ [ -55.70969407299998, -22.551541752331026 ], [ -55.709677716999977, -22.551519457331011 ], [ -55.709665325999936, -22.551491288330993 ], [ -55.70964003399996, -22.551414818330986 ], [ -55.709553372999949, -22.551192222330982 ], [ -55.709506870999974, -22.551088259331021 ], [ -55.709476427999959, -22.551010819330994 ], [ -55.709452521999943, -22.550945356330985 ], [ -55.709433282999953, -22.550889863331001 ], [ -55.709420865999959, -22.550837190331034 ], [ -55.709434970999951, -22.550782153330989 ], [ -55.709494697999958, -22.550710816331044 ], [ -55.709560729999971, -22.550658928331018 ], [ -55.709612080999932, -22.550641831331003 ], [ -55.70966741999996, -22.550624525331042 ], [ -55.709733255999936, -22.550623936331011 ], [ -55.709774279999969, -22.550634520331013 ], [ -55.709870748999947, -22.550720479331009 ], [ -55.709903250999957, -22.550758688331022 ], [ -55.709953588999952, -22.550889622330985 ], [ -55.709996406999956, -22.550969184330985 ], [ -55.710022292999952, -22.551018798331018 ], [ -55.710093387999962, -22.551060779330996 ], [ -55.710163489999957, -22.551105638331013 ], [ -55.710305763999941, -22.551139354331035 ], [ -55.710343143999978, -22.551149578331017 ], [ -55.710369947999936, -22.551155174331015 ], [ -55.710400621999952, -22.551174127331009 ], [ -55.710421811999936, -22.551191101331018 ], [ -55.710455964999937, -22.551223026330991 ], [ -55.71046249699998, -22.55124661533101 ], [ -55.710448418999931, -22.551305679330977 ], [ -55.710432316999977, -22.551338725331028 ], [ -55.710414440999955, -22.551376338330993 ], [ -55.710396740999954, -22.551413583330977 ], [ -55.710381860999973, -22.551450899331009 ], [ -55.710357620999957, -22.551470360330978 ], [ -55.710328026999953, -22.551485137331021 ], [ -55.710269370999981, -22.55149396933102 ], [ -55.710213180999965, -22.551505312330999 ], [ -55.710161448999941, -22.551512086330984 ], [ -55.710091398999964, -22.551519056330992 ], [ -55.71004141599996, -22.551521135331008 ], [ -55.709992516999932, -22.551526849331001 ], [ -55.709921237999936, -22.551534922331008 ], [ -55.709852655999953, -22.551543125331001 ], [ -55.709766004999942, -22.551546790331003 ], [ -55.709722490999972, -22.551553944331012 ], [ -55.70969407299998, -22.551541752331026 ] ] ] } },
{ "type": "Feature", "properties": { "num_setor": "MS_PORTOMU_SR_1_CPRM", "munic": "PORTO MURTINHO", "grau_risco": "Alto", "distancia_km": 0.82, "chuva_24h": 0.0, "chuva_72h": 0.0, "fonte_estacao": "openmeteo", "codigo_estacao": "openmeteo", "nome_estacao": "Open-Meteo (célula de grade)" }, "geometry": { "type": "Polygon", "coordinates": [ [ [ -57.873025926999951, -21.707540104350898 ], [ -57.872889043, -21.707323256350882 ], [ -57.872753153999945, -21.706440209350962 ], [ -57.872555273999978, -21.705468314350959 ], [ -57.872427075999958, -21.704761135350957 ], [ -57.872105131999945, -21.703570517350975 ], [ -57.871647400999954, -21.702282807351018 ], [ -57.871457745999976, -21.701542675351071 ], [ -57.87114977799996, -21.700566460351048 ], [ -57.870805745999967, -21.699423878351077 ], [ -57.872942014999985, -21.699249755351122 ], [ -57.874435780999924, -21.699091382351089 ], [ -57.875473443999965, -21.699049693351082 ], [ -57.875533240999971, -21.699807184351084 ], [ -57.875619992999987, -21.700737537351053 ], [ -57.875687984999956, -21.70146455835102 ], [ -57.875671606999958, -21.701896713351001 ], [ -57.875618632999931, -21.702123474351023 ], [ -57.87521757199994, -21.703059689351029 ], [ -57.874929261999974, -21.703691912350983 ], [ -57.874711529999963, -21.70423285135098 ], [ -57.874471602999954, -21.704820405350969 ], [ -57.874223864999976, -21.705364413350971 ], [ -57.873928043999967, -21.70617469135091 ], [ -57.873439429999962, -21.707295375350878 ], [ -57.873342326999932, -21.707565887350928 ], [ -57.873025926999951, -21.707540104350898 ] ] ] } },
{ "type": "Feature", "properties": { "num_setor": "MS_NIOAQUE_SR_2_CPRM", "munic": "NIOAQUE", "grau_risco": "Alto", "distancia_km": 0.75, "chuva_24h": 0.0, "chuva_72h": 0.1, "fonte_estacao": "openmeteo", "codigo_estacao": "openmeteo", "nome_estacao": "Open-Meteo (célula de grade)" }, "geometry": { "type": "Polygon", "coordinates": [ [ [ -55.592398662999983, -20.997482965368071 ], [ -55.600542258999951, -20.988197349368296 ], [ -55.603967077999982, -20.990257235368237 ], [ -55.595523249999985, -20.999637382368018 ], [ -55.592398662999983, -20.997482965368071 ] ] ] } },
{ "type": "Feature", "properties": { "num_setor": "MS_PONTAPO_SR_1_CPRM", "munic": "PONTA PORÃ", "grau_risco": "Alto", "distancia_km": 1.06, "chuva_24h": 0.8, "chuva_72h": 1.1, "fonte_estacao": "openmeteo", "codigo_estacao": "openmeteo", "nome_estacao": "Open-Meteo (célula de grade)" }, "geometry": { "type": "Polygon", "coordinates": [ [ [ -55.682497116999969, -22.56593636133066 ], [ -55.682593260999965, -22.565714891330675 ], [ -55.682601272999932, -22.565565482330651 ], [ -55.682701862999977, -22.565409688330696 ], [ -55.682804601999976, -22.56525056433065 ], [ -55.682908080999937, -22.565185208330657 ], [ -55.68316161599995, -22.565145752330693 ], [ -55.683217586999945, -22.565150461330688 ], [ -55.683476074999987, -22.565208511330695 ], [ -55.68380603199995, -22.565291038330656 ], [ -55.684234838999942, -22.565369055330667 ], [ -55.684614826999962, -22.565429813330681 ], [ -55.685129724999967, -22.565539808330694 ], [ -55.685404575999947, -22.565627705330652 ], [ -55.685487526999971, -22.565718274330649 ], [ -55.685525672999972, -22.565902229330664 ], [ -55.685504246999983, -22.566166760330677 ], [ -55.685427256999958, -22.566444021330625 ], [ -55.685277997999947, -22.56701272333062 ], [ -55.685163760999956, -22.567445524330651 ], [ -55.685123637999936, -22.567719156330611 ], [ -55.685075910999949, -22.567841793330611 ], [ -55.685045782999971, -22.567953833330638 ], [ -55.684917234999944, -22.567958696330599 ], [ -55.684911391999947, -22.567949922330616 ], [ -55.68447158399993, -22.567906118330587 ], [ -55.68445271599996, -22.567880032330592 ], [ -55.683904877999957, -22.567801082330618 ], [ -55.683874207999963, -22.567801082330611 ], [ -55.683837586999971, -22.567783391330632 ], [ -55.683297804999938, -22.56767611133062 ], [ -55.68325991599994, -22.567658039330635 ], [ -55.683237043999952, -22.567648982330642 ], [ -55.682771494999947, -22.567590461330614 ], [ -55.682106318999956, -22.56745490833061 ], [ -55.680361814999969, -22.567206347330639 ], [ -55.680216288999986, -22.567192640330642 ], [ -55.680069827999944, -22.567093521330619 ], [ -55.679967716999954, -22.566963622330622 ], [ -55.679919541999929, -22.566812841330627 ], [ -55.679897107999977, -22.56657762333063 ], [ -55.679864805999955, -22.566413673330626 ], [ -55.679854796999962, -22.566220519330649 ], [ -55.679886634999946, -22.565952690330665 ], [ -55.679905194999947, -22.565750643330649 ], [ -55.680004423999947, -22.565645513330697 ], [ -55.680182832999947, -22.565669226330662 ], [ -55.680506709999982, -22.565751601330689 ], [ -55.680977803999951, -22.565857321330654 ], [ -55.680996382999979, -22.565859501330682 ], [ -55.681089107999981, -22.565870378330644 ], [ -55.681539742999966, -22.565931438330654 ], [ -55.681557851999976, -22.56593285333069 ], [ -55.681947221999962, -22.565997234330652 ], [ -55.682152634999966, -22.566013190330672 ], [ -55.682330315999941, -22.566023874330632 ], [ -55.682445645999962, -22.566040229330646 ], [ -55.682497116999969, -22.56593636133066 ] ] ] } },
{ "type": "Feature", "properties": { "num_setor": "MS_NIOAQUE_SR_1_CPRM", "munic": "NIOAQUE", "grau_risco": "Alto", "distancia_km": 0.93, "chuva_24h": 0.0, "chuva_72h": 0.5, "fonte_estacao": "openmeteo", "codigo_estacao": "openmeteo", "nome_estacao": "Open-Meteo (célula de grade)" }, "geometry": { "type": "Polygon", "coordinates": [ [ [ -55.832526203999983, -21.153162209364282 ], [ -55.832449906999955, -21.152768772364276 ], [ -55.832043366999983, -21.152055798364334 ], [ -55.831703166999944, -21.151548932364321 ], [ -55.832024856999965, -21.151153331364359 ], [ -55.832577765999986, -21.151084517364325 ], [ -55.833205383999939, -21.151051314364338 ], [ -55.833987707999938, -21.151117390364337 ], [ -55.834874652999986, -21.151193594364315 ], [ -55.835443934999944, -21.151359404364303 ], [ -55.836050621999959, -21.152504860364296 ], [ -55.83633352399994, -21.153021232364281 ], [ -55.836538411999982, -21.153313080364295 ], [ -55.837064486999964, -21.154249563364242 ], [ -55.837372988999959, -21.154666825364281 ], [ -55.837881880999987, -21.155084197364221 ], [ -55.838028578999968, -21.155307789364205 ], [ -55.838033024999959, -21.15531608336422 ], [ -55.838175336999932, -21.155602442364238 ], [ -55.83819655199995, -21.155813813364194 ], [ -55.838326427999959, -21.156014273364235 ], [ -55.838709175999959, -21.156205810364206 ], [ -55.839101244999938, -21.156429310364203 ], [ -55.839443707999969, -21.15669952436421 ], [ -55.839274813999964, -21.156810580364187 ], [ -55.838960951999979, -21.15709219336421 ], [ -55.838515826999981, -21.157523554364182 ], [ -55.838204892999954, -21.157922141364175 ], [ -55.83800010899995, -21.158071842364169 ], [ -55.837935648999974, -21.159029771364128 ], [ -55.837909065999952, -21.159294883364137 ], [ -55.837824724999962, -21.159680030364104 ], [ -55.837744742, -21.159986342364117 ], [ -55.837771868999944, -21.160378860364116 ], [ -55.837973786999953, -21.160642435364078 ], [ -55.838464470999952, -21.161034205364089 ], [ -55.839203577999967, -21.161397489364084 ], [ -55.840100415999984, -21.16189115236406 ], [ -55.840683356999939, -21.162520529364041 ], [ -55.841074322999987, -21.163257780364049 ], [ -55.841374179999946, -21.163847556364001 ], [ -55.841662178999968, -21.164667677363997 ], [ -55.842222623999987, -21.165394852363988 ], [ -55.842533845999981, -21.166002803363977 ], [ -55.842200917999939, -21.166545558363925 ], [ -55.841821946999978, -21.166424509363967 ], [ -55.841298955999946, -21.166231897364 ], [ -55.840387526999955, -21.165792492363991 ], [ -55.840257162999933, -21.166120989363979 ], [ -55.840349095999954, -21.166908932363942 ], [ -55.840545402999972, -21.167603469363943 ], [ -55.84150017199994, -21.169022967363919 ], [ -55.842153776999965, -21.169681260363866 ], [ -55.842897212999958, -21.169787784363905 ], [ -55.843106444999933, -21.169421680363886 ], [ -55.843132938999986, -21.168852668363883 ], [ -55.843302742999981, -21.168611318363929 ], [ -55.843954625999963, -21.168772299363891 ], [ -55.844487654999966, -21.168957842363877 ], [ -55.844991223999955, -21.168600803363884 ], [ -55.845065526999974, -21.168038767363942 ], [ -55.845410884999986, -21.167829185363917 ], [ -55.845898903999959, -21.16796636136392 ], [ -55.846270333999939, -21.168211464363917 ], [ -55.845687645999931, -21.168912722363896 ], [ -55.844836303999955, -21.169555283363881 ], [ -55.844502565999967, -21.170259070363883 ], [ -55.844515598999969, -21.170283407363851 ], [ -55.844982185999982, -21.170810806363846 ], [ -55.845437524999966, -21.171442132363847 ], [ -55.847043626999948, -21.171537365363815 ], [ -55.847854361999964, -21.172867799363804 ], [ -55.848133899999937, -21.174387194363764 ], [ -55.847289254999971, -21.175826248363727 ], [ -55.845565375999975, -21.175919645363724 ], [ -55.843711835999954, -21.175807637363761 ], [ -55.843430111999965, -21.176030769363717 ], [ -55.842193363999961, -21.176270143363709 ], [ -55.841906531999932, -21.176339716363728 ], [ -55.841531860999964, -21.176434763363726 ], [ -55.840941562999944, -21.176240599363734 ], [ -55.840225905999951, -21.176102328363715 ], [ -55.839228841999962, -21.176089677363759 ], [ -55.838891160999935, -21.176101952363716 ], [ -55.838986631999944, -21.175786629363731 ], [ -55.839068599999962, -21.175390668363747 ], [ -55.839304506999959, -21.175239388363757 ], [ -55.839709358999983, -21.175220422363715 ], [ -55.84014779499995, -21.175126212363743 ], [ -55.840343428999972, -21.175126194363759 ], [ -55.840586745999985, -21.17519505636373 ], [ -55.840876641999955, -21.17524553036376 ], [ -55.841258726999968, -21.175328134363767 ], [ -55.841711135999958, -21.175298283363734 ], [ -55.841927176999945, -21.175049663363758 ], [ -55.841765064999947, -21.174800232363733 ], [ -55.841315436999935, -21.174525918363777 ], [ -55.841086463999936, -21.174327359363758 ], [ -55.841168299999936, -21.174026004363792 ], [ -55.841181185999979, -21.17356108436379 ], [ -55.841109928999977, -21.173293173363817 ], [ -55.840903095999977, -21.17316998236382 ], [ -55.840468629999975, -21.17314241936382 ], [ -55.840236257999941, -21.17313898936376 ], [ -55.840046497999936, -21.173162833363815 ], [ -55.839610308999966, -21.173540593363811 ], [ -55.839496640999982, -21.173738551363805 ], [ -55.839451911999959, -21.173986330363793 ], [ -55.839325828999961, -21.174257166363766 ], [ -55.839169796999954, -21.17445919336377 ], [ -55.839037295999958, -21.174648018363762 ], [ -55.838810930999955, -21.174633727363755 ], [ -55.838016731999971, -21.174483538363745 ], [ -55.837583026999944, -21.174399422363756 ], [ -55.837467344999936, -21.174194080363751 ], [ -55.837444152999979, -21.173841678363789 ], [ -55.837196510999945, -21.173673673363755 ], [ -55.836245158999979, -21.173459519363771 ], [ -55.835765082999956, -21.173420499363797 ], [ -55.835141224, -21.173476899363802 ], [ -55.834681269, -21.173556464363763 ], [ -55.834316465999969, -21.173763974363755 ], [ -55.834147598999948, -21.174032164363794 ], [ -55.834106992999978, -21.174289942363771 ], [ -55.834015848999975, -21.174708145363748 ], [ -55.833772139999951, -21.174916343363744 ], [ -55.833523612999954, -21.174849535363752 ], [ -55.833482964999973, -21.174726338363772 ], [ -55.833507083999962, -21.174399438363761 ], [ -55.833500396999966, -21.174152203363761 ], [ -55.833599308999972, -21.174034232363745 ], [ -55.833534083999943, -21.173759718363812 ], [ -55.834028531999934, -21.172940861363809 ], [ -55.833661624999934, -21.172396198363796 ], [ -55.833337310999987, -21.171670768363832 ], [ -55.831425313999944, -21.170818649363842 ], [ -55.831853506999956, -21.170148716363876 ], [ -55.832572285999966, -21.16925578836392 ], [ -55.833340355999951, -21.168978410363891 ], [ -55.833938706999959, -21.168584556363925 ], [ -55.835404596999972, -21.168321486363919 ], [ -55.835906578999982, -21.167825499363907 ], [ -55.836437381999986, -21.167387117363937 ], [ -55.837139514999933, -21.166917792363972 ], [ -55.836975666999933, -21.166464555363945 ], [ -55.836580815999987, -21.166082981363989 ], [ -55.835981688999937, -21.165965874363945 ], [ -55.835364898999956, -21.165923990363954 ], [ -55.834053623999971, -21.165664219363954 ], [ -55.833506264999983, -21.165569403363964 ], [ -55.833110427999941, -21.165828603363973 ], [ -55.83291402499998, -21.166255262363997 ], [ -55.832621395999986, -21.166487809363979 ], [ -55.832158751999941, -21.167208512363935 ], [ -55.831803752999974, -21.167423472363911 ], [ -55.831567158999974, -21.167231532363935 ], [ -55.831666798999947, -21.166883117363923 ], [ -55.831841128999947, -21.166488137363977 ], [ -55.832147741999961, -21.166283317363963 ], [ -55.832182015999933, -21.166019739363975 ], [ -55.831485786999963, -21.166104469363955 ], [ -55.831002486999978, -21.166512185363981 ], [ -55.831039542999967, -21.166854209363937 ], [ -55.830777538999939, -21.167514200363932 ], [ -55.83089850999994, -21.168160326363914 ], [ -55.831257747999985, -21.168363655363905 ], [ -55.831248895999977, -21.168952679363901 ], [ -55.83102111299997, -21.169590063363909 ], [ -55.830759103999981, -21.169725920363867 ], [ -55.830358942999965, -21.1696147243639 ], [ -55.830230858999983, -21.169227422363868 ], [ -55.83027352299996, -21.169041923363885 ], [ -55.830185787999945, -21.16859543336389 ], [ -55.830107058999943, -21.168286589363934 ], [ -55.830089707999946, -21.167863608363906 ], [ -55.830169426999987, -21.16745683836394 ], [ -55.830430150999973, -21.166814658363943 ], [ -55.830561275999976, -21.166416693363967 ], [ -55.830676756999935, -21.166108716363937 ], [ -55.830928752999966, -21.16591068236395 ], [ -55.831343774999944, -21.165648705363981 ], [ -55.831884718999952, -21.165249680364013 ], [ -55.832184175999942, -21.164882437363989 ], [ -55.832571951999974, -21.164501410364007 ], [ -55.832819758999968, -21.164242511363987 ], [ -55.833104267999943, -21.163685023364032 ], [ -55.833193902999938, -21.163320178364053 ], [ -55.832664592999947, -21.16314759536402 ], [ -55.832552152999938, -21.16290393936406 ], [ -55.832666506999942, -21.162635276364032 ], [ -55.83278379099994, -21.162354657364073 ], [ -55.832793060999961, -21.162107527364093 ], [ -55.832790538999973, -21.161964963364042 ], [ -55.832790529999954, -21.161821924364091 ], [ -55.832967397999937, -21.16163790136406 ], [ -55.833376633999933, -21.161340149364072 ], [ -55.834128963999945, -21.160774416364116 ], [ -55.834158460999952, -21.160589833364099 ], [ -55.834371602999973, -21.160671808364096 ], [ -55.83446338899995, -21.160477844364095 ], [ -55.834583895999963, -21.160230586364097 ], [ -55.834769743999971, -21.160020673364109 ], [ -55.834874908999957, -21.159607274364099 ], [ -55.834916319999927, -21.159406878364141 ], [ -55.83501126799996, -21.159211199364133 ], [ -55.834999360999966, -21.158999443364145 ], [ -55.834997303999955, -21.158911091364168 ], [ -55.835157711999955, -21.158876835364126 ], [ -55.835432061999938, -21.158885289364139 ], [ -55.835801487999959, -21.158494647364133 ], [ -55.835860212999926, -21.15815482936415 ], [ -55.835747509999983, -21.1578381113642 ], [ -55.835537626999951, -21.157518257364202 ], [ -55.835474790999967, -21.157221595364174 ], [ -55.835453195999953, -21.15701450736421 ], [ -55.835362414999963, -21.156602065364197 ], [ -55.835208133999977, -21.156352456364221 ], [ -55.835105272999954, -21.156258346364201 ], [ -55.834908641999959, -21.156233540364198 ], [ -55.834709080999971, -21.156203899364236 ], [ -55.834689922999985, -21.156113605364222 ], [ -55.83468256499998, -21.155784402364194 ], [ -55.834689038999961, -21.155546362364202 ], [ -55.83465657499994, -21.154976796364245 ], [ -55.834611915999979, -21.154574715364252 ], [ -55.834565119999979, -21.154258809364229 ], [ -55.834556478999964, -21.153976816364253 ], [ -55.834482291999961, -21.153602554364284 ], [ -55.834441255999941, -21.153525407364267 ], [ -55.834280356999955, -21.153536261364255 ], [ -55.834225816999947, -21.153501346364298 ], [ -55.834089078999966, -21.153524654364276 ], [ -55.833699960999979, -21.153658971364273 ], [ -55.833619688999931, -21.153630960364289 ], [ -55.833421753999978, -21.153676478364268 ], [ -55.833142236999954, -21.153677876364263 ], [ -55.832641424999963, -21.153625181364248 ], [ -55.832526203999983, -21.153162209364282 ] ] ] } },
{ "type": "Feature", "properties": { "num_setor": "MS_PONTAPO_SR_3_CPRM", "munic": "PONTA PORÃ", "grau_risco": "Alto", "distancia_km": 1.14, "chuva_24h": 0.6, "chuva_72h": 1.0, "fonte_estacao": "openmeteo", "codigo_estacao": "openmeteo", "nome_estacao": "Open-Meteo (célula de grade)" }, "geometry": { "type": "Polygon", "coordinates": [ [ [ -55.731471306999936, -22.514588512331883 ], [ -55.731860508999944, -22.514482995331868 ], [ -55.732614546999962, -22.514166178331884 ], [ -55.733255547999924, -22.513789449331863 ], [ -55.733915533999948, -22.513281635331865 ], [ -55.734800578999966, -22.512753052331938 ], [ -55.73532535399994, -22.512439463331912 ], [ -55.73582336599997, -22.512175629331896 ], [ -55.736037397999951, -22.512198731331893 ], [ -55.736229321999986, -22.512264365331916 ], [ -55.736309214999949, -22.512433396331886 ], [ -55.736268241999937, -22.512581294331913 ], [ -55.736100236999953, -22.51275653033192 ], [ -55.735836762999952, -22.512855171331886 ], [ -55.735599355999959, -22.512943139331888 ], [ -55.735421995999957, -22.513099559331888 ], [ -55.73524393699995, -22.513219302331908 ], [ -55.735241452999958, -22.513223945331912 ], [ -55.735056158999953, -22.51331341533189 ], [ -55.734869911999965, -22.51343860333186 ], [ -55.734607660999984, -22.513631421331876 ], [ -55.734436331, -22.513783610331881 ], [ -55.734244957999977, -22.513959249331879 ], [ -55.734085953999966, -22.514083522331866 ], [ -55.733871228999924, -22.514219343331877 ], [ -55.73338909499995, -22.514480464331864 ], [ -55.73293672799997, -22.514686075331877 ], [ -55.732266649999985, -22.514927736331828 ], [ -55.731562387999986, -22.515135077331838 ], [ -55.731296463999968, -22.515219142331865 ], [ -55.731074928999931, -22.51531020933183 ], [ -55.730686473999981, -22.515290788331836 ], [ -55.730680628999949, -22.515292973331867 ], [ -55.730177400999935, -22.515185821331869 ], [ -55.730162805999953, -22.515180599331838 ], [ -55.730139001999987, -22.515176265331856 ], [ -55.729792784999972, -22.515074288331878 ], [ -55.729759931999979, -22.515070982331824 ], [ -55.729271127999937, -22.515005171331875 ], [ -55.728796366, -22.515032262331864 ], [ -55.728303411999946, -22.515091904331854 ], [ -55.728033522999965, -22.515157623331881 ], [ -55.727717978999976, -22.515200735331828 ], [ -55.727344150999954, -22.515222885331834 ], [ -55.726959250999982, -22.515262211331873 ], [ -55.726682940999979, -22.515296362331835 ], [ -55.725965169999938, -22.515382708331824 ], [ -55.725694805999986, -22.515414685331816 ], [ -55.725413442999979, -22.515446796331865 ], [ -55.725067117999977, -22.515508160331848 ], [ -55.72486699399996, -22.515553275331818 ], [ -55.724673749999965, -22.515570389331817 ], [ -55.724439419999953, -22.515500340331837 ], [ -55.724337572999964, -22.515448674331839 ], [ -55.723202939999965, -22.515005300331886 ], [ -55.722275771999932, -22.514637410331868 ], [ -55.722037291999982, -22.514478292331869 ], [ -55.721863531999986, -22.51432958933184 ], [ -55.72166695, -22.514162939331865 ], [ -55.721576909999953, -22.51410761233188 ], [ -55.721346573999938, -22.513983441331906 ], [ -55.721226007999974, -22.513911765331898 ], [ -55.720952006999937, -22.513783699331899 ], [ -55.720554092, -22.513695912331862 ], [ -55.720048116999976, -22.513639280331866 ], [ -55.719416143999979, -22.513473789331897 ], [ -55.718339100999977, -22.51320264133188 ], [ -55.717744233999952, -22.513020213331878 ], [ -55.717516969999963, -22.512834094331907 ], [ -55.717432345999953, -22.512551371331909 ], [ -55.717464953999979, -22.512385915331915 ], [ -55.71755514299997, -22.512295246331902 ], [ -55.717761649999943, -22.512238572331885 ], [ -55.718192136999967, -22.512288233331937 ], [ -55.718448568, -22.512366673331925 ], [ -55.718813246999957, -22.512494446331896 ], [ -55.720022996999944, -22.513024215331896 ], [ -55.720800901999951, -22.513305049331855 ], [ -55.721433700999967, -22.513566569331893 ], [ -55.721827398999949, -22.513710124331869 ], [ -55.722181542999977, -22.513832075331898 ], [ -55.722497024999939, -22.513973852331898 ], [ -55.722807349999975, -22.51410977633185 ], [ -55.723217280999961, -22.514284537331886 ], [ -55.723809408999962, -22.514559970331891 ], [ -55.72424550899995, -22.514701631331867 ], [ -55.724974583999931, -22.514769425331824 ], [ -55.725841394999975, -22.514707200331873 ], [ -55.727223331999937, -22.514483264331869 ], [ -55.728731031999985, -22.514483251331846 ], [ -55.729834726999968, -22.51457738033189 ], [ -55.731225643999956, -22.514629084331872 ], [ -55.731471306999936, -22.514588512331883 ] ] ] } },
{ "type": "Feature", "properties": { "num_setor": "MS_PONTAPO_SR_2_CPRM", "munic": "PONTA PORÃ", "grau_risco": "Muito alto", "distancia_km": 1.47, "chuva_24h": 0.6, "chuva_72h": 1.0, "fonte_estacao": "openmeteo", "codigo_estacao": "openmeteo", "nome_estacao": "Open-Meteo (célula de grade)" }, "geometry": { "type": "Polygon", "coordinates": [ [ [ -55.704438918999983, -22.540651899331241 ], [ -55.704413689999967, -22.540596481331249 ], [ -55.704392450999933, -22.540537508331237 ], [ -55.704385289999948, -22.540484906331251 ], [ -55.704396967999969, -22.540430531331261 ], [ -55.704540376999944, -22.540330740331243 ], [ -55.70457508, -22.540297957331251 ], [ -55.704639199999981, -22.540293718331281 ], [ -55.704682681999941, -22.540301706331277 ], [ -55.704711836999934, -22.540328549331274 ], [ -55.704860885999949, -22.540503506331277 ], [ -55.70500844999998, -22.540684121331257 ], [ -55.705133388999968, -22.540840139331237 ], [ -55.705177055999975, -22.540859039331227 ], [ -55.705233552999971, -22.540843908331226 ], [ -55.705237190999981, -22.540843920331262 ], [ -55.705271881999977, -22.54082530333125 ], [ -55.705308312999932, -22.540816919331235 ], [ -55.705371905999982, -22.540813760331265 ], [ -55.705433334999952, -22.540829319331245 ], [ -55.70552153999995, -22.540841144331235 ], [ -55.705540014999947, -22.54084077333124 ], [ -55.70565011399998, -22.540867021331216 ], [ -55.705654605999939, -22.540867562331247 ], [ -55.70572106499997, -22.540901306331243 ], [ -55.705760273999942, -22.540954027331228 ], [ -55.70578111399994, -22.541008993331271 ], [ -55.705773055999941, -22.541085591331232 ], [ -55.705753107999953, -22.541158725331226 ], [ -55.705708768999955, -22.541238238331225 ], [ -55.705639143999981, -22.541340496331252 ], [ -55.705605370999926, -22.541411753331246 ], [ -55.705571593999942, -22.541476642331233 ], [ -55.705510096999944, -22.541557381331227 ], [ -55.705468663999966, -22.541615472331248 ], [ -55.705433348999975, -22.541666656331223 ], [ -55.705401796999979, -22.541691101331232 ], [ -55.705362075999972, -22.54168860533126 ], [ -55.70531683199993, -22.541650188331211 ], [ -55.705260816999953, -22.541600508331243 ], [ -55.705154746999945, -22.541550334331223 ], [ -55.705091233999951, -22.541506405331216 ], [ -55.705030823999948, -22.541412475331228 ], [ -55.705029907999979, -22.541399945331239 ], [ -55.704941317999953, -22.541253212331231 ], [ -55.704933672999971, -22.541243529331258 ], [ -55.704679466999941, -22.540928180331253 ], [ -55.704438918999983, -22.540651899331241 ] ] ] } },
{ "type": "Feature", "properties": { "num_setor": "MS_CORUMBA_SR_05_CPRM", "munic": "CORUMBÁ", "grau_risco": "Alto", "distancia_km": 2.05, "chuva_24h": 0.0, "chuva_72h": 0.8, "fonte_estacao": "openmeteo", "codigo_estacao": "openmeteo", "nome_estacao": "Open-Meteo (célula de grade)" }, "geometry": { "type": "Polygon", "coordinates": [ [ [ -57.659874130999988, -19.004119050418392 ], [ -57.65991288999998, -19.003985526418361 ], [ -57.659909160999966, -19.003884012418364 ], [ -57.659886863999986, -19.003742305418367 ], [ -57.659866182999963, -19.003616790418384 ], [ -57.659937466999956, -19.003464826418384 ], [ -57.659973288999936, -19.003367712418356 ], [ -57.660045200999946, -19.003235523418375 ], [ -57.660112240999979, -19.003115324418392 ], [ -57.660178783999974, -19.002960522418398 ], [ -57.660252906, -19.002849769418404 ], [ -57.660403198999965, -19.00290091541838 ], [ -57.660311056999952, -19.003118703418416 ], [ -57.660198672999968, -19.003332564418368 ], [ -57.660127007999968, -19.003482049418373 ], [ -57.660083539999967, -19.003650891418371 ], [ -57.660080905999969, -19.003866699418371 ], [ -57.660000093999948, -19.004156710418361 ], [ -57.659874130999988, -19.004119050418392 ] ] ] } },
{ "type": "Feature", "properties": { "num_setor": "MS_COXIM_SR_1_CPRM", "munic": "COXIM", "grau_risco": "Alto", "distancia_km": 0.5, "chuva_24h": 0.0, "chuva_72h": 0.0, "fonte_estacao": "openmeteo", "codigo_estacao": "openmeteo", "nome_estacao": "Open-Meteo (célula de grade)" }, "geometry": { "type": "Polygon", "coordinates": [ [ [ -54.758465909999984, -18.487196331431868 ], [ -54.759291440999959, -18.486173224431912 ], [ -54.761004526999955, -18.484758187431929 ], [ -54.762164628999983, -18.483911044431963 ], [ -54.763582521999979, -18.482948626431963 ], [ -54.764671008999983, -18.482212403431994 ], [ -54.765600124999942, -18.481580053432022 ], [ -54.765190568999969, -18.481249114432053 ], [ -54.768635112999959, -18.47843930443209 ], [ -54.769235893999962, -18.479015795432083 ], [ -54.771420955999986, -18.480270692432075 ], [ -54.767741785999931, -18.482465823432033 ], [ -54.763038445999939, -18.485729669431919 ], [ -54.760721351999962, -18.487861243431833 ], [ -54.758962077999968, -18.48952711643183 ], [ -54.756969889999937, -18.491652268431746 ], [ -54.756762834999954, -18.493865787431687 ], [ -54.758295084999986, -18.496474527431644 ], [ -54.759987311999964, -18.497947551431615 ], [ -54.761202125999944, -18.499298785431549 ], [ -54.763087650999971, -18.501182808431505 ], [ -54.764732008999935, -18.504059126431436 ], [ -54.763297295999969, -18.507763868431361 ], [ -54.760783856999986, -18.510337939431256 ], [ -54.759988654999972, -18.511144872431281 ], [ -54.758519748999966, -18.512236087431212 ], [ -54.758185928999978, -18.51423624543115 ], [ -54.757898299999972, -18.51565791743111 ], [ -54.756883302999938, -18.518849216431054 ], [ -54.754648151999959, -18.521753792430975 ], [ -54.755575734999979, -18.524092336430915 ], [ -54.754424705999952, -18.524617636430893 ], [ -54.753847689999986, -18.525379416430873 ], [ -54.75246943999997, -18.527324071430815 ], [ -54.751193279999939, -18.527626832430812 ], [ -54.746764395999946, -18.528717551430759 ], [ -54.744079075999935, -18.529272201430786 ], [ -54.742455986999971, -18.52965310643075 ], [ -54.741155536999941, -18.529935776430737 ], [ -54.742252384999972, -18.534659265430633 ], [ -54.743098902999975, -18.537300811430562 ], [ -54.745585011999935, -18.542158276430428 ], [ -54.747689792999957, -18.546454902430291 ], [ -54.749354363999942, -18.549656275430234 ], [ -54.748124723999979, -18.550351780430223 ], [ -54.747224691999975, -18.550896128430221 ], [ -54.746041863999949, -18.551568132430177 ], [ -54.745815798999956, -18.547618048430273 ], [ -54.745595996999953, -18.545804929430361 ], [ -54.744948905999934, -18.543377888430392 ], [ -54.743821290999968, -18.541764237430417 ], [ -54.742358869, -18.539953767430514 ], [ -54.741264422999969, -18.537724277430527 ], [ -54.740339109999979, -18.535585981430579 ], [ -54.739536984, -18.533164832430661 ], [ -54.738733622999973, -18.530224402430765 ], [ -54.738778786999944, -18.527143782430809 ], [ -54.73647893399994, -18.527146997430847 ], [ -54.734468507999964, -18.527121997430797 ], [ -54.733535643999971, -18.527016899430858 ], [ -54.731816680999941, -18.526587303430876 ], [ -54.732391767999957, -18.525168680430891 ], [ -54.734914764999985, -18.525336090430859 ], [ -54.737255396999956, -18.525125091430873 ], [ -54.739705542999957, -18.524703117430874 ], [ -54.74249292899998, -18.523755606430907 ], [ -54.743739467999951, -18.523310872430933 ], [ -54.744207202, -18.523221811430947 ], [ -54.747082520999982, -18.521740976430998 ], [ -54.747713207999944, -18.521524356431001 ], [ -54.748813341999949, -18.52109666243101 ], [ -54.749370620999969, -18.520948314430981 ], [ -54.749846062999957, -18.520730740431016 ], [ -54.750330317999961, -18.520532098431023 ], [ -54.751128183999981, -18.520189176431018 ], [ -54.751963749999959, -18.519810815431029 ], [ -54.753171756999961, -18.519344861431044 ], [ -54.753524071999948, -18.519150850431032 ], [ -54.753366119999953, -18.518896587431051 ], [ -54.753255142999933, -18.518669779431079 ], [ -54.753146093999931, -18.518511866431076 ], [ -54.753715463999981, -18.518215805431048 ], [ -54.75434910499996, -18.517819491431069 ], [ -54.754850389999945, -18.517590591431102 ], [ -54.755549600999977, -18.517252403431112 ], [ -54.75603793099998, -18.516980939431082 ], [ -54.755894710999947, -18.514732855431173 ], [ -54.755822580999961, -18.513423866431204 ], [ -54.757516707999962, -18.51111235143124 ], [ -54.758727000999947, -18.510046150431247 ], [ -54.759573061999959, -18.509127698431321 ], [ -54.760256800999969, -18.508021147431336 ], [ -54.761229675999971, -18.506288241431406 ], [ -54.762323698999978, -18.504268989431434 ], [ -54.761414796999986, -18.503839736431452 ], [ -54.76028668899994, -18.503345485431449 ], [ -54.760004377999962, -18.503806120431463 ], [ -54.758693567999956, -18.501487237431526 ], [ -54.757349781999949, -18.499227701431543 ], [ -54.756512565999977, -18.497716363431582 ], [ -54.755290117999948, -18.495617640431671 ], [ -54.754651278999972, -18.494414548431681 ], [ -54.754469471999982, -18.49360477143172 ], [ -54.754178268999965, -18.491000926431795 ], [ -54.754139890999966, -18.490202705431781 ], [ -54.754322785999932, -18.4891780044318 ], [ -54.756134833999965, -18.489607623431837 ], [ -54.756408307999948, -18.489695337431787 ], [ -54.758465909999984, -18.487196331431868 ] ] ] } },
{ "type": "Feature", "properties": { "num_setor": "MS_CORUMBA_SR_03_CPRM", "munic": "CORUMBÁ", "grau_risco": "Alto", "distancia_km": 1.66, "chuva_24h": 0.0, "chuva_72h": 0.8, "fonte_estacao": "openmeteo", "codigo_estacao": "openmeteo", "nome_estacao": "Open-Meteo (célula de grade)" }, "geometry": { "type": "Polygon", "coordinates": [ [ [ -57.665332497999941, -19.001194806418425 ], [ -57.665051654999957, -19.000880900418458 ], [ -57.664844382999945, -19.000556121418484 ], [ -57.664645721999925, -19.000260022418466 ], [ -57.664534767999953, -19.000061631418433 ], [ -57.664670585999943, -18.999919835418474 ], [ -57.66472936699995, -18.999837969418451 ], [ -57.66485, -18.999990000418482 ], [ -57.665072, -19.000368000418479 ], [ -57.66533, -19.000850000418446 ], [ -57.66562, -19.00119200041842 ], [ -57.665881939999956, -19.001456999418437 ], [ -57.665909498999952, -19.001442800418427 ], [ -57.666148601999971, -19.001216731418427 ], [ -57.666245110999974, -19.001132052418431 ], [ -57.666476142999947, -19.001351690418463 ], [ -57.666599945999963, -19.001478522418431 ], [ -57.666618513999936, -19.001731604418449 ], [ -57.66643303099994, -19.001936792418444 ], [ -57.666286345999929, -19.002018528418411 ], [ -57.666124525999969, -19.00200739141841 ], [ -57.665891063999936, -19.001949304418449 ], [ -57.665726135999925, -19.001688348418433 ], [ -57.665537679999943, -19.00151489741847 ], [ -57.665332497999941, -19.001194806418425 ] ] ] } },
{ "type": "Feature", "properties": { "num_setor": "MS_CORUMBA_SR_04_CPRM", "munic": "CORUMBÁ", "grau_risco": "Alto", "distancia_km": 1.45, "chuva_24h": 0.0, "chuva_72h": 0.8, "fonte_estacao": "openmeteo", "codigo_estacao": "openmeteo", "nome_estacao": "Open-Meteo (célula de grade)" }, "geometry": { "type": "Polygon", "coordinates": [ [ [ -57.66469900799995, -18.998521054418525 ], [ -57.665075433999959, -18.998414390418546 ], [ -57.665239142999958, -18.998447135418548 ], [ -57.66557172399996, -18.998501240418488 ], [ -57.665785412999988, -18.998624535418514 ], [ -57.666057406999975, -18.998787371418537 ], [ -57.666337481999967, -18.998935484418492 ], [ -57.666303417999984, -18.999036881418487 ], [ -57.666156024999964, -18.998973892418512 ], [ -57.665852162999954, -18.998785179418519 ], [ -57.665572448999967, -18.998657944418497 ], [ -57.665255982999952, -18.998576564418514 ], [ -57.665081537999988, -18.998576329418487 ], [ -57.664926838999968, -18.998573955418539 ], [ -57.664823221999946, -18.998645658418539 ], [ -57.664789910999957, -18.998736552418503 ], [ -57.664672696999958, -18.998862781418495 ], [ -57.664500270999959, -18.999005721418481 ], [ -57.664308747999947, -18.998833898418528 ], [ -57.664429766999937, -18.998723377418521 ], [ -57.66469900799995, -18.998521054418525 ] ] ] } },
{ "type": "Feature", "properties": { "num_setor": "MS_GUIALOP_SR_2_CPRM", "munic": "GUIA LOPES DA LAGUNA", "grau_risco": "Alto", "distancia_km": 0.73, "chuva_24h": 0.0, "chuva_72h": 0.7, "fonte_estacao": "openmeteo", "codigo_estacao": "openmeteo", "nome_estacao": "Open-Meteo (célula de grade)" }, "geometry": { "type": "Polygon", "coordinates": [ [ [ -56.108795773999987, -21.464654169356734 ], [ -56.108790680999967, -21.464352761356768 ], [ -56.108637059999978, -21.463337476356791 ], [ -56.10940088499995, -21.463269452356769 ], [ -56.109514390999955, -21.465166323356708 ], [ -56.108779725999973, -21.465196946356752 ], [ -56.108795773999987, -21.464654169356734 ] ] ] } },
{ "type": "Feature", "properties": { "num_setor": "MS_IV_SR_O1_CPRM", "munic": "IVINHEMA", "grau_risco": "Alto", "distancia_km": 1.03, "chuva_24h": 0.0, "chuva_72h": 1.1, "fonte_estacao": "openmeteo", "codigo_estacao": "openmeteo", "nome_estacao": "Open-Meteo (célula de grade)" }, "geometry": { "type": "Polygon", "coordinates": [ [ [ -53.839809251999952, -22.300666912336819 ], [ -53.839565798999956, -22.292265227337069 ], [ -53.839237901999972, -22.288464010337151 ], [ -53.839427095999945, -22.288117028337172 ], [ -53.83976019399995, -22.287923627337129 ], [ -53.840140280999947, -22.288039031337167 ], [ -53.840533425999972, -22.288459154337122 ], [ -53.840752538999936, -22.290211533337125 ], [ -53.840794996999925, -22.291968185337069 ], [ -53.840848438999956, -22.293638919337042 ], [ -53.840895151999973, -22.294851470336994 ], [ -53.840838335999933, -22.296208026336988 ], [ -53.840808311999979, -22.297103713336931 ], [ -53.840734851999969, -22.298544609336904 ], [ -53.840767749999941, -22.299664086336858 ], [ -53.840666589999955, -22.300420668336855 ], [ -53.840381299999933, -22.300812729336851 ], [ -53.840053556999976, -22.300868210336862 ], [ -53.839809251999952, -22.300666912336819 ] ] ] } },
{ "type": "Feature", "properties": { "num_setor": "MS_DOURADO_SR_1_CPRM", "munic": "DOURADOS", "grau_risco": "Alto", "distancia_km": 0.99, "chuva_24h": 0.1, "chuva_72h": 1.2, "fonte_estacao": "openmeteo", "codigo_estacao": "openmeteo", "nome_estacao": "Open-Meteo (célula de grade)" }, "geometry": { "type": "Polygon", "coordinates": [ [ [ -54.830737542999941, -22.235175942338383 ], [ -54.83084165799994, -22.234222409338436 ], [ -54.830426465999949, -22.233473070338416 ], [ -54.830348925999942, -22.232551071338477 ], [ -54.830014211999973, -22.231099650338496 ], [ -54.830201811999984, -22.230114517338496 ], [ -54.83032462999995, -22.228958576338542 ], [ -54.830287933999955, -22.228682867338552 ], [ -54.830761152999962, -22.228611884338552 ], [ -54.830989695999961, -22.229287752338511 ], [ -54.830865958999937, -22.230249998338518 ], [ -54.830803225999944, -22.231033730338496 ], [ -54.830781413999951, -22.231386123338506 ], [ -54.830563253999969, -22.231643482338491 ], [ -54.830694212999951, -22.232452352338427 ], [ -54.830861125999945, -22.233285469338433 ], [ -54.831357935999961, -22.233669873338403 ], [ -54.831748757999947, -22.234437401338422 ], [ -54.832330726999942, -22.234837739338378 ], [ -54.833061164999947, -22.235406762338396 ], [ -54.833522843999958, -22.235852568338395 ], [ -54.83381729599995, -22.236021734338369 ], [ -54.834378024999978, -22.236112388338388 ], [ -54.834927234999952, -22.235802648338353 ], [ -54.835723461999976, -22.235211648338389 ], [ -54.83658274, -22.234763561338408 ], [ -54.836844890999942, -22.23448577133842 ], [ -54.837188933999983, -22.234189602338404 ], [ -54.837704741999971, -22.233808312338414 ], [ -54.83818851999996, -22.233394776338418 ], [ -54.838971171999958, -22.234149745338421 ], [ -54.838260156999979, -22.234982292338412 ], [ -54.837957729999971, -22.235311061338368 ], [ -54.838000509999972, -22.235736258338388 ], [ -54.837992370999984, -22.236287397338351 ], [ -54.837637173999951, -22.237157586338338 ], [ -54.837375685, -22.237980005338301 ], [ -54.836973100999955, -22.238551242338325 ], [ -54.836577099999936, -22.239317925338291 ], [ -54.836523662999973, -22.239393908338279 ], [ -54.835575801999937, -22.239282201338309 ], [ -54.835263998999949, -22.239404466338268 ], [ -54.835031138999966, -22.239748448338265 ], [ -54.834877008999968, -22.240179403338267 ], [ -54.834012752999968, -22.240353705338265 ], [ -54.833041382999966, -22.240830557338274 ], [ -54.832586314999958, -22.241484255338264 ], [ -54.832713389999981, -22.2425840233382 ], [ -54.83233454599997, -22.243164768338232 ], [ -54.832243027999944, -22.243746860338216 ], [ -54.832092919999987, -22.244366363338195 ], [ -54.831635184999989, -22.24506176333816 ], [ -54.831366118999938, -22.246499233338117 ], [ -54.830348525999966, -22.248230541338067 ], [ -54.828372997999963, -22.249942459338033 ], [ -54.827893229999965, -22.25136967333799 ], [ -54.827203107999935, -22.253851953337968 ], [ -54.82619689399997, -22.254769590337936 ], [ -54.824821998999937, -22.255443849337915 ], [ -54.823250576999953, -22.256544479337879 ], [ -54.822599705999941, -22.257044071337855 ], [ -54.820691687999954, -22.258055701337884 ], [ -54.820003087999972, -22.258999275337821 ], [ -54.819330762999982, -22.25960606533781 ], [ -54.81881617099998, -22.259553723337813 ], [ -54.818854231999978, -22.258340149337876 ], [ -54.819092147999982, -22.257447184337845 ], [ -54.819084120999946, -22.256772754337852 ], [ -54.819156033999938, -22.256074335337928 ], [ -54.819186920999982, -22.255071895337913 ], [ -54.819311740999979, -22.253761104337968 ], [ -54.819422525999983, -22.252843694337994 ], [ -54.819950186999961, -22.252901626337987 ], [ -54.820078359999968, -22.251676221338005 ], [ -54.819026019999967, -22.251617804338014 ], [ -54.819071655999949, -22.250481755338026 ], [ -54.819092480999984, -22.250076428338019 ], [ -54.819171904999962, -22.248841419338078 ], [ -54.819930861999978, -22.248985047338063 ], [ -54.820672728999966, -22.249817433338059 ], [ -54.821193413999936, -22.250283762338054 ], [ -54.821293270999945, -22.250625320338038 ], [ -54.821135607999963, -22.251673413338036 ], [ -54.820925276999958, -22.25300875733798 ], [ -54.820871055999987, -22.253704180337934 ], [ -54.820737618999942, -22.25470500833794 ], [ -54.822025271999962, -22.254789807337918 ], [ -54.822417496999947, -22.254858268337923 ], [ -54.823034025999959, -22.254924209337933 ], [ -54.823587058999969, -22.254945007337909 ], [ -54.824390635999976, -22.254498026337938 ], [ -54.824907552999946, -22.254215853337932 ], [ -54.824957083999948, -22.253682050337943 ], [ -54.825410274999967, -22.253697130337972 ], [ -54.825887397999963, -22.252466765337974 ], [ -54.825606530999949, -22.252168780338007 ], [ -54.825627496999964, -22.251526956338004 ], [ -54.825752368999986, -22.250860333338043 ], [ -54.825944397999933, -22.250867050338023 ], [ -54.826200003999986, -22.250879959338029 ], [ -54.826350273999935, -22.249484528338073 ], [ -54.826779723999948, -22.246512198338106 ], [ -54.826960394999958, -22.244933090338161 ], [ -54.826927441999942, -22.2437885713382 ], [ -54.827351010999969, -22.242025722338258 ], [ -54.828084263999983, -22.240675643338275 ], [ -54.829567142999963, -22.240408324338294 ], [ -54.829815721999978, -22.240048462338265 ], [ -54.830260816999953, -22.238797549338312 ], [ -54.830429308999953, -22.237789014338347 ], [ -54.83055724999997, -22.236364001338369 ], [ -54.830737542999941, -22.235175942338383 ] ] ] } },
{ "type": "Feature", "properties": { "num_setor": "MS_GUIALOP_SR_1_CPRM", "munic": "GUIA LOPES DA LAGUNA", "grau_risco": "Alto", "distancia_km": 1.36, "chuva_24h": 0.0, "chuva_72h": 0.7, "fonte_estacao": "openmeteo", "codigo_estacao": "openmeteo", "nome_estacao": "Open-Meteo (célula de grade)" }, "geometry": { "type": "Polygon", "coordinates": [ [ [ -56.111275356999947, -21.458011703356878 ], [ -56.113948811999933, -21.459689632356881 ], [ -56.113178169999969, -21.459898979356826 ], [ -56.112327825999962, -21.45999132535686 ], [ -56.111628984999982, -21.460011857356871 ], [ -56.111608711999963, -21.459489937356832 ], [ -56.111596445999972, -21.459292475356882 ], [ -56.111924274999978, -21.459242815356884 ], [ -56.111897363999958, -21.458919268356894 ], [ -56.111296771999946, -21.458962511356891 ], [ -56.111275356999947, -21.458011703356878 ] ] ] } },
{ "type": "Feature", "properties": { "num_setor": "MS_CAMPOGR_SR_03_CPRM", "munic": "CAMPO GRANDE", "grau_risco": "Alto", "distancia_km": 1.92, "chuva_24h": 0.0, "chuva_72h": 0.5, "fonte_estacao": "openmeteo", "codigo_estacao": "openmeteo", "nome_estacao": "Open-Meteo (célula de grade)" }, "geometry": { "type": "Polygon", "coordinates": [ [ [ -54.667867675999958, -20.450238708381598 ], [ -54.668104447999951, -20.450137579381579 ], [ -54.668200150999951, -20.450340036381576 ], [ -54.668417094999938, -20.450231551381581 ], [ -54.668532977999973, -20.45049634238157 ], [ -54.668851534999931, -20.450354175381602 ], [ -54.668880022999986, -20.450165097381596 ], [ -54.669044269999972, -20.45016032238162 ], [ -54.669425141999966, -20.450170367381567 ], [ -54.66939922399996, -20.450458588381572 ], [ -54.669034660999948, -20.450453220381615 ], [ -54.668849303999934, -20.450463257381585 ], [ -54.668790328999933, -20.450776043381577 ], [ -54.668660337999945, -20.450759145381568 ], [ -54.668520369999953, -20.450821278381589 ], [ -54.668427170999962, -20.450607066381586 ], [ -54.668405522999933, -20.450568525381559 ], [ -54.668093693999936, -20.45070614038158 ], [ -54.667867675999958, -20.450238708381598 ] ] ] } },
{ "type": "Feature", "properties": { "num_setor": "MS_CAMPOGR_SR_01_CPRM", "munic": "CAMPO GRANDE", "grau_risco": "Alto", "distancia_km": 0.94, "chuva_24h": 0.0, "chuva_72h": 0.7, "fonte_estacao": "openmeteo", "codigo_estacao": "openmeteo", "nome_estacao": "Open-Meteo (célula de grade)" }, "geometry": { "type": "Polygon", "coordinates": [ [ [ -54.62207758399996, -20.441729515381798 ], [ -54.622156685999983, -20.441576576381834 ], [ -54.622368034999973, -20.441675108381812 ], [ -54.622291311999959, -20.441742052381777 ], [ -54.622177422999982, -20.441756420381832 ], [ -54.62207758399996, -20.441729515381798 ] ] ] } },
{ "type": "Feature", "properties": { "num_setor": "MS_CAMPOGR_SR_02_CPRM", "munic": "CAMPO GRANDE", "grau_risco": "Alto", "distancia_km": 1.98, "chuva_24h": 0.0, "chuva_72h": 0.5, "fonte_estacao": "openmeteo", "codigo_estacao": "openmeteo", "nome_estacao": "Open-Meteo (célula de grade)" }, "geometry": { "type": "Polygon", "coordinates": [ [ [ -54.700865729999975, -20.452546830381525 ], [ -54.700526009999983, -20.45232872238152 ], [ -54.700308463999932, -20.452148937381523 ], [ -54.699965132999985, -20.451861002381577 ], [ -54.700175076999983, -20.451641019381562 ], [ -54.700292131999966, -20.45173376838153 ], [ -54.700427123999987, -20.451854610381531 ], [ -54.700520002999959, -20.451920927381522 ], [ -54.700612880999984, -20.451987244381534 ], [ -54.700750574999972, -20.452094730381521 ], [ -54.700936329999941, -20.452227361381556 ], [ -54.701035987999944, -20.452289348381534 ], [ -54.701193630999967, -20.452400378381569 ], [ -54.701373923999945, -20.452501600381513 ], [ -54.701232724999954, -20.452761483381522 ], [ -54.700865729999975, -20.452546830381525 ] ] ] } },
{ "type": "Feature", "properties": { "num_setor": "MS_CORUMBA_SR_02_CPRM", "munic": "CORUMBÁ", "grau_risco": "Alto", "distancia_km": 0.99, "chuva_24h": 0.0, "chuva_72h": 0.4, "fonte_estacao": "openmeteo", "codigo_estacao": "openmeteo", "nome_estacao": "Open-Meteo (célula de grade)" }, "geometry": { "type": "Polygon", "coordinates": [ [ [ -57.646340718999966, -18.99464642541863 ], [ -57.646743811999961, -18.994535694418627 ], [ -57.64702, -18.994561000418631 ], [ -57.647294, -18.994667000418644 ], [ -57.647548422999932, -18.994871631418608 ], [ -57.647816, -18.995004000418568 ], [ -57.648085, -18.995160000418569 ], [ -57.648333, -18.995302000418615 ], [ -57.648547, -18.995454000418565 ], [ -57.648832012999947, -18.995530621418567 ], [ -57.649123904999961, -18.995554037418604 ], [ -57.649551793999933, -18.995550102418616 ], [ -57.649884105999952, -18.995541980418619 ], [ -57.649962383999934, -18.995532570418597 ], [ -57.650080827999943, -18.995493110418604 ], [ -57.650135856999952, -18.995674054418561 ], [ -57.650159912999982, -18.995745045418595 ], [ -57.65031762399996, -18.995731154418564 ], [ -57.650410227999942, -18.995701233418593 ], [ -57.650502215999957, -18.995665104418581 ], [ -57.650851230999926, -18.995473100418607 ], [ -57.651040712999986, -18.99540860341861 ], [ -57.65111462, -18.995403319418628 ], [ -57.651112337999962, -18.995453633418578 ], [ -57.651139796999985, -18.995516788418598 ], [ -57.651150629999961, -18.995578758418588 ], [ -57.651129573999981, -18.995673775418577 ], [ -57.651089224999964, -18.99566326841861 ], [ -57.651038569999976, -18.995805841418612 ], [ -57.650871212999959, -18.995759896418594 ], [ -57.650675768999982, -18.995850113418577 ], [ -57.650594263999949, -18.995871657418569 ], [ -57.649933022999953, -18.996016736418564 ], [ -57.649672393999943, -18.995954724418556 ], [ -57.649020168999989, -18.995871867418568 ], [ -57.648670527999975, -18.99587917541859 ], [ -57.64829109599998, -18.995803809418565 ], [ -57.648108015999988, -18.995696312418573 ], [ -57.648027138999971, -18.995532571418583 ], [ -57.647908333999972, -18.995425118418581 ], [ -57.647760069999947, -18.995305304418576 ], [ -57.647385788999934, -18.995119291418629 ], [ -57.647226137999951, -18.994910344418589 ], [ -57.647000592999973, -18.994819149418607 ], [ -57.646645194999962, -18.994792476418635 ], [ -57.646386801999938, -18.994952445418605 ], [ -57.646214672, -18.995086960418618 ], [ -57.646003624999935, -18.99524760841858 ], [ -57.645846, -18.99495600041859 ], [ -57.64597691299997, -18.994798615418624 ], [ -57.646340718999966, -18.99464642541863 ] ] ] } },
{ "type": "Feature", "properties": { "num_setor": "MS_CAMPOGR_SR_04_CPRM", "munic": "CAMPO GRANDE", "grau_risco": "Alto", "distancia_km": 1.38, "chuva_24h": 0.0, "chuva_72h": 0.5, "fonte_estacao": "openmeteo", "codigo_estacao": "openmeteo", "nome_estacao": "Open-Meteo (célula de grade)" }, "geometry": { "type": "Polygon", "coordinates": [ [ [ -54.674705694999943, -20.437293224381929 ], [ -54.674515800999984, -20.437169911381893 ], [ -54.674239298999957, -20.437008205381932 ], [ -54.674339449999934, -20.436810285381938 ], [ -54.674438093999981, -20.436879043381936 ], [ -54.674599186999956, -20.43696143438191 ], [ -54.674764979999964, -20.437058285381923 ], [ -54.674924524999945, -20.437146188381931 ], [ -54.675048647999965, -20.437223811381923 ], [ -54.67523717399996, -20.437335259381907 ], [ -54.675453650999934, -20.437453728381932 ], [ -54.675329684999951, -20.437641373381911 ], [ -54.674705694999943, -20.437293224381929 ] ] ] } },
{ "type": "Feature", "properties": { "num_setor": "MS_CORUMBA_SR_01_CPRM", "munic": "CORUMBÁ", "grau_risco": "Alto", "distancia_km": 1.04, "chuva_24h": 0.0, "chuva_72h": 0.4, "fonte_estacao": "openmeteo", "codigo_estacao": "openmeteo", "nome_estacao": "Open-Meteo (célula de grade)" }, "geometry": { "type": "Polygon", "coordinates": [ [ [ -57.642323, -18.997014000418563 ], [ -57.641934214999942, -18.996647635418579 ], [ -57.642061559999938, -18.996497203418595 ], [ -57.642476459999955, -18.99679868241855 ], [ -57.64278147999994, -18.996942652418564 ], [ -57.642909972999973, -18.997010022418571 ], [ -57.643077524999967, -18.997103668418557 ], [ -57.643225368999929, -18.997165362418571 ], [ -57.643349278999949, -18.997226110418566 ], [ -57.643460022999932, -18.997115991418571 ], [ -57.643516059999968, -18.997149977418584 ], [ -57.643554543999983, -18.99718675041855 ], [ -57.643565, -18.997216000418565 ], [ -57.643773007999982, -18.997373670418522 ], [ -57.643975083999983, -18.997509360418558 ], [ -57.644069566999974, -18.997598519418528 ], [ -57.643896107999986, -18.997729079418527 ], [ -57.643702078999972, -18.997874135418531 ], [ -57.643509269999981, -18.997748618418516 ], [ -57.643427988, -18.997623226418543 ], [ -57.643286564999983, -18.997516525418551 ], [ -57.643126989999978, -18.997444640418546 ], [ -57.642972135999969, -18.997344586418521 ], [ -57.642802714999966, -18.997262328418564 ], [ -57.642323, -18.997014000418563 ] ] ] } },
{ "type": "Feature", "properties": { "num_setor": "MS_BELAVIS_SR_1_CPRM", "munic": "BELA VISTA", "grau_risco": "Alto", "distancia_km": 0.82, "chuva_24h": 0.0, "chuva_72h": 0.2, "fonte_estacao": "openmeteo", "codigo_estacao": "openmeteo", "nome_estacao": "Open-Meteo (célula de grade)" }, "geometry": { "type": "Polygon", "coordinates": [ [ [ -56.518674633999979, -22.111383559341327 ], [ -56.51866358999996, -22.111239698341304 ], [ -56.518816009999966, -22.110865905341324 ], [ -56.519037788999988, -22.110301102341307 ], [ -56.519051678999972, -22.109450692341337 ], [ -56.519031594999944, -22.108348507341372 ], [ -56.518843756999956, -22.108012150341402 ], [ -56.517910067999935, -22.108073000341406 ], [ -56.51717391699998, -22.107979401341392 ], [ -56.516707967999935, -22.107676142341369 ], [ -56.514765024999967, -22.106125135341422 ], [ -56.51545566599998, -22.105492922341416 ], [ -56.515977480999943, -22.104982328341443 ], [ -56.516546802999983, -22.104339225341505 ], [ -56.517174079999961, -22.103718664341518 ], [ -56.518689301999984, -22.103073402341487 ], [ -56.51945851499994, -22.10476561534146 ], [ -56.519868847999987, -22.105557796341447 ], [ -56.520035364999956, -22.106004119341446 ], [ -56.520329923999952, -22.107053417341422 ], [ -56.51954216699994, -22.107170973341383 ], [ -56.519659271999963, -22.10850279134138 ], [ -56.51985803599996, -22.109221935341374 ], [ -56.519884894999961, -22.109335790341383 ], [ -56.519824200999949, -22.109430857341344 ], [ -56.519830694999932, -22.109568963341339 ], [ -56.519974770999966, -22.110045280341325 ], [ -56.519910693999975, -22.110289640341328 ], [ -56.520119179999938, -22.111258266341338 ], [ -56.520228927999938, -22.11123285034131 ], [ -56.520501066999941, -22.111190063341333 ], [ -56.52059460199996, -22.111559869341288 ], [ -56.521051910999972, -22.111519241341281 ], [ -56.521153066999943, -22.111775808341285 ], [ -56.521313477999968, -22.112359685341261 ], [ -56.522003130999963, -22.112308620341292 ], [ -56.522323484999966, -22.114108444341227 ], [ -56.523411708999959, -22.113946043341219 ], [ -56.523774996999975, -22.114707745341232 ], [ -56.524017465999982, -22.114961149341205 ], [ -56.524541574999944, -22.11500164334123 ], [ -56.525162085999966, -22.115101639341241 ], [ -56.525284081999985, -22.115477522341234 ], [ -56.525431370999968, -22.1163432683412 ], [ -56.525523191999987, -22.116958077341209 ], [ -56.525293690999952, -22.117155968341169 ], [ -56.525520533999952, -22.117730872341166 ], [ -56.525904652999941, -22.118738504341135 ], [ -56.526575770999955, -22.120201837341106 ], [ -56.527079976999971, -22.120634545341087 ], [ -56.525498333999963, -22.121442281341089 ], [ -56.52553803099994, -22.121038845341094 ], [ -56.525358800999982, -22.120634866341103 ], [ -56.524548712999945, -22.120574836341078 ], [ -56.52389655199994, -22.120923213341094 ], [ -56.523427506999944, -22.121814153341038 ], [ -56.522593756999981, -22.121952424341067 ], [ -56.522154961999945, -22.121517324341067 ], [ -56.521657342999966, -22.12103538134107 ], [ -56.52215568899998, -22.1201847183411 ], [ -56.522583514999951, -22.118720410341147 ], [ -56.522282888999946, -22.11808813734115 ], [ -56.521578646999956, -22.117446319341145 ], [ -56.519849948999941, -22.114439748341212 ], [ -56.520143441999949, -22.113480976341236 ], [ -56.520012517999987, -22.112710207341269 ], [ -56.519536187999961, -22.112190723341286 ], [ -56.51908373699996, -22.111884466341319 ], [ -56.518847927999957, -22.111715778341299 ], [ -56.518674633999979, -22.111383559341327 ] ] ] } },
{ "type": "Feature", "properties": { "num_setor": "MS_BONITO_SR_2_CPRM", "munic": "BONITO", "grau_risco": "Alto", "distancia_km": 1.83, "chuva_24h": 0.0, "chuva_72h": 0.2, "fonte_estacao": "openmeteo", "codigo_estacao": "openmeteo", "nome_estacao": "Open-Meteo (célula de grade)" }, "geometry": { "type": "Polygon", "coordinates": [ [ [ -56.176816915999943, -20.897190766370521 ], [ -56.176020356999963, -20.896748190370566 ], [ -56.175169787999948, -20.896084871370579 ], [ -56.173858089999953, -20.895779396370578 ], [ -56.173314666999943, -20.895670077370589 ], [ -56.172687330999963, -20.895559700370594 ], [ -56.172001050999945, -20.895477678370582 ], [ -56.171348063999972, -20.895129979370619 ], [ -56.171213251, -20.894402239370642 ], [ -56.171419294999964, -20.893528339370608 ], [ -56.171661374999985, -20.893089437370627 ], [ -56.172012718999952, -20.892195836370689 ], [ -56.172203061999937, -20.891387406370697 ], [ -56.172179566999951, -20.890190375370725 ], [ -56.172716082999962, -20.890044235370702 ], [ -56.173152898999945, -20.88995886637073 ], [ -56.17367901099994, -20.890371417370726 ], [ -56.173711211999944, -20.890921632370677 ], [ -56.173476713999946, -20.892689564370656 ], [ -56.173466222999934, -20.893230636370614 ], [ -56.173677030999954, -20.893671253370645 ], [ -56.174102641999987, -20.894010070370637 ], [ -56.174930339999946, -20.894349403370622 ], [ -56.175603323999951, -20.894726694370625 ], [ -56.176268298999958, -20.895173839370567 ], [ -56.176765628999931, -20.895536634370561 ], [ -56.176768811999978, -20.895555692370571 ], [ -56.176817750999987, -20.895628619370594 ], [ -56.177692018999949, -20.895856223370568 ], [ -56.17916820399995, -20.896040404370556 ], [ -56.178928547999938, -20.89674084737058 ], [ -56.178798787999945, -20.897315206370546 ], [ -56.178175907999965, -20.897397511370524 ], [ -56.177689537999989, -20.897348755370512 ], [ -56.177671364999981, -20.897348803370516 ], [ -56.176816915999943, -20.897190766370521 ] ] ] } },
{ "type": "Feature", "properties": { "num_setor": "MS_BTG_SR_01_CPRM", "munic": "BATAGUASSU", "grau_risco": "Alto", "distancia_km": 1.0, "chuva_24h": 0.2, "chuva_72h": 0.2, "fonte_estacao": "openmeteo", "codigo_estacao": "openmeteo", "nome_estacao": "Open-Meteo (célula de grade)" }, "geometry": { "type": "Polygon", "coordinates": [ [ [ -52.416472616999954, -21.729261129350363 ], [ -52.416661556999941, -21.727528094350436 ], [ -52.41782352599995, -21.727671375350397 ], [ -52.417781237999975, -21.728081288350396 ], [ -52.417650250999941, -21.729312707350378 ], [ -52.416472616999954, -21.729261129350363 ] ] ] } },
{ "type": "Feature", "properties": { "num_setor": "MS_BATAYPO_SR_1_CPRM", "munic": "BATAYPORÃ", "grau_risco": "Alto", "distancia_km": 0.27, "chuva_24h": 0.3, "chuva_72h": 0.8, "fonte_estacao": "openmeteo", "codigo_estacao": "openmeteo", "nome_estacao": "Open-Meteo (célula de grade)" }, "geometry": { "type": "Polygon", "coordinates": [ [ [ -53.265890095999964, -22.292689589337034 ], [ -53.266579961999987, -22.292670253337061 ], [ -53.266727789999948, -22.292666110337041 ], [ -53.266971095999963, -22.292567673337032 ], [ -53.267893986999979, -22.292129301337084 ], [ -53.267991101999939, -22.292080724337055 ], [ -53.268798796999931, -22.291094108337102 ], [ -53.268843798999967, -22.290954978337066 ], [ -53.269618011999974, -22.290427414337092 ], [ -53.269661744999951, -22.290242105337086 ], [ -53.269756313999949, -22.290101346337106 ], [ -53.270270683999968, -22.289119043337131 ], [ -53.271148729999936, -22.288679027337107 ], [ -53.27253783599997, -22.288778547337159 ], [ -53.273184646999937, -22.288898849337119 ], [ -53.274131609999984, -22.289149046337137 ], [ -53.275079175999963, -22.289445172337096 ], [ -53.27583737599997, -22.290114765337076 ], [ -53.276649254999938, -22.291011568337101 ], [ -53.277116604999939, -22.292007964337085 ], [ -53.277633255999945, -22.293046587337056 ], [ -53.278301325999962, -22.294306766337016 ], [ -53.278374318999965, -22.295398239336972 ], [ -53.277851270999975, -22.296186002336945 ], [ -53.277631527999972, -22.297326753336957 ], [ -53.277076917999977, -22.298790657336916 ], [ -53.276700283999958, -22.299433492336902 ], [ -53.276702417999964, -22.299523686336897 ], [ -53.276086309999982, -22.300352502336853 ], [ -53.275231644999963, -22.301366466336862 ], [ -53.274564500999986, -22.302014095336805 ], [ -53.274180139999942, -22.302249297336793 ], [ -53.27345461099997, -22.302493970336791 ], [ -53.273166949999961, -22.302681411336817 ], [ -53.27244448099998, -22.303015405336776 ], [ -53.272104596999952, -22.303069747336774 ], [ -53.271912232999966, -22.303164733336793 ], [ -53.271718606999968, -22.30321495533682 ], [ -53.271525, -22.303265172336772 ], [ -53.270310928999947, -22.303433566336789 ], [ -53.269969889999963, -22.303443132336813 ], [ -53.269677570999932, -22.303451334336813 ], [ -53.269530009999983, -22.303410702336777 ], [ -53.269141654999949, -22.303466367336764 ], [ -53.268995494999956, -22.303470465336794 ], [ -53.268800615999965, -22.303475932336791 ], [ -53.268508297, -22.303484130336777 ], [ -53.268313417999934, -22.303489595336792 ], [ -53.267145656999958, -22.303567105336782 ], [ -53.267048221999971, -22.303569837336759 ], [ -53.2667072, -22.303579400336815 ], [ -53.266414892999933, -22.303587596336762 ], [ -53.266268739999987, -22.303591694336802 ], [ -53.265192144999958, -22.303487551336811 ], [ -53.264948520999951, -22.303494378336804 ], [ -53.264703270999973, -22.303456473336809 ], [ -53.26348004099998, -22.30335638733677 ], [ -53.26225821099996, -22.30330101433676 ], [ -53.261427873999942, -22.303279463336793 ], [ -53.260586518999958, -22.302989277336771 ], [ -53.260342727999955, -22.30299610633681 ], [ -53.260145846999933, -22.302956785336825 ], [ -53.258149006999986, -22.301935258336819 ], [ -53.257951786999968, -22.301895836336836 ], [ -53.257752591999974, -22.301811512336833 ], [ -53.257596293999939, -22.301591054336832 ], [ -53.256687136999979, -22.300941357336828 ], [ -53.256489637999948, -22.300901839336831 ], [ -53.256239182999934, -22.300773690336857 ], [ -53.256031427999979, -22.300509071336858 ], [ -53.255222121999964, -22.29994524733689 ], [ -53.255024342999945, -22.299905635336867 ], [ -53.254918114999953, -22.299727994336873 ], [ -53.254294760999983, -22.298977056336888 ], [ -53.254143566999971, -22.29889080633691 ], [ -53.254135025999972, -22.298710037336921 ], [ -53.254002783999965, -22.297989013336906 ], [ -53.25399207199996, -22.297762607336949 ], [ -53.253983498999958, -22.297581408336946 ], [ -53.254085695999947, -22.296624860336941 ], [ -53.254636744999971, -22.295790489336955 ], [ -53.255492118999939, -22.295128630336986 ], [ -53.255490038999937, -22.295083086337002 ], [ -53.255911975999936, -22.294615046337022 ], [ -53.256334323999958, -22.294146557337015 ], [ -53.256800245999962, -22.293539191337025 ], [ -53.257574317999968, -22.293197212337006 ], [ -53.257666906999987, -22.293057271337013 ], [ -53.258680328999958, -22.292524961337051 ], [ -53.258824363999963, -22.292429246337065 ], [ -53.260155461999943, -22.292391998337052 ], [ -53.261692682999978, -22.292578125337055 ], [ -53.262680179999961, -22.292596293337056 ], [ -53.264457770999968, -22.292638122337056 ], [ -53.265594437999937, -22.292697876337051 ], [ -53.265890095999964, -22.292689589337034 ] ] ] } },
{ "type": "Feature", "properties": { "num_setor": "MS_CAMAPUA_SR_3_CPRM", "munic": "CAMAPUÃ", "grau_risco": "Alto", "distancia_km": 1.35, "chuva_24h": 0.0, "chuva_72h": 0.0, "fonte_estacao": "openmeteo", "codigo_estacao": "openmeteo", "nome_estacao": "Open-Meteo (célula de grade)" }, "geometry": { "type": "Polygon", "coordinates": [ [ [ -54.042897196999945, -19.538921290404584 ], [ -54.042611059999956, -19.538845762404559 ], [ -54.042490615999952, -19.538810524404614 ], [ -54.042691885999943, -19.537418381404613 ], [ -54.043532381999967, -19.537551826404627 ], [ -54.043697601999952, -19.537576521404606 ], [ -54.04401481999998, -19.537632493404644 ], [ -54.043902620999972, -19.537923601404639 ], [ -54.043834104999974, -19.538074680404613 ], [ -54.043474881999941, -19.538095298404624 ], [ -54.043424004999963, -19.538399463404584 ], [ -54.043419276999934, -19.538635635404624 ], [ -54.043668007999941, -19.538663000404615 ], [ -54.044050252999966, -19.538734536404629 ], [ -54.04388717799997, -19.5391128134046 ], [ -54.042897196999945, -19.538921290404584 ] ] ] } },
{ "type": "Feature", "properties": { "num_setor": "MS_CAMAPUA_SR_4_CPRM", "munic": "CAMAPUÃ", "grau_risco": "Alto", "distancia_km": 1.62, "chuva_24h": 0.0, "chuva_72h": 0.0, "fonte_estacao": "openmeteo", "codigo_estacao": "openmeteo", "nome_estacao": "Open-Meteo (célula de grade)" }, "geometry": { "type": "Polygon", "coordinates": [ [ [ -54.051027608999959, -19.512591076405272 ], [ -54.051486736999948, -19.512449719405257 ], [ -54.052300344999928, -19.51355617240521 ], [ -54.05153183799996, -19.513654084405214 ], [ -54.051027608999959, -19.512591076405272 ] ] ] } },
{ "type": "Feature", "properties": { "num_setor": "MS_CAMAPUA_SR_1_CPRM", "munic": "CAMAPUÃ", "grau_risco": "Alto", "distancia_km": 0.41, "chuva_24h": 0.0, "chuva_72h": 0.0, "fonte_estacao": "openmeteo", "codigo_estacao": "openmeteo", "nome_estacao": "Open-Meteo (célula de grade)" }, "geometry": { "type": "Polygon", "coordinates": [ [ [ -54.040463875999926, -19.548426033404329 ], [ -54.041212061999943, -19.546662684404382 ], [ -54.042381932999945, -19.546946923404374 ], [ -54.041423888999987, -19.548876446404329 ], [ -54.040463875999926, -19.548426033404329 ] ] ] } },
{ "type": "Feature", "properties": { "num_setor": "MS_CAMAPUA_SR_2_CPRM", "munic": "CAMAPUÃ", "grau_risco": "Alto", "distancia_km": 0.85, "chuva_24h": 0.0, "chuva_72h": 0.0, "fonte_estacao": "openmeteo", "codigo_estacao": "openmeteo", "nome_estacao": "Open-Meteo (célula de grade)" }, "geometry": { "type": "Polygon", "coordinates": [ [ [ -54.043296002999966, -19.544136366404462 ], [ -54.043549256999945, -19.544073987404481 ], [ -54.043471030999974, -19.543813645404441 ], [ -54.043641110999943, -19.543778129404465 ], [ -54.043733628999973, -19.543663748404473 ], [ -54.043761064999956, -19.54352863840445 ], [ -54.043788626999969, -19.543362215404454 ], [ -54.043943817999946, -19.542748938404522 ], [ -54.044690482999954, -19.542857979404491 ], [ -54.044418162999932, -19.543704719404449 ], [ -54.044453855999954, -19.543960381404464 ], [ -54.044660324999938, -19.544414572404417 ], [ -54.04486723499997, -19.544835291404439 ], [ -54.044921306999981, -19.545047363404443 ], [ -54.044951347999984, -19.54534308840444 ], [ -54.044696195999961, -19.546273704404427 ], [ -54.044358521999982, -19.546338073404392 ], [ -54.044145400999987, -19.546317193404423 ], [ -54.043852284999957, -19.545704010404403 ], [ -54.043633974999977, -19.545325939404414 ], [ -54.043557029999931, -19.545165356404457 ], [ -54.043783097999949, -19.54508645740443 ], [ -54.044002009999986, -19.54500208540443 ], [ -54.04369567699996, -19.544397408404436 ], [ -54.043507058999971, -19.544475912404419 ], [ -54.043296002999966, -19.544136366404462 ] ] ] } },
{ "type": "Feature", "properties": { "num_setor": "MS_ANASTAC_SR_1_CPRM", "munic": "ANASTÁCIO", "grau_risco": "Alto", "distancia_km": 1.94, "chuva_24h": 0.0, "chuva_72h": 0.0, "fonte_estacao": "openmeteo", "codigo_estacao": "openmeteo", "nome_estacao": "Open-Meteo (célula de grade)" }, "geometry": { "type": "Polygon", "coordinates": [ [ [ -55.805586181999956, -20.472536821381023 ], [ -55.806172302999983, -20.471656768381042 ], [ -55.806866682999953, -20.470900352381054 ], [ -55.807316026999956, -20.47032410938111 ], [ -55.807701673999986, -20.470121558381098 ], [ -55.807954382999974, -20.470066651381103 ], [ -55.808048711999959, -20.470144562381101 ], [ -55.808075190999944, -20.47039543238111 ], [ -55.808074802999954, -20.470406163381082 ], [ -55.808095568999931, -20.470517968381085 ], [ -55.808017759999977, -20.47076775738109 ], [ -55.807933178999974, -20.470994870381077 ], [ -55.807923140999947, -20.471009776381063 ], [ -55.807903469999985, -20.471205761381068 ], [ -55.807907211999975, -20.471415621381052 ], [ -55.808023160999937, -20.471706124381075 ], [ -55.80802758599998, -20.471710643381041 ], [ -55.80806120799997, -20.471842673381065 ], [ -55.808076848999974, -20.472018339381069 ], [ -55.80806277999995, -20.47204507238105 ], [ -55.808014544999935, -20.472243112381026 ], [ -55.807954373999962, -20.472449747381059 ], [ -55.807940803999948, -20.472475251381059 ], [ -55.807855521999954, -20.472611362381024 ], [ -55.807707123999933, -20.47265358638105 ], [ -55.80755875899996, -20.472772426381017 ], [ -55.807538020999971, -20.472783125381039 ], [ -55.807405447999948, -20.472804477381022 ], [ -55.807294097999943, -20.47279915938104 ], [ -55.807166829999971, -20.472846974381056 ], [ -55.807080575, -20.472925892381038 ], [ -55.80704022499998, -20.473019355381027 ], [ -55.807030243999975, -20.47302965838103 ], [ -55.807015286999956, -20.473167161381053 ], [ -55.806899155999986, -20.473349276381022 ], [ -55.806753700999934, -20.473640088381018 ], [ -55.80671721199996, -20.473867944380988 ], [ -55.806625494999942, -20.474082423380995 ], [ -55.806644739999967, -20.474356634380968 ], [ -55.806634088999942, -20.47468648638095 ], [ -55.806632671999978, -20.474730371380982 ], [ -55.806543851999947, -20.474964585380974 ], [ -55.80651510499996, -20.475024556380937 ], [ -55.806505865999952, -20.47503309938099 ], [ -55.806525419999957, -20.475294890380987 ], [ -55.806525561999933, -20.475365653380983 ], [ -55.806500676999974, -20.475464261380957 ], [ -55.806451082999963, -20.475597790380935 ], [ -55.806420213999957, -20.475669082380964 ], [ -55.806400875999941, -20.475745219380979 ], [ -55.806395343999952, -20.475828936380964 ], [ -55.806408448999946, -20.475879256380967 ], [ -55.806439764999936, -20.475913336380948 ], [ -55.806485734999967, -20.475980275380973 ], [ -55.806511151999985, -20.476020857380973 ], [ -55.806562836999944, -20.476077729380918 ], [ -55.806583204999981, -20.476146469380947 ], [ -55.806585369999944, -20.476228917380944 ], [ -55.806548161999963, -20.476359444380947 ], [ -55.806538443999955, -20.476330045380912 ], [ -55.80640700899994, -20.476476156380969 ], [ -55.806289033999967, -20.476598648380957 ], [ -55.806228844999971, -20.476675718380935 ], [ -55.806175712999959, -20.476735452380918 ], [ -55.806065550999961, -20.476827545380964 ], [ -55.805814471999952, -20.476969490380945 ], [ -55.805287078999982, -20.477280457380903 ], [ -55.804977932999975, -20.477470895380915 ], [ -55.80490417599998, -20.477581027380932 ], [ -55.804864287999983, -20.477654836380893 ], [ -55.804826707999958, -20.477757346380919 ], [ -55.804790920999949, -20.477910032380883 ], [ -55.804791018999936, -20.478035081380916 ], [ -55.80472647199997, -20.478181498380891 ], [ -55.804582111999935, -20.47828803638091 ], [ -55.804474761999984, -20.478329101380918 ], [ -55.804147244999967, -20.478616502380888 ], [ -55.803351635999945, -20.479291340380875 ], [ -55.803261487999976, -20.479464639380854 ], [ -55.803222846999972, -20.47957582138087 ], [ -55.80310973099995, -20.479707358380871 ], [ -55.803019630999984, -20.479793933380826 ], [ -55.803005420999966, -20.479822599380885 ], [ -55.802977143999954, -20.479879641380855 ], [ -55.802970287999983, -20.479886742380849 ], [ -55.802941379999936, -20.479978536380862 ], [ -55.802898375999973, -20.480124729380844 ], [ -55.802891503999945, -20.480138520380851 ], [ -55.802867911999954, -20.48032922038086 ], [ -55.802867090999939, -20.480369518380851 ], [ -55.802820452999974, -20.480442875380817 ], [ -55.802787585999965, -20.480482613380865 ], [ -55.80261743899996, -20.480609435380828 ], [ -55.802161173999934, -20.480814211380803 ], [ -55.802156638999968, -20.480826654380802 ], [ -55.801936300999955, -20.481008472380854 ], [ -55.801781696999967, -20.481035958380815 ], [ -55.801628287999961, -20.481086463380798 ], [ -55.801610579999931, -20.481090318380854 ], [ -55.801582266999958, -20.4810941703808 ], [ -55.801436646999946, -20.48107873038084 ], [ -55.801318568999932, -20.481136267380801 ], [ -55.800955936999969, -20.48120828838081 ], [ -55.800916245999986, -20.481213709380835 ], [ -55.800901204999946, -20.481213709380821 ], [ -55.800489310999978, -20.48136848438083 ], [ -55.800461022999968, -20.481378985380854 ], [ -55.800436358999946, -20.481378983380807 ], [ -55.800377165999976, -20.481378981380828 ], [ -55.800367299999948, -20.481378981380828 ], [ -55.800042938999979, -20.481669355380795 ], [ -55.800008126999955, -20.481689104380788 ], [ -55.80000422399997, -20.481694028380833 ], [ -55.799833329999956, -20.481796310380833 ], [ -55.799767186999986, -20.481910622380823 ], [ -55.799569531999964, -20.482107575380809 ], [ -55.799033812999937, -20.482652888380784 ], [ -55.79901197199996, -20.482687814380785 ], [ -55.798966212999972, -20.482743338380796 ], [ -55.798949147999956, -20.482764048380798 ], [ -55.798638585999981, -20.482992264380776 ], [ -55.798593715999978, -20.483191810380738 ], [ -55.798593590999985, -20.483316929380756 ], [ -55.798596299999986, -20.483347775380775 ], [ -55.798586889999967, -20.48354716938076 ], [ -55.798590092999973, -20.483582662380741 ], [ -55.798649657999931, -20.483836115380765 ], [ -55.798653065999986, -20.48387536038075 ], [ -55.798650274999943, -20.483903216380774 ], [ -55.798650759999987, -20.483908769380768 ], [ -55.798653176999949, -20.483936451380767 ], [ -55.798695123999948, -20.484184533380745 ], [ -55.798699449999965, -20.484253851380743 ], [ -55.798540922999962, -20.484552618380718 ], [ -55.798490095999966, -20.484576967380729 ], [ -55.79846813599994, -20.484593157380729 ], [ -55.798031076999962, -20.485009492380726 ], [ -55.797639799999956, -20.485107963380724 ], [ -55.797591864999958, -20.485107957380738 ], [ -55.797557625999957, -20.485107954380705 ], [ -55.79753708199997, -20.485107950380755 ], [ -55.797355661999973, -20.485197658380706 ], [ -55.797010250999961, -20.48511533138074 ], [ -55.796661140999966, -20.485344467380699 ], [ -55.796642262999967, -20.485358995380718 ], [ -55.796212389999937, -20.485580311380733 ], [ -55.796188571999949, -20.485601352380694 ], [ -55.796175355999935, -20.485601349380723 ], [ -55.795808183999952, -20.485746802380682 ], [ -55.795634482999965, -20.48588714538073 ], [ -55.795104550999952, -20.486275030380671 ], [ -55.794811452999966, -20.4867290643807 ], [ -55.794778988999951, -20.486747120380684 ], [ -55.794235213999968, -20.487039821380652 ], [ -55.794202249999955, -20.487048539380663 ], [ -55.794139723999933, -20.487083338380703 ], [ -55.793849923999971, -20.487306253380691 ], [ -55.793658809999954, -20.487289249380662 ], [ -55.793419902999972, -20.487178179380667 ], [ -55.793398733999936, -20.487160970380703 ], [ -55.793371971999925, -20.487083129380693 ], [ -55.793249929999938, -20.486969444380666 ], [ -55.793228339999985, -20.486951825380665 ], [ -55.79288169199998, -20.486509018380723 ], [ -55.792405038999959, -20.486331231380682 ], [ -55.791653393999979, -20.486321860380698 ], [ -55.790941179999948, -20.486381218380686 ], [ -55.790492879999931, -20.486425416380705 ], [ -55.790146878999963, -20.486417945380698 ], [ -55.790000926999937, -20.486415034380673 ], [ -55.789919878999967, -20.486390065380689 ], [ -55.789849453999977, -20.486353640380678 ], [ -55.78983597499996, -20.48629099538072 ], [ -55.789819329999943, -20.486229952380704 ], [ -55.789832182999987, -20.486161668380696 ], [ -55.789869709999948, -20.486094907380664 ], [ -55.789967140999977, -20.486032636380681 ], [ -55.790307908999978, -20.485868590380676 ], [ -55.79078311699994, -20.485693086380717 ], [ -55.791440191999982, -20.485389229380726 ], [ -55.792313177999979, -20.485030660380719 ], [ -55.792750318999936, -20.484881146380726 ], [ -55.793239389999947, -20.484692766380739 ], [ -55.79373278099996, -20.484472304380727 ], [ -55.794420867999975, -20.484179223380746 ], [ -55.796134372999973, -20.483552896380793 ], [ -55.797531365999987, -20.482952700380764 ], [ -55.798882702999947, -20.481853159380808 ], [ -55.79900371999998, -20.481644087380797 ], [ -55.799083073999945, -20.481550440380826 ], [ -55.799999703999958, -20.480808949380862 ], [ -55.80000456099998, -20.480735667380848 ], [ -55.800091636999987, -20.480588302380824 ], [ -55.800234344999978, -20.479936572380879 ], [ -55.800721387999943, -20.479263152380899 ], [ -55.801532358999964, -20.478733506380888 ], [ -55.80211017299996, -20.478475373380903 ], [ -55.802965381999961, -20.477846525380901 ], [ -55.803792035999948, -20.476401934380934 ], [ -55.804694222999956, -20.474719146381005 ], [ -55.804883389999986, -20.474163104380981 ], [ -55.80503717199997, -20.473717380381018 ], [ -55.805198638999968, -20.473215508381006 ], [ -55.805586181999956, -20.472536821381023 ] ] ] } },
{ "type": "Feature", "properties": { "num_setor": "MS_AQUIDAU_SR_1_CPRM", "munic": "AQUIDAUANA", "grau_risco": "Alto", "distancia_km": 1.4, "chuva_24h": 0.0, "chuva_72h": 0.0, "fonte_estacao": "openmeteo", "codigo_estacao": "openmeteo", "nome_estacao": "Open-Meteo (célula de grade)" }, "geometry": { "type": "Polygon", "coordinates": [ [ [ -55.82418361699996, -20.465314927381197 ], [ -55.825148961999957, -20.465201805381245 ], [ -55.825960900999974, -20.465061831381206 ], [ -55.826406306999957, -20.464991092381247 ], [ -55.827003868999959, -20.464906882381232 ], [ -55.827616291999959, -20.464795703381267 ], [ -55.827991543999985, -20.464749570381247 ], [ -55.828122486999966, -20.464704284381266 ], [ -55.828347417999964, -20.464651872381253 ], [ -55.82852257199994, -20.464615294381204 ], [ -55.82872700199993, -20.464574373381211 ], [ -55.828940785999976, -20.46456613138124 ], [ -55.829151809999985, -20.464516575381229 ], [ -55.829760070999953, -20.464348372381234 ], [ -55.830162191999932, -20.464162132381229 ], [ -55.830425690999959, -20.464059529381235 ], [ -55.830714878999977, -20.463891206381263 ], [ -55.830867124999948, -20.463805612381279 ], [ -55.831057119999969, -20.463678136381233 ], [ -55.831082737999964, -20.463659575381236 ], [ -55.831107534999944, -20.463647151381274 ], [ -55.831279441999982, -20.463462464381273 ], [ -55.83129636599994, -20.463449403381272 ], [ -55.831522911999969, -20.463237863381266 ], [ -55.831648980999944, -20.463177059381284 ], [ -55.831747306999944, -20.463131760381259 ], [ -55.831848436999962, -20.463114657381261 ], [ -55.832006670999931, -20.463108954381255 ], [ -55.832123645999957, -20.463154503381244 ], [ -55.832244884999966, -20.463233091381255 ], [ -55.832314664999956, -20.463356498381234 ], [ -55.832357619999982, -20.463463308381275 ], [ -55.832370413999968, -20.463654102381259 ], [ -55.832375467999952, -20.463858197381271 ], [ -55.832382952999978, -20.463858197381271 ], [ -55.83235286699994, -20.464107029381267 ], [ -55.832317158999956, -20.464715009381234 ], [ -55.832227407999937, -20.465310121381215 ], [ -55.832203174999961, -20.46539438538122 ], [ -55.832083803999978, -20.465545679381201 ], [ -55.832008236999968, -20.465805866381213 ], [ -55.831999479999979, -20.46581788538121 ], [ -55.831940836999934, -20.466108072381171 ], [ -55.831867817999978, -20.46643548538119 ], [ -55.831799516999979, -20.46675148938121 ], [ -55.831704824999981, -20.467245802381179 ], [ -55.831545589999962, -20.467953209381147 ], [ -55.831516045999933, -20.468221500381155 ], [ -55.831249317999955, -20.46889053038111 ], [ -55.831111681999978, -20.469242898381108 ], [ -55.830854307999971, -20.469743986381108 ], [ -55.830583176999937, -20.470190536381089 ], [ -55.830051597999955, -20.470779279381059 ], [ -55.829693697999971, -20.471216715381072 ], [ -55.829558576999943, -20.47138127938106 ], [ -55.82934021899996, -20.471626141381048 ], [ -55.82918487499996, -20.471721743381089 ], [ -55.828678127999979, -20.472010028381025 ], [ -55.828302044999987, -20.472190802381032 ], [ -55.827896501999987, -20.472380136381044 ], [ -55.827660326999933, -20.472462059381026 ], [ -55.827321147999953, -20.472546167381033 ], [ -55.826924254999938, -20.472632323381042 ], [ -55.826534232999961, -20.472698505381043 ], [ -55.82630215599994, -20.472749228381012 ], [ -55.826019433999939, -20.472788652381038 ], [ -55.825786683999979, -20.472785904381052 ], [ -55.82542588899998, -20.47274935438104 ], [ -55.82503094499998, -20.472682669381012 ], [ -55.824654721999927, -20.472614769381025 ], [ -55.824498981999966, -20.472545643381061 ], [ -55.824239070999965, -20.472451480381029 ], [ -55.824017108999954, -20.472346830381071 ], [ -55.823816789999967, -20.472222537381075 ], [ -55.823540957999967, -20.472015299381045 ], [ -55.823251743999947, -20.47183421638108 ], [ -55.823070348999977, -20.471721675381058 ], [ -55.822749545999962, -20.471560742381058 ], [ -55.82231388699995, -20.471321226381093 ], [ -55.821822468999983, -20.471067474381044 ], [ -55.821412469999984, -20.470831386381089 ], [ -55.821010239999964, -20.470593903381065 ], [ -55.820019898999924, -20.470109683381111 ], [ -55.818958334999934, -20.46957423738111 ], [ -55.818279073999975, -20.469341811381142 ], [ -55.817744027999936, -20.469145478381133 ], [ -55.81681061799997, -20.468776280381153 ], [ -55.816366345999938, -20.468694031381158 ], [ -55.815932723999936, -20.46864133538115 ], [ -55.815163851999955, -20.468641176381119 ], [ -55.814903340999933, -20.468656166381123 ], [ -55.81464923599998, -20.468648564381155 ], [ -55.814351924999983, -20.468648467381147 ], [ -55.813788468999974, -20.468745817381127 ], [ -55.813418663999983, -20.468730752381116 ], [ -55.812883140999986, -20.468723138381137 ], [ -55.812269803999975, -20.468685505381099 ], [ -55.811687407999955, -20.468632624381129 ], [ -55.811308349999933, -20.468582926381121 ], [ -55.810977951999973, -20.468617047381123 ], [ -55.810638875999985, -20.468639649381121 ], [ -55.810322314999951, -20.468662199381157 ], [ -55.809906681999969, -20.468763152381118 ], [ -55.809481600999966, -20.468868134381154 ], [ -55.809238315999949, -20.468933610381129 ], [ -55.808937184999934, -20.469025273381103 ], [ -55.808665422999979, -20.469110408381116 ], [ -55.808288474999983, -20.469298100381096 ], [ -55.807985798999944, -20.469470543381092 ], [ -55.80776858899997, -20.469574780381102 ], [ -55.807691277999936, -20.469614051381093 ], [ -55.807622222999953, -20.469625135381101 ], [ -55.807524230999945, -20.469532995381105 ], [ -55.80739564999994, -20.469405457381132 ], [ -55.807193484999978, -20.469219565381106 ], [ -55.807049433999971, -20.469086207381132 ], [ -55.807040736999966, -20.469073244381107 ], [ -55.807032152999966, -20.469057598381109 ], [ -55.80702320499995, -20.469047112381109 ], [ -55.806952426999942, -20.468967023381111 ], [ -55.806885987999976, -20.468909402381108 ], [ -55.80687392599998, -20.468884197381129 ], [ -55.806871501999986, -20.468849840381125 ], [ -55.806891117999953, -20.468803649381105 ], [ -55.806986176999935, -20.468721470381151 ], [ -55.807066304999978, -20.468657945381132 ], [ -55.807183011999946, -20.46859021438113 ], [ -55.80730390999998, -20.468560789381158 ], [ -55.807384395999975, -20.468535268381142 ], [ -55.807609328999945, -20.468475043381126 ], [ -55.80802724199998, -20.468355594381116 ], [ -55.808409716999961, -20.468246451381155 ], [ -55.808606130999976, -20.46813795638116 ], [ -55.808908702999986, -20.467970528381155 ], [ -55.809149108999975, -20.46783418438115 ], [ -55.80920184699994, -20.467788463381165 ], [ -55.809252316999967, -20.467758683381135 ], [ -55.809281600999952, -20.467757491381185 ], [ -55.809468863999939, -20.467765935381184 ], [ -55.809627650999971, -20.467773167381154 ], [ -55.809940825999945, -20.467772314381133 ], [ -55.810287909999943, -20.467777551381165 ], [ -55.810543957999975, -20.467777612381155 ], [ -55.810857763999934, -20.467793109381137 ], [ -55.811345185999983, -20.467808598381168 ], [ -55.811494694999965, -20.467751322381165 ], [ -55.811612515999961, -20.467715565381184 ], [ -55.811964676999935, -20.467639695381145 ], [ -55.812271917999958, -20.467562648381161 ], [ -55.81242296399995, -20.467529280381147 ], [ -55.812612204999937, -20.467461888381145 ], [ -55.812803264999957, -20.467420318381137 ], [ -55.812985849999961, -20.467393714381174 ], [ -55.813177269999983, -20.467401412381154 ], [ -55.813824642999982, -20.467372633381167 ], [ -55.814254636999976, -20.467334116381167 ], [ -55.814543882999942, -20.467334171381154 ], [ -55.814730090999944, -20.467330690381189 ], [ -55.815253631999944, -20.467330807381142 ], [ -55.815874991999969, -20.467323827381176 ], [ -55.816487548999987, -20.467325292381144 ], [ -55.817016989999956, -20.467350031381166 ], [ -55.817132196999978, -20.467360588381169 ], [ -55.817420047999967, -20.467402567381161 ], [ -55.817502030999947, -20.467426899381167 ], [ -55.817560137999976, -20.467440759381141 ], [ -55.817727862999959, -20.46743041338118 ], [ -55.817900669999972, -20.467440831381186 ], [ -55.818067867999964, -20.467437408381166 ], [ -55.818119143999986, -20.467444333381149 ], [ -55.818174177999936, -20.467475357381147 ], [ -55.818249550999951, -20.467546731381166 ], [ -55.81832433999994, -20.467612365381171 ], [ -55.818433873999943, -20.467693374381145 ], [ -55.818537632999949, -20.467717468381185 ], [ -55.818587607999973, -20.467753401381181 ], [ -55.818713616999958, -20.467741476381157 ], [ -55.818811233999952, -20.467733512381134 ], [ -55.818928844999959, -20.467689439381157 ], [ -55.819201032999963, -20.467587999381191 ], [ -55.819379665999975, -20.467509694381146 ], [ -55.819511595999977, -20.467426111381155 ], [ -55.819748627999957, -20.467261013381183 ], [ -55.81997753099995, -20.46707160538115 ], [ -55.820260075999961, -20.466798885381163 ], [ -55.820507944999974, -20.466551092381199 ], [ -55.820729251999985, -20.466314333381177 ], [ -55.820815816999975, -20.466139278381192 ], [ -55.820946923999941, -20.465918563381184 ], [ -55.821052952999942, -20.465786940381228 ], [ -55.821161620999931, -20.465604763381226 ], [ -55.821293358999981, -20.465487221381235 ], [ -55.821428885999978, -20.465401726381227 ], [ -55.821524294999961, -20.465360777381196 ], [ -55.821724397999965, -20.465307146381242 ], [ -55.821895229999939, -20.465253061381194 ], [ -55.822058526999967, -20.465232141381193 ], [ -55.822275713999943, -20.465303029381239 ], [ -55.822471912999958, -20.465364943381189 ], [ -55.822706895999943, -20.465397735381195 ], [ -55.822995895999959, -20.465414084381219 ], [ -55.823303795999948, -20.465397798381225 ], [ -55.823547480999935, -20.465430418381221 ], [ -55.82418361699996, -20.465314927381197 ] ] ] } },
{ "type": "Feature", "properties": { "num_setor": "MS_AQUIDAU_SR_2_CPRM", "munic": "AQUIDAUANA", "grau_risco": "Alto", "distancia_km": 2.11, "chuva_24h": 0.0, "chuva_72h": 0.0, "fonte_estacao": "openmeteo", "codigo_estacao": "openmeteo", "nome_estacao": "Open-Meteo (célula de grade)" }, "geometry": { "type": "Polygon", "coordinates": [ [ [ -55.803550473999962, -20.47157275038105 ], [ -55.80357980399998, -20.471560271381083 ], [ -55.803591386999983, -20.471554025381081 ], [ -55.803801162999946, -20.471491286381045 ], [ -55.804067102999966, -20.471344894381073 ], [ -55.804085347999937, -20.471338467381056 ], [ -55.80425293899998, -20.471162785381097 ], [ -55.804265114999957, -20.471156202381085 ], [ -55.804441818, -20.470955997381097 ], [ -55.804564785999958, -20.470757410381093 ], [ -55.80469015399995, -20.470539467381101 ], [ -55.80482738599995, -20.470352013381092 ], [ -55.80506274399994, -20.470160139381104 ], [ -55.805208199999988, -20.469986569381081 ], [ -55.805433137999955, -20.469840415381103 ], [ -55.805634191999957, -20.469691681381111 ], [ -55.805975046999954, -20.469435102381123 ], [ -55.806369210999947, -20.469175841381137 ], [ -55.806576572, -20.469024521381108 ], [ -55.806656140999962, -20.468978732381139 ], [ -55.806732844999942, -20.468989583381102 ], [ -55.80685917999994, -20.469027245381113 ], [ -55.80694400099997, -20.469059166381118 ], [ -55.80695805299996, -20.46906445538113 ], [ -55.807047558999955, -20.469132380381126 ], [ -55.807136776999982, -20.469211453381099 ], [ -55.807298620999973, -20.469346870381134 ], [ -55.807433566999975, -20.46947636638113 ], [ -55.807505526999932, -20.469537890381112 ], [ -55.807562743999938, -20.469600328381098 ], [ -55.807570350999981, -20.46961749838114 ], [ -55.807517324999935, -20.469657443381102 ], [ -55.807421330999937, -20.469694730381107 ], [ -55.807293905999984, -20.469736282381128 ], [ -55.807187223999961, -20.469771745381088 ], [ -55.807117502999972, -20.469800520381124 ], [ -55.806975322999961, -20.469868755381132 ], [ -55.806833389999952, -20.469944726381076 ], [ -55.806580672999985, -20.470071880381113 ], [ -55.80648064199994, -20.470182107381095 ], [ -55.806164512999942, -20.470556760381086 ], [ -55.805489131999934, -20.471311918381073 ], [ -55.805317540999965, -20.471726924381024 ], [ -55.805180825999969, -20.471900688381041 ], [ -55.805068432999974, -20.472123788381058 ], [ -55.805006750999951, -20.472261102381029 ], [ -55.804940060999968, -20.472447707381029 ], [ -55.804854033999959, -20.47275745338105 ], [ -55.804622342999949, -20.473290824380996 ], [ -55.804345246999965, -20.473690082381005 ], [ -55.804159194999954, -20.474169715380992 ], [ -55.803875887999936, -20.474641638380991 ], [ -55.803807308999978, -20.47488575538096 ], [ -55.803532864999966, -20.475546905380984 ], [ -55.803201853999958, -20.476312305380947 ], [ -55.803023597999982, -20.476708080380948 ], [ -55.802735594999945, -20.477130217380925 ], [ -55.802389740999956, -20.477471512380916 ], [ -55.802033953999967, -20.477726683380904 ], [ -55.80141013399998, -20.478063599380864 ], [ -55.800801815999939, -20.47840408138088 ], [ -55.800330920999947, -20.478761079380902 ], [ -55.80019223499994, -20.478925341380897 ], [ -55.799989831999945, -20.479166560380857 ], [ -55.799848066999978, -20.479475770380869 ], [ -55.799733834999984, -20.479672347380859 ], [ -55.799544215999958, -20.47994058938086 ], [ -55.799391850999939, -20.480256811380833 ], [ -55.799303232999939, -20.480443640380855 ], [ -55.799245719999931, -20.48052502838086 ], [ -55.79895959299995, -20.480812244380846 ], [ -55.798674091999942, -20.481099586380829 ], [ -55.798315317999936, -20.481441149380835 ], [ -55.797964457999967, -20.481654288380803 ], [ -55.797559358999933, -20.481896673380781 ], [ -55.796972740999934, -20.482228949380811 ], [ -55.796520678999968, -20.48247882438077 ], [ -55.796121909999954, -20.482713751380764 ], [ -55.795908636999975, -20.482808329380777 ], [ -55.794152055999973, -20.483580656380756 ], [ -55.79043513299996, -20.485165318380748 ], [ -55.788429857999972, -20.48585361038074 ], [ -55.787228739999932, -20.486282092380694 ], [ -55.786548051999944, -20.486422349380678 ], [ -55.785870709999983, -20.486502549380692 ], [ -55.785603072999947, -20.486485128380693 ], [ -55.785517587999948, -20.486438931380686 ], [ -55.785299690999977, -20.486262428380716 ], [ -55.785087631999943, -20.486262261380705 ], [ -55.784760746999943, -20.486267986380703 ], [ -55.784577153, -20.486285714380692 ], [ -55.784320150999967, -20.486344680380672 ], [ -55.784073537999973, -20.486478284380706 ], [ -55.783860336999965, -20.486608854380663 ], [ -55.783707678999974, -20.486659091380698 ], [ -55.783555118999971, -20.48669229038067 ], [ -55.783464934999984, -20.486670030380697 ], [ -55.783331099999941, -20.486658798380667 ], [ -55.783178078999974, -20.486574513380717 ], [ -55.783056489999979, -20.486488993380693 ], [ -55.782949145999964, -20.48634954238069 ], [ -55.782685626999978, -20.486060196380723 ], [ -55.782403234999947, -20.485611530380726 ], [ -55.782224702999947, -20.485311845380711 ], [ -55.782084722999969, -20.485084575380736 ], [ -55.781915961999971, -20.484960451380722 ], [ -55.781669872999942, -20.484848865380727 ], [ -55.78132868299997, -20.484735099380753 ], [ -55.781181410999977, -20.484635068380765 ], [ -55.780955143999961, -20.484511996380753 ], [ -55.780770263999955, -20.484367160380764 ], [ -55.780598415999975, -20.484134958380743 ], [ -55.780410487999973, -20.483884749380756 ], [ -55.780297074999964, -20.483718526380766 ], [ -55.780281081999931, -20.483652374380764 ], [ -55.780278774999942, -20.483568635380781 ], [ -55.780285724999942, -20.483560203380765 ], [ -55.780330641999967, -20.483500833380791 ], [ -55.780378435999978, -20.483462369380742 ], [ -55.780438183999941, -20.483419343380785 ], [ -55.780544221999953, -20.483471109380798 ], [ -55.780658483999957, -20.483623568380782 ], [ -55.780726834999946, -20.483727152380769 ], [ -55.780859674999931, -20.483873172380751 ], [ -55.780961590999929, -20.484003824380736 ], [ -55.780995939999976, -20.484120002380727 ], [ -55.78105726699993, -20.484256333380749 ], [ -55.781103332, -20.484341721380748 ], [ -55.781172939999976, -20.484393093380714 ], [ -55.781187771999953, -20.484393104380768 ], [ -55.781296138999949, -20.484415040380767 ], [ -55.781556440999971, -20.484501764380724 ], [ -55.781794628999933, -20.484558856380751 ], [ -55.78194557799997, -20.484569846380715 ], [ -55.782090940999979, -20.484624690380748 ], [ -55.782199452999969, -20.484692427380747 ], [ -55.782409754999946, -20.484886221380719 ], [ -55.782583311999986, -20.485068976380752 ], [ -55.782695784999987, -20.485261589380709 ], [ -55.782743379999943, -20.485392594380716 ], [ -55.782814684999948, -20.485512650380734 ], [ -55.782846405999976, -20.485561822380699 ], [ -55.782859512999956, -20.485572294380688 ], [ -55.782865810999965, -20.485574384380708 ], [ -55.782878830999948, -20.485584793380735 ], [ -55.782886997999981, -20.485584799380732 ], [ -55.782901290999973, -20.485584809380732 ], [ -55.782947799999931, -20.485576526380733 ], [ -55.78298880899996, -20.485578636380701 ], [ -55.782999032999953, -20.48557864438073 ], [ -55.783005166999942, -20.485578647380706 ], [ -55.783013426999958, -20.485580734380683 ], [ -55.783029848999945, -20.4855828233807 ], [ -55.783040129999961, -20.485584906380737 ], [ -55.783085136999944, -20.485589083380734 ], [ -55.783095335999981, -20.4855890913807 ], [ -55.783107573999978, -20.485589100380718 ], [ -55.783215754999958, -20.485580882380713 ], [ -55.783221932999936, -20.485576724380685 ], [ -55.783232189999978, -20.485574648380698 ], [ -55.783244538999952, -20.485570482380719 ], [ -55.783252733999973, -20.485570489380699 ], [ -55.783263021999971, -20.485568407380701 ], [ -55.783327475999954, -20.485543207380722 ], [ -55.783331678999957, -20.485541092380704 ], [ -55.783402386999967, -20.485491845380704 ], [ -55.783643685999948, -20.485318513380737 ], [ -55.783778704999982, -20.485290591380721 ], [ -55.783914758999977, -20.485248311380719 ], [ -55.784049626999945, -20.485198192380736 ], [ -55.784135831999947, -20.485187239380721 ], [ -55.784296307999973, -20.485170749380725 ], [ -55.784485206999932, -20.48512893538074 ], [ -55.784735684999987, -20.485092257380728 ], [ -55.784963060999985, -20.485057961380704 ], [ -55.785165985999974, -20.485029068380722 ], [ -55.785305489999985, -20.485011600380723 ], [ -55.785433694999931, -20.485011702380717 ], [ -55.785509389999959, -20.48498543638075 ], [ -55.785672717999944, -20.48489876038072 ], [ -55.786302529999944, -20.484598357380751 ], [ -55.786811452999984, -20.48432294538075 ], [ -55.787427426999955, -20.484010356380729 ], [ -55.788789916999974, -20.483328403380781 ], [ -55.78946012799998, -20.483018828380764 ], [ -55.79002547999994, -20.48277490638079 ], [ -55.790294186999972, -20.482605069380806 ], [ -55.79060605799998, -20.482394140380762 ], [ -55.790730240999949, -20.482307880380773 ], [ -55.790839712999976, -20.482194895380786 ], [ -55.791126729, -20.481961807380777 ], [ -55.79146138599998, -20.48172859438079 ], [ -55.791588479999973, -20.481631483380788 ], [ -55.791881128999933, -20.481506467380829 ], [ -55.79210323999996, -20.481405524380826 ], [ -55.792335179999952, -20.481319143380798 ], [ -55.79257060599997, -20.481231463380833 ], [ -55.792769754999938, -20.481170428380842 ], [ -55.793073971999952, -20.481087651380797 ], [ -55.793349361999951, -20.480968829380807 ], [ -55.793603734999984, -20.480867788380827 ], [ -55.793795941999967, -20.480768963380818 ], [ -55.793922364999965, -20.480710488380808 ], [ -55.794012389999978, -20.480659861380861 ], [ -55.794064387999988, -20.480600176380815 ], [ -55.794110946999979, -20.48050505938081 ], [ -55.794136178999963, -20.480399413380873 ], [ -55.794144339999946, -20.480291752380843 ], [ -55.794141450999973, -20.480227999380844 ], [ -55.794078045999989, -20.480107665380878 ], [ -55.794001064999975, -20.479927209380872 ], [ -55.793877773999952, -20.479559327380851 ], [ -55.793847922999987, -20.479461149380871 ], [ -55.793867742999971, -20.479403603380881 ], [ -55.793906423999942, -20.479340217380869 ], [ -55.793991533999986, -20.479243922380874 ], [ -55.794203052999933, -20.479135231380901 ], [ -55.794519842999932, -20.478957342380863 ], [ -55.794731027999937, -20.478849337380897 ], [ -55.794740940999986, -20.478843601380849 ], [ -55.794915691999961, -20.478751122380871 ], [ -55.794929611999983, -20.478703467380868 ], [ -55.794936630999985, -20.478690001380876 ], [ -55.794940149999945, -20.478683251380872 ], [ -55.795002946999936, -20.478624198380906 ], [ -55.795007275999978, -20.478621906380869 ], [ -55.795010542999933, -20.478612725380867 ], [ -55.795021568999971, -20.478608130380874 ], [ -55.795030609999969, -20.478605830380907 ], [ -55.795199055999952, -20.478507825380863 ], [ -55.795209777999958, -20.478498347380903 ], [ -55.795481829999972, -20.478333354380894 ], [ -55.795606341999985, -20.478263207380866 ], [ -55.796377735999954, -20.47780409638089 ], [ -55.79666603099998, -20.477641156380894 ], [ -55.796766411999954, -20.477587362380902 ], [ -55.797047203999966, -20.477455873380897 ], [ -55.797176517999958, -20.477383776380911 ], [ -55.797280336999961, -20.477349919380909 ], [ -55.797373033999975, -20.477334794380905 ], [ -55.797469748999951, -20.477323437380896 ], [ -55.797556043999975, -20.477365160380931 ], [ -55.797804116999941, -20.477507229380919 ], [ -55.797818796999941, -20.477510931380934 ], [ -55.798002460999953, -20.477675044380909 ], [ -55.798216165999975, -20.477775090380906 ], [ -55.798359621999964, -20.477922164380892 ], [ -55.798448812999936, -20.477977301380889 ], [ -55.798593963999963, -20.478075987380887 ], [ -55.798676475999969, -20.478186343380887 ], [ -55.798732580999967, -20.478222697380911 ], [ -55.798816038999973, -20.478258846380893 ], [ -55.798905901999944, -20.478294780380875 ], [ -55.799047756999983, -20.478291578380915 ], [ -55.799054660999957, -20.478291582380869 ], [ -55.799227104999943, -20.478265547380907 ], [ -55.799715412999944, -20.478012016380912 ], [ -55.800466025999981, -20.477588571380899 ], [ -55.801827246999949, -20.476894995380913 ], [ -55.802385178999941, -20.476607178380906 ], [ -55.802421011999968, -20.476589741380916 ], [ -55.802505978999932, -20.476501408380962 ], [ -55.802563601999964, -20.476438887380951 ], [ -55.802735998999943, -20.476123647380941 ], [ -55.802890364999939, -20.475799221380985 ], [ -55.802925606999963, -20.475727386380957 ], [ -55.803006090999986, -20.475592803380984 ], [ -55.803065003999961, -20.475498903380959 ], [ -55.803129332999958, -20.475275447380945 ], [ -55.803144621999941, -20.475124115380986 ], [ -55.803098262999981, -20.474902827380955 ], [ -55.803068527999983, -20.474792798380967 ], [ -55.803032305999977, -20.474663529380962 ], [ -55.802921821999973, -20.474574187380995 ], [ -55.802798400999961, -20.47453213838099 ], [ -55.802626344999965, -20.474550107380992 ], [ -55.802318035999981, -20.474681044380979 ], [ -55.802014534999955, -20.474809943380986 ], [ -55.801736179999978, -20.474890900381009 ], [ -55.801415767999977, -20.47494247838096 ], [ -55.801029847999985, -20.474930914380977 ], [ -55.800722825999969, -20.474970842380959 ], [ -55.800558242999948, -20.474913543380971 ], [ -55.800376236999966, -20.474867393380968 ], [ -55.800139772999955, -20.474861524380962 ], [ -55.799924521999969, -20.474872987380984 ], [ -55.799696159999939, -20.47490745738099 ], [ -55.799512367999967, -20.47500453338095 ], [ -55.799327984999934, -20.475085912380944 ], [ -55.798791007999966, -20.475372016380952 ], [ -55.798614368999942, -20.475479196380988 ], [ -55.798451064999938, -20.475557297380963 ], [ -55.798371522999958, -20.475600672380985 ], [ -55.798271170999953, -20.475634721380953 ], [ -55.798218688999953, -20.475657817380952 ], [ -55.798174260999986, -20.475661972380951 ], [ -55.798112019999955, -20.475672351380954 ], [ -55.798057938999932, -20.475645169380957 ], [ -55.797900426999945, -20.475526118380941 ], [ -55.797805136999962, -20.47542352438095 ], [ -55.79767951499997, -20.475320756380977 ], [ -55.797563784999966, -20.475228373381004 ], [ -55.797437517999988, -20.475051068380978 ], [ -55.797298662999935, -20.474894896380977 ], [ -55.797190725999947, -20.474786981380973 ], [ -55.797017432999951, -20.474673518380985 ], [ -55.797012603999974, -20.474659860380985 ], [ -55.796838731999969, -20.474586409381004 ], [ -55.796712029999981, -20.474465100380996 ], [ -55.796556781999989, -20.474326777381016 ], [ -55.796546144999979, -20.474312284380979 ], [ -55.796391201999931, -20.47415049938099 ], [ -55.796282344999952, -20.473943318380989 ], [ -55.796163072999953, -20.473707605381001 ], [ -55.79616083999997, -20.473670135380999 ], [ -55.796159556999953, -20.473648621380988 ], [ -55.796171305999962, -20.473479381380994 ], [ -55.796188763999965, -20.473401456381026 ], [ -55.79627605099995, -20.473277091380986 ], [ -55.79641077399998, -20.473026911381037 ], [ -55.796519081999975, -20.472864862381002 ], [ -55.796704808999941, -20.472661337381044 ], [ -55.796814144999978, -20.472515771381033 ], [ -55.796991124999977, -20.472367065381036 ], [ -55.797049536999964, -20.472207826381073 ], [ -55.79712079799998, -20.472061946381025 ], [ -55.797136552999966, -20.472051037381057 ], [ -55.797194030999947, -20.472007248381047 ], [ -55.797209179999989, -20.471990764381026 ], [ -55.797252524, -20.471968742381037 ], [ -55.797269153999935, -20.471963229381075 ], [ -55.797335545999942, -20.471891160381077 ], [ -55.797568574999964, -20.471790357381064 ], [ -55.797719822999966, -20.471784776381082 ], [ -55.797753798999963, -20.471773494381075 ], [ -55.797777173999975, -20.471773503381037 ], [ -55.798000134999938, -20.471784883381027 ], [ -55.798367720999977, -20.471779373381036 ], [ -55.798402770999978, -20.471779387381066 ], [ -55.798695059999943, -20.47178514138103 ], [ -55.798859605999951, -20.471824615381031 ], [ -55.798894829999938, -20.471835853381055 ], [ -55.798918243999935, -20.471841470381051 ], [ -55.799226918999977, -20.471908575381068 ], [ -55.799342576999955, -20.471980563381074 ], [ -55.799359859999981, -20.471986079381072 ], [ -55.799382896999987, -20.471991591381034 ], [ -55.799417444999968, -20.471997105381039 ], [ -55.799594533999937, -20.472079222381069 ], [ -55.799839775999942, -20.472117312381048 ], [ -55.799862656999956, -20.472117320381017 ], [ -55.799885131999986, -20.472128153381064 ], [ -55.800209393999971, -20.472155267381037 ], [ -55.80023760499995, -20.472160667381051 ], [ -55.800248687999954, -20.472166057381067 ], [ -55.800293966999959, -20.472171455381041 ], [ -55.800311067999985, -20.472171462381034 ], [ -55.800624136999943, -20.472176964381045 ], [ -55.800967722999985, -20.47216096438104 ], [ -55.800984833999969, -20.472160972381065 ], [ -55.801657405999947, -20.47200903638106 ], [ -55.801680433999934, -20.472009047381061 ], [ -55.801714976999961, -20.472009062381073 ], [ -55.802296791999936, -20.471820516381069 ], [ -55.802320088999977, -20.471820525381034 ], [ -55.802727176999952, -20.471684735381043 ], [ -55.803135410999978, -20.471572607381088 ], [ -55.803319716999958, -20.471603800381068 ], [ -55.803356809999968, -20.471603813381041 ], [ -55.80338153799994, -20.471603820381084 ], [ -55.803550473999962, -20.47157275038105 ] ] ] } },
{ "type": "Feature", "properties": { "num_setor": "MS_BONITO_SR_1_CPRM", "munic": "BONITO", "grau_risco": "Alto", "distancia_km": 1.38, "chuva_24h": 0.0, "chuva_72h": 0.1, "fonte_estacao": "openmeteo", "codigo_estacao": "openmeteo", "nome_estacao": "Open-Meteo (célula de grade)" }, "geometry": { "type": "Polygon", "coordinates": [ [ [ -56.092576633999961, -20.765006765373787 ], [ -56.090602520999937, -20.764153187373822 ], [ -56.091415563999938, -20.762652372373875 ], [ -56.091939024999931, -20.761843343373858 ], [ -56.092420268999952, -20.760234777373931 ], [ -56.092586903999972, -20.757798812373977 ], [ -56.092821686999969, -20.756830661374014 ], [ -56.092889710999941, -20.756735342374 ], [ -56.093353956999977, -20.756067709374037 ], [ -56.093364938999969, -20.756031110374039 ], [ -56.09340267999994, -20.755994335374016 ], [ -56.093470235999973, -20.755910940374033 ], [ -56.094086947999983, -20.755278844374043 ], [ -56.095326544999985, -20.756185481374029 ], [ -56.094762020999951, -20.757349203374005 ], [ -56.094590259999961, -20.757888583373962 ], [ -56.094217373999982, -20.75862647337398 ], [ -56.093933005999986, -20.759068490373927 ], [ -56.094870712999978, -20.759457282373937 ], [ -56.095840000999942, -20.760037162373902 ], [ -56.093155571999944, -20.764558051373772 ], [ -56.092876799999942, -20.765171499373789 ], [ -56.092576633999961, -20.765006765373787 ] ] ] } }
]
}
