{
"type": "FeatureCollection",
"name": "setores_se",
"crs": { "type": "name", "properties": { "name": "urn:ogc:def:crs:OGC:1.3:CRS84" } },
"features": [
{ "type": "Feature", "properties": { "num_setor": "SE_CANINDE_SR_003_CPRM", "munic": "CANINDÉ DE SÃO FRANCISCO", "grau_risco": "Muito alto", "distancia_km": 0.4, "chuva_24h": 0.3, "chuva_72h": 5.7, "fonte_estacao": "openmeteo", "codigo_estacao": "openmeteo", "nome_estacao": "Open-Meteo (célula de grade)" }, "geometry": { "type": "Polygon", "coordinates": [ [ [ -37.781498122999956, -9.646369523687834 ], [ -37.781526285999981, -9.646423972687835 ], [ -37.781455565999977, -9.646503454687821 ], [ -37.781323512999961, -9.64656478768784 ], [ -37.781162044999974, -9.646591072687823 ], [ -37.781048766999959, -9.646580433687793 ], [ -37.781044385999962, -9.6464220946878 ], [ -37.781065038999941, -9.646422720687827 ], [ -37.78119771799993, -9.646362639687815 ], [ -37.781337906999973, -9.646340735687824 ], [ -37.781435538999972, -9.646349496687828 ], [ -37.781498122999956, -9.646369523687834 ] ] ] } },
{ "type": "Feature", "properties": { "num_setor": "SE_CANINDE_SR_004_CPRM", "munic": "CANINDÉ DE SÃO FRANCISCO", "grau_risco": "Muito alto", "distancia_km": 0.71, "chuva_24h": 0.3, "chuva_72h": 5.7, "fonte_estacao": "openmeteo", "codigo_estacao": "openmeteo", "nome_estacao": "Open-Meteo (célula de grade)" }, "geometry": { "type": "Polygon", "coordinates": [ [ [ -37.781843588999948, -9.643039406687913 ], [ -37.781785385999967, -9.643298505687913 ], [ -37.781712161999963, -9.64353507468789 ], [ -37.781522530999958, -9.643561360687926 ], [ -37.781438041999941, -9.643521932687888 ], [ -37.78137608399993, -9.643508789687898 ], [ -37.78148685799993, -9.643033773687915 ], [ -37.781513143999973, -9.642973692687901 ], [ -37.781843588999948, -9.643039406687913 ] ] ] } },
{ "type": "Feature", "properties": { "num_setor": "SE_CANINDE_SR_001_CPRM", "munic": "CANINDÉ DE SÃO FRANCISCO", "grau_risco": "Alto", "distancia_km": 1.64, "chuva_24h": 0.3, "chuva_72h": 6.9, "fonte_estacao": "openmeteo", "codigo_estacao": "openmeteo", "nome_estacao": "Open-Meteo (célula de grade)" }, "geometry": { "type": "Polygon", "coordinates": [ [ [ -37.790599339999972, -9.665786553687232 ], [ -37.790475672999946, -9.665905881687207 ], [ -37.790449637999984, -9.666002011687242 ], [ -37.790323467999933, -9.666058086687205 ], [ -37.790203304999984, -9.666104149687222 ], [ -37.790063115999942, -9.666156219687199 ], [ -37.78991691899995, -9.666212294687234 ], [ -37.789905903999966, -9.666167234687181 ], [ -37.789874861999976, -9.666180251687194 ], [ -37.789848826999958, -9.666178249687228 ], [ -37.789819787999932, -9.666115163687214 ], [ -37.789791749999949, -9.666095136687215 ], [ -37.789756702999966, -9.666089128687194 ], [ -37.789736675999961, -9.666082119687196 ], [ -37.789698624999971, -9.666076111687179 ], [ -37.789677595999933, -9.666062092687191 ], [ -37.789666580999942, -9.6660380596872 ], [ -37.789649557999958, -9.666001009687202 ], [ -37.789629030999947, -9.665952945687202 ], [ -37.789517880999938, -9.665619828687246 ], [ -37.789683103999948, -9.665557244687214 ], [ -37.789708136999934, -9.665540221687221 ], [ -37.789731167999946, -9.66548514768723 ], [ -37.789758204999941, -9.665353970687221 ], [ -37.789835308999962, -9.665324931687254 ], [ -37.790033575999985, -9.665266852687214 ], [ -37.790124698999932, -9.665463117687207 ], [ -37.790266890999931, -9.66541805668723 ], [ -37.790291924999956, -9.665466121687214 ], [ -37.790335983999967, -9.665458110687242 ], [ -37.790432113999934, -9.665411047687227 ], [ -37.790525239999958, -9.665373997687224 ], [ -37.790548270999977, -9.665450099687206 ], [ -37.79057130199994, -9.665529206687236 ], [ -37.790576308999952, -9.665580275687232 ], [ -37.79058532099998, -9.66563034368723 ], [ -37.79058331799996, -9.665666391687203 ], [ -37.790594332999945, -9.665728475687235 ], [ -37.790599339999972, -9.665786553687232 ] ] ] } },
{ "type": "Feature", "properties": { "num_setor": "SE_CANINDE_SR_002_CPRM", "munic": "CANINDÉ DE SÃO FRANCISCO", "grau_risco": "Alto", "distancia_km": 0.78, "chuva_24h": 0.3, "chuva_72h": 6.9, "fonte_estacao": "openmeteo", "codigo_estacao": "openmeteo", "nome_estacao": "Open-Meteo (célula de grade)" }, "geometry": { "type": "Polygon", "coordinates": [ [ [ -37.789939838999935, -9.679622368686793 ], [ -37.78989422199993, -9.679728066686762 ], [ -37.78982564599994, -9.6798041836868 ], [ -37.789744018999954, -9.679710265686799 ], [ -37.789691464999976, -9.67963395368678 ], [ -37.789642417999971, -9.679583103686793 ], [ -37.789701709, -9.679499399686783 ], [ -37.789691464999969, -9.679369597686774 ], [ -37.789651410999966, -9.679305510686779 ], [ -37.789558712999963, -9.679206432686783 ], [ -37.789487214999944, -9.679096569686806 ], [ -37.789536042999941, -9.679009377686784 ], [ -37.789544761999935, -9.678896027686795 ], [ -37.789469832999949, -9.678484402686832 ], [ -37.789411086999962, -9.678073181686818 ], [ -37.789417460999971, -9.677889826686831 ], [ -37.789381046999949, -9.677826181686818 ], [ -37.789330978999942, -9.677547805686848 ], [ -37.789316292999963, -9.677356881686876 ], [ -37.789250777999939, -9.676968153686866 ], [ -37.789302996999936, -9.676856595686857 ], [ -37.789326732999939, -9.676825739686894 ], [ -37.789331646999983, -9.676707338686889 ], [ -37.789353008999967, -9.676678633686844 ], [ -37.789384606999938, -9.676662611686899 ], [ -37.789422880999957, -9.676650150686857 ], [ -37.78946293499996, -9.676646589686888 ], [ -37.789523460999931, -9.676583393686901 ], [ -37.789550163999934, -9.676541559686907 ], [ -37.789555503999964, -9.676483703686898 ], [ -37.789562624999974, -9.67643029868688 ], [ -37.78956173499995, -9.676406265686889 ], [ -37.789573583999982, -9.676304739686913 ], [ -37.789560844999983, -9.675997714686881 ], [ -37.789689017999933, -9.675983473686907 ], [ -37.789833211999962, -9.675947869686906 ], [ -37.789924261999936, -9.675892336686886 ], [ -37.789925781999955, -9.675830377686891 ], [ -37.78991181799995, -9.675759114686903 ], [ -37.789978574999971, -9.675741312686906 ], [ -37.790115370999956, -9.675687073686902 ], [ -37.790096066999972, -9.675593558686892 ], [ -37.790128721999963, -9.67556958168694 ], [ -37.790144131999966, -9.67552680168694 ], [ -37.790435190999972, -9.675393287686918 ], [ -37.79042450999998, -9.675342552686917 ], [ -37.790542001999938, -9.675310509686938 ], [ -37.790647198999977, -9.675234536686908 ], [ -37.790679242999943, -9.675185878686939 ], [ -37.79069776799998, -9.675013219686903 ], [ -37.790720631999932, -9.674965729686923 ], [ -37.790731757999929, -9.674858918686953 ], [ -37.790857111999969, -9.674854468686947 ], [ -37.791052931999957, -9.674765459686935 ], [ -37.791098919999968, -9.674703153686913 ], [ -37.791619566999941, -9.674285237686979 ], [ -37.791613687999977, -9.674143138686972 ], [ -37.79167451099994, -9.673813805686956 ], [ -37.791659675999931, -9.673603150686979 ], [ -37.791630006999981, -9.673437000687001 ], [ -37.791462372999952, -9.673134369686995 ], [ -37.791406000999984, -9.673072063686979 ], [ -37.791364722999958, -9.672978474687017 ], [ -37.79137336399998, -9.672650754686995 ], [ -37.791390757999977, -9.672565917687027 ], [ -37.791465339999945, -9.672460868687022 ], [ -37.791456438999944, -9.672303619687037 ], [ -37.791426769999923, -9.67213450268701 ], [ -37.791420835999929, -9.671911979687021 ], [ -37.79145944499993, -9.671610337687019 ], [ -37.791537772999959, -9.671571173687031 ], [ -37.791628561999971, -9.671587194687055 ], [ -37.791665628999958, -9.671674214687025 ], [ -37.791665277999982, -9.671838719687003 ], [ -37.791543112999932, -9.67213727068701 ], [ -37.791550233999942, -9.672215598687034 ], [ -37.791546931999967, -9.67230065268704 ], [ -37.791603303999977, -9.672612183686994 ], [ -37.791571161999968, -9.672916297687001 ], [ -37.79158204099997, -9.673012229686961 ], [ -37.791600831999972, -9.673032998686963 ], [ -37.791656214999932, -9.673190247687 ], [ -37.791761047999955, -9.673269366686963 ], [ -37.791806540999971, -9.673354419686982 ], [ -37.791881703999934, -9.673546283686962 ], [ -37.791925219999939, -9.673951768686939 ], [ -37.791903461999937, -9.67410011768696 ], [ -37.791846216999943, -9.67419786268696 ], [ -37.791694166999946, -9.674406901686929 ], [ -37.791646324999931, -9.674497690686934 ], [ -37.791478196999947, -9.674689554686916 ], [ -37.791298200999954, -9.67478251968693 ], [ -37.791203257999946, -9.67484779268695 ], [ -37.791086556999971, -9.674897242686951 ], [ -37.790979202999949, -9.674961649686921 ], [ -37.790923373999931, -9.675098501686939 ], [ -37.790653874999983, -9.675416955686902 ], [ -37.790656841999983, -9.67553563468692 ], [ -37.790618270999971, -9.675657279686893 ], [ -37.790335420999952, -9.675720575686904 ], [ -37.790356188999965, -9.675793760686913 ], [ -37.790326616999948, -9.675894437686893 ], [ -37.790177841999927, -9.676022216686917 ], [ -37.789998806999961, -9.676143786686886 ], [ -37.78999991999995, -9.676273406686878 ], [ -37.790021059999958, -9.676501491686874 ], [ -37.789836310999924, -9.67691098768689 ], [ -37.789857408999985, -9.677024391686874 ], [ -37.789779608999936, -9.677190541686855 ], [ -37.789836310999931, -9.677624378686843 ], [ -37.789856090999933, -9.677675146686843 ], [ -37.789888287999929, -9.678755891686832 ], [ -37.789882353999928, -9.678849845686786 ], [ -37.789924879999944, -9.679209836686823 ], [ -37.789916473999931, -9.679330493686782 ], [ -37.789945401999944, -9.679452139686807 ], [ -37.789939838999935, -9.679622368686793 ] ] ] } },
{ "type": "Feature", "properties": { "num_setor": "SE_DIVINAP_SR_005_CPRM", "munic": "DIVINA PASTORA", "grau_risco": "Alto", "distancia_km": 1.19, "chuva_24h": 1.3, "chuva_72h": 15.4, "fonte_estacao": "openmeteo", "codigo_estacao": "openmeteo", "nome_estacao": "Open-Meteo (célula de grade)" }, "geometry": { "type": "Polygon", "coordinates": [ [ [ -37.15433461799995, -10.67698140165597 ], [ -37.154383942999971, -10.676907413655977 ], [ -37.15463626199994, -10.677062978655975 ], [ -37.154573655999968, -10.677130326655929 ], [ -37.15433461799995, -10.67698140165597 ] ] ] } },
{ "type": "Feature", "properties": { "num_setor": "SE_DIVINAP_SR_006_CPRM", "munic": "DIVINA PASTORA", "grau_risco": "Alto", "distancia_km": 1.28, "chuva_24h": 1.3, "chuva_72h": 15.4, "fonte_estacao": "openmeteo", "codigo_estacao": "openmeteo", "nome_estacao": "Open-Meteo (célula de grade)" }, "geometry": { "type": "Polygon", "coordinates": [ [ [ -37.156247872999984, -10.674349845656014 ], [ -37.156248821999959, -10.674374508656047 ], [ -37.156197598999938, -10.674471262656009 ], [ -37.156153016999951, -10.674538610656025 ], [ -37.156118867999965, -10.674570861656022 ], [ -37.156098947999965, -10.67456611865604 ], [ -37.156066696999972, -10.674546198656042 ], [ -37.156064799999967, -10.674530073656047 ], [ -37.156097050999968, -10.674484542656026 ], [ -37.156133096999952, -10.674447548656063 ], [ -37.156118867999965, -10.674429525656006 ], [ -37.156109382999944, -10.674404862656033 ], [ -37.156106536999971, -10.674372611656043 ], [ -37.156159656999932, -10.674298623656053 ], [ -37.156247872999984, -10.674349845656014 ] ] ] } },
{ "type": "Feature", "properties": { "num_setor": "SE_DIVINAP_SR_003_CPRM", "munic": "DIVINA PASTORA", "grau_risco": "Alto", "distancia_km": 1.17, "chuva_24h": 1.3, "chuva_72h": 15.4, "fonte_estacao": "openmeteo", "codigo_estacao": "openmeteo", "nome_estacao": "Open-Meteo (célula de grade)" }, "geometry": { "type": "Polygon", "coordinates": [ [ [ -37.152895961999945, -10.68040635265587 ], [ -37.152902284999982, -10.680485399655844 ], [ -37.152880783999933, -10.680500576655872 ], [ -37.152787192999938, -10.680507533655858 ], [ -37.152761264999981, -10.680478443655856 ], [ -37.15276885399993, -10.680439236655875 ], [ -37.152773912999976, -10.680408249655873 ], [ -37.152895961999945, -10.68040635265587 ] ] ] } },
{ "type": "Feature", "properties": { "num_setor": "SE_DIVINAP_SR_004_CPRM", "munic": "DIVINA PASTORA", "grau_risco": "Alto", "distancia_km": 1.02, "chuva_24h": 1.3, "chuva_72h": 15.4, "fonte_estacao": "openmeteo", "codigo_estacao": "openmeteo", "nome_estacao": "Open-Meteo (célula de grade)" }, "geometry": { "type": "Polygon", "coordinates": [ [ [ -37.154573655999961, -10.679730342655873 ], [ -37.154643849999957, -10.679882745655894 ], [ -37.154612863999944, -10.679902981655845 ], [ -37.154543301999979, -10.679934599655878 ], [ -37.154427576999979, -10.679960527655895 ], [ -37.15438331099994, -10.679896025655855 ], [ -37.154354853999962, -10.679800536655867 ], [ -37.154573655999961, -10.679730342655873 ] ] ] } },
{ "type": "Feature", "properties": { "num_setor": "SE_BARRADO_SR_003_CPRM", "munic": "BARRA DOS COQUEIROS", "grau_risco": "Alto", "distancia_km": 1.59, "chuva_24h": 0.3, "chuva_72h": 16.7, "fonte_estacao": "openmeteo", "codigo_estacao": "openmeteo", "nome_estacao": "Open-Meteo (célula de grade)" }, "geometry": { "type": "Polygon", "coordinates": [ [ [ -36.950588805999985, -10.818483315651632 ], [ -36.950474081999971, -10.818606864651592 ], [ -36.950363769999967, -10.818678934651638 ], [ -36.950279931999937, -10.818731884651635 ], [ -36.950207861999964, -10.818693643651613 ], [ -36.950144615999932, -10.818618631651644 ], [ -36.950185799999929, -10.818600981651624 ], [ -36.950235807999945, -10.818592156651622 ], [ -36.950466726999935, -10.818483315651632 ], [ -36.950546151999966, -10.8184436026516 ], [ -36.950588805999985, -10.818483315651632 ] ] ] } },
{ "type": "Feature", "properties": { "num_setor": "SE_BARRADO_SR_001_CPRM", "munic": "BARRA DOS COQUEIROS", "grau_risco": "Alto", "distancia_km": 1.4, "chuva_24h": 1.2, "chuva_72h": 21.8, "fonte_estacao": "openmeteo", "codigo_estacao": "openmeteo", "nome_estacao": "Open-Meteo (célula de grade)" }, "geometry": { "type": "Polygon", "coordinates": [ [ [ -37.034409718999939, -10.941853272647819 ], [ -37.034789191999948, -10.941835622647865 ], [ -37.034833316999936, -10.941659123647847 ], [ -37.034877440999935, -10.941662065647835 ], [ -37.034874499999944, -10.941594407647854 ], [ -37.034889207999981, -10.941467916647852 ], [ -37.034848024999974, -10.941473799647829 ], [ -37.034839199999965, -10.941423791647873 ], [ -37.034865674999935, -10.941409083647828 ], [ -37.034859790999974, -10.941217875647839 ], [ -37.034906857999943, -10.941206109647851 ], [ -37.034909798999934, -10.941111976647843 ], [ -37.034848024999974, -10.941106092647887 ], [ -37.034830374999956, -10.940982543647863 ], [ -37.034792132999939, -10.940994310647854 ], [ -37.03478330799993, -10.940888410647856 ], [ -37.034856849999983, -10.940861935647893 ], [ -37.034815666999975, -10.940632486647884 ], [ -37.035153956999977, -10.940611895647875 ], [ -37.035177489999974, -10.940897235647871 ], [ -37.035062764999971, -10.941194342647854 ], [ -37.035095123999952, -10.941491449647845 ], [ -37.035095123999952, -10.941794439647861 ], [ -37.035048056999983, -10.941956230647834 ], [ -37.034939215999941, -10.942438661647842 ], [ -37.035012756999954, -10.942694585647821 ], [ -37.034786249999968, -10.943271149647767 ], [ -37.034900974999971, -10.943885954647754 ], [ -37.034874499999944, -10.944280135647787 ], [ -37.034627400999966, -10.944694908647763 ], [ -37.034333235999952, -10.944665492647752 ], [ -37.034456784999982, -10.944306610647761 ], [ -37.034471492999955, -10.943865362647752 ], [ -37.034627400999966, -10.943847712647793 ], [ -37.034637696999937, -10.94353148564776 ], [ -37.034545034999951, -10.943468239647801 ], [ -37.034356768999949, -10.943144658647778 ], [ -37.034271460999946, -10.942921092647788 ], [ -37.034259693999964, -10.94253867764782 ], [ -37.033950820999962, -10.941553224647848 ], [ -37.034015536999959, -10.941226700647849 ], [ -37.034062603999978, -10.941185517647849 ], [ -37.034003770999952, -10.941138451647872 ], [ -37.034047894999951, -10.941064909647874 ], [ -37.033977295999925, -10.941041376647888 ], [ -37.034168502999925, -10.940823694647868 ], [ -37.034036128999951, -10.940735444647897 ], [ -37.034089077999965, -10.940614837647859 ], [ -37.03396847099998, -10.940517762647875 ], [ -37.034071428999937, -10.940453046647875 ], [ -37.034121436999946, -10.940055923647922 ], [ -37.034162619999961, -10.939858832647907 ], [ -37.034289110999964, -10.939841182647886 ], [ -37.034374418999967, -10.941173750647861 ], [ -37.034409718999939, -10.941853272647819 ] ] ] } },
{ "type": "Feature", "properties": { "num_setor": "SE_BARRADO_SR_002_CPRM", "munic": "BARRA DOS COQUEIROS", "grau_risco": "Muito alto", "distancia_km": 1.35, "chuva_24h": 1.2, "chuva_72h": 21.8, "fonte_estacao": "openmeteo", "codigo_estacao": "openmeteo", "nome_estacao": "Open-Meteo (célula de grade)" }, "geometry": { "type": "Polygon", "coordinates": [ [ [ -37.033037437999951, -10.946962922647673 ], [ -37.032665318999925, -10.947314450647676 ], [ -37.032569714999966, -10.947298271647675 ], [ -37.032555007, -10.947154130647652 ], [ -37.032962425999983, -10.946873202647673 ], [ -37.033037437999951, -10.946962922647673 ] ] ] } },
{ "type": "Feature", "properties": { "num_setor": "SE_DIVINAP_SR_001_CPRM", "munic": "DIVINA PASTORA", "grau_risco": "Alto", "distancia_km": 1.57, "chuva_24h": 1.3, "chuva_72h": 15.4, "fonte_estacao": "openmeteo", "codigo_estacao": "openmeteo", "nome_estacao": "Open-Meteo (célula de grade)" }, "geometry": { "type": "Polygon", "coordinates": [ [ [ -37.150138096999967, -10.677501847655948 ], [ -37.150190935999952, -10.677662611655935 ], [ -37.149931239999944, -10.677701959655959 ], [ -37.149924494999937, -10.677596282655944 ], [ -37.14992674299998, -10.677532201655941 ], [ -37.150138096999967, -10.677501847655948 ] ] ] } },
{ "type": "Feature", "properties": { "num_setor": "SE_DIVINAP_SR_002_CPRM", "munic": "DIVINA PASTORA", "grau_risco": "Alto", "distancia_km": 1.26, "chuva_24h": 1.3, "chuva_72h": 15.4, "fonte_estacao": "openmeteo", "codigo_estacao": "openmeteo", "nome_estacao": "Open-Meteo (célula de grade)" }, "geometry": { "type": "Polygon", "coordinates": [ [ [ -37.152354225999936, -10.679327307655862 ], [ -37.152398913999939, -10.679371995655861 ], [ -37.152264849999945, -10.679517863655864 ], [ -37.152209200999948, -10.679475705655877 ], [ -37.152354225999936, -10.679327307655862 ] ] ] } },
{ "type": "Feature", "properties": { "num_setor": "SE_LARANJE_SR_007_CPRM", "munic": "LARANJEIRAS", "grau_risco": "Alto", "distancia_km": 1.58, "chuva_24h": 1.1, "chuva_72h": 19.6, "fonte_estacao": "openmeteo", "codigo_estacao": "openmeteo", "nome_estacao": "Open-Meteo (célula de grade)" }, "geometry": { "type": "Polygon", "coordinates": [ [ [ -37.127558040999929, -10.813973176651784 ], [ -37.127358235999964, -10.814060659651741 ], [ -37.127250233999966, -10.814095219651753 ], [ -37.127151950999981, -10.814130860651762 ], [ -37.127050428999951, -10.814181622651763 ], [ -37.126968346999945, -10.814229143651762 ], [ -37.126903544999948, -10.814277744651761 ], [ -37.126799862, -10.814355506651744 ], [ -37.126758820999953, -10.814316625651729 ], [ -37.126656218999983, -10.814165421651772 ], [ -37.126573056999973, -10.814039058651787 ], [ -37.12660221699997, -10.814022858651773 ], [ -37.126661618999947, -10.813980737651743 ], [ -37.126779341999963, -10.813929975651741 ], [ -37.12689706499998, -10.813859773651789 ], [ -37.126949985999943, -10.81382089365175 ], [ -37.126983466999938, -10.813790652651765 ], [ -37.126983466999945, -10.813744211651764 ], [ -37.127043948999983, -10.813709650651765 ], [ -37.127102269999966, -10.813733410651741 ], [ -37.127161670999953, -10.813739890651766 ], [ -37.127276153999958, -10.813721530651756 ], [ -37.127320434999945, -10.813705330651748 ], [ -37.127390636999962, -10.813686969651746 ], [ -37.127467318999948, -10.813706410651754 ], [ -37.127527800999935, -10.813844653651785 ], [ -37.127548320999949, -10.813893254651731 ], [ -37.127558040999929, -10.813973176651784 ] ] ] } },
{ "type": "Feature", "properties": { "num_setor": "SE_LARANJE_SR_008_CPRM", "munic": "LARANJEIRAS", "grau_risco": "Alto", "distancia_km": 0.85, "chuva_24h": 1.1, "chuva_72h": 19.6, "fonte_estacao": "openmeteo", "codigo_estacao": "openmeteo", "nome_estacao": "Open-Meteo (célula de grade)" }, "geometry": { "type": "Polygon", "coordinates": [ [ [ -37.139549095999939, -10.77657766565293 ], [ -37.139582264999937, -10.776601934652922 ], [ -37.139590353999949, -10.776639148652892 ], [ -37.139597634999973, -10.776666654652869 ], [ -37.13958792699998, -10.776737845652894 ], [ -37.139571747999973, -10.776809036652907 ], [ -37.139529679999953, -10.776932002652895 ], [ -37.139529679999953, -10.777076002652869 ], [ -37.139537769999947, -10.777223238652894 ], [ -37.139519162999932, -10.777355912652876 ], [ -37.13945201699994, -10.777396361652858 ], [ -37.139343612999937, -10.777396361652858 ], [ -37.139112241999953, -10.777330024652894 ], [ -37.139165634999983, -10.777161755652871 ], [ -37.139191522999965, -10.777012901652901 ], [ -37.139227117999951, -10.776912586652907 ], [ -37.13925785999993, -10.776802564652909 ], [ -37.139256241999924, -10.776741081652894 ], [ -37.139250578999963, -10.77666665465288 ], [ -37.139246533999938, -10.776588991652924 ], [ -37.139324196999951, -10.776561485652891 ], [ -37.139400241999965, -10.776553395652899 ], [ -37.13948923099997, -10.776550159652896 ], [ -37.139549095999939, -10.77657766565293 ] ] ] } },
{ "type": "Feature", "properties": { "num_setor": "SE_LARANJE_SR_006_CPRM", "munic": "LARANJEIRAS", "grau_risco": "Muito alto", "distancia_km": 1.78, "chuva_24h": 1.1, "chuva_72h": 19.6, "fonte_estacao": "openmeteo", "codigo_estacao": "openmeteo", "nome_estacao": "Open-Meteo (célula de grade)" }, "geometry": { "type": "Polygon", "coordinates": [ [ [ -37.144446240999969, -10.812991105651802 ], [ -37.144520670999952, -10.812972235651783 ], [ -37.144566796999982, -10.81298481565176 ], [ -37.144604536999964, -10.813028844651797 ], [ -37.144633889999966, -10.813110613651803 ], [ -37.144633889999966, -10.813164077651768 ], [ -37.144630744999972, -10.813226452651795 ], [ -37.144632316999946, -10.813245846651789 ], [ -37.144627599999978, -10.813266813651804 ], [ -37.144619212999942, -10.813292497651776 ], [ -37.144596149999984, -10.813321849651784 ], [ -37.144555265999941, -10.813352251651782 ], [ -37.144519622999944, -10.813382652651782 ], [ -37.14437076199993, -10.813481718651801 ], [ -37.144223996999983, -10.813523651651776 ], [ -37.143938854999931, -10.813614854651787 ], [ -37.143846602999922, -10.813644207651782 ], [ -37.14377741299996, -10.813644207651782 ], [ -37.143727093999985, -10.813516313651789 ], [ -37.143724997999975, -10.813411481651759 ], [ -37.143724997999975, -10.813279393651776 ], [ -37.143882244999929, -10.813176657651805 ], [ -37.144133841999974, -10.813109565651809 ], [ -37.144339311999943, -10.813034086651781 ], [ -37.144437853999932, -10.81298796065181 ], [ -37.144446240999969, -10.812991105651802 ] ] ] } },
{ "type": "Feature", "properties": { "num_setor": "SE_LARANJE_SR_005_CPRM", "munic": "LARANJEIRAS", "grau_risco": "Alto", "distancia_km": 1.26, "chuva_24h": 1.1, "chuva_72h": 19.6, "fonte_estacao": "openmeteo", "codigo_estacao": "openmeteo", "nome_estacao": "Open-Meteo (célula de grade)" }, "geometry": { "type": "Polygon", "coordinates": [ [ [ -37.153279372999975, -10.806485764651967 ], [ -37.153380010999967, -10.806496247652005 ], [ -37.153421943999952, -10.806542374651972 ], [ -37.153419846999945, -10.806596886651983 ], [ -37.153400977999979, -10.80663672265197 ], [ -37.153304531999936, -10.806655592651987 ], [ -37.153122124999982, -10.806674462652008 ], [ -37.152931330999934, -10.806680752651991 ], [ -37.152788759999972, -10.806680752651991 ], [ -37.152660864999973, -10.806680752651999 ], [ -37.152549742999952, -10.806680752651999 ], [ -37.152465876999941, -10.806684945651988 ], [ -37.152344271999937, -10.806708008652002 ], [ -37.152262503999964, -10.80672268465198 ], [ -37.15219541099998, -10.806752037651988 ], [ -37.152140898999967, -10.806598983651982 ], [ -37.152252019999935, -10.806538180651982 ], [ -37.15246797399994, -10.806510924651977 ], [ -37.152683927999931, -10.806508827651983 ], [ -37.152912460999971, -10.806496247652005 ], [ -37.153155670999979, -10.806496247652005 ], [ -37.153273082999931, -10.806496247652005 ], [ -37.153279372999975, -10.806485764651967 ] ] ] } },
{ "type": "Feature", "properties": { "num_setor": "SE_LARANJE_SR_009_CPRM", "munic": "LARANJEIRAS", "grau_risco": "Muito alto", "distancia_km": 1.2, "chuva_24h": 1.1, "chuva_72h": 19.6, "fonte_estacao": "openmeteo", "codigo_estacao": "openmeteo", "nome_estacao": "Open-Meteo (célula de grade)" }, "geometry": { "type": "Polygon", "coordinates": [ [ [ -37.141744291999942, -10.779452482652806 ], [ -37.141669854999975, -10.779457528652811 ], [ -37.141604249999951, -10.779465098652791 ], [ -37.141576494999981, -10.779444912652822 ], [ -37.141573994999924, -10.779397800652818 ], [ -37.14160311899996, -10.779342789652794 ], [ -37.141604736999966, -10.779278069652841 ], [ -37.141569140999934, -10.779234384652799 ], [ -37.14154648899995, -10.779202025652824 ], [ -37.14144941099994, -10.779114654652808 ], [ -37.14132320899995, -10.779079058652844 ], [ -37.141245545999936, -10.779020811652819 ], [ -37.141171118999978, -10.778978744652834 ], [ -37.141154938999939, -10.778878429652844 ], [ -37.141116106999959, -10.778829890652807 ], [ -37.14109992799996, -10.778742519652862 ], [ -37.141106398999966, -10.778674564652837 ], [ -37.14114846699993, -10.778593665652838 ], [ -37.14116788299998, -10.778567777652855 ], [ -37.14155619699995, -10.778700451652837 ], [ -37.141601500999975, -10.778729575652816 ], [ -37.141643567999949, -10.778716631652822 ], [ -37.141714758999967, -10.778658384652857 ], [ -37.141763297999944, -10.778688317652863 ], [ -37.141840960999957, -10.778762744652822 ], [ -37.14188950099998, -10.77883069965284 ], [ -37.141989814999931, -10.778874384652818 ], [ -37.142036736999955, -10.778911598652845 ], [ -37.14205938799995, -10.77893910365284 ], [ -37.142107927999973, -10.779052362652827 ], [ -37.142143522999959, -10.779146204652829 ], [ -37.142185590999929, -10.779217395652847 ], [ -37.142192061999936, -10.779272407652813 ], [ -37.142208241999981, -10.779327418652837 ], [ -37.142182354999932, -10.779363013652819 ], [ -37.141946129999944, -10.77941478965284 ], [ -37.141830082999945, -10.779442389652795 ], [ -37.141744291999942, -10.779452482652806 ] ] ] } },
{ "type": "Feature", "properties": { "num_setor": "SE_LARANJE_SR_003_CPRM", "munic": "LARANJEIRAS", "grau_risco": "Alto", "distancia_km": 1.01, "chuva_24h": 1.1, "chuva_72h": 19.6, "fonte_estacao": "openmeteo", "codigo_estacao": "openmeteo", "nome_estacao": "Open-Meteo (célula de grade)" }, "geometry": { "type": "Polygon", "coordinates": [ [ [ -37.167799241999944, -10.802447700652106 ], [ -37.167824413999938, -10.802446651652119 ], [ -37.167948176999964, -10.802457140652091 ], [ -37.168088312999942, -10.802469263652121 ], [ -37.168278975999954, -10.802486953652114 ], [ -37.168460204, -10.802507002652106 ], [ -37.168495191999966, -10.802509754652114 ], [ -37.168564380999953, -10.802543169652136 ], [ -37.168695682999953, -10.802593882652081 ], [ -37.168906394999965, -10.8026898036521 ], [ -37.169037696999965, -10.802758206652102 ], [ -37.169133357999954, -10.802843111652091 ], [ -37.169284389999973, -10.803019315652106 ], [ -37.169380882999974, -10.803145175652062 ], [ -37.169431226999961, -10.803241667652077 ], [ -37.169498351999948, -10.803325574652099 ], [ -37.169703923999975, -10.803493387652061 ], [ -37.169829783999944, -10.803535341652097 ], [ -37.170228339999937, -10.803531145652075 ], [ -37.17055557599997, -10.803489192652089 ], [ -37.17089120299994, -10.803453532652105 ], [ -37.170983499999977, -10.803443043652075 ], [ -37.17112404399996, -10.803423115652103 ], [ -37.171223682999937, -10.803405285652055 ], [ -37.171323322999967, -10.803383260652096 ], [ -37.171405131999961, -10.803355990652067 ], [ -37.17144288999998, -10.803329769652077 ], [ -37.171480647999942, -10.803298304652074 ], [ -37.171503721999954, -10.803282572652067 ], [ -37.171529284999963, -10.803275091652107 ], [ -37.171545037999977, -10.803292634652067 ], [ -37.171553339999946, -10.803307185652059 ], [ -37.171557925999934, -10.803320916652076 ], [ -37.171562277999946, -10.80333806265209 ], [ -37.171564299999943, -10.803355272652096 ], [ -37.171570200999952, -10.803388215652106 ], [ -37.171569818999956, -10.803408555652085 ], [ -37.171568015999981, -10.80342162865208 ], [ -37.171525458999952, -10.803442809652099 ], [ -37.171503703999974, -10.803457570652094 ], [ -37.171482802999947, -10.803486637652101 ], [ -37.171464821999962, -10.803514970652095 ], [ -37.171451199999979, -10.80354766365207 ], [ -37.171440968999946, -10.803559116652091 ], [ -37.171425503999956, -10.803586115652086 ], [ -37.17141764199993, -10.803627786652047 ], [ -37.17140977899993, -10.803660808652065 ], [ -37.171412056999941, -10.803713965652095 ], [ -37.171419293999982, -10.803781198652073 ], [ -37.171415619999948, -10.803840551652057 ], [ -37.171432400999947, -10.803995778652039 ], [ -37.171432400999954, -10.804100662652036 ], [ -37.171436596999968, -10.804184568652071 ], [ -37.171493233999968, -10.804345040652079 ], [ -37.171493233999968, -10.804403775652053 ], [ -37.171484842999973, -10.804689057652039 ], [ -37.17155196799996, -10.804974340652009 ], [ -37.171577139999954, -10.805209279652006 ], [ -37.171736562999968, -10.805452608651988 ], [ -37.171954719999974, -10.805469389651993 ], [ -37.172273565999944, -10.805528124652028 ], [ -37.172609191999989, -10.805578468652012 ], [ -37.172944818999959, -10.805528124652028 ], [ -37.173087459999977, -10.805511343652027 ], [ -37.173267859999953, -10.805444217652001 ], [ -37.17342840799995, -10.805395933652001 ], [ -37.173534717999985, -10.805342778652012 ], [ -37.173703847999946, -10.805246132652041 ], [ -37.173935796999956, -10.805270294652027 ], [ -37.174114590999984, -10.805410430651991 ], [ -37.174213652999981, -10.805427343652012 ], [ -37.17426680799997, -10.805379020652035 ], [ -37.174336875999984, -10.805219555652016 ], [ -37.174697554999966, -10.805046875652028 ], [ -37.17478627699996, -10.805077003652016 ], [ -37.174897419999979, -10.805086667652025 ], [ -37.175095542999941, -10.805009351652032 ], [ -37.175385479999932, -10.804869215652012 ], [ -37.175602931999947, -10.804748408652044 ], [ -37.175825216999954, -10.804574446652024 ], [ -37.176061997999966, -10.804453639652058 ], [ -37.176395424999953, -10.804429478652059 ], [ -37.176675696999958, -10.804434310652058 ], [ -37.176796503999981, -10.804530956652036 ], [ -37.176936639999951, -10.804700085652057 ], [ -37.177129930999968, -10.804811228652028 ], [ -37.177313556999934, -10.804883712652067 ], [ -37.17744116799998, -10.804998463652014 ], [ -37.177419866999969, -10.805161568652029 ], [ -37.177273354999954, -10.80530052765204 ], [ -37.177122322999935, -10.80530052765204 ], [ -37.176845430999947, -10.805157886652022 ], [ -37.176602100999958, -10.805015245652001 ], [ -37.176094465999938, -10.805132714652032 ], [ -37.175809182999956, -10.805149495652028 ], [ -37.175624587999948, -10.80515369165205 ], [ -37.17548194699998, -10.805178863652046 ], [ -37.175196663999934, -10.805258574652003 ], [ -37.175058217999954, -10.805329895651997 ], [ -37.174840060999941, -10.805409606652013 ], [ -37.174508629999934, -10.80551868565203 ], [ -37.174122658999977, -10.805648740652032 ], [ -37.173950649999931, -10.80577460065199 ], [ -37.173803813999939, -10.805770405652021 ], [ -37.173619218999924, -10.805791381651993 ], [ -37.173304568999981, -10.805837530652003 ], [ -37.172796932999979, -10.805887874651992 ], [ -37.172536822999973, -10.805942413652 ], [ -37.172461306999935, -10.805942413652009 ], [ -37.172335446999966, -10.805913046651979 ], [ -37.172197000999972, -10.805904655651986 ], [ -37.172037577999959, -10.805837530652003 ], [ -37.171706146999952, -10.805673912652024 ], [ -37.171353739, -10.805359262652024 ], [ -37.171139776999951, -10.805208230652006 ], [ -37.170974810999951, -10.805109810652047 ], [ -37.170920076999948, -10.805081986652013 ], [ -37.170858718999966, -10.80504298865203 ], [ -37.170780061999949, -10.804988657652034 ], [ -37.17070956699996, -10.804945380652065 ], [ -37.170623226999965, -10.804888710652016 ], [ -37.170441406999942, -10.804838355652031 ], [ -37.170388963999983, -10.804835651652036 ], [ -37.170303100999945, -10.804836098652029 ], [ -37.170082552999922, -10.804870506652058 ], [ -37.170028012999978, -10.804904068652053 ], [ -37.169965082999973, -10.804906166652039 ], [ -37.169918934999941, -10.804893580652008 ], [ -37.169883273999972, -10.804855822652053 ], [ -37.169824539999979, -10.804834845652032 ], [ -37.169763706999959, -10.804792892652037 ], [ -37.169663019, -10.804746743652025 ], [ -37.169583307999972, -10.804744646652042 ], [ -37.169537158999958, -10.804734157652057 ], [ -37.16949730299995, -10.804698497652021 ], [ -37.169451154999933, -10.804616688652031 ], [ -37.169409200999944, -10.804564246652072 ], [ -37.16940408399995, -10.804481641652023 ], [ -37.169413518999932, -10.804415597652037 ], [ -37.169418235999956, -10.804313386652078 ], [ -37.169416663999982, -10.804215893652085 ], [ -37.169408800999975, -10.804093239652035 ], [ -37.169374941999934, -10.803890623652078 ], [ -37.169369455999963, -10.803843494652083 ], [ -37.16935891299994, -10.803783113652054 ], [ -37.169333579999943, -10.803759644652073 ], [ -37.169312708999939, -10.803726228652069 ], [ -37.16924243699998, -10.80371783865206 ], [ -37.169185799999987, -10.803695812652045 ], [ -37.169138601999975, -10.803672738652102 ], [ -37.169111332999933, -10.803640224652108 ], [ -37.16910189299994, -10.80361819865209 ], [ -37.169093502999949, -10.803557366652065 ], [ -37.169068330999941, -10.803462971652108 ], [ -37.169062037999936, -10.803368576652083 ], [ -37.169036865999942, -10.803288865652078 ], [ -37.168936177999967, -10.803215446652084 ], [ -37.168671871999948, -10.803102172652094 ], [ -37.168520839999985, -10.803060219652103 ], [ -37.168361416999971, -10.803022461652082 ], [ -37.168287998999972, -10.803016168652073 ], [ -37.168172626999926, -10.802986801652102 ], [ -37.168004813999971, -10.80294904365209 ], [ -37.167914613999983, -10.802944847652121 ], [ -37.167824413999931, -10.802938554652114 ], [ -37.16779504699997, -10.802915480652105 ], [ -37.167769874999976, -10.802909187652084 ], [ -37.167685967999944, -10.802894503652087 ], [ -37.167685967999944, -10.802863038652069 ], [ -37.167685967999944, -10.802779132652088 ], [ -37.167685967999944, -10.802697323652101 ], [ -37.167696455999931, -10.802563072652079 ], [ -37.167698553999969, -10.802493849652112 ], [ -37.167753092999938, -10.802456091652102 ], [ -37.167799241999944, -10.802447700652106 ] ] ] } },
{ "type": "Feature", "properties": { "num_setor": "SE_LARANJE_SR_004_CPRM", "munic": "LARANJEIRAS", "grau_risco": "Alto", "distancia_km": 0.52, "chuva_24h": 1.1, "chuva_72h": 19.6, "fonte_estacao": "openmeteo", "codigo_estacao": "openmeteo", "nome_estacao": "Open-Meteo (célula de grade)" }, "geometry": { "type": "Polygon", "coordinates": [ [ [ -37.15979454099994, -10.808065580651922 ], [ -37.159712771999978, -10.808164122651906 ], [ -37.159618423999973, -10.808277341651923 ], [ -37.159519881999984, -10.808401042651925 ], [ -37.15940875999997, -10.808507971651943 ], [ -37.159382551999947, -10.808505874651953 ], [ -37.159361585999925, -10.808479666651937 ], [ -37.159342715999969, -10.80838951165194 ], [ -37.159313362999967, -10.808275244651922 ], [ -37.159301831999983, -10.808208152651929 ], [ -37.159276671999976, -10.808142108651944 ], [ -37.159273526999982, -10.808079208651952 ], [ -37.15926933399993, -10.808025744651939 ], [ -37.159275623999982, -10.807986956651954 ], [ -37.159347957999955, -10.807970183651925 ], [ -37.159426580999934, -10.807970183651925 ], [ -37.159504156999958, -10.807970183651925 ], [ -37.159589070999971, -10.807973328651919 ], [ -37.159621568999967, -10.807970183651934 ], [ -37.159700192999935, -10.807880028651921 ], [ -37.159720110999956, -10.807769954651967 ], [ -37.159747366999966, -10.807698669651975 ], [ -37.159769381999979, -10.80764520565196 ], [ -37.159820748999948, -10.807556098651951 ], [ -37.159850625999979, -10.80745493565195 ], [ -37.159886268999969, -10.807313412651986 ], [ -37.159906710999955, -10.807131529651949 ], [ -37.159917193999945, -10.80706024365197 ], [ -37.159944450999944, -10.806982667651953 ], [ -37.159975899999949, -10.80691138265197 ], [ -37.160007349999944, -10.806810743651987 ], [ -37.160076538999924, -10.806705911651951 ], [ -37.160093311999958, -10.806655592651987 ], [ -37.160110084999921, -10.806624142651998 ], [ -37.160127081999974, -10.806512042651979 ], [ -37.16016603099996, -10.806376648651993 ], [ -37.160201269999959, -10.806256091651997 ], [ -37.16024763799993, -10.806152227652019 ], [ -37.160338518999936, -10.806055782652015 ], [ -37.160442401999937, -10.80596055765203 ], [ -37.160595456999943, -10.805822179652008 ], [ -37.160916241999985, -10.805614612651988 ], [ -37.161132195999983, -10.805472040652038 ], [ -37.161197190999921, -10.80538503065203 ], [ -37.161364921999962, -10.805198429652032 ], [ -37.161440400999929, -10.805085211652017 ], [ -37.161570392999984, -10.805005539652047 ], [ -37.161704577999956, -10.804925866652034 ], [ -37.161788442999978, -10.804896513652031 ], [ -37.16181779599998, -10.804833614652029 ], [ -37.161796829999957, -10.804741362652038 ], [ -37.161771669999958, -10.804670077652041 ], [ -37.161746509999944, -10.804607178652047 ], [ -37.161717156999941, -10.804556858652035 ], [ -37.161708770999944, -10.804514925652059 ], [ -37.161767476999962, -10.804464606652044 ], [ -37.161901660999945, -10.804477186652068 ], [ -37.161998106999931, -10.804464606652044 ], [ -37.162081185999973, -10.804620806652029 ], [ -37.162178679999954, -10.804605081652058 ], [ -37.162340120999943, -10.804570486652068 ], [ -37.162457269999948, -10.804554762652032 ], [ -37.16264229799998, -10.804511781652053 ], [ -37.16267794099997, -10.804453075652058 ], [ -37.162758661999931, -10.804446785652068 ], [ -37.162882887999956, -10.804479283652061 ], [ -37.162958366999931, -10.804508636652066 ], [ -37.16304852199994, -10.804586211652037 ], [ -37.163096744999962, -10.804626047652018 ], [ -37.16311142099994, -10.804676367652039 ], [ -37.163178512999934, -10.80491014265205 ], [ -37.163208915, -10.804988765652025 ], [ -37.163305359999974, -10.805018118652036 ], [ -37.163381886999957, -10.805030698652002 ], [ -37.163460511, -10.80505061665203 ], [ -37.163484621999949, -10.805131337652043 ], [ -37.163481476999948, -10.805182704652013 ], [ -37.163543327999953, -10.805412286652034 ], [ -37.16361042099993, -10.80559679065203 ], [ -37.163698478999947, -10.805848387652011 ], [ -37.163715252999964, -10.805915479652004 ], [ -37.163438495999969, -10.806255134651996 ], [ -37.163228832999948, -10.806414479651982 ], [ -37.163115613999935, -10.806548663651963 ], [ -37.162924819999944, -10.806672365651956 ], [ -37.162727735999965, -10.806752037651988 ], [ -37.162455173999945, -10.806819130651961 ], [ -37.162218253999981, -10.806888319651947 ], [ -37.161712963999939, -10.806957508651987 ], [ -37.161360728999973, -10.806928155651987 ], [ -37.161046233999969, -10.806898802651988 ], [ -37.160714964999954, -10.806852676651955 ], [ -37.160459174999971, -10.806873642651979 ], [ -37.160333376999972, -10.806965894651976 ], [ -37.160199191999936, -10.807091692651975 ], [ -37.160115326999978, -10.807297163651986 ], [ -37.160065006999957, -10.807490053651975 ], [ -37.160018880999985, -10.80762423865194 ], [ -37.159989527999983, -10.807716490651941 ], [ -37.159955981999929, -10.807787776651917 ], [ -37.15979454099994, -10.808065580651922 ] ] ] } },
{ "type": "Feature", "properties": { "num_setor": "SE_LARANJE_SR_001_CPRM", "munic": "LARANJEIRAS", "grau_risco": "Alto", "distancia_km": 0.93, "chuva_24h": 1.1, "chuva_72h": 19.6, "fonte_estacao": "openmeteo", "codigo_estacao": "openmeteo", "nome_estacao": "Open-Meteo (célula de grade)" }, "geometry": { "type": "Polygon", "coordinates": [ [ [ -37.158296508999968, -10.807883254651967 ], [ -37.158298817999935, -10.807904038651929 ], [ -37.15747898099994, -10.807924823651929 ], [ -37.156587551999962, -10.807924823651929 ], [ -37.156587551999962, -10.80789711065192 ], [ -37.156626811999956, -10.807682336651963 ], [ -37.156832348999956, -10.807578413651969 ], [ -37.157037884999966, -10.807516059651954 ], [ -37.157204161999971, -10.807483727651965 ], [ -37.157361891999983, -10.807471061651936 ], [ -37.157534405999968, -10.807474490651943 ], [ -37.157735323999923, -10.807458324651979 ], [ -37.157901600999935, -10.807451396651969 ], [ -37.158035545999951, -10.807488346651949 ], [ -37.158123303999957, -10.807509131651951 ], [ -37.158215679999962, -10.807553009651931 ], [ -37.15828957999998, -10.807615363651959 ], [ -37.158296508999968, -10.807883254651967 ] ] ] } },
{ "type": "Feature", "properties": { "num_setor": "SE_LARANJE_SR_002_CPRM", "munic": "LARANJEIRAS", "grau_risco": "Alto", "distancia_km": 1.53, "chuva_24h": 1.1, "chuva_72h": 19.6, "fonte_estacao": "openmeteo", "codigo_estacao": "openmeteo", "nome_estacao": "Open-Meteo (célula de grade)" }, "geometry": { "type": "Polygon", "coordinates": [ [ [ -37.158152128, -10.788552872652538 ], [ -37.158199311999965, -10.788518556652564 ], [ -37.158259363999946, -10.788509977652565 ], [ -37.158363738999988, -10.788591476652536 ], [ -37.158446289999972, -10.788686917652516 ], [ -37.158493735999969, -10.788730713652518 ], [ -37.158519282999976, -10.788769034652548 ], [ -37.158551677999981, -10.788817061652534 ], [ -37.158568553999942, -10.788852976652551 ], [ -37.158612349999942, -10.78891137165254 ], [ -37.158657970999961, -10.788978890652514 ], [ -37.158696291999952, -10.789037284652521 ], [ -37.158740087999945, -10.789075606652542 ], [ -37.158782058999968, -10.789108453652538 ], [ -37.158807606999972, -10.78916502265252 ], [ -37.158875125999941, -10.789259914652504 ], [ -37.158918921999941, -10.789321958652508 ], [ -37.158960892999971, -10.789367579652531 ], [ -37.159004688999971, -10.789498967652531 ], [ -37.158968191999975, -10.789562836652502 ], [ -37.158876949999971, -10.789601157652477 ], [ -37.15881912499998, -10.789613029652493 ], [ -37.158766688999947, -10.789592149652528 ], [ -37.158692220999967, -10.789564879652497 ], [ -37.158633486999982, -10.789543903652527 ], [ -37.158592276999968, -10.789526339652506 ], [ -37.158523632999952, -10.789467326652508 ], [ -37.158417418999932, -10.789293026652482 ], [ -37.158303952999972, -10.789123051652544 ], [ -37.158249354999953, -10.789044724652513 ], [ -37.15819645199997, -10.788967515652525 ], [ -37.158137893999935, -10.788825604652516 ], [ -37.158092076999928, -10.78864151965252 ], [ -37.15811352399993, -10.788588617652533 ], [ -37.158152128, -10.788552872652538 ] ] ] } },
{ "type": "Feature", "properties": { "num_setor": "SE_ARACAJU_SR_008_CPRM", "munic": "ARACAJU", "grau_risco": "Alto", "distancia_km": 1.05, "chuva_24h": 1.2, "chuva_72h": 21.8, "fonte_estacao": "openmeteo", "codigo_estacao": "openmeteo", "nome_estacao": "Open-Meteo (célula de grade)" }, "geometry": { "type": "Polygon", "coordinates": [ [ [ -37.084208558999933, -10.917387903648583 ], [ -37.084220732999938, -10.917584151648592 ], [ -37.084173122999971, -10.917586804648554 ], [ -37.084200418999956, -10.917709700648604 ], [ -37.08415232599998, -10.917712197648569 ], [ -37.084160899, -10.917802029648584 ], [ -37.084072855999977, -10.917802053648561 ], [ -37.084084423999968, -10.917957233648586 ], [ -37.084001284999943, -10.917966009648547 ], [ -37.084022650999941, -10.918133042648574 ], [ -37.084037522999949, -10.918377167648556 ], [ -37.084000152999977, -10.918389307648582 ], [ -37.08403, -10.918637444648542 ], [ -37.083820084999957, -10.918666900648535 ], [ -37.083624093999958, -10.918491573648575 ], [ -37.083302222999976, -10.918457175648548 ], [ -37.083355253999969, -10.917901795648588 ], [ -37.084208558999933, -10.917387903648583 ] ] ] } },
{ "type": "Feature", "properties": { "num_setor": "SE_ARACAJU_SR_009_CPRM", "munic": "ARACAJU", "grau_risco": "Alto", "distancia_km": 0.91, "chuva_24h": 1.2, "chuva_72h": 21.8, "fonte_estacao": "openmeteo", "codigo_estacao": "openmeteo", "nome_estacao": "Open-Meteo (célula de grade)" }, "geometry": { "type": "Polygon", "coordinates": [ [ [ -37.08263733699993, -10.918902816648536 ], [ -37.082764868999952, -10.918950093648554 ], [ -37.082880240999941, -10.918992792648561 ], [ -37.083028605999971, -10.919087228648539 ], [ -37.083204508999984, -10.91928708064852 ], [ -37.083091819999936, -10.919351009648533 ], [ -37.082975844999964, -10.919378303648539 ], [ -37.082731573999979, -10.919399222648545 ], [ -37.082424832999948, -10.919412731648526 ], [ -37.082355535999966, -10.919159034648526 ], [ -37.08236022799997, -10.919059509648537 ], [ -37.08230183499996, -10.919024473648552 ], [ -37.082301289999975, -10.918901288648549 ], [ -37.08263733699993, -10.918902816648536 ] ] ] } },
{ "type": "Feature", "properties": { "num_setor": "SE_ILHADAS_SR_003_CPRM", "munic": "ILHA DAS FLORES", "grau_risco": "Alto", "distancia_km": 1.68, "chuva_24h": 1.4, "chuva_72h": 7.3, "fonte_estacao": "openmeteo", "codigo_estacao": "openmeteo", "nome_estacao": "Open-Meteo (célula de grade)" }, "geometry": { "type": "Polygon", "coordinates": [ [ [ -36.538724997999957, -10.43278431866346 ], [ -36.538775520999934, -10.432726023663493 ], [ -36.538847418999971, -10.432671613663475 ], [ -36.538929032999931, -10.432628863663501 ], [ -36.539006760999939, -10.4326201186635 ], [ -36.539055340999937, -10.432621090663451 ], [ -36.539096147999942, -10.4326201186635 ], [ -36.539258404999948, -10.432604573663504 ], [ -36.539266177999934, -10.432631778663479 ], [ -36.539266177999934, -10.43264926666345 ], [ -36.539316700999962, -10.432762943663453 ], [ -36.539363336999941, -10.432790148663482 ], [ -36.539434263999965, -10.432758085663494 ], [ -36.53947409899996, -10.432743511663462 ], [ -36.539516849999977, -10.432734767663447 ], [ -36.539561542999927, -10.432725051663489 ], [ -36.53958486199997, -10.432898967663476 ], [ -36.539602349999946, -10.43306802566345 ], [ -36.539515877999975, -10.433055394663446 ], [ -36.539346819999928, -10.433011672663463 ], [ -36.539016476999969, -10.432936859663435 ], [ -36.538893083999938, -10.432891194663485 ], [ -36.538871708999984, -10.43285621766344 ], [ -36.538842560999967, -10.43283192766345 ], [ -36.538724997999957, -10.43278431866346 ] ] ] } },
{ "type": "Feature", "properties": { "num_setor": "SE_ARACAJU_SR_007_CPRM", "munic": "ARACAJU", "grau_risco": "Alto", "distancia_km": 1.21, "chuva_24h": 1.2, "chuva_72h": 21.8, "fonte_estacao": "openmeteo", "codigo_estacao": "openmeteo", "nome_estacao": "Open-Meteo (célula de grade)" }, "geometry": { "type": "Polygon", "coordinates": [ [ [ -37.067516002999987, -10.956059516647418 ], [ -37.067686368999951, -10.955892007647433 ], [ -37.067768212999958, -10.955863168647404 ], [ -37.068354562999957, -10.956008714647391 ], [ -37.068764875999925, -10.956096893647382 ], [ -37.069714359999978, -10.956203250647427 ], [ -37.069884726999931, -10.956387993647397 ], [ -37.070059387999947, -10.956627757647405 ], [ -37.070226294999941, -10.956826268647404 ], [ -37.070415264999951, -10.956956309647378 ], [ -37.070665040999984, -10.957104683647371 ], [ -37.070879451999929, -10.957235076647368 ], [ -37.071201855999959, -10.95746440464735 ], [ -37.071945247999963, -10.957983006647336 ], [ -37.071958709999933, -10.95810810664732 ], [ -37.072172618999957, -10.958273468647338 ], [ -37.072183845999973, -10.958553427647338 ], [ -37.072313704999942, -10.958547739647347 ], [ -37.072422659999972, -10.959108860647309 ], [ -37.072476972999944, -10.959224535647321 ], [ -37.07268056099997, -10.959399746647316 ], [ -37.072859914999981, -10.959538139647297 ], [ -37.073180500999968, -10.959717475647324 ], [ -37.073558952, -10.959942584647296 ], [ -37.073895124999979, -10.960099651647267 ], [ -37.074132868999975, -10.960200388647289 ], [ -37.074559038999951, -10.960116377647282 ], [ -37.074840155999937, -10.9600328476473 ], [ -37.075228633999984, -10.959915834647276 ], [ -37.075597606999956, -10.959851011647284 ], [ -37.075841088999937, -10.959906858647278 ], [ -37.076502795999943, -10.959723690647301 ], [ -37.076891848999928, -10.959566710647323 ], [ -37.076988375999974, -10.959647996647277 ], [ -37.077034217999937, -10.959998387647309 ], [ -37.077272083999958, -10.959914253647288 ], [ -37.07749647299994, -10.959882395647295 ], [ -37.077839942999958, -10.959793299647282 ], [ -37.077938157999938, -10.959781107647299 ], [ -37.078241738999964, -10.95972786564732 ], [ -37.078454510999968, -10.959795775647303 ], [ -37.078599527999977, -10.959797789647318 ], [ -37.078703201999929, -10.959666822647305 ], [ -37.078810812999969, -10.95961585464733 ], [ -37.078923763999967, -10.959547471647287 ], [ -37.079012845999955, -10.959546210647325 ], [ -37.079139062999957, -10.959532974647294 ], [ -37.079355746999966, -10.959506005647324 ], [ -37.07948069899993, -10.959487754647292 ], [ -37.079508493999981, -10.959538883647273 ], [ -37.079566566999965, -10.959747045647301 ], [ -37.079515430999948, -10.959763822647286 ], [ -37.079458282999944, -10.95966809564732 ], [ -37.079422124999951, -10.959705067647294 ], [ -37.079428964999977, -10.959760123647298 ], [ -37.079339630999982, -10.959778869647318 ], [ -37.079281114999958, -10.959778056647281 ], [ -37.079151326999977, -10.959778752647308 ], [ -37.079022786999921, -10.959869402647307 ], [ -37.078762311999981, -10.959933236647306 ], [ -37.078701, -10.95994987364729 ], [ -37.07871464599998, -10.96006248364726 ], [ -37.078601982999942, -10.960110883647284 ], [ -37.078500036999962, -10.96012195864726 ], [ -37.078380353999933, -10.960127790647267 ], [ -37.078235445999951, -10.960118282647256 ], [ -37.078115870999966, -10.960116621647259 ], [ -37.077985903999945, -10.960129805647266 ], [ -37.077881017999964, -10.960168320647293 ], [ -37.077765738999972, -10.960221680647276 ], [ -37.077702291999969, -10.960033431647259 ], [ -37.077633131999967, -10.960064947647302 ], [ -37.077607545999967, -10.960074585647295 ], [ -37.07760929799997, -10.960129570647309 ], [ -37.077522508999955, -10.960148350647259 ], [ -37.077483950999984, -10.960175295647263 ], [ -37.077277117999984, -10.960224885647262 ], [ -37.077042549999923, -10.960256602647275 ], [ -37.076583392999972, -10.96039012264729 ], [ -37.076233619999982, -10.960470202647256 ], [ -37.076023918999965, -10.960542235647301 ], [ -37.075955059999956, -10.960376394647293 ], [ -37.075778672999945, -10.960403721647284 ], [ -37.075729684999942, -10.960448008647269 ], [ -37.075708755999983, -10.960487689647298 ], [ -37.075596200999939, -10.960528595647276 ], [ -37.075481641999943, -10.960531999647253 ], [ -37.075349021999955, -10.960552640647247 ], [ -37.075228798999945, -10.960595937647234 ], [ -37.07505393699995, -10.960546040647246 ], [ -37.075020358999957, -10.960580548647247 ], [ -37.074991508999972, -10.960640105647286 ], [ -37.074858037999945, -10.960543316647289 ], [ -37.07476158399993, -10.960626802647278 ], [ -37.074702454999965, -10.960668450647258 ], [ -37.07464132399997, -10.960672597647289 ], [ -37.074658015999944, -10.960750275647248 ], [ -37.074607168999925, -10.960747069647276 ], [ -37.074543167999934, -10.960773660647272 ], [ -37.074542447999931, -10.960823615647284 ], [ -37.074504176999937, -10.960830578647256 ], [ -37.074414987999944, -10.960839331647286 ], [ -37.074292291999939, -10.960877597647272 ], [ -37.074239008999939, -10.960866863647272 ], [ -37.074144802999967, -10.960870549647289 ], [ -37.07404704399994, -10.960944137647248 ], [ -37.07398963199995, -10.961043268647256 ], [ -37.073919209999929, -10.961162205647224 ], [ -37.073859180999932, -10.961266296647242 ], [ -37.073857956, -10.961351220647261 ], [ -37.073890272999961, -10.961404132647266 ], [ -37.073915178999989, -10.961444584647271 ], [ -37.074006408999935, -10.961470835647228 ], [ -37.074114798999972, -10.96154229364725 ], [ -37.074190546999951, -10.961583318647216 ], [ -37.074281631999945, -10.961619560647247 ], [ -37.074365264999983, -10.961643207647224 ], [ -37.074440976999938, -10.961686730647211 ], [ -37.074516653999979, -10.96173275064722 ], [ -37.074607450999963, -10.961788974647215 ], [ -37.074733829999957, -10.961848190647219 ], [ -37.074791660999942, -10.961896461647244 ], [ -37.074844007999957, -10.961972136647249 ], [ -37.074878940999959, -10.962020088647236 ], [ -37.074986394999939, -10.962156487647212 ], [ -37.075088183999974, -10.962332779647204 ], [ -37.075152027999934, -10.962493554647235 ], [ -37.075236568999969, -10.962694451647192 ], [ -37.07512372399998, -10.962755338647202 ], [ -37.075196136999978, -10.962851278647195 ], [ -37.075129302999983, -10.962897816647187 ], [ -37.075164417999929, -10.962933280647189 ], [ -37.075104927999966, -10.962999905647177 ], [ -37.075142298999936, -10.963055386647181 ], [ -37.075067616999945, -10.963116804647209 ], [ -37.074956810999936, -10.963212696647197 ], [ -37.07486374399997, -10.963313830647172 ], [ -37.07476268299996, -10.963439835647188 ], [ -37.074627935999956, -10.963607842647198 ], [ -37.074572190999966, -10.963670001647177 ], [ -37.074450847999969, -10.963790729647187 ], [ -37.074243852999984, -10.964027683647178 ], [ -37.074012101999983, -10.964216825647124 ], [ -37.073901116999942, -10.964325204647164 ], [ -37.073816055999941, -10.964224092647127 ], [ -37.07372789599998, -10.964337785647132 ], [ -37.073784934999935, -10.964441006647146 ], [ -37.073826960999952, -10.96452653164717 ], [ -37.073902586999964, -10.964752424647159 ], [ -37.073871372999974, -10.964799457647146 ], [ -37.073999130999937, -10.965116013647105 ], [ -37.07399550699995, -10.965167772647131 ], [ -37.074072863999959, -10.965273774647127 ], [ -37.074178219999972, -10.965202790647139 ], [ -37.07430297999997, -10.965374405647131 ], [ -37.074368299999946, -10.965432773647134 ], [ -37.074440855999967, -10.965518721647118 ], [ -37.074493383999936, -10.965581908647147 ], [ -37.074558523999933, -10.965652764647119 ], [ -37.074655887999931, -10.96560665164712 ], [ -37.074700493999956, -10.965689713647112 ], [ -37.074758073999931, -10.965755468647089 ], [ -37.074805224999977, -10.9658385656471 ], [ -37.074862551999956, -10.965921804647088 ], [ -37.074932888999967, -10.965985238647113 ], [ -37.075001005999979, -10.966026157647127 ], [ -37.075117138999929, -10.966090227647074 ], [ -37.075251153999943, -10.96614955064708 ], [ -37.075764369999945, -10.966349048647107 ], [ -37.075717277999956, -10.966438330647087 ], [ -37.075628446999936, -10.966422106647107 ], [ -37.075496615999953, -10.966387796647119 ], [ -37.075375250999969, -10.966333646647083 ], [ -37.075271803999954, -10.966272250647103 ], [ -37.075140189999956, -10.966222954647126 ], [ -37.074980517999968, -10.966178265647075 ], [ -37.074846215999969, -10.966138924647082 ], [ -37.074768173999985, -10.966080380647071 ], [ -37.074708445999931, -10.965987114647108 ], [ -37.074527460999938, -10.965832205647109 ], [ -37.074429497999972, -10.965743405647096 ], [ -37.074271877999934, -10.965556343647098 ], [ -37.074140911999962, -10.965462087647145 ], [ -37.073992206999947, -10.965362587647121 ], [ -37.073855718999937, -10.965298232647116 ], [ -37.07375459699994, -10.965188612647125 ], [ -37.07366280399998, -10.965024950647159 ], [ -37.07358953499994, -10.964459328647159 ], [ -37.07361543899998, -10.964074957647178 ], [ -37.073860601999968, -10.963638151647155 ], [ -37.074866077999964, -10.962910150647202 ], [ -37.075016091999942, -10.962742153647195 ], [ -37.074951757999941, -10.962438971647234 ], [ -37.074713173999953, -10.962043430647196 ], [ -37.074578093999953, -10.961881664647239 ], [ -37.074318062999964, -10.961738148647205 ], [ -37.074090096999953, -10.96166502764725 ], [ -37.073742627999927, -10.961585248647223 ], [ -37.073684582999931, -10.961482757647218 ], [ -37.073643782999966, -10.961312309647214 ], [ -37.073678059999963, -10.961052969647271 ], [ -37.073775544999933, -10.960821988647268 ], [ -37.07392333699994, -10.960631678647269 ], [ -37.073916278999945, -10.960355169647281 ], [ -37.073708737999937, -10.960277335647252 ], [ -37.073488547999943, -10.960194329647301 ], [ -37.073205983999969, -10.959962062647312 ], [ -37.072968816999946, -10.959821360647304 ], [ -37.072780456999965, -10.959648860647286 ], [ -37.072531218999984, -10.959463022647304 ], [ -37.07224747999993, -10.959199258647304 ], [ -37.071981023999967, -10.958795832647317 ], [ -37.071865484999933, -10.958514419647338 ], [ -37.071783942999964, -10.958345901647347 ], [ -37.071612300999959, -10.958114028647337 ], [ -37.07137174199994, -10.95785586064733 ], [ -37.071073986999977, -10.95768183764733 ], [ -37.070874407999952, -10.957581628647358 ], [ -37.070588507999958, -10.957467727647339 ], [ -37.070308472999955, -10.957476320647354 ], [ -37.07005528399997, -10.957387855647374 ], [ -37.069944422999981, -10.957311364647365 ], [ -37.069504418999941, -10.957020297647398 ], [ -37.069058005999985, -10.956744273647393 ], [ -37.068434462999967, -10.956575705647404 ], [ -37.067596900999945, -10.956495339647386 ], [ -37.067516002999987, -10.956059516647418 ] ] ] } },
{ "type": "Feature", "properties": { "num_setor": "SE_ARACAJU_SR_004_CPRM", "munic": "ARACAJU", "grau_risco": "Alto", "distancia_km": 1.07, "chuva_24h": 1.2, "chuva_72h": 21.8, "fonte_estacao": "openmeteo", "codigo_estacao": "openmeteo", "nome_estacao": "Open-Meteo (célula de grade)" }, "geometry": { "type": "Polygon", "coordinates": [ [ [ -37.085684571999934, -10.945802247647716 ], [ -37.083248988999969, -10.948323018647619 ], [ -37.082197253999944, -10.947400187647679 ], [ -37.082251379999946, -10.947263777647706 ], [ -37.082724521999978, -10.946776960647687 ], [ -37.082862447999958, -10.946943147647676 ], [ -37.083652154999974, -10.946223572647691 ], [ -37.084081477, -10.946494568647719 ], [ -37.085227230999976, -10.945378659647746 ], [ -37.085394853999965, -10.945449267647721 ], [ -37.085684571999934, -10.945802247647716 ] ] ] } },
{ "type": "Feature", "properties": { "num_setor": "SE_ARACAJU_SR_005_CPRM", "munic": "ARACAJU", "grau_risco": "Alto", "distancia_km": 1.23, "chuva_24h": 1.2, "chuva_72h": 21.8, "fonte_estacao": "openmeteo", "codigo_estacao": "openmeteo", "nome_estacao": "Open-Meteo (célula de grade)" }, "geometry": { "type": "Polygon", "coordinates": [ [ [ -37.093287893999957, -10.947494911647686 ], [ -37.09299946799996, -10.948254307647636 ], [ -37.092453077999949, -10.94785549064763 ], [ -37.092380768999931, -10.947855490647633 ], [ -37.092362691999938, -10.947661307647667 ], [ -37.093287893999957, -10.947494911647686 ] ] ] } },
{ "type": "Feature", "properties": { "num_setor": "SE_ARACAJU_SR_010_CPRM", "munic": "ARACAJU", "grau_risco": "Alto", "distancia_km": 1.16, "chuva_24h": 1.2, "chuva_72h": 21.8, "fonte_estacao": "openmeteo", "codigo_estacao": "openmeteo", "nome_estacao": "Open-Meteo (célula de grade)" }, "geometry": { "type": "Polygon", "coordinates": [ [ [ -37.084814965999954, -10.917516382648596 ], [ -37.084837311999927, -10.917568196648613 ], [ -37.084852138999956, -10.91771310264855 ], [ -37.084764677999942, -10.917722753648578 ], [ -37.084626774999947, -10.917703394648559 ], [ -37.084534677999955, -10.917682161648582 ], [ -37.084570897999981, -10.91747600964861 ], [ -37.084726647999958, -10.917534426648597 ], [ -37.084814965999954, -10.917516382648596 ] ] ] } },
{ "type": "Feature", "properties": { "num_setor": "SE_ARACAJU_SR_003_CPRM", "munic": "ARACAJU", "grau_risco": "Alto", "distancia_km": 2.24, "chuva_24h": 1.2, "chuva_72h": 21.8, "fonte_estacao": "openmeteo", "codigo_estacao": "openmeteo", "nome_estacao": "Open-Meteo (célula de grade)" }, "geometry": { "type": "Polygon", "coordinates": [ [ [ -37.091045828999938, -10.934465697648051 ], [ -37.091001146999929, -10.934709438648072 ], [ -37.090984091999985, -10.934859483648056 ], [ -37.090094662999945, -10.934866753648034 ], [ -37.090037570999975, -10.934638788648071 ], [ -37.090099235999951, -10.934422707648061 ], [ -37.090132321999931, -10.934129494648101 ], [ -37.090344659999971, -10.934050932648102 ], [ -37.090664105999956, -10.934163165648091 ], [ -37.090817130999945, -10.934270954648053 ], [ -37.091045828999938, -10.934465697648051 ] ] ] } },
{ "type": "Feature", "properties": { "num_setor": "SE_ILHADAS_SR_004_CPRM", "munic": "ILHA DAS FLORES", "grau_risco": "Alto", "distancia_km": 1.12, "chuva_24h": 1.5, "chuva_72h": 8.6, "fonte_estacao": "openmeteo", "codigo_estacao": "openmeteo", "nome_estacao": "Open-Meteo (célula de grade)" }, "geometry": { "type": "Polygon", "coordinates": [ [ [ -36.562834216999931, -10.420163268663851 ], [ -36.562610964999976, -10.420480764663873 ], [ -36.562583328999949, -10.420517037663847 ], [ -36.562528055999969, -10.420594765663859 ], [ -36.562448600999971, -10.42069322066385 ], [ -36.562417077999946, -10.420747198663831 ], [ -36.56230955399996, -10.420889699663856 ], [ -36.562271985999985, -10.420927267663844 ], [ -36.562229234999961, -10.420989449663864 ], [ -36.562172234999927, -10.421050336663807 ], [ -36.56212689399996, -10.421103450663841 ], [ -36.562099688999979, -10.421131950663826 ], [ -36.562055642999951, -10.421173405663852 ], [ -36.562015483999971, -10.421216155663826 ], [ -36.561993460999929, -10.421217451663827 ], [ -36.561975324999935, -10.4212446566638 ], [ -36.561920914999973, -10.421297770663823 ], [ -36.561885937999932, -10.42132886166381 ], [ -36.561840595999968, -10.421369020663843 ], [ -36.561800436999931, -10.421372906663848 ], [ -36.561790072999941, -10.421367725663842 ], [ -36.561736958999973, -10.421440271663792 ], [ -36.561704572999929, -10.421473953663828 ], [ -36.561665708999953, -10.421485612663824 ], [ -36.561637208999969, -10.421459703663839 ], [ -36.561638503999966, -10.421449339663843 ], [ -36.561687731999946, -10.421397520663827 ], [ -36.561779061999971, -10.421296150663848 ], [ -36.561799465999975, -10.421270889663834 ], [ -36.561849016999936, -10.421198019663834 ], [ -36.561865533999935, -10.421181502663828 ], [ -36.561918971999944, -10.421129036663832 ], [ -36.561961721999978, -10.421070740663815 ], [ -36.562014188999967, -10.420998841663836 ], [ -36.562065682999958, -10.420922085663843 ], [ -36.562097745999942, -10.420814238663869 ], [ -36.562096773999947, -10.42075788566382 ], [ -36.562128836999939, -10.420663640663863 ], [ -36.562145353999938, -10.420597572663841 ], [ -36.56215604199997, -10.420515958663838 ], [ -36.562199763999949, -10.420507213663832 ], [ -36.562233769999978, -10.420444059663859 ], [ -36.562254172999928, -10.420406167663838 ], [ -36.562298866999981, -10.42037993466387 ], [ -36.562362019999966, -10.42038090666388 ], [ -36.56242031599993, -10.420390621663856 ], [ -36.562471810999966, -10.42040228166384 ], [ -36.56256022599996, -10.420439201663847 ], [ -36.562700135999933, -10.420122461663841 ], [ -36.562742886999963, -10.420025301663856 ], [ -36.562789522999935, -10.41994174366388 ], [ -36.562847818999956, -10.419840697663886 ], [ -36.562908057999948, -10.419840697663886 ], [ -36.562966353999968, -10.419867902663864 ], [ -36.562958580999975, -10.419912596663863 ], [ -36.562921660999962, -10.419972835663851 ], [ -36.562896398999953, -10.420040846663845 ], [ -36.562910000999977, -10.420064165663883 ], [ -36.562834216999931, -10.420163268663851 ] ] ] } },
{ "type": "Feature", "properties": { "num_setor": "SE_ILHADAS_SR_005_CPRM", "munic": "ILHA DAS FLORES", "grau_risco": "Alto", "distancia_km": 1.01, "chuva_24h": 1.4, "chuva_72h": 7.3, "fonte_estacao": "openmeteo", "codigo_estacao": "openmeteo", "nome_estacao": "Open-Meteo (célula de grade)" }, "geometry": { "type": "Polygon", "coordinates": [ [ [ -36.536073486999953, -10.440022396663245 ], [ -36.535941349999966, -10.440018509663249 ], [ -36.535934871999984, -10.439851394663249 ], [ -36.535971144999962, -10.439829372663251 ], [ -36.536118827999928, -10.439820303663263 ], [ -36.536127895999982, -10.439705007663282 ], [ -36.536282055999948, -10.439697234663226 ], [ -36.536275578999948, -10.439633757663259 ], [ -36.536481557999942, -10.439567688663253 ], [ -36.536572239999941, -10.439540483663274 ], [ -36.536590376999982, -10.439558620663252 ], [ -36.53660980899997, -10.439600075663289 ], [ -36.536727695999957, -10.439734803663253 ], [ -36.536896105999972, -10.439804758663275 ], [ -36.537054152999929, -10.439839735663256 ], [ -36.537111152999955, -10.439831962663263 ], [ -36.537542541999976, -10.439769780663234 ], [ -36.537742043999977, -10.43973350766327 ], [ -36.537901384999941, -10.439705007663282 ], [ -36.537995953999939, -10.439750348663251 ], [ -36.538024453999981, -10.439873417663229 ], [ -36.538069795999945, -10.44004182766324 ], [ -36.537854748999962, -10.440167487663222 ], [ -36.537536064999983, -10.440255579663212 ], [ -36.537273085999971, -10.440324238663234 ], [ -36.537008810999964, -10.440311284663233 ], [ -36.536073486999953, -10.440022396663245 ] ] ] } },
{ "type": "Feature", "properties": { "num_setor": "SE_ARACAJU_SR_021_CPRM", "munic": "ARACAJU", "grau_risco": "Alto", "distancia_km": 1.61, "chuva_24h": 1.3, "chuva_72h": 20.5, "fonte_estacao": "openmeteo", "codigo_estacao": "openmeteo", "nome_estacao": "Open-Meteo (célula de grade)" }, "geometry": { "type": "Polygon", "coordinates": [ [ [ -37.081624624999961, -10.874805306649908 ], [ -37.081658346999973, -10.874999011649864 ], [ -37.08070214899994, -10.87526036764987 ], [ -37.080572657999937, -10.875674689649836 ], [ -37.080208674999938, -10.875600063649882 ], [ -37.080145428999963, -10.875785486649884 ], [ -37.080028940999966, -10.875912813649849 ], [ -37.079634908999942, -10.875923741649846 ], [ -37.079600076999959, -10.875732120649856 ], [ -37.079748037999934, -10.875641861649864 ], [ -37.079652216999932, -10.875299438649874 ], [ -37.079507770999953, -10.875355803649899 ], [ -37.079438827999986, -10.875221478649877 ], [ -37.078828776999949, -10.875442796649871 ], [ -37.07863369699993, -10.875515892649862 ], [ -37.078444509999947, -10.875569373649872 ], [ -37.078373528999975, -10.875451154649873 ], [ -37.078257256999962, -10.875367670649867 ], [ -37.078173285999981, -10.875341508649875 ], [ -37.078123239999968, -10.875285730649889 ], [ -37.078034840999969, -10.875149127649902 ], [ -37.077955341999939, -10.875003455649871 ], [ -37.077896202999966, -10.874846782649895 ], [ -37.077860492999946, -10.87470745964991 ], [ -37.077854540999965, -10.874585485649899 ], [ -37.078279084999963, -10.874492761649877 ], [ -37.078268737999956, -10.874363648649922 ], [ -37.078391484999948, -10.874337245649937 ], [ -37.078416971999957, -10.874118547649918 ], [ -37.07850573199994, -10.873970453649928 ], [ -37.078293676999976, -10.873785636649945 ], [ -37.078211669, -10.873628883649943 ], [ -37.078117907999975, -10.873502651649936 ], [ -37.078024856999939, -10.873316196649933 ], [ -37.078483094999967, -10.873059519649962 ], [ -37.078670688999978, -10.872937291649958 ], [ -37.07882839499996, -10.873140502649941 ], [ -37.07904259999998, -10.873018599649962 ], [ -37.079144921999955, -10.873148272649965 ], [ -37.079343711999961, -10.873099541649966 ], [ -37.080048698999974, -10.872801309649953 ], [ -37.079987572999983, -10.872635569649947 ], [ -37.080028315999982, -10.87262977964996 ], [ -37.079973634999931, -10.872379892649972 ], [ -37.079960795999966, -10.872269422649998 ], [ -37.07999187799993, -10.87215311864998 ], [ -37.080064454999956, -10.872055738649983 ], [ -37.080172664999964, -10.871924093649975 ], [ -37.080302963999941, -10.871813935650001 ], [ -37.080412268999964, -10.871650698649971 ], [ -37.080420831999959, -10.87164948165 ], [ -37.080469776999962, -10.87168618165 ], [ -37.080543184999947, -10.871753881649987 ], [ -37.080621801999932, -10.87162966765001 ], [ -37.080529956999953, -10.871534359649974 ], [ -37.080647802999977, -10.871431912650023 ], [ -37.08075453899994, -10.871464111649994 ], [ -37.080847891999944, -10.871343975649975 ], [ -37.080797105999977, -10.871243257649986 ], [ -37.080863898999951, -10.87113691665 ], [ -37.080779661999948, -10.871008146649988 ], [ -37.080964768999934, -10.870776715650035 ], [ -37.081194813999957, -10.870964534649982 ], [ -37.081344756999954, -10.871068581650018 ], [ -37.081499713999953, -10.871212492650026 ], [ -37.081637843999935, -10.871320847649972 ], [ -37.081435472999942, -10.871595828649987 ], [ -37.081538470999931, -10.871705124649981 ], [ -37.081400526999971, -10.871783112649966 ], [ -37.081140027999943, -10.871499866649993 ], [ -37.081069258999946, -10.871566564650003 ], [ -37.080992126999945, -10.871702368649968 ], [ -37.080898286999968, -10.871839151649977 ], [ -37.080796953999943, -10.871954362649952 ], [ -37.080620260999979, -10.872094416649988 ], [ -37.080498760999944, -10.872174687649993 ], [ -37.080335910999963, -10.872325708649955 ], [ -37.080432663999943, -10.872403220649975 ], [ -37.080508554999938, -10.872561122649975 ], [ -37.080593607999965, -10.872655356649931 ], [ -37.080624539999967, -10.872791517649928 ], [ -37.080645552999947, -10.872952394649969 ], [ -37.080596447999937, -10.87303419364995 ], [ -37.080495916999951, -10.873104266649968 ], [ -37.080388789, -10.873134936649965 ], [ -37.080454579999987, -10.873223930649916 ], [ -37.080323093999937, -10.873297550649935 ], [ -37.080214644999955, -10.873072905649938 ], [ -37.080158625999957, -10.873080866649932 ], [ -37.07993946299996, -10.873198787649956 ], [ -37.080075458999943, -10.873528842649954 ], [ -37.07995869399997, -10.873605069649916 ], [ -37.079846786999944, -10.873380446649914 ], [ -37.079711467999971, -10.873411828649948 ], [ -37.079798662999963, -10.873681200649925 ], [ -37.079472531999954, -10.873791414649938 ], [ -37.079372985999953, -10.873589725649955 ], [ -37.079067376999937, -10.873692999649917 ], [ -37.078996994999954, -10.873525493649959 ], [ -37.07897847199996, -10.873418379649957 ], [ -37.07885147099995, -10.873294579649922 ], [ -37.07879955899994, -10.873308161649934 ], [ -37.078717929999982, -10.873241942649917 ], [ -37.078623688999983, -10.873305199649936 ], [ -37.078536621999945, -10.873230156649951 ], [ -37.078495787999941, -10.873223414649914 ], [ -37.078486919999932, -10.873302844649945 ], [ -37.078516881999981, -10.87341018964994 ], [ -37.078465276999971, -10.873469832649928 ], [ -37.078497463999952, -10.873556969649959 ], [ -37.078608117999984, -10.873680390649913 ], [ -37.078719321999976, -10.873781181649925 ], [ -37.078863192999961, -10.873808209649903 ], [ -37.079042499999957, -10.873788650649894 ], [ -37.079280203999929, -10.873748954649917 ], [ -37.079332139999963, -10.874213574649893 ], [ -37.07905851299995, -10.874280741649894 ], [ -37.078780968999979, -10.874275992649924 ], [ -37.07880339899998, -10.874566031649907 ], [ -37.078636866999936, -10.874625697649876 ], [ -37.078637060999931, -10.874664886649876 ], [ -37.078544657999942, -10.87469760164991 ], [ -37.07837484099997, -10.874698879649861 ], [ -37.078163917999973, -10.874781048649913 ], [ -37.078191965999963, -10.874845409649915 ], [ -37.07826345999996, -10.874951978649881 ], [ -37.078299308999931, -10.875024398649861 ], [ -37.078292421999947, -10.875112289649881 ], [ -37.078305758999932, -10.8751681666499 ], [ -37.078389289999961, -10.875236312649889 ], [ -37.078503405999982, -10.875350760649862 ], [ -37.07860599299994, -10.875291644649872 ], [ -37.078701172999956, -10.875169618649897 ], [ -37.078865363999959, -10.875088651649857 ], [ -37.078794469999934, -10.874937911649885 ], [ -37.078873231999978, -10.874884736649882 ], [ -37.078934517999976, -10.874959923649872 ], [ -37.079010278999931, -10.875064853649892 ], [ -37.079071747999933, -10.875104164649908 ], [ -37.079170287999943, -10.875074157649895 ], [ -37.079348225999979, -10.875055276649874 ], [ -37.079481618999978, -10.874978632649892 ], [ -37.079680874999951, -10.874886060649862 ], [ -37.079854053999959, -10.874832480649879 ], [ -37.079962291999948, -10.874842853649893 ], [ -37.080048221999959, -10.875035707649859 ], [ -37.080166811999959, -10.874986926649882 ], [ -37.080105841999959, -10.874738657649893 ], [ -37.080345363999982, -10.874597851649909 ], [ -37.080271097999969, -10.874341522649896 ], [ -37.08032321099995, -10.874158166649918 ], [ -37.080537597999978, -10.874068675649943 ], [ -37.08063412599995, -10.874377838649925 ], [ -37.080509032999942, -10.874415202649907 ], [ -37.080666528999984, -10.87504655964986 ], [ -37.081013621999944, -10.87497815964989 ], [ -37.081624624999961, -10.874805306649908 ] ] ] } },
{ "type": "Feature", "properties": { "num_setor": "SE_ARACAJU_SR_022_CPRM", "munic": "ARACAJU", "grau_risco": "Muito alto", "distancia_km": 0.6, "chuva_24h": 1.3, "chuva_72h": 22.7, "fonte_estacao": "openmeteo", "codigo_estacao": "openmeteo", "nome_estacao": "Open-Meteo (célula de grade)" }, "geometry": { "type": "Polygon", "coordinates": [ [ [ -37.10336469899994, -10.973942113646862 ], [ -37.103366602999984, -10.974061846646869 ], [ -37.103262455999982, -10.974068732646874 ], [ -37.103148843999982, -10.97408071764689 ], [ -37.103062509, -10.974096000646865 ], [ -37.102974295999957, -10.974121163646846 ], [ -37.102744643999984, -10.974173588646874 ], [ -37.102554796999982, -10.974178415646868 ], [ -37.102339875999974, -10.974152486646867 ], [ -37.102265899999963, -10.974132766646859 ], [ -37.102197672999978, -10.974106100646861 ], [ -37.102111097999959, -10.974063554646833 ], [ -37.102046300999973, -10.974007473646862 ], [ -37.101901079999948, -10.973900888646842 ], [ -37.101722710999979, -10.973763017646849 ], [ -37.101797476999934, -10.973616103646886 ], [ -37.101951791999966, -10.973736219646891 ], [ -37.102179723999946, -10.973858701646879 ], [ -37.102381303999948, -10.973879928646866 ], [ -37.102572652999982, -10.97391975164688 ], [ -37.102810214999977, -10.973996761646864 ], [ -37.103044986999969, -10.973980549646871 ], [ -37.103320873999962, -10.973934693646891 ], [ -37.10336469899994, -10.973942113646862 ] ] ] } },
{ "type": "Feature", "properties": { "num_setor": "SE_ILHADAS_SR_001_CPRM", "munic": "ILHA DAS FLORES", "grau_risco": "Alto", "distancia_km": 1.75, "chuva_24h": 1.4, "chuva_72h": 7.3, "fonte_estacao": "openmeteo", "codigo_estacao": "openmeteo", "nome_estacao": "Open-Meteo (célula de grade)" }, "geometry": { "type": "Polygon", "coordinates": [ [ [ -36.532874343999929, -10.435799683663385 ], [ -36.532975227999941, -10.436162275663358 ], [ -36.532942984999977, -10.436212942663337 ], [ -36.532878499999981, -10.436290094663359 ], [ -36.532899227999962, -10.436349973663344 ], [ -36.533038561999945, -10.436541126663338 ], [ -36.532953348999968, -10.436564156663367 ], [ -36.532771408999963, -10.436577975663363 ], [ -36.532536497999956, -10.436603308663356 ], [ -36.53234304199998, -10.436601005663329 ], [ -36.532244010999939, -10.436686218663361 ], [ -36.532168010999953, -10.436762218663334 ], [ -36.532068979999963, -10.436861249663327 ], [ -36.531956129999962, -10.436941856663358 ], [ -36.531806431999939, -10.437057008663322 ], [ -36.531612976999952, -10.437181373663357 ], [ -36.531456368999955, -10.437268888663313 ], [ -36.531313580999957, -10.437377132663304 ], [ -36.531214549999959, -10.437510708663352 ], [ -36.53112012499998, -10.437655800663318 ], [ -36.530994608999947, -10.437790528663285 ], [ -36.530964668999957, -10.437828529663298 ], [ -36.530945092999957, -10.437901074663316 ], [ -36.530960062999959, -10.437944832663318 ], [ -36.53090939599997, -10.437990893663303 ], [ -36.530869092999978, -10.437987439663331 ], [ -36.53084030499997, -10.438036954663332 ], [ -36.530789637999931, -10.438085318663337 ], [ -36.530760849999979, -10.438135985663319 ], [ -36.530781576999978, -10.438176288663305 ], [ -36.530762000999971, -10.438245380663288 ], [ -36.530714788999944, -10.438301804663331 ], [ -36.530666424999936, -10.438316774663322 ], [ -36.530638787999976, -10.438323108663299 ], [ -36.530600787999965, -10.438371472663311 ], [ -36.530542059999959, -10.438430199663314 ], [ -36.530502332999959, -10.43851138266327 ], [ -36.530526514999963, -10.438551109663271 ], [ -36.530460877999928, -10.438620201663314 ], [ -36.530357240999926, -10.438637473663286 ], [ -36.530220784999983, -10.438727292663275 ], [ -36.530094693999963, -10.438775656663283 ], [ -36.530015238999965, -10.438874111663276 ], [ -36.529920237999931, -10.439010567663283 ], [ -36.529844236999963, -10.438993294663259 ], [ -36.529821782999932, -10.438870657663257 ], [ -36.529887418999976, -10.438770474663288 ], [ -36.529868418999968, -10.438703110663273 ], [ -36.529825476999974, -10.438658249663279 ], [ -36.530041387999972, -10.438269610663305 ], [ -36.529907042999987, -10.438130467663296 ], [ -36.529763102999929, -10.438048901663286 ], [ -36.529686334999951, -10.438164053663316 ], [ -36.529528256999988, -10.438075376663317 ], [ -36.529520802999969, -10.438072891663333 ], [ -36.529512976999968, -10.438066804663304 ], [ -36.529489615999978, -10.438053699663312 ], [ -36.529503022999954, -10.438059062663321 ], [ -36.529434438999935, -10.43800571966333 ], [ -36.529316887999983, -10.437914557663289 ], [ -36.529268907999949, -10.437976931663329 ], [ -36.529180144999948, -10.438166453663296 ], [ -36.529081784999953, -10.438384762663276 ], [ -36.529009814999938, -10.438504712663269 ], [ -36.528948639999953, -10.438485520663303 ], [ -36.528828689999955, -10.438461530663311 ], [ -36.528833487999975, -10.438396757663297 ], [ -36.528893462999974, -10.438233625663289 ], [ -36.52877831099994, -10.438173650663293 ], [ -36.528624774999969, -10.438106477663302 ], [ -36.528631971999971, -10.4380249116633 ], [ -36.528660759999987, -10.437848584663287 ], [ -36.528753120999966, -10.437716639663327 ], [ -36.528804699999974, -10.437590691663329 ], [ -36.528849081999965, -10.437475539663355 ], [ -36.52880949799993, -10.437439554663341 ], [ -36.528720734999979, -10.437362785663314 ], [ -36.52871833599994, -10.43727162366333 ], [ -36.528780709999971, -10.437221244663311 ], [ -36.528883866999934, -10.437226042663335 ], [ -36.528934245999942, -10.437218845663329 ], [ -36.528979827999933, -10.437005334663366 ], [ -36.529096178999964, -10.436736645663318 ], [ -36.529003817999978, -10.436700660663369 ], [ -36.528845482999941, -10.436686266663369 ], [ -36.528774712999962, -10.436669473663326 ], [ -36.528751921999969, -10.436621493663351 ], [ -36.528701542999954, -10.436551921663373 ], [ -36.528747123999942, -10.436448764663368 ], [ -36.528773512999976, -10.436400784663336 ], [ -36.528706340999975, -10.436300026663371 ], [ -36.528476035999972, -10.436300026663366 ], [ -36.528461641999975, -10.436381592663373 ], [ -36.528164164999964, -10.436463158663372 ], [ -36.528140174999969, -10.436324016663354 ], [ -36.528082598999958, -10.436031337663385 ], [ -36.528264923999984, -10.435973761663368 ], [ -36.528480833999929, -10.435973761663368 ], [ -36.528735128999983, -10.435997751663352 ], [ -36.529061393999939, -10.436141691663391 ], [ -36.529204134999929, -10.436160883663357 ], [ -36.529452431999971, -10.436137493663391 ], [ -36.529662044999959, -10.436102408663352 ], [ -36.529807783999964, -10.436067322663396 ], [ -36.529931932999943, -10.43604303266339 ], [ -36.530039887999983, -10.435997151663393 ], [ -36.530273341999937, -10.435848713663393 ], [ -36.530375898999978, -10.435848713663393 ], [ -36.530510842999945, -10.435850062663404 ], [ -36.530571567999964, -10.435814977663359 ], [ -36.53066198099998, -10.435816326663367 ], [ -36.530730801999937, -10.43582307366335 ], [ -36.530823912999949, -10.435839267663356 ], [ -36.530906678999941, -10.435845744663361 ], [ -36.531017512999938, -10.435839986663371 ], [ -36.531134104999971, -10.435837108663396 ], [ -36.531276605999942, -10.435816956663349 ], [ -36.531375924999963, -10.435824153663354 ], [ -36.531457970999952, -10.435763698663372 ], [ -36.531516985999929, -10.435732031663402 ], [ -36.531611986999962, -10.435673016663367 ], [ -36.531675320999959, -10.435670137663408 ], [ -36.531737214999971, -10.435647106663394 ], [ -36.531862442999966, -10.435618318663391 ], [ -36.531967519999974, -10.435618318663391 ], [ -36.532095626999933, -10.435632712663391 ], [ -36.532223732999967, -10.43564422866336 ], [ -36.532315854999986, -10.435665819663363 ], [ -36.532431007999946, -10.435667258663386 ], [ -36.532661311999959, -10.435615439663364 ], [ -36.532834040999944, -10.435684531663357 ], [ -36.532874343999929, -10.435799683663385 ] ] ] } },
{ "type": "Feature", "properties": { "num_setor": "SE_ILHADAS_SR_002_CPRM", "munic": "ILHA DAS FLORES", "grau_risco": "Alto", "distancia_km": 1.62, "chuva_24h": 1.4, "chuva_72h": 7.3, "fonte_estacao": "openmeteo", "codigo_estacao": "openmeteo", "nome_estacao": "Open-Meteo (célula de grade)" }, "geometry": { "type": "Polygon", "coordinates": [ [ [ -36.533965141999943, -10.435741861663356 ], [ -36.533953482999948, -10.435739918663378 ], [ -36.533943767, -10.435730202663363 ], [ -36.53389907299993, -10.435752549663388 ], [ -36.53390490299995, -10.435776839663383 ], [ -36.533859237999927, -10.435812788663378 ], [ -36.533839805999953, -10.435830276663403 ], [ -36.533771793999961, -10.43584582266339 ], [ -36.533771793999961, -10.435873998663387 ], [ -36.533749446999934, -10.435884686663361 ], [ -36.533756248999964, -10.435920635663354 ], [ -36.533722242999943, -10.435930351663378 ], [ -36.533701838999939, -10.435946868663379 ], [ -36.533642571999962, -10.435960470663343 ], [ -36.533595934999944, -10.435965328663366 ], [ -36.533563871999945, -10.435978931663376 ], [ -36.533491001999948, -10.435985732663358 ], [ -36.533464768999977, -10.435999334663386 ], [ -36.533434649999947, -10.435999334663377 ], [ -36.533412302999977, -10.43600224966336 ], [ -36.53339967199998, -10.435975044663378 ], [ -36.53338509799994, -10.435975044663378 ], [ -36.533342347999962, -10.43600224966336 ], [ -36.533325830999956, -10.436011965663379 ], [ -36.533292796999945, -10.436040141663385 ], [ -36.533270449999975, -10.436062488663353 ], [ -36.53320049499996, -10.436104267663367 ], [ -36.533159687999948, -10.436121756663381 ], [ -36.533132482999974, -10.436096494663376 ], [ -36.533109164999985, -10.436040141663385 ], [ -36.533101391999935, -10.435979902663389 ], [ -36.533144141999969, -10.435967272663376 ], [ -36.533131510999965, -10.43595658466335 ], [ -36.533126652999954, -10.435940067663401 ], [ -36.533140255999967, -10.435917720663367 ], [ -36.533138312999938, -10.435794327663354 ], [ -36.533165516999929, -10.435752549663388 ], [ -36.533225755999986, -10.435749634663409 ], [ -36.533230613999933, -10.435778782663355 ], [ -36.533253932999969, -10.435783640663363 ], [ -36.533343319999972, -10.435786555663352 ], [ -36.533389955999944, -10.435786555663352 ], [ -36.533428819999983, -10.435772952663395 ], [ -36.533540553999956, -10.43575837866336 ], [ -36.533648400999937, -10.435698139663366 ], [ -36.533717384999925, -10.435677736663363 ], [ -36.533724185999965, -10.435638872663391 ], [ -36.533725156999942, -10.435617497663374 ], [ -36.533748475999971, -10.435600979663372 ], [ -36.533750418999944, -10.435575718663358 ], [ -36.533871868999938, -10.435536854663381 ], [ -36.533886442999972, -10.435549485663385 ], [ -36.533908788999952, -10.435560172663376 ], [ -36.533927249999977, -10.435578633663399 ], [ -36.533939879999934, -10.43560486666337 ], [ -36.533949595999957, -10.4356272136634 ], [ -36.533949595999957, -10.435664133663408 ], [ -36.53393502199998, -10.435672878663407 ], [ -36.533947652999984, -10.435697168663404 ], [ -36.533965141999943, -10.435741861663356 ] ] ] } },
{ "type": "Feature", "properties": { "num_setor": "SE_ARACAJU_SR_001_CPRM", "munic": "ARACAJU", "grau_risco": "Muito alto", "distancia_km": 1.84, "chuva_24h": 1.2, "chuva_72h": 21.8, "fonte_estacao": "openmeteo", "codigo_estacao": "openmeteo", "nome_estacao": "Open-Meteo (célula de grade)" }, "geometry": { "type": "Polygon", "coordinates": [ [ [ -37.088294990999941, -10.940096172647916 ], [ -37.08828897199993, -10.94031888464789 ], [ -37.088096174999976, -10.94030632664791 ], [ -37.088052993999952, -10.940204201647902 ], [ -37.08805675299994, -10.940093217647901 ], [ -37.087614823999957, -10.939655232647894 ], [ -37.087651471999948, -10.939618485647927 ], [ -37.088160414999948, -10.940109484647881 ], [ -37.088294990999941, -10.940096172647916 ] ] ] } },
{ "type": "Feature", "properties": { "num_setor": "SE_ARACAJU_SR_002_CPRM", "munic": "ARACAJU", "grau_risco": "Alto", "distancia_km": 2.01, "chuva_24h": 1.2, "chuva_72h": 21.8, "fonte_estacao": "openmeteo", "codigo_estacao": "openmeteo", "nome_estacao": "Open-Meteo (célula de grade)" }, "geometry": { "type": "Polygon", "coordinates": [ [ [ -37.085947193999971, -10.934314055648066 ], [ -37.085304071999929, -10.935275681648028 ], [ -37.084842446999971, -10.93601963964799 ], [ -37.084557960999973, -10.935871475648 ], [ -37.084508700999947, -10.935847659648051 ], [ -37.084442357999933, -10.935820582648024 ], [ -37.084394761999931, -10.935794408648057 ], [ -37.084380299999964, -10.93582991964802 ], [ -37.08432650699995, -10.935806818648004 ], [ -37.084351132999984, -10.935743743648052 ], [ -37.084313860999941, -10.935723400648032 ], [ -37.084318699999983, -10.935705501648036 ], [ -37.084274342999947, -10.935679616648022 ], [ -37.084253240999942, -10.935710280648026 ], [ -37.084228811999935, -10.935696194648003 ], [ -37.084230404999971, -10.935673672648015 ], [ -37.08418534499998, -10.93565409964804 ], [ -37.084133478999945, -10.935620071648023 ], [ -37.084093033999977, -10.935601952648025 ], [ -37.08402515399996, -10.93558143664802 ], [ -37.084020475999971, -10.93559342764803 ], [ -37.083978986999966, -10.93557497064802 ], [ -37.084013426999945, -10.935525986648027 ], [ -37.083838404999938, -10.93543779564806 ], [ -37.08383386799995, -10.935460170648017 ], [ -37.083732864999945, -10.935411615648038 ], [ -37.083706965999973, -10.93544956964803 ], [ -37.083590425999944, -10.935391709648059 ], [ -37.084073274999973, -10.934341190648048 ], [ -37.084505700999955, -10.934455893648051 ], [ -37.084707052999931, -10.934502663648095 ], [ -37.084888530999933, -10.934513443648058 ], [ -37.08512034499995, -10.93451627264804 ], [ -37.085231244999939, -10.934129932648078 ], [ -37.085947193999971, -10.934314055648066 ] ] ] } },
{ "type": "Feature", "properties": { "num_setor": "SE_ARACAJU_SR_023_CPRM", "munic": "ARACAJU", "grau_risco": "Alto", "distancia_km": 1.73, "chuva_24h": 1.3, "chuva_72h": 22.7, "fonte_estacao": "openmeteo", "codigo_estacao": "openmeteo", "nome_estacao": "Open-Meteo (célula de grade)" }, "geometry": { "type": "Polygon", "coordinates": [ [ [ -37.107691333999981, -10.993598672646259 ], [ -37.107694686999935, -10.993651482646261 ], [ -37.107671716999967, -10.993703900646253 ], [ -37.107614833999953, -10.993703900646253 ], [ -37.107517425999959, -10.993710845646241 ], [ -37.107473983999967, -10.993712230646263 ], [ -37.107456627999966, -10.99371567064626 ], [ -37.10743219699998, -10.993720512646277 ], [ -37.107357290999971, -10.993728748646255 ], [ -37.107302581999932, -10.993565481646261 ], [ -37.107341032999948, -10.993540887646231 ], [ -37.107390091999939, -10.993506429646276 ], [ -37.107432863999975, -10.993537786646291 ], [ -37.107467829999962, -10.99358969164625 ], [ -37.107538773999977, -10.993577633646266 ], [ -37.107606326999985, -10.993573087646254 ], [ -37.107691333999981, -10.993598672646259 ] ] ] } },
{ "type": "Feature", "properties": { "num_setor": "SE_ARACAJU_SR_024_CPRM", "munic": "ARACAJU", "grau_risco": "Alto", "distancia_km": 1.48, "chuva_24h": 1.2, "chuva_72h": 21.8, "fonte_estacao": "openmeteo", "codigo_estacao": "openmeteo", "nome_estacao": "Open-Meteo (célula de grade)" }, "geometry": { "type": "Polygon", "coordinates": [ [ [ -37.062080266999942, -10.889152608649448 ], [ -37.062089450999956, -10.889368615649445 ], [ -37.061949341999934, -10.889368617649433 ], [ -37.061667408999938, -10.889425657649426 ], [ -37.061443696999959, -10.889461834649456 ], [ -37.061091143999931, -10.889540879649454 ], [ -37.060711642999941, -10.889625748649431 ], [ -37.060505891999981, -10.889701076649407 ], [ -37.060385114999974, -10.889792886649426 ], [ -37.060239797999941, -10.889857427649449 ], [ -37.060145964999947, -10.889917221649423 ], [ -37.060054254999955, -10.890016708649423 ], [ -37.059980674999963, -10.890132735649408 ], [ -37.059821911999968, -10.890050297649418 ], [ -37.059918539999956, -10.889882179649447 ], [ -37.06001144499993, -10.889767433649444 ], [ -37.060165177999977, -10.889598971649411 ], [ -37.060253210999974, -10.88952521264944 ], [ -37.060488595999971, -10.889453827649429 ], [ -37.060904930999982, -10.889356279649455 ], [ -37.061078874999964, -10.889302273649424 ], [ -37.061295979999962, -10.889255916649448 ], [ -37.061539277999941, -10.889217528649448 ], [ -37.062080266999942, -10.889152608649448 ] ] ] } },
{ "type": "Feature", "properties": { "num_setor": "SE_ARACAJU_SR_013_CPRM", "munic": "ARACAJU", "grau_risco": "Alto", "distancia_km": 0.59, "chuva_24h": 1.4, "chuva_72h": 17.7, "fonte_estacao": "openmeteo", "codigo_estacao": "openmeteo", "nome_estacao": "Open-Meteo (célula de grade)" }, "geometry": { "type": "Polygon", "coordinates": [ [ [ -37.103945248999935, -10.887988679649514 ], [ -37.103827059999958, -10.888115467649497 ], [ -37.103743982999958, -10.888124153649501 ], [ -37.103462835999949, -10.887907951649526 ], [ -37.10332827099996, -10.887832156649473 ], [ -37.103223896999964, -10.887749448649496 ], [ -37.103080308999949, -10.887664403649513 ], [ -37.102882953999938, -10.887651685649516 ], [ -37.102791292999946, -10.887704705649512 ], [ -37.102576707999951, -10.887729623649514 ], [ -37.102305791999981, -10.887815268649474 ], [ -37.102161969999933, -10.887879699649465 ], [ -37.102029013999982, -10.887917226649481 ], [ -37.101869839999956, -10.887956575649506 ], [ -37.101407302999974, -10.888158545649471 ], [ -37.101507941999948, -10.888493194649488 ], [ -37.100963975999946, -10.888532120649483 ], [ -37.100649123999972, -10.888570553649473 ], [ -37.100437579999948, -10.888582456649447 ], [ -37.100244593999946, -10.888546561649452 ], [ -37.099966187999939, -10.888390123649474 ], [ -37.099617635999941, -10.888321724649492 ], [ -37.099454943999945, -10.888321713649495 ], [ -37.099274833999971, -10.888282572649493 ], [ -37.099009003999981, -10.888218234649486 ], [ -37.098792567999965, -10.888137467649502 ], [ -37.098668163999946, -10.888005581649486 ], [ -37.098455933999958, -10.887795612649526 ], [ -37.098301299999946, -10.8877925456495 ], [ -37.097966014999948, -10.887807759649467 ], [ -37.097864706999928, -10.887421702649528 ], [ -37.097700699999962, -10.887512390649523 ], [ -37.097517427999946, -10.887578076649492 ], [ -37.097387659999981, -10.887671165649506 ], [ -37.097621922999963, -10.888109796649497 ], [ -37.097464093999982, -10.888316405649469 ], [ -37.097385330999941, -10.888393326649487 ], [ -37.097139046999985, -10.888065077649491 ], [ -37.097020884999942, -10.888053814649512 ], [ -37.09691160199997, -10.888036830649494 ], [ -37.096907438999949, -10.888205359649493 ], [ -37.096880488999943, -10.888321560649468 ], [ -37.096781231999955, -10.888441028649501 ], [ -37.096673954999964, -10.888303346649508 ], [ -37.096719598999982, -10.888197262649467 ], [ -37.095972668999941, -10.88755294064952 ], [ -37.096154396999971, -10.887338035649519 ], [ -37.096257940999976, -10.887421386649507 ], [ -37.096424221999939, -10.887179443649527 ], [ -37.096689566999942, -10.887298434649491 ], [ -37.096789600999955, -10.88736331964952 ], [ -37.096644563999973, -10.88782218164952 ], [ -37.096705560999965, -10.888046834649492 ], [ -37.096818492999944, -10.887988308649515 ], [ -37.096743858999957, -10.887860450649478 ], [ -37.09679916999994, -10.887555634649505 ], [ -37.096845096999964, -10.887502642649505 ], [ -37.096852075999955, -10.887502643649494 ], [ -37.096917410999936, -10.887446021649499 ], [ -37.096953298999949, -10.887357741649506 ], [ -37.097074253999949, -10.887393911649486 ], [ -37.097302265999929, -10.887304173649513 ], [ -37.097615080999958, -10.887278495649525 ], [ -37.097785193999982, -10.887295662649535 ], [ -37.09803580199997, -10.887363404649527 ], [ -37.098284127999932, -10.88738845164953 ], [ -37.098367936999978, -10.887352234649537 ], [ -37.098495834999945, -10.887369011649522 ], [ -37.098706229999941, -10.887382931649535 ], [ -37.09905646999993, -10.887547883649502 ], [ -37.099002851999956, -10.887829539649465 ], [ -37.099133306999931, -10.887947219649488 ], [ -37.09926498699997, -10.887951836649481 ], [ -37.099431756999934, -10.8879770706495 ], [ -37.099664750999978, -10.888049236649492 ], [ -37.099790257999977, -10.888031372649467 ], [ -37.099943291999978, -10.888033619649464 ], [ -37.100233300999953, -10.8881283246495 ], [ -37.100376829999952, -10.8881967916495 ], [ -37.100828943999936, -10.888149925649458 ], [ -37.101106354999963, -10.888128368649493 ], [ -37.101099633999979, -10.888062642649485 ], [ -37.101200896999956, -10.887986281649464 ], [ -37.101135319999969, -10.887761656649486 ], [ -37.101228178999975, -10.887727075649517 ], [ -37.101342638999938, -10.887867831649471 ], [ -37.101544359999941, -10.887832073649498 ], [ -37.101682848999928, -10.887783708649504 ], [ -37.101906192999934, -10.887714660649506 ], [ -37.102079881999941, -10.887666892649506 ], [ -37.102178685999945, -10.887618361649503 ], [ -37.102267785999963, -10.887563814649514 ], [ -37.102425700999959, -10.887545423649488 ], [ -37.102600016999929, -10.887534868649531 ], [ -37.102785839999967, -10.887566457649537 ], [ -37.102917513999955, -10.887532234649537 ], [ -37.103128307999953, -10.88751897764949 ], [ -37.103398026999969, -10.887595155649528 ], [ -37.103590464999968, -10.887684648649481 ], [ -37.103786567999983, -10.887896248649472 ], [ -37.103887801999974, -10.887945140649474 ], [ -37.103945248999935, -10.887988679649514 ] ] ] } },
{ "type": "Feature", "properties": { "num_setor": "SE_ARACAJU_SR_014_CPRM", "munic": "ARACAJU", "grau_risco": "Muito alto", "distancia_km": 1.61, "chuva_24h": 1.4, "chuva_72h": 17.7, "fonte_estacao": "openmeteo", "codigo_estacao": "openmeteo", "nome_estacao": "Open-Meteo (célula de grade)" }, "geometry": { "type": "Polygon", "coordinates": [ [ [ -37.096783206999937, -10.878520107649793 ], [ -37.096682855999973, -10.878646371649758 ], [ -37.096526749999953, -10.878489802649808 ], [ -37.096436655999973, -10.878419162649765 ], [ -37.096351222999942, -10.878366383649773 ], [ -37.096271627999954, -10.878340263649809 ], [ -37.096168530999932, -10.878329705649763 ], [ -37.096069294999943, -10.878324403649778 ], [ -37.095816531999965, -10.878320858649762 ], [ -37.095821131999969, -10.878184591649804 ], [ -37.096164336999948, -10.878194127649802 ], [ -37.096265040999981, -10.878205505649809 ], [ -37.09637084099996, -10.878207394649783 ], [ -37.096444390999977, -10.878226181649765 ], [ -37.096487454999931, -10.878244778649774 ], [ -37.096530814999937, -10.878268672649817 ], [ -37.096594968999973, -10.878311969649799 ], [ -37.096653581999931, -10.878359455649774 ], [ -37.096719915999984, -10.878432526649805 ], [ -37.096783206999937, -10.878520107649793 ] ] ] } },
{ "type": "Feature", "properties": { "num_setor": "SE_ARACAJU_SR_019_CPRM", "munic": "ARACAJU", "grau_risco": "Muito alto", "distancia_km": 1.85, "chuva_24h": 1.3, "chuva_72h": 20.5, "fonte_estacao": "openmeteo", "codigo_estacao": "openmeteo", "nome_estacao": "Open-Meteo (célula de grade)" }, "geometry": { "type": "Polygon", "coordinates": [ [ [ -37.053608122999947, -10.876217869649837 ], [ -37.053476349999983, -10.876368607649836 ], [ -37.053368217999946, -10.87637080964986 ], [ -37.053310766999971, -10.876418640649815 ], [ -37.053237159999981, -10.876567609649827 ], [ -37.05323756699994, -10.87667417564982 ], [ -37.053267511999934, -10.876803368649837 ], [ -37.053249565999977, -10.876879077649814 ], [ -37.053132489999946, -10.876805535649829 ], [ -37.053005732999964, -10.876704084649857 ], [ -37.053078084999981, -10.876555618649816 ], [ -37.053123132999929, -10.876319572649827 ], [ -37.053150402999961, -10.87622023764987 ], [ -37.053220162999935, -10.876155379649841 ], [ -37.053338286999974, -10.876128380649842 ], [ -37.053471499999944, -10.87614069464985 ], [ -37.053608122999947, -10.876217869649837 ] ] ] } },
{ "type": "Feature", "properties": { "num_setor": "SE_ARACAJU_SR_020_CPRM", "munic": "ARACAJU", "grau_risco": "Alto", "distancia_km": 1.61, "chuva_24h": 1.2, "chuva_72h": 21.8, "fonte_estacao": "openmeteo", "codigo_estacao": "openmeteo", "nome_estacao": "Open-Meteo (célula de grade)" }, "geometry": { "type": "Polygon", "coordinates": [ [ [ -37.088820599999963, -10.889822436649442 ], [ -37.089148556999923, -10.89064665764943 ], [ -37.089116030999953, -10.890961585649391 ], [ -37.089254095999934, -10.890935434649405 ], [ -37.089295992999951, -10.891064905649385 ], [ -37.089219293999975, -10.891244991649375 ], [ -37.089093642999956, -10.891424318649388 ], [ -37.089064980999972, -10.891474256649399 ], [ -37.08905488399995, -10.891474256649399 ], [ -37.088802402999924, -10.891548392649367 ], [ -37.088587329999939, -10.891579274649395 ], [ -37.087909153999924, -10.891826872649373 ], [ -37.087986416999968, -10.892671922649356 ], [ -37.088380046999923, -10.892782379649365 ], [ -37.088407389999929, -10.892621198649357 ], [ -37.088885824999977, -10.892679145649369 ], [ -37.089236832999973, -10.892682748649355 ], [ -37.089526634999977, -10.892785915649366 ], [ -37.089427084999954, -10.893069524649311 ], [ -37.090213890999962, -10.893372221649301 ], [ -37.090142506999932, -10.893517069649342 ], [ -37.090083528999976, -10.893730526649307 ], [ -37.090069039999946, -10.893898493649283 ], [ -37.090098739999974, -10.894176338649304 ], [ -37.090067928999922, -10.89445413264929 ], [ -37.09009384899997, -10.894952805649257 ], [ -37.090209465999969, -10.895207475649256 ], [ -37.090281662999985, -10.895345171649266 ], [ -37.09033580899996, -10.895420021649251 ], [ -37.090429653999934, -10.895559106649243 ], [ -37.09049332099994, -10.895873057649242 ], [ -37.090416876999939, -10.895910013649278 ], [ -37.090391108999945, -10.89596654764923 ], [ -37.090380142999948, -10.89607754664924 ], [ -37.090251930999955, -10.896348078649224 ], [ -37.090312645999973, -10.896572644649208 ], [ -37.090036884999961, -10.896645287649211 ], [ -37.090055493999955, -10.896929005649197 ], [ -37.090023451999976, -10.897443262649197 ], [ -37.090214042999946, -10.89744965664922 ], [ -37.09017128399995, -10.897680004649166 ], [ -37.089911152999946, -10.897680004649166 ], [ -37.089881852999952, -10.897553864649208 ], [ -37.089775332999977, -10.896788748649204 ], [ -37.089868808999938, -10.896445064649246 ], [ -37.090036679999969, -10.896338935649228 ], [ -37.090094704999956, -10.896127265649236 ], [ -37.09010688099994, -10.89585119064926 ], [ -37.090089294999984, -10.89558382364927 ], [ -37.090075834999936, -10.895349624649242 ], [ -37.090026887999954, -10.895164860649272 ], [ -37.089752006999959, -10.895203035649255 ], [ -37.089580042999948, -10.895028413649284 ], [ -37.089524437999955, -10.894807666649278 ], [ -37.089507878999939, -10.894578183649291 ], [ -37.089454025999942, -10.894170825649285 ], [ -37.089613057999941, -10.893799186649311 ], [ -37.089495653999954, -10.893527896649326 ], [ -37.089360051999961, -10.893613572649349 ], [ -37.089290940999945, -10.893424695649324 ], [ -37.088999482999945, -10.89335537264933 ], [ -37.088761412999929, -10.893214110649341 ], [ -37.088580844999967, -10.893163092649315 ], [ -37.088429233999932, -10.893096994649333 ], [ -37.088077253999984, -10.893029851649304 ], [ -37.08790723, -10.893047464649323 ], [ -37.08782668899994, -10.892919596649335 ], [ -37.087432332999981, -10.892016673649342 ], [ -37.087438308999936, -10.891436590649372 ], [ -37.087505774999961, -10.891255992649397 ], [ -37.087627406999957, -10.891016048649421 ], [ -37.087418419999949, -10.89084079864938 ], [ -37.087889178999944, -10.890641060649394 ], [ -37.087734381999958, -10.890320847649392 ], [ -37.088205067999979, -10.890081827649414 ], [ -37.088592345999977, -10.889834893649409 ], [ -37.088820599999963, -10.889822436649442 ] ] ] } },
{ "type": "Feature", "properties": { "num_setor": "SE_ARACAJU_SR_025_CPRM", "munic": "ARACAJU", "grau_risco": "Alto", "distancia_km": 0.38, "chuva_24h": 1.2, "chuva_72h": 21.8, "fonte_estacao": "openmeteo", "codigo_estacao": "openmeteo", "nome_estacao": "Open-Meteo (célula de grade)" }, "geometry": { "type": "Polygon", "coordinates": [ [ [ -37.072199659999967, -10.888109312649506 ], [ -37.071978994999938, -10.888582425649489 ], [ -37.071709558999942, -10.888457942649456 ], [ -37.07166420599998, -10.888576484649455 ], [ -37.071588841999983, -10.888544500649479 ], [ -37.071490132999948, -10.888730578649479 ], [ -37.071369767999954, -10.888682486649438 ], [ -37.07161662499994, -10.888158663649476 ], [ -37.071487948999959, -10.888079135649468 ], [ -37.071519007999939, -10.88800967764948 ], [ -37.071243084999935, -10.887894319649474 ], [ -37.07131654899996, -10.887743520649495 ], [ -37.072199659999967, -10.888109312649506 ] ] ] } },
{ "type": "Feature", "properties": { "num_setor": "SE_ARACAJU_SR_026_CPRM", "munic": "ARACAJU", "grau_risco": "Alto", "distancia_km": 0.47, "chuva_24h": 1.2, "chuva_72h": 21.8, "fonte_estacao": "openmeteo", "codigo_estacao": "openmeteo", "nome_estacao": "Open-Meteo (célula de grade)" }, "geometry": { "type": "Polygon", "coordinates": [ [ [ -37.070636786999955, -10.89071441564943 ], [ -37.070424488999947, -10.890870053649396 ], [ -37.07030580199995, -10.890940396649393 ], [ -37.070028640999972, -10.891112096649401 ], [ -37.069984903999966, -10.891158462649395 ], [ -37.069947462999949, -10.891228176649399 ], [ -37.069922769999948, -10.891321447649364 ], [ -37.069929811999941, -10.891412580649373 ], [ -37.069863447999978, -10.891469625649371 ], [ -37.069762826999977, -10.89136242264941 ], [ -37.069754063999937, -10.891271512649372 ], [ -37.069841360999938, -10.891030142649411 ], [ -37.06968593199997, -10.890883941649406 ], [ -37.069760483999971, -10.89076772364939 ], [ -37.069907580999939, -10.890630472649383 ], [ -37.070062223999969, -10.890453627649393 ], [ -37.070374535999974, -10.890191658649449 ], [ -37.070636786999955, -10.89071441564943 ] ] ] } },
{ "type": "Feature", "properties": { "num_setor": "SE_ARACAJU_SR_015_CPRM", "munic": "ARACAJU", "grau_risco": "Muito alto", "distancia_km": 0.5, "chuva_24h": 1.2, "chuva_72h": 21.8, "fonte_estacao": "openmeteo", "codigo_estacao": "openmeteo", "nome_estacao": "Open-Meteo (célula de grade)" }, "geometry": { "type": "Polygon", "coordinates": [ [ [ -37.070950634999967, -10.887806933649511 ], [ -37.070891400999983, -10.887923449649497 ], [ -37.070948870999985, -10.887964985649464 ], [ -37.070897364999951, -10.888083850649508 ], [ -37.070977680999931, -10.888114853649506 ], [ -37.070916066999978, -10.888225339649493 ], [ -37.070789893999972, -10.888141932649463 ], [ -37.070511680999971, -10.888503113649469 ], [ -37.070343582999961, -10.888361112649502 ], [ -37.070468597999927, -10.888180083649473 ], [ -37.070555770999931, -10.888023663649477 ], [ -37.070520097999974, -10.888008437649466 ], [ -37.070329917999963, -10.887927267649486 ], [ -37.070276393999968, -10.887880897649477 ], [ -37.070215954999981, -10.887989067649507 ], [ -37.070017419999942, -10.887906165649476 ], [ -37.070174141999985, -10.887510934649523 ], [ -37.070384556999954, -10.887558170649511 ], [ -37.070950634999967, -10.887806933649511 ] ] ] } },
{ "type": "Feature", "properties": { "num_setor": "SE_ARACAJU_SR_016_CPRM", "munic": "ARACAJU", "grau_risco": "Alto", "distancia_km": 0.48, "chuva_24h": 1.2, "chuva_72h": 21.8, "fonte_estacao": "openmeteo", "codigo_estacao": "openmeteo", "nome_estacao": "Open-Meteo (célula de grade)" }, "geometry": { "type": "Polygon", "coordinates": [ [ [ -37.070638258999971, -10.88951021264943 ], [ -37.070597353999972, -10.889635602649415 ], [ -37.070470631999967, -10.889642978649459 ], [ -37.070286933999959, -10.889565853649437 ], [ -37.070080468999947, -10.889401728649416 ], [ -37.070016303999978, -10.889311898649446 ], [ -37.069962387999965, -10.889281257649426 ], [ -37.069805541999983, -10.889448501649424 ], [ -37.069643490999965, -10.889349654649426 ], [ -37.069827829999952, -10.889063064649465 ], [ -37.070638258999971, -10.88951021264943 ] ] ] } },
{ "type": "Feature", "properties": { "num_setor": "SE_ARACAJU_SR_037_CPRM", "munic": "ARACAJU", "grau_risco": "Alto", "distancia_km": 1.55, "chuva_24h": 1.3, "chuva_72h": 20.5, "fonte_estacao": "openmeteo", "codigo_estacao": "openmeteo", "nome_estacao": "Open-Meteo (célula de grade)" }, "geometry": { "type": "Polygon", "coordinates": [ [ [ -37.058703966999929, -10.892990678649364 ], [ -37.058613354999984, -10.892946530649333 ], [ -37.058518181999943, -10.892903463649354 ], [ -37.058473981999953, -10.892847596649341 ], [ -37.058538300999942, -10.892780962649338 ], [ -37.058581414999935, -10.892719993649335 ], [ -37.058616039999947, -10.892624212649368 ], [ -37.05860681799993, -10.89256697664934 ], [ -37.058660181999976, -10.892510374649371 ], [ -37.058746510999988, -10.892324439649386 ], [ -37.058786040999962, -10.892205617649344 ], [ -37.058769681999934, -10.892114144649348 ], [ -37.058814727999959, -10.891900834649366 ], [ -37.058663227999944, -10.891835617649379 ], [ -37.058648099999971, -10.891785505649379 ], [ -37.058677515999932, -10.89173268564938 ], [ -37.058773404999954, -10.891647451649392 ], [ -37.058835410999968, -10.891529418649364 ], [ -37.058864737999954, -10.891494117649403 ], [ -37.058888336999978, -10.891455458649364 ], [ -37.058912319999934, -10.891427478649385 ], [ -37.058957567999983, -10.891351134649415 ], [ -37.059019628999977, -10.891241911649379 ], [ -37.059106701999951, -10.891178038649397 ], [ -37.05917272399995, -10.89117700864937 ], [ -37.059150829999965, -10.891273474649372 ], [ -37.059130231999966, -10.891663610649381 ], [ -37.059049554999952, -10.891667754649379 ], [ -37.05906605399997, -10.891886971649374 ], [ -37.059067423999977, -10.892036730649375 ], [ -37.05901122399996, -10.892152005649351 ], [ -37.059003532999959, -10.892277208649334 ], [ -37.058991126999949, -10.892356023649384 ], [ -37.058949795999979, -10.892431036649331 ], [ -37.058915859999956, -10.892512961649352 ], [ -37.05886781199996, -10.892581187649345 ], [ -37.058849152999983, -10.892650019649356 ], [ -37.058823882999945, -10.892721195649361 ], [ -37.058779798999979, -10.89278229564934 ], [ -37.058703966999929, -10.892990678649364 ] ] ] } },
{ "type": "Feature", "properties": { "num_setor": "SE_ARACAJU_SR_038_CPRM", "munic": "ARACAJU", "grau_risco": "Alto", "distancia_km": 1.78, "chuva_24h": 1.4, "chuva_72h": 17.7, "fonte_estacao": "openmeteo", "codigo_estacao": "openmeteo", "nome_estacao": "Open-Meteo (célula de grade)" }, "geometry": { "type": "Polygon", "coordinates": [ [ [ -37.095754122999956, -10.877195497649804 ], [ -37.09573, -10.877326850649832 ], [ -37.095437133999951, -10.877286026649832 ], [ -37.095379632999936, -10.877286027649818 ], [ -37.095324325999968, -10.87736082464979 ], [ -37.095236890999956, -10.877298669649827 ], [ -37.095128603999967, -10.877279681649805 ], [ -37.09502323199996, -10.87727650064979 ], [ -37.094919377999929, -10.877292358649829 ], [ -37.094654600999945, -10.877652781649783 ], [ -37.094429033999972, -10.8779824096498 ], [ -37.094233930999962, -10.877961925649801 ], [ -37.094300204999975, -10.877856580649794 ], [ -37.094370458999947, -10.877721134649795 ], [ -37.094502922999936, -10.877579316649824 ], [ -37.094675981999956, -10.877333069649826 ], [ -37.094795917999932, -10.877205375649817 ], [ -37.094896994999942, -10.877172298649803 ], [ -37.09503372599994, -10.877185586649798 ], [ -37.095665673999974, -10.877185582649833 ], [ -37.095754122999956, -10.877195497649804 ] ] ] } },
{ "type": "Feature", "properties": { "num_setor": "SE_ARACAJU_SR_011_CPRM", "munic": "ARACAJU", "grau_risco": "Muito alto", "distancia_km": 0.62, "chuva_24h": 1.2, "chuva_72h": 21.8, "fonte_estacao": "openmeteo", "codigo_estacao": "openmeteo", "nome_estacao": "Open-Meteo (célula de grade)" }, "geometry": { "type": "Polygon", "coordinates": [ [ [ -37.079686315999936, -10.922174502648438 ], [ -37.079682520999945, -10.922460371648407 ], [ -37.079655258999935, -10.922582392648451 ], [ -37.079568890999951, -10.92275984664842 ], [ -37.079322949999948, -10.922789867648412 ], [ -37.07922390899995, -10.922766564648439 ], [ -37.079169194999963, -10.922724108648413 ], [ -37.07913610099996, -10.922680535648448 ], [ -37.079108957999949, -10.922576767648419 ], [ -37.079087038999944, -10.922380411648421 ], [ -37.079086833999952, -10.922179170648469 ], [ -37.07932029899996, -10.922206969648419 ], [ -37.07934005699996, -10.922430035648457 ], [ -37.079503182999929, -10.922440205648449 ], [ -37.079511760999935, -10.922320769648426 ], [ -37.079555293999931, -10.922333714648467 ], [ -37.079543921999971, -10.922225280648439 ], [ -37.079569810999942, -10.922169818648461 ], [ -37.079686315999936, -10.922174502648438 ] ] ] } },
{ "type": "Feature", "properties": { "num_setor": "SE_ARACAJU_SR_012_CPRM", "munic": "ARACAJU", "grau_risco": "Alto", "distancia_km": 0.46, "chuva_24h": 1.4, "chuva_72h": 17.7, "fonte_estacao": "openmeteo", "codigo_estacao": "openmeteo", "nome_estacao": "Open-Meteo (célula de grade)" }, "geometry": { "type": "Polygon", "coordinates": [ [ [ -37.10198090199998, -10.892186026649389 ], [ -37.102057686999956, -10.892211081649371 ], [ -37.102031884999967, -10.892659120649343 ], [ -37.101854962999937, -10.892904649649321 ], [ -37.101940530999968, -10.894841874649263 ], [ -37.101338068999958, -10.895187830649247 ], [ -37.101199269999938, -10.894951090649268 ], [ -37.101497965999954, -10.894858082649291 ], [ -37.101637357999948, -10.894701438649292 ], [ -37.101615041999942, -10.893768289649328 ], [ -37.101638452999964, -10.892858522649355 ], [ -37.10159041299994, -10.892564464649357 ], [ -37.101599569999962, -10.892429765649364 ], [ -37.101888922999933, -10.892415552649386 ], [ -37.10198090199998, -10.892186026649389 ] ] ] } },
{ "type": "Feature", "properties": { "num_setor": "SE_ARACAJU_SR_017_CPRM", "munic": "ARACAJU", "grau_risco": "Alto", "distancia_km": 1.45, "chuva_24h": 1.3, "chuva_72h": 20.5, "fonte_estacao": "openmeteo", "codigo_estacao": "openmeteo", "nome_estacao": "Open-Meteo (célula de grade)" }, "geometry": { "type": "Polygon", "coordinates": [ [ [ -37.058127673999934, -10.89312571764934 ], [ -37.057935777999944, -10.893088445649356 ], [ -37.05761204099997, -10.893007072649358 ], [ -37.057616842999948, -10.892502538649362 ], [ -37.057566111999961, -10.892391568649327 ], [ -37.057624471999922, -10.892326194649355 ], [ -37.058114108999966, -10.892190929649379 ], [ -37.058150223, -10.892299632649344 ], [ -37.058192855999948, -10.89258528864935 ], [ -37.05818948499995, -10.892915053649336 ], [ -37.058127673999934, -10.89312571764934 ] ] ] } },
{ "type": "Feature", "properties": { "num_setor": "SE_ARACAJU_SR_018_CPRM", "munic": "ARACAJU", "grau_risco": "Alto", "distancia_km": 1.59, "chuva_24h": 1.3, "chuva_72h": 20.5, "fonte_estacao": "openmeteo", "codigo_estacao": "openmeteo", "nome_estacao": "Open-Meteo (célula de grade)" }, "geometry": { "type": "Polygon", "coordinates": [ [ [ -37.059009939999953, -10.895086133649258 ], [ -37.058987048999938, -10.895170007649298 ], [ -37.058821893999948, -10.89514945164926 ], [ -37.058709046999979, -10.895186937649248 ], [ -37.058632858999943, -10.89522518864929 ], [ -37.05855948499994, -10.895298950649282 ], [ -37.058538022999983, -10.89540612764924 ], [ -37.058547964999953, -10.895527501649244 ], [ -37.058575660999963, -10.895618039649232 ], [ -37.058102960999975, -10.895671998649247 ], [ -37.058107537999945, -10.895534169649263 ], [ -37.058114904999968, -10.895456206649243 ], [ -37.058132864999948, -10.895381165649248 ], [ -37.058184594999943, -10.895238276649293 ], [ -37.058225058999938, -10.895154618649302 ], [ -37.058277264999965, -10.89507894564928 ], [ -37.058442665999962, -10.894844873649269 ], [ -37.059009939999953, -10.895086133649258 ] ] ] } },
{ "type": "Feature", "properties": { "num_setor": "SE_ARACAJU_SR_039_CPRM", "munic": "ARACAJU", "grau_risco": "Alto", "distancia_km": 0.96, "chuva_24h": 1.4, "chuva_72h": 17.7, "fonte_estacao": "openmeteo", "codigo_estacao": "openmeteo", "nome_estacao": "Open-Meteo (célula de grade)" }, "geometry": { "type": "Polygon", "coordinates": [ [ [ -37.103114169999969, -10.898381077649157 ], [ -37.103056752999983, -10.898527679649188 ], [ -37.103003534999978, -10.898630562649139 ], [ -37.10293810099995, -10.898739477649183 ], [ -37.10289430499995, -10.898786079649186 ], [ -37.102864569999952, -10.898826325649152 ], [ -37.102802137999952, -10.898859049649143 ], [ -37.102710501999979, -10.898923926649141 ], [ -37.102651280999964, -10.898999263649138 ], [ -37.102617739999971, -10.899051101649123 ], [ -37.10249738899995, -10.899110553649145 ], [ -37.102412947999937, -10.89895447764915 ], [ -37.102493299999935, -10.898914326649141 ], [ -37.102614, -10.898842520649156 ], [ -37.102701551999985, -10.898761186649143 ], [ -37.102768278999974, -10.898649322649185 ], [ -37.102832237999962, -10.898525720649157 ], [ -37.102890257999945, -10.898405955649194 ], [ -37.102823193999939, -10.898317975649148 ], [ -37.102744616999985, -10.898229837649186 ], [ -37.102619773999947, -10.898066848649202 ], [ -37.102727352999977, -10.897974527649192 ], [ -37.103114169999969, -10.898381077649157 ] ] ] } },
{ "type": "Feature", "properties": { "num_setor": "SE_ARACAJU_SR_040_CPRM", "munic": "ARACAJU", "grau_risco": "Alto", "distancia_km": 2.04, "chuva_24h": 1.2, "chuva_72h": 21.8, "fonte_estacao": "openmeteo", "codigo_estacao": "openmeteo", "nome_estacao": "Open-Meteo (célula de grade)" }, "geometry": { "type": "Polygon", "coordinates": [ [ [ -37.087973810999983, -10.877042224649847 ], [ -37.08794950999993, -10.877211115649821 ], [ -37.087652652999964, -10.878036540649816 ], [ -37.08755104599993, -10.878117498649768 ], [ -37.087487208999967, -10.878230684649784 ], [ -37.087278782999931, -10.878213551649809 ], [ -37.087233774999959, -10.878289870649773 ], [ -37.087176426, -10.878442006649765 ], [ -37.087120863999985, -10.878439359649782 ], [ -37.087044662, -10.878399359649778 ], [ -37.086972765999981, -10.878512539649797 ], [ -37.086832271999981, -10.878460462649784 ], [ -37.087158202999944, -10.87822213064981 ], [ -37.087369680999984, -10.878009065649795 ], [ -37.08741600299993, -10.877912486649789 ], [ -37.087646832999951, -10.877723293649815 ], [ -37.087731446999946, -10.877199322649824 ], [ -37.087736108999934, -10.876988256649804 ], [ -37.087973810999983, -10.877042224649847 ] ] ] } },
{ "type": "Feature", "properties": { "num_setor": "SE_ARACAJU_SR_029_CPRM", "munic": "ARACAJU", "grau_risco": "Alto", "distancia_km": 0.88, "chuva_24h": 1.2, "chuva_72h": 21.8, "fonte_estacao": "openmeteo", "codigo_estacao": "openmeteo", "nome_estacao": "Open-Meteo (célula de grade)" }, "geometry": { "type": "Polygon", "coordinates": [ [ [ -37.075099179999938, -10.882463218649635 ], [ -37.074858223999961, -10.88267700564964 ], [ -37.074686535999938, -10.882807386649654 ], [ -37.074498432999974, -10.882919349649644 ], [ -37.073993286999951, -10.883224848649615 ], [ -37.073875502999947, -10.882948303649655 ], [ -37.073836287999939, -10.88276963464963 ], [ -37.074020455999971, -10.882685808649649 ], [ -37.074273915999981, -10.882556587649644 ], [ -37.074836059999939, -10.882138794649656 ], [ -37.075099179999938, -10.882463218649635 ] ] ] } },
{ "type": "Feature", "properties": { "num_setor": "SE_ARACAJU_SR_030_CPRM", "munic": "ARACAJU", "grau_risco": "Muito alto", "distancia_km": 0.45, "chuva_24h": 1.2, "chuva_72h": 21.8, "fonte_estacao": "openmeteo", "codigo_estacao": "openmeteo", "nome_estacao": "Open-Meteo (célula de grade)" }, "geometry": { "type": "Polygon", "coordinates": [ [ [ -37.070727044999956, -10.891878970649348 ], [ -37.070635856999957, -10.89193235264937 ], [ -37.070613365999975, -10.891882974649349 ], [ -37.070532686999968, -10.891936249649371 ], [ -37.070428169999957, -10.891748510649371 ], [ -37.070530355999956, -10.891683296649349 ], [ -37.070592128999969, -10.891652141649365 ], [ -37.070727044999956, -10.891878970649348 ] ] ] } },
{ "type": "Feature", "properties": { "num_setor": "SE_ARACAJU_SR_035_CPRM", "munic": "ARACAJU", "grau_risco": "Muito alto", "distancia_km": 2.18, "chuva_24h": 1.3, "chuva_72h": 20.5, "fonte_estacao": "openmeteo", "codigo_estacao": "openmeteo", "nome_estacao": "Open-Meteo (célula de grade)" }, "geometry": { "type": "Polygon", "coordinates": [ [ [ -37.059876993999978, -10.873808014649923 ], [ -37.059226376999952, -10.873993843649888 ], [ -37.059314944999983, -10.873825257649916 ], [ -37.05947841699998, -10.873737540649941 ], [ -37.059362436999947, -10.87348541264995 ], [ -37.059185656999944, -10.873276383649937 ], [ -37.059140113999945, -10.87317722164997 ], [ -37.059226901999978, -10.873064563649939 ], [ -37.059358396999983, -10.873145160649958 ], [ -37.059518311999966, -10.873281923649952 ], [ -37.059700095999972, -10.873482886649942 ], [ -37.059821720999935, -10.873652918649906 ], [ -37.059876993999978, -10.873808014649923 ] ] ] } },
{ "type": "Feature", "properties": { "num_setor": "SE_ARACAJU_SR_036_CPRM", "munic": "ARACAJU", "grau_risco": "Muito alto", "distancia_km": 2.21, "chuva_24h": 1.3, "chuva_72h": 20.5, "fonte_estacao": "openmeteo", "codigo_estacao": "openmeteo", "nome_estacao": "Open-Meteo (célula de grade)" }, "geometry": { "type": "Polygon", "coordinates": [ [ [ -37.05833836599993, -10.875352636649859 ], [ -37.05814484299998, -10.875446323649857 ], [ -37.058011483999962, -10.875476323649892 ], [ -37.057836671999951, -10.875493697649873 ], [ -37.057836810999959, -10.875205997649882 ], [ -37.058042158999967, -10.875178813649907 ], [ -37.058329931999943, -10.875081143649904 ], [ -37.05833836599993, -10.875352636649859 ] ] ] } },
{ "type": "Feature", "properties": { "num_setor": "SE_ARACAJU_SR_041_CPRM", "munic": "ARACAJU", "grau_risco": "Alto", "distancia_km": 1.45, "chuva_24h": 1.2, "chuva_72h": 21.8, "fonte_estacao": "openmeteo", "codigo_estacao": "openmeteo", "nome_estacao": "Open-Meteo (célula de grade)" }, "geometry": { "type": "Polygon", "coordinates": [ [ [ -37.08861808599994, -10.884579582649589 ], [ -37.088206109999931, -10.884866971649574 ], [ -37.08809634499994, -10.884713869649563 ], [ -37.087366415999952, -10.884822143649574 ], [ -37.08688918799993, -10.88483903764957 ], [ -37.086383871999942, -10.885069364649556 ], [ -37.085413599999981, -10.885727697649527 ], [ -37.084999603999961, -10.885980447649533 ], [ -37.08450883099993, -10.886313607649555 ], [ -37.08404218, -10.885657895649551 ], [ -37.08472323899997, -10.885117281649576 ], [ -37.084998992999942, -10.884891003649566 ], [ -37.085757018999971, -10.884374152649606 ], [ -37.086357497999977, -10.883819928649634 ], [ -37.08606545199995, -10.88347522864961 ], [ -37.086558916999934, -10.883130407649633 ], [ -37.08861808599994, -10.884579582649589 ] ] ] } },
{ "type": "Feature", "properties": { "num_setor": "SE_ARACAJU_SR_042_CPRM", "munic": "ARACAJU", "grau_risco": "Alto", "distancia_km": 1.93, "chuva_24h": 1.4, "chuva_72h": 17.7, "fonte_estacao": "openmeteo", "codigo_estacao": "openmeteo", "nome_estacao": "Open-Meteo (célula de grade)" }, "geometry": { "type": "Polygon", "coordinates": [ [ [ -37.092667003999964, -10.904963324648943 ], [ -37.092589097999962, -10.904954389648958 ], [ -37.092612892999966, -10.904807062648986 ], [ -37.092489913999941, -10.904770225648949 ], [ -37.092499722999946, -10.904648510648979 ], [ -37.092351890999957, -10.903804661649023 ], [ -37.092324107999957, -10.903685152649022 ], [ -37.092286187999939, -10.903580000649024 ], [ -37.092215253999939, -10.903360000649016 ], [ -37.092137763999972, -10.903132125649023 ], [ -37.092625923999947, -10.902913942649008 ], [ -37.092545127999983, -10.902643520649043 ], [ -37.092550031999963, -10.90241793764902 ], [ -37.092383378999955, -10.901932367649069 ], [ -37.092178970999953, -10.902008227649048 ], [ -37.092113145, -10.901788971649077 ], [ -37.091909477999934, -10.901826309649048 ], [ -37.091857736999941, -10.901676773649072 ], [ -37.092078072999989, -10.901608519649086 ], [ -37.092246105999948, -10.901453271649098 ], [ -37.092080996999982, -10.901134846649109 ], [ -37.092175803999965, -10.901018893649088 ], [ -37.092260940999942, -10.900995975649069 ], [ -37.092442362999968, -10.901317984649056 ], [ -37.092494852999948, -10.901454969649093 ], [ -37.092645964999974, -10.901681647649077 ], [ -37.092486659999963, -10.901830258649065 ], [ -37.092595646999939, -10.902011352649088 ], [ -37.092769439999984, -10.902546928649071 ], [ -37.092788479999967, -10.902924086649053 ], [ -37.092865944999971, -10.902913326649044 ], [ -37.092855833999977, -10.903349185649018 ], [ -37.092876402999934, -10.90368737064899 ], [ -37.09295601599996, -10.904086225648991 ], [ -37.092947725999977, -10.90423353064897 ], [ -37.092819736999957, -10.904501028648987 ], [ -37.092667003999964, -10.904963324648943 ] ] ] } },
{ "type": "Feature", "properties": { "num_setor": "SE_ARACAJU_SR_031_CPRM", "munic": "ARACAJU", "grau_risco": "Alto", "distancia_km": 1.03, "chuva_24h": 1.2, "chuva_72h": 21.8, "fonte_estacao": "openmeteo", "codigo_estacao": "openmeteo", "nome_estacao": "Open-Meteo (célula de grade)" }, "geometry": { "type": "Polygon", "coordinates": [ [ [ -37.065742770999975, -10.887946243649514 ], [ -37.065616444999932, -10.887998518649487 ], [ -37.065346502999944, -10.888129996649495 ], [ -37.065320978999971, -10.888051300649495 ], [ -37.065280770999948, -10.887967165649489 ], [ -37.065232731999977, -10.8878435166495 ], [ -37.06514673199996, -10.887621179649488 ], [ -37.06507239299998, -10.887374932649488 ], [ -37.065462256999979, -10.887174579649532 ], [ -37.06550245699998, -10.887276963649528 ], [ -37.065529891999972, -10.887406250649518 ], [ -37.065580126999976, -10.88752452064948 ], [ -37.065590636999957, -10.887629151649477 ], [ -37.065583012999973, -10.887682887649515 ], [ -37.065586258999929, -10.887727029649497 ], [ -37.065603935999945, -10.887785838649485 ], [ -37.065644735999975, -10.887840923649474 ], [ -37.065697403999934, -10.88789110164951 ], [ -37.065742770999975, -10.887946243649514 ] ] ] } },
{ "type": "Feature", "properties": { "num_setor": "SE_ARACAJU_SR_032_CPRM", "munic": "ARACAJU", "grau_risco": "Muito alto", "distancia_km": 0.96, "chuva_24h": 1.2, "chuva_72h": 21.8, "fonte_estacao": "openmeteo", "codigo_estacao": "openmeteo", "nome_estacao": "Open-Meteo (célula de grade)" }, "geometry": { "type": "Polygon", "coordinates": [ [ [ -37.066132411999945, -10.887619442649498 ], [ -37.066151586999986, -10.887877522649466 ], [ -37.065912419999961, -10.887906344649512 ], [ -37.065891281999939, -10.887693875649504 ], [ -37.066132411999945, -10.887619442649498 ] ] ] } },
{ "type": "Feature", "properties": { "num_setor": "SE_ARACAJU_SR_027_CPRM", "munic": "ARACAJU", "grau_risco": "Alto", "distancia_km": 1.18, "chuva_24h": 1.2, "chuva_72h": 21.8, "fonte_estacao": "openmeteo", "codigo_estacao": "openmeteo", "nome_estacao": "Open-Meteo (célula de grade)" }, "geometry": { "type": "Polygon", "coordinates": [ [ [ -37.064291073999982, -10.888261880649472 ], [ -37.063619532999951, -10.888902666649473 ], [ -37.063422734999953, -10.888711855649444 ], [ -37.063350628999956, -10.888789056649447 ], [ -37.063130317999935, -10.888602436649494 ], [ -37.063281078999978, -10.888464867649493 ], [ -37.063417017999932, -10.888539631649468 ], [ -37.064057051999953, -10.888080405649513 ], [ -37.064083521999983, -10.88809593564949 ], [ -37.064291073999982, -10.888261880649472 ] ] ] } },
{ "type": "Feature", "properties": { "num_setor": "SE_ARACAJU_SR_028_CPRM", "munic": "ARACAJU", "grau_risco": "Alto", "distancia_km": 0.59, "chuva_24h": 1.2, "chuva_72h": 21.8, "fonte_estacao": "openmeteo", "codigo_estacao": "openmeteo", "nome_estacao": "Open-Meteo (célula de grade)" }, "geometry": { "type": "Polygon", "coordinates": [ [ [ -37.078021382999964, -10.895372833649256 ], [ -37.077761340999984, -10.89554880764925 ], [ -37.077586252999943, -10.895572199649248 ], [ -37.077505771999938, -10.895311663649272 ], [ -37.077376879999974, -10.89509853464925 ], [ -37.077169523999942, -10.894694899649267 ], [ -37.076827787999946, -10.894192697649268 ], [ -37.07665448999996, -10.894043132649319 ], [ -37.076510203999931, -10.893827545649314 ], [ -37.076869917999943, -10.893686641649339 ], [ -37.078021382999964, -10.895372833649256 ] ] ] } },
{ "type": "Feature", "properties": { "num_setor": "SE_ARACAJU_SR_033_CPRM", "munic": "ARACAJU", "grau_risco": "Alto", "distancia_km": 2.14, "chuva_24h": 1.3, "chuva_72h": 20.5, "fonte_estacao": "openmeteo", "codigo_estacao": "openmeteo", "nome_estacao": "Open-Meteo (célula de grade)" }, "geometry": { "type": "Polygon", "coordinates": [ [ [ -37.058757747999941, -10.876922566649828 ], [ -37.058726784999976, -10.877026371649796 ], [ -37.058661274999963, -10.877133802649807 ], [ -37.058593013999939, -10.877304210649834 ], [ -37.05856119699996, -10.877398174649798 ], [ -37.058401860999936, -10.877343209649796 ], [ -37.058431525999929, -10.877241025649841 ], [ -37.058541802999969, -10.877036241649844 ], [ -37.058608687999936, -10.876895607649809 ], [ -37.058757747999941, -10.876922566649828 ] ] ] } },
{ "type": "Feature", "properties": { "num_setor": "SE_ARACAJU_SR_034_CPRM", "munic": "ARACAJU", "grau_risco": "Alto", "distancia_km": 2.11, "chuva_24h": 1.3, "chuva_72h": 20.5, "fonte_estacao": "openmeteo", "codigo_estacao": "openmeteo", "nome_estacao": "Open-Meteo (célula de grade)" }, "geometry": { "type": "Polygon", "coordinates": [ [ [ -37.058915467999952, -10.873896918649923 ], [ -37.058850418999953, -10.8739175116499 ], [ -37.058756388999939, -10.873513005649924 ], [ -37.058686506999948, -10.873256886649953 ], [ -37.058628452999983, -10.872984286649949 ], [ -37.058795491999945, -10.872881709649945 ], [ -37.058990877999982, -10.873034004649963 ], [ -37.05904562499996, -10.873112654649937 ], [ -37.059098508999973, -10.873200265649958 ], [ -37.059135843999968, -10.873292960649929 ], [ -37.059004542999965, -10.87355497464991 ], [ -37.058931606999977, -10.873726303649915 ], [ -37.058915467999952, -10.873896918649923 ] ] ] } },
{ "type": "Feature", "properties": { "num_setor": "SE_ARACAJU_SR_043_CPRM", "munic": "ARACAJU", "grau_risco": "Alto", "distancia_km": 1.79, "chuva_24h": 1.2, "chuva_72h": 21.8, "fonte_estacao": "openmeteo", "codigo_estacao": "openmeteo", "nome_estacao": "Open-Meteo (célula de grade)" }, "geometry": { "type": "Polygon", "coordinates": [ [ [ -37.088622897999983, -10.898521990649147 ], [ -37.088404690999937, -10.898635018649136 ], [ -37.088215436999974, -10.898713345649169 ], [ -37.088226052999971, -10.898827478649185 ], [ -37.088203375999967, -10.898952974649131 ], [ -37.088053090999956, -10.899019417649168 ], [ -37.088072741999952, -10.899162456649131 ], [ -37.087979974999939, -10.899165282649138 ], [ -37.087948013999949, -10.899073398649168 ], [ -37.087656221999964, -10.899072383649159 ], [ -37.087660097999958, -10.89885548264918 ], [ -37.087917270999981, -10.898872295649179 ], [ -37.088011526999935, -10.898627006649171 ], [ -37.088143746999947, -10.898551982649151 ], [ -37.088225825999984, -10.89852743264918 ], [ -37.088236364999943, -10.898481346649188 ], [ -37.088320064999955, -10.898411812649151 ], [ -37.088345448999974, -10.898360359649185 ], [ -37.088499350999932, -10.898243284649203 ], [ -37.088622897999983, -10.898521990649147 ] ] ] } },
{ "type": "Feature", "properties": { "num_setor": "SE_ARACAJU_SR_044_CPRM", "munic": "ARACAJU", "grau_risco": "Alto", "distancia_km": 1.32, "chuva_24h": 1.3, "chuva_72h": 22.7, "fonte_estacao": "openmeteo", "codigo_estacao": "openmeteo", "nome_estacao": "Open-Meteo (célula de grade)" }, "geometry": { "type": "Polygon", "coordinates": [ [ [ -37.085475, -10.977751787646765 ], [ -37.084854133999954, -10.976696500646757 ], [ -37.085150891999945, -10.976428785646757 ], [ -37.085221350999973, -10.97646922664677 ], [ -37.085304781999987, -10.976527221646787 ], [ -37.085383957999966, -10.976607440646761 ], [ -37.085442162999982, -10.976604515646773 ], [ -37.085513240999944, -10.976604515646773 ], [ -37.085605386999923, -10.976554245646801 ], [ -37.085637452999947, -10.976490748646762 ], [ -37.085862418999966, -10.9763036026468 ], [ -37.08590216999994, -10.976260531646805 ], [ -37.08595467899994, -10.976290423646791 ], [ -37.086085175999983, -10.976257189646796 ], [ -37.086204119999934, -10.976165369646768 ], [ -37.08632356399994, -10.976036531646804 ], [ -37.08638945499996, -10.975978906646802 ], [ -37.086490427999927, -10.975922583646776 ], [ -37.086522233999972, -10.975898039646786 ], [ -37.086496508999971, -10.975836987646817 ], [ -37.086528098999963, -10.975805886646826 ], [ -37.086616490999972, -10.975817240646812 ], [ -37.086707488999934, -10.975834175646831 ], [ -37.086791948999966, -10.97581156964681 ], [ -37.086849183999959, -10.975771509646814 ], [ -37.086916412999983, -10.97571904664678 ], [ -37.086934848999938, -10.97565643764678 ], [ -37.086964394999931, -10.975554866646833 ], [ -37.087037506999934, -10.975542281646792 ], [ -37.087033246999965, -10.97549775264682 ], [ -37.087079015999961, -10.975396413646791 ], [ -37.087175518999963, -10.97537634964683 ], [ -37.087275471999931, -10.97534257564681 ], [ -37.087374779999948, -10.975383051646793 ], [ -37.087413437999942, -10.97540306564682 ], [ -37.087448172999984, -10.975449193646824 ], [ -37.08750351499998, -10.975429520646827 ], [ -37.087565694999967, -10.97538973764679 ], [ -37.087606327999936, -10.975369623646795 ], [ -37.087667870999951, -10.975322103646789 ], [ -37.087690023999983, -10.975342569646816 ], [ -37.087746209999985, -10.975362882646811 ], [ -37.087832237999976, -10.975345963646793 ], [ -37.087861348999979, -10.975322099646833 ], [ -37.087904153999943, -10.975252750646835 ], [ -37.087949755999944, -10.975273738646795 ], [ -37.088038207999936, -10.975235135646843 ], [ -37.088123050999968, -10.975192402646808 ], [ -37.08820000999998, -10.975170787646828 ], [ -37.088271205999952, -10.975256251646821 ], [ -37.087175914999932, -10.975783003646781 ], [ -37.086456682999938, -10.97620494064677 ], [ -37.086043131999929, -10.976499006646801 ], [ -37.085776365999941, -10.976644722646755 ], [ -37.085269430999972, -10.976948585646745 ], [ -37.085748424999963, -10.977566292646737 ], [ -37.085475, -10.977751787646765 ] ] ] } },
{ "type": "Feature", "properties": { "num_setor": "SE_ARACAJU_SR_006_CPRM", "munic": "ARACAJU", "grau_risco": "Alto", "distancia_km": 1.24, "chuva_24h": 1.2, "chuva_72h": 21.8, "fonte_estacao": "openmeteo", "codigo_estacao": "openmeteo", "nome_estacao": "Open-Meteo (célula de grade)" }, "geometry": { "type": "Polygon", "coordinates": [ [ [ -37.074178512999936, -10.938326952647936 ], [ -37.074265282999932, -10.938809158647942 ], [ -37.074164282999959, -10.938809159647928 ], [ -37.073909762999961, -10.938749662647936 ], [ -37.072855331999961, -10.938737766647941 ], [ -37.072495776999972, -10.938951960647909 ], [ -37.072249340999974, -10.939055090647916 ], [ -37.072225100999958, -10.939281182647902 ], [ -37.072083701999929, -10.939622305647889 ], [ -37.071918062999934, -10.939566774647902 ], [ -37.071877664999931, -10.939225651647916 ], [ -37.071901904999947, -10.939059056647933 ], [ -37.071728186999962, -10.939023357647905 ], [ -37.071340350999954, -10.938864694647929 ], [ -37.071404990999959, -10.938749664647917 ], [ -37.071815791999938, -10.938859560647938 ], [ -37.072056341999939, -10.938908021647944 ], [ -37.072198771999979, -10.938909510647939 ], [ -37.072506928999985, -10.93882627064791 ], [ -37.072486091999963, -10.938699729647922 ], [ -37.072650518999978, -10.938623663647963 ], [ -37.072793751999939, -10.938601009647947 ], [ -37.072766691999959, -10.938403737647969 ], [ -37.073020413999977, -10.938387569647976 ], [ -37.073069955999983, -10.938441250647964 ], [ -37.074178512999936, -10.938326952647936 ] ] ] } },
{ "type": "Feature", "properties": { "num_setor": "SE_NEOPOLI_SR_4_CPRM", "munic": "NEÓPOLIS", "grau_risco": "Alto", "distancia_km": 0.47, "chuva_24h": 1.1, "chuva_72h": 5.9, "fonte_estacao": "openmeteo", "codigo_estacao": "openmeteo", "nome_estacao": "Open-Meteo (célula de grade)" }, "geometry": { "type": "Polygon", "coordinates": [ [ [ -36.574807516999954, -10.389790066664819 ], [ -36.574846041999933, -10.389752048664825 ], [ -36.57489867399994, -10.3896921246648 ], [ -36.574933973999975, -10.389642672664813 ], [ -36.574967945999965, -10.389603544664789 ], [ -36.575030560999949, -10.389657962664778 ], [ -36.575110658999961, -10.389724389664815 ], [ -36.575220211999969, -10.389812548664784 ], [ -36.575285233999978, -10.389915587664785 ], [ -36.575335807999977, -10.390035446664781 ], [ -36.575411884999937, -10.390135067664779 ], [ -36.575487126999974, -10.390221916664787 ], [ -36.575550416999931, -10.390305646664755 ], [ -36.575639097999954, -10.390391649664792 ], [ -36.575968452999973, -10.390584357664771 ], [ -36.576011551999947, -10.39063352866477 ], [ -36.576087154999982, -10.390765236664736 ], [ -36.576108273999978, -10.390925585664782 ], [ -36.576072432999979, -10.391094728664775 ], [ -36.576004418999958, -10.391268087664745 ], [ -36.575859178999963, -10.391190126664764 ], [ -36.575814691999938, -10.391175161664764 ], [ -36.575811246999926, -10.391177087664751 ], [ -36.575778905999982, -10.391175687664779 ], [ -36.575723456999988, -10.391237712664749 ], [ -36.575630521999983, -10.391231054664726 ], [ -36.575617015999967, -10.391227398664741 ], [ -36.575524032999965, -10.391216338664776 ], [ -36.575513168999976, -10.391213309664751 ], [ -36.57549687799996, -10.391208768664747 ], [ -36.575410838999971, -10.391181929664764 ], [ -36.575397291999934, -10.39117815266474 ], [ -36.575383750999947, -10.391174378664752 ], [ -36.575370957999951, -10.391167959664756 ], [ -36.575327664999975, -10.391155892664758 ], [ -36.57528986199997, -10.39113849466475 ], [ -36.574933092999963, -10.390826485664794 ], [ -36.574750877999975, -10.390593791664767 ], [ -36.574713616999929, -10.390535336664779 ], [ -36.574676039999929, -10.390462747664769 ], [ -36.574637294999945, -10.390352825664785 ], [ -36.574635960999956, -10.390163417664759 ], [ -36.57471206699995, -10.389960512664786 ], [ -36.574714300999972, -10.389952595664779 ], [ -36.57476372299994, -10.389849756664818 ], [ -36.574766422999964, -10.389850512664779 ], [ -36.574807516999954, -10.389790066664819 ] ] ] } },
{ "type": "Feature", "properties": { "num_setor": "SE_SANTOAM_SR_1_CPRM", "munic": "SANTO AMARO DAS BROTAS", "grau_risco": "Muito alto", "distancia_km": 1.97, "chuva_24h": 1.6, "chuva_72h": 19.1, "fonte_estacao": "openmeteo", "codigo_estacao": "openmeteo", "nome_estacao": "Open-Meteo (célula de grade)" }, "geometry": { "type": "Polygon", "coordinates": [ [ [ -37.054126075999932, -10.786617125652594 ], [ -37.054119776999983, -10.786590479652615 ], [ -37.054110532999971, -10.786551377652598 ], [ -37.054101256999957, -10.78652570765259 ], [ -37.054090457999962, -10.786495820652606 ], [ -37.054242490999968, -10.786435950652578 ], [ -37.054343704999951, -10.786396092652597 ], [ -37.054399326999942, -10.786372142652583 ], [ -37.054482568999958, -10.786331976652624 ], [ -37.054506090999958, -10.78631879865261 ], [ -37.05457753099995, -10.78627441565262 ], [ -37.054625408999982, -10.786244671652607 ], [ -37.054684502999969, -10.786213414652616 ], [ -37.054723077999938, -10.786193011652612 ], [ -37.05477322899997, -10.786163909652622 ], [ -37.054857241999969, -10.786112377652586 ], [ -37.054961593999963, -10.786050044652622 ], [ -37.055030987999942, -10.786014629652616 ], [ -37.055168232999961, -10.785944586652622 ], [ -37.055269410999983, -10.785898976652589 ], [ -37.055286586999948, -10.785894499652589 ], [ -37.055326840999953, -10.785884004652621 ], [ -37.055355082999938, -10.785876641652614 ], [ -37.055372030999941, -10.785881776652593 ], [ -37.055397031999981, -10.785889349652605 ], [ -37.055410866999978, -10.78590807865263 ], [ -37.055425826999965, -10.785928331652631 ], [ -37.055434280999975, -10.785939777652608 ], [ -37.05544428099995, -10.785965184652612 ], [ -37.055452652999975, -10.785986456652639 ], [ -37.055455065999979, -10.7860119646526 ], [ -37.055457815999944, -10.786041030652628 ], [ -37.055457739999952, -10.786064010652607 ], [ -37.055457632999946, -10.786096436652631 ], [ -37.055433876999977, -10.786112279652599 ], [ -37.055402255999979, -10.786133368652628 ], [ -37.05538388399998, -10.786144235652587 ], [ -37.055351937999944, -10.786159393652639 ], [ -37.055318777999958, -10.786175127652628 ], [ -37.055290815999967, -10.7861870626526 ], [ -37.055223155999954, -10.786212991652603 ], [ -37.055217195999937, -10.786220792652578 ], [ -37.055200007999929, -10.786243294652614 ], [ -37.055189691999942, -10.786279613652621 ], [ -37.055194563999969, -10.786289248652588 ], [ -37.055203515999949, -10.786306952652598 ], [ -37.05521680399994, -10.78634397465261 ], [ -37.055226241999947, -10.786366306652626 ], [ -37.05523279199997, -10.786377105652623 ], [ -37.055245020999962, -10.786397266652569 ], [ -37.055262040999935, -10.786425326652607 ], [ -37.055282561999945, -10.786459159652582 ], [ -37.055294276, -10.786494817652581 ], [ -37.055305893999957, -10.786530177652608 ], [ -37.05531026899996, -10.786543495652621 ], [ -37.055306124999959, -10.786562112652589 ], [ -37.055289743999936, -10.78661113265259 ], [ -37.05527559799998, -10.786634780652617 ], [ -37.055207038999981, -10.786647571652574 ], [ -37.055164649999938, -10.786644418652612 ], [ -37.055080574999977, -10.786638164652581 ], [ -37.055014176999975, -10.786632989652569 ], [ -37.054942603999962, -10.786626279652589 ], [ -37.054875943999946, -10.786622944652619 ], [ -37.054836599999931, -10.786624274652594 ], [ -37.054800998999944, -10.78662547865259 ], [ -37.054778785999929, -10.786630658652612 ], [ -37.054748616999973, -10.786637692652569 ], [ -37.054722194999954, -10.786643853652617 ], [ -37.054704977999961, -10.786650438652613 ], [ -37.054673030999929, -10.786662659652578 ], [ -37.054630223999936, -10.786677459652603 ], [ -37.054608059999964, -10.786683562652575 ], [ -37.054579601999933, -10.786691398652586 ], [ -37.054527914999937, -10.786707496652589 ], [ -37.054482956999948, -10.786724859652574 ], [ -37.054467041999942, -10.786733266652563 ], [ -37.054430843999967, -10.7867523886526 ], [ -37.054418199999922, -10.786755660652611 ], [ -37.054399114999967, -10.786760599652615 ], [ -37.054374609999968, -10.786766941652569 ], [ -37.054349118999937, -10.786766974652613 ], [ -37.054316407999977, -10.786767016652572 ], [ -37.054253220999954, -10.786764139652583 ], [ -37.054230290999953, -10.786762433652607 ], [ -37.054182347999983, -10.786757774652589 ], [ -37.054162029999929, -10.786755799652626 ], [ -37.054139809999974, -10.786718204652585 ], [ -37.054138405999929, -10.786701564652567 ], [ -37.054136005999958, -10.786673097652583 ], [ -37.05413127799995, -10.786639131652596 ], [ -37.054126075999932, -10.786617125652594 ] ] ] } },
{ "type": "Feature", "properties": { "num_setor": "SE_UMBAUBA_SR_1_CPRM", "munic": "UMBAÚBA", "grau_risco": "Alto", "distancia_km": 1.62, "chuva_24h": 0.5, "chuva_72h": 17.3, "fonte_estacao": "openmeteo", "codigo_estacao": "openmeteo", "nome_estacao": "Open-Meteo (célula de grade)" }, "geometry": { "type": "Polygon", "coordinates": [ [ [ -37.655743371999961, -11.381793326634439 ], [ -37.65577228099994, -11.381804674634431 ], [ -37.655838722999924, -11.381821720634409 ], [ -37.655954240999961, -11.381867131634442 ], [ -37.656060997999937, -11.381904033634415 ], [ -37.656173453999941, -11.381938091634387 ], [ -37.656285860999965, -11.381974961634418 ], [ -37.65638071099994, -11.382008997634415 ], [ -37.656346596999981, -11.382071256634413 ], [ -37.656343952999975, -11.382125071634412 ], [ -37.656332672999952, -11.382170407634437 ], [ -37.656327329999961, -11.382266801634401 ], [ -37.656298904999971, -11.38236044163439 ], [ -37.656270452999934, -11.38245415863441 ], [ -37.656228655999946, -11.382508608634405 ], [ -37.656134793999968, -11.382532037634414 ], [ -37.656046200999981, -11.382526945634375 ], [ -37.655963024999949, -11.38251892063438 ], [ -37.655778574999943, -11.382560122634406 ], [ -37.655674416999943, -11.382580950634411 ], [ -37.655491863999941, -11.382574441634413 ], [ -37.655139265999928, -11.382578585634414 ], [ -37.654891934999966, -11.382574762634427 ], [ -37.654603589999972, -11.382548397634375 ], [ -37.654600666999954, -11.382548368634399 ], [ -37.654516759999979, -11.382489238634388 ], [ -37.654453947999968, -11.382407420634381 ], [ -37.654498815999943, -11.382294794634406 ], [ -37.654572693999967, -11.382168074634441 ], [ -37.654637765999958, -11.38211630763444 ], [ -37.654658420999965, -11.382104819634407 ], [ -37.654784735999954, -11.38205891263444 ], [ -37.654849274999947, -11.382035987634383 ], [ -37.654946056999968, -11.381990224634448 ], [ -37.654960703999961, -11.381990247634432 ], [ -37.655039822999981, -11.381990553634438 ], [ -37.65504859299994, -11.381990587634411 ], [ -37.655136074999973, -11.381982303634432 ], [ -37.655246538999961, -11.381948302634413 ], [ -37.655382760999942, -11.381905925634408 ], [ -37.655501447999939, -11.3819032766344 ], [ -37.65558831299996, -11.38192039963443 ], [ -37.655694963999963, -11.381931989634408 ], [ -37.655743371999961, -11.381793326634439 ] ] ] } },
{ "type": "Feature", "properties": { "num_setor": "SE_PORTODA_SR_1_CPRM", "munic": "PORTO DA FOLHA", "grau_risco": "Alto", "distancia_km": 0.79, "chuva_24h": 0.5, "chuva_72h": 8.4, "fonte_estacao": "openmeteo", "codigo_estacao": "openmeteo", "nome_estacao": "Open-Meteo (célula de grade)" }, "geometry": { "type": "Polygon", "coordinates": [ [ [ -37.287629236999976, -9.909518785679671 ], [ -37.287901988999977, -9.909478665679622 ], [ -37.288129626999932, -9.909438714679659 ], [ -37.288364205999983, -9.90943496467964 ], [ -37.288547309999956, -9.909476393679665 ], [ -37.288757324999949, -9.909523911679628 ], [ -37.289007162999951, -9.909540275679666 ], [ -37.289046385999939, -9.909534125679624 ], [ -37.289406080999981, -9.909503404679642 ], [ -37.289677149999932, -9.909531989679634 ], [ -37.290039361999959, -9.909478803679644 ], [ -37.290065647999938, -9.909472321679637 ], [ -37.290091933999975, -9.909465839679633 ], [ -37.29033921599995, -9.909474399679658 ], [ -37.29064500099998, -9.909504096679663 ], [ -37.29066490699995, -9.909503977679663 ], [ -37.290933191999962, -9.90958475067964 ], [ -37.290993628999956, -9.909584001679658 ], [ -37.291305422999976, -9.909700072679644 ], [ -37.291502660999981, -9.909707128679655 ], [ -37.29152235399993, -9.909713695679615 ], [ -37.291580846999977, -9.909870129679625 ], [ -37.291638691999935, -9.910169596679603 ], [ -37.291511388999936, -9.910481894679638 ], [ -37.291484511999954, -9.910527478679599 ], [ -37.29122689999997, -9.91091830267961 ], [ -37.290937966999934, -9.911262045679569 ], [ -37.290924418999964, -9.911294379679589 ], [ -37.290904287999979, -9.911326704679595 ], [ -37.290585141999934, -9.91163646667956 ], [ -37.289879201999952, -9.911963881679565 ], [ -37.289563914999974, -9.912187833679557 ], [ -37.289171720999946, -9.912392220679552 ], [ -37.288826112999971, -9.912596536679553 ], [ -37.288344384999959, -9.912921602679555 ], [ -37.288285856999948, -9.913079890679519 ], [ -37.288173937999943, -9.913261629679543 ], [ -37.287993837999977, -9.913656191679527 ], [ -37.287716866999972, -9.913804476679486 ], [ -37.287533265999969, -9.913804456679529 ], [ -37.28734355499995, -9.913727213679509 ], [ -37.287081720999936, -9.913720789679513 ], [ -37.286996848999934, -9.9135340296795 ], [ -37.28699708399995, -9.913295308679553 ], [ -37.286931726999967, -9.913081951679553 ], [ -37.286721874999955, -9.913127167679542 ], [ -37.286426799999958, -9.913236851679528 ], [ -37.286152145999949, -9.913353464679519 ], [ -37.285825622999937, -9.913489040679499 ], [ -37.285470429999982, -9.913528494679552 ], [ -37.285001880999964, -9.9135606526795 ], [ -37.284675810999943, -9.913560623679526 ], [ -37.284394515999963, -9.913534871679525 ], [ -37.28433224599997, -9.913229791679557 ], [ -37.284325399999943, -9.91322356867955 ], [ -37.284196262999956, -9.912959992679539 ], [ -37.28418907899993, -9.912941032679569 ], [ -37.284080851999931, -9.912636673679538 ], [ -37.283811389999983, -9.911951125679581 ], [ -37.283811151999949, -9.911938292679555 ], [ -37.283706303999963, -9.911501073679576 ], [ -37.283676343999957, -9.911294196679597 ], [ -37.283674986999976, -9.911268267679594 ], [ -37.283586903999947, -9.910982776679612 ], [ -37.28364507799995, -9.910709413679591 ], [ -37.283693791999951, -9.910565849679614 ], [ -37.283965442999943, -9.910514199679636 ], [ -37.284277866999957, -9.910501863679631 ], [ -37.28430455299997, -9.910501949679634 ], [ -37.284642210999948, -9.91047645567963 ], [ -37.284675135999976, -9.910463483679592 ], [ -37.284938757999946, -9.910392196679625 ], [ -37.28498451399998, -9.910372615679627 ], [ -37.285257075999937, -9.910256951679612 ], [ -37.285614091999939, -9.910121697679626 ], [ -37.285620777999952, -9.910115279679628 ], [ -37.285871610999948, -9.910063962679645 ], [ -37.286237591999956, -9.909937838679626 ], [ -37.286642886999971, -9.909781623679629 ], [ -37.286802487999978, -9.90970106667965 ], [ -37.287006167999948, -9.909670557679647 ], [ -37.287164729999972, -9.909616010679656 ], [ -37.287466433999953, -9.909543701679643 ], [ -37.287629236999976, -9.909518785679671 ] ] ] } },
{ "type": "Feature", "properties": { "num_setor": "SE_SANTANA_SR_2_CPRM", "munic": "SANTANA DO SÃO FRANCISCO", "grau_risco": "Muito alto", "distancia_km": 1.16, "chuva_24h": 0.4, "chuva_72h": 4.6, "fonte_estacao": "openmeteo", "codigo_estacao": "openmeteo", "nome_estacao": "Open-Meteo (célula de grade)" }, "geometry": { "type": "Polygon", "coordinates": [ [ [ -36.604857727999956, -10.290369253667837 ], [ -36.605165279999937, -10.290388650667854 ], [ -36.605644734999942, -10.290512836667842 ], [ -36.605788745999973, -10.290583674667836 ], [ -36.606005884999938, -10.290562636667836 ], [ -36.606160140999975, -10.29059724266788 ], [ -36.606349916999932, -10.290654171667857 ], [ -36.606483146999949, -10.290649311667865 ], [ -36.60660321499995, -10.290649303667843 ], [ -36.60679827499996, -10.290657056667873 ], [ -36.607174227999963, -10.290627594667832 ], [ -36.607397238999965, -10.290669312667866 ], [ -36.607530146999977, -10.290726567667861 ], [ -36.607681445999958, -10.290729792667859 ], [ -36.607862305999966, -10.290692573667831 ], [ -36.608092745999947, -10.290604572667844 ], [ -36.60833993499994, -10.290536962667865 ], [ -36.608730347999938, -10.290428292667842 ], [ -36.608987337999963, -10.290386574667865 ], [ -36.609102160999953, -10.290435710667831 ], [ -36.609323840999934, -10.290489694667864 ], [ -36.609589266999933, -10.290548206667875 ], [ -36.609588416999941, -10.290858733667822 ], [ -36.609492043999978, -10.291116038667852 ], [ -36.609360773999981, -10.291102457667836 ], [ -36.60901438999997, -10.29109148866783 ], [ -36.608622711999949, -10.291150454667857 ], [ -36.608112562999963, -10.291253162667847 ], [ -36.607671990999961, -10.291294672667867 ], [ -36.60724779199996, -10.291300556667821 ], [ -36.606804802999932, -10.291186281667837 ], [ -36.606186802999957, -10.291053905667832 ], [ -36.60569684799998, -10.290965885667875 ], [ -36.605304288999946, -10.290912825667851 ], [ -36.604855465999947, -10.290853944667877 ], [ -36.604635086999956, -10.290787603667836 ], [ -36.604857727999956, -10.290369253667837 ] ] ] } },
{ "type": "Feature", "properties": { "num_setor": "SE_NEOPOLI_SR_5_CPRM", "munic": "NEÓPOLIS", "grau_risco": "Alto", "distancia_km": 0.59, "chuva_24h": 1.1, "chuva_72h": 5.9, "fonte_estacao": "openmeteo", "codigo_estacao": "openmeteo", "nome_estacao": "Open-Meteo (célula de grade)" }, "geometry": { "type": "Polygon", "coordinates": [ [ [ -36.572706607999976, -10.326176137666737 ], [ -36.572746173999974, -10.325819274666774 ], [ -36.572781094999982, -10.325590379666753 ], [ -36.572969463999975, -10.325298547666803 ], [ -36.572970830999964, -10.325156271666788 ], [ -36.572984621999979, -10.324864382666826 ], [ -36.572935413999971, -10.324621944666786 ], [ -36.572951684999971, -10.324388381666799 ], [ -36.573054298999978, -10.324159497666841 ], [ -36.573198906999949, -10.324056232666834 ], [ -36.573344784999961, -10.323982042666817 ], [ -36.573419548999937, -10.323930826666841 ], [ -36.573451319999947, -10.323877784666852 ], [ -36.573468304999949, -10.323808483666802 ], [ -36.573446487999945, -10.323758988666826 ], [ -36.573416125999984, -10.323726207666805 ], [ -36.573237515999949, -10.323612287666819 ], [ -36.573217401999955, -10.323472115666837 ], [ -36.573366122999971, -10.322288046666896 ], [ -36.574024066999989, -10.322395041666843 ], [ -36.574028966999947, -10.322578514666887 ], [ -36.573946328999966, -10.323015830666858 ], [ -36.573701957999951, -10.324100427666819 ], [ -36.573760591999985, -10.324645553666819 ], [ -36.573735609999972, -10.324704979666825 ], [ -36.573348771999974, -10.324733754666802 ], [ -36.573234680999967, -10.32479824366682 ], [ -36.573199905999957, -10.32496078366677 ], [ -36.572928170999944, -10.326306881666728 ], [ -36.572706607999976, -10.326176137666737 ] ] ] } },
{ "type": "Feature", "properties": { "num_setor": "SE_POCORED_SR_02_CPRM", "munic": "POÇO REDONDO", "grau_risco": "Alto", "distancia_km": 1.62, "chuva_24h": 0.2, "chuva_72h": 6.5, "fonte_estacao": "openmeteo", "codigo_estacao": "openmeteo", "nome_estacao": "Open-Meteo (célula de grade)" }, "geometry": { "type": "Polygon", "coordinates": [ [ [ -37.68526905799996, -9.807619738682815 ], [ -37.685325669999941, -9.807475199682797 ], [ -37.685454738999965, -9.80743664568279 ], [ -37.685693393999941, -9.807448814682784 ], [ -37.685712299999977, -9.807544781682831 ], [ -37.685729109999954, -9.807664450682791 ], [ -37.685775469999953, -9.807893418682827 ], [ -37.685504485999957, -9.807929514682803 ], [ -37.68526905799996, -9.807619738682815 ] ] ] } },
{ "type": "Feature", "properties": { "num_setor": "SE_MONTEAL_SR_1_CPRM", "munic": "MONTE ALEGRE DE SERGIPE", "grau_risco": "Alto", "distancia_km": 1.96, "chuva_24h": 0.1, "chuva_72h": 7.8, "fonte_estacao": "openmeteo", "codigo_estacao": "openmeteo", "nome_estacao": "Open-Meteo (célula de grade)" }, "geometry": { "type": "Polygon", "coordinates": [ [ [ -37.560950311999932, -10.023041765676119 ], [ -37.561131745999944, -10.022997425676134 ], [ -37.561309786999971, -10.022982809676153 ], [ -37.56135110699995, -10.02316454867611 ], [ -37.561439383999989, -10.023148250676128 ], [ -37.56183737899994, -10.023108267676099 ], [ -37.561954003999972, -10.023108263676137 ], [ -37.562338498999964, -10.02307939167612 ], [ -37.56264702499994, -10.023074693676115 ], [ -37.562818725999932, -10.023087715676134 ], [ -37.562923464999983, -10.023099729676122 ], [ -37.562929364999938, -10.023170078676122 ], [ -37.563141440999971, -10.023147116676119 ], [ -37.563160729999936, -10.023184411676143 ], [ -37.563393363999978, -10.023170310676115 ], [ -37.563502353999972, -10.023157325676099 ], [ -37.563656254999955, -10.023151502676129 ], [ -37.563798624999947, -10.023149479676137 ], [ -37.563904430999962, -10.023150027676143 ], [ -37.563982255999967, -10.023146686676119 ], [ -37.563998626999933, -10.023302384676134 ], [ -37.564026182999946, -10.023346307676094 ], [ -37.564173894999954, -10.023337832676134 ], [ -37.564193698999929, -10.023342679676087 ], [ -37.564118536999956, -10.023827678676112 ], [ -37.563854110999948, -10.023772322676095 ], [ -37.563764320999951, -10.023770257676112 ], [ -37.56368321399998, -10.023759892676127 ], [ -37.563670486999975, -10.023794956676095 ], [ -37.563594182999964, -10.023764048676114 ], [ -37.563523911999937, -10.023753656676076 ], [ -37.563424106999939, -10.023732737676129 ], [ -37.563348652999935, -10.023705267676112 ], [ -37.563297360999968, -10.023695167676117 ], [ -37.563204928999937, -10.023681427676133 ], [ -37.563086846999973, -10.023668043676132 ], [ -37.562852659999983, -10.023676645676105 ], [ -37.562690000999964, -10.023702559676103 ], [ -37.56249669999994, -10.023755673676124 ], [ -37.562485364999937, -10.023764063676127 ], [ -37.562069366999935, -10.023953112676093 ], [ -37.561939292999966, -10.023948572676071 ], [ -37.561877348999921, -10.023930877676074 ], [ -37.561792148999984, -10.023906171676098 ], [ -37.561732276999976, -10.023886120676121 ], [ -37.561636068999974, -10.02389932067608 ], [ -37.561558404999971, -10.023892284676084 ], [ -37.561454016999967, -10.02394060367611 ], [ -37.561269099999947, -10.0239428946761 ], [ -37.561117544999945, -10.023971633676105 ], [ -37.560972518999961, -10.024005071676111 ], [ -37.560931119999964, -10.023999006676073 ], [ -37.56088077499993, -10.02404521667612 ], [ -37.560796852999943, -10.024107320676121 ], [ -37.560648847999971, -10.023970202676118 ], [ -37.560577929999965, -10.023875235676131 ], [ -37.560573132999934, -10.023757928676098 ], [ -37.56054632699994, -10.023651633676131 ], [ -37.560537501999931, -10.023560457676119 ], [ -37.560545855999976, -10.023496008676091 ], [ -37.560549008999935, -10.023409417676136 ], [ -37.560551505999968, -10.023328297676137 ], [ -37.560581485999933, -10.023260069676105 ], [ -37.560694405999975, -10.023198243676118 ], [ -37.560950311999932, -10.023041765676119 ] ] ] } },
{ "type": "Feature", "properties": { "num_setor": "SE_MONTEAL_SR_2_CPRM", "munic": "MONTE ALEGRE DE SERGIPE", "grau_risco": "Alto", "distancia_km": 1.4, "chuva_24h": 0.1, "chuva_72h": 7.8, "fonte_estacao": "openmeteo", "codigo_estacao": "openmeteo", "nome_estacao": "Open-Meteo (célula de grade)" }, "geometry": { "type": "Polygon", "coordinates": [ [ [ -37.564853989999961, -10.02822694167596 ], [ -37.56493207799997, -10.028014763675998 ], [ -37.564966908999963, -10.027817258675983 ], [ -37.565002675999949, -10.027639325675958 ], [ -37.565022571999975, -10.027490755675998 ], [ -37.565001585999937, -10.027411410675983 ], [ -37.565043665999951, -10.027242284675983 ], [ -37.565074737999964, -10.02717390267599 ], [ -37.565091159999952, -10.027087942676015 ], [ -37.565171636999935, -10.026736076676009 ], [ -37.565406397999929, -10.026802572675999 ], [ -37.565528568999987, -10.026836054675986 ], [ -37.565642828999955, -10.027058410675977 ], [ -37.565707592999956, -10.027155298676005 ], [ -37.565745483999933, -10.027220096675986 ], [ -37.565692001999935, -10.027446558675981 ], [ -37.565685691999931, -10.027508868676016 ], [ -37.565704836999942, -10.027600751675983 ], [ -37.565777925999953, -10.027708308675955 ], [ -37.565824938999981, -10.027783775676005 ], [ -37.565866406999938, -10.027846492675989 ], [ -37.565917228999979, -10.027876117675964 ], [ -37.565931854, -10.027901425675992 ], [ -37.565888196999936, -10.028030699675947 ], [ -37.565848167999938, -10.028140534675991 ], [ -37.565865096999971, -10.028145394675981 ], [ -37.565827074999959, -10.028239846675966 ], [ -37.565798247999965, -10.028229730675973 ], [ -37.565734191999979, -10.02839358467595 ], [ -37.565678334999973, -10.028558584675929 ], [ -37.565662601999968, -10.028623360675969 ], [ -37.565656584999942, -10.028655327675956 ], [ -37.565622976999975, -10.028826779675963 ], [ -37.565536386999952, -10.028885361675924 ], [ -37.565384337999944, -10.028897946675954 ], [ -37.565222974999983, -10.02891797267597 ], [ -37.565248059999931, -10.028902965675966 ], [ -37.565188019999937, -10.02893786067596 ], [ -37.565144274999966, -10.029031853675969 ], [ -37.565015825999978, -10.029079835675928 ], [ -37.564901361999944, -10.02907854767596 ], [ -37.564814807999937, -10.029078451675948 ], [ -37.564680924999948, -10.029062440675938 ], [ -37.564702014999966, -10.028919200675944 ], [ -37.564724617999964, -10.028770293675969 ], [ -37.564750644999947, -10.028540131675935 ], [ -37.564804580999976, -10.028320365675953 ], [ -37.564853989999961, -10.02822694167596 ] ] ] } },
{ "type": "Feature", "properties": { "num_setor": "SE_MARUIM_SR_08_CPRM", "munic": "MARUIM", "grau_risco": "Muito alto", "distancia_km": 1.22, "chuva_24h": 1.7, "chuva_72h": 13.3, "fonte_estacao": "openmeteo", "codigo_estacao": "openmeteo", "nome_estacao": "Open-Meteo (célula de grade)" }, "geometry": { "type": "Polygon", "coordinates": [ [ [ -37.085273478999966, -10.741240885653994 ], [ -37.085031289999961, -10.741125718654004 ], [ -37.084987291999937, -10.740990053653995 ], [ -37.085406880999983, -10.740722667653984 ], [ -37.085910098999932, -10.741210254653975 ], [ -37.08577433399995, -10.741329323653966 ], [ -37.085639814999979, -10.741423151654006 ], [ -37.085273478999966, -10.741240885653994 ] ] ] } },
{ "type": "Feature", "properties": { "num_setor": "SE_MARUIM_SR_09_CPRM", "munic": "MARUIM", "grau_risco": "Muito alto", "distancia_km": 0.73, "chuva_24h": 1.1, "chuva_72h": 19.6, "fonte_estacao": "openmeteo", "codigo_estacao": "openmeteo", "nome_estacao": "Open-Meteo (célula de grade)" }, "geometry": { "type": "Polygon", "coordinates": [ [ [ -37.127546674999962, -10.774566386652946 ], [ -37.127425854999956, -10.774533532652965 ], [ -37.127350290999971, -10.774525423652943 ], [ -37.12721021699997, -10.77450669265299 ], [ -37.127143845999967, -10.774489366652958 ], [ -37.127030906999948, -10.774444833652963 ], [ -37.12692229299995, -10.774375273652991 ], [ -37.126871415999972, -10.774324337652949 ], [ -37.126929665999967, -10.774146444652954 ], [ -37.127698486999975, -10.774430870652951 ], [ -37.127633430999936, -10.774596383652957 ], [ -37.127546674999962, -10.774566386652946 ] ] ] } },
{ "type": "Feature", "properties": { "num_setor": "SE_POCORED_SR_03_CPRM", "munic": "POÇO REDONDO", "grau_risco": "Alto", "distancia_km": 1.32, "chuva_24h": 0.2, "chuva_72h": 6.5, "fonte_estacao": "openmeteo", "codigo_estacao": "openmeteo", "nome_estacao": "Open-Meteo (célula de grade)" }, "geometry": { "type": "Polygon", "coordinates": [ [ [ -37.687790291999931, -9.80680923568282 ], [ -37.68772739199995, -9.806596845682822 ], [ -37.687677338999947, -9.806381302682858 ], [ -37.687702319999971, -9.806202939682841 ], [ -37.687526444999946, -9.805779908682878 ], [ -37.687431208999953, -9.805681463682891 ], [ -37.687374549999966, -9.805574005682891 ], [ -37.687573577999956, -9.805224749682916 ], [ -37.687908380999943, -9.805424550682849 ], [ -37.68817032499993, -9.805967804682872 ], [ -37.688203753999979, -9.806467554682824 ], [ -37.687848301999963, -9.807151092682831 ], [ -37.687790291999931, -9.80680923568282 ] ] ] } },
{ "type": "Feature", "properties": { "num_setor": "SE_POCORED_SR_04_CPRM", "munic": "POÇO REDONDO", "grau_risco": "Alto", "distancia_km": 1.14, "chuva_24h": 0.2, "chuva_72h": 6.5, "fonte_estacao": "openmeteo", "codigo_estacao": "openmeteo", "nome_estacao": "Open-Meteo (célula de grade)" }, "geometry": { "type": "Polygon", "coordinates": [ [ [ -37.685307989999956, -9.801614123683008 ], [ -37.685410290999982, -9.80157125468299 ], [ -37.685569807999968, -9.801513054682973 ], [ -37.685624875999963, -9.801423798683006 ], [ -37.685668526999962, -9.801260254682985 ], [ -37.68566842499996, -9.801210270682994 ], [ -37.685675688999943, -9.801150865682999 ], [ -37.686000437999951, -9.800907832683 ], [ -37.68635876899998, -9.801653029682997 ], [ -37.686177096999984, -9.801816102683004 ], [ -37.685984604999931, -9.801955075682983 ], [ -37.685759022999946, -9.802043836682955 ], [ -37.685419793999984, -9.802065006682984 ], [ -37.685307989999956, -9.801614123683008 ] ] ] } },
{ "type": "Feature", "properties": { "num_setor": "SE_PACATUB_SR_1_CPRM", "munic": "PACATUBA", "grau_risco": "Muito alto", "distancia_km": 1.59, "chuva_24h": 1.3, "chuva_72h": 10.0, "fonte_estacao": "openmeteo", "codigo_estacao": "openmeteo", "nome_estacao": "Open-Meteo (célula de grade)" }, "geometry": { "type": "Polygon", "coordinates": [ [ [ -36.64722448699996, -10.452405175662868 ], [ -36.647360379999952, -10.452355598662843 ], [ -36.647420353999962, -10.452509632662879 ], [ -36.647289497999964, -10.452562957662842 ], [ -36.64722448699996, -10.452405175662868 ] ] ] } },
{ "type": "Feature", "properties": { "num_setor": "SE_POCORED_SR_01_CPRM", "munic": "POÇO REDONDO", "grau_risco": "Alto", "distancia_km": 1.53, "chuva_24h": 0.2, "chuva_72h": 7.0, "fonte_estacao": "openmeteo", "codigo_estacao": "openmeteo", "nome_estacao": "Open-Meteo (célula de grade)" }, "geometry": { "type": "Polygon", "coordinates": [ [ [ -37.604104276999976, -9.721488917685509 ], [ -37.604530445999956, -9.721176123685494 ], [ -37.605163084999958, -9.720649178685521 ], [ -37.605468412999983, -9.720943182685518 ], [ -37.605781682999975, -9.721279897685516 ], [ -37.605716368999936, -9.721344260685491 ], [ -37.605476969999984, -9.721534147685459 ], [ -37.605231480999976, -9.721691472685491 ], [ -37.605028292999975, -9.721832235685477 ], [ -37.604858176999983, -9.721956479685478 ], [ -37.604601849999931, -9.722153974685481 ], [ -37.604104276999976, -9.721488917685509 ] ] ] } },
{ "type": "Feature", "properties": { "num_setor": "SE_MARUIM_SR_01_CPRM", "munic": "MARUIM", "grau_risco": "Muito alto", "distancia_km": 1.43, "chuva_24h": 1.7, "chuva_72h": 13.3, "fonte_estacao": "openmeteo", "codigo_estacao": "openmeteo", "nome_estacao": "Open-Meteo (célula de grade)" }, "geometry": { "type": "Polygon", "coordinates": [ [ [ -37.085368446999951, -10.735925293654166 ], [ -37.085202340999956, -10.735870118654164 ], [ -37.085085241999934, -10.735863351654169 ], [ -37.084947295999939, -10.735807130654143 ], [ -37.084745310999949, -10.735760571654151 ], [ -37.084786676999954, -10.735573788654159 ], [ -37.08485272799993, -10.735345029654178 ], [ -37.085292424999977, -10.735467129654173 ], [ -37.085681013999931, -10.735565169654182 ], [ -37.085603517999978, -10.735779623654171 ], [ -37.085526933999972, -10.735986775654141 ], [ -37.085368446999951, -10.735925293654166 ] ] ] } },
{ "type": "Feature", "properties": { "num_setor": "SE_MARUIM_SR_02_CPRM", "munic": "MARUIM", "grau_risco": "Muito alto", "distancia_km": 1.21, "chuva_24h": 1.7, "chuva_72h": 13.3, "fonte_estacao": "openmeteo", "codigo_estacao": "openmeteo", "nome_estacao": "Open-Meteo (célula de grade)" }, "geometry": { "type": "Polygon", "coordinates": [ [ [ -37.084245159999973, -10.739575235654035 ], [ -37.084319198999935, -10.739290385654028 ], [ -37.084372249999944, -10.739094690654033 ], [ -37.084488875999966, -10.738778402654075 ], [ -37.084549248999963, -10.738530579654091 ], [ -37.084605022999938, -10.738117508654081 ], [ -37.084473465999956, -10.737910977654083 ], [ -37.084489943999984, -10.737681590654097 ], [ -37.084508435999965, -10.737031360654097 ], [ -37.08480161499994, -10.737040632654095 ], [ -37.084867653999936, -10.737227315654131 ], [ -37.084947302999971, -10.737507881654079 ], [ -37.084954295999978, -10.737700066654078 ], [ -37.085264931, -10.737943234654061 ], [ -37.085009197999966, -10.738355713654085 ], [ -37.08491412799998, -10.738607992654076 ], [ -37.084773226999971, -10.738753011654072 ], [ -37.084699021999938, -10.738860610654056 ], [ -37.084623471999983, -10.739097195654034 ], [ -37.084684035999935, -10.73926889965405 ], [ -37.084586558999938, -10.73971029165401 ], [ -37.084477851999964, -10.739758218654023 ], [ -37.084501470999953, -10.740009672654045 ], [ -37.084519772999961, -10.74019858565403 ], [ -37.084542945999942, -10.740348131654015 ], [ -37.084587687999942, -10.740473877653987 ], [ -37.084371856999951, -10.740634323653982 ], [ -37.084294395999962, -10.740665670653986 ], [ -37.084245159999973, -10.739575235654035 ] ] ] } },
{ "type": "Feature", "properties": { "num_setor": "SE_LAGARTO_SR_03_CPRM", "munic": "LAGARTO", "grau_risco": "Muito alto", "distancia_km": 1.79, "chuva_24h": 0.6, "chuva_72h": 27.2, "fonte_estacao": "openmeteo", "codigo_estacao": "openmeteo", "nome_estacao": "Open-Meteo (célula de grade)" }, "geometry": { "type": "Polygon", "coordinates": [ [ [ -37.679026071999949, -10.92896868264822 ], [ -37.678924220999932, -10.928887950648264 ], [ -37.679002240999978, -10.928825083648269 ], [ -37.678984326999966, -10.928756453648226 ], [ -37.678846569999962, -10.928627421648267 ], [ -37.678809202999958, -10.92852706064825 ], [ -37.678704102999973, -10.928391196648242 ], [ -37.678865737999956, -10.928260239648239 ], [ -37.679009925999935, -10.928170062648286 ], [ -37.679117518999931, -10.928269517648284 ], [ -37.679402469999964, -10.928677720648224 ], [ -37.679250190999937, -10.928789253648267 ], [ -37.679295205999949, -10.928846257648251 ], [ -37.679239243, -10.928928738648239 ], [ -37.679230640999947, -10.929020638648206 ], [ -37.679157762999978, -10.929117334648222 ], [ -37.679026071999949, -10.92896868264822 ] ] ] } },
{ "type": "Feature", "properties": { "num_setor": "SE_SANTANA_SR_1_CPRM", "munic": "SANTANA DO SÃO FRANCISCO", "grau_risco": "Muito alto", "distancia_km": 0.8, "chuva_24h": 0.4, "chuva_72h": 4.6, "fonte_estacao": "openmeteo", "codigo_estacao": "openmeteo", "nome_estacao": "Open-Meteo (célula de grade)" }, "geometry": { "type": "Polygon", "coordinates": [ [ [ -36.601508144999976, -10.291993739667808 ], [ -36.602003366999952, -10.291499513667828 ], [ -36.602267844999965, -10.291144635667841 ], [ -36.60282237399997, -10.290903999667842 ], [ -36.602897839999969, -10.291238550667813 ], [ -36.602983668999961, -10.291734988667832 ], [ -36.602796637999973, -10.291896095667822 ], [ -36.602768540999932, -10.292073978667803 ], [ -36.602888381999946, -10.292279407667806 ], [ -36.602355015999933, -10.292671156667804 ], [ -36.60202742499996, -10.292335458667809 ], [ -36.601863292999951, -10.292259324667825 ], [ -36.601142255999946, -10.293006244667783 ], [ -36.601359997999971, -10.293363161667745 ], [ -36.600672383999949, -10.293959247667761 ], [ -36.600131912999984, -10.293498453667784 ], [ -36.601508144999976, -10.291993739667808 ] ] ] } },
{ "type": "Feature", "properties": { "num_setor": "SE_MARUIM_SR_06_CPRM", "munic": "MARUIM", "grau_risco": "Alto", "distancia_km": 0.64, "chuva_24h": 1.7, "chuva_72h": 13.3, "fonte_estacao": "openmeteo", "codigo_estacao": "openmeteo", "nome_estacao": "Open-Meteo (célula de grade)" }, "geometry": { "type": "Polygon", "coordinates": [ [ [ -37.079064776999985, -10.747246901653821 ], [ -37.079175792999933, -10.746575955653825 ], [ -37.079075200999959, -10.745384539653879 ], [ -37.079060196999933, -10.745167448653859 ], [ -37.079041040999982, -10.745019804653891 ], [ -37.079015808999941, -10.744673546653859 ], [ -37.079013519999933, -10.744332849653919 ], [ -37.078971549999942, -10.743893490653887 ], [ -37.078997484999945, -10.743656239653907 ], [ -37.079292468999938, -10.742926111653947 ], [ -37.079599587999951, -10.742990692653949 ], [ -37.079691451999963, -10.743088320653934 ], [ -37.079645171999971, -10.743387868653917 ], [ -37.079360920999932, -10.743586468653939 ], [ -37.079258649999929, -10.743836066653913 ], [ -37.079192716999955, -10.743973253653925 ], [ -37.079157069999951, -10.744109609653901 ], [ -37.07921380199997, -10.744311012653901 ], [ -37.079291258999945, -10.744431166653897 ], [ -37.079332589999979, -10.744765914653874 ], [ -37.079352358999984, -10.744915246653855 ], [ -37.07944656899997, -10.745235547653838 ], [ -37.079507314999944, -10.745379375653863 ], [ -37.079602136999938, -10.745546885653843 ], [ -37.079395895999937, -10.745622707653832 ], [ -37.079476020999948, -10.746117963653832 ], [ -37.079489529999933, -10.746353936653858 ], [ -37.079464422999934, -10.746737368653823 ], [ -37.079695092999941, -10.746846325653832 ], [ -37.08008732299993, -10.747066087653794 ], [ -37.079981620999945, -10.74751593065379 ], [ -37.079064776999985, -10.747246901653821 ] ] ] } },
{ "type": "Feature", "properties": { "num_setor": "SE_MARUIM_SR_07_CPRM", "munic": "MARUIM", "grau_risco": "Alto", "distancia_km": 0.42, "chuva_24h": 1.7, "chuva_72h": 13.3, "fonte_estacao": "openmeteo", "codigo_estacao": "openmeteo", "nome_estacao": "Open-Meteo (célula de grade)" }, "geometry": { "type": "Polygon", "coordinates": [ [ [ -37.079081892999966, -10.742826515653967 ], [ -37.078924770999947, -10.742757884653935 ], [ -37.078823861999979, -10.742642347653932 ], [ -37.078747913999962, -10.742295080653957 ], [ -37.078718770999963, -10.742039214653984 ], [ -37.078527295999947, -10.741976751653983 ], [ -37.07829222699997, -10.741895139653955 ], [ -37.077982415999941, -10.74185814365395 ], [ -37.077590547999932, -10.741817203653984 ], [ -37.077194124999949, -10.741719513653974 ], [ -37.076468499999969, -10.741356389653994 ], [ -37.076169556999957, -10.740948413653989 ], [ -37.076364974999933, -10.740903307653966 ], [ -37.076416228999967, -10.741163476653963 ], [ -37.079006163999964, -10.741473228653973 ], [ -37.079119638999941, -10.741507681653991 ], [ -37.079141575999984, -10.741997283653985 ], [ -37.079148188999966, -10.74222725065397 ], [ -37.079245390999972, -10.742737805653972 ], [ -37.079237476999936, -10.742845319653938 ], [ -37.079081892999966, -10.742826515653967 ] ] ] } },
{ "type": "Feature", "properties": { "num_setor": "SE_MARUIM_SR_03_CPRM", "munic": "MARUIM", "grau_risco": "Alto", "distancia_km": 1.08, "chuva_24h": 1.7, "chuva_72h": 13.3, "fonte_estacao": "openmeteo", "codigo_estacao": "openmeteo", "nome_estacao": "Open-Meteo (célula de grade)" }, "geometry": { "type": "Polygon", "coordinates": [ [ [ -37.082961418999957, -10.73908289465407 ], [ -37.083141130999934, -10.738806225654059 ], [ -37.08333287499994, -10.738582432654093 ], [ -37.083547929999952, -10.738325012654077 ], [ -37.08379039099998, -10.73808954665409 ], [ -37.084126450999982, -10.737976609654114 ], [ -37.084357640999947, -10.73800585865407 ], [ -37.08448679299994, -10.738090679654107 ], [ -37.084116384999952, -10.738558241654067 ], [ -37.083991672999957, -10.738739442654039 ], [ -37.083959624999977, -10.738843580654077 ], [ -37.083899992999932, -10.739068788654032 ], [ -37.083845873999962, -10.739301522654033 ], [ -37.08377605499993, -10.739710823654002 ], [ -37.083751187999951, -10.739837678654029 ], [ -37.08364070399994, -10.739807142654026 ], [ -37.08346505399993, -10.740817661653969 ], [ -37.082863397999972, -10.74086020865399 ], [ -37.082938708999961, -10.740667171654028 ], [ -37.083079125999973, -10.74042353865401 ], [ -37.083183412999972, -10.740254951653993 ], [ -37.083429409999951, -10.739875698654059 ], [ -37.082961418999957, -10.73908289465407 ] ] ] } },
{ "type": "Feature", "properties": { "num_setor": "SE_MARUIM_SR_05_CPRM", "munic": "MARUIM", "grau_risco": "Muito alto", "distancia_km": 0.73, "chuva_24h": 1.7, "chuva_72h": 13.3, "fonte_estacao": "openmeteo", "codigo_estacao": "openmeteo", "nome_estacao": "Open-Meteo (célula de grade)" }, "geometry": { "type": "Polygon", "coordinates": [ [ [ -37.082132070999933, -10.741738245653973 ], [ -37.082484997999984, -10.741663791653965 ], [ -37.082567919, -10.742044034653944 ], [ -37.081884168999977, -10.742972616653944 ], [ -37.081604327999969, -10.743297802653929 ], [ -37.081430859999955, -10.743383845653938 ], [ -37.081325792999962, -10.743456862653915 ], [ -37.081236356999973, -10.743440406653944 ], [ -37.081206993999956, -10.74346226265393 ], [ -37.081153043999961, -10.743522973653935 ], [ -37.081081394999956, -10.743582443653926 ], [ -37.080980452999938, -10.743464962653917 ], [ -37.080960483999945, -10.743434379653905 ], [ -37.080858052999929, -10.743430110653913 ], [ -37.080743077999955, -10.743410462653944 ], [ -37.080558653999958, -10.743428381653899 ], [ -37.080432274999964, -10.742808065653934 ], [ -37.080180051999946, -10.742651182653953 ], [ -37.080085480999962, -10.742693055653938 ], [ -37.07998426599994, -10.742753119653957 ], [ -37.079909095999945, -10.742765273653948 ], [ -37.079760131999933, -10.742779719653914 ], [ -37.079383924999945, -10.742772743653967 ], [ -37.079374384999937, -10.742679586653928 ], [ -37.07931091599994, -10.742675073653967 ], [ -37.079280322999978, -10.742363264653935 ], [ -37.079332867999938, -10.742309069653977 ], [ -37.079490680999982, -10.74227330465397 ], [ -37.079811654999958, -10.742221336653937 ], [ -37.080228731999966, -10.742123098653966 ], [ -37.080250655999983, -10.742085614653956 ], [ -37.080306859999951, -10.742084028653956 ], [ -37.080512228999972, -10.742076291653985 ], [ -37.08065015699998, -10.742149512653967 ], [ -37.080964793999946, -10.742079246653942 ], [ -37.081137564999949, -10.742059348653935 ], [ -37.081198775999951, -10.741956977653969 ], [ -37.081374231999973, -10.741936547653971 ], [ -37.081438099999957, -10.741775018653943 ], [ -37.08164174299997, -10.741820781653946 ], [ -37.082132070999933, -10.741738245653973 ] ] ] } },
{ "type": "Feature", "properties": { "num_setor": "SE_ITAPORA_SR_03_CPRM", "munic": "ITAPORANGA D'AJUDA", "grau_risco": "Alto", "distancia_km": 0.73, "chuva_24h": 1.1, "chuva_72h": 22.4, "fonte_estacao": "openmeteo", "codigo_estacao": "openmeteo", "nome_estacao": "Open-Meteo (célula de grade)" }, "geometry": { "type": "Polygon", "coordinates": [ [ [ -37.308498975999946, -11.002753393645992 ], [ -37.30855336999997, -11.002577228645974 ], [ -37.308486062999975, -11.002525579645971 ], [ -37.308340011999974, -11.00234851964597 ], [ -37.308404850999977, -11.002230116645993 ], [ -37.308836166999981, -11.002463764645995 ], [ -37.308739774999928, -11.00271150764598 ], [ -37.308670341999971, -11.002895413645984 ], [ -37.308498975999946, -11.002753393645992 ] ] ] } },
{ "type": "Feature", "properties": { "num_setor": "SE_ITAPORA_SR_05_CPRM", "munic": "ITAPORANGA D'AJUDA", "grau_risco": "Muito alto", "distancia_km": 1.61, "chuva_24h": 1.3, "chuva_72h": 25.1, "fonte_estacao": "openmeteo", "codigo_estacao": "openmeteo", "nome_estacao": "Open-Meteo (célula de grade)" }, "geometry": { "type": "Polygon", "coordinates": [ [ [ -37.266171949999944, -11.096639966643083 ], [ -37.266252100999957, -11.096482604643112 ], [ -37.266274271999976, -11.096386985643138 ], [ -37.266291558999967, -11.096344244643126 ], [ -37.26632170299996, -11.09628265764311 ], [ -37.266340791999937, -11.096215495643126 ], [ -37.266389106999952, -11.096165189643132 ], [ -37.266419161999977, -11.09610735664311 ], [ -37.266454512999985, -11.096061707643157 ], [ -37.266520291999939, -11.095963316643109 ], [ -37.266555942999958, -11.095925811643143 ], [ -37.266637752999948, -11.095972031643141 ], [ -37.266570633999947, -11.096060473643128 ], [ -37.266510519999933, -11.096163166643096 ], [ -37.266471316999969, -11.096232853643112 ], [ -37.266431564999948, -11.09631755264312 ], [ -37.26638492099994, -11.096410433643113 ], [ -37.266356192999972, -11.096492070643098 ], [ -37.266322472999953, -11.096584364643114 ], [ -37.266302472999939, -11.096642673643107 ], [ -37.266280880999943, -11.096716789643116 ], [ -37.266171949999944, -11.096639966643083 ] ] ] } },
{ "type": "Feature", "properties": { "num_setor": "SE_ITAPORA_SR_01_CPRM", "munic": "ITAPORANGA D'AJUDA", "grau_risco": "Alto", "distancia_km": 1.45, "chuva_24h": 1.1, "chuva_72h": 22.4, "fonte_estacao": "openmeteo", "codigo_estacao": "openmeteo", "nome_estacao": "Open-Meteo (célula de grade)" }, "geometry": { "type": "Polygon", "coordinates": [ [ [ -37.315809413999943, -10.997209247646133 ], [ -37.315730779999974, -10.997143495646169 ], [ -37.31564199099995, -10.997094022646129 ], [ -37.315461111999987, -10.996971531646173 ], [ -37.31536161899993, -10.996911721646137 ], [ -37.31530629699995, -10.996859572646137 ], [ -37.315360770999973, -10.996771580646163 ], [ -37.315278260999946, -10.996691589646163 ], [ -37.315210980999943, -10.996655252646182 ], [ -37.315143803999945, -10.996475236646187 ], [ -37.315024076999975, -10.996340224646142 ], [ -37.315113848999943, -10.996186118646184 ], [ -37.315282796999945, -10.996288503646173 ], [ -37.315462449999977, -10.996401223646172 ], [ -37.315565067999955, -10.996463732646143 ], [ -37.315509242999951, -10.996585410646171 ], [ -37.315504089999934, -10.996633237646167 ], [ -37.315599980999934, -10.996692113646132 ], [ -37.315680240999932, -10.996737486646168 ], [ -37.315787312999937, -10.996804931646182 ], [ -37.316054631999982, -10.996949815646136 ], [ -37.316254879999974, -10.997047981646167 ], [ -37.31640119399998, -10.997119920646176 ], [ -37.316511692999939, -10.997167452646176 ], [ -37.316691772999945, -10.99721410264617 ], [ -37.316682267999965, -10.997249457646131 ], [ -37.316597531999946, -10.997235069646125 ], [ -37.31649818599994, -10.99723202564614 ], [ -37.316392013999973, -10.997232882646175 ], [ -37.316276035999977, -10.997427848646149 ], [ -37.315995820999944, -10.997289681646164 ], [ -37.315809413999943, -10.997209247646133 ] ] ] } },
{ "type": "Feature", "properties": { "num_setor": "SE_ITAPORA_SR_02_CPRM", "munic": "ITAPORANGA D'AJUDA", "grau_risco": "Alto", "distancia_km": 0.56, "chuva_24h": 1.1, "chuva_72h": 22.4, "fonte_estacao": "openmeteo", "codigo_estacao": "openmeteo", "nome_estacao": "Open-Meteo (célula de grade)" }, "geometry": { "type": "Polygon", "coordinates": [ [ [ -37.309658162999945, -11.004247198645936 ], [ -37.309643144999939, -11.004164423645935 ], [ -37.309613987999967, -11.004072601645939 ], [ -37.309596606999946, -11.004004697645943 ], [ -37.309575896999945, -11.003910797645926 ], [ -37.309562355999958, -11.003822455645958 ], [ -37.309548860999939, -11.003717801645916 ], [ -37.309550330999969, -11.003645865645939 ], [ -37.309555632999945, -11.003519485645958 ], [ -37.309591674999979, -11.003324044645961 ], [ -37.309820326999954, -11.003362649645936 ], [ -37.309838556999971, -11.003394014645973 ], [ -37.309805008999945, -11.003534994645936 ], [ -37.309805745999938, -11.003631023645953 ], [ -37.309774313999981, -11.003745517645958 ], [ -37.309747775999938, -11.003857994645964 ], [ -37.309752473999943, -11.003911986645967 ], [ -37.309776224999951, -11.004218789645959 ], [ -37.309765570999957, -11.004310377645931 ], [ -37.309664359999942, -11.004312086645946 ], [ -37.309658162999945, -11.004247198645936 ] ] ] } },
{ "type": "Feature", "properties": { "num_setor": "SE_LAGARTO_SR_01_CPRM", "munic": "LAGARTO", "grau_risco": "Alto", "distancia_km": 1.08, "chuva_24h": 0.6, "chuva_72h": 27.2, "fonte_estacao": "openmeteo", "codigo_estacao": "openmeteo", "nome_estacao": "Open-Meteo (célula de grade)" }, "geometry": { "type": "Polygon", "coordinates": [ [ [ -37.671784570999932, -10.956265703647418 ], [ -37.671959582999932, -10.955980832647407 ], [ -37.672342359999952, -10.955467442647445 ], [ -37.67155721599994, -10.95465581664744 ], [ -37.672059967999985, -10.954214555647466 ], [ -37.672384664999981, -10.954663095647428 ], [ -37.672691074999939, -10.955003342647419 ], [ -37.673091745999955, -10.95555617664742 ], [ -37.673177455999962, -10.955996592647409 ], [ -37.672895048999983, -10.956544017647373 ], [ -37.672676206999931, -10.956680467647381 ], [ -37.672198307999956, -10.956367978647377 ], [ -37.671996285999974, -10.956652609647371 ], [ -37.672145686999954, -10.957033177647386 ], [ -37.672312646999956, -10.957388009647349 ], [ -37.672633910999934, -10.957885139647376 ], [ -37.672586045999935, -10.95805817164733 ], [ -37.672853516999965, -10.958204524647314 ], [ -37.672663453999967, -10.958320369647348 ], [ -37.672050731999953, -10.958052476647365 ], [ -37.671849647999977, -10.958018201647342 ], [ -37.67159180699997, -10.958120490647323 ], [ -37.671226583999953, -10.957960675647369 ], [ -37.671099021999964, -10.957902644647326 ], [ -37.670996210999931, -10.95804106664735 ], [ -37.670681322999947, -10.958052468647335 ], [ -37.67023239699995, -10.958193370647324 ], [ -37.669995194999956, -10.958374793647339 ], [ -37.669647444999953, -10.958428768647348 ], [ -37.669138024999938, -10.958292946647346 ], [ -37.668907509999933, -10.958270246647352 ], [ -37.66879075099996, -10.957727399647352 ], [ -37.669055953999923, -10.95776341164736 ], [ -37.669429616999935, -10.957707452647357 ], [ -37.669692684999966, -10.957394272647386 ], [ -37.670058368999946, -10.957799242647356 ], [ -37.670430864999958, -10.95751968064736 ], [ -37.670611378999979, -10.957457357647353 ], [ -37.671093980999956, -10.957151295647369 ], [ -37.671480693999968, -10.95664562564739 ], [ -37.671784570999932, -10.956265703647418 ] ] ] } },
{ "type": "Feature", "properties": { "num_setor": "SE_LAGARTO_SR_02_CPRM", "munic": "LAGARTO", "grau_risco": "Alto", "distancia_km": 1.03, "chuva_24h": 0.6, "chuva_72h": 27.2, "fonte_estacao": "openmeteo", "codigo_estacao": "openmeteo", "nome_estacao": "Open-Meteo (célula de grade)" }, "geometry": { "type": "Polygon", "coordinates": [ [ [ -37.672488973999975, -10.924591885648388 ], [ -37.673833461999948, -10.923864407648365 ], [ -37.674084721999975, -10.923714589648419 ], [ -37.674024599999939, -10.923606651648379 ], [ -37.674318667999955, -10.923366549648419 ], [ -37.674242097999979, -10.923273626648413 ], [ -37.674201351999955, -10.923191941648412 ], [ -37.674565048999966, -10.922971716648403 ], [ -37.674526481999976, -10.922882710648411 ], [ -37.67476488799997, -10.922768314648401 ], [ -37.674843229999965, -10.922882701648447 ], [ -37.675020608999944, -10.923087064648412 ], [ -37.674623671999932, -10.923630937648419 ], [ -37.674384872999951, -10.923909115648389 ], [ -37.673982611999975, -10.924245332648358 ], [ -37.673776194999959, -10.924419122648375 ], [ -37.673494869999956, -10.92454743464838 ], [ -37.673363030999951, -10.92461823064837 ], [ -37.673196778999959, -10.924700031648388 ], [ -37.673078527999962, -10.924840581648352 ], [ -37.672897465999945, -10.924919951648393 ], [ -37.672685357999974, -10.924997004648375 ], [ -37.672488973999975, -10.924591885648388 ] ] ] } },
{ "type": "Feature", "properties": { "num_setor": "SE_ITAPORA_SR_06_CPRM", "munic": "ITAPORANGA D'AJUDA", "grau_risco": "Alto", "distancia_km": 1.77, "chuva_24h": 1.3, "chuva_72h": 25.1, "fonte_estacao": "openmeteo", "codigo_estacao": "openmeteo", "nome_estacao": "Open-Meteo (célula de grade)" }, "geometry": { "type": "Polygon", "coordinates": [ [ [ -37.239011662999928, -11.146856569641585 ], [ -37.239047733999939, -11.146631341641612 ], [ -37.239013468999929, -11.146324927641601 ], [ -37.239030897999953, -11.146201068641616 ], [ -37.238894264999942, -11.146166097641627 ], [ -37.23890892999998, -11.146033227641615 ], [ -37.239220140999976, -11.146122631641607 ], [ -37.23931164499993, -11.146220268641617 ], [ -37.239424695999958, -11.14632126864158 ], [ -37.239426556999952, -11.146500457641569 ], [ -37.239370709999946, -11.146612213641596 ], [ -37.239318954999924, -11.146690776641579 ], [ -37.239272953999944, -11.146801826641564 ], [ -37.23926693799995, -11.146967090641583 ], [ -37.239299592999942, -11.147106901641584 ], [ -37.239259791999984, -11.147163425641581 ], [ -37.239120426999932, -11.147180290641543 ], [ -37.239011662999928, -11.146856569641585 ] ] ] } },
{ "type": "Feature", "properties": { "num_setor": "SE_ITAPORA_SR_07_CPRM", "munic": "ITAPORANGA D'AJUDA", "grau_risco": "Alto", "distancia_km": 1.04, "chuva_24h": 0.9, "chuva_72h": 25.3, "fonte_estacao": "openmeteo", "codigo_estacao": "openmeteo", "nome_estacao": "Open-Meteo (célula de grade)" }, "geometry": { "type": "Polygon", "coordinates": [ [ [ -37.20017310399993, -11.214601898639506 ], [ -37.199813448999976, -11.214247974639546 ], [ -37.199491558999974, -11.213941576639538 ], [ -37.199211384999955, -11.213563677639547 ], [ -37.199042535999972, -11.213367670639554 ], [ -37.19882473399997, -11.213219696639547 ], [ -37.198614009999972, -11.21297744363954 ], [ -37.198540167999965, -11.212801259639541 ], [ -37.198270384999944, -11.212548453639561 ], [ -37.197972809999953, -11.212161317639605 ], [ -37.19771015699996, -11.211848254639589 ], [ -37.196987971999924, -11.211050478639606 ], [ -37.196569997999973, -11.210556339639613 ], [ -37.19686582199995, -11.210223144639624 ], [ -37.199661270999961, -11.213360496639536 ], [ -37.199550209999984, -11.213575753639567 ], [ -37.200707324999932, -11.214604394639538 ], [ -37.200871670999952, -11.214469293639535 ], [ -37.203540086999965, -11.217290642639433 ], [ -37.203781382999978, -11.217384297639432 ], [ -37.20664892199995, -11.220395589639333 ], [ -37.206105747999963, -11.220823572639326 ], [ -37.205923991999953, -11.220626374639311 ], [ -37.204811425999935, -11.21962187763935 ], [ -37.203690135999977, -11.218365031639394 ], [ -37.202476591999982, -11.216876757639438 ], [ -37.202165862999948, -11.216571145639481 ], [ -37.201866438999964, -11.216279421639467 ], [ -37.201292125999949, -11.215692304639472 ], [ -37.200994475999948, -11.215377951639457 ], [ -37.200675258999979, -11.215113507639488 ], [ -37.20017310399993, -11.214601898639506 ] ] ] } },
{ "type": "Feature", "properties": { "num_setor": "SE_ESTANCI_SR_1_CPRM", "munic": "ESTÂNCIA", "grau_risco": "Alto", "distancia_km": 0.7, "chuva_24h": 0.9, "chuva_72h": 30.0, "fonte_estacao": "openmeteo", "codigo_estacao": "openmeteo", "nome_estacao": "Open-Meteo (célula de grade)" }, "geometry": { "type": "Polygon", "coordinates": [ [ [ -37.432338766999976, -11.279778330637511 ], [ -37.432317013999977, -11.279700389637535 ], [ -37.432305119999967, -11.27955257563754 ], [ -37.432304211999963, -11.279537049637508 ], [ -37.432309007999955, -11.279434985637545 ], [ -37.432336746999965, -11.279351122637554 ], [ -37.432339493999955, -11.279334981637554 ], [ -37.432399140999962, -11.279294624637568 ], [ -37.43240966999997, -11.279286509637556 ], [ -37.432520866999937, -11.279241872637526 ], [ -37.43252071999995, -11.279237752637556 ], [ -37.432618544999968, -11.279205096637517 ], [ -37.432746502999983, -11.279180704637524 ], [ -37.432882389999975, -11.279156236637537 ], [ -37.43295593299996, -11.279169092637543 ], [ -37.432944075999956, -11.279333389637564 ], [ -37.432970288999968, -11.279681197637514 ], [ -37.432844717999956, -11.279740789637524 ], [ -37.432648306999965, -11.279810486637544 ], [ -37.432524390999959, -11.279823984637522 ], [ -37.432351930999978, -11.279829619637505 ], [ -37.432338766999976, -11.279778330637511 ] ] ] } },
{ "type": "Feature", "properties": { "num_setor": "SE_ESTANCI_SR_2_CPRM", "munic": "ESTÂNCIA", "grau_risco": "Alto", "distancia_km": 2.19, "chuva_24h": 1.2, "chuva_72h": 24.9, "fonte_estacao": "openmeteo", "codigo_estacao": "openmeteo", "nome_estacao": "Open-Meteo (célula de grade)" }, "geometry": { "type": "Polygon", "coordinates": [ [ [ -37.443295100999933, -11.25896852163819 ], [ -37.443290898999976, -11.258964441638192 ], [ -37.443265916999962, -11.258866011638155 ], [ -37.443317762999975, -11.258760477638155 ], [ -37.443388424999974, -11.258588825638153 ], [ -37.443477082999948, -11.258479440638189 ], [ -37.443532071999982, -11.258351581638165 ], [ -37.443532278999953, -11.258342572638156 ], [ -37.443517926999959, -11.258188290638184 ], [ -37.443484460999976, -11.25806902463818 ], [ -37.443484802999933, -11.258050419638193 ], [ -37.443494330999947, -11.258022267638173 ], [ -37.443482856999935, -11.257909513638189 ], [ -37.443485193999948, -11.257780394638186 ], [ -37.443485717999977, -11.257751408638226 ], [ -37.443501883999943, -11.257624252638204 ], [ -37.443522759999944, -11.25750080163823 ], [ -37.443588914999964, -11.257253556638217 ], [ -37.443625321999946, -11.257119298638214 ], [ -37.443769806999974, -11.257075366638238 ], [ -37.443976311999954, -11.257061536638236 ], [ -37.443985912999949, -11.257061378638197 ], [ -37.444191667999974, -11.257069337638216 ], [ -37.444370709999937, -11.257101773638238 ], [ -37.444520437999984, -11.257257342638193 ], [ -37.44452435699997, -11.257267573638227 ], [ -37.444576794999932, -11.257430095638204 ], [ -37.444361192999963, -11.25784359763821 ], [ -37.444108538999956, -11.258201701638185 ], [ -37.443961822999938, -11.258510497638184 ], [ -37.44382390699996, -11.25865204263814 ], [ -37.443819184999938, -11.258660740638186 ], [ -37.443687182999952, -11.258852891638156 ], [ -37.443682386999967, -11.258869588638188 ], [ -37.443536104999957, -11.258967687638137 ], [ -37.443531795999952, -11.258971777638141 ], [ -37.443404891999933, -11.258980108638152 ], [ -37.443392206999931, -11.258980191638173 ], [ -37.443375249999981, -11.258984404638191 ], [ -37.443295100999933, -11.25896852163819 ] ] ] } },
{ "type": "Feature", "properties": { "num_setor": "SE_NEOPOLI_SR_1_CPRM", "munic": "NEÓPOLIS", "grau_risco": "Muito alto", "distancia_km": 1.28, "chuva_24h": 1.1, "chuva_72h": 5.9, "fonte_estacao": "openmeteo", "codigo_estacao": "openmeteo", "nome_estacao": "Open-Meteo (célula de grade)" }, "geometry": { "type": "Polygon", "coordinates": [ [ [ -36.582756146999941, -10.324995965666799 ], [ -36.58275277499996, -10.324949199666776 ], [ -36.582742840999977, -10.324918734666765 ], [ -36.582725617999984, -10.324892955666774 ], [ -36.582721009999943, -10.324877095666812 ], [ -36.582727815999931, -10.324857018666822 ], [ -36.582743323999971, -10.324816783666792 ], [ -36.582753799999978, -10.324795890666797 ], [ -36.582766583999955, -10.324787975666828 ], [ -36.582810255999959, -10.324776307666811 ], [ -36.582845402999965, -10.324769847666809 ], [ -36.582858433999945, -10.32476419666682 ], [ -36.582875230999946, -10.324747281666822 ], [ -36.582918768999939, -10.324667037666819 ], [ -36.58292823499994, -10.32464993266678 ], [ -36.582952773999978, -10.324630229666818 ], [ -36.582995051999944, -10.324623257666824 ], [ -36.583015089999947, -10.324626557666827 ], [ -36.583031174999974, -10.324637987666808 ], [ -36.583031404999929, -10.324639517666819 ], [ -36.583039843999984, -10.324656124666785 ], [ -36.583039700999961, -10.32465894966681 ], [ -36.583041191999939, -10.324685857666802 ], [ -36.583036323999977, -10.324716801666803 ], [ -36.582976304999939, -10.324810201666825 ], [ -36.582955133999974, -10.324835329666771 ], [ -36.582951605999938, -10.324839928666794 ], [ -36.582945250999956, -10.324849308666789 ], [ -36.58292956899993, -10.324870540666781 ], [ -36.582917839999936, -10.324896607666799 ], [ -36.582917437999981, -10.324898066666778 ], [ -36.582916433999969, -10.32490171266682 ], [ -36.58291270999996, -10.324912489666811 ], [ -36.58288246799998, -10.324936371666816 ], [ -36.582841045999942, -10.324965551666816 ], [ -36.582812587999967, -10.324979823666807 ], [ -36.582797107999966, -10.324989582666772 ], [ -36.582795935999968, -10.32499093966681 ], [ -36.582791071999964, -10.324994007666817 ], [ -36.58278757199998, -10.32499497466682 ], [ -36.58278484199996, -10.324996073666801 ], [ -36.582782107999947, -10.324997175666796 ], [ -36.582777607999958, -10.324998765666805 ], [ -36.582765825999957, -10.324999935666765 ], [ -36.582756146999941, -10.324995965666799 ] ] ] } },
{ "type": "Feature", "properties": { "num_setor": "SE_CARMOPO_SR_3_CPRM", "munic": "CARMÓPOLIS", "grau_risco": "Alto", "distancia_km": 0.61, "chuva_24h": 1.0, "chuva_72h": 11.4, "fonte_estacao": "openmeteo", "codigo_estacao": "openmeteo", "nome_estacao": "Open-Meteo (célula de grade)" }, "geometry": { "type": "Polygon", "coordinates": [ [ [ -36.983097742999973, -10.648900167656828 ], [ -36.983067932999973, -10.64888932565683 ], [ -36.983091453999982, -10.648726112656817 ], [ -36.983148820999929, -10.648461724656833 ], [ -36.983191928999922, -10.648295001656825 ], [ -36.983244397999954, -10.64806986065685 ], [ -36.983322192999935, -10.647837866656859 ], [ -36.983358366999937, -10.647663266656828 ], [ -36.983343379999951, -10.647590507656854 ], [ -36.983497572999966, -10.647027999656904 ], [ -36.984414331999972, -10.647789477656836 ], [ -36.984333717999959, -10.648068658656822 ], [ -36.984268624999977, -10.648460807656862 ], [ -36.984459511999944, -10.648614605656846 ], [ -36.984387778999974, -10.648721709656835 ], [ -36.984369968999943, -10.648823696656827 ], [ -36.984422556999959, -10.648984274656843 ], [ -36.984513616999948, -10.649118131656817 ], [ -36.984574221999935, -10.649204948656823 ], [ -36.984650819999956, -10.649324926656808 ], [ -36.984723027999962, -10.649269089656819 ], [ -36.984918744999952, -10.649563968656778 ], [ -36.98499423199997, -10.649606842656809 ], [ -36.98517064899994, -10.649909410656791 ], [ -36.98509938199993, -10.649999253656802 ], [ -36.985011018999955, -10.650062790656758 ], [ -36.98482723099994, -10.650103567656789 ], [ -36.984727709999959, -10.650146969656808 ], [ -36.984571915999943, -10.650187237656771 ], [ -36.984566340999947, -10.650186764656771 ], [ -36.984453834999954, -10.650209214656789 ], [ -36.984321160999961, -10.6502237586568 ], [ -36.984249789999978, -10.650220551656771 ], [ -36.984210365999957, -10.650206633656794 ], [ -36.984087457999976, -10.650200396656764 ], [ -36.98404983699993, -10.650033561656809 ], [ -36.983961902999965, -10.650035812656766 ], [ -36.983927901999948, -10.650041537656753 ], [ -36.983814590999941, -10.650027947656781 ], [ -36.98378271699994, -10.649929912656775 ], [ -36.983390283999945, -10.650026586656791 ], [ -36.983332065999953, -10.650006596656793 ], [ -36.983298877999971, -10.649941816656794 ], [ -36.983263480999938, -10.649879254656813 ], [ -36.983098280999968, -10.649965083656813 ], [ -36.982990184999949, -10.649840145656816 ], [ -36.982886264999934, -10.649826234656814 ], [ -36.982732857999963, -10.649828555656773 ], [ -36.982625288999934, -10.649844179656782 ], [ -36.982519254999943, -10.649780811656798 ], [ -36.982605138999929, -10.649520558656784 ], [ -36.982646103999969, -10.649497679656815 ], [ -36.982729914999936, -10.64949175365679 ], [ -36.98283967499998, -10.649510289656821 ], [ -36.982873430999966, -10.649438641656799 ], [ -36.982900499999971, -10.649304234656787 ], [ -36.982953856999984, -10.649150835656785 ], [ -36.982983931999968, -10.649083234656841 ], [ -36.983053713999929, -10.649090764656794 ], [ -36.983097742999973, -10.648900167656828 ] ] ] } },
{ "type": "Feature", "properties": { "num_setor": "SE_ITABAIA_SR_2_CPRM", "munic": "ITABAIANA", "grau_risco": "Alto", "distancia_km": 1.48, "chuva_24h": 1.0, "chuva_72h": 18.8, "fonte_estacao": "openmeteo", "codigo_estacao": "openmeteo", "nome_estacao": "Open-Meteo (célula de grade)" }, "geometry": { "type": "Polygon", "coordinates": [ [ [ -37.417478684999935, -10.691410564655522 ], [ -37.417476991999933, -10.691387140655507 ], [ -37.41747642699994, -10.691379317655541 ], [ -37.417422625999961, -10.691322644655523 ], [ -37.417414406999967, -10.691315102655532 ], [ -37.41734706699998, -10.691286420655539 ], [ -37.417350649999946, -10.69118629965554 ], [ -37.417334617999984, -10.691081764655554 ], [ -37.417337840999949, -10.691073466655537 ], [ -37.417340745999986, -10.691061090655507 ], [ -37.417366362999985, -10.690990201655543 ], [ -37.417392047999954, -10.690864547655554 ], [ -37.417393947999983, -10.690784650655528 ], [ -37.417429656999957, -10.690732231655547 ], [ -37.417492724999931, -10.690669716655517 ], [ -37.417556239999954, -10.690606757655537 ], [ -37.417578207999952, -10.690575561655526 ], [ -37.417688393999981, -10.690474948655556 ], [ -37.417695435999974, -10.690457129655559 ], [ -37.41769934499996, -10.690382178655526 ], [ -37.417696419999963, -10.690329136655532 ], [ -37.417693477999933, -10.690275766655541 ], [ -37.417735942999968, -10.690233492655533 ], [ -37.417740005999974, -10.690233308655547 ], [ -37.41781226399997, -10.690212034655543 ], [ -37.417877610999938, -10.690123093655544 ], [ -37.417910751999955, -10.690034761655534 ], [ -37.417959648999954, -10.68991697165554 ], [ -37.417997053999954, -10.689807598655561 ], [ -37.418023028999983, -10.68971647765559 ], [ -37.418049905999965, -10.689643604655576 ], [ -37.418090089999964, -10.689584041655602 ], [ -37.41815112099993, -10.689503704655557 ], [ -37.418230006999984, -10.68943660265556 ], [ -37.418309816999965, -10.689388736655575 ], [ -37.41835219799998, -10.689376948655571 ], [ -37.418443301999957, -10.689524418655571 ], [ -37.418372945999977, -10.689619307655589 ], [ -37.418307026999969, -10.68968927265556 ], [ -37.418246404999934, -10.68978683265558 ], [ -37.418231301999981, -10.689853286655556 ], [ -37.41822759899997, -10.689872156655579 ], [ -37.418164130999969, -10.689977198655551 ], [ -37.418164257999926, -10.689981808655563 ], [ -37.418121177999971, -10.69005728765554 ], [ -37.418070740999958, -10.690146091655562 ], [ -37.418063187999969, -10.690164539655557 ], [ -37.418006712999954, -10.690292792655566 ], [ -37.41800359399997, -10.690425605655555 ], [ -37.418004086999929, -10.690438738655537 ], [ -37.418000194999941, -10.690547765655538 ], [ -37.41800068699996, -10.690560712655556 ], [ -37.418011554999964, -10.69063762365556 ], [ -37.418020118999948, -10.690654340655557 ], [ -37.418024707999962, -10.690671203655537 ], [ -37.418062826999972, -10.690741646655562 ], [ -37.418067494999946, -10.690762544655509 ], [ -37.418067784999955, -10.69077096065552 ], [ -37.418079632999934, -10.690887553655553 ], [ -37.418080055999951, -10.690899987655536 ], [ -37.418075657999964, -10.690999148655511 ], [ -37.41807248799995, -10.691019761655513 ], [ -37.418036445999974, -10.691094669655506 ], [ -37.41802933699995, -10.691111186655501 ], [ -37.417968307999956, -10.691222443655516 ], [ -37.417909200999929, -10.691272882655523 ], [ -37.417894478999983, -10.691285446655492 ], [ -37.417887401999963, -10.691297646655503 ], [ -37.417816580999954, -10.691332447655537 ], [ -37.417809376999969, -10.691340653655494 ], [ -37.41774983199997, -10.691366941655508 ], [ -37.417738659999934, -10.691371372655549 ], [ -37.417676230999973, -10.691409442655502 ], [ -37.417657766999973, -10.691418089655519 ], [ -37.417612579999968, -10.691424037655544 ], [ -37.417597437999973, -10.691424722655523 ], [ -37.417534158999963, -10.691443178655534 ], [ -37.417478684999935, -10.691410564655522 ] ] ] } },
{ "type": "Feature", "properties": { "num_setor": "SE_ITABAIAN_SR_01_CPRM", "munic": "ITABAIANINHA", "grau_risco": "Alto", "distancia_km": 0.69, "chuva_24h": 0.6, "chuva_72h": 16.2, "fonte_estacao": "openmeteo", "codigo_estacao": "openmeteo", "nome_estacao": "Open-Meteo (célula de grade)" }, "geometry": { "type": "Polygon", "coordinates": [ [ [ -37.782217401999958, -11.280784511637515 ], [ -37.782247746999928, -11.280526541637519 ], [ -37.782297457999967, -11.280288579637498 ], [ -37.782409593999944, -11.28005260663752 ], [ -37.782564742999966, -11.279815391637509 ], [ -37.782661616999974, -11.279898656637499 ], [ -37.782718382999974, -11.2800983666375 ], [ -37.782584561999954, -11.280476232637497 ], [ -37.782491936999975, -11.280681873637525 ], [ -37.782482610999978, -11.28086779263751 ], [ -37.782403349999981, -11.280930157637469 ], [ -37.782364375999975, -11.28097404063751 ], [ -37.782199706999961, -11.280985826637473 ], [ -37.782217401999958, -11.280784511637515 ] ] ] } },
{ "type": "Feature", "properties": { "num_setor": "SE_ITAPORA_SR_04_CPRM", "munic": "ITAPORANGA D'AJUDA", "grau_risco": "Muito alto", "distancia_km": 0.89, "chuva_24h": 1.1, "chuva_72h": 22.4, "fonte_estacao": "openmeteo", "codigo_estacao": "openmeteo", "nome_estacao": "Open-Meteo (célula de grade)" }, "geometry": { "type": "Polygon", "coordinates": [ [ [ -37.307761823999954, -11.001241443646038 ], [ -37.307916087999956, -11.001181706646015 ], [ -37.308078842999976, -11.001177538646042 ], [ -37.308143945999973, -11.001419267646016 ], [ -37.307872214999975, -11.001491508646014 ], [ -37.307761823999954, -11.001241443646038 ] ] ] } },
{ "type": "Feature", "properties": { "num_setor": "SE_ITABAIA_SR_1_CPRM", "munic": "ITABAIANA", "grau_risco": "Alto", "distancia_km": 0.65, "chuva_24h": 1.0, "chuva_72h": 18.8, "fonte_estacao": "openmeteo", "codigo_estacao": "openmeteo", "nome_estacao": "Open-Meteo (célula de grade)" }, "geometry": { "type": "Polygon", "coordinates": [ [ [ -37.428295485999968, -10.67568086265601 ], [ -37.428280453999939, -10.675507243656007 ], [ -37.428327168999949, -10.67537384565601 ], [ -37.428482506999963, -10.67534048465599 ], [ -37.428660229999934, -10.675376266655988 ], [ -37.428991011999983, -10.675675393655979 ], [ -37.429093322999961, -10.675714168655993 ], [ -37.42910982099994, -10.675713419656011 ], [ -37.429224702999932, -10.675812192656004 ], [ -37.429249411999933, -10.675923382655977 ], [ -37.429258266999966, -10.675931606655979 ], [ -37.429339590999973, -10.676142867655976 ], [ -37.429430101999976, -10.676258576655966 ], [ -37.429516135999961, -10.676314432655982 ], [ -37.429534276999959, -10.676339189655989 ], [ -37.429551341999968, -10.676466037655967 ], [ -37.429516080999974, -10.676662436655961 ], [ -37.429516674999945, -10.676670855655946 ], [ -37.429593472999954, -10.676835867655967 ], [ -37.429759000999987, -10.676996066655953 ], [ -37.429872529999955, -10.677116179655931 ], [ -37.43000987299996, -10.677234773655945 ], [ -37.430105929999968, -10.677346519655954 ], [ -37.430153917999974, -10.677468311655971 ], [ -37.430191679999943, -10.677557232655944 ], [ -37.430268403999946, -10.677758872655945 ], [ -37.430280293999942, -10.677954116655926 ], [ -37.430492655999963, -10.678163465655917 ], [ -37.430656399999982, -10.67823680865591 ], [ -37.430769926999972, -10.678271980655936 ], [ -37.430793773999945, -10.678270902655916 ], [ -37.430952757999933, -10.678263715655913 ], [ -37.431040200999973, -10.678259762655934 ], [ -37.431136770999956, -10.678279557655898 ], [ -37.431215471999963, -10.678259894655906 ], [ -37.431412387999963, -10.678210697655905 ], [ -37.431492557999945, -10.67821093565594 ], [ -37.431552919999945, -10.678211113655932 ], [ -37.431579751999948, -10.678211193655944 ], [ -37.431733763999951, -10.678276713655906 ], [ -37.431798266999969, -10.678297924655947 ], [ -37.432043032999957, -10.678246636655944 ], [ -37.432143308999976, -10.678153449655941 ], [ -37.432213581999967, -10.678109899655947 ], [ -37.432374062999941, -10.678143014655904 ], [ -37.43258162799998, -10.678157830655939 ], [ -37.432741547999967, -10.67818284165592 ], [ -37.432813107999948, -10.678179606655917 ], [ -37.433179492999955, -10.678195252655925 ], [ -37.433347080999965, -10.678227899655933 ], [ -37.433498481999955, -10.678253201655918 ], [ -37.433657582999949, -10.67827009865594 ], [ -37.433784751999951, -10.67828039965592 ], [ -37.433943331999949, -10.678257177655938 ], [ -37.434165589999964, -10.678247127655917 ], [ -37.434276947999933, -10.678306255655897 ], [ -37.434316838999962, -10.678384491655926 ], [ -37.434317429999965, -10.678583754655932 ], [ -37.434357699999964, -10.678906298655891 ], [ -37.434342306999952, -10.679032749655915 ], [ -37.434303445999937, -10.679151982655876 ], [ -37.434195043999978, -10.679421674655886 ], [ -37.43415648499996, -10.679508645655858 ], [ -37.434039856999959, -10.679552580655869 ], [ -37.433783242999944, -10.679602787655879 ], [ -37.433620898999948, -10.679694936655888 ], [ -37.433512628999949, -10.679738307655883 ], [ -37.433442944999967, -10.679756833655853 ], [ -37.433350390999976, -10.679799432655885 ], [ -37.433273602999975, -10.679848948655884 ], [ -37.433203927999948, -10.67985976065585 ], [ -37.433126828999946, -10.679886235655875 ], [ -37.433097099999941, -10.679948824655851 ], [ -37.433099990999942, -10.680086099655837 ], [ -37.433160102999977, -10.680379195655838 ], [ -37.433176405999973, -10.680423739655881 ], [ -37.433217504999959, -10.680557359655865 ], [ -37.433242685999971, -10.680668702655876 ], [ -37.433236314999931, -10.680736295655855 ], [ -37.433238178999943, -10.680833192655845 ], [ -37.43316262999997, -10.680881260655859 ], [ -37.433155902999943, -10.680926169655843 ], [ -37.433088140999985, -10.680973767655827 ], [ -37.432943341999938, -10.680987707655857 ], [ -37.432797809999954, -10.680972000655812 ], [ -37.432782545999942, -10.680972688655812 ], [ -37.432636074999955, -10.680927287655848 ], [ -37.432475003999969, -10.680912232655844 ], [ -37.432467363999933, -10.680912576655844 ], [ -37.432339430999946, -10.680977796655853 ], [ -37.432255468999983, -10.680981577655826 ], [ -37.432240202999935, -10.680982264655835 ], [ -37.432147815999933, -10.680964141655819 ], [ -37.432099035999954, -10.680884502655847 ], [ -37.432130862999948, -10.680703820655845 ], [ -37.432128186999925, -10.680628969655821 ], [ -37.43214775499996, -10.680530374655827 ], [ -37.432182246999957, -10.680415718655834 ], [ -37.432249998999964, -10.680367316655829 ], [ -37.432347698999934, -10.680287197655876 ], [ -37.432445619999953, -10.680206896655852 ], [ -37.43248123799998, -10.680106381655877 ], [ -37.43255523299996, -10.679988558655893 ], [ -37.432651696999976, -10.679830952655877 ], [ -37.432718910999938, -10.679727931655856 ], [ -37.432731414999978, -10.67961162865589 ], [ -37.432776157999967, -10.679532230655864 ], [ -37.432838339999925, -10.679521676655897 ], [ -37.432899797999937, -10.679480138655896 ], [ -37.432912288999944, -10.679347443655905 ], [ -37.432907688999933, -10.679152409655908 ], [ -37.432880228999977, -10.678988781655926 ], [ -37.432852253999961, -10.678808562655909 ], [ -37.432809908999957, -10.678691599655929 ], [ -37.432718940999969, -10.678536570655893 ], [ -37.432544678999925, -10.678536469655885 ], [ -37.432346141999972, -10.678521503655904 ], [ -37.432204226999943, -10.678543878655912 ], [ -37.43207057199993, -10.678573845655908 ], [ -37.431865549999941, -10.678599053655915 ], [ -37.431713697999953, -10.67856604565592 ], [ -37.431617419999959, -10.678538467655899 ], [ -37.431435374999978, -10.678546693655937 ], [ -37.431158358999937, -10.678559211655944 ], [ -37.431008387999952, -10.678573972655927 ], [ -37.430747680999957, -10.678593735655879 ], [ -37.430549415999963, -10.678594710655917 ], [ -37.430435803999963, -10.678551910655903 ], [ -37.430404129999935, -10.678553341655885 ], [ -37.430288383999937, -10.678478534655911 ], [ -37.430132181999966, -10.678397340655895 ], [ -37.430080443999941, -10.678335352655926 ], [ -37.429962880999938, -10.678243954655935 ], [ -37.42984553399998, -10.678160370655903 ], [ -37.429689133999943, -10.678094544655936 ], [ -37.429533569999933, -10.678044776655941 ], [ -37.429525589999969, -10.678045136655941 ], [ -37.429449634999969, -10.677991676655941 ], [ -37.429380351999953, -10.677921523655925 ], [ -37.42934973399997, -10.677833127655958 ], [ -37.429353514999946, -10.677775703655925 ], [ -37.429355489999985, -10.677693660655962 ], [ -37.429361874999977, -10.677561846655925 ], [ -37.429360059999965, -10.677537212655926 ], [ -37.429306412999949, -10.677357857655927 ], [ -37.429136988999971, -10.67725766565594 ], [ -37.429120208999962, -10.677250114655937 ], [ -37.428984523999929, -10.677173042655927 ], [ -37.428786463999977, -10.677031731655941 ], [ -37.428713300999966, -10.676833678655978 ], [ -37.428647397999953, -10.676727110655946 ], [ -37.428700581999976, -10.676479094655955 ], [ -37.428710680999984, -10.676402068655971 ], [ -37.42862237099996, -10.676226768656013 ], [ -37.428517608999975, -10.676154397655965 ], [ -37.428508688999955, -10.676146223656007 ], [ -37.428384319999971, -10.676040146656016 ], [ -37.428308952999942, -10.675836406656 ], [ -37.428295485999968, -10.67568086265601 ] ] ] } },
{ "type": "Feature", "properties": { "num_setor": "SE_NEOPOLI_SR_2_CPRM", "munic": "NEÓPOLIS", "grau_risco": "Muito alto", "distancia_km": 0.64, "chuva_24h": 1.1, "chuva_72h": 5.9, "fonte_estacao": "openmeteo", "codigo_estacao": "openmeteo", "nome_estacao": "Open-Meteo (célula de grade)" }, "geometry": { "type": "Polygon", "coordinates": [ [ [ -36.575894971999958, -10.325262718666799 ], [ -36.576011983999933, -10.325087168666805 ], [ -36.57623697799994, -10.325172412666786 ], [ -36.57624044399995, -10.325174126666797 ], [ -36.576281231999936, -10.325196508666805 ], [ -36.576310664999937, -10.325219932666808 ], [ -36.576314173999954, -10.325221670666785 ], [ -36.576387872999923, -10.325238157666767 ], [ -36.576501893999939, -10.325260194666781 ], [ -36.57659371099993, -10.325276550666773 ], [ -36.576597288999949, -10.325278294666802 ], [ -36.576632236999956, -10.325284350666767 ], [ -36.576682301999938, -10.325260540666811 ], [ -36.576735189999965, -10.325257758666783 ], [ -36.576771520999955, -10.325279602666788 ], [ -36.576869696999943, -10.325366578666761 ], [ -36.576877106999973, -10.325370166666785 ], [ -36.576957605999951, -10.325442705666758 ], [ -36.577013573999977, -10.325497062666765 ], [ -36.577071997999958, -10.325548418666795 ], [ -36.577108259999932, -10.325577668666746 ], [ -36.577159537999933, -10.325616698666783 ], [ -36.577117812, -10.32572366566675 ], [ -36.576301364999949, -10.325449829666798 ], [ -36.57588364999998, -10.325288099666796 ], [ -36.575894971999958, -10.325262718666799 ] ] ] } },
{ "type": "Feature", "properties": { "num_setor": "SE_BREJOGR_SR_1_CPRM", "munic": "BREJO GRANDE", "grau_risco": "Muito alto", "distancia_km": 0.89, "chuva_24h": 1.2, "chuva_72h": 8.4, "fonte_estacao": "openmeteo", "codigo_estacao": "openmeteo", "nome_estacao": "Open-Meteo (célula de grade)" }, "geometry": { "type": "Polygon", "coordinates": [ [ [ -36.420302015999937, -10.470260649662302 ], [ -36.420395581999969, -10.470130816662287 ], [ -36.42056432499993, -10.469799726662329 ], [ -36.420632957999942, -10.469576827662346 ], [ -36.420759788999931, -10.469120219662379 ], [ -36.420823019999943, -10.468751273662347 ], [ -36.421157270999977, -10.468974170662356 ], [ -36.421070721999968, -10.469348074662362 ], [ -36.420989783999971, -10.469748089662314 ], [ -36.42090518599997, -10.469955996662312 ], [ -36.420748125999978, -10.470168104662335 ], [ -36.420560666999961, -10.470284441662338 ], [ -36.420372055999962, -10.470401054662322 ], [ -36.420302015999937, -10.470260649662302 ] ] ] } },
{ "type": "Feature", "properties": { "num_setor": "SE_MARUIM_SR_04_CPRM", "munic": "MARUIM", "grau_risco": "Alto", "distancia_km": 1.12, "chuva_24h": 1.7, "chuva_72h": 13.3, "fonte_estacao": "openmeteo", "codigo_estacao": "openmeteo", "nome_estacao": "Open-Meteo (célula de grade)" }, "geometry": { "type": "Polygon", "coordinates": [ [ [ -37.083686058999945, -10.741082550654012 ], [ -37.084222205999943, -10.741162762654014 ], [ -37.084359228999972, -10.741208478654002 ], [ -37.084367289999932, -10.741208115653972 ], [ -37.08464429199995, -10.741370337653992 ], [ -37.084765631999971, -10.741448586654009 ], [ -37.084773706999961, -10.74145267465398 ], [ -37.084987005999949, -10.741597872653953 ], [ -37.085170453999979, -10.74173022965399 ], [ -37.085359732999954, -10.741832665653956 ], [ -37.085264374999952, -10.74213908365398 ], [ -37.085035018999974, -10.742029256653964 ], [ -37.083895397999981, -10.741414509654001 ], [ -37.083664599999963, -10.741327546653997 ], [ -37.083686058999945, -10.741082550654012 ] ] ] } },
{ "type": "Feature", "properties": { "num_setor": "SE_CARMOPO_SR_1_CPRM", "munic": "CARMÓPOLIS", "grau_risco": "Alto", "distancia_km": 1.02, "chuva_24h": 1.0, "chuva_72h": 11.4, "fonte_estacao": "openmeteo", "codigo_estacao": "openmeteo", "nome_estacao": "Open-Meteo (célula de grade)" }, "geometry": { "type": "Polygon", "coordinates": [ [ [ -36.992651567999921, -10.648182147656826 ], [ -36.992638125999974, -10.648122905656862 ], [ -36.992600226999969, -10.648033100656855 ], [ -36.992640969999975, -10.64801535865684 ], [ -36.992698970999989, -10.648015327656823 ], [ -36.992743788999974, -10.648015303656846 ], [ -36.992800064999983, -10.648006371656837 ], [ -36.992889842999944, -10.648006323656833 ], [ -36.992945256999974, -10.648047598656829 ], [ -36.992991667999952, -10.648091170656867 ], [ -36.993018073999963, -10.648142592656821 ], [ -36.993066929999941, -10.648242663656839 ], [ -36.993099688999962, -10.648320697656846 ], [ -36.993136224999944, -10.648411957656828 ], [ -36.993129592999935, -10.648450140656839 ], [ -36.993112250999957, -10.648480298656848 ], [ -36.993075807999951, -10.648524897656829 ], [ -36.993047043999979, -10.648539604656822 ], [ -36.993013535999978, -10.648539621656806 ], [ -36.992960596999978, -10.648524958656809 ], [ -36.992943472999968, -10.648492847656811 ], [ -36.992901374999974, -10.648445201656832 ], [ -36.99287443999998, -10.648406963656832 ], [ -36.992839651999923, -10.648347234656843 ], [ -36.992823659999942, -10.648312873656822 ], [ -36.992800496999962, -10.648272675656868 ], [ -36.992778121999947, -10.648269985656839 ], [ -36.99267898599993, -10.648280830656848 ], [ -36.992651567999921, -10.648182147656826 ] ] ] } },
{ "type": "Feature", "properties": { "num_setor": "SE_CARMOPO_SR_2_CPRM", "munic": "CARMÓPOLIS", "grau_risco": "Alto", "distancia_km": 0.73, "chuva_24h": 1.0, "chuva_72h": 11.4, "fonte_estacao": "openmeteo", "codigo_estacao": "openmeteo", "nome_estacao": "Open-Meteo (célula de grade)" }, "geometry": { "type": "Polygon", "coordinates": [ [ [ -36.991490446999933, -10.651300080656725 ], [ -36.991507485999932, -10.651244911656779 ], [ -36.991561762999936, -10.651213016656767 ], [ -36.991542006999957, -10.651043058656764 ], [ -36.99159150699996, -10.651024159656762 ], [ -36.991569127999981, -10.650955355656743 ], [ -36.991650963, -10.650929985656743 ], [ -36.991622249999978, -10.650807731656785 ], [ -36.991928211999948, -10.650700243656763 ], [ -36.99196188999997, -10.650822470656777 ], [ -36.991962092999984, -10.650892704656741 ], [ -36.991933329999938, -10.650929837656777 ], [ -36.991856908999971, -10.650955205656736 ], [ -36.991805675999949, -10.650971952656755 ], [ -36.991737984999922, -10.65099407865673 ], [ -36.991689595999958, -10.651015967656773 ], [ -36.991660579999973, -10.651032232656775 ], [ -36.991666751999958, -10.651140007656767 ], [ -36.991676665999925, -10.651217893656753 ], [ -36.991677336999942, -10.651295248656721 ], [ -36.991680521999967, -10.651337464656722 ], [ -36.991680789999982, -10.651387851656759 ], [ -36.991496092999967, -10.651394715656766 ], [ -36.991490446999933, -10.651300080656725 ] ] ] } },
{ "type": "Feature", "properties": { "num_setor": "SE_BREJOGR_SR_2_CPRM", "munic": "BREJO GRANDE", "grau_risco": "Muito alto", "distancia_km": 0.74, "chuva_24h": 1.2, "chuva_72h": 8.4, "fonte_estacao": "openmeteo", "codigo_estacao": "openmeteo", "nome_estacao": "Open-Meteo (célula de grade)" }, "geometry": { "type": "Polygon", "coordinates": [ [ [ -36.417065887999968, -10.48081437866202 ], [ -36.417081670999949, -10.480072588662031 ], [ -36.417005537999948, -10.479845611662027 ], [ -36.41701771399994, -10.479479701662006 ], [ -36.417158355999966, -10.479350958662016 ], [ -36.41718742399997, -10.479053103662034 ], [ -36.417226255999935, -10.478652620662084 ], [ -36.417307555999969, -10.478407268662064 ], [ -36.417354216999968, -10.478125747662089 ], [ -36.417383986999937, -10.477774640662071 ], [ -36.417319161999956, -10.477190235662103 ], [ -36.41736607799993, -10.476881903662143 ], [ -36.417520275999948, -10.476452422662129 ], [ -36.417515770999948, -10.475996518662166 ], [ -36.417468031999931, -10.475438627662149 ], [ -36.417453397999964, -10.475121206662184 ], [ -36.417573060999985, -10.474635514662156 ], [ -36.41763902799994, -10.474236445662203 ], [ -36.417777594999961, -10.473728644662192 ], [ -36.417905680999986, -10.473452709662205 ], [ -36.418103274999964, -10.473536956662224 ], [ -36.418164597999976, -10.473760847662184 ], [ -36.418064, -10.47386010466222 ], [ -36.417909060999932, -10.474038736662193 ], [ -36.417799524999964, -10.474240996662219 ], [ -36.417941152999958, -10.474445272662191 ], [ -36.417930067999976, -10.474665687662187 ], [ -36.41778448499997, -10.474881118662195 ], [ -36.417692432999949, -10.47517051466215 ], [ -36.417742774999965, -10.47550509766212 ], [ -36.417792646999942, -10.475900948662119 ], [ -36.417826174999959, -10.476142235662111 ], [ -36.417841303999978, -10.476436197662107 ], [ -36.417704940999954, -10.476663404662126 ], [ -36.41771040499998, -10.477026057662131 ], [ -36.417637037999953, -10.47724227466213 ], [ -36.417661696999964, -10.477457926662074 ], [ -36.417619338999941, -10.478165076662091 ], [ -36.417493628999971, -10.478318102662049 ], [ -36.417463890999954, -10.478652953662031 ], [ -36.417531357999955, -10.479007708662067 ], [ -36.417449558999976, -10.479228704662049 ], [ -36.417287966999936, -10.479540048662061 ], [ -36.417223312999965, -10.479879789661998 ], [ -36.41739623999996, -10.480189076662032 ], [ -36.417376641999965, -10.480394163662016 ], [ -36.41729507499997, -10.480638049662025 ], [ -36.417318256999977, -10.480974252661973 ], [ -36.417081132999947, -10.481042776662001 ], [ -36.417065887999968, -10.48081437866202 ] ] ] } },
{ "type": "Feature", "properties": { "num_setor": "SE_BREJOGR_SR_3_CPRM", "munic": "BREJO GRANDE", "grau_risco": "Alto", "distancia_km": 1.78, "chuva_24h": 1.2, "chuva_72h": 8.4, "fonte_estacao": "openmeteo", "codigo_estacao": "openmeteo", "nome_estacao": "Open-Meteo (célula de grade)" }, "geometry": { "type": "Polygon", "coordinates": [ [ [ -36.464185803999953, -10.421177318663853 ], [ -36.464709108999955, -10.421790724663792 ], [ -36.464810700999976, -10.421930002663792 ], [ -36.464583124999926, -10.422258613663768 ], [ -36.464263704999951, -10.422023131663778 ], [ -36.463950440999952, -10.422636007663751 ], [ -36.463669214999982, -10.423199044663743 ], [ -36.463840352999966, -10.423354899663746 ], [ -36.46373695099993, -10.423543262663744 ], [ -36.463669644999982, -10.423677978663733 ], [ -36.463437985999974, -10.423838710663766 ], [ -36.463597950999933, -10.423986528663722 ], [ -36.463751895999962, -10.423894668663729 ], [ -36.463890454999955, -10.424084310663734 ], [ -36.46397709699994, -10.424187611663751 ], [ -36.464100493999979, -10.424322717663703 ], [ -36.464158324999971, -10.424382856663735 ], [ -36.464359463999983, -10.424205019663708 ], [ -36.464530019999984, -10.424368488663738 ], [ -36.464444599999979, -10.424463405663746 ], [ -36.464558005999955, -10.424624896663712 ], [ -36.464468546999974, -10.424754451663706 ], [ -36.464419109999938, -10.424804799663709 ], [ -36.464668226999947, -10.425121630663714 ], [ -36.46476617999997, -10.425056402663683 ], [ -36.465061857999956, -10.425420227663693 ], [ -36.465113841999937, -10.425508082663695 ], [ -36.465421859999935, -10.425938566663678 ], [ -36.465684744999969, -10.426314481663672 ], [ -36.465881022999952, -10.426630569663633 ], [ -36.466054550999957, -10.426887394663638 ], [ -36.466199109999941, -10.427091178663634 ], [ -36.466568428999949, -10.427242350663649 ], [ -36.466749309999955, -10.427303284663617 ], [ -36.466905349999934, -10.426921652663658 ], [ -36.466746709999939, -10.426749734663632 ], [ -36.466873521999958, -10.426362833663694 ], [ -36.466976507999959, -10.426154487663677 ], [ -36.467309028999978, -10.426374508663676 ], [ -36.467528251999966, -10.425979805663655 ], [ -36.467449091999988, -10.425896996663672 ], [ -36.467530847999967, -10.425768612663678 ], [ -36.467754418999959, -10.426047465663672 ], [ -36.467638437999938, -10.426238695663649 ], [ -36.467847471999953, -10.426308019663683 ], [ -36.468111160999968, -10.42638257266367 ], [ -36.46830922099997, -10.426468476663667 ], [ -36.468566937999981, -10.426636554663666 ], [ -36.468703309999967, -10.42673072966368 ], [ -36.468858973999943, -10.426816213663631 ], [ -36.468815566999979, -10.42689364566364 ], [ -36.468659705999983, -10.426807497663662 ], [ -36.468601320999937, -10.426848025663661 ], [ -36.468544044999931, -10.42686808166364 ], [ -36.468378036999979, -10.426748641663648 ], [ -36.468312656999956, -10.426682512663655 ], [ -36.468257101999932, -10.426571067663637 ], [ -36.468192590999941, -10.426461957663655 ], [ -36.468126477999924, -10.426435721663669 ], [ -36.46810318699994, -10.426529809663682 ], [ -36.468000664999984, -10.42651058166364 ], [ -36.467882492999934, -10.426461975663639 ], [ -36.467758242999935, -10.426422537663651 ], [ -36.467599376999942, -10.426778266663677 ], [ -36.467399448999977, -10.426694691663659 ], [ -36.467328349999946, -10.42685383366363 ], [ -36.467243902999947, -10.42699385066366 ], [ -36.467152341999963, -10.427101126663642 ], [ -36.467222577999962, -10.427186636663661 ], [ -36.467074716999946, -10.427366827663624 ], [ -36.467368422999982, -10.42758659166363 ], [ -36.467145066999933, -10.427821166663604 ], [ -36.467571646999943, -10.428078585663631 ], [ -36.467693720999932, -10.428164802663618 ], [ -36.467658916999937, -10.428266099663626 ], [ -36.46793568399994, -10.428395872663591 ], [ -36.46833892199993, -10.428556668663576 ], [ -36.468592507999972, -10.42864441566358 ], [ -36.468792487999963, -10.428752242663601 ], [ -36.469157845999973, -10.428902649663575 ], [ -36.469402468999931, -10.428994315663573 ], [ -36.469569836999938, -10.428509594663627 ], [ -36.469444786999929, -10.42844248266362 ], [ -36.469592073999934, -10.428045843663597 ], [ -36.469550245999983, -10.427736522663638 ], [ -36.469142175999941, -10.427917132663605 ], [ -36.468862512999983, -10.428016312663612 ], [ -36.468574323999981, -10.427953506663597 ], [ -36.468478241999946, -10.427926276663593 ], [ -36.468480149999948, -10.42777144866365 ], [ -36.468556846999945, -10.427714199663644 ], [ -36.468749738999975, -10.427777749663639 ], [ -36.46889250299995, -10.427812274663623 ], [ -36.469123237999952, -10.427752433663628 ], [ -36.469327498, -10.427672313663621 ], [ -36.469483062999984, -10.427564069663637 ], [ -36.469378633999952, -10.427390981663642 ], [ -36.469448532999934, -10.427320842663651 ], [ -36.469703479999964, -10.427504563663623 ], [ -36.469946383999961, -10.427860247663611 ], [ -36.470275923999964, -10.42787860966361 ], [ -36.470349234999958, -10.428438906663581 ], [ -36.470419165999942, -10.428915704663584 ], [ -36.470633108999948, -10.429274123663586 ], [ -36.470807109999953, -10.429407383663563 ], [ -36.471003893999978, -10.429509727663593 ], [ -36.471172471999978, -10.429585739663551 ], [ -36.471346580999978, -10.429669639663544 ], [ -36.47157359999995, -10.429726218663591 ], [ -36.471765043999937, -10.429710025663566 ], [ -36.471881088999957, -10.429773444663573 ], [ -36.471995581999977, -10.429844197663565 ], [ -36.472129269999982, -10.429823734663561 ], [ -36.472264499999937, -10.429895939663542 ], [ -36.472406177999972, -10.429968319663544 ], [ -36.472589693999964, -10.429953161663549 ], [ -36.472408223999935, -10.430389340663559 ], [ -36.47204652399995, -10.430228171663533 ], [ -36.471430435999935, -10.430009071663568 ], [ -36.471014837999967, -10.429868922663566 ], [ -36.470459479999931, -10.429713948663576 ], [ -36.469862603999957, -10.429592954663596 ], [ -36.469511504999957, -10.42946151366359 ], [ -36.469081635999942, -10.429274749663559 ], [ -36.468579578999936, -10.429056789663578 ], [ -36.468121086999929, -10.42886093366358 ], [ -36.467718522999981, -10.428680876663613 ], [ -36.467268942999965, -10.428449314663613 ], [ -36.466961633999972, -10.428223282663623 ], [ -36.466517992999975, -10.427884314663636 ], [ -36.466324337999936, -10.427689651663643 ], [ -36.466069252999944, -10.427393117663625 ], [ -36.465810868999938, -10.427043397663656 ], [ -36.465379768999981, -10.426506747663668 ], [ -36.465049908999951, -10.42608554166368 ], [ -36.46456524599995, -10.425464750663673 ], [ -36.464213037999968, -10.424972791663699 ], [ -36.463844445999946, -10.424538013663723 ], [ -36.463610685999981, -10.424250257663756 ], [ -36.463504557999954, -10.42413122466372 ], [ -36.463367835999975, -10.424195936663757 ], [ -36.463158599999929, -10.423875003663758 ], [ -36.463020609999944, -10.423694471663762 ], [ -36.462852938999966, -10.423449965663767 ], [ -36.462570779999965, -10.423066652663795 ], [ -36.462279735999971, -10.422697737663784 ], [ -36.46199355199996, -10.422422732663797 ], [ -36.462250704999974, -10.422248825663768 ], [ -36.463195504999931, -10.423145357663753 ], [ -36.464185803999953, -10.421177318663853 ] ] ] } },
{ "type": "Feature", "properties": { "num_setor": "SE_SIMAODI_SR_1_CPRM", "munic": "SIMÃO DIAS", "grau_risco": "Alto", "distancia_km": 1.02, "chuva_24h": 0.2, "chuva_72h": 17.6, "fonte_estacao": "openmeteo", "codigo_estacao": "openmeteo", "nome_estacao": "Open-Meteo (célula de grade)" }, "geometry": { "type": "Polygon", "coordinates": [ [ [ -37.807333568999979, -10.734099629654194 ], [ -37.807374535999934, -10.734127730654201 ], [ -37.80739501499994, -10.734157607654231 ], [ -37.807416732999968, -10.734185674654185 ], [ -37.807438740999942, -10.734209070654199 ], [ -37.807461630999974, -10.734240245654206 ], [ -37.807501277999961, -10.734236426654178 ], [ -37.807546737999985, -10.734193861654179 ], [ -37.807585200999938, -10.734163689654199 ], [ -37.807614120999965, -10.734132600654194 ], [ -37.80765047999995, -10.734120635654197 ], [ -37.807690904999951, -10.734114866654211 ], [ -37.807725468999934, -10.734118910654189 ], [ -37.807759696999938, -10.734095319654193 ], [ -37.80780340299998, -10.734075918654217 ], [ -37.807848705999959, -10.734075699654198 ], [ -37.807878384999974, -10.734087408654176 ], [ -37.807915381999969, -10.734113227654209 ], [ -37.807928086999937, -10.734140785654205 ], [ -37.807958442999954, -10.734166352654228 ], [ -37.807975188999933, -10.734216303654218 ], [ -37.807980281999967, -10.734246025654185 ], [ -37.807981431999963, -10.734279219654216 ], [ -37.807984628999975, -10.734313503654183 ], [ -37.808005144999989, -10.734352436654168 ], [ -37.808013326999969, -10.734382005654224 ], [ -37.808045842999945, -10.734411541654215 ], [ -37.808113626999955, -10.734437907654202 ], [ -37.808154497999965, -10.734415350654185 ], [ -37.808185410999954, -10.734387424654207 ], [ -37.808201036999947, -10.734356238654208 ], [ -37.808260185999984, -10.734310464654214 ], [ -37.808361533999971, -10.73422361165418 ], [ -37.808418279999955, -10.734189724654215 ], [ -37.808508941999946, -10.734149139654198 ], [ -37.808628367999972, -10.734121035654226 ], [ -37.808729796999955, -10.73409041865418 ], [ -37.808842021999965, -10.734080930654189 ], [ -37.808931057999985, -10.734086117654186 ], [ -37.809042429999977, -10.734123299654215 ], [ -37.80919322799997, -10.734150062654203 ], [ -37.809319237999944, -10.734167297654176 ], [ -37.809377907999931, -10.734225926654197 ], [ -37.809389689999932, -10.734315889654189 ], [ -37.809428811999965, -10.734447798654189 ], [ -37.809431916999984, -10.734558103654217 ], [ -37.809466192999942, -10.734654707654178 ], [ -37.809526293999966, -10.734719263654204 ], [ -37.809664060999978, -10.734780739654198 ], [ -37.809749753999938, -10.73482334565416 ], [ -37.809834326999976, -10.734860435654193 ], [ -37.809945470999935, -10.734878239654172 ], [ -37.81003586199995, -10.734813714654205 ], [ -37.810156452999934, -10.734731060654168 ], [ -37.810250763999932, -10.734676522654198 ], [ -37.810332636999931, -10.734625772654187 ], [ -37.810411854999984, -10.734595770654176 ], [ -37.810516663999977, -10.73459345465422 ], [ -37.810578986999928, -10.734621464654206 ], [ -37.810672794999959, -10.734705835654166 ], [ -37.810718632999958, -10.734847985654207 ], [ -37.810715659999971, -10.734996137654157 ], [ -37.810702638999942, -10.735124583654166 ], [ -37.810644103999941, -10.735272088654199 ], [ -37.810549359999982, -10.735311029654149 ], [ -37.810495053999936, -10.735335913654174 ], [ -37.810407070999929, -10.735367580654147 ], [ -37.81031364699993, -10.735117403654161 ], [ -37.810107311999957, -10.735220288654141 ], [ -37.809993537999958, -10.73528190065417 ], [ -37.809895539999957, -10.735107209654187 ], [ -37.809542306999951, -10.735258866654187 ], [ -37.80939790999998, -10.735325877654187 ], [ -37.809347291999984, -10.735338860654162 ], [ -37.809285318999969, -10.735232241654156 ], [ -37.809222557999931, -10.735053503654175 ], [ -37.809167944999956, -10.734931928654198 ], [ -37.809006389999979, -10.734971207654159 ], [ -37.808878734999951, -10.735061680654162 ], [ -37.808782213999962, -10.735146882654186 ], [ -37.808636922999938, -10.735243461654187 ], [ -37.808554880999971, -10.735337437654145 ], [ -37.80839444999998, -10.735425626654138 ], [ -37.808326421999936, -10.735434471654161 ], [ -37.808267386999944, -10.735413494654141 ], [ -37.808198437999977, -10.735339905654195 ], [ -37.808085436999932, -10.735168306654204 ], [ -37.808009310999978, -10.735026920654155 ], [ -37.807972629999938, -10.734955475654207 ], [ -37.807900065999945, -10.73488618865418 ], [ -37.807834804999978, -10.734903478654196 ], [ -37.807752045999955, -10.73495280565419 ], [ -37.807687492999953, -10.734963053654161 ], [ -37.807634499999942, -10.734978073654197 ], [ -37.807591678999984, -10.734971818654175 ], [ -37.807500791999985, -10.734841410654166 ], [ -37.807457535999959, -10.734745418654214 ], [ -37.807423422999932, -10.734653867654192 ], [ -37.807352471999927, -10.734548999654196 ], [ -37.807252372999983, -10.734395133654196 ], [ -37.807155114999951, -10.734284880654197 ], [ -37.807118605999953, -10.734206795654217 ], [ -37.80709965199997, -10.734154631654208 ], [ -37.807199921999938, -10.734098253654206 ], [ -37.807310712999929, -10.734074497654181 ], [ -37.807333568999979, -10.734099629654194 ] ] ] } },
{ "type": "Feature", "properties": { "num_setor": "SE_NEOPOLI_SR_3_CPRM", "munic": "NEÓPOLIS", "grau_risco": "Alto", "distancia_km": 0.52, "chuva_24h": 1.1, "chuva_72h": 5.9, "fonte_estacao": "openmeteo", "codigo_estacao": "openmeteo", "nome_estacao": "Open-Meteo (célula de grade)" }, "geometry": { "type": "Polygon", "coordinates": [ [ [ -36.574551902999929, -10.324997807666815 ], [ -36.574792439999953, -10.325003735666769 ], [ -36.574802248999958, -10.325209177666798 ], [ -36.574564673999923, -10.325210351666778 ], [ -36.574551902999929, -10.324997807666815 ] ] ] } },
{ "type": "Feature", "properties": { "num_setor": "SE_SAOCRIS_SR_003_CPRM", "munic": "SÃO CRISTÓVÃO", "grau_risco": "Muito alto", "distancia_km": 1.57, "chuva_24h": 1.5, "chuva_72h": 23.0, "fonte_estacao": "openmeteo", "codigo_estacao": "openmeteo", "nome_estacao": "Open-Meteo (célula de grade)" }, "geometry": { "type": "Polygon", "coordinates": [ [ [ -37.211401504999969, -10.99933724264609 ], [ -37.21134552999996, -10.999690461646049 ], [ -37.211249021999947, -11.000136327646041 ], [ -37.21122392999996, -11.00015948964603 ], [ -37.211019332999967, -11.00017107064606 ], [ -37.210897732999968, -11.000134397646047 ], [ -37.210918964999962, -10.999999286646087 ], [ -37.210984590999942, -10.999819781646087 ], [ -37.211028983999945, -10.999703972646071 ], [ -37.211025123999946, -10.999561140646083 ], [ -37.210953707999977, -10.999537978646096 ], [ -37.210930545999922, -10.999491655646096 ], [ -37.211005821999947, -10.999476213646096 ], [ -37.211028983999945, -10.999458842646082 ], [ -37.211034774999966, -10.999387426646058 ], [ -37.211083028999951, -10.999302499646074 ], [ -37.211210418999947, -10.999327591646054 ], [ -37.211401504999969, -10.99933724264609 ] ] ] } },
{ "type": "Feature", "properties": { "num_setor": "SE_SAOCRIS_SR_002_CPRM", "munic": "SÃO CRISTÓVÃO", "grau_risco": "Alto", "distancia_km": 1.2, "chuva_24h": 1.6, "chuva_72h": 35.7, "fonte_estacao": "openmeteo", "codigo_estacao": "openmeteo", "nome_estacao": "Open-Meteo (célula de grade)" }, "geometry": { "type": "Polygon", "coordinates": [ [ [ -37.203586294999972, -11.011796412645703 ], [ -37.203707894999987, -11.011863968645681 ], [ -37.203723335999939, -11.01189292064571 ], [ -37.203586294999972, -11.011875548645715 ], [ -37.203474345999958, -11.011863968645681 ], [ -37.203372046999966, -11.011860107645697 ], [ -37.203209913999956, -11.011875548645715 ], [ -37.203026548999958, -11.011935383645708 ], [ -37.202767907999942, -11.011962406645692 ], [ -37.202706142999943, -11.011935383645717 ], [ -37.202762116999963, -11.011819574645703 ], [ -37.202671399999929, -11.011773250645717 ], [ -37.202673329999982, -11.011663231645683 ], [ -37.202798789999974, -11.011640069645692 ], [ -37.202982154999972, -11.01165551064571 ], [ -37.203275538999947, -11.011703764645686 ], [ -37.203412580999959, -11.011730787645719 ], [ -37.203586294999972, -11.011796412645703 ] ] ] } },
{ "type": "Feature", "properties": { "num_setor": "SE_SAOCRIS_SR_001_CPRM", "munic": "SÃO CRISTÓVÃO", "grau_risco": "Alto", "distancia_km": 1.41, "chuva_24h": 1.5, "chuva_72h": 23.0, "fonte_estacao": "openmeteo", "codigo_estacao": "openmeteo", "nome_estacao": "Open-Meteo (célula de grade)" }, "geometry": { "type": "Polygon", "coordinates": [ [ [ -37.217996854999967, -10.990708792646354 ], [ -37.217869463999932, -10.990703645646315 ], [ -37.21786817699995, -10.990702358646345 ], [ -37.217852735999941, -10.990666329646347 ], [ -37.217854022999973, -10.990632873646366 ], [ -37.217861743999947, -10.990585262646356 ], [ -37.217870750999957, -10.990536365646353 ], [ -37.217891338999941, -10.990474600646362 ], [ -37.217920934999938, -10.990392246646334 ], [ -37.217946669999947, -10.990336915646333 ], [ -37.217987846999961, -10.990302172646377 ], [ -37.218052185999966, -10.990297025646349 ], [ -37.218052185999966, -10.990313753646351 ], [ -37.21803931799996, -10.990447578646373 ], [ -37.218018729999983, -10.990590409646378 ], [ -37.217996854999967, -10.990708792646354 ] ] ] } },
{ "type": "Feature", "properties": { "num_setor": "SE_SAOCRIS_SR_004_CPRM", "munic": "SÃO CRISTÓVÃO", "grau_risco": "Muito alto", "distancia_km": 0.82, "chuva_24h": 1.2, "chuva_72h": 21.8, "fonte_estacao": "openmeteo", "codigo_estacao": "openmeteo", "nome_estacao": "Open-Meteo (célula de grade)" }, "geometry": { "type": "Polygon", "coordinates": [ [ [ -37.111728144999979, -10.917876853648549 ], [ -37.11177639899995, -10.917971431648564 ], [ -37.111757096999952, -10.918056358648551 ], [ -37.111670239999967, -10.918091101648562 ], [ -37.111566010999979, -10.918050567648571 ], [ -37.111444411999976, -10.91805056764858 ], [ -37.111332461999943, -10.918056358648551 ], [ -37.111228233999945, -10.91807952064859 ], [ -37.111052588999939, -10.918089171648569 ], [ -37.110869223999941, -10.918112332648564 ], [ -37.11067234799998, -10.918121983648593 ], [ -37.110591281999973, -10.918102682648591 ], [ -37.110496703999956, -10.918025475648585 ], [ -37.110487052999929, -10.917952129648565 ], [ -37.110629884999973, -10.917901945648588 ], [ -37.110815179999982, -10.917840180648598 ], [ -37.110917477999976, -10.917805437648576 ], [ -37.111093122999925, -10.917849831648567 ], [ -37.111170328999947, -10.917844040648585 ], [ -37.111235953999937, -10.917788066648578 ], [ -37.11128034799998, -10.917730161648567 ], [ -37.111344042999974, -10.917803507648584 ], [ -37.111355623999948, -10.917863342648584 ], [ -37.111394226999948, -10.917865272648584 ], [ -37.111457922999932, -10.917813158648553 ], [ -37.111513896999952, -10.917805437648576 ], [ -37.111728144999979, -10.917876853648549 ] ] ] } },
{ "type": "Feature", "properties": { "num_setor": "SE_RIACHUE_SR_004_CPRM", "munic": "RIACHUELO", "grau_risco": "Alto", "distancia_km": 1.24, "chuva_24h": 1.0, "chuva_72h": 18.4, "fonte_estacao": "openmeteo", "codigo_estacao": "openmeteo", "nome_estacao": "Open-Meteo (célula de grade)" }, "geometry": { "type": "Polygon", "coordinates": [ [ [ -37.191483612999939, -10.732316160654277 ], [ -37.191401258999974, -10.732607828654261 ], [ -37.191370376999942, -10.732669593654252 ], [ -37.190955177999967, -10.732576945654237 ], [ -37.190714980999985, -10.732498023654241 ], [ -37.190485076999948, -10.732467141654261 ], [ -37.190399292999984, -10.732401944654242 ], [ -37.190440468999952, -10.732199492654255 ], [ -37.190464488999964, -10.732038217654271 ], [ -37.190509096999961, -10.73193184465428 ], [ -37.190519390999953, -10.731914687654283 ], [ -37.190972334999969, -10.731293605654292 ], [ -37.191167923999963, -10.730809778654328 ], [ -37.191308611999951, -10.730645072654305 ], [ -37.191634593999936, -10.730864681654296 ], [ -37.191356650999978, -10.731300467654313 ], [ -37.191037531999939, -10.731266154654298 ], [ -37.190865961999975, -10.731568116654273 ], [ -37.190666940999961, -10.731959295654272 ], [ -37.191483612999939, -10.732316160654277 ] ] ] } },
{ "type": "Feature", "properties": { "num_setor": "SE_NOSSASE4_SR_001_CPRM", "munic": "NOSSA SENHORA DO SOCORRO", "grau_risco": "Alto", "distancia_km": 0.79, "chuva_24h": 1.4, "chuva_72h": 17.7, "fonte_estacao": "openmeteo", "codigo_estacao": "openmeteo", "nome_estacao": "Open-Meteo (célula de grade)" }, "geometry": { "type": "Polygon", "coordinates": [ [ [ -37.129721634999953, -10.854726706650494 ], [ -37.12980211699994, -10.854695001650528 ], [ -37.129844795999929, -10.854769386650528 ], [ -37.129904547999956, -10.854852307650528 ], [ -37.129963080999971, -10.854935228650531 ], [ -37.129936252999975, -10.855012052650483 ], [ -37.129880159999963, -10.855014491650499 ], [ -37.129808213999972, -10.85503034365049 ], [ -37.129702123999948, -10.855090095650512 ], [ -37.129678954999974, -10.855112045650479 ], [ -37.129657004999963, -10.855079120650506 ], [ -37.129615544999979, -10.8549852246505 ], [ -37.129710659999944, -10.854924253650521 ], [ -37.129776508999953, -10.854891329650476 ], [ -37.129811871999948, -10.854851088650518 ], [ -37.129721634999953, -10.854726706650494 ] ] ] } },
{ "type": "Feature", "properties": { "num_setor": "SE_RIACHUE_SR_002_CPRM", "munic": "RIACHUELO", "grau_risco": "Muito alto", "distancia_km": 1.62, "chuva_24h": 1.0, "chuva_72h": 18.4, "fonte_estacao": "openmeteo", "codigo_estacao": "openmeteo", "nome_estacao": "Open-Meteo (célula de grade)" }, "geometry": { "type": "Polygon", "coordinates": [ [ [ -37.191959395999966, -10.728607104654397 ], [ -37.191841996999983, -10.728932641654378 ], [ -37.191736122999949, -10.729085070654333 ], [ -37.191609534999941, -10.729150574654351 ], [ -37.191326222999976, -10.729034343654362 ], [ -37.190984794999963, -10.729005285654369 ], [ -37.19079966299995, -10.728899138654377 ], [ -37.19066515999998, -10.729005285654369 ], [ -37.190614308999955, -10.729034343654371 ], [ -37.190483549999954, -10.728954434654352 ], [ -37.190461755999927, -10.728823675654347 ], [ -37.190397977999964, -10.728561456654372 ], [ -37.190138851999954, -10.728472973654373 ], [ -37.190093741999931, -10.728653985654345 ], [ -37.189887866999982, -10.728809146654351 ], [ -37.189771635999932, -10.728692915654358 ], [ -37.189887866999982, -10.728431396654376 ], [ -37.190084005999942, -10.728177141654367 ], [ -37.190254494999976, -10.727958889654412 ], [ -37.191042601999982, -10.728172163654381 ], [ -37.191520776999937, -10.728495862654402 ], [ -37.191959395999966, -10.728607104654397 ] ] ] } },
{ "type": "Feature", "properties": { "num_setor": "SE_RIACHUE_SR_003_CPRM", "munic": "RIACHUELO", "grau_risco": "Alto", "distancia_km": 1.59, "chuva_24h": 1.0, "chuva_72h": 18.4, "fonte_estacao": "openmeteo", "codigo_estacao": "openmeteo", "nome_estacao": "Open-Meteo (célula de grade)" }, "geometry": { "type": "Polygon", "coordinates": [ [ [ -37.186107751999941, -10.731834774654303 ], [ -37.185759059999953, -10.731500610654273 ], [ -37.185679150999931, -10.731246355654264 ], [ -37.185737265999933, -10.730817754654327 ], [ -37.185562919999946, -10.730432740654326 ], [ -37.185286871999949, -10.730527178654341 ], [ -37.185010823999967, -10.730628879654281 ], [ -37.184814684999935, -10.730410947654295 ], [ -37.18449504999996, -10.730454533654301 ], [ -37.184240794999937, -10.729742620654347 ], [ -37.185330458999942, -10.729422985654374 ], [ -37.185613770999964, -10.729938759654356 ], [ -37.185679150999931, -10.730200279654333 ], [ -37.185926140999982, -10.730149428654308 ], [ -37.186078693999946, -10.730098577654338 ], [ -37.186362006999957, -10.729916966654329 ], [ -37.18645644399993, -10.730163956654318 ], [ -37.186601732999975, -10.73046179865432 ], [ -37.186601732999975, -10.730548971654319 ], [ -37.186550881999949, -10.730825019654292 ], [ -37.186478237999957, -10.730875870654316 ], [ -37.186463708999952, -10.730963043654313 ], [ -37.186420121999959, -10.731006629654319 ], [ -37.186427386999988, -10.731101067654272 ], [ -37.186507294999963, -10.731304471654314 ], [ -37.186565410999947, -10.731471553654277 ], [ -37.186398328999985, -10.731609577654289 ], [ -37.186107751999941, -10.731834774654303 ] ] ] } },
{ "type": "Feature", "properties": { "num_setor": "SE_RIACHUE_SR_001_CPRM", "munic": "RIACHUELO", "grau_risco": "Alto", "distancia_km": 1.56, "chuva_24h": 1.0, "chuva_72h": 18.4, "fonte_estacao": "openmeteo", "codigo_estacao": "openmeteo", "nome_estacao": "Open-Meteo (célula de grade)" }, "geometry": { "type": "Polygon", "coordinates": [ [ [ -37.19461916399996, -10.728967719654362 ], [ -37.194559231999961, -10.72903854765436 ], [ -37.194526541999949, -10.72906578965434 ], [ -37.194496576999938, -10.729163858654328 ], [ -37.194491127999981, -10.729267376654331 ], [ -37.194474782999976, -10.729330032654333 ], [ -37.194442093999953, -10.729373619654327 ], [ -37.194409403999941, -10.729398136654371 ], [ -37.19437671399993, -10.729321860654359 ], [ -37.19437671399993, -10.729319135654361 ], [ -37.194333126999929, -10.729283721654335 ], [ -37.194281367999963, -10.729253756654382 ], [ -37.194251401999963, -10.729259204654351 ], [ -37.194226884999978, -10.729302791654343 ], [ -37.194188746999941, -10.729346377654338 ], [ -37.194183298, -10.729354550654369 ], [ -37.194120642999962, -10.729362722654351 ], [ -37.194022572999984, -10.729319135654361 ], [ -37.19393539999993, -10.729270101654331 ], [ -37.193886364999969, -10.729188376654356 ], [ -37.193886364999962, -10.729128444654364 ], [ -37.193883640999957, -10.729101203654366 ], [ -37.193840053999963, -10.729073961654381 ], [ -37.19375832999998, -10.729049444654338 ], [ -37.193701121999936, -10.72903854765436 ], [ -37.193597603999933, -10.729024926654361 ], [ -37.193603052999947, -10.72897316765439 ], [ -37.193630293999945, -10.728940477654374 ], [ -37.193687501999932, -10.728926857654374 ], [ -37.193867295999951, -10.728877822654358 ], [ -37.193840053999963, -10.728975891654343 ], [ -37.193908157999942, -10.72900585765435 ], [ -37.194019848999964, -10.729022202654351 ], [ -37.194066159999977, -10.728915960654334 ], [ -37.194112469999936, -10.728861477654352 ], [ -37.194150608999962, -10.728902339654349 ], [ -37.194158780999942, -10.728997685654367 ], [ -37.194172401999936, -10.729022202654351 ], [ -37.194224160999973, -10.729003133654393 ], [ -37.194273195999983, -10.728924132654376 ], [ -37.194319505999943, -10.728877822654358 ], [ -37.194384885999966, -10.728875098654351 ], [ -37.194485679999957, -10.72889961565439 ], [ -37.194591921999979, -10.728932305654347 ], [ -37.19461916399996, -10.728967719654362 ] ] ] } },
{ "type": "Feature", "properties": { "num_setor": "SE_TOBIASB_SR_002_SGB", "munic": "TOBIAS BARRETO", "grau_risco": "Alto", "distancia_km": 1.46, "chuva_24h": 0.0, "chuva_72h": 10.6, "fonte_estacao": "openmeteo", "codigo_estacao": "openmeteo", "nome_estacao": "Open-Meteo (célula de grade)" }, "geometry": { "type": "Polygon", "coordinates": [ [ [ -38.002085873999938, -11.192211984640213 ], [ -38.002545906999948, -11.192699399640208 ], [ -38.001186061999931, -11.193728085640165 ], [ -38.001204923999978, -11.193942449640138 ], [ -38.000985824999923, -11.193939105640149 ], [ -38.000739378999981, -11.193920621640137 ], [ -38.000521407999948, -11.193824531640143 ], [ -38.000650741999948, -11.193590171640171 ], [ -38.00090264399995, -11.193648040640158 ], [ -38.000944033999929, -11.193211677640164 ], [ -38.001036477999946, -11.193246537640135 ], [ -38.001045020999982, -11.19319528164019 ], [ -38.001058674999967, -11.193056061640146 ], [ -38.001395825999964, -11.192748688640155 ], [ -38.002085873999938, -11.192211984640213 ] ] ] } },
{ "type": "Feature", "properties": { "num_setor": "SE_TOBIASB_SR_001_SGB", "munic": "TOBIAS BARRETO", "grau_risco": "Alto", "distancia_km": 1.58, "chuva_24h": 0.0, "chuva_72h": 10.6, "fonte_estacao": "openmeteo", "codigo_estacao": "openmeteo", "nome_estacao": "Open-Meteo (célula de grade)" }, "geometry": { "type": "Polygon", "coordinates": [ [ [ -38.009619319999956, -11.187550384640337 ], [ -38.006227609999947, -11.190318278640243 ], [ -38.005345026999976, -11.1914457676402 ], [ -38.005197158999977, -11.191223966640196 ], [ -38.004833266999988, -11.191452698640232 ], [ -38.004975357999967, -11.191699914640218 ], [ -38.004656518999973, -11.191898611640186 ], [ -38.004425475999938, -11.191515080640237 ], [ -38.004102015999933, -11.191676810640244 ], [ -38.004374646999963, -11.192129654640214 ], [ -38.003635308999947, -11.192596360640197 ], [ -38.00348282099997, -11.192314488640189 ], [ -38.003746209999974, -11.192180483640195 ], [ -38.003723105999939, -11.19213427564018 ], [ -38.003202103999968, -11.191078409640205 ], [ -38.004004977999955, -11.190752638640266 ], [ -38.004203035999979, -11.191147834640255 ], [ -38.004935359999934, -11.190833452640268 ], [ -38.004832110999985, -11.190697188640229 ], [ -38.005298559999972, -11.190480474640253 ], [ -38.005187916999951, -11.190221240640264 ], [ -38.005566827999985, -11.189893159640251 ], [ -38.005341544999965, -11.18971195464027 ], [ -38.00564830199994, -11.189376804640263 ], [ -38.005049291999967, -11.188867328640299 ], [ -38.005340405999959, -11.188511522640285 ], [ -38.005576069999961, -11.188677873640303 ], [ -38.005899529999965, -11.188280480640298 ], [ -38.006038154999949, -11.188359034640317 ], [ -38.006380098999955, -11.18796626164035 ], [ -38.006569553999952, -11.188127991640343 ], [ -38.007119435999982, -11.187536521640343 ], [ -38.007891118999964, -11.188275859640337 ], [ -38.009318963999938, -11.187213061640348 ], [ -38.009383655999954, -11.187291616640364 ], [ -38.009619319999956, -11.187550384640337 ] ] ] } },
{ "type": "Feature", "properties": { "num_setor": "SE_TOBIASB_SR_003_SGB", "munic": "TOBIAS BARRETO", "grau_risco": "Alto", "distancia_km": 1.25, "chuva_24h": 0.0, "chuva_72h": 10.6, "fonte_estacao": "openmeteo", "codigo_estacao": "openmeteo", "nome_estacao": "Open-Meteo (célula de grade)" }, "geometry": { "type": "Polygon", "coordinates": [ [ [ -37.999872155999981, -11.191474273640232 ], [ -38.000297133999936, -11.191254833640224 ], [ -38.000406677999941, -11.191420737640241 ], [ -38.00027578199996, -11.191494158640205 ], [ -38.000471369999957, -11.191805809640206 ], [ -38.000525279999984, -11.191785015640178 ], [ -38.000585350999984, -11.191900536640231 ], [ -38.000284994999959, -11.192099233640207 ], [ -37.999872155999981, -11.191474273640232 ] ] ] } }
]
}
