{
"type": "FeatureCollection",
"name": "setores_mt",
"crs": { "type": "name", "properties": { "name": "urn:ogc:def:crs:OGC:1.3:CRS84" } },
"features": [
{ "type": "Feature", "properties": { "num_setor": "MT_PRIMAVE_SR_005_SGB", "munic": "PRIMAVERA DO LESTE", "grau_risco": "Alto", "distancia_km": 1.61, "chuva_24h": 0.0, "chuva_72h": 0.0, "fonte_estacao": "openmeteo", "codigo_estacao": "openmeteo", "nome_estacao": "Open-Meteo (célula de grade)" }, "geometry": { "type": "Polygon", "coordinates": [ [ [ -54.306081568999957, -15.57422410251135 ], [ -54.305989200999932, -15.574591178511376 ], [ -54.30582480399994, -15.574482209511325 ], [ -54.305591861999972, -15.574345151511388 ], [ -54.305482635999972, -15.574474087511328 ], [ -54.305381421999982, -15.574403556511383 ], [ -54.305341586999987, -15.574284709511371 ], [ -54.305040964999932, -15.574216278511331 ], [ -54.304830065999965, -15.574213151511383 ], [ -54.30466787499995, -15.574405430511344 ], [ -54.304553554999984, -15.574351448511356 ], [ -54.304791849999958, -15.573811605511354 ], [ -54.305156503999967, -15.573877053511396 ], [ -54.305259293999931, -15.573915450511368 ], [ -54.30536488499996, -15.573937048511352 ], [ -54.305411680999953, -15.573968245511349 ], [ -54.305900035999976, -15.57411423251134 ], [ -54.306081568999957, -15.57422410251135 ] ] ] } },
{ "type": "Feature", "properties": { "num_setor": "MT_PRIMAVE_SR_006_SGB", "munic": "PRIMAVERA DO LESTE", "grau_risco": "Muito alto", "distancia_km": 1.63, "chuva_24h": 0.0, "chuva_72h": 0.0, "fonte_estacao": "openmeteo", "codigo_estacao": "openmeteo", "nome_estacao": "Open-Meteo (célula de grade)" }, "geometry": { "type": "Polygon", "coordinates": [ [ [ -54.306651168999963, -15.575032749511314 ], [ -54.306252004999976, -15.574841366511366 ], [ -54.306227641999946, -15.574788760511366 ], [ -54.306222163999962, -15.574776932511334 ], [ -54.306309903999932, -15.574545065511328 ], [ -54.307044835999932, -15.574781189511347 ], [ -54.307205862999979, -15.574334449511385 ], [ -54.307417547999925, -15.574408271511375 ], [ -54.307176083999934, -15.575109807511362 ], [ -54.307046732999936, -15.575111941511359 ], [ -54.306921543999977, -15.575087144511327 ], [ -54.306651168999963, -15.575032749511314 ] ] ] } },
{ "type": "Feature", "properties": { "num_setor": "MT_PRIMAVE_SR_003_SGB", "munic": "PRIMAVERA DO LESTE", "grau_risco": "Alto", "distancia_km": 1.3, "chuva_24h": 0.0, "chuva_72h": 0.0, "fonte_estacao": "openmeteo", "codigo_estacao": "openmeteo", "nome_estacao": "Open-Meteo (célula de grade)" }, "geometry": { "type": "Polygon", "coordinates": [ [ [ -54.286905170999944, -15.560728707511728 ], [ -54.286906153999951, -15.560771638511731 ], [ -54.286023833999934, -15.560778038511742 ], [ -54.285866914999986, -15.560734572511722 ], [ -54.28584536999994, -15.560446705511733 ], [ -54.286630517999981, -15.560439693511762 ], [ -54.286901340999975, -15.56040338551175 ], [ -54.286905170999944, -15.560728707511728 ] ] ] } },
{ "type": "Feature", "properties": { "num_setor": "MT_PRIMAVE_SR_004_SGB", "munic": "PRIMAVERA DO LESTE", "grau_risco": "Alto", "distancia_km": 0.7, "chuva_24h": 0.0, "chuva_72h": 0.0, "fonte_estacao": "openmeteo", "codigo_estacao": "openmeteo", "nome_estacao": "Open-Meteo (célula de grade)" }, "geometry": { "type": "Polygon", "coordinates": [ [ [ -54.280756738999969, -15.56215759551171 ], [ -54.280720312999961, -15.562180311511696 ], [ -54.280607523999947, -15.562209908511685 ], [ -54.280325085999948, -15.562165790511667 ], [ -54.280063421999955, -15.562089831511715 ], [ -54.280014011999981, -15.561844346511725 ], [ -54.280733194999982, -15.561968338511727 ], [ -54.280756738999969, -15.56215759551171 ] ] ] } },
{ "type": "Feature", "properties": { "num_setor": "MT_PRIMAVE_SR_001_SGB", "munic": "PRIMAVERA DO LESTE", "grau_risco": "Muito alto", "distancia_km": 0.89, "chuva_24h": 0.0, "chuva_72h": 0.0, "fonte_estacao": "openmeteo", "codigo_estacao": "openmeteo", "nome_estacao": "Open-Meteo (célula de grade)" }, "geometry": { "type": "Polygon", "coordinates": [ [ [ -54.282686167999941, -15.56097472751174 ], [ -54.282486114999976, -15.560987041511746 ], [ -54.282368172999952, -15.56079919351175 ], [ -54.282222097999984, -15.560798056511729 ], [ -54.282253007999941, -15.560369870511771 ], [ -54.28243299199994, -15.560359739511771 ], [ -54.282732585999952, -15.560359945511745 ], [ -54.282748092999952, -15.560720937511762 ], [ -54.282686167999941, -15.56097472751174 ] ] ] } },
{ "type": "Feature", "properties": { "num_setor": "MT_PRIMAVE_SR_002_SGB", "munic": "PRIMAVERA DO LESTE", "grau_risco": "Alto", "distancia_km": 1.04, "chuva_24h": 0.0, "chuva_72h": 0.0, "fonte_estacao": "openmeteo", "codigo_estacao": "openmeteo", "nome_estacao": "Open-Meteo (célula de grade)" }, "geometry": { "type": "Polygon", "coordinates": [ [ [ -54.283703258999935, -15.560761234511757 ], [ -54.283681681999951, -15.560567133511727 ], [ -54.283666364999931, -15.560373048511758 ], [ -54.284152557999953, -15.560325124511765 ], [ -54.284369087999949, -15.560593567511734 ], [ -54.28438581599994, -15.560752720511752 ], [ -54.283703258999935, -15.560761234511757 ] ] ] } },
{ "type": "Feature", "properties": { "num_setor": "MT_BARRADO1_SR_11_CPRM", "munic": "BARRA DO GARÇAS", "grau_risco": "Muito alto", "distancia_km": 0.25, "chuva_24h": 0.0, "chuva_72h": 0.0, "fonte_estacao": "openmeteo", "codigo_estacao": "openmeteo", "nome_estacao": "Open-Meteo (célula de grade)" }, "geometry": { "type": "Polygon", "coordinates": [ [ [ -52.291363944999944, -15.883423419502639 ], [ -52.291326485999946, -15.882833877502655 ], [ -52.291849995999939, -15.882708604502682 ], [ -52.291878692999937, -15.88286065850269 ], [ -52.292317611999977, -15.882790789502678 ], [ -52.294007222999937, -15.882650392502686 ], [ -52.293985658999986, -15.882763018502713 ], [ -52.293918367999936, -15.883310940502646 ], [ -52.292806418999923, -15.883591379502635 ], [ -52.292715108999978, -15.883305319502695 ], [ -52.292658979999942, -15.883129599502679 ], [ -52.292213505999946, -15.883229946502688 ], [ -52.291363944999944, -15.883423419502639 ] ] ] } },
{ "type": "Feature", "properties": { "num_setor": "MT_BARRADO1_SR_12_CPRM", "munic": "BARRA DO GARÇAS", "grau_risco": "Alto", "distancia_km": 0.91, "chuva_24h": 0.0, "chuva_72h": 0.0, "fonte_estacao": "openmeteo", "codigo_estacao": "openmeteo", "nome_estacao": "Open-Meteo (célula de grade)" }, "geometry": { "type": "Polygon", "coordinates": [ [ [ -52.273081207999951, -15.886020391502619 ], [ -52.27339606399994, -15.885804945502596 ], [ -52.273622871999983, -15.885938326502606 ], [ -52.274057079999977, -15.886563871502581 ], [ -52.274258060999955, -15.886826835502573 ], [ -52.274257223999946, -15.887062526502572 ], [ -52.274147952999954, -15.887351770502539 ], [ -52.273839991999978, -15.887343787502562 ], [ -52.273784025999923, -15.887837195502556 ], [ -52.27326945599998, -15.887829969502521 ], [ -52.273243424999976, -15.887593060502565 ], [ -52.272923420999973, -15.887628654502553 ], [ -52.272890210999947, -15.887685232502548 ], [ -52.272514341999958, -15.887693713502559 ], [ -52.272215399999936, -15.887721583502556 ], [ -52.272216165999964, -15.887874338502542 ], [ -52.270958852999968, -15.887987757502541 ], [ -52.270948783999984, -15.88732889450254 ], [ -52.272509206999977, -15.887183321502553 ], [ -52.272490662999985, -15.887050476502553 ], [ -52.27282016199996, -15.886928273502571 ], [ -52.273069913999961, -15.886794693502567 ], [ -52.272861804999934, -15.886543408502579 ], [ -52.272696160999942, -15.886309592502592 ], [ -52.273081207999951, -15.886020391502619 ] ] ] } },
{ "type": "Feature", "properties": { "num_setor": "MT_BARRADO1_SR_20_CPRM", "munic": "BARRA DO GARÇAS", "grau_risco": "Alto", "distancia_km": 0.5, "chuva_24h": 0.0, "chuva_72h": 0.0, "fonte_estacao": "openmeteo", "codigo_estacao": "openmeteo", "nome_estacao": "Open-Meteo (célula de grade)" }, "geometry": { "type": "Polygon", "coordinates": [ [ [ -52.320572245999983, -15.883361211502669 ], [ -52.320464987999969, -15.883374686502664 ], [ -52.320391447999953, -15.883385202502643 ], [ -52.320330214999956, -15.883389045502645 ], [ -52.320290251999957, -15.883400088502672 ], [ -52.320228408999981, -15.883407758502685 ], [ -52.320173721999936, -15.883415970502684 ], [ -52.320108470999969, -15.883416059502666 ], [ -52.320059169999986, -15.883414664502697 ], [ -52.31998109299996, -15.883414100502693 ], [ -52.319939856999952, -15.883372852502678 ], [ -52.319872192999981, -15.88332119450267 ], [ -52.319791565999935, -15.883319659502645 ], [ -52.319684564999932, -15.88332370150264 ], [ -52.319561609999937, -15.883327085502668 ], [ -52.319443731999968, -15.883330090502655 ], [ -52.319448407999964, -15.883464861502699 ], [ -52.319205698999951, -15.883474140502683 ], [ -52.319207222999978, -15.883748450502679 ], [ -52.318179856999954, -15.883762533502674 ], [ -52.318176880999943, -15.883397947502695 ], [ -52.318186821999966, -15.883333782502673 ], [ -52.318475728999942, -15.883327073502677 ], [ -52.318591098999939, -15.883230727502664 ], [ -52.318754100999975, -15.883215502502692 ], [ -52.318862663999944, -15.88313928650266 ], [ -52.31891221099994, -15.883078709502676 ], [ -52.318949056999941, -15.883063290502651 ], [ -52.318998742999952, -15.88305962250268 ], [ -52.319063837999977, -15.883063424502652 ], [ -52.31917118299998, -15.883050693502682 ], [ -52.31923087499996, -15.883055268502671 ], [ -52.319277272999955, -15.883062284502664 ], [ -52.31933218599994, -15.883075788502692 ], [ -52.31939691499997, -15.883075732502659 ], [ -52.319461008999959, -15.88307319450267 ], [ -52.319529778999943, -15.88307913250269 ], [ -52.319576551999937, -15.883078697502686 ], [ -52.319595627999945, -15.883008311502685 ], [ -52.319604135999953, -15.882962662502663 ], [ -52.319642711999961, -15.882944891502678 ], [ -52.319713481999941, -15.882934533502695 ], [ -52.319802709999976, -15.882929955502672 ], [ -52.319985557999985, -15.882927335502695 ], [ -52.320137655999986, -15.882919343502689 ], [ -52.320276200999956, -15.882911610502664 ], [ -52.320352680999974, -15.882903219502671 ], [ -52.320450693999931, -15.882896197502699 ], [ -52.320520423999938, -15.882883479502699 ], [ -52.320565807999969, -15.882883198502672 ], [ -52.320636245999935, -15.882884595502668 ], [ -52.320650303999969, -15.882963590502694 ], [ -52.320662333999969, -15.883052240502691 ], [ -52.320659896999985, -15.88311576450268 ], [ -52.32065667899996, -15.883195437502694 ], [ -52.320652474999974, -15.883277016502667 ], [ -52.320650848999946, -15.883357648502665 ], [ -52.320572245999983, -15.883361211502669 ] ] ] } },
{ "type": "Feature", "properties": { "num_setor": "MT_BARRADO1_SR_6_CPRM", "munic": "BARRA DO GARÇAS", "grau_risco": "Muito alto", "distancia_km": 0.71, "chuva_24h": 0.0, "chuva_72h": 0.0, "fonte_estacao": "openmeteo", "codigo_estacao": "openmeteo", "nome_estacao": "Open-Meteo (célula de grade)" }, "geometry": { "type": "Polygon", "coordinates": [ [ [ -52.266841068999952, -15.879760743502771 ], [ -52.266557928999987, -15.879314117502792 ], [ -52.26662848999996, -15.879248780502774 ], [ -52.266572477999944, -15.879188406502797 ], [ -52.266257224999954, -15.878996845502792 ], [ -52.266113183999948, -15.878862778502816 ], [ -52.26586173499993, -15.878498990502814 ], [ -52.266092199999946, -15.878306015502805 ], [ -52.266137130999937, -15.878268393502834 ], [ -52.266138152999986, -15.878269408502787 ], [ -52.266227040999979, -15.878357725502791 ], [ -52.266472844999953, -15.878592692502817 ], [ -52.266471372999945, -15.878598174502823 ], [ -52.266491540999937, -15.878613676502827 ], [ -52.266663732999973, -15.878746026502819 ], [ -52.266767486999974, -15.878780444502805 ], [ -52.266778043999977, -15.878779355502779 ], [ -52.266791329999926, -15.878777078502816 ], [ -52.266813724999963, -15.878786071502814 ], [ -52.266821272999948, -15.878786216502816 ], [ -52.266843520999942, -15.878790155502827 ], [ -52.266857796999943, -15.878791278502769 ], [ -52.26686842699997, -15.878792692502826 ], [ -52.266881810999969, -15.878792156502808 ], [ -52.266894236999974, -15.87879119650278 ], [ -52.266910592999977, -15.87878443550278 ], [ -52.266919941999959, -15.878777228502823 ], [ -52.266933429999945, -15.878766233502795 ], [ -52.266945395999976, -15.878755883502777 ], [ -52.266955145999987, -15.878747707502779 ], [ -52.266962845999956, -15.878738737502825 ], [ -52.26697222699994, -15.878728680502778 ], [ -52.266985079999976, -15.8787188475028 ], [ -52.266995865999938, -15.878708245502821 ], [ -52.26700610599994, -15.878697484502828 ], [ -52.267018381999947, -15.878683474502793 ], [ -52.267026978999979, -15.878673352502796 ], [ -52.267037607999953, -15.878662218502818 ], [ -52.267050642999941, -15.878649639502775 ], [ -52.267068707999954, -15.878633661502825 ], [ -52.267081791999942, -15.878621036502807 ], [ -52.267093841999952, -15.878610913502836 ], [ -52.26710844499997, -15.878591818502798 ], [ -52.267125481999976, -15.878562569502783 ], [ -52.267136628999936, -15.878544538502808 ], [ -52.267144826999981, -15.878527787502776 ], [ -52.267155220999939, -15.878504325502776 ], [ -52.267169275999954, -15.878473533502817 ], [ -52.267181712999957, -15.878439397502813 ], [ -52.267188289999972, -15.878422193502795 ], [ -52.267196496999986, -15.87839532450278 ], [ -52.26721095299996, -15.878360691502795 ], [ -52.267227765999969, -15.878377939502803 ], [ -52.267248352999957, -15.878390727502794 ], [ -52.267269536999947, -15.878405907502787 ], [ -52.267297586999973, -15.878425461502792 ], [ -52.267305276999934, -15.878429120502803 ], [ -52.267314649999946, -15.878433581502811 ], [ -52.267330708999964, -15.87844034850281 ], [ -52.267363514999943, -15.878446738502827 ], [ -52.267378790999942, -15.878448301502837 ], [ -52.267403295999948, -15.878442075502798 ], [ -52.267417628999965, -15.878438272502825 ], [ -52.267451768999933, -15.878426147502818 ], [ -52.267502496999953, -15.878388210502818 ], [ -52.267546928999934, -15.878351448502835 ], [ -52.267559290999941, -15.878336491502814 ], [ -52.267569001999959, -15.878263223502822 ], [ -52.267569281999954, -15.878249682502842 ], [ -52.267559606999953, -15.878218645502793 ], [ -52.26754224299998, -15.878184803502803 ], [ -52.267550193999966, -15.878188448502797 ], [ -52.267626842999952, -15.878265821502808 ], [ -52.267807186999953, -15.87812130650282 ], [ -52.267934889999935, -15.878492397502788 ], [ -52.268365851999931, -15.878182260502813 ], [ -52.268483028999981, -15.878417112502811 ], [ -52.268685405999982, -15.878704664502772 ], [ -52.268349695999973, -15.878976119502784 ], [ -52.26734954799997, -15.879652189502766 ], [ -52.267247849999933, -15.879500095502779 ], [ -52.266841068999952, -15.879760743502771 ] ] ] } },
{ "type": "Feature", "properties": { "num_setor": "MT_BARRADO1_SR_18_CPRM", "munic": "BARRA DO GARÇAS", "grau_risco": "Alto", "distancia_km": 1.57, "chuva_24h": 0.0, "chuva_72h": 0.0, "fonte_estacao": "openmeteo", "codigo_estacao": "openmeteo", "nome_estacao": "Open-Meteo (célula de grade)" }, "geometry": { "type": "Polygon", "coordinates": [ [ [ -52.266100316999932, -15.870286599503009 ], [ -52.265889091999952, -15.870279486503033 ], [ -52.265879607999977, -15.870253453503047 ], [ -52.265846789999955, -15.870176905503003 ], [ -52.265813882999964, -15.870093604503049 ], [ -52.265794162999953, -15.870035026503059 ], [ -52.265796171999966, -15.869938529503049 ], [ -52.265848112999947, -15.86983607850307 ], [ -52.26589368499998, -15.869761822503076 ], [ -52.265894578999962, -15.869687837503044 ], [ -52.265850922999959, -15.869617745503062 ], [ -52.265821233999986, -15.86955860750308 ], [ -52.265822299999968, -15.869555472503036 ], [ -52.265822872999941, -15.869477722503037 ], [ -52.265789470999955, -15.869388414503049 ], [ -52.265782632999965, -15.869323813503037 ], [ -52.265831271999957, -15.869273064503068 ], [ -52.265896934999944, -15.869262180503066 ], [ -52.265928049999957, -15.869214723503063 ], [ -52.265947579999931, -15.869141552503077 ], [ -52.265949024999941, -15.869070054503071 ], [ -52.265950166999971, -15.869027294503079 ], [ -52.265956327999959, -15.868970322503044 ], [ -52.265973120999945, -15.868875442503095 ], [ -52.266004539999983, -15.86876440650309 ], [ -52.266036062999945, -15.868661487503061 ], [ -52.266038168999955, -15.868546122503068 ], [ -52.266038755999944, -15.868542913503061 ], [ -52.266048069999954, -15.868439686503111 ], [ -52.266273573999968, -15.868498398503105 ], [ -52.266100316999932, -15.870286599503009 ] ] ] } },
{ "type": "Feature", "properties": { "num_setor": "MT_BARRADO1_SR_1_CPRM", "munic": "BARRA DO GARÇAS", "grau_risco": "Alto", "distancia_km": 1.05, "chuva_24h": 0.0, "chuva_72h": 0.0, "fonte_estacao": "openmeteo", "codigo_estacao": "openmeteo", "nome_estacao": "Open-Meteo (célula de grade)" }, "geometry": { "type": "Polygon", "coordinates": [ [ [ -52.233700275999972, -15.873678650502965 ], [ -52.234511278999946, -15.874157749502912 ], [ -52.235343915999977, -15.874657709502907 ], [ -52.237125338999931, -15.875327834502894 ], [ -52.237712543999976, -15.87566031850289 ], [ -52.238515306999936, -15.876045963502873 ], [ -52.239291622999986, -15.87616020750286 ], [ -52.240072398999985, -15.876102293502889 ], [ -52.241010230999954, -15.876463752502845 ], [ -52.241914973999947, -15.876952076502839 ], [ -52.244685446999938, -15.877785359502834 ], [ -52.244555334999973, -15.877983598502814 ], [ -52.244267029999946, -15.877878167502804 ], [ -52.244141084999967, -15.878068173502825 ], [ -52.24381062599997, -15.877950908502799 ], [ -52.243717217999965, -15.878100202502843 ], [ -52.243518293999955, -15.878027117502846 ], [ -52.243397128999959, -15.878062137502829 ], [ -52.243140899999958, -15.877900225502817 ], [ -52.242308106999985, -15.877504564502857 ], [ -52.241984896999952, -15.877340462502822 ], [ -52.241917231999935, -15.87747382550285 ], [ -52.241616574999966, -15.87733257450285 ], [ -52.241683240999969, -15.877199466502862 ], [ -52.241137538999965, -15.876945388502847 ], [ -52.241160113999968, -15.876912088502866 ], [ -52.241102172999945, -15.876887317502842 ], [ -52.240563473999941, -15.876628989502871 ], [ -52.240503338999986, -15.876732788502858 ], [ -52.240300856999966, -15.876623533502881 ], [ -52.239816761999975, -15.876593338502859 ], [ -52.239913335999972, -15.876392519502877 ], [ -52.239761719999933, -15.876317400502852 ], [ -52.239710121999963, -15.876393677502854 ], [ -52.239576289999945, -15.876323478502865 ], [ -52.239498386999969, -15.876478519502886 ], [ -52.23922099899994, -15.876346685502892 ], [ -52.239177268999981, -15.87644513650287 ], [ -52.238868096999965, -15.876302300502863 ], [ -52.238833523999972, -15.876381496502866 ], [ -52.238739548999945, -15.876541830502848 ], [ -52.238476294999941, -15.876411138502879 ], [ -52.238418951999961, -15.876479263502858 ], [ -52.238035328999956, -15.876303322502858 ], [ -52.238126759999936, -15.876129998502869 ], [ -52.237636477999956, -15.875860771502873 ], [ -52.237490299999934, -15.876136714502884 ], [ -52.232983714999932, -15.873896305502926 ], [ -52.233085800999959, -15.873706326502964 ], [ -52.233147677999966, -15.873426362502959 ], [ -52.232956966999943, -15.873330782502974 ], [ -52.232983480999962, -15.873275165502926 ], [ -52.232454109999935, -15.873018859502952 ], [ -52.232655286999943, -15.872731823502987 ], [ -52.233700275999972, -15.873678650502965 ] ] ] } },
{ "type": "Feature", "properties": { "num_setor": "MT_BARRADO1_SR_14_CPRM", "munic": "BARRA DO GARÇAS", "grau_risco": "Muito alto", "distancia_km": 0.75, "chuva_24h": 0.0, "chuva_72h": 0.0, "fonte_estacao": "openmeteo", "codigo_estacao": "openmeteo", "nome_estacao": "Open-Meteo (célula de grade)" }, "geometry": { "type": "Polygon", "coordinates": [ [ [ -52.259248989999953, -15.880861973502757 ], [ -52.259205330999976, -15.880813768502712 ], [ -52.259167272999953, -15.880759616502756 ], [ -52.259124899999961, -15.880683461502773 ], [ -52.259068839999941, -15.880609531502733 ], [ -52.259023864999961, -15.880526295502756 ], [ -52.259001326999964, -15.880454680502739 ], [ -52.258996270999937, -15.880421009502761 ], [ -52.259020924999959, -15.88038892350272 ], [ -52.259064570999946, -15.88037881450277 ], [ -52.259072705999984, -15.88037595050276 ], [ -52.259112922999975, -15.88035913650277 ], [ -52.25914387499995, -15.880326673502742 ], [ -52.25917026299993, -15.880286883502739 ], [ -52.259191229999942, -15.880250920502771 ], [ -52.259210904999975, -15.880205667502782 ], [ -52.259225968999949, -15.880161041502751 ], [ -52.259228327999949, -15.880090439502752 ], [ -52.259243850999951, -15.88004848750275 ], [ -52.259264685999938, -15.880018878502785 ], [ -52.259291007999934, -15.880004793502748 ], [ -52.259323475999963, -15.879988731502763 ], [ -52.259351606999985, -15.880020762502754 ], [ -52.259377805, -15.880043975502772 ], [ -52.259409330999972, -15.880093685502763 ], [ -52.259431326999959, -15.880123811502765 ], [ -52.259430959999975, -15.880163863502753 ], [ -52.259415409999967, -15.88016328650277 ], [ -52.259395062999943, -15.880194401502777 ], [ -52.259367041999951, -15.880209941502772 ], [ -52.259345235999945, -15.880237050502739 ], [ -52.259321622999948, -15.880261536502763 ], [ -52.259304716999964, -15.880289027502743 ], [ -52.259289241999966, -15.880320912502738 ], [ -52.259281986999952, -15.880354690502777 ], [ -52.259283771999954, -15.880387263502767 ], [ -52.259300604999972, -15.880423978502744 ], [ -52.259311089999983, -15.880456510502777 ], [ -52.259325448999959, -15.880481006502757 ], [ -52.259346035999954, -15.880523158502751 ], [ -52.259384358999966, -15.880566504502729 ], [ -52.25941136199998, -15.880614866502754 ], [ -52.259428846999981, -15.880645515502751 ], [ -52.259468555999938, -15.880704188502756 ], [ -52.259494398999948, -15.880752817502747 ], [ -52.259471165999969, -15.88076474250272 ], [ -52.259424103999947, -15.880797716502745 ], [ -52.259377146999952, -15.880827364502748 ], [ -52.259285176999981, -15.880863097502749 ], [ -52.259248989999953, -15.880861973502757 ] ] ] } },
{ "type": "Feature", "properties": { "num_setor": "MT_BARRADO1_SR_17_CPRM", "munic": "BARRA DO GARÇAS", "grau_risco": "Muito alto", "distancia_km": 1.56, "chuva_24h": 0.0, "chuva_72h": 0.0, "fonte_estacao": "openmeteo", "codigo_estacao": "openmeteo", "nome_estacao": "Open-Meteo (célula de grade)" }, "geometry": { "type": "Polygon", "coordinates": [ [ [ -52.266144647999958, -15.870479538503046 ], [ -52.266195556999946, -15.870712588503006 ], [ -52.266217865999977, -15.870881625503042 ], [ -52.266220990999955, -15.871002745502988 ], [ -52.266216597999978, -15.871126531503009 ], [ -52.266205462999956, -15.871200280503016 ], [ -52.266187085999945, -15.87128006950301 ], [ -52.26616848599997, -15.871346497503032 ], [ -52.266155860999959, -15.871411326503024 ], [ -52.266139118999945, -15.871417487503015 ], [ -52.266107248999958, -15.871390372502994 ], [ -52.266089729999976, -15.871357068502995 ], [ -52.266064881999966, -15.871333756502993 ], [ -52.266043543999956, -15.871291247503033 ], [ -52.26603992899993, -15.87123479950303 ], [ -52.266041406999932, -15.871154758503026 ], [ -52.266041160999976, -15.871115886503038 ], [ -52.266039518999953, -15.871052997503048 ], [ -52.266039466999985, -15.870988910502986 ], [ -52.266033100999941, -15.870943259502999 ], [ -52.266025441999943, -15.870880631503029 ], [ -52.266016911999941, -15.870826891503032 ], [ -52.266011357999957, -15.870794657503032 ], [ -52.26600816499996, -15.870757080503028 ], [ -52.266002398999944, -15.870705440502997 ], [ -52.265994622999976, -15.870655321503017 ], [ -52.265985135999983, -15.870615209503001 ], [ -52.265985833999935, -15.870572150503047 ], [ -52.265977859999964, -15.870517804503034 ], [ -52.265967062999948, -15.870489057503047 ], [ -52.265953213999985, -15.870444548503043 ], [ -52.265951339999958, -15.870412498503017 ], [ -52.265937539999982, -15.870373269503045 ], [ -52.265926528999955, -15.870337549503013 ], [ -52.265933066999942, -15.870282742503051 ], [ -52.266105250999942, -15.870288302503026 ], [ -52.266144647999958, -15.870479538503046 ] ] ] } },
{ "type": "Feature", "properties": { "num_setor": "MT_BARRADO1_SR_15_CPRM", "munic": "BARRA DO GARÇAS", "grau_risco": "Muito alto", "distancia_km": 1.19, "chuva_24h": 0.0, "chuva_72h": 0.0, "fonte_estacao": "openmeteo", "codigo_estacao": "openmeteo", "nome_estacao": "Open-Meteo (célula de grade)" }, "geometry": { "type": "Polygon", "coordinates": [ [ [ -52.268943395999933, -15.875092535502901 ], [ -52.268908894999981, -15.875073515502875 ], [ -52.268861070999939, -15.875049928502888 ], [ -52.268794729999961, -15.875013519502932 ], [ -52.268709540999964, -15.874908813502932 ], [ -52.268623769999969, -15.874794163502935 ], [ -52.268532050999966, -15.874869349502877 ], [ -52.268639221999933, -15.875025854502873 ], [ -52.268604643999936, -15.875052806502923 ], [ -52.268662766999967, -15.875151453502879 ], [ -52.268776369999955, -15.875070710502925 ], [ -52.268850919999977, -15.875181682502884 ], [ -52.268544046999978, -15.875357798502913 ], [ -52.268495885999982, -15.87528449850292 ], [ -52.268440162999973, -15.875215770502891 ], [ -52.268396791999969, -15.875140680502893 ], [ -52.268355333999978, -15.875089447502877 ], [ -52.268315519999931, -15.875037499502911 ], [ -52.268277366999939, -15.874984822502931 ], [ -52.26824919999995, -15.874932071502935 ], [ -52.268260733999966, -15.874872543502917 ], [ -52.268286439999947, -15.874810192502929 ], [ -52.268340710999951, -15.874744063502924 ], [ -52.268385765999938, -15.874694602502919 ], [ -52.268440221999988, -15.874657774502904 ], [ -52.26850946199994, -15.874606751502938 ], [ -52.268563778999976, -15.874567449502937 ], [ -52.26862510899997, -15.874526474502947 ], [ -52.268692593999965, -15.874476534502891 ], [ -52.268730755999968, -15.874426736502931 ], [ -52.268770230999962, -15.874384960502937 ], [ -52.268809751999974, -15.874357079502945 ], [ -52.268866378999974, -15.874326607502901 ], [ -52.26893320999995, -15.87429704350291 ], [ -52.269018000999949, -15.874232711502954 ], [ -52.269066033999927, -15.874303073502924 ], [ -52.269097324999954, -15.874343301502909 ], [ -52.269138956999932, -15.874401996502923 ], [ -52.269188329999963, -15.874488041502895 ], [ -52.269220590999964, -15.874539276502903 ], [ -52.26926081299996, -15.874583241502933 ], [ -52.269293623999943, -15.874627930502921 ], [ -52.269331192999971, -15.8746926645029 ], [ -52.269373945999973, -15.87473327150291 ], [ -52.269414146999964, -15.874794775502885 ], [ -52.269455754999967, -15.874855452502903 ], [ -52.269428043999937, -15.874892573502892 ], [ -52.269390011999974, -15.874910226502886 ], [ -52.269301491999961, -15.874965858502877 ], [ -52.269225595999949, -15.87498697050289 ], [ -52.26910651299994, -15.875007158502893 ], [ -52.268943395999933, -15.875092535502901 ] ] ] } },
{ "type": "Feature", "properties": { "num_setor": "MT_BARRADO1_SR_16_CPRM", "munic": "BARRA DO GARÇAS", "grau_risco": "Muito alto", "distancia_km": 1.32, "chuva_24h": 0.0, "chuva_72h": 0.0, "fonte_estacao": "openmeteo", "codigo_estacao": "openmeteo", "nome_estacao": "Open-Meteo (célula de grade)" }, "geometry": { "type": "Polygon", "coordinates": [ [ [ -52.265746491999948, -15.872568873502987 ], [ -52.265835709999976, -15.872634978502957 ], [ -52.265898361999966, -15.872619254502988 ], [ -52.265942463999977, -15.872639020502957 ], [ -52.265960020999955, -15.872705861502993 ], [ -52.265973997999936, -15.872746683502948 ], [ -52.265974810999978, -15.872749784502952 ], [ -52.265968875999931, -15.872788680502984 ], [ -52.265935891999959, -15.87281759650295 ], [ -52.265881195999953, -15.872911618502993 ], [ -52.265799903999948, -15.873016733502972 ], [ -52.265739044999975, -15.873050857502943 ], [ -52.265629307999973, -15.873138026502982 ], [ -52.265250302999959, -15.873413516502961 ], [ -52.265070937999951, -15.873128171502952 ], [ -52.265343187, -15.872906255502981 ], [ -52.26534944399998, -15.872792488502954 ], [ -52.265361067999947, -15.872733690502967 ], [ -52.265376136999976, -15.872690677502986 ], [ -52.265391220999959, -15.872644461503002 ], [ -52.265406299999938, -15.872598323502986 ], [ -52.265413187999961, -15.872570554502996 ], [ -52.265431473999968, -15.872549279502952 ], [ -52.265451428999931, -15.872528814502976 ], [ -52.265473193999981, -15.87249824050298 ], [ -52.265496612999975, -15.872479661502952 ], [ -52.265522949999934, -15.872474106502983 ], [ -52.265577521999944, -15.872469887502977 ], [ -52.265624034999981, -15.872463596502994 ], [ -52.26565642199995, -15.872455736502962 ], [ -52.265746491999948, -15.872568873502987 ] ] ] } },
{ "type": "Feature", "properties": { "num_setor": "MT_BARRADO1_SR_2_CPRM", "munic": "BARRA DO GARÇAS", "grau_risco": "Muito alto", "distancia_km": 0.92, "chuva_24h": 0.0, "chuva_72h": 0.0, "fonte_estacao": "openmeteo", "codigo_estacao": "openmeteo", "nome_estacao": "Open-Meteo (célula de grade)" }, "geometry": { "type": "Polygon", "coordinates": [ [ [ -52.257160904999978, -15.880600400502773 ], [ -52.257018818999939, -15.88030991050273 ], [ -52.257185557999946, -15.880158945502741 ], [ -52.25737917899994, -15.880278450502779 ], [ -52.257555692999979, -15.880754405502728 ], [ -52.257505858999934, -15.880986098502714 ], [ -52.257255934999939, -15.881035603502761 ], [ -52.257160904999978, -15.880600400502773 ] ] ] } },
{ "type": "Feature", "properties": { "num_setor": "MT_BARRADO1_SR_10_CPRM", "munic": "BARRA DO GARÇAS", "grau_risco": "Alto", "distancia_km": 1.25, "chuva_24h": 0.0, "chuva_72h": 0.0, "fonte_estacao": "openmeteo", "codigo_estacao": "openmeteo", "nome_estacao": "Open-Meteo (célula de grade)" }, "geometry": { "type": "Polygon", "coordinates": [ [ [ -52.265765844999976, -15.867894902503133 ], [ -52.26531928199995, -15.86727569150313 ], [ -52.265397410999974, -15.867161402503129 ], [ -52.265595732999941, -15.867034752503097 ], [ -52.266550210999981, -15.865235344503194 ], [ -52.266866369999946, -15.865175974503162 ], [ -52.26729925099994, -15.865273239503185 ], [ -52.268258991999971, -15.865765733503187 ], [ -52.268915, -15.865787751503172 ], [ -52.269204004999949, -15.865819284503141 ], [ -52.269219932999931, -15.865869322503174 ], [ -52.268947863999983, -15.865961229503181 ], [ -52.268967521999969, -15.866038649503148 ], [ -52.26858855699998, -15.866187272503181 ], [ -52.268282274999933, -15.866201667503175 ], [ -52.268114276999938, -15.86600283550316 ], [ -52.267966485999978, -15.866080975503182 ], [ -52.267719176999947, -15.865692963503157 ], [ -52.267212217999941, -15.865909465503142 ], [ -52.267030757999976, -15.865679758503145 ], [ -52.266547491999972, -15.866115135503158 ], [ -52.266743244999986, -15.866385736503165 ], [ -52.266523452999934, -15.866648391503125 ], [ -52.266816966999947, -15.867038872503128 ], [ -52.266506251999942, -15.867261249503127 ], [ -52.266610748999938, -15.867397084503104 ], [ -52.266390391999948, -15.86756655850311 ], [ -52.26616987999995, -15.867406286503105 ], [ -52.265833141999963, -15.867317449503144 ], [ -52.265727019999986, -15.867388777503129 ], [ -52.265955558999963, -15.867698114503101 ], [ -52.265765844999976, -15.867894902503133 ] ] ] } },
{ "type": "Feature", "properties": { "num_setor": "MT_BARRADO1_SR_7_CPRM", "munic": "BARRA DO GARÇAS", "grau_risco": "Muito alto", "distancia_km": 0.75, "chuva_24h": 0.0, "chuva_72h": 0.0, "fonte_estacao": "openmeteo", "codigo_estacao": "openmeteo", "nome_estacao": "Open-Meteo (célula de grade)" }, "geometry": { "type": "Polygon", "coordinates": [ [ [ -52.268996160999961, -15.880180457502737 ], [ -52.268991052999979, -15.879999659502758 ], [ -52.269403122999961, -15.879702348502772 ], [ -52.269696001999939, -15.879484497502785 ], [ -52.269616913999975, -15.87938632850277 ], [ -52.269747992999953, -15.879299472502771 ], [ -52.269577588999937, -15.879029829502816 ], [ -52.269735955999977, -15.878814511502799 ], [ -52.269606600999964, -15.878602653502805 ], [ -52.269779846999938, -15.878469842502797 ], [ -52.269740363999979, -15.878194585502806 ], [ -52.269661399999968, -15.877578195502823 ], [ -52.26961904999996, -15.877572212502823 ], [ -52.269509618999962, -15.877426918502843 ], [ -52.270619669999967, -15.876674043502875 ], [ -52.270791946999964, -15.876618862502882 ], [ -52.271021981999979, -15.877014760502835 ], [ -52.271047690999971, -15.877521826502829 ], [ -52.271486664999941, -15.878073528502815 ], [ -52.271183358999963, -15.878425628502789 ], [ -52.270829222999964, -15.878433009502837 ], [ -52.270576270999982, -15.878612811502821 ], [ -52.270135638999939, -15.879100550502804 ], [ -52.27007501199995, -15.879514736502786 ], [ -52.270218312999987, -15.879608237502778 ], [ -52.270187240999974, -15.879787480502754 ], [ -52.269777588999943, -15.88003868550279 ], [ -52.269220607999955, -15.880621898502735 ], [ -52.269049632999952, -15.880961193502733 ], [ -52.269779740999972, -15.881922237502714 ], [ -52.269414559999973, -15.882175331502721 ], [ -52.269093787999964, -15.882415623502718 ], [ -52.268902416999929, -15.88259515550272 ], [ -52.268999099999974, -15.882762705502673 ], [ -52.268967430999972, -15.882920646502662 ], [ -52.268839165999957, -15.883012564502671 ], [ -52.268623531999943, -15.882698888502713 ], [ -52.268448767999985, -15.882824151502685 ], [ -52.268356506999964, -15.882894118502682 ], [ -52.268415727999979, -15.883005687502695 ], [ -52.268418474999969, -15.883155642502683 ], [ -52.268506936999984, -15.883455074502685 ], [ -52.26868822299997, -15.883707870502663 ], [ -52.268453098999942, -15.883849305502647 ], [ -52.26807632699996, -15.88329062850265 ], [ -52.267944948999968, -15.883154986502682 ], [ -52.267810561999973, -15.882688128502707 ], [ -52.267752310999981, -15.882363866502722 ], [ -52.268003449999988, -15.882227611502701 ], [ -52.268157052999982, -15.882124695502693 ], [ -52.268198397999981, -15.882042096502705 ], [ -52.268408424999961, -15.8818942895027 ], [ -52.268362339999946, -15.881829147502716 ], [ -52.268458840999983, -15.881761629502728 ], [ -52.268296844999952, -15.881500589502739 ], [ -52.268583579999984, -15.881320911502751 ], [ -52.268323351999982, -15.880980509502754 ], [ -52.268541408999965, -15.880803918502739 ], [ -52.268397668999967, -15.880593672502759 ], [ -52.26881760699996, -15.88030643850278 ], [ -52.268996160999961, -15.880180457502737 ] ] ] } },
{ "type": "Feature", "properties": { "num_setor": "MT_BARRADO1_SR_3_CPRM", "munic": "BARRA DO GARÇAS", "grau_risco": "Alto", "distancia_km": 1.17, "chuva_24h": 0.0, "chuva_72h": 0.0, "fonte_estacao": "openmeteo", "codigo_estacao": "openmeteo", "nome_estacao": "Open-Meteo (célula de grade)" }, "geometry": { "type": "Polygon", "coordinates": [ [ [ -52.254099074999942, -15.882388927502701 ], [ -52.253994055999954, -15.882443599502668 ], [ -52.253926421999957, -15.882279008502687 ], [ -52.253972061999946, -15.882102742502711 ], [ -52.254220015999977, -15.88188051750271 ], [ -52.254420486999948, -15.88206981850273 ], [ -52.254099074999942, -15.882388927502701 ] ] ] } },
{ "type": "Feature", "properties": { "num_setor": "MT_BARRADO1_SR_5_CPRM", "munic": "BARRA DO GARÇAS", "grau_risco": "Muito alto", "distancia_km": 0.19, "chuva_24h": 0.0, "chuva_72h": 0.0, "fonte_estacao": "openmeteo", "codigo_estacao": "openmeteo", "nome_estacao": "Open-Meteo (célula de grade)" }, "geometry": { "type": "Polygon", "coordinates": [ [ [ -52.261593791999985, -15.884572790502663 ], [ -52.261808899999942, -15.884174435502661 ], [ -52.261859694999941, -15.883994952502656 ], [ -52.262102092999953, -15.884051282502657 ], [ -52.262346404999967, -15.884133648502671 ], [ -52.262568769999973, -15.884083103502652 ], [ -52.263023681999982, -15.883941705502671 ], [ -52.263273855999962, -15.884024562502663 ], [ -52.263499186999979, -15.883858077502644 ], [ -52.26433108599997, -15.884997565502653 ], [ -52.264005481999959, -15.885168793502647 ], [ -52.263647795999987, -15.884614032502611 ], [ -52.263446384999952, -15.88472269850263 ], [ -52.263130554, -15.884644725502657 ], [ -52.263072200999943, -15.884985910502611 ], [ -52.26288958899994, -15.885786795502577 ], [ -52.262481334999961, -15.885700426502616 ], [ -52.262512891999954, -15.885520323502625 ], [ -52.262246775999976, -15.885469898502587 ], [ -52.262405810999951, -15.884829506502626 ], [ -52.262685973999965, -15.884886885502617 ], [ -52.262742007999975, -15.884564588502665 ], [ -52.262438021999969, -15.884501133502628 ], [ -52.262385907999942, -15.884731628502607 ], [ -52.261593791999985, -15.884572790502663 ] ] ] } },
{ "type": "Feature", "properties": { "num_setor": "MT_BARRADO1_SR_19_CPRM", "munic": "BARRA DO GARÇAS", "grau_risco": "Alto", "distancia_km": 0.79, "chuva_24h": 0.0, "chuva_72h": 0.0, "fonte_estacao": "openmeteo", "codigo_estacao": "openmeteo", "nome_estacao": "Open-Meteo (célula de grade)" }, "geometry": { "type": "Polygon", "coordinates": [ [ [ -52.267569281999954, -15.878249682502842 ], [ -52.267569001999959, -15.878263223502822 ], [ -52.267559290999941, -15.878336491502814 ], [ -52.267546928999934, -15.878351448502835 ], [ -52.267502496999953, -15.878388210502818 ], [ -52.267451768999933, -15.878426147502818 ], [ -52.267417628999965, -15.878438272502825 ], [ -52.267403295999948, -15.878442075502798 ], [ -52.267378790999942, -15.878448301502837 ], [ -52.267363514999943, -15.878446738502827 ], [ -52.267330708999964, -15.87844034850281 ], [ -52.267314649999946, -15.878433581502811 ], [ -52.267305276999934, -15.878429120502803 ], [ -52.267297586999973, -15.878425461502792 ], [ -52.267269536999947, -15.878405907502787 ], [ -52.267248352999957, -15.878390727502794 ], [ -52.267227765999969, -15.878377939502803 ], [ -52.26721095299996, -15.878360691502795 ], [ -52.267207268999982, -15.878356912502804 ], [ -52.267189793999933, -15.878339243502822 ], [ -52.267165825999932, -15.878312705502827 ], [ -52.267152174999978, -15.878295890502793 ], [ -52.267140848999986, -15.87828334450281 ], [ -52.267129499999953, -15.878269066502817 ], [ -52.267114844999981, -15.87824940250279 ], [ -52.267103366999947, -15.878234958502798 ], [ -52.267089349999935, -15.878217690502835 ], [ -52.267079449999983, -15.878201522502843 ], [ -52.267061857999977, -15.878188926502798 ], [ -52.267041597999942, -15.878180354502788 ], [ -52.267019429999941, -15.878175422502821 ], [ -52.266993647999982, -15.878175806502803 ], [ -52.266957228999956, -15.878179535502806 ], [ -52.266924040999982, -15.878183643502792 ], [ -52.266889829999961, -15.878191859502817 ], [ -52.266840154999961, -15.878206881502832 ], [ -52.266812533999939, -15.878219638502816 ], [ -52.266777790999981, -15.878242236502794 ], [ -52.266742406999981, -15.878267668502831 ], [ -52.266713106999987, -15.878292825502802 ], [ -52.266689111999938, -15.878316312502823 ], [ -52.266664661999975, -15.878338517502824 ], [ -52.266639978999933, -15.878360934502785 ], [ -52.266618341999958, -15.878380625502826 ], [ -52.266596125999968, -15.878402412502801 ], [ -52.266569969999978, -15.878429327502833 ], [ -52.266547562999968, -15.87845561750283 ], [ -52.266522622999958, -15.87848791750281 ], [ -52.266506449999952, -15.878526786502796 ], [ -52.266472844999953, -15.878592692502817 ], [ -52.266227040999979, -15.878357725502791 ], [ -52.266138152999986, -15.878269408502787 ], [ -52.266213186999948, -15.878221030502813 ], [ -52.266715296999962, -15.877897292502805 ], [ -52.266895354999974, -15.877806330502798 ], [ -52.267024316999937, -15.877719855502811 ], [ -52.267167850999954, -15.87764619450283 ], [ -52.267257601999972, -15.877586793502839 ], [ -52.26733110899994, -15.87753619250284 ], [ -52.267403140999932, -15.877622371502836 ], [ -52.267488900999979, -15.877716196502801 ], [ -52.267533930999939, -15.877779917502803 ], [ -52.267598168999939, -15.877867156502838 ], [ -52.267629803999966, -15.877912427502816 ], [ -52.267717977999951, -15.878013551502832 ], [ -52.26754224299998, -15.878184803502803 ], [ -52.267559606999953, -15.878218645502793 ], [ -52.267569281999954, -15.878249682502842 ] ] ] } },
{ "type": "Feature", "properties": { "num_setor": "MT_BARRADO1_SR_9_CPRM", "munic": "BARRA DO GARÇAS", "grau_risco": "Alto", "distancia_km": 1.38, "chuva_24h": 0.0, "chuva_72h": 0.0, "fonte_estacao": "openmeteo", "codigo_estacao": "openmeteo", "nome_estacao": "Open-Meteo (célula de grade)" }, "geometry": { "type": "Polygon", "coordinates": [ [ [ -52.264920103999941, -15.872471865502977 ], [ -52.264863678999973, -15.872625321502992 ], [ -52.264541926999982, -15.872898926502947 ], [ -52.264452996999978, -15.872820443502967 ], [ -52.264651012999934, -15.872178400502955 ], [ -52.264880939999962, -15.871938154502985 ], [ -52.265165770999943, -15.87186206550299 ], [ -52.265391376999958, -15.872065718503007 ], [ -52.264920103999941, -15.872471865502977 ] ] ] } },
{ "type": "Feature", "properties": { "num_setor": "MT_BARRADO1_SR_8_CPRM", "munic": "BARRA DO GARÇAS", "grau_risco": "Muito alto", "distancia_km": 1.02, "chuva_24h": 0.0, "chuva_72h": 0.0, "fonte_estacao": "openmeteo", "codigo_estacao": "openmeteo", "nome_estacao": "Open-Meteo (célula de grade)" }, "geometry": { "type": "Polygon", "coordinates": [ [ [ -52.261383757999965, -15.877538103502811 ], [ -52.261388964999981, -15.877620778502797 ], [ -52.261255601999949, -15.878067726502833 ], [ -52.260794593999954, -15.87837550950281 ], [ -52.260667936999937, -15.878228864502784 ], [ -52.260419490999936, -15.878433662502804 ], [ -52.260214768999958, -15.878617080502814 ], [ -52.260260832999961, -15.878746127502779 ], [ -52.259988097999951, -15.879017943502781 ], [ -52.260058535999967, -15.879181855502784 ], [ -52.259550063999939, -15.879495901502798 ], [ -52.259378444999989, -15.879663528502789 ], [ -52.259353108999953, -15.879629538502773 ], [ -52.259302849999976, -15.879588723502794 ], [ -52.259286343999975, -15.879525458502799 ], [ -52.259328614999951, -15.879479784502767 ], [ -52.259396689999953, -15.879439949502773 ], [ -52.259455325999973, -15.879380211502783 ], [ -52.259649481999986, -15.87926572350276 ], [ -52.259823808999954, -15.879125257502769 ], [ -52.259819150999931, -15.878983373502809 ], [ -52.259868524999945, -15.878832305502774 ], [ -52.259831358999975, -15.878744951502823 ], [ -52.259777406999945, -15.878670536502801 ], [ -52.25973737299995, -15.878622728502815 ], [ -52.259721057999968, -15.878535539502822 ], [ -52.259892872999956, -15.87817501350283 ], [ -52.260155570999984, -15.877979917502802 ], [ -52.260683404999952, -15.877976044502837 ], [ -52.260848615999976, -15.877861021502806 ], [ -52.260886512999946, -15.87759108450283 ], [ -52.260721806999982, -15.876841869502863 ], [ -52.260869751999969, -15.876591203502862 ], [ -52.260410929999971, -15.875255746502873 ], [ -52.260917849999942, -15.874884756502912 ], [ -52.261222361999955, -15.874658677502902 ], [ -52.261738518999948, -15.874270315502953 ], [ -52.262089696999972, -15.873985946502915 ], [ -52.262642125999946, -15.873672770502957 ], [ -52.263060303999964, -15.873419003502963 ], [ -52.263446811999984, -15.873355355502929 ], [ -52.263623634999931, -15.873406713502938 ], [ -52.263982797999972, -15.873394482502972 ], [ -52.264103654999985, -15.873363253502966 ], [ -52.264230104999967, -15.873467065502927 ], [ -52.264324972999987, -15.873617693502949 ], [ -52.264194309999944, -15.873717782502954 ], [ -52.26402037299993, -15.873765232502956 ], [ -52.263969107999962, -15.873717740502942 ], [ -52.263854634999973, -15.873652369502929 ], [ -52.263709496999979, -15.87360283550297 ], [ -52.263592935999952, -15.873567617502967 ], [ -52.263535974999968, -15.873497025502932 ], [ -52.263266215999977, -15.873651247502913 ], [ -52.263077632999959, -15.873652268502918 ], [ -52.262962733999984, -15.873716072502958 ], [ -52.262947234999956, -15.873856862502937 ], [ -52.261426169999936, -15.874857515502919 ], [ -52.260720977999938, -15.875349841502867 ], [ -52.260757375999958, -15.875427272502897 ], [ -52.260651916999961, -15.875459800502911 ], [ -52.261017600999935, -15.876108561502864 ], [ -52.261079700999971, -15.876580650502831 ], [ -52.26113154899997, -15.876700087502854 ], [ -52.260964052999952, -15.876889340502878 ], [ -52.261261585999932, -15.877333333502836 ], [ -52.261383757999965, -15.877538103502811 ] ] ] } },
{ "type": "Feature", "properties": { "num_setor": "MT_BARRADO1_SR_4_CPRM", "munic": "BARRA DO GARÇAS", "grau_risco": "Alto", "distancia_km": 1.41, "chuva_24h": 0.0, "chuva_72h": 0.0, "fonte_estacao": "openmeteo", "codigo_estacao": "openmeteo", "nome_estacao": "Open-Meteo (célula de grade)" }, "geometry": { "type": "Polygon", "coordinates": [ [ [ -52.252410340999973, -15.879485885502762 ], [ -52.252181807999925, -15.879195452502799 ], [ -52.252246336999967, -15.879012195502797 ], [ -52.252737082999943, -15.878589597502817 ], [ -52.252994415999986, -15.878413348502821 ], [ -52.252715035999977, -15.878021087502836 ], [ -52.252904467999947, -15.87789469950283 ], [ -52.253187707999984, -15.878272597502828 ], [ -52.253083103999984, -15.878352686502813 ], [ -52.25343369999996, -15.878808597502818 ], [ -52.253890070999937, -15.879322916502803 ], [ -52.253608653999947, -15.879285468502795 ], [ -52.253314327999931, -15.879438026502759 ], [ -52.25320060599995, -15.879322190502801 ], [ -52.252942785999949, -15.879016359502819 ], [ -52.25284665099997, -15.878936208502797 ], [ -52.252562473999944, -15.879123168502806 ], [ -52.252396433999934, -15.879225759502775 ], [ -52.252514404999943, -15.879407189502761 ], [ -52.252410340999973, -15.879485885502762 ] ] ] } },
{ "type": "Feature", "properties": { "num_setor": "MT_BARRADO1_SR_13_CPRM", "munic": "BARRA DO GARÇAS", "grau_risco": "Alto", "distancia_km": 1.11, "chuva_24h": 0.0, "chuva_72h": 0.0, "fonte_estacao": "openmeteo", "codigo_estacao": "openmeteo", "nome_estacao": "Open-Meteo (célula de grade)" }, "geometry": { "type": "Polygon", "coordinates": [ [ [ -52.269840798999944, -15.892450736502386 ], [ -52.27001249999995, -15.892683913502424 ], [ -52.270236935999947, -15.892529362502403 ], [ -52.270366300999967, -15.892692079502414 ], [ -52.270751674999985, -15.892464652502394 ], [ -52.271462759999956, -15.891992633502435 ], [ -52.271780362999948, -15.892440848502432 ], [ -52.271611606999947, -15.892544776502413 ], [ -52.271944029999986, -15.89300371850242 ], [ -52.270777948999978, -15.8937434885024 ], [ -52.270585774999972, -15.893465473502419 ], [ -52.270024024999941, -15.893842825502388 ], [ -52.26928917999993, -15.892862636502397 ], [ -52.269840798999944, -15.892450736502386 ] ] ] } },
{ "type": "Feature", "properties": { "num_setor": "MT_SANTATE_SR_3_CPRM", "munic": "SANTA TEREZINHA", "grau_risco": "Muito alto", "distancia_km": 1.63, "chuva_24h": 0.0, "chuva_72h": 0.0, "fonte_estacao": "openmeteo", "codigo_estacao": "openmeteo", "nome_estacao": "Open-Meteo (célula de grade)" }, "geometry": { "type": "Polygon", "coordinates": [ [ [ -50.506018506999972, -10.474813633662155 ], [ -50.506128534999966, -10.474691409662162 ], [ -50.506567029999985, -10.475164769662149 ], [ -50.506448104999947, -10.475266018662158 ], [ -50.506018506999972, -10.474813633662155 ] ] ] } },
{ "type": "Feature", "properties": { "num_setor": "MT_SANTATE_SR_4_CPRM", "munic": "SANTA TEREZINHA", "grau_risco": "Muito alto", "distancia_km": 1.56, "chuva_24h": 0.0, "chuva_72h": 0.0, "fonte_estacao": "openmeteo", "codigo_estacao": "openmeteo", "nome_estacao": "Open-Meteo (célula de grade)" }, "geometry": { "type": "Polygon", "coordinates": [ [ [ -50.296934468999957, -10.000680613676836 ], [ -50.296667454999969, -10.000109916676859 ], [ -50.296481541999981, -9.999421008676855 ], [ -50.296350616, -9.99866591367689 ], [ -50.296182432999956, -9.997672675676935 ], [ -50.296001535999949, -9.996825509676938 ], [ -50.29605812799997, -9.995858029676979 ], [ -50.296041375999955, -9.99507617167697 ], [ -50.29616346399996, -9.994468072677003 ], [ -50.296142267999983, -9.993413403677057 ], [ -50.296132008999962, -9.991861660677111 ], [ -50.296586249999962, -9.991830712677091 ], [ -50.296583509999948, -9.991590977677122 ], [ -50.29707843299996, -9.991636133677117 ], [ -50.297101644999941, -9.992173851677078 ], [ -50.297102096999936, -9.992500734677087 ], [ -50.297010634999936, -9.992867057677053 ], [ -50.296953870999971, -9.993446120677072 ], [ -50.296924202999946, -9.993996802677033 ], [ -50.296940244999973, -9.994725271676977 ], [ -50.296736132999968, -9.995449699676962 ], [ -50.29669729699998, -9.996343912676974 ], [ -50.296735466999962, -9.997047983676925 ], [ -50.296908042999974, -9.997949193676895 ], [ -50.297047612999961, -9.998802136676852 ], [ -50.29727347499994, -9.999721407676867 ], [ -50.297562918999972, -10.000207598676846 ], [ -50.297690293999949, -10.000744267676813 ], [ -50.297115466999969, -10.001039603676828 ], [ -50.296934468999957, -10.000680613676836 ] ] ] } },
{ "type": "Feature", "properties": { "num_setor": "MT_SANTATE_SR_1_CPRM", "munic": "SANTA TEREZINHA", "grau_risco": "Muito alto", "distancia_km": 1.68, "chuva_24h": 0.0, "chuva_72h": 0.0, "fonte_estacao": "openmeteo", "codigo_estacao": "openmeteo", "nome_estacao": "Open-Meteo (célula de grade)" }, "geometry": { "type": "Polygon", "coordinates": [ [ [ -50.505567289999938, -10.470718552662269 ], [ -50.505678152999963, -10.470587315662332 ], [ -50.505746839999972, -10.470665282662306 ], [ -50.505639525999982, -10.470795290662291 ], [ -50.505567289999938, -10.470718552662269 ] ] ] } },
{ "type": "Feature", "properties": { "num_setor": "MT_SANTATE_SR_2_CPRM", "munic": "SANTA TEREZINHA", "grau_risco": "Muito alto", "distancia_km": 1.57, "chuva_24h": 0.0, "chuva_72h": 0.0, "fonte_estacao": "openmeteo", "codigo_estacao": "openmeteo", "nome_estacao": "Open-Meteo (célula de grade)" }, "geometry": { "type": "Polygon", "coordinates": [ [ [ -50.50544685999995, -10.473436211662232 ], [ -50.505349903999956, -10.473020611662246 ], [ -50.505234889999947, -10.472877064662255 ], [ -50.505269209999938, -10.472811858662213 ], [ -50.505447503999953, -10.47300720766223 ], [ -50.505505667999948, -10.473404325662251 ], [ -50.505726150999976, -10.473612791662184 ], [ -50.505678159999945, -10.473653761662231 ], [ -50.50544685999995, -10.473436211662232 ] ] ] } },
{ "type": "Feature", "properties": { "num_setor": "MT_SANTATE_SR_5_CPRM", "munic": "SANTA TEREZINHA", "grau_risco": "Alto", "distancia_km": 1.89, "chuva_24h": 0.0, "chuva_72h": 0.0, "fonte_estacao": "openmeteo", "codigo_estacao": "openmeteo", "nome_estacao": "Open-Meteo (célula de grade)" }, "geometry": { "type": "Polygon", "coordinates": [ [ [ -50.507255570999973, -10.466851578662446 ], [ -50.50703165699997, -10.46640302466246 ], [ -50.506888512999979, -10.466135325662462 ], [ -50.506850515999986, -10.465368695662443 ], [ -50.506833574999973, -10.464945405662494 ], [ -50.506721296999956, -10.464423190662528 ], [ -50.50642202399996, -10.463804322662536 ], [ -50.506310152999959, -10.463583449662497 ], [ -50.506413029999976, -10.46349194566255 ], [ -50.506757234999945, -10.463767387662513 ], [ -50.507003224999949, -10.464305786662489 ], [ -50.507038833999957, -10.4645124726625 ], [ -50.507098325999948, -10.465232443662501 ], [ -50.507211265999963, -10.465562170662434 ], [ -50.507230539999966, -10.466063541662463 ], [ -50.507278571999962, -10.466307670662463 ], [ -50.507577305999966, -10.466959407662447 ], [ -50.50780332599993, -10.466925160662413 ], [ -50.508015360999934, -10.466930734662412 ], [ -50.508243389999969, -10.466889701662412 ], [ -50.508519127999932, -10.466938530662388 ], [ -50.508648563999941, -10.467088352662412 ], [ -50.508825206999973, -10.467323909662399 ], [ -50.508999339999946, -10.467349098662387 ], [ -50.50905419999998, -10.467487404662378 ], [ -50.508940433999953, -10.467747739662375 ], [ -50.508834592999968, -10.467837749662383 ], [ -50.50830334099993, -10.467213421662382 ], [ -50.508177264999972, -10.467258696662434 ], [ -50.508074998999973, -10.467322689662399 ], [ -50.508010358999968, -10.46737978966239 ], [ -50.508074798999985, -10.467498609662398 ], [ -50.507941768999956, -10.467603848662383 ], [ -50.507809861999931, -10.467610246662426 ], [ -50.507711043999961, -10.467424402662385 ], [ -50.507430661999933, -10.467200358662401 ], [ -50.507255570999973, -10.466851578662446 ] ] ] } },
{ "type": "Feature", "properties": { "num_setor": "MT_SINOP_SR_001_CPRM", "munic": "SINOP", "grau_risco": "Muito alto", "distancia_km": 1.38, "chuva_24h": 0.0, "chuva_72h": 0.0, "fonte_estacao": "openmeteo", "codigo_estacao": "openmeteo", "nome_estacao": "Open-Meteo (célula de grade)" }, "geometry": { "type": "Polygon", "coordinates": [ [ [ -55.526666767999984, -11.829975330620853 ], [ -55.526616873999956, -11.830011461620852 ], [ -55.526449984999942, -11.829873821620867 ], [ -55.526379444999975, -11.829848013620831 ], [ -55.526420736999967, -11.829811883620879 ], [ -55.526683972999933, -11.829961566620833 ], [ -55.526666767999984, -11.829975330620853 ] ] ] } },
{ "type": "Feature", "properties": { "num_setor": "MT_SORRISO_SR_002_CPRM", "munic": "SORRISO", "grau_risco": "Muito alto", "distancia_km": 0.72, "chuva_24h": 0.0, "chuva_72h": 0.0, "fonte_estacao": "openmeteo", "codigo_estacao": "openmeteo", "nome_estacao": "Open-Meteo (célula de grade)" }, "geometry": { "type": "Polygon", "coordinates": [ [ [ -55.698909416999982, -12.547857176599305 ], [ -55.698720480999953, -12.547968995599282 ], [ -55.698772534999932, -12.548040328599274 ], [ -55.69883615599997, -12.548005625599302 ], [ -55.698884353999972, -12.548086598599266 ], [ -55.698840011999948, -12.548117444599272 ], [ -55.698867002999975, -12.548152147599261 ], [ -55.698911344999942, -12.548127084599304 ], [ -55.698951830999931, -12.548211912599262 ], [ -55.698841939999973, -12.548262038599276 ], [ -55.698666499999945, -12.547922725599307 ], [ -55.698886281999933, -12.54781861859928 ], [ -55.698909416999982, -12.547857176599305 ] ] ] } },
{ "type": "Feature", "properties": { "num_setor": "MT_PEIXOTO_SR_001_CPRM", "munic": "PEIXOTO DE AZEVEDO", "grau_risco": "Muito alto", "distancia_km": 0.71, "chuva_24h": 0.0, "chuva_72h": 0.0, "fonte_estacao": "openmeteo", "codigo_estacao": "openmeteo", "nome_estacao": "Open-Meteo (célula de grade)" }, "geometry": { "type": "Polygon", "coordinates": [ [ [ -55.007482425999967, -10.237146763669475 ], [ -55.007478043999981, -10.23720702366948 ], [ -55.007360810999963, -10.237167580669491 ], [ -55.007366289999936, -10.237137998669525 ], [ -55.007482425999967, -10.237146763669475 ] ] ] } },
{ "type": "Feature", "properties": { "num_setor": "MT_PEIXOTO_SR_002_CPRM", "munic": "PEIXOTO DE AZEVEDO", "grau_risco": "Alto", "distancia_km": 0.94, "chuva_24h": 0.0, "chuva_72h": 0.0, "fonte_estacao": "openmeteo", "codigo_estacao": "openmeteo", "nome_estacao": "Open-Meteo (célula de grade)" }, "geometry": { "type": "Polygon", "coordinates": [ [ [ -55.005534945999955, -10.236450765669527 ], [ -55.005454964999956, -10.236450765669527 ], [ -55.005406757999936, -10.236323672669528 ], [ -55.005500981999944, -10.236325863669556 ], [ -55.005534945999955, -10.236450765669527 ] ] ] } },
{ "type": "Feature", "properties": { "num_setor": "MT_SORRISO_SR_001_CPRM", "munic": "SORRISO", "grau_risco": "Alto", "distancia_km": 1.88, "chuva_24h": 0.0, "chuva_72h": 0.0, "fonte_estacao": "openmeteo", "codigo_estacao": "openmeteo", "nome_estacao": "Open-Meteo (célula de grade)" }, "geometry": { "type": "Polygon", "coordinates": [ [ [ -55.704978627999935, -12.557502900599015 ], [ -55.704818493999937, -12.557589531599001 ], [ -55.704734487999986, -12.557439897598973 ], [ -55.704902498999957, -12.557353266598996 ], [ -55.704978627999935, -12.557502900599015 ] ] ] } },
{ "type": "Feature", "properties": { "num_setor": "MT_SORRISO_SR_003_CPRM", "munic": "SORRISO", "grau_risco": "Alto", "distancia_km": 0.98, "chuva_24h": 0.0, "chuva_72h": 0.0, "fonte_estacao": "openmeteo", "codigo_estacao": "openmeteo", "nome_estacao": "Open-Meteo (célula de grade)" }, "geometry": { "type": "Polygon", "coordinates": [ [ [ -55.759111578999978, -12.521260956600115 ], [ -55.758983050999973, -12.521101100600086 ], [ -55.759068200999927, -12.521047279600085 ], [ -55.759162186999959, -12.52118223360012 ], [ -55.759120414999984, -12.521377434600108 ], [ -55.759054544999969, -12.521305940600106 ], [ -55.759111578999978, -12.521260956600115 ] ] ] } },
{ "type": "Feature", "properties": { "num_setor": "MT_SORRISO_SR_004_CPRM", "munic": "SORRISO", "grau_risco": "Alto", "distancia_km": 1.48, "chuva_24h": 0.0, "chuva_72h": 0.0, "fonte_estacao": "openmeteo", "codigo_estacao": "openmeteo", "nome_estacao": "Open-Meteo (célula de grade)" }, "geometry": { "type": "Polygon", "coordinates": [ [ [ -55.157880692999981, -13.507100980570877 ], [ -55.158156334999944, -13.507691641570853 ], [ -55.15795682299995, -13.507809773570861 ], [ -55.157576174999967, -13.507345120570887 ], [ -55.157880692999981, -13.507100980570877 ] ] ] } },
{ "type": "Feature", "properties": { "num_setor": "MT_PEIXOTO_SR_003_CPRM", "munic": "PEIXOTO DE AZEVEDO", "grau_risco": "Muito alto", "distancia_km": 1.42, "chuva_24h": 0.0, "chuva_72h": 0.0, "fonte_estacao": "openmeteo", "codigo_estacao": "openmeteo", "nome_estacao": "Open-Meteo (célula de grade)" }, "geometry": { "type": "Polygon", "coordinates": [ [ [ -55.000409594999951, -10.241912565669343 ], [ -55.000116514999952, -10.241937217669376 ], [ -55.000091862999973, -10.241559225669349 ], [ -55.000420551999973, -10.241551008669397 ], [ -55.000412333999975, -10.241923521669383 ], [ -55.000409594999951, -10.241912565669343 ] ] ] } },
{ "type": "Feature", "properties": { "num_setor": "MT_PEIXOTO_SR_004_CPRM", "munic": "PEIXOTO DE AZEVEDO", "grau_risco": "Alto", "distancia_km": 1.56, "chuva_24h": 0.0, "chuva_72h": 0.0, "fonte_estacao": "openmeteo", "codigo_estacao": "openmeteo", "nome_estacao": "Open-Meteo (célula de grade)" }, "geometry": { "type": "Polygon", "coordinates": [ [ [ -54.995412158999947, -10.232231088669678 ], [ -54.995325421999951, -10.232304130669677 ], [ -54.995192119999956, -10.232127916669659 ], [ -54.995289813999925, -10.232053048669655 ], [ -54.995412158999947, -10.232231088669678 ] ] ] } },
{ "type": "Feature", "properties": { "num_setor": "MT_LUCASDO_SR_001_CPRM", "munic": "LUCAS DO RIO VERDE", "grau_risco": "Alto", "distancia_km": 1.37, "chuva_24h": 0.0, "chuva_72h": 0.0, "fonte_estacao": "openmeteo", "codigo_estacao": "openmeteo", "nome_estacao": "Open-Meteo (célula de grade)" }, "geometry": { "type": "Polygon", "coordinates": [ [ [ -55.889225361999934, -13.077334889583575 ], [ -55.889363891999949, -13.077651507583568 ], [ -55.889096223999957, -13.077791595583523 ], [ -55.888934681999949, -13.077654163583558 ], [ -55.888823771999974, -13.077770498583527 ], [ -55.88897506699994, -13.077947713583523 ], [ -55.88866705099997, -13.078161094583502 ], [ -55.888525098999942, -13.078312389583527 ], [ -55.888267112999984, -13.078465493583506 ], [ -55.888354513999957, -13.078661394583486 ], [ -55.888240590999942, -13.078811785583516 ], [ -55.888270352999939, -13.078881556583484 ], [ -55.888170819999971, -13.079034132583484 ], [ -55.88795480199996, -13.078857897583529 ], [ -55.888078972999949, -13.078715944583502 ], [ -55.888008448999983, -13.078586650583533 ], [ -55.887761613999942, -13.078729507583544 ], [ -55.887879153999961, -13.078980561583524 ], [ -55.887940937999986, -13.079175256583527 ], [ -55.887730118999968, -13.079397076583483 ], [ -55.88772473399996, -13.079387087583513 ], [ -55.88755983599998, -13.079081224583526 ], [ -55.887752797999951, -13.078923072583494 ], [ -55.887618907999979, -13.07859463758353 ], [ -55.887015213999973, -13.078882893583506 ], [ -55.887254211999959, -13.079336478583494 ], [ -55.887094778999938, -13.07942900458349 ], [ -55.886859698999956, -13.078954322583508 ], [ -55.886524858999962, -13.079105014583529 ], [ -55.886931541999957, -13.080223268583449 ], [ -55.886806466999978, -13.080268476583461 ], [ -55.886829974999948, -13.080334479583492 ], [ -55.886633470999982, -13.080435443583442 ], [ -55.886457461999953, -13.080038518583494 ], [ -55.886147034999972, -13.080166909583465 ], [ -55.886219216999962, -13.07998170758346 ], [ -55.886027083999977, -13.07945337858351 ], [ -55.886224791999943, -13.079365374583491 ], [ -55.886435761999962, -13.079907868583481 ], [ -55.886657129999946, -13.079822425583492 ], [ -55.886360942999943, -13.07909503158349 ], [ -55.885518570999984, -13.079503408583463 ], [ -55.885628274999931, -13.079807205583471 ], [ -55.885430565999968, -13.079875921583456 ], [ -55.885287708999954, -13.079528122583463 ], [ -55.885431168999958, -13.079393704583516 ], [ -55.885315436999974, -13.079107991583484 ], [ -55.885765103999972, -13.078882554583505 ], [ -55.885879630999973, -13.079129690583486 ], [ -55.886012239999957, -13.079080263583521 ], [ -55.885851902999946, -13.078686051583531 ], [ -55.886042981999935, -13.078562181583491 ], [ -55.886251238999932, -13.078958503583507 ], [ -55.886474263999958, -13.078902446583514 ], [ -55.88631814699994, -13.078484173583551 ], [ -55.887244404999933, -13.078027674583513 ], [ -55.887373095999976, -13.078543998583541 ], [ -55.887965871999938, -13.078306908583508 ], [ -55.887808598999975, -13.078015468583564 ], [ -55.888052117999962, -13.07790516158356 ], [ -55.887954468999965, -13.077793045583542 ], [ -55.888168452999935, -13.077629092583521 ], [ -55.888496359999984, -13.078049223583506 ], [ -55.888630777999943, -13.077593327583569 ], [ -55.888609278999979, -13.077313842583559 ], [ -55.888757962999939, -13.077205746583539 ], [ -55.889019163999933, -13.077493468583526 ], [ -55.889225361999934, -13.077334889583575 ] ] ] } },
{ "type": "Feature", "properties": { "num_setor": "MT_LUCASDO_SR_002_CPRM", "munic": "LUCAS DO RIO VERDE", "grau_risco": "Muito alto", "distancia_km": 2.09, "chuva_24h": 0.0, "chuva_72h": 0.0, "fonte_estacao": "openmeteo", "codigo_estacao": "openmeteo", "nome_estacao": "Open-Meteo (célula de grade)" }, "geometry": { "type": "Polygon", "coordinates": [ [ [ -55.914187570999957, -13.091603201583105 ], [ -55.913908963999972, -13.09185632658313 ], [ -55.913115505999933, -13.091118498583146 ], [ -55.91206439399997, -13.090054942583153 ], [ -55.912337785999966, -13.089766179583204 ], [ -55.912426719999985, -13.089857310583172 ], [ -55.912851629999977, -13.090277828583162 ], [ -55.913112943999977, -13.09053914258315 ], [ -55.914187570999957, -13.091603201583105 ] ] ] } },
{ "type": "Feature", "properties": { "num_setor": "MT_NOSSASE_SR_001_CPRM", "munic": "NOSSA SENHORA DO LIVRAMENTO", "grau_risco": "Alto", "distancia_km": 1.14, "chuva_24h": 0.0, "chuva_72h": 0.0, "fonte_estacao": "openmeteo", "codigo_estacao": "openmeteo", "nome_estacao": "Open-Meteo (célula de grade)" }, "geometry": { "type": "Polygon", "coordinates": [ [ [ -56.35201217599996, -15.771864607505767 ], [ -56.352125423999951, -15.77213595550578 ], [ -56.352244278999933, -15.772078770505773 ], [ -56.352288007999952, -15.772149410505767 ], [ -56.352063753999971, -15.77225256750577 ], [ -56.35190789699994, -15.771920671505804 ], [ -56.35201217599996, -15.771864607505767 ] ] ] } },
{ "type": "Feature", "properties": { "num_setor": "MT_CM_SR_02_CPRM", "munic": "COMODORO", "grau_risco": "Alto", "distancia_km": 1.69, "chuva_24h": 1.1, "chuva_72h": 4.2, "fonte_estacao": "openmeteo", "codigo_estacao": "openmeteo", "nome_estacao": "Open-Meteo (célula de grade)" }, "geometry": { "type": "Polygon", "coordinates": [ [ [ -59.794377323999989, -13.65121852356665 ], [ -59.794507394999982, -13.651200434566668 ], [ -59.794563288999939, -13.651200369566677 ], [ -59.794619186999967, -13.651200304566682 ], [ -59.794749632999981, -13.651200152566645 ], [ -59.794861466, -13.651200021566662 ], [ -59.794917388999977, -13.651199956566668 ], [ -59.795066540999983, -13.651199782566692 ], [ -59.795159775999934, -13.651199672566655 ], [ -59.795253025999955, -13.651199563566674 ], [ -59.795309488999969, -13.651235446566682 ], [ -59.795402766999977, -13.651235339566675 ], [ -59.795477915999989, -13.651271211566632 ], [ -59.795553605999942, -13.651343062566657 ], [ -59.795665971999945, -13.651396983566672 ], [ -59.795685801999987, -13.651468921566632 ], [ -59.795724201999974, -13.651540880566658 ], [ -59.795780541999925, -13.651576867566645 ], [ -59.79583656799997, -13.651594862566654 ], [ -59.795911699999984, -13.651666920566653 ], [ -59.795968381999955, -13.651738980566632 ], [ -59.796005378999944, -13.65179313556667 ], [ -59.796024159999952, -13.651883345566656 ], [ -59.796022886999936, -13.651973694566665 ], [ -59.796023424999987, -13.652045827566608 ], [ -59.796004862999943, -13.652118009566662 ], [ -59.796004211999957, -13.65219023156663 ], [ -59.795967112999953, -13.652280448566611 ], [ -59.795242860999963, -13.652081996566663 ], [ -59.795149504999983, -13.652082042566628 ], [ -59.795018826999979, -13.652082108566615 ], [ -59.794906839999953, -13.652082164566643 ], [ -59.794850945999933, -13.652064145566614 ], [ -59.794720066999957, -13.652064237566655 ], [ -59.794645803999963, -13.652010133566646 ], [ -59.794571358999974, -13.651974085566625 ], [ -59.794496555999949, -13.65197414956663 ], [ -59.794384377999954, -13.651974244566649 ], [ -59.794234851999931, -13.651974372566659 ], [ -59.794122909999949, -13.651956421566636 ], [ -59.794066862999955, -13.651956470566629 ], [ -59.793954790999976, -13.651956568566627 ], [ -59.793917604999933, -13.651938558566654 ], [ -59.793768228999973, -13.651938691566608 ], [ -59.793693559999952, -13.651938757566652 ], [ -59.793525754999955, -13.651920871566633 ], [ -59.793432468999981, -13.651920956566645 ], [ -59.793376506999941, -13.651921008566669 ], [ -59.793245517999935, -13.651975216566658 ], [ -59.793152337999963, -13.651993296566616 ], [ -59.793077998999934, -13.652011334566625 ], [ -59.793022231999934, -13.652029364566658 ], [ -59.79298496399997, -13.652065401566631 ], [ -59.792854886999983, -13.652101459566602 ], [ -59.792780509999943, -13.652137498566617 ], [ -59.792687582999967, -13.65217353756662 ], [ -59.792557553999984, -13.652209580566645 ], [ -59.792501886999958, -13.652209592566631 ], [ -59.792409113999952, -13.652209611566658 ], [ -59.792334721999957, -13.652245640566656 ], [ -59.792204635999958, -13.652281680566656 ], [ -59.792093208999972, -13.652299708566657 ], [ -59.792056095999946, -13.652299716566624 ], [ -59.791981874, -13.652299733566611 ], [ -59.791889281999943, -13.652299736566643 ], [ -59.791741580999933, -13.652299694566626 ], [ -59.791667575999952, -13.652299688566638 ], [ -59.791630537999936, -13.652299688566641 ], [ -59.791519423999944, -13.652299690566615 ], [ -59.791408037999986, -13.652317717566623 ], [ -59.791315210999983, -13.652317745566602 ], [ -59.791166713999985, -13.652317791566629 ], [ -59.791055362999941, -13.652371793566644 ], [ -59.790944030999974, -13.652371822566627 ], [ -59.790814167999947, -13.652425814566632 ], [ -59.790777068999944, -13.65242582256661 ], [ -59.790647237999963, -13.652443835566643 ], [ -59.790554516999975, -13.65244385456662 ], [ -59.790461809999954, -13.652443874566634 ], [ -59.790313448999932, -13.652461890566647 ], [ -59.790202047999969, -13.652461932566597 ], [ -59.79003508899995, -13.652461986566648 ], [ -59.790016548999979, -13.65246199256665 ], [ -59.789923921999964, -13.652497951566648 ], [ -59.789794217999948, -13.652515947566643 ], [ -59.789720102999979, -13.652515964566641 ], [ -59.789627476999954, -13.652515984566646 ], [ -59.789571909999957, -13.652515997566628 ], [ -59.789516350999975, -13.652516009566616 ], [ -59.789386738999958, -13.652516038566642 ], [ -59.78931269199996, -13.652516054566648 ], [ -59.789183140999967, -13.652516082566635 ], [ -59.789090627999933, -13.652516103566635 ], [ -59.78903506499995, -13.652444321566623 ], [ -59.789016504999942, -13.652372542566631 ], [ -59.788997947999967, -13.652300774566637 ], [ -59.789034873999981, -13.652228986566623 ], [ -59.789108823999982, -13.652193060566615 ], [ -59.789164300999971, -13.652175084566629 ], [ -59.789275270999951, -13.652139127566613 ], [ -59.789367796999954, -13.652139067566623 ], [ -59.789460331999969, -13.652103100566647 ], [ -59.789534427999961, -13.652085074566626 ], [ -59.789571481999985, -13.652085040566648 ], [ -59.78968267099998, -13.652031050566622 ], [ -59.78977535599995, -13.651977063566616 ], [ -59.789868066999979, -13.651958993566611 ], [ -59.78999790599994, -13.65188696656662 ], [ -59.790072122999959, -13.651886874566637 ], [ -59.790146326999952, -13.651868818566644 ], [ -59.790257673999974, -13.651850711566633 ], [ -59.790406047999959, -13.651814622566645 ], [ -59.790535751999975, -13.651778596566666 ], [ -59.79064692999998, -13.651742578566669 ], [ -59.790684016999926, -13.651742551566656 ], [ -59.790776705999974, -13.651724512566668 ], [ -59.790850897999967, -13.651724456566635 ], [ -59.790925054999946, -13.651706429566627 ], [ -59.791054879999933, -13.651688356566654 ], [ -59.791147610999985, -13.651670309566628 ], [ -59.791240274999957, -13.651634297566673 ], [ -59.791332951999948, -13.651634259566674 ], [ -59.791444172999938, -13.651634212566663 ], [ -59.791574094999987, -13.651634114566667 ], [ -59.791629686999947, -13.651634099566664 ], [ -59.791722273999937, -13.651634092566626 ], [ -59.791833478999934, -13.65159807456668 ], [ -59.79198183699998, -13.651562022566633 ], [ -59.792018759999962, -13.651526066566658 ], [ -59.792167367999973, -13.651525931566667 ], [ -59.792297426999944, -13.651525813566662 ], [ -59.792501682999955, -13.651507673566659 ], [ -59.792594457999932, -13.65150762956667 ], [ -59.792724353999972, -13.651507567566638 ], [ -59.792761469999967, -13.651507550566649 ], [ -59.792817076999931, -13.65148953956664 ], [ -59.792928295999957, -13.651453517566621 ], [ -59.793076639999988, -13.651417475566646 ], [ -59.793188258999976, -13.651381352566677 ], [ -59.793318747999933, -13.651381153566684 ], [ -59.793411900999956, -13.651363023566677 ], [ -59.793486280999957, -13.651362959566676 ], [ -59.793616036999936, -13.651326932566652 ], [ -59.793671814999982, -13.651326887566672 ], [ -59.793745991999977, -13.651308865566666 ], [ -59.793857362999965, -13.651290811566664 ], [ -59.793931749999949, -13.651290750566682 ], [ -59.794043133999935, -13.651272695566686 ], [ -59.794172911999965, -13.65123666156668 ], [ -59.794303126999978, -13.651236549566669 ], [ -59.794377323999989, -13.65121852356665 ] ] ] } },
{ "type": "Feature", "properties": { "num_setor": "MT_COL_SR_01_CPRM", "munic": "COLNIZA", "grau_risco": "Alto", "distancia_km": 1.37, "chuva_24h": 0.2, "chuva_72h": 1.1, "fonte_estacao": "openmeteo", "codigo_estacao": "openmeteo", "nome_estacao": "Open-Meteo (célula de grade)" }, "geometry": { "type": "Polygon", "coordinates": [ [ [ -59.22633564399996, -9.444373673694125 ], [ -59.226547159999946, -9.444314153694091 ], [ -59.226712264999939, -9.444199487694142 ], [ -59.226815674999955, -9.444053979694148 ], [ -59.226858590999946, -9.443882914694141 ], [ -59.226823782999979, -9.443669525694132 ], [ -59.227014624999974, -9.443491509694134 ], [ -59.227274687999973, -9.443397338694131 ], [ -59.227479740999968, -9.443436941694138 ], [ -59.227668208999944, -9.44353689669413 ], [ -59.227818497999984, -9.443771080694145 ], [ -59.227917629999986, -9.443906501694123 ], [ -59.227995736999951, -9.443995083694107 ], [ -59.228089362999981, -9.444105798694112 ], [ -59.228196874999973, -9.444141780694101 ], [ -59.228295893999984, -9.444168463694142 ], [ -59.228329922999933, -9.444261636694121 ], [ -59.228333626999984, -9.444387238694143 ], [ -59.228359232999935, -9.444477702694117 ], [ -59.228338996999973, -9.444600889694103 ], [ -59.228459151999971, -9.444567592694085 ], [ -59.228561222999986, -9.44458317469409 ], [ -59.228627272, -9.444672747694113 ], [ -59.228602938999977, -9.444767488694103 ], [ -59.228551396999926, -9.444835813694082 ], [ -59.22851067999995, -9.444941473694106 ], [ -59.228466293999986, -9.445042342694093 ], [ -59.22842645299994, -9.445134744694098 ], [ -59.228418499999975, -9.445240053694089 ], [ -59.228439080999976, -9.445333668694108 ], [ -59.228482159999949, -9.445359323694118 ], [ -59.228521188999927, -9.445284205694069 ], [ -59.228524925999977, -9.445191294694109 ], [ -59.228596502999949, -9.445112711694103 ], [ -59.228678891999948, -9.445066981694097 ], [ -59.228794883999967, -9.445075565694095 ], [ -59.228903835999972, -9.445136640694118 ], [ -59.228973071999974, -9.445386342694064 ], [ -59.229057427999983, -9.445469129694064 ], [ -59.229160985999954, -9.445737903694063 ], [ -59.229200124999984, -9.446060513694064 ], [ -59.229017271999965, -9.446420099694052 ], [ -59.228914944999978, -9.446648325694033 ], [ -59.228816697999939, -9.446965905694025 ], [ -59.22875637, -9.447223652694053 ], [ -59.228716759999941, -9.447391196694005 ], [ -59.228565973999942, -9.447617532694029 ], [ -59.228137362999981, -9.447861890693998 ], [ -59.227892040999961, -9.447813843693989 ], [ -59.227684996999983, -9.44779437269402 ], [ -59.227480042999957, -9.447752635694018 ], [ -59.22734567699996, -9.447721274693992 ], [ -59.227228595999982, -9.447665760694001 ], [ -59.227112914999971, -9.44755772269399 ], [ -59.227031795999949, -9.44748830569403 ], [ -59.226929993999939, -9.447366779694049 ], [ -59.226879811999943, -9.447274716694043 ], [ -59.226815290999987, -9.447169629694038 ], [ -59.226739795999947, -9.44709696669401 ], [ -59.226661356999955, -9.447012811694048 ], [ -59.226587526999943, -9.446947323694035 ], [ -59.226484701999937, -9.446878290694048 ], [ -59.226396659999985, -9.446820206694058 ], [ -59.226292253999986, -9.446737312694056 ], [ -59.226186564999978, -9.446649927694031 ], [ -59.22604144099995, -9.446521629694042 ], [ -59.225980890999949, -9.446485299694048 ], [ -59.225910794999947, -9.446454549694039 ], [ -59.225826049999959, -9.446471035694032 ], [ -59.225786566999943, -9.446519615694029 ], [ -59.225783069, -9.446565856694031 ], [ -59.225785073999987, -9.446621640694069 ], [ -59.225783256999932, -9.446690253694065 ], [ -59.225788544999943, -9.446755285694016 ], [ -59.225784744999935, -9.446856889694015 ], [ -59.225763642999937, -9.446918540694028 ], [ -59.225730755999962, -9.446949819694012 ], [ -59.225682296999935, -9.446981281694047 ], [ -59.22562460599994, -9.446998226694012 ], [ -59.225581448999947, -9.446988255694016 ], [ -59.225507257999944, -9.446961046694028 ], [ -59.225482446999926, -9.446929149694039 ], [ -59.225503311999944, -9.446814683694029 ], [ -59.225517714999967, -9.446770069694038 ], [ -59.225535105999946, -9.44670146969402 ], [ -59.225529612999928, -9.446656536694057 ], [ -59.22550749699996, -9.446620610694055 ], [ -59.225468228999951, -9.44658037469404 ], [ -59.22540192799994, -9.446478775694032 ], [ -59.225351146999962, -9.446221708694033 ], [ -59.225335676999975, -9.446048161694067 ], [ -59.225337271999933, -9.445821379694044 ], [ -59.225332125999955, -9.445670447694052 ], [ -59.225336379999987, -9.445531704694073 ], [ -59.225324466999957, -9.445376036694086 ], [ -59.225210805999957, -9.445100481694073 ], [ -59.225182126999982, -9.444943208694117 ], [ -59.225156741999967, -9.444718132694138 ], [ -59.225238062999949, -9.444590962694095 ], [ -59.225369903999933, -9.44449745069412 ], [ -59.225551849999924, -9.444470976694141 ], [ -59.225754043999977, -9.444387900694133 ], [ -59.225900440999965, -9.444394671694086 ], [ -59.22609620999998, -9.444429984694102 ], [ -59.22633564399996, -9.444373673694125 ] ] ] } },
{ "type": "Feature", "properties": { "num_setor": "MT_CM_SR_01_CPRM", "munic": "COMODORO", "grau_risco": "Alto", "distancia_km": 1.9, "chuva_24h": 0.9, "chuva_72h": 4.6, "fonte_estacao": "openmeteo", "codigo_estacao": "openmeteo", "nome_estacao": "Open-Meteo (célula de grade)" }, "geometry": { "type": "Polygon", "coordinates": [ [ [ -59.787173371999977, -13.677186520565893 ], [ -59.787267843999985, -13.677160096565897 ], [ -59.787294820999932, -13.677160161565897 ], [ -59.787416134999944, -13.677160454565922 ], [ -59.787470008999939, -13.677160584565915 ], [ -59.787564225, -13.677187413565891 ], [ -59.787591128999964, -13.677214075565868 ], [ -59.787658719999968, -13.677254069565896 ], [ -59.787712802999977, -13.67729402556591 ], [ -59.787739837999936, -13.67736052756589 ], [ -59.787780382999983, -13.677400443565887 ], [ -59.787807405999956, -13.677453632565904 ], [ -59.787807405999956, -13.677480214565886 ], [ -59.787267810999936, -13.677666246565861 ], [ -59.787186606999967, -13.677719534565869 ], [ -59.787132413999984, -13.677772846565894 ], [ -59.78705115099995, -13.677812863565906 ], [ -59.787024073999987, -13.677812877565867 ], [ -59.786969858999953, -13.677839572565905 ], [ -59.786834559999924, -13.677893040565873 ], [ -59.786780835999927, -13.677906469565905 ], [ -59.78668672699996, -13.677933337565872 ], [ -59.786605929999943, -13.677946847565895 ], [ -59.786551986999939, -13.677946947565859 ], [ -59.786498077999966, -13.677973805565882 ], [ -59.78643057499994, -13.67798732956587 ], [ -59.786390054999963, -13.678000806565855 ], [ -59.786322512999952, -13.678041149565876 ], [ -59.786309009999961, -13.678054583565864 ], [ -59.786254833999976, -13.678054724565902 ], [ -59.786187089999949, -13.678068312565845 ], [ -59.786119340999953, -13.678108751565876 ], [ -59.786010741999981, -13.678149366565869 ], [ -59.785888375999939, -13.678203538565894 ], [ -59.785847499999939, -13.678203687565857 ], [ -59.785765784999967, -13.67825781056589 ], [ -59.785683886999948, -13.678271604565875 ], [ -59.785546846999971, -13.67833941456589 ], [ -59.785491953999951, -13.678339618565841 ], [ -59.785478224999956, -13.678339669565867 ], [ -59.785423295999976, -13.67835335356588 ], [ -59.785340840999929, -13.67838064056585 ], [ -59.785272069999962, -13.678407896565849 ], [ -59.785189475999971, -13.678448732565887 ], [ -59.785148145999983, -13.67846241456586 ], [ -59.785093011999948, -13.678489671565867 ], [ -59.784996434999975, -13.678503630565867 ], [ -59.784927404999962, -13.678503969565861 ], [ -59.784830620999962, -13.678504410565857 ], [ -59.784761312999933, -13.678545220565887 ], [ -59.784678042999985, -13.678545460565845 ], [ -59.784608580999986, -13.678559161565845 ], [ -59.784539091999925, -13.678572867565851 ], [ -59.784483489999957, -13.678573014565835 ], [ -59.784330841999974, -13.678641710565856 ], [ -59.784261323999935, -13.678655677565827 ], [ -59.784233497999935, -13.678655839565884 ], [ -59.784177822999936, -13.678669738565828 ], [ -59.784079875999964, -13.678709813565851 ], [ -59.784037905999988, -13.678709447565847 ], [ -59.783954054999974, -13.678708716565852 ], [ -59.78387032399997, -13.678707985565843 ], [ -59.783772787999965, -13.678707121565829 ], [ -59.783731036999946, -13.678679674565858 ], [ -59.783675422999977, -13.67863860656589 ], [ -59.783633752999947, -13.678597696565829 ], [ -59.783578249999955, -13.678529696565842 ], [ -59.783550525999942, -13.678475470565862 ], [ -59.783564400999971, -13.678421555565841 ], [ -59.783606021999951, -13.67836780456585 ], [ -59.78363378399996, -13.678327447565861 ], [ -59.783717139999965, -13.678273859565843 ], [ -59.783772775999978, -13.67824710756585 ], [ -59.783884207999968, -13.67820706356585 ], [ -59.783940000999955, -13.678166699565876 ], [ -59.783995851999983, -13.678153394565895 ], [ -59.784065739999967, -13.678126576565864 ], [ -59.78410771599993, -13.678126740565887 ], [ -59.784163715999959, -13.678099819565867 ], [ -59.784261152999932, -13.678099616565845 ], [ -59.78437248399996, -13.678072345565882 ], [ -59.784483702999971, -13.678045089565879 ], [ -59.784511492999968, -13.678031508565857 ], [ -59.784636467999974, -13.678017802565858 ], [ -59.784719715999984, -13.67800416356588 ], [ -59.784761319999973, -13.677990583565853 ], [ -59.784858320999945, -13.677976938565893 ], [ -59.784872126999964, -13.677963389565869 ], [ -59.78494120199997, -13.677963275565885 ], [ -59.785037775999967, -13.677936093565886 ], [ -59.785092892999948, -13.677909000565858 ], [ -59.785148007999965, -13.6779089265659 ], [ -59.785258087999978, -13.677881797565851 ], [ -59.785326836999957, -13.677881716565864 ], [ -59.785395484999974, -13.677854677565884 ], [ -59.785464058999935, -13.677841131565893 ], [ -59.785518825999979, -13.677814141565859 ], [ -59.785587242999952, -13.677787162565872 ], [ -59.785614517999939, -13.677746771565911 ], [ -59.785641882999975, -13.677746760565915 ], [ -59.785682795999946, -13.677706393565854 ], [ -59.78577814799997, -13.677625741565912 ], [ -59.785873469999956, -13.677598924565858 ], [ -59.785941399999956, -13.677545280565875 ], [ -59.785995756999966, -13.677531918565871 ], [ -59.786050041999935, -13.677505158565902 ], [ -59.786144914999959, -13.677451681565913 ], [ -59.786226139999933, -13.677411643565902 ], [ -59.786253159999944, -13.677384921565871 ], [ -59.786280234999928, -13.677384979565879 ], [ -59.78638829099998, -13.677331716565901 ], [ -59.786455789999934, -13.677318520565901 ], [ -59.786469289999964, -13.677318555565876 ], [ -59.786563635999975, -13.677292091565906 ], [ -59.786631591999935, -13.677265484565911 ], [ -59.78669950699998, -13.677265600565873 ], [ -59.786808134999951, -13.677239086565921 ], [ -59.786875926999983, -13.677225870565907 ], [ -59.786903000999978, -13.677225927565873 ], [ -59.787011228999972, -13.677212820565897 ], [ -59.787105841999953, -13.677199695565891 ], [ -59.787132858999939, -13.677199755565889 ], [ -59.787173371999977, -13.677186520565893 ] ] ] } },
{ "type": "Feature", "properties": { "num_setor": "MT_SANTATE_SR_7_CPRM", "munic": "SANTA TEREZINHA", "grau_risco": "Alto", "distancia_km": 1.28, "chuva_24h": 0.0, "chuva_72h": 0.0, "fonte_estacao": "openmeteo", "codigo_estacao": "openmeteo", "nome_estacao": "Open-Meteo (célula de grade)" }, "geometry": { "type": "Polygon", "coordinates": [ [ [ -50.50938424799994, -10.477996355662073 ], [ -50.509556551999935, -10.477953952662068 ], [ -50.509561636999941, -10.478095625662084 ], [ -50.509406284999955, -10.478117936662093 ], [ -50.50938424799994, -10.477996355662073 ] ] ] } },
{ "type": "Feature", "properties": { "num_setor": "MT_SANTATE_SR_6_CPRM", "munic": "SANTA TEREZINHA", "grau_risco": "Alto", "distancia_km": 1.51, "chuva_24h": 0.0, "chuva_72h": 0.0, "fonte_estacao": "openmeteo", "codigo_estacao": "openmeteo", "nome_estacao": "Open-Meteo (célula de grade)" }, "geometry": { "type": "Polygon", "coordinates": [ [ [ -50.516489478999972, -10.463784348662541 ], [ -50.51641435199997, -10.463759702662497 ], [ -50.51641310499997, -10.463504351662545 ], [ -50.516563661999953, -10.463494017662519 ], [ -50.516813510999953, -10.463508926662534 ], [ -50.516785263999964, -10.463789933662538 ], [ -50.516489478999972, -10.463784348662541 ] ] ] } },
{ "type": "Feature", "properties": { "num_setor": "MT_SANTATE_SR_8_CPRM", "munic": "SANTA TEREZINHA", "grau_risco": "Muito alto", "distancia_km": 1.37, "chuva_24h": 0.0, "chuva_72h": 0.0, "fonte_estacao": "openmeteo", "codigo_estacao": "openmeteo", "nome_estacao": "Open-Meteo (célula de grade)" }, "geometry": { "type": "Polygon", "coordinates": [ [ [ -50.512710721999959, -10.467384922662387 ], [ -50.512718917999962, -10.467307053662401 ], [ -50.512824485999943, -10.467253852662386 ], [ -50.512888051999937, -10.467316064662427 ], [ -50.512820289999979, -10.467421331662409 ], [ -50.512710721999959, -10.467384922662387 ] ] ] } },
{ "type": "Feature", "properties": { "num_setor": "MT_SANTATE_SR_9_CPRM", "munic": "SANTA TEREZINHA", "grau_risco": "Alto", "distancia_km": 0.91, "chuva_24h": 0.0, "chuva_72h": 0.0, "fonte_estacao": "openmeteo", "codigo_estacao": "openmeteo", "nome_estacao": "Open-Meteo (célula de grade)" }, "geometry": { "type": "Polygon", "coordinates": [ [ [ -50.512705603999969, -10.476554430662121 ], [ -50.512673248999931, -10.476468637662146 ], [ -50.51258341099998, -10.47617093466215 ], [ -50.51271082799996, -10.476100489662148 ], [ -50.51283319099997, -10.476401731662111 ], [ -50.512894667999944, -10.476553771662097 ], [ -50.512935832999972, -10.47662233466211 ], [ -50.512981505999953, -10.476678598662129 ], [ -50.51287776199996, -10.476758476662134 ], [ -50.512802241999964, -10.476794781662116 ], [ -50.512705603999969, -10.476554430662121 ] ] ] } },
{ "type": "Feature", "properties": { "num_setor": "MT_PARANAT_SR_3_CPRM", "munic": "PARANATINGA", "grau_risco": "Alto", "distancia_km": 0.91, "chuva_24h": 0.0, "chuva_72h": 0.0, "fonte_estacao": "openmeteo", "codigo_estacao": "openmeteo", "nome_estacao": "Open-Meteo (célula de grade)" }, "geometry": { "type": "Polygon", "coordinates": [ [ [ -54.046254241999975, -14.436836178543816 ], [ -54.046066502999963, -14.436781500543788 ], [ -54.045686011999976, -14.436654402543839 ], [ -54.045518123999955, -14.436601056543831 ], [ -54.045359982999962, -14.436538603543836 ], [ -54.04520356299998, -14.436477786543815 ], [ -54.044866758999945, -14.436330925543862 ], [ -54.04504538499998, -14.435107062543885 ], [ -54.045139651999939, -14.434862293543894 ], [ -54.04539478099997, -14.434603828543894 ], [ -54.045751351999975, -14.434470345543888 ], [ -54.04610906999995, -14.43450733754387 ], [ -54.046283676999963, -14.434525394543909 ], [ -54.046601497999973, -14.434668282543875 ], [ -54.047715076999964, -14.434825106543865 ], [ -54.047687320999955, -14.435022263543855 ], [ -54.047646297999968, -14.435290547543856 ], [ -54.047609039999941, -14.435468670543864 ], [ -54.047408983999958, -14.436254808543817 ], [ -54.047308169999951, -14.436445125543843 ], [ -54.047045156999964, -14.436925007543808 ], [ -54.046531094999978, -14.436873546543813 ], [ -54.046305838999963, -14.436848600543817 ], [ -54.046304420999945, -14.43685085554384 ], [ -54.046298717999946, -14.436850284543791 ], [ -54.046254241999975, -14.436836178543816 ] ] ] } },
{ "type": "Feature", "properties": { "num_setor": "MT_PARANAT_SR_4_CPRM", "munic": "PARANATINGA", "grau_risco": "Alto", "distancia_km": 1.15, "chuva_24h": 0.0, "chuva_72h": 0.0, "fonte_estacao": "openmeteo", "codigo_estacao": "openmeteo", "nome_estacao": "Open-Meteo (célula de grade)" }, "geometry": { "type": "Polygon", "coordinates": [ [ [ -54.047115588999986, -14.432381150543954 ], [ -54.047170706999964, -14.432196264543954 ], [ -54.047311326999932, -14.431971305543989 ], [ -54.047423371999969, -14.431793322543971 ], [ -54.047527196999965, -14.43161226454397 ], [ -54.047743843999967, -14.43171480754399 ], [ -54.04755597299993, -14.432148446543978 ], [ -54.047365045999989, -14.432495474543929 ], [ -54.047115588999986, -14.432381150543954 ] ] ] } },
{ "type": "Feature", "properties": { "num_setor": "MT_PARANAT_SR_1_CPRM", "munic": "PARANATINGA", "grau_risco": "Muito alto", "distancia_km": 1.51, "chuva_24h": 0.0, "chuva_72h": 0.0, "fonte_estacao": "openmeteo", "codigo_estacao": "openmeteo", "nome_estacao": "Open-Meteo (célula de grade)" }, "geometry": { "type": "Polygon", "coordinates": [ [ [ -54.056018276999964, -14.428353743544044 ], [ -54.056261637999967, -14.428626686544066 ], [ -54.056161163999946, -14.428706169544038 ], [ -54.055983739999931, -14.428585450544048 ], [ -54.055915852999931, -14.428711567544028 ], [ -54.055767718999959, -14.428944065544021 ], [ -54.055722708999951, -14.429020768544063 ], [ -54.055674257999954, -14.429091416544024 ], [ -54.056339960999935, -14.428980869544059 ], [ -54.056581411999957, -14.429022734544024 ], [ -54.056703454999941, -14.429066505544061 ], [ -54.05658790599994, -14.429277911544059 ], [ -54.056357658999964, -14.429174538544062 ], [ -54.055557318999945, -14.429269490544035 ], [ -54.055226363999964, -14.429565240544049 ], [ -54.055002811999941, -14.429751226544015 ], [ -54.054932475999976, -14.42988551654401 ], [ -54.055194373999939, -14.430017829543996 ], [ -54.054947810999977, -14.430432572544007 ], [ -54.054262403999985, -14.431862766543929 ], [ -54.054352268999935, -14.432381549543937 ], [ -54.054959718999953, -14.432734215543963 ], [ -54.05540526599998, -14.43312293154392 ], [ -54.056277347999981, -14.433240626543943 ], [ -54.056142945999966, -14.433364803543908 ], [ -54.056339976999929, -14.433639331543887 ], [ -54.055964179999933, -14.433850456543903 ], [ -54.056157909999968, -14.434237087543913 ], [ -54.055889331999936, -14.434384053543896 ], [ -54.055583579999961, -14.434182226543886 ], [ -54.055511229999979, -14.4338700265439 ], [ -54.055501746999937, -14.433703052543887 ], [ -54.054975617999958, -14.43345983254393 ], [ -54.054821802999982, -14.433696707543909 ], [ -54.054131129999973, -14.433429579543901 ], [ -54.053917400999971, -14.433414967543925 ], [ -54.053814032999981, -14.433388596543939 ], [ -54.053542544999978, -14.433897436543878 ], [ -54.053181103999975, -14.433691967543901 ], [ -54.053321429999983, -14.433284656543908 ], [ -54.053104473999952, -14.433214522543912 ], [ -54.053031397999973, -14.433179001543943 ], [ -54.052756274999979, -14.433605111543905 ], [ -54.05247819899995, -14.43416045554391 ], [ -54.052400183999964, -14.43424197754387 ], [ -54.051879711999966, -14.434107057543878 ], [ -54.051816568999989, -14.434053245543907 ], [ -54.052049644999947, -14.433452672543936 ], [ -54.05247567899994, -14.43301450654392 ], [ -54.053032772999984, -14.43253014054396 ], [ -54.05347005699997, -14.43174523654398 ], [ -54.053950695999958, -14.430716523543975 ], [ -54.054645307999976, -14.429829424544049 ], [ -54.054872166999985, -14.429680496544007 ], [ -54.056018276999964, -14.428353743544044 ] ] ] } },
{ "type": "Feature", "properties": { "num_setor": "MT_PARANAT_SR_2_CPRM", "munic": "PARANATINGA", "grau_risco": "Muito alto", "distancia_km": 1.07, "chuva_24h": 0.0, "chuva_72h": 0.0, "fonte_estacao": "openmeteo", "codigo_estacao": "openmeteo", "nome_estacao": "Open-Meteo (célula de grade)" }, "geometry": { "type": "Polygon", "coordinates": [ [ [ -54.045756148999942, -14.43435315654391 ], [ -54.045959087999961, -14.434393712543892 ], [ -54.046283676999963, -14.434525394543909 ], [ -54.04610906999995, -14.43450733754387 ], [ -54.045751351999975, -14.434470345543888 ], [ -54.04539478099997, -14.434603828543894 ], [ -54.045139651999939, -14.434862293543894 ], [ -54.04504538499998, -14.435107062543885 ], [ -54.044866758999945, -14.436330925543862 ], [ -54.04520356299998, -14.436477786543815 ], [ -54.045359982999962, -14.436538603543836 ], [ -54.045518123999955, -14.436601056543831 ], [ -54.045686011999976, -14.436654402543839 ], [ -54.046066502999963, -14.436781500543788 ], [ -54.046254241999975, -14.436836178543816 ], [ -54.046298717999946, -14.436850284543791 ], [ -54.046304420999945, -14.43685085554384 ], [ -54.046531094999978, -14.436873546543813 ], [ -54.047045156999964, -14.436925007543808 ], [ -54.047308170999941, -14.436445123543802 ], [ -54.04740646099998, -14.436265790543807 ], [ -54.047541720999959, -14.435790512543861 ], [ -54.047609039999941, -14.435468670543864 ], [ -54.047646297999968, -14.435290547543856 ], [ -54.047687322999941, -14.43502225254386 ], [ -54.047718384999939, -14.434819116543883 ], [ -54.048969878999969, -14.434785985543876 ], [ -54.049683573999964, -14.434811915543872 ], [ -54.050680323999984, -14.435015092543866 ], [ -54.051599413999952, -14.434705363543888 ], [ -54.051437876999955, -14.435310298543888 ], [ -54.052702103999934, -14.43585073354382 ], [ -54.052260319999966, -14.436373493543828 ], [ -54.051265715999932, -14.435970812543809 ], [ -54.051192105, -14.435611438543855 ], [ -54.050839671999938, -14.43565936154387 ], [ -54.049994821999974, -14.435434978543883 ], [ -54.049102711999971, -14.43500298354385 ], [ -54.048865413999977, -14.435016463543857 ], [ -54.048649017999935, -14.435479352543847 ], [ -54.049016293999962, -14.435886251543817 ], [ -54.04880884399995, -14.43617803754386 ], [ -54.048405513999967, -14.435888690543836 ], [ -54.047802589999947, -14.436487519543837 ], [ -54.048056, -14.436866405543846 ], [ -54.048190535999936, -14.437343883543823 ], [ -54.048208956999986, -14.437753830543791 ], [ -54.047826735999934, -14.437681654543786 ], [ -54.047654469999941, -14.437348899543808 ], [ -54.047513110999944, -14.43755942654378 ], [ -54.047583155999973, -14.437929556543795 ], [ -54.047187463999933, -14.438310300543771 ], [ -54.046916401999958, -14.438265928543782 ], [ -54.046971577999955, -14.438016379543793 ], [ -54.046851351999976, -14.437949631543797 ], [ -54.046534858999969, -14.437956055543783 ], [ -54.046372759999933, -14.438114738543778 ], [ -54.046180584999945, -14.438186519543757 ], [ -54.046067000999983, -14.438572772543791 ], [ -54.045985510999969, -14.438853964543775 ], [ -54.045800966999934, -14.438910191543783 ], [ -54.045796623999934, -14.438902752543786 ], [ -54.045492853, -14.438868197543769 ], [ -54.04525348499994, -14.438833574543743 ], [ -54.045205222999982, -14.438726433543739 ], [ -54.044994727999956, -14.438507135543754 ], [ -54.045858687999953, -14.437533671543815 ], [ -54.045286487999931, -14.436963073543813 ], [ -54.044573502999981, -14.436326120543859 ], [ -54.044416486999978, -14.435956716543847 ], [ -54.044478395999931, -14.43570150554382 ], [ -54.044580685999968, -14.43547030054385 ], [ -54.044650058999935, -14.435113023543893 ], [ -54.044659971999977, -14.434936771543878 ], [ -54.044778017999931, -14.434694533543889 ], [ -54.045268849999964, -14.434497000543882 ], [ -54.045756148999942, -14.43435315654391 ] ] ] } },
{ "type": "Feature", "properties": { "num_setor": "MT_PARANAT_SR_7_CPRM", "munic": "PARANATINGA", "grau_risco": "Alto", "distancia_km": 1.91, "chuva_24h": 0.0, "chuva_72h": 0.0, "fonte_estacao": "openmeteo", "codigo_estacao": "openmeteo", "nome_estacao": "Open-Meteo (célula de grade)" }, "geometry": { "type": "Polygon", "coordinates": [ [ [ -54.053272681999943, -14.447261971543544 ], [ -54.05335221699994, -14.447154851543489 ], [ -54.053555551999978, -14.447289204543504 ], [ -54.053475467999931, -14.44738389354349 ], [ -54.053272681999943, -14.447261971543544 ] ] ] } },
{ "type": "Feature", "properties": { "num_setor": "MT_PARANAT_SR_8_CPRM", "munic": "PARANATINGA", "grau_risco": "Alto", "distancia_km": 1.17, "chuva_24h": 0.0, "chuva_72h": 0.0, "fonte_estacao": "openmeteo", "codigo_estacao": "openmeteo", "nome_estacao": "Open-Meteo (célula de grade)" }, "geometry": { "type": "Polygon", "coordinates": [ [ [ -54.055945335999979, -14.435628319543877 ], [ -54.055856044999985, -14.435410503543849 ], [ -54.055874476999975, -14.43483215954384 ], [ -54.056156863999945, -14.434811134543891 ], [ -54.057438730999934, -14.433753381543921 ], [ -54.057686481999951, -14.434208667543878 ], [ -54.057259804999944, -14.435094404543886 ], [ -54.056759876999934, -14.435334075543857 ], [ -54.056923089999941, -14.435677542543846 ], [ -54.056357732999977, -14.435938256543867 ], [ -54.055945335999979, -14.435628319543877 ] ] ] } },
{ "type": "Feature", "properties": { "num_setor": "MT_PARANAT_SR_5_CPRM", "munic": "PARANATINGA", "grau_risco": "Alto", "distancia_km": 1.0, "chuva_24h": 0.0, "chuva_72h": 0.0, "fonte_estacao": "openmeteo", "codigo_estacao": "openmeteo", "nome_estacao": "Open-Meteo (célula de grade)" }, "geometry": { "type": "Polygon", "coordinates": [ [ [ -54.043712614999954, -14.429725837544032 ], [ -54.043385271999966, -14.429554792544044 ], [ -54.043145504999984, -14.429404396544006 ], [ -54.042813432999935, -14.429170782544055 ], [ -54.042469179999955, -14.429010173544023 ], [ -54.042230734999976, -14.42883936354403 ], [ -54.042327601999936, -14.428716852544065 ], [ -54.042449708999982, -14.428791671544031 ], [ -54.042759954999951, -14.428945042544031 ], [ -54.043038415999945, -14.429167168544073 ], [ -54.043301106999934, -14.429297618544032 ], [ -54.043697858999955, -14.429520371544029 ], [ -54.044093218999926, -14.429715155543994 ], [ -54.043990230999952, -14.429862977544031 ], [ -54.043712614999954, -14.429725837544032 ] ] ] } },
{ "type": "Feature", "properties": { "num_setor": "MT_PARANAT_SR_6_CPRM", "munic": "PARANATINGA", "grau_risco": "Alto", "distancia_km": 1.39, "chuva_24h": 0.0, "chuva_72h": 0.0, "fonte_estacao": "openmeteo", "codigo_estacao": "openmeteo", "nome_estacao": "Open-Meteo (célula de grade)" }, "geometry": { "type": "Polygon", "coordinates": [ [ [ -54.058739272999958, -14.427025571544076 ], [ -54.058997381999966, -14.426906675544078 ], [ -54.059154899999953, -14.426821850544099 ], [ -54.059324826999955, -14.426802465544124 ], [ -54.059639475999973, -14.426702511544114 ], [ -54.059812897999961, -14.426514382544083 ], [ -54.059891194999977, -14.42645146854413 ], [ -54.059993037999959, -14.426464454544137 ], [ -54.060178049999934, -14.426756961544115 ], [ -54.060066138999964, -14.426787889544109 ], [ -54.059639728999969, -14.426836838544126 ], [ -54.059167619999982, -14.427020881544113 ], [ -54.059229019999982, -14.427156286544081 ], [ -54.059132892999969, -14.427242139544118 ], [ -54.058991902999935, -14.427104620544098 ], [ -54.058820584999978, -14.427169528544113 ], [ -54.058739272999958, -14.427025571544076 ] ] ] } },
{ "type": "Feature", "properties": { "num_setor": "MT_CB_SR_05_CPRM", "munic": "CUIABÁ", "grau_risco": "Alto", "distancia_km": 1.61, "chuva_24h": 0.0, "chuva_72h": 0.0, "fonte_estacao": "openmeteo", "codigo_estacao": "openmeteo", "nome_estacao": "Open-Meteo (célula de grade)" }, "geometry": { "type": "Polygon", "coordinates": [ [ [ -56.060665424999961, -15.644951838509344 ], [ -56.060007811999981, -15.644765286509342 ], [ -56.059101311999939, -15.644679187509363 ], [ -56.057898215999955, -15.644470850509361 ], [ -56.058154606999949, -15.643804493509384 ], [ -56.059910884999972, -15.643792339509389 ], [ -56.062900681999963, -15.644561376509364 ], [ -56.064964687999975, -15.645262128509344 ], [ -56.065769237999973, -15.645016441509338 ], [ -56.066531420999979, -15.645922109509339 ], [ -56.065636463999965, -15.646182569509328 ], [ -56.064233378, -15.646499999509309 ], [ -56.062991799999963, -15.646253300509326 ], [ -56.061830827999984, -15.645698429509377 ], [ -56.060665424999961, -15.644951838509344 ] ] ] } },
{ "type": "Feature", "properties": { "num_setor": "MT_CB_SR_06_CPRM", "munic": "CUIABÁ", "grau_risco": "Alto", "distancia_km": 1.93, "chuva_24h": 0.0, "chuva_72h": 0.0, "fonte_estacao": "openmeteo", "codigo_estacao": "openmeteo", "nome_estacao": "Open-Meteo (célula de grade)" }, "geometry": { "type": "Polygon", "coordinates": [ [ [ -56.065702715999976, -15.66754361350872 ], [ -56.064654862999987, -15.667118802508726 ], [ -56.06434988299997, -15.666341352508752 ], [ -56.064316469999937, -15.665496510508788 ], [ -56.064448059999961, -15.664554084508824 ], [ -56.064709958999977, -15.66324654550888 ], [ -56.06510302099997, -15.662392885508888 ], [ -56.065352378999933, -15.660776788508921 ], [ -56.065738278999959, -15.659779038508931 ], [ -56.066265840999961, -15.659828531508939 ], [ -56.067071902999942, -15.660120614508967 ], [ -56.067581750999985, -15.661504819508902 ], [ -56.067999634999978, -15.663310003508872 ], [ -56.067278627999947, -15.667506646508764 ], [ -56.06671479399995, -15.667633428508752 ], [ -56.065702715999976, -15.66754361350872 ] ] ] } },
{ "type": "Feature", "properties": { "num_setor": "MT_CB_SR_04_CPRM", "munic": "CUIABÁ", "grau_risco": "Alto", "distancia_km": 0.94, "chuva_24h": 0.0, "chuva_72h": 0.0, "fonte_estacao": "openmeteo", "codigo_estacao": "openmeteo", "nome_estacao": "Open-Meteo (célula de grade)" }, "geometry": { "type": "Polygon", "coordinates": [ [ [ -56.078372765999973, -15.627643443509836 ], [ -56.077980460999981, -15.627133602509865 ], [ -56.077421296999937, -15.626435777509913 ], [ -56.077493929999946, -15.626371353509889 ], [ -56.077686275999952, -15.626239057509892 ], [ -56.077908125999961, -15.626573356509853 ], [ -56.078151057999953, -15.626872126509879 ], [ -56.078272839999954, -15.627040469509865 ], [ -56.078427875999978, -15.627262957509869 ], [ -56.078627774999973, -15.627484320509843 ], [ -56.078833789999976, -15.627721854509845 ], [ -56.079016825999986, -15.627933554509868 ], [ -56.07872431299996, -15.628205873509843 ], [ -56.078372765999973, -15.627643443509836 ] ] ] } },
{ "type": "Feature", "properties": { "num_setor": "MT_NOVAOLI_SR_1_CPRM", "munic": "NOVA OLÍMPIA", "grau_risco": "Muito alto", "distancia_km": 1.35, "chuva_24h": 0.0, "chuva_72h": 0.0, "fonte_estacao": "openmeteo", "codigo_estacao": "openmeteo", "nome_estacao": "Open-Meteo (célula de grade)" }, "geometry": { "type": "Polygon", "coordinates": [ [ [ -57.281854949999968, -14.782587032533881 ], [ -57.281750706999958, -14.782385452533884 ], [ -57.281646464999945, -14.782230069533897 ], [ -57.281490103999943, -14.782028491533872 ], [ -57.28139889199997, -14.781961299533915 ], [ -57.281325054999968, -14.781801716533892 ], [ -57.281177381999953, -14.781600137533877 ], [ -57.281103542999972, -14.781427957533886 ], [ -57.281007989999978, -14.78125577553392 ], [ -57.280938496999966, -14.781171783533944 ], [ -57.280916780999974, -14.78097860453394 ], [ -57.280882032999955, -14.780848417533916 ], [ -57.28073435999994, -14.780634239533896 ], [ -57.280617090999954, -14.780415860533912 ], [ -57.280643149999953, -14.780394863533934 ], [ -57.280716986999948, -14.780352867533951 ], [ -57.281034048999977, -14.780840017533905 ], [ -57.281068795999943, -14.781083591533914 ], [ -57.281229498999949, -14.781377561533878 ], [ -57.281472726999944, -14.781713524533874 ], [ -57.281629088999978, -14.781957098533889 ], [ -57.281850603999942, -14.782335057533876 ], [ -57.282041715999981, -14.782637426533849 ], [ -57.281915757999961, -14.782704619533858 ], [ -57.281854949999968, -14.782587032533881 ] ] ] } },
{ "type": "Feature", "properties": { "num_setor": "MT_CB_SR_07_CPRM", "munic": "CUIABÁ", "grau_risco": "Alto", "distancia_km": 1.57, "chuva_24h": 0.0, "chuva_72h": 0.0, "fonte_estacao": "openmeteo", "codigo_estacao": "openmeteo", "nome_estacao": "Open-Meteo (célula de grade)" }, "geometry": { "type": "Polygon", "coordinates": [ [ [ -56.037698489999975, -15.576636136511313 ], [ -56.038000179999983, -15.576154148511288 ], [ -56.039299699999958, -15.575858249511315 ], [ -56.042214396999952, -15.57639071651132 ], [ -56.043926278999955, -15.576728300511283 ], [ -56.044939150999937, -15.576714494511306 ], [ -56.044800691999967, -15.577124305511296 ], [ -56.043342838999934, -15.57725007951127 ], [ -56.042071332999967, -15.576985275511287 ], [ -56.041063796999936, -15.576941306511303 ], [ -56.04012642899994, -15.577012822511293 ], [ -56.039549337999972, -15.576788414511283 ], [ -56.038497657999983, -15.577022801511255 ], [ -56.037977101999957, -15.577050840511285 ], [ -56.037698489999975, -15.576636136511313 ] ] ] } },
{ "type": "Feature", "properties": { "num_setor": "MT_CB_SR_08_CPRM", "munic": "CUIABÁ", "grau_risco": "Alto", "distancia_km": 0.62, "chuva_24h": 0.0, "chuva_72h": 0.0, "fonte_estacao": "openmeteo", "codigo_estacao": "openmeteo", "nome_estacao": "Open-Meteo (célula de grade)" }, "geometry": { "type": "Polygon", "coordinates": [ [ [ -56.070828871999936, -15.589290316510928 ], [ -56.070592514999987, -15.589091731510917 ], [ -56.070552535999973, -15.588858703510953 ], [ -56.070704568999986, -15.588685428510949 ], [ -56.07082063699994, -15.588583975510939 ], [ -56.071505448999972, -15.587851155510965 ], [ -56.072002259999977, -15.588272078510981 ], [ -56.071534789999987, -15.589072730510917 ], [ -56.071263336999948, -15.589456607510956 ], [ -56.070828871999936, -15.589290316510928 ] ] ] } },
{ "type": "Feature", "properties": { "num_setor": "MT_BARRADO_SR_1_CPRM", "munic": "BARRA DO BUGRES", "grau_risco": "Alto", "distancia_km": 1.12, "chuva_24h": 0.0, "chuva_72h": 0.0, "fonte_estacao": "openmeteo", "codigo_estacao": "openmeteo", "nome_estacao": "Open-Meteo (célula de grade)" }, "geometry": { "type": "Polygon", "coordinates": [ [ [ -57.172524478999946, -15.06676546352575 ], [ -57.172521479999943, -15.066609250525733 ], [ -57.172888281999974, -15.066617378525779 ], [ -57.173033250999936, -15.066625507525758 ], [ -57.17303082799998, -15.06664988652572 ], [ -57.173031819999949, -15.06672494952578 ], [ -57.172975914999938, -15.066726975525725 ], [ -57.172958194999978, -15.066814011525747 ], [ -57.172862918999954, -15.066830181525726 ], [ -57.172923204999961, -15.06712199752573 ], [ -57.17298671899993, -15.067439280525738 ], [ -57.172978167999986, -15.067465098525718 ], [ -57.172908447999987, -15.067471054525713 ], [ -57.172483997999969, -15.067838346525727 ], [ -57.172522391999969, -15.067881541525715 ], [ -57.172531965999951, -15.067961897525727 ], [ -57.17243221199994, -15.067975598525726 ], [ -57.172355189999962, -15.067924681525712 ], [ -57.171994969999957, -15.067739985525694 ], [ -57.171962287999975, -15.067665048525747 ], [ -57.172041991999947, -15.067599842525752 ], [ -57.172150188999979, -15.067672944525736 ], [ -57.172411011999948, -15.067775426525722 ], [ -57.172884240999963, -15.067441268525751 ], [ -57.172878880999974, -15.06737764252571 ], [ -57.172340095999978, -15.067256041525718 ], [ -57.172274404999939, -15.067244059525731 ], [ -57.172264288999941, -15.067202085525734 ], [ -57.172324414999935, -15.067091921525764 ], [ -57.172359661999963, -15.067043745525751 ], [ -57.17288367499998, -15.067321874525728 ], [ -57.172832574999973, -15.06712800952576 ], [ -57.172777222999969, -15.066918983525715 ], [ -57.172543992, -15.066918985525753 ], [ -57.172524478999946, -15.06676546352575 ] ] ] } },
{ "type": "Feature", "properties": { "num_setor": "MT_BARRADO_SR_2_CPRM", "munic": "BARRA DO BUGRES", "grau_risco": "Alto", "distancia_km": 1.44, "chuva_24h": 0.0, "chuva_72h": 0.0, "fonte_estacao": "openmeteo", "codigo_estacao": "openmeteo", "nome_estacao": "Open-Meteo (célula de grade)" }, "geometry": { "type": "Polygon", "coordinates": [ [ [ -57.175404379999975, -15.069290856525667 ], [ -57.175470059999952, -15.069290856525667 ], [ -57.175469489999955, -15.069489919525692 ], [ -57.175392354999985, -15.069493790525673 ], [ -57.175404379999975, -15.069290856525667 ] ] ] } },
{ "type": "Feature", "properties": { "num_setor": "MT_CB_SR_01_CPRM", "munic": "CUIABÁ", "grau_risco": "Muito alto", "distancia_km": 1.64, "chuva_24h": 0.0, "chuva_72h": 0.0, "fonte_estacao": "openmeteo", "codigo_estacao": "openmeteo", "nome_estacao": "Open-Meteo (célula de grade)" }, "geometry": { "type": "Polygon", "coordinates": [ [ [ -56.094991007999965, -15.579063584511241 ], [ -56.094901834999966, -15.57894459451121 ], [ -56.094898049999976, -15.578784979511237 ], [ -56.094879405999961, -15.578679383511226 ], [ -56.095139870999958, -15.578652236511251 ], [ -56.09533986799994, -15.578646141511248 ], [ -56.095662222999977, -15.578693190511238 ], [ -56.096019531999957, -15.578815889511205 ], [ -56.096178196999972, -15.57893084151125 ], [ -56.096259559999964, -15.578957900511242 ], [ -56.096341835999965, -15.579031720511257 ], [ -56.096326115999943, -15.579166819511224 ], [ -56.096257481999935, -15.579268951511212 ], [ -56.094991007999965, -15.579063584511241 ] ] ] } },
{ "type": "Feature", "properties": { "num_setor": "MT_CB_SR_02_CPRM", "munic": "CUIABÁ", "grau_risco": "Alto", "distancia_km": 1.74, "chuva_24h": 0.0, "chuva_72h": 0.0, "fonte_estacao": "openmeteo", "codigo_estacao": "openmeteo", "nome_estacao": "Open-Meteo (célula de grade)" }, "geometry": { "type": "Polygon", "coordinates": [ [ [ -56.067656477999947, -15.546330576512123 ], [ -56.068141132999983, -15.546182238512154 ], [ -56.068913102999943, -15.545634447512144 ], [ -56.069468778999976, -15.54489851851219 ], [ -56.069938354, -15.544380052512185 ], [ -56.070436167999958, -15.543482229512209 ], [ -56.070730954999931, -15.542975580512243 ], [ -56.071087748999958, -15.542305403512238 ], [ -56.071508225999935, -15.54170115551225 ], [ -56.071623477999943, -15.541735865512273 ], [ -56.071447638999985, -15.542271000512267 ], [ -56.070648329999983, -15.543508017512224 ], [ -56.070200433999958, -15.544258690512226 ], [ -56.069165904999977, -15.545495098512157 ], [ -56.068750358999985, -15.545919233512137 ], [ -56.068171519999972, -15.546408481512138 ], [ -56.067593082999956, -15.546508805512154 ], [ -56.066891574999943, -15.54651505551216 ], [ -56.067656477999947, -15.546330576512123 ] ] ] } },
{ "type": "Feature", "properties": { "num_setor": "MT_BARRADO_SR_3_CPRM", "munic": "BARRA DO BUGRES", "grau_risco": "Alto", "distancia_km": 1.63, "chuva_24h": 0.0, "chuva_72h": 0.0, "fonte_estacao": "openmeteo", "codigo_estacao": "openmeteo", "nome_estacao": "Open-Meteo (célula de grade)" }, "geometry": { "type": "Polygon", "coordinates": [ [ [ -57.175373860999969, -15.071291538525628 ], [ -57.175350416999947, -15.071270642525606 ], [ -57.175348612999983, -15.071195762525605 ], [ -57.175732743999959, -15.071185313525602 ], [ -57.175763401999973, -15.071117399525598 ], [ -57.175821111999937, -15.071113915525613 ], [ -57.176077197999973, -15.070965897525618 ], [ -57.176079003999973, -15.070812654525616 ], [ -57.176297217999945, -15.070812652525635 ], [ -57.176299021999966, -15.070985052525639 ], [ -57.176071788999934, -15.071007690525651 ], [ -57.175826522999948, -15.071190538525599 ], [ -57.175763401999973, -15.071199245525602 ], [ -57.175750777999951, -15.071310694525629 ], [ -57.175566827999944, -15.071321142525644 ], [ -57.175373860999969, -15.071291538525628 ] ] ] } },
{ "type": "Feature", "properties": { "num_setor": "MT_BARRADO_SR_4_CPRM", "munic": "BARRA DO BUGRES", "grau_risco": "Alto", "distancia_km": 1.62, "chuva_24h": 0.0, "chuva_72h": 0.0, "fonte_estacao": "openmeteo", "codigo_estacao": "openmeteo", "nome_estacao": "Open-Meteo (célula de grade)" }, "geometry": { "type": "Polygon", "coordinates": [ [ [ -57.183603738999977, -15.064135352525792 ], [ -57.183603761999969, -15.0640296945258 ], [ -57.183999602999954, -15.064022007525811 ], [ -57.184009488999948, -15.064179531525838 ], [ -57.183603738999977, -15.064135352525792 ] ] ] } },
{ "type": "Feature", "properties": { "num_setor": "MT_BARRADO_SR_6_CPRM", "munic": "BARRA DO BUGRES", "grau_risco": "Alto", "distancia_km": 2.12, "chuva_24h": 0.0, "chuva_72h": 0.0, "fonte_estacao": "openmeteo", "codigo_estacao": "openmeteo", "nome_estacao": "Open-Meteo (célula de grade)" }, "geometry": { "type": "Polygon", "coordinates": [ [ [ -57.184512355999971, -15.074281853525513 ], [ -57.184526155999947, -15.074177471525555 ], [ -57.184521552999968, -15.07391318652555 ], [ -57.184519251999973, -15.073662226525544 ], [ -57.184523851999984, -15.073437917525565 ], [ -57.184516949999932, -15.073293561525558 ], [ -57.184480149999956, -15.073153646525579 ], [ -57.184429548999958, -15.072978197525542 ], [ -57.184362846999932, -15.072771656525594 ], [ -57.184314546999985, -15.072620636525571 ], [ -57.184309946999974, -15.072511813525567 ], [ -57.184280047999948, -15.072249749525607 ], [ -57.18428464699997, -15.07197879952561 ], [ -57.18433294699998, -15.071978798525606 ], [ -57.184339846999933, -15.072460733525586 ], [ -57.184349046999955, -15.072605090525588 ], [ -57.184418047999934, -15.072798306525591 ], [ -57.184436448, -15.072858270525597 ], [ -57.184487049999973, -15.07301595152555 ], [ -57.18453304999997, -15.073169192525562 ], [ -57.18459514999995, -15.073331315525557 ], [ -57.184604351999951, -15.073497881525569 ], [ -57.184590551999975, -15.073626693525524 ], [ -57.184588251999969, -15.073773270525532 ], [ -57.184588255999984, -15.073957604525571 ], [ -57.184572155999945, -15.074113066525507 ], [ -57.184555495999973, -15.074641375525506 ], [ -57.184515471999987, -15.074641377525536 ], [ -57.184512355999971, -15.074281853525513 ] ] ] } },
{ "type": "Feature", "properties": { "num_setor": "MT_BARRADO_SR_5_CPRM", "munic": "BARRA DO BUGRES", "grau_risco": "Alto", "distancia_km": 1.43, "chuva_24h": 0.0, "chuva_72h": 0.0, "fonte_estacao": "openmeteo", "codigo_estacao": "openmeteo", "nome_estacao": "Open-Meteo (célula de grade)" }, "geometry": { "type": "Polygon", "coordinates": [ [ [ -57.200979247999953, -15.070266004525639 ], [ -57.20121186199998, -15.070145057525677 ], [ -57.20111881299993, -15.069695830525646 ], [ -57.201219015999982, -15.069671640525664 ], [ -57.201265539999952, -15.069789131525633 ], [ -57.201415849999925, -15.070411136525641 ], [ -57.201047242999948, -15.070466428525647 ], [ -57.200979247999953, -15.070266004525639 ] ] ] } },
{ "type": "Feature", "properties": { "num_setor": "MT_CB_SR_03_CPRM", "munic": "CUIABÁ", "grau_risco": "Alto", "distancia_km": 1.46, "chuva_24h": 0.0, "chuva_72h": 0.0, "fonte_estacao": "openmeteo", "codigo_estacao": "openmeteo", "nome_estacao": "Open-Meteo (célula de grade)" }, "geometry": { "type": "Polygon", "coordinates": [ [ [ -56.029628280999987, -15.650570522509199 ], [ -56.029710557999977, -15.650322015509225 ], [ -56.030198255999949, -15.650100351509243 ], [ -56.030514319999952, -15.649935179509212 ], [ -56.03100425699995, -15.649860624509248 ], [ -56.031340000999933, -15.649776337509259 ], [ -56.031555392999962, -15.649622190509216 ], [ -56.032653417999938, -15.648696985509266 ], [ -56.033071235999955, -15.648609326509282 ], [ -56.033011689999967, -15.648828133509227 ], [ -56.031912154999986, -15.649959521509235 ], [ -56.031908043999969, -15.650636958509189 ], [ -56.031606490999934, -15.651602330509167 ], [ -56.031397437999942, -15.652021585509146 ], [ -56.031173216999946, -15.652367062509134 ], [ -56.030836996999938, -15.652253042509182 ], [ -56.030880423999967, -15.651751430509204 ], [ -56.03099033899997, -15.651595183509198 ], [ -56.031352739999932, -15.651319846509198 ], [ -56.031387859999938, -15.650869108509168 ], [ -56.031352891999973, -15.650644628509196 ], [ -56.030967478999976, -15.650602207509209 ], [ -56.03057966599993, -15.650638741509207 ], [ -56.030232553999944, -15.65070157450922 ], [ -56.030111692999981, -15.650630203509232 ], [ -56.029628280999987, -15.650570522509199 ] ] ] } },
{ "type": "Feature", "properties": { "num_setor": "MT_VARZEAG_SR_6_CPRM", "munic": "VÁRZEA GRANDE", "grau_risco": "Alto", "distancia_km": 1.89, "chuva_24h": 0.0, "chuva_72h": 0.0, "fonte_estacao": "openmeteo", "codigo_estacao": "openmeteo", "nome_estacao": "Open-Meteo (célula de grade)" }, "geometry": { "type": "Polygon", "coordinates": [ [ [ -56.146466923999981, -15.662476660508894 ], [ -56.146430689999931, -15.662455202508898 ], [ -56.146343496999975, -15.662397575508853 ], [ -56.146481974999972, -15.662129031508865 ], [ -56.146750620999967, -15.662097882508869 ], [ -56.14707845799996, -15.661759010508895 ], [ -56.147345882999957, -15.661490188508893 ], [ -56.147452807999969, -15.661231993508892 ], [ -56.147823095999968, -15.660839655508919 ], [ -56.148043207999933, -15.660615838508912 ], [ -56.148320987999966, -15.660426800508949 ], [ -56.148588693999955, -15.660392112508923 ], [ -56.14883264499997, -15.660033626508946 ], [ -56.148940456999981, -15.659923128508931 ], [ -56.149038294999968, -15.659730206508934 ], [ -56.149210313999959, -15.65939101850895 ], [ -56.149318134999987, -15.65943167650893 ], [ -56.149181294999948, -15.659750334508955 ], [ -56.149015375999966, -15.660024490508929 ], [ -56.148735038, -15.660515267508897 ], [ -56.148472138999978, -15.660797866508894 ], [ -56.148156319999941, -15.661183959508911 ], [ -56.147886140999958, -15.661454282508906 ], [ -56.147730331999981, -15.661591758508917 ], [ -56.147456225999974, -15.661782775508881 ], [ -56.147158248999972, -15.662328971508881 ], [ -56.146988376999957, -15.662374083508885 ], [ -56.14682565399994, -15.662427801508885 ], [ -56.146766401999969, -15.662441702508874 ], [ -56.146689842999933, -15.662455757508882 ], [ -56.146588987999962, -15.662484183508861 ], [ -56.146552051999947, -15.662492168508875 ], [ -56.146516837999968, -15.662493902508844 ], [ -56.146466923999981, -15.662476660508894 ] ] ] } },
{ "type": "Feature", "properties": { "num_setor": "MT_VARZEAG_SR_7_CPRM", "munic": "VÁRZEA GRANDE", "grau_risco": "Alto", "distancia_km": 1.72, "chuva_24h": 0.0, "chuva_72h": 0.0, "fonte_estacao": "openmeteo", "codigo_estacao": "openmeteo", "nome_estacao": "Open-Meteo (célula de grade)" }, "geometry": { "type": "Polygon", "coordinates": [ [ [ -56.144998822999987, -15.665881474508756 ], [ -56.145262919999929, -15.6656824705088 ], [ -56.145470160999935, -15.665608040508758 ], [ -56.146212571999961, -15.665159297508774 ], [ -56.146267224999974, -15.664990253508824 ], [ -56.146464237999965, -15.664641791508796 ], [ -56.146691830999941, -15.665009082508826 ], [ -56.146584602999958, -15.665224564508794 ], [ -56.146200464999936, -15.665383766508821 ], [ -56.145960932999962, -15.665605266508761 ], [ -56.145744902999979, -15.66566135950878 ], [ -56.145489274999932, -15.665844519508775 ], [ -56.145315913999987, -15.665886156508748 ], [ -56.145066173999965, -15.665978457508743 ], [ -56.14477934699994, -15.666143990508775 ], [ -56.144441485999948, -15.666111038508744 ], [ -56.144398222999939, -15.666006073508749 ], [ -56.14437920599994, -15.665899654508799 ], [ -56.144569168999965, -15.665918162508781 ], [ -56.144764463999927, -15.665918292508762 ], [ -56.144998822999987, -15.665881474508756 ] ] ] } },
{ "type": "Feature", "properties": { "num_setor": "MT_VARZEAG_SR_4_CPRM", "munic": "VÁRZEA GRANDE", "grau_risco": "Alto", "distancia_km": 1.22, "chuva_24h": 0.0, "chuva_72h": 0.0, "fonte_estacao": "openmeteo", "codigo_estacao": "openmeteo", "nome_estacao": "Open-Meteo (célula de grade)" }, "geometry": { "type": "Polygon", "coordinates": [ [ [ -56.154780319999986, -15.652456734509128 ], [ -56.154689584999971, -15.652292054509177 ], [ -56.154847430999951, -15.652187131509148 ], [ -56.155123769999932, -15.652057571509138 ], [ -56.155306520999943, -15.652035168509144 ], [ -56.155411046999973, -15.652056239509193 ], [ -56.155483988999947, -15.652292789509135 ], [ -56.155333510999981, -15.652300978509166 ], [ -56.155145405999974, -15.652388410509147 ], [ -56.154834291999975, -15.652557454509163 ], [ -56.154780319999986, -15.652456734509128 ] ] ] } },
{ "type": "Feature", "properties": { "num_setor": "MT_VARZEAG_SR_5_CPRM", "munic": "VÁRZEA GRANDE", "grau_risco": "Alto", "distancia_km": 1.4, "chuva_24h": 0.0, "chuva_72h": 0.0, "fonte_estacao": "openmeteo", "codigo_estacao": "openmeteo", "nome_estacao": "Open-Meteo (célula de grade)" }, "geometry": { "type": "Polygon", "coordinates": [ [ [ -56.153385768999954, -15.653273575509127 ], [ -56.153419684999967, -15.653159537509136 ], [ -56.153548785999931, -15.652983961509138 ], [ -56.153779739999948, -15.652845196509164 ], [ -56.153856097999949, -15.652995869509114 ], [ -56.153799994999986, -15.653131788509111 ], [ -56.153637171999954, -15.653249966509145 ], [ -56.153469355999952, -15.653340468509118 ], [ -56.153385768999954, -15.653273575509127 ] ] ] } },
{ "type": "Feature", "properties": { "num_setor": "MT_VARZEAG_SR_9_CPRM", "munic": "VÁRZEA GRANDE", "grau_risco": "Alto", "distancia_km": 0.76, "chuva_24h": 0.0, "chuva_72h": 0.0, "fonte_estacao": "openmeteo", "codigo_estacao": "openmeteo", "nome_estacao": "Open-Meteo (célula de grade)" }, "geometry": { "type": "Polygon", "coordinates": [ [ [ -56.108997562999946, -15.626185446509895 ], [ -56.108776588999952, -15.62586884950991 ], [ -56.108560944999965, -15.625663469509909 ], [ -56.108428039999978, -15.625558422509934 ], [ -56.108279216999961, -15.625336584509919 ], [ -56.108059689999955, -15.625194927509893 ], [ -56.107993997999984, -15.62493315550992 ], [ -56.108110902999954, -15.624782074509904 ], [ -56.107675315999984, -15.624350100509943 ], [ -56.107813711999945, -15.62396938150993 ], [ -56.108409646999974, -15.624461089509945 ], [ -56.108640955999931, -15.624653821509956 ], [ -56.108702991999962, -15.624866879509934 ], [ -56.108928024999955, -15.625336800509912 ], [ -56.110315890999971, -15.626664749509912 ], [ -56.110178311999967, -15.626852057509858 ], [ -56.109611235999978, -15.626264952509914 ], [ -56.109190161999948, -15.626340764509891 ], [ -56.108997562999946, -15.626185446509895 ] ] ] } },
{ "type": "Feature", "properties": { "num_setor": "MT_VARZEAG_SR_8_CPRM", "munic": "VÁRZEA GRANDE", "grau_risco": "Alto", "distancia_km": 1.59, "chuva_24h": 0.0, "chuva_72h": 0.0, "fonte_estacao": "openmeteo", "codigo_estacao": "openmeteo", "nome_estacao": "Open-Meteo (célula de grade)" }, "geometry": { "type": "Polygon", "coordinates": [ [ [ -56.146104342999934, -15.667616271508752 ], [ -56.146130313999947, -15.667450387508739 ], [ -56.146160104999979, -15.667349898508716 ], [ -56.146241718999931, -15.667137020508761 ], [ -56.146333477999981, -15.667174868508736 ], [ -56.146223521999964, -15.66742050950872 ], [ -56.146275010999943, -15.667494652508728 ], [ -56.146263360999967, -15.667552464508747 ], [ -56.146201245999976, -15.667618846508754 ], [ -56.146129069999972, -15.667649197508702 ], [ -56.146104342999934, -15.667616271508752 ] ] ] } },
{ "type": "Feature", "properties": { "num_setor": "MT_VARZEAG_SR_28_CPRM", "munic": "VÁRZEA GRANDE", "grau_risco": "Alto", "distancia_km": 1.13, "chuva_24h": 0.0, "chuva_72h": 0.0, "fonte_estacao": "openmeteo", "codigo_estacao": "openmeteo", "nome_estacao": "Open-Meteo (célula de grade)" }, "geometry": { "type": "Polygon", "coordinates": [ [ [ -56.087301401999973, -15.650439922509216 ], [ -56.087335155999938, -15.650212971509223 ], [ -56.087320423999984, -15.650113578509197 ], [ -56.087249445999987, -15.649979304509198 ], [ -56.087222144999942, -15.649942697509234 ], [ -56.087192942999934, -15.649874659509244 ], [ -56.087294357999951, -15.649839577509232 ], [ -56.087448119999976, -15.649918127509238 ], [ -56.087478993999973, -15.650008690509251 ], [ -56.087513935999937, -15.650292350509218 ], [ -56.08747827399997, -15.650426567509198 ], [ -56.087375585999943, -15.650469061509215 ], [ -56.087301401999973, -15.650439922509216 ] ] ] } },
{ "type": "Feature", "properties": { "num_setor": "MT_VARZEAG_SR_29_CPRM", "munic": "VÁRZEA GRANDE", "grau_risco": "Alto", "distancia_km": 1.04, "chuva_24h": 0.0, "chuva_72h": 0.0, "fonte_estacao": "openmeteo", "codigo_estacao": "openmeteo", "nome_estacao": "Open-Meteo (célula de grade)" }, "geometry": { "type": "Polygon", "coordinates": [ [ [ -56.141229236999941, -15.567695724511559 ], [ -56.141286144999988, -15.567619286511546 ], [ -56.141378012999951, -15.567495221511532 ], [ -56.141424805999975, -15.56753727851156 ], [ -56.141447302999943, -15.567691311511552 ], [ -56.141327149999938, -15.567768155511528 ], [ -56.141229236999941, -15.567695724511559 ] ] ] } },
{ "type": "Feature", "properties": { "num_setor": "MT_VARZEAG_SR_26_CPRM", "munic": "VÁRZEA GRANDE", "grau_risco": "Alto", "distancia_km": 1.64, "chuva_24h": 0.0, "chuva_72h": 0.0, "fonte_estacao": "openmeteo", "codigo_estacao": "openmeteo", "nome_estacao": "Open-Meteo (célula de grade)" }, "geometry": { "type": "Polygon", "coordinates": [ [ [ -56.155682643999967, -15.630209122509756 ], [ -56.15563745299994, -15.630075092509793 ], [ -56.155702503999983, -15.629965522509782 ], [ -56.155704286999935, -15.629842132509792 ], [ -56.155845124999985, -15.62980039950981 ], [ -56.15586498699998, -15.629876909509782 ], [ -56.155846930999985, -15.62997254550981 ], [ -56.155874020999931, -15.630061224509795 ], [ -56.155868638999948, -15.630141221509787 ], [ -56.155805352999948, -15.630288956509771 ], [ -56.155740389999941, -15.630318554509797 ], [ -56.155682643999967, -15.630209122509756 ] ] ] } },
{ "type": "Feature", "properties": { "num_setor": "MT_VARZEAG_SR_27_CPRM", "munic": "VÁRZEA GRANDE", "grau_risco": "Alto", "distancia_km": 1.55, "chuva_24h": 0.0, "chuva_72h": 0.0, "fonte_estacao": "openmeteo", "codigo_estacao": "openmeteo", "nome_estacao": "Open-Meteo (célula de grade)" }, "geometry": { "type": "Polygon", "coordinates": [ [ [ -56.092986558999939, -15.653386992509146 ], [ -56.09293433199997, -15.653125548509157 ], [ -56.092887463999944, -15.652925175509127 ], [ -56.092829209999941, -15.652732699509134 ], [ -56.092807, -15.652473394509158 ], [ -56.092790342999933, -15.652350422509178 ], [ -56.092884734999984, -15.652329037509153 ], [ -56.092968020999933, -15.652649828509126 ], [ -56.09300411199996, -15.652796857509127 ], [ -56.093045755999981, -15.652903786509148 ], [ -56.093040203999983, -15.653034776509143 ], [ -56.093084092999959, -15.65329382450911 ], [ -56.093128244999946, -15.653419221509143 ], [ -56.093170343999986, -15.653597114509139 ], [ -56.09307253299994, -15.653600565509137 ], [ -56.092986558999939, -15.653386992509146 ] ] ] } },
{ "type": "Feature", "properties": { "num_setor": "MT_VARZEAG_SR_31_CPRM", "munic": "VÁRZEA GRANDE", "grau_risco": "Alto", "distancia_km": 0.4, "chuva_24h": 0.0, "chuva_72h": 0.0, "fonte_estacao": "openmeteo", "codigo_estacao": "openmeteo", "nome_estacao": "Open-Meteo (célula de grade)" }, "geometry": { "type": "Polygon", "coordinates": [ [ [ -56.075052143999983, -15.651565865509175 ], [ -56.075024445999986, -15.651553444509162 ], [ -56.074949792, -15.651536217509157 ], [ -56.074961348999985, -15.651418992509164 ], [ -56.07497985599997, -15.651368646509201 ], [ -56.075000121999949, -15.651329882509192 ], [ -56.075035245999977, -15.651335466509195 ], [ -56.075136077999957, -15.65137958250917 ], [ -56.075088266999956, -15.651575122509158 ], [ -56.075052143999983, -15.651565865509175 ] ] ] } },
{ "type": "Feature", "properties": { "num_setor": "MT_VARZEAG_SR_32_CPRM", "munic": "VÁRZEA GRANDE", "grau_risco": "Alto", "distancia_km": 1.57, "chuva_24h": 0.0, "chuva_72h": 0.0, "fonte_estacao": "openmeteo", "codigo_estacao": "openmeteo", "nome_estacao": "Open-Meteo (célula de grade)" }, "geometry": { "type": "Polygon", "coordinates": [ [ [ -56.149643545999936, -15.653217433509115 ], [ -56.149627744999975, -15.653125461509116 ], [ -56.149781511999947, -15.65306751950917 ], [ -56.149903246999941, -15.653001240509161 ], [ -56.149968430999927, -15.652941813509161 ], [ -56.150089782999942, -15.652909634509152 ], [ -56.150177549999967, -15.652887663509125 ], [ -56.150232316999968, -15.652963888509168 ], [ -56.150218619999976, -15.653041933509106 ], [ -56.150208257999964, -15.653084420509149 ], [ -56.150033905, -15.653118539509162 ], [ -56.149834434999946, -15.653205348509147 ], [ -56.149737267999967, -15.653237734509124 ], [ -56.149643545999936, -15.653217433509115 ] ] ] } },
{ "type": "Feature", "properties": { "num_setor": "MT_VARZEAG_SR_3_CPRM", "munic": "VÁRZEA GRANDE", "grau_risco": "Alto", "distancia_km": 0.86, "chuva_24h": 0.0, "chuva_72h": 0.0, "fonte_estacao": "openmeteo", "codigo_estacao": "openmeteo", "nome_estacao": "Open-Meteo (célula de grade)" }, "geometry": { "type": "Polygon", "coordinates": [ [ [ -56.157427231999975, -15.651655732509154 ], [ -56.157787657999961, -15.651490449509165 ], [ -56.158366131999969, -15.651448988509195 ], [ -56.158693251999978, -15.651483018509188 ], [ -56.159074321999988, -15.651533615509162 ], [ -56.15983922099997, -15.651763260509144 ], [ -56.160238327999927, -15.651813942509193 ], [ -56.160652993999975, -15.652070435509181 ], [ -56.160875198999975, -15.652175617509153 ], [ -56.160845826999946, -15.652341464509153 ], [ -56.160377267999941, -15.652153183509135 ], [ -56.160157591999962, -15.651997650509147 ], [ -56.159859124999969, -15.651982351509162 ], [ -56.159537080999939, -15.65184212350915 ], [ -56.159241386999959, -15.65185078950919 ], [ -56.159030585999972, -15.651874732509162 ], [ -56.158762326999977, -15.651808364509185 ], [ -56.158689660999983, -15.651722518509203 ], [ -56.158359334999943, -15.65186063150918 ], [ -56.158209039999974, -15.651810648509194 ], [ -56.157725778999982, -15.65193886550918 ], [ -56.157430280999961, -15.65217523950917 ], [ -56.157030315999975, -15.652215596509164 ], [ -56.156862048999983, -15.652015684509198 ], [ -56.156940159999976, -15.65179287650915 ], [ -56.157141621999983, -15.651772089509176 ], [ -56.157427231999975, -15.651655732509154 ] ] ] } },
{ "type": "Feature", "properties": { "num_setor": "MT_VARZEAG_SR_30_CPRM", "munic": "VÁRZEA GRANDE", "grau_risco": "Alto", "distancia_km": 0.98, "chuva_24h": 0.0, "chuva_72h": 0.0, "fonte_estacao": "openmeteo", "codigo_estacao": "openmeteo", "nome_estacao": "Open-Meteo (célula de grade)" }, "geometry": { "type": "Polygon", "coordinates": [ [ [ -56.075565642999948, -15.669324702508701 ], [ -56.075488273999959, -15.669274852508662 ], [ -56.075430544999961, -15.669227013508673 ], [ -56.075395576999938, -15.669192782508704 ], [ -56.075456691999932, -15.669145756508705 ], [ -56.075484294999967, -15.669110933508676 ], [ -56.07552635199994, -15.669096486508666 ], [ -56.075552666999954, -15.669091182508714 ], [ -56.075720032999982, -15.669293607508695 ], [ -56.075662486999931, -15.669327205508658 ], [ -56.075565642999948, -15.669324702508701 ] ] ] } },
{ "type": "Feature", "properties": { "num_setor": "MT_VARZEAG_SR_20_CPRM", "munic": "VÁRZEA GRANDE", "grau_risco": "Alto", "distancia_km": 1.64, "chuva_24h": 0.0, "chuva_72h": 0.0, "fonte_estacao": "openmeteo", "codigo_estacao": "openmeteo", "nome_estacao": "Open-Meteo (célula de grade)" }, "geometry": { "type": "Polygon", "coordinates": [ [ [ -56.178571187999978, -15.629346826509808 ], [ -56.178251303999957, -15.629101621509804 ], [ -56.177963972, -15.6287209665098 ], [ -56.177832319999936, -15.628458835509806 ], [ -56.177379883999947, -15.628006093509832 ], [ -56.177025065999942, -15.627679942509875 ], [ -56.176900881999984, -15.627449179509838 ], [ -56.176512027999934, -15.627075457509891 ], [ -56.176321879999939, -15.626821148509892 ], [ -56.17621444699995, -15.626582760509885 ], [ -56.17630534999995, -15.62644748650988 ], [ -56.176536602999931, -15.626582566509885 ], [ -56.176784347999963, -15.626932396509877 ], [ -56.177155426999946, -15.627282336509852 ], [ -56.177501328999938, -15.627544664509861 ], [ -56.177788371999952, -15.627719355509841 ], [ -56.177967668999948, -15.627743016509841 ], [ -56.178182862999968, -15.628124038509826 ], [ -56.178380997999966, -15.628417791509811 ], [ -56.178341199999977, -15.628688221509805 ], [ -56.17898241599994, -15.629227278509816 ], [ -56.178834391999942, -15.62948938250981 ], [ -56.178571187999978, -15.629346826509808 ] ] ] } },
{ "type": "Feature", "properties": { "num_setor": "MT_VARZEAG_SR_21_CPRM", "munic": "VÁRZEA GRANDE", "grau_risco": "Muito alto", "distancia_km": 1.37, "chuva_24h": 0.0, "chuva_72h": 0.0, "fonte_estacao": "openmeteo", "codigo_estacao": "openmeteo", "nome_estacao": "Open-Meteo (célula de grade)" }, "geometry": { "type": "Polygon", "coordinates": [ [ [ -56.131622669999956, -15.637175802509567 ], [ -56.131444751999936, -15.636906328509578 ], [ -56.131350495999982, -15.63680604650958 ], [ -56.131264082999962, -15.636700447509591 ], [ -56.131181969999943, -15.636551235509589 ], [ -56.131403676999987, -15.636475747509605 ], [ -56.131508536999945, -15.636279958509631 ], [ -56.131631237999947, -15.636312050509604 ], [ -56.131583496999951, -15.636630941509601 ], [ -56.131733497999953, -15.636849729509581 ], [ -56.132009916999948, -15.637284373509553 ], [ -56.13178587699997, -15.637423032509574 ], [ -56.131622669999956, -15.637175802509567 ] ] ] } },
{ "type": "Feature", "properties": { "num_setor": "MT_VARZEAG_SR_19_CPRM", "munic": "VÁRZEA GRANDE", "grau_risco": "Alto", "distancia_km": 1.07, "chuva_24h": 0.0, "chuva_72h": 0.0, "fonte_estacao": "openmeteo", "codigo_estacao": "openmeteo", "nome_estacao": "Open-Meteo (célula de grade)" }, "geometry": { "type": "Polygon", "coordinates": [ [ [ -56.166081468999948, -15.630270927509777 ], [ -56.166131786999976, -15.630033988509803 ], [ -56.166122359999974, -15.630015695509769 ], [ -56.166028186999938, -15.629814311509781 ], [ -56.165817898999933, -15.629621182509766 ], [ -56.165704597999941, -15.629465582509805 ], [ -56.165630447999945, -15.629254787509817 ], [ -56.16551764899998, -15.629024805509825 ], [ -56.165365698999949, -15.628775453509807 ], [ -56.16522239699998, -15.628599518509853 ], [ -56.165060151999974, -15.628293064509855 ], [ -56.164877370999932, -15.628144033509825 ], [ -56.164819971999968, -15.627966843509849 ], [ -56.164578590999952, -15.627761121509876 ], [ -56.164346354999964, -15.627452053509854 ], [ -56.164142604999938, -15.627235943509866 ], [ -56.163889667999968, -15.626906431509861 ], [ -56.163879743999985, -15.626605518509878 ], [ -56.164055056999985, -15.626691178509908 ], [ -56.164375782999969, -15.626852581509892 ], [ -56.164598593999983, -15.627144212509867 ], [ -56.164694969999971, -15.627490675509879 ], [ -56.165032784999937, -15.627687711509852 ], [ -56.165186663999975, -15.627865138509829 ], [ -56.165435191999961, -15.628302662509821 ], [ -56.165653289999966, -15.628765996509829 ], [ -56.165927961999955, -15.629254754509832 ], [ -56.166201649999955, -15.629759756509777 ], [ -56.166333000999941, -15.630034236509795 ], [ -56.166320449999944, -15.630317005509752 ], [ -56.166212880999979, -15.630553466509792 ], [ -56.166084888999926, -15.63086991650974 ], [ -56.165768567999976, -15.63091267550978 ], [ -56.166081468999948, -15.630270927509777 ] ] ] } },
{ "type": "Feature", "properties": { "num_setor": "MT_VARZEAG_SR_24_CPRM", "munic": "VÁRZEA GRANDE", "grau_risco": "Alto", "distancia_km": 2.0, "chuva_24h": 0.0, "chuva_72h": 0.0, "fonte_estacao": "openmeteo", "codigo_estacao": "openmeteo", "nome_estacao": "Open-Meteo (célula de grade)" }, "geometry": { "type": "Polygon", "coordinates": [ [ [ -56.147213659999977, -15.633609405509679 ], [ -56.147120364999978, -15.633545394509678 ], [ -56.146945272999972, -15.633356419509665 ], [ -56.147022112999935, -15.633264763509676 ], [ -56.147121917999982, -15.633263422509701 ], [ -56.147193408999961, -15.633318902509712 ], [ -56.147317309999941, -15.63343245350968 ], [ -56.147374468999935, -15.633529364509688 ], [ -56.147278752999966, -15.633615021509694 ], [ -56.147213659999977, -15.633609405509679 ] ] ] } },
{ "type": "Feature", "properties": { "num_setor": "MT_VARZEAG_SR_25_CPRM", "munic": "VÁRZEA GRANDE", "grau_risco": "Alto", "distancia_km": 1.88, "chuva_24h": 0.0, "chuva_72h": 0.0, "fonte_estacao": "openmeteo", "codigo_estacao": "openmeteo", "nome_estacao": "Open-Meteo (célula de grade)" }, "geometry": { "type": "Polygon", "coordinates": [ [ [ -56.15283741199994, -15.630551204509782 ], [ -56.152819997999984, -15.630520098509793 ], [ -56.152798098999938, -15.630474182509749 ], [ -56.15282975599996, -15.630456994509791 ], [ -56.152967457999978, -15.630380240509785 ], [ -56.153096432, -15.63030948950977 ], [ -56.153127964999953, -15.630367747509792 ], [ -56.153152354999982, -15.630422761509781 ], [ -56.152959744999976, -15.630529259509769 ], [ -56.152879295999981, -15.630570131509769 ], [ -56.152854770999973, -15.630577329509757 ], [ -56.15283741199994, -15.630551204509782 ] ] ] } },
{ "type": "Feature", "properties": { "num_setor": "MT_VARZEAG_SR_22_CPRM", "munic": "VÁRZEA GRANDE", "grau_risco": "Muito alto", "distancia_km": 0.96, "chuva_24h": 0.0, "chuva_72h": 0.0, "fonte_estacao": "openmeteo", "codigo_estacao": "openmeteo", "nome_estacao": "Open-Meteo (célula de grade)" }, "geometry": { "type": "Polygon", "coordinates": [ [ [ -56.144190696999942, -15.64474176350936 ], [ -56.144170058999975, -15.644684133509362 ], [ -56.144139084999949, -15.644628454509389 ], [ -56.144143223999947, -15.644576783509407 ], [ -56.144219831999969, -15.644550941509396 ], [ -56.144275756999946, -15.644588824509393 ], [ -56.144325290999973, -15.644640580509396 ], [ -56.144378753999945, -15.644739924509375 ], [ -56.144246498999955, -15.644803527509373 ], [ -56.144190696999942, -15.64474176350936 ] ] ] } },
{ "type": "Feature", "properties": { "num_setor": "MT_VARZEAG_SR_23_CPRM", "munic": "VÁRZEA GRANDE", "grau_risco": "Alto", "distancia_km": 1.58, "chuva_24h": 0.0, "chuva_72h": 0.0, "fonte_estacao": "openmeteo", "codigo_estacao": "openmeteo", "nome_estacao": "Open-Meteo (célula de grade)" }, "geometry": { "type": "Polygon", "coordinates": [ [ [ -56.141339555999934, -15.632359613509704 ], [ -56.141374184999961, -15.632217081509726 ], [ -56.141401856999948, -15.632096685509733 ], [ -56.141430103999937, -15.631977125509758 ], [ -56.141574925, -15.63196937150974 ], [ -56.14166072299998, -15.631855969509733 ], [ -56.141768613999943, -15.631867522509701 ], [ -56.141729631999965, -15.631991988509752 ], [ -56.141643010999985, -15.632132498509737 ], [ -56.141494185999932, -15.632226752509714 ], [ -56.141440247999981, -15.632365959509729 ], [ -56.141339555999934, -15.632359613509704 ] ] ] } },
{ "type": "Feature", "properties": { "num_setor": "MT_VARZEAG_SR_13_CPRM", "munic": "VÁRZEA GRANDE", "grau_risco": "Alto", "distancia_km": 1.32, "chuva_24h": 0.0, "chuva_72h": 0.0, "fonte_estacao": "openmeteo", "codigo_estacao": "openmeteo", "nome_estacao": "Open-Meteo (célula de grade)" }, "geometry": { "type": "Polygon", "coordinates": [ [ [ -56.111982094999973, -15.637752122509548 ], [ -56.112239852999949, -15.637563597509551 ], [ -56.112400412999932, -15.637628162509552 ], [ -56.112453100999971, -15.637720486509586 ], [ -56.112299122999957, -15.637889273509588 ], [ -56.112150080999982, -15.637983553509573 ], [ -56.111982094999973, -15.637752122509548 ] ] ] } },
{ "type": "Feature", "properties": { "num_setor": "MT_VARZEAG_SR_14_CPRM", "munic": "VÁRZEA GRANDE", "grau_risco": "Alto", "distancia_km": 1.55, "chuva_24h": 0.0, "chuva_72h": 0.0, "fonte_estacao": "openmeteo", "codigo_estacao": "openmeteo", "nome_estacao": "Open-Meteo (célula de grade)" }, "geometry": { "type": "Polygon", "coordinates": [ [ [ -56.110690295999973, -15.6334803755097 ], [ -56.110605222999936, -15.633204282509675 ], [ -56.110572746999935, -15.632970181509704 ], [ -56.11066737699997, -15.632785488509709 ], [ -56.110856414999944, -15.632676657509743 ], [ -56.111007099999931, -15.632457550509733 ], [ -56.111145264999948, -15.632191423509704 ], [ -56.11114975199996, -15.631850349509758 ], [ -56.111251612999979, -15.631425013509739 ], [ -56.111272131999954, -15.630993193509733 ], [ -56.111337750999951, -15.630782072509794 ], [ -56.111313398999982, -15.630602472509777 ], [ -56.111127272999965, -15.630490585509776 ], [ -56.11103833399995, -15.630357715509756 ], [ -56.111088877999968, -15.630245746509777 ], [ -56.111227693999979, -15.630323509509809 ], [ -56.111357650999935, -15.630464102509773 ], [ -56.111390472999965, -15.630561668509795 ], [ -56.111419200999933, -15.630844860509766 ], [ -56.111400369999949, -15.631123360509738 ], [ -56.111410015999986, -15.63134577750977 ], [ -56.111381612999935, -15.631791735509758 ], [ -56.111309752999944, -15.632041434509746 ], [ -56.111210402999973, -15.632360614509748 ], [ -56.111105393999935, -15.63267665250973 ], [ -56.110956458999965, -15.632759967509717 ], [ -56.110901195999986, -15.632906718509703 ], [ -56.110779504999982, -15.633039935509675 ], [ -56.11087097799998, -15.633279769509681 ], [ -56.110909697999944, -15.633411515509705 ], [ -56.110941560999947, -15.633548922509714 ], [ -56.110813951999937, -15.633747081509682 ], [ -56.110690295999973, -15.6334803755097 ] ] ] } },
{ "type": "Feature", "properties": { "num_setor": "MT_VARZEAG_SR_11_CPRM", "munic": "VÁRZEA GRANDE", "grau_risco": "Alto", "distancia_km": 1.17, "chuva_24h": 0.0, "chuva_72h": 0.0, "fonte_estacao": "openmeteo", "codigo_estacao": "openmeteo", "nome_estacao": "Open-Meteo (célula de grade)" }, "geometry": { "type": "Polygon", "coordinates": [ [ [ -56.095066595999981, -15.67775174950846 ], [ -56.095277511999946, -15.677255858508451 ], [ -56.095308992999954, -15.677097460508461 ], [ -56.095567692999964, -15.676815117508498 ], [ -56.095732488999943, -15.676493468508502 ], [ -56.096032993999984, -15.676057872508469 ], [ -56.096184810999944, -15.675583875508513 ], [ -56.096449347999965, -15.675712542508521 ], [ -56.09596364599998, -15.676701202508452 ], [ -56.095349039999981, -15.677971306508432 ], [ -56.095066595999981, -15.67775174950846 ] ] ] } },
{ "type": "Feature", "properties": { "num_setor": "MT_VARZEAG_SR_12_CPRM", "munic": "VÁRZEA GRANDE", "grau_risco": "Alto", "distancia_km": 1.67, "chuva_24h": 0.0, "chuva_72h": 0.0, "fonte_estacao": "openmeteo", "codigo_estacao": "openmeteo", "nome_estacao": "Open-Meteo (célula de grade)" }, "geometry": { "type": "Polygon", "coordinates": [ [ [ -56.097620077999977, -15.665239428508778 ], [ -56.097774568999967, -15.665072383508777 ], [ -56.097900616999937, -15.66513559950878 ], [ -56.098002322999946, -15.665265011508808 ], [ -56.098080427999946, -15.665172556508788 ], [ -56.098213716999965, -15.665220581508805 ], [ -56.097980747999941, -15.665694806508794 ], [ -56.097751063999958, -15.665590187508784 ], [ -56.097755302999985, -15.665539444508818 ], [ -56.097620077999977, -15.665239428508778 ] ] ] } },
{ "type": "Feature", "properties": { "num_setor": "MT_VARZEAG_SR_17_CPRM", "munic": "VÁRZEA GRANDE", "grau_risco": "Alto", "distancia_km": 1.29, "chuva_24h": 0.0, "chuva_72h": 0.0, "fonte_estacao": "openmeteo", "codigo_estacao": "openmeteo", "nome_estacao": "Open-Meteo (célula de grade)" }, "geometry": { "type": "Polygon", "coordinates": [ [ [ -56.126236627999965, -15.685065728508256 ], [ -56.126103728999965, -15.684703278508257 ], [ -56.12595375799998, -15.684413873508273 ], [ -56.125844398999952, -15.68414165150825 ], [ -56.126029033999941, -15.684002862508246 ], [ -56.126155976999939, -15.683875429508261 ], [ -56.126300041999968, -15.683786929508264 ], [ -56.12649609399994, -15.684191704508244 ], [ -56.126519460999987, -15.684569425508238 ], [ -56.126560121999944, -15.684875516508257 ], [ -56.126722047999976, -15.685142783508214 ], [ -56.126259778999952, -15.685512445508225 ], [ -56.126236627999965, -15.685065728508256 ] ] ] } },
{ "type": "Feature", "properties": { "num_setor": "MT_VARZEAG_SR_18_CPRM", "munic": "VÁRZEA GRANDE", "grau_risco": "Alto", "distancia_km": 1.35, "chuva_24h": 0.0, "chuva_72h": 0.0, "fonte_estacao": "openmeteo", "codigo_estacao": "openmeteo", "nome_estacao": "Open-Meteo (célula de grade)" }, "geometry": { "type": "Polygon", "coordinates": [ [ [ -56.172490971999935, -15.638911571509508 ], [ -56.172445769999968, -15.638650682509567 ], [ -56.172370848999947, -15.638395162509521 ], [ -56.172239098999967, -15.63824238450955 ], [ -56.172059978999982, -15.637917542509561 ], [ -56.171921264999987, -15.637676358509569 ], [ -56.171699149999945, -15.637666262509592 ], [ -56.171401293999963, -15.637626205509555 ], [ -56.171206779999984, -15.637574261509551 ], [ -56.171207306999982, -15.637355562509596 ], [ -56.17109342599997, -15.637251086509613 ], [ -56.17093349299995, -15.637157201509597 ], [ -56.17096930799994, -15.636968402509611 ], [ -56.170977193999931, -15.636798411509602 ], [ -56.171279473999967, -15.636810305509618 ], [ -56.171265947999977, -15.637061813509574 ], [ -56.171279553999959, -15.637164554509607 ], [ -56.17139618899995, -15.637191024509567 ], [ -56.171628096999946, -15.637245676509579 ], [ -56.171881280999969, -15.637373072509561 ], [ -56.172116472999953, -15.637611912509565 ], [ -56.172811218999982, -15.638925794509563 ], [ -56.172490971999935, -15.638911571509508 ] ] ] } },
{ "type": "Feature", "properties": { "num_setor": "MT_VARZEAG_SR_15_CPRM", "munic": "VÁRZEA GRANDE", "grau_risco": "Alto", "distancia_km": 1.71, "chuva_24h": 0.0, "chuva_72h": 0.0, "fonte_estacao": "openmeteo", "codigo_estacao": "openmeteo", "nome_estacao": "Open-Meteo (célula de grade)" }, "geometry": { "type": "Polygon", "coordinates": [ [ [ -56.11602189499996, -15.636596067509611 ], [ -56.115940536999972, -15.636528029509615 ], [ -56.115827037999971, -15.636370872509623 ], [ -56.115734816999975, -15.636244848509639 ], [ -56.115708607999977, -15.635971161509646 ], [ -56.115583074999961, -15.635660078509614 ], [ -56.115479077999964, -15.635454433509615 ], [ -56.115232881999987, -15.635348601509646 ], [ -56.115106877999956, -15.63520616750966 ], [ -56.115024688999938, -15.635058582509625 ], [ -56.114882266999984, -15.634984530509627 ], [ -56.114717841999948, -15.634889184509655 ], [ -56.114635508999982, -15.63477778550968 ], [ -56.114459742999941, -15.634676550509631 ], [ -56.114278189999936, -15.634543327509654 ], [ -56.11421207799998, -15.634479392509647 ], [ -56.114376873999959, -15.63428900950969 ], [ -56.115254567999955, -15.635101238509627 ], [ -56.115615465999952, -15.635481158509609 ], [ -56.115801552999983, -15.635897392509598 ], [ -56.115959732999947, -15.636192379509605 ], [ -56.116192705999936, -15.63648648550962 ], [ -56.116142896999982, -15.636533517509617 ], [ -56.116065196999955, -15.636637896509599 ], [ -56.11602189499996, -15.636596067509611 ] ] ] } },
{ "type": "Feature", "properties": { "num_setor": "MT_VARZEAG_SR_16_CPRM", "munic": "VÁRZEA GRANDE", "grau_risco": "Alto", "distancia_km": 2.11, "chuva_24h": 0.0, "chuva_72h": 0.0, "fonte_estacao": "openmeteo", "codigo_estacao": "openmeteo", "nome_estacao": "Open-Meteo (célula de grade)" }, "geometry": { "type": "Polygon", "coordinates": [ [ [ -56.119450952999955, -15.663534180508826 ], [ -56.119674912999976, -15.663362148508861 ], [ -56.119877289999977, -15.663709996508841 ], [ -56.119961831999952, -15.663816948508853 ], [ -56.120006745999945, -15.663907122508821 ], [ -56.120004298999959, -15.66399299150885 ], [ -56.119935081999984, -15.664109479508856 ], [ -56.119856809999931, -15.664182205508837 ], [ -56.119450952999955, -15.663534180508826 ] ] ] } },
{ "type": "Feature", "properties": { "num_setor": "MT_SANTOAN1_SR_7_CPRM", "munic": "SANTO ANTÔNIO DO LEVERGER", "grau_risco": "Alto", "distancia_km": 1.06, "chuva_24h": 0.0, "chuva_72h": 0.0, "fonte_estacao": "openmeteo", "codigo_estacao": "openmeteo", "nome_estacao": "Open-Meteo (célula de grade)" }, "geometry": { "type": "Polygon", "coordinates": [ [ [ -56.020199477999945, -15.953323938500729 ], [ -56.020264280999974, -15.953212528500682 ], [ -56.020382774, -15.953158414500718 ], [ -56.020596566999984, -15.95306613650072 ], [ -56.020760561999964, -15.953074548500711 ], [ -56.020623732999979, -15.953200042500741 ], [ -56.020442554999931, -15.953299277500726 ], [ -56.02023166999998, -15.95339749150072 ], [ -56.020199477999945, -15.953323938500729 ] ] ] } },
{ "type": "Feature", "properties": { "num_setor": "MT_SANTOAN1_SR_8_CPRM", "munic": "SANTO ANTÔNIO DO LEVERGER", "grau_risco": "Alto", "distancia_km": 1.2, "chuva_24h": 0.0, "chuva_72h": 0.0, "fonte_estacao": "openmeteo", "codigo_estacao": "openmeteo", "nome_estacao": "Open-Meteo (célula de grade)" }, "geometry": { "type": "Polygon", "coordinates": [ [ [ -56.029440698999963, -15.968855901500296 ], [ -56.029217071999938, -15.968735378500272 ], [ -56.029184974999957, -15.968718078500256 ], [ -56.028730049999979, -15.968429664500302 ], [ -56.028394848999945, -15.9681174935003 ], [ -56.027564841999947, -15.967548117500334 ], [ -56.026689460999933, -15.966898244500358 ], [ -56.026235928999938, -15.966462783500315 ], [ -56.025547400999976, -15.965849020500356 ], [ -56.024900776999971, -15.965210966500388 ], [ -56.024325035999937, -15.964782539500371 ], [ -56.024228811999926, -15.964490624500387 ], [ -56.023578795999981, -15.963808911500399 ], [ -56.023339988999965, -15.963654980500399 ], [ -56.02271342399996, -15.962776688500448 ], [ -56.022415898999952, -15.96248661750046 ], [ -56.02176760499998, -15.961983728500453 ], [ -56.021546157999978, -15.961733538500484 ], [ -56.02169543399998, -15.961479822500459 ], [ -56.024491177999948, -15.96449058750038 ], [ -56.025379409999971, -15.965318999500393 ], [ -56.026202194999939, -15.966281093500344 ], [ -56.027072821999987, -15.967082570500301 ], [ -56.027778282999975, -15.967529348500328 ], [ -56.028695062999986, -15.968153453500291 ], [ -56.029226582999968, -15.968491240500313 ], [ -56.029692047999959, -15.968915767500251 ], [ -56.029440698999963, -15.968855901500296 ] ] ] } },
{ "type": "Feature", "properties": { "num_setor": "MT_SANTOAN1_SR_5_CPRM", "munic": "SANTO ANTÔNIO DO LEVERGER", "grau_risco": "Alto", "distancia_km": 1.66, "chuva_24h": 0.0, "chuva_72h": 0.0, "fonte_estacao": "openmeteo", "codigo_estacao": "openmeteo", "nome_estacao": "Open-Meteo (célula de grade)" }, "geometry": { "type": "Polygon", "coordinates": [ [ [ -55.923678850999977, -15.989177438499697 ], [ -55.924383276999947, -15.988109540499758 ], [ -55.924499498999978, -15.987779714499721 ], [ -55.924790624999957, -15.987283017499779 ], [ -55.924773772999977, -15.987185862499784 ], [ -55.925878754999985, -15.98622004849978 ], [ -55.926053829999944, -15.986569788499756 ], [ -55.925490565999951, -15.987093903499765 ], [ -55.924936524999964, -15.987606140499757 ], [ -55.924624556999959, -15.988047983499719 ], [ -55.924166523999979, -15.98867751149975 ], [ -55.923884414999982, -15.989131365499738 ], [ -55.923657231999982, -15.989480162499687 ], [ -55.923460463999959, -15.989682851499671 ], [ -55.92316006599998, -15.990040574499696 ], [ -55.923073526999985, -15.990110468499674 ], [ -55.922922532999955, -15.990000081499673 ], [ -55.922869985999959, -15.989939318499705 ], [ -55.923039149999966, -15.989789445499715 ], [ -55.923153802999934, -15.98987574049967 ], [ -55.923678850999977, -15.989177438499697 ] ] ] } },
{ "type": "Feature", "properties": { "num_setor": "MT_SANTOAN1_SR_6_CPRM", "munic": "SANTO ANTÔNIO DO LEVERGER", "grau_risco": "Muito alto", "distancia_km": 1.06, "chuva_24h": 0.0, "chuva_72h": 0.0, "fonte_estacao": "openmeteo", "codigo_estacao": "openmeteo", "nome_estacao": "Open-Meteo (célula de grade)" }, "geometry": { "type": "Polygon", "coordinates": [ [ [ -56.011500544999933, -15.924024147501521 ], [ -56.011378505999978, -15.923828593501508 ], [ -56.011134431999949, -15.923349397501569 ], [ -56.010859754999956, -15.922860293501582 ], [ -56.010717314999965, -15.922566768501575 ], [ -56.010605390999956, -15.922312342501561 ], [ -56.01047309799997, -15.922008944501592 ], [ -56.010371349999957, -15.921656546501577 ], [ -56.01027978999997, -15.921215952501603 ], [ -56.010239115999973, -15.920902578501638 ], [ -56.010157684999967, -15.920589149501632 ], [ -56.010106808999979, -15.920256071501649 ], [ -56.010015168999985, -15.91990333550164 ], [ -56.01001523399998, -15.919511325501665 ], [ -56.010015295999949, -15.919138837501697 ], [ -56.010117366999964, -15.918344592501706 ], [ -56.01022953599994, -15.918187663501707 ], [ -56.010362242999982, -15.917500936501698 ], [ -56.010749772999986, -15.917314490501715 ], [ -56.010484454999983, -15.917991481501677 ], [ -56.010402787999958, -15.918383820501694 ], [ -56.010351747999948, -15.918658409501706 ], [ -56.010259775999948, -15.919668138501658 ], [ -56.010331004999955, -15.920079711501646 ], [ -56.010463256999969, -15.920804636501607 ], [ -56.010554810999963, -15.921225744501614 ], [ -56.01068703399995, -15.921793596501617 ], [ -56.010880314999952, -15.922361272501595 ], [ -56.011277057999962, -15.923143988501586 ], [ -56.011521215999949, -15.923466761501563 ], [ -56.011673820999931, -15.92362323650155 ], [ -56.011806073999928, -15.923750363501526 ], [ -56.011642996999967, -15.924102364501531 ], [ -56.011500544999933, -15.924024147501521 ] ] ] } },
{ "type": "Feature", "properties": { "num_setor": "MT_VARZEAG_SR_10_CPRM", "munic": "VÁRZEA GRANDE", "grau_risco": "Alto", "distancia_km": 0.82, "chuva_24h": 0.0, "chuva_72h": 0.0, "fonte_estacao": "openmeteo", "codigo_estacao": "openmeteo", "nome_estacao": "Open-Meteo (célula de grade)" }, "geometry": { "type": "Polygon", "coordinates": [ [ [ -56.102066372999957, -15.65481587050912 ], [ -56.102139631999925, -15.654608290509071 ], [ -56.102323635999937, -15.654317731509128 ], [ -56.102304078999964, -15.654031346509099 ], [ -56.101920677999942, -15.653626838509135 ], [ -56.101691467999956, -15.653427998509152 ], [ -56.101413931999957, -15.653345005509117 ], [ -56.100782974999959, -15.653344652509155 ], [ -56.099899389999962, -15.653310141509133 ], [ -56.099849118999941, -15.653012892509167 ], [ -56.100541710999956, -15.652953920509145 ], [ -56.101493213999959, -15.652929704509154 ], [ -56.101797731999966, -15.653070290509136 ], [ -56.10200801499996, -15.653228693509133 ], [ -56.102257182999949, -15.653405004509144 ], [ -56.102522186999977, -15.653624254509126 ], [ -56.102668894999965, -15.653806266509095 ], [ -56.102671836999946, -15.654052970509097 ], [ -56.102535515999932, -15.654244980509125 ], [ -56.102467314999956, -15.654423056509117 ], [ -56.10257835699997, -15.654581979509077 ], [ -56.102851751999943, -15.654649731509071 ], [ -56.103236226999968, -15.654848094509113 ], [ -56.103154522999944, -15.654998552509065 ], [ -56.102982087, -15.654981969509063 ], [ -56.102853086999971, -15.654901782509096 ], [ -56.102692882999975, -15.654873414509074 ], [ -56.102591725999957, -15.654849269509072 ], [ -56.10253040799995, -15.655062819509087 ], [ -56.102338977999977, -15.655231507509052 ], [ -56.102261667999983, -15.655106634509107 ], [ -56.102190816999958, -15.654962651509065 ], [ -56.102024625999945, -15.655007646509061 ], [ -56.101800249999933, -15.654994864509066 ], [ -56.101473517999978, -15.65500204950909 ], [ -56.101158192999947, -15.655021406509066 ], [ -56.100857780999945, -15.654972263509105 ], [ -56.100549793999967, -15.654980813509081 ], [ -56.100387543999943, -15.654982277509109 ], [ -56.100075451999935, -15.655006786509063 ], [ -56.100056493999944, -15.654868160509098 ], [ -56.100148830999956, -15.654756467509097 ], [ -56.100265904999958, -15.654625328509084 ], [ -56.100501866999934, -15.654641036509116 ], [ -56.100706360999936, -15.654739994509073 ], [ -56.101030268999978, -15.654883654509073 ], [ -56.101464834999945, -15.65487369650911 ], [ -56.101951831999941, -15.654920291509061 ], [ -56.102066372999957, -15.65481587050912 ] ] ] } },
{ "type": "Feature", "properties": { "num_setor": "MT_SANTOAN1_SR_9_CPRM", "munic": "SANTO ANTÔNIO DO LEVERGER", "grau_risco": "Alto", "distancia_km": 0.83, "chuva_24h": 0.0, "chuva_72h": 0.0, "fonte_estacao": "openmeteo", "codigo_estacao": "openmeteo", "nome_estacao": "Open-Meteo (célula de grade)" }, "geometry": { "type": "Polygon", "coordinates": [ [ [ -56.081196537999972, -15.862219789503238 ], [ -56.081217620999951, -15.862098099503283 ], [ -56.081233881999935, -15.861964252503254 ], [ -56.081279785999982, -15.861908134503274 ], [ -56.081307445999983, -15.861641690503252 ], [ -56.081402416999936, -15.861364838503308 ], [ -56.081448687999966, -15.861083091503284 ], [ -56.081554035999943, -15.860760089503282 ], [ -56.081605838999955, -15.860741947503294 ], [ -56.081713656999966, -15.860735880503334 ], [ -56.081930144999944, -15.860711625503304 ], [ -56.082051005999965, -15.860681279503288 ], [ -56.082215800999961, -15.860675179503282 ], [ -56.082440129999952, -15.860632573503318 ], [ -56.082584980999968, -15.860595973503326 ], [ -56.08273480999997, -15.860571517503324 ], [ -56.082782305999956, -15.860614236503295 ], [ -56.082769290999977, -15.860699357503327 ], [ -56.082658143999936, -15.860741769503298 ], [ -56.082327366999948, -15.860778075503324 ], [ -56.082154575999937, -15.860826310503329 ], [ -56.082029666999972, -15.860838360503287 ], [ -56.081905211999981, -15.860844391503292 ], [ -56.081659566999967, -15.860904421503319 ], [ -56.081615888999984, -15.860988038503288 ], [ -56.081595037999932, -15.86117753350331 ], [ -56.081524356999978, -15.861480757503292 ], [ -56.081439804999938, -15.861868712503295 ], [ -56.081379378999941, -15.862236281503279 ], [ -56.081196537999972, -15.862219789503238 ] ] ] } },
{ "type": "Feature", "properties": { "num_setor": "MT_SANTOAN1_SR_11_CPRM", "munic": "SANTO ANTÔNIO DO LEVERGER", "grau_risco": "Alto", "distancia_km": 0.27, "chuva_24h": 0.0, "chuva_72h": 0.0, "fonte_estacao": "openmeteo", "codigo_estacao": "openmeteo", "nome_estacao": "Open-Meteo (célula de grade)" }, "geometry": { "type": "Polygon", "coordinates": [ [ [ -56.049950739999986, -15.943273531501013 ], [ -56.049719642999946, -15.942903663501015 ], [ -56.049416329999985, -15.942394781501019 ], [ -56.049117412999976, -15.941923047501062 ], [ -56.048943637999969, -15.941808398501044 ], [ -56.04856121499995, -15.941619220501023 ], [ -56.04832294899996, -15.941449402501068 ], [ -56.048238237999954, -15.941331732501064 ], [ -56.048308925999947, -15.941267229501028 ], [ -56.048838164999957, -15.941545109501023 ], [ -56.049128128999939, -15.941724551501064 ], [ -56.049253250999989, -15.941860595501042 ], [ -56.049529350999933, -15.942201422501039 ], [ -56.049900308999952, -15.942824789501028 ], [ -56.050121106999939, -15.943196302501018 ], [ -56.050387083999965, -15.943767286500979 ], [ -56.050243859999966, -15.943851337500968 ], [ -56.049950739999986, -15.943273531501013 ] ] ] } },
{ "type": "Feature", "properties": { "num_setor": "MT_VARZEAG_SR_1_CPRM", "munic": "VÁRZEA GRANDE", "grau_risco": "Alto", "distancia_km": 0.62, "chuva_24h": 0.0, "chuva_72h": 0.0, "fonte_estacao": "openmeteo", "codigo_estacao": "openmeteo", "nome_estacao": "Open-Meteo (célula de grade)" }, "geometry": { "type": "Polygon", "coordinates": [ [ [ -56.160210880999962, -15.650757396509199 ], [ -56.160220706999951, -15.650472310509191 ], [ -56.160405556999933, -15.649954212509208 ], [ -56.16059353299994, -15.649798156509236 ], [ -56.160712798999953, -15.649844603509219 ], [ -56.160381466999979, -15.650266833509241 ], [ -56.160392812999987, -15.650558695509215 ], [ -56.160344798999972, -15.650712516509181 ], [ -56.160432666999952, -15.650894934509187 ], [ -56.160494233999941, -15.651018560509177 ], [ -56.160500259999935, -15.651086040509172 ], [ -56.160252312999951, -15.651088853509206 ], [ -56.160210880999962, -15.650757396509199 ] ] ] } },
{ "type": "Feature", "properties": { "num_setor": "MT_SANTOAN1_SR_1_CPRM", "munic": "SANTO ANTÔNIO DO LEVERGER", "grau_risco": "Alto", "distancia_km": 1.25, "chuva_24h": 0.0, "chuva_72h": 0.0, "fonte_estacao": "openmeteo", "codigo_estacao": "openmeteo", "nome_estacao": "Open-Meteo (célula de grade)" }, "geometry": { "type": "Polygon", "coordinates": [ [ [ -56.082487846999989, -15.862134486503251 ], [ -56.084227436999981, -15.862171427503261 ], [ -56.084800039999948, -15.862171297503274 ], [ -56.086443715999962, -15.862344555503284 ], [ -56.086994722999975, -15.862591225503248 ], [ -56.086254849999932, -15.862800055503264 ], [ -56.085527275999937, -15.863044340503263 ], [ -56.085202316999975, -15.862616275503225 ], [ -56.084629290999942, -15.862665567503255 ], [ -56.084322291999968, -15.862394541503248 ], [ -56.083754670999951, -15.862530438503246 ], [ -56.084962885999978, -15.865246943503198 ], [ -56.085046894999948, -15.865465249503156 ], [ -56.084608723999963, -15.86562545650318 ], [ -56.084410756999944, -15.865258591503201 ], [ -56.084579366999947, -15.864795109503174 ], [ -56.083565639999961, -15.862579741503275 ], [ -56.083635422999983, -15.862382329503244 ], [ -56.083163256999967, -15.86249358250325 ], [ -56.083152103999964, -15.86270272250322 ], [ -56.082833154999953, -15.862813080503248 ], [ -56.083238588999961, -15.864078167503189 ], [ -56.082920597999987, -15.864267605503198 ], [ -56.082516878999975, -15.863636973503242 ], [ -56.082657489999974, -15.863093629503263 ], [ -56.082116984999971, -15.863311935503221 ], [ -56.081930903999933, -15.863057295503255 ], [ -56.08163032799996, -15.863057353503265 ], [ -56.081539519999978, -15.863348301503239 ], [ -56.081690840999954, -15.86362514450323 ], [ -56.081373896999935, -15.864197005503177 ], [ -56.081128625999959, -15.864397640503228 ], [ -56.080879953999954, -15.864772568503197 ], [ -56.080558612999937, -15.864970367503174 ], [ -56.080334038999979, -15.866046392503179 ], [ -56.080218917999957, -15.866249156503173 ], [ -56.080115393999961, -15.867726303503128 ], [ -56.080220949999955, -15.867909721503123 ], [ -56.080055482999967, -15.868049441503116 ], [ -56.079713502999937, -15.867607216503094 ], [ -56.078939817999981, -15.866917725503113 ], [ -56.078650748999962, -15.867001509503144 ], [ -56.078213494999943, -15.867017124503137 ], [ -56.077334371999939, -15.867072313503094 ], [ -56.076481530999963, -15.867680680503122 ], [ -56.076525059999938, -15.868097917503075 ], [ -56.075619515999961, -15.86841317550307 ], [ -56.076726024999971, -15.870148178503042 ], [ -56.077056324999944, -15.869997548503036 ], [ -56.077374847, -15.86989304450306 ], [ -56.077787656999938, -15.869474587503049 ], [ -56.078189225999949, -15.869202746503086 ], [ -56.078287406999948, -15.869392536503062 ], [ -56.077867965999985, -15.869779919503026 ], [ -56.077547159999945, -15.870038938503011 ], [ -56.076434771999971, -15.870631138503024 ], [ -56.075862436999948, -15.87075125850304 ], [ -56.074841291999981, -15.871049790503024 ], [ -56.073726481999984, -15.871198207503006 ], [ -56.073661083999987, -15.871580961502985 ], [ -56.073234944999967, -15.871522410502992 ], [ -56.072454180999948, -15.871717599503004 ], [ -56.070306467999949, -15.872229875502976 ], [ -56.070065728999964, -15.872459381502946 ], [ -56.06981542799997, -15.872535589502942 ], [ -56.069409008999969, -15.87230667250299 ], [ -56.069449872999932, -15.87217242150299 ], [ -56.070180027999982, -15.872181907502995 ], [ -56.072271301999933, -15.871532354502984 ], [ -56.072813629999985, -15.871306721502975 ], [ -56.073437401999961, -15.871306615503025 ], [ -56.073543500999961, -15.870410563503018 ], [ -56.073649475999957, -15.869903255503026 ], [ -56.073771380999972, -15.86960582950306 ], [ -56.073769569999975, -15.869502727503038 ], [ -56.073306073999959, -15.869718990503054 ], [ -56.073034443999973, -15.869882919503048 ], [ -56.072930561999954, -15.869701186503073 ], [ -56.072446033999938, -15.869942026503077 ], [ -56.071633022999947, -15.870202195503065 ], [ -56.071096521999948, -15.870361831503041 ], [ -56.071022249999942, -15.870242412503051 ], [ -56.07326822899995, -15.86947182350306 ], [ -56.073944174999959, -15.869077012503098 ], [ -56.074084945999978, -15.869191670503072 ], [ -56.073993989999963, -15.869554277503063 ], [ -56.073918656999979, -15.870178002503064 ], [ -56.073863508999978, -15.870671596503026 ], [ -56.073823792999967, -15.870801460502991 ], [ -56.075017005999939, -15.870741373503044 ], [ -56.076120400999969, -15.870490639503037 ], [ -56.076598675999946, -15.870228193503022 ], [ -56.074951643999945, -15.867952211503125 ], [ -56.074981677999965, -15.867826103503111 ], [ -56.07580091199997, -15.867824271503103 ], [ -56.076164025999958, -15.867629517503103 ], [ -56.07611643599995, -15.867226208503135 ], [ -56.076143360999936, -15.86706149450314 ], [ -56.076388218999966, -15.866818615503107 ], [ -56.076565820999974, -15.866496154503123 ], [ -56.076497892999953, -15.866173961503145 ], [ -56.076246181999977, -15.865899985503136 ], [ -56.075980480999938, -15.865661270503178 ], [ -56.076113156999952, -15.865615610503164 ], [ -56.076502136999977, -15.865496988503168 ], [ -56.07670741099998, -15.865638352503161 ], [ -56.076947794999974, -15.865843169503155 ], [ -56.077129658999986, -15.865979120503157 ], [ -56.077288155999952, -15.866092056503152 ], [ -56.077224868999963, -15.86624966650318 ], [ -56.07693803799998, -15.866328274503143 ], [ -56.076817177999949, -15.866373114503125 ], [ -56.07659814699997, -15.866109400503159 ], [ -56.076412176999952, -15.865838930503132 ], [ -56.076272494999955, -15.865685922503156 ], [ -56.076170410999971, -15.865746771503179 ], [ -56.076407392999954, -15.866023704503174 ], [ -56.076614864999954, -15.866244687503132 ], [ -56.076866957999989, -15.86652798950314 ], [ -56.077607847999957, -15.866114015503126 ], [ -56.078033019999964, -15.865826218503129 ], [ -56.078121272999965, -15.865961588503142 ], [ -56.077996614999968, -15.866083613503127 ], [ -56.077402198999948, -15.866473328503151 ], [ -56.077473623999936, -15.866579387503121 ], [ -56.077532434999966, -15.86664381750313 ], [ -56.077597709999964, -15.86669645150312 ], [ -56.077764560999981, -15.866800733503155 ], [ -56.077982821999967, -15.866915858503139 ], [ -56.078200420999963, -15.866921555503142 ], [ -56.078319007999937, -15.866884681503157 ], [ -56.078659252999955, -15.866540449503143 ], [ -56.07939653599994, -15.866928662503136 ], [ -56.079649952999944, -15.867302206503133 ], [ -56.080006202999982, -15.867628854503122 ], [ -56.079848040999934, -15.866383779503174 ], [ -56.080378527999983, -15.864900695503181 ], [ -56.080947908999974, -15.863263742503227 ], [ -56.081645286999958, -15.862469164503237 ], [ -56.082487846999989, -15.862134486503251 ] ] ] } },
{ "type": "Feature", "properties": { "num_setor": "MT_SANTOAN1_SR_10_CPRM", "munic": "SANTO ANTÔNIO DO LEVERGER", "grau_risco": "Alto", "distancia_km": 1.11, "chuva_24h": 0.0, "chuva_72h": 0.0, "fonte_estacao": "openmeteo", "codigo_estacao": "openmeteo", "nome_estacao": "Open-Meteo (célula de grade)" }, "geometry": { "type": "Polygon", "coordinates": [ [ [ -56.069756846999944, -15.863021489503225 ], [ -56.069910661999984, -15.863002519503233 ], [ -56.070113689999978, -15.862978704503215 ], [ -56.07029122299997, -15.862949983503242 ], [ -56.07039829699994, -15.862930743503272 ], [ -56.070384452999974, -15.862882340503221 ], [ -56.070345591999967, -15.862840834503222 ], [ -56.070275106999986, -15.862791571503227 ], [ -56.070206117999987, -15.862746829503227 ], [ -56.070148560999939, -15.862643450503235 ], [ -56.070128640999933, -15.862579392503271 ], [ -56.070286746999955, -15.862501474503224 ], [ -56.070381852999958, -15.862630689503243 ], [ -56.070493634999934, -15.862736819503246 ], [ -56.070548301999963, -15.862818713503247 ], [ -56.070625612999947, -15.862916259503256 ], [ -56.070670788999962, -15.86300960250326 ], [ -56.07063750399994, -15.863049760503232 ], [ -56.070385414999976, -15.863042709503233 ], [ -56.070185446999972, -15.86305213450326 ], [ -56.070104277999974, -15.863052138503214 ], [ -56.069887290999979, -15.863066237503215 ], [ -56.069613957999941, -15.863131483503235 ], [ -56.069756846999944, -15.863021489503225 ] ] ] } },
{ "type": "Feature", "properties": { "num_setor": "MT_VARZEAG_SR_2_CPRM", "munic": "VÁRZEA GRANDE", "grau_risco": "Alto", "distancia_km": 0.54, "chuva_24h": 0.0, "chuva_72h": 0.0, "fonte_estacao": "openmeteo", "codigo_estacao": "openmeteo", "nome_estacao": "Open-Meteo (célula de grade)" }, "geometry": { "type": "Polygon", "coordinates": [ [ [ -56.161622679999937, -15.651424838509191 ], [ -56.161371336999935, -15.651326415509194 ], [ -56.161473944999955, -15.6512101265092 ], [ -56.161918656999944, -15.651349694509198 ], [ -56.161871272999967, -15.651474712509206 ], [ -56.161622679999937, -15.651424838509191 ] ] ] } },
{ "type": "Feature", "properties": { "num_setor": "MT_SANTOAN1_SR_4_CPRM", "munic": "SANTO ANTÔNIO DO LEVERGER", "grau_risco": "Alto", "distancia_km": 1.27, "chuva_24h": 0.0, "chuva_72h": 0.0, "fonte_estacao": "openmeteo", "codigo_estacao": "openmeteo", "nome_estacao": "Open-Meteo (célula de grade)" }, "geometry": { "type": "Polygon", "coordinates": [ [ [ -55.92372775299998, -15.983553839499875 ], [ -55.923527644999979, -15.983413507499872 ], [ -55.923289878999988, -15.98327100249989 ], [ -55.923110141999985, -15.983170762499896 ], [ -55.92284509399996, -15.983071138499875 ], [ -55.922676419999959, -15.983056750499861 ], [ -55.922565676999973, -15.982941130499897 ], [ -55.92297320199998, -15.982533603499908 ], [ -55.923119164999946, -15.982284802499924 ], [ -55.923031922999947, -15.982107442499908 ], [ -55.923030091999976, -15.981779459499885 ], [ -55.923167133999982, -15.981537086499905 ], [ -55.923495885999955, -15.98131997849995 ], [ -55.923355361999938, -15.981675518499927 ], [ -55.923304470999945, -15.982036599499903 ], [ -55.923425690999977, -15.982536871499905 ], [ -55.923714655999959, -15.982843089499898 ], [ -55.923988011999931, -15.98307230849989 ], [ -55.92462947599995, -15.983526633499844 ], [ -55.924737466999943, -15.98366038149989 ], [ -55.92461938699995, -15.984245982499825 ], [ -55.924739514999942, -15.984656423499858 ], [ -55.924801457999934, -15.985048675499835 ], [ -55.92522487399998, -15.985362037499803 ], [ -55.925760185999934, -15.985371424499847 ], [ -55.925949238999976, -15.985519904499789 ], [ -55.925852102999954, -15.985620511499826 ], [ -55.925511365999967, -15.985526453499823 ], [ -55.925344008999964, -15.985515575499811 ], [ -55.925186696999958, -15.985690629499814 ], [ -55.924957920999987, -15.985830615499776 ], [ -55.924775112999953, -15.985540808499785 ], [ -55.924451846999951, -15.985293447499791 ], [ -55.924197595999942, -15.984817349499837 ], [ -55.924269889999948, -15.984341696499822 ], [ -55.92422539599994, -15.984288590499823 ], [ -55.923850508999983, -15.983938073499887 ], [ -55.923832251999954, -15.983665163499854 ], [ -55.923195138999965, -15.984066142499858 ], [ -55.923090466999952, -15.984133103499863 ], [ -55.922830975999943, -15.98385274949983 ], [ -55.923017849999951, -15.98371474149987 ], [ -55.923265389999983, -15.983810372499828 ], [ -55.92372775299998, -15.983553839499875 ] ] ] } },
{ "type": "Feature", "properties": { "num_setor": "MT_SANTOAN1_SR_2_CPRM", "munic": "SANTO ANTÔNIO DO LEVERGER", "grau_risco": "Muito alto", "distancia_km": 1.29, "chuva_24h": 0.0, "chuva_72h": 0.0, "fonte_estacao": "openmeteo", "codigo_estacao": "openmeteo", "nome_estacao": "Open-Meteo (célula de grade)" }, "geometry": { "type": "Polygon", "coordinates": [ [ [ -56.042071193999966, -15.909209528501943 ], [ -56.043444987, -15.908050331501977 ], [ -56.043199043999941, -15.908739961501972 ], [ -56.042601353999942, -15.909396602501936 ], [ -56.042450788999986, -15.910300829501885 ], [ -56.042140091999954, -15.910698823501894 ], [ -56.041775853999987, -15.910710536501886 ], [ -56.041754708999974, -15.910523366501897 ], [ -56.042199456999988, -15.910089833501928 ], [ -56.042182849999961, -15.909655392501961 ], [ -56.042087780999964, -15.909526058501964 ], [ -56.041436050999948, -15.90994908250193 ], [ -56.041007938999932, -15.910125086501896 ], [ -56.041029450999986, -15.910312628501934 ], [ -56.040369677999934, -15.910605347501882 ], [ -56.039906195999954, -15.910792465501917 ], [ -56.039835498999935, -15.910617072501919 ], [ -56.039054066999938, -15.911084488501901 ], [ -56.038495619999935, -15.911177855501874 ], [ -56.03748810999997, -15.911434367501895 ], [ -56.037027157999944, -15.911574139501898 ], [ -56.036215353999985, -15.911771987501869 ], [ -56.035561593999944, -15.911969631501885 ], [ -56.035114012999934, -15.912132247501889 ], [ -56.034473576999972, -15.912410709501859 ], [ -56.033833580999946, -15.912538211501857 ], [ -56.033121539999968, -15.912665633501842 ], [ -56.032638473999945, -15.912654057501831 ], [ -56.03199857, -15.912665642501862 ], [ -56.031563968999933, -15.912677222501838 ], [ -56.031057975999943, -15.912792978501852 ], [ -56.030768387999956, -15.912804549501871 ], [ -56.03030982699994, -15.912816120501827 ], [ -56.029935634999951, -15.912816121501878 ], [ -56.029585114, -15.912781404501866 ], [ -56.029028077999953, -15.912665639501842 ], [ -56.028668199999963, -15.912816115501816 ], [ -56.02827044299994, -15.912850821501832 ], [ -56.027883379999935, -15.912804535501849 ], [ -56.027398980999976, -15.912723513501826 ], [ -56.027109433999946, -15.912735086501835 ], [ -56.026783680999984, -15.912746655501858 ], [ -56.026395587999957, -15.912665609501865 ], [ -56.026092914999936, -15.912630861501851 ], [ -56.025848989999986, -15.912526594501877 ], [ -56.025412710999944, -15.912468636501858 ], [ -56.025193812999987, -15.912410668501842 ], [ -56.025287390999949, -15.912283090501857 ], [ -56.025991344999966, -15.912410685501827 ], [ -56.026439431999961, -15.912457067501874 ], [ -56.027032148999979, -15.912491849501876 ], [ -56.027490572999959, -15.912457084501865 ], [ -56.027840117999972, -15.912410717501833 ], [ -56.028190927999958, -15.912433908501855 ], [ -56.029769034999958, -15.91243930550185 ], [ -56.031507035999937, -15.912535676501841 ], [ -56.032167547999961, -15.912417067501865 ], [ -56.033020623999967, -15.912311752501827 ], [ -56.033723197999961, -15.912205949501836 ], [ -56.035416161999933, -15.911652452501855 ], [ -56.037336559999972, -15.911127813501885 ], [ -56.038466635999953, -15.91086086050189 ], [ -56.039890278999962, -15.910210777501931 ], [ -56.041045530999959, -15.909733691501959 ], [ -56.042071193999966, -15.909209528501943 ] ] ] } },
{ "type": "Feature", "properties": { "num_setor": "MT_SANTOAN1_SR_3_CPRM", "munic": "SANTO ANTÔNIO DO LEVERGER", "grau_risco": "Muito alto", "distancia_km": 1.07, "chuva_24h": 0.0, "chuva_72h": 0.0, "fonte_estacao": "openmeteo", "codigo_estacao": "openmeteo", "nome_estacao": "Open-Meteo (célula de grade)" }, "geometry": { "type": "Polygon", "coordinates": [ [ [ -56.044238969999981, -15.951620261500754 ], [ -56.044578695999974, -15.950743673500797 ], [ -56.045187278999947, -15.950171330500828 ], [ -56.045784344999959, -15.949506013500812 ], [ -56.046296795999979, -15.948581690500845 ], [ -56.046710079999968, -15.947445450500885 ], [ -56.046971207999952, -15.946830727500886 ], [ -56.046743808999963, -15.945794267500888 ], [ -56.047369990999982, -15.945451701500939 ], [ -56.047560901999987, -15.946958867500905 ], [ -56.047107647999951, -15.947171934500908 ], [ -56.047150307999971, -15.947486764500873 ], [ -56.046847309999976, -15.948561503500835 ], [ -56.046554208999964, -15.949259484500843 ], [ -56.045917641999942, -15.949524690500827 ], [ -56.045255468999976, -15.950441525500796 ], [ -56.04542946599998, -15.950987785500756 ], [ -56.045200309999984, -15.951263762500748 ], [ -56.044767473999968, -15.951720247500758 ], [ -56.044305674999976, -15.952230470500737 ], [ -56.04414597799996, -15.952002114500766 ], [ -56.044079058999955, -15.951803983500776 ], [ -56.043831498999971, -15.951920035500724 ], [ -56.043574781999951, -15.952198539500717 ], [ -56.043964930999948, -15.952663203500741 ], [ -56.043741405999988, -15.952836559500746 ], [ -56.043406700999988, -15.953116553500729 ], [ -56.043088812999947, -15.953407254500704 ], [ -56.042745031999971, -15.953722938500681 ], [ -56.042623207999952, -15.953618517500672 ], [ -56.04238776699998, -15.953543637500681 ], [ -56.041965568999956, -15.953782890500694 ], [ -56.041457051999942, -15.954135492500695 ], [ -56.04135148599994, -15.953694075500726 ], [ -56.040856302999941, -15.953945983500715 ], [ -56.041072558999979, -15.954395186500655 ], [ -56.040914434999934, -15.954537702500687 ], [ -56.040437491999967, -15.954735358500644 ], [ -56.040205259999937, -15.954237668500685 ], [ -56.039636035999933, -15.954424675500702 ], [ -56.039680469999951, -15.954889254500673 ], [ -56.03973506899996, -15.955109860500693 ], [ -56.039577184999985, -15.955150997500674 ], [ -56.039449515999934, -15.955096330500639 ], [ -56.039250311999979, -15.954833892500666 ], [ -56.039006721999954, -15.954623760500661 ], [ -56.038645942999949, -15.954903761500667 ], [ -56.038318938999964, -15.954876191500691 ], [ -56.037938951999934, -15.954848605500642 ], [ -56.037374019999959, -15.954793172500645 ], [ -56.036823091999963, -15.954807451500669 ], [ -56.036041691999969, -15.954695899500651 ], [ -56.035559991999946, -15.954597545500667 ], [ -56.035194647999958, -15.954498535500681 ], [ -56.034635278999978, -15.954470391500687 ], [ -56.034204307999971, -15.954413571500691 ], [ -56.033707184999976, -15.954470898500666 ], [ -56.033228505999944, -15.954371177500695 ], [ -56.03279154799997, -15.954299629500712 ], [ -56.032303465, -15.954097251500666 ], [ -56.031941643999971, -15.95387759550067 ], [ -56.031622157999948, -15.953759333500672 ], [ -56.031054629999979, -15.95370010150072 ], [ -56.031071905999966, -15.953520264500703 ], [ -56.031841067999949, -15.953549968500687 ], [ -56.032091221999963, -15.953654783500728 ], [ -56.033125610999946, -15.954125913500711 ], [ -56.033716919999954, -15.954140123500665 ], [ -56.034406224999948, -15.954197741500694 ], [ -56.03467356699997, -15.95419759250068 ], [ -56.035508121999953, -15.954441398500688 ], [ -56.036587622999946, -15.954540335500702 ], [ -56.038201675999971, -15.954610133500672 ], [ -56.039015046999964, -15.954310446500683 ], [ -56.040182013999974, -15.953961100500692 ], [ -56.041124295999971, -15.953499300500717 ], [ -56.041409415999958, -15.953514185500701 ], [ -56.042037192999942, -15.953148303500717 ], [ -56.042645626999956, -15.952376996500716 ], [ -56.043496316999949, -15.951870710500764 ], [ -56.044238969999981, -15.951620261500754 ] ] ] } },
{ "type": "Feature", "properties": { "num_setor": "MT_NOVAMUT_SR_004_SGB", "munic": "NOVA MUTUM", "grau_risco": "Alto", "distancia_km": 1.17, "chuva_24h": 0.0, "chuva_72h": 0.0, "fonte_estacao": "openmeteo", "codigo_estacao": "openmeteo", "nome_estacao": "Open-Meteo (célula de grade)" }, "geometry": { "type": "Polygon", "coordinates": [ [ [ -56.099068918999933, -13.793255215562528 ], [ -56.099188570999956, -13.793448043562497 ], [ -56.099202414999986, -13.793612194562522 ], [ -56.098829613999953, -13.793770412562484 ], [ -56.098716466999967, -13.793498722562516 ], [ -56.09868919599996, -13.793507375562529 ], [ -56.098763477999974, -13.793852015562491 ], [ -56.09857698899998, -13.793926037562469 ], [ -56.098394345999964, -13.793571304562487 ], [ -56.098265962999967, -13.793626039562472 ], [ -56.098354959999938, -13.793914786562478 ], [ -56.098006601999941, -13.794047732562492 ], [ -56.097960326999953, -13.7939306305625 ], [ -56.098060129999972, -13.793893477562511 ], [ -56.097945055999951, -13.793629141562473 ], [ -56.09822754299995, -13.793544294562492 ], [ -56.098542843999951, -13.793393656562511 ], [ -56.099068918999933, -13.793255215562528 ] ] ] } },
{ "type": "Feature", "properties": { "num_setor": "MT_NOVAMUT_SR_002_SGB", "munic": "NOVA MUTUM", "grau_risco": "Alto", "distancia_km": 1.5, "chuva_24h": 0.0, "chuva_72h": 0.0, "fonte_estacao": "openmeteo", "codigo_estacao": "openmeteo", "nome_estacao": "Open-Meteo (célula de grade)" }, "geometry": { "type": "Polygon", "coordinates": [ [ [ -56.089342472999924, -13.839180929561151 ], [ -56.089396859999972, -13.839300581561172 ], [ -56.089239931999941, -13.839359181561166 ], [ -56.089184254999964, -13.839238283561189 ], [ -56.089275229999934, -13.839204661561144 ], [ -56.089342472999924, -13.839180929561151 ] ] ] } },
{ "type": "Feature", "properties": { "num_setor": "MT_NOVAMUT_SR_001_SGB", "munic": "NOVA MUTUM", "grau_risco": "Alto", "distancia_km": 1.34, "chuva_24h": 0.0, "chuva_72h": 0.0, "fonte_estacao": "openmeteo", "codigo_estacao": "openmeteo", "nome_estacao": "Open-Meteo (célula de grade)" }, "geometry": { "type": "Polygon", "coordinates": [ [ [ -56.088804232999962, -13.843644059561059 ], [ -56.089152610999975, -13.843431057561054 ], [ -56.089342950999935, -13.843431031561048 ], [ -56.089459158999944, -13.843605097561042 ], [ -56.089500690999955, -13.843751448561045 ], [ -56.089574081999956, -13.843752787561037 ], [ -56.089425185999971, -13.843368460561043 ], [ -56.089542093999967, -13.843327936561062 ], [ -56.089738698999952, -13.843810017561015 ], [ -56.089623309999979, -13.843911644561011 ], [ -56.089589687999933, -13.844024374561011 ], [ -56.089459158999944, -13.844073817561039 ], [ -56.089465619999942, -13.844359252560999 ], [ -56.089140823999969, -13.844449867561016 ], [ -56.089033947999958, -13.844283456561023 ], [ -56.088869796999973, -13.843893845561031 ], [ -56.088804232999962, -13.843644059561059 ] ] ] } },
{ "type": "Feature", "properties": { "num_setor": "MT_NOVAMUT_SR_003_SGB", "munic": "NOVA MUTUM", "grau_risco": "Alto", "distancia_km": 2.02, "chuva_24h": 0.0, "chuva_72h": 0.0, "fonte_estacao": "openmeteo", "codigo_estacao": "openmeteo", "nome_estacao": "Open-Meteo (célula de grade)" }, "geometry": { "type": "Polygon", "coordinates": [ [ [ -56.090507351999975, -13.834442302561296 ], [ -56.090436153999981, -13.834210909561319 ], [ -56.090523173999941, -13.833542438561302 ], [ -56.090778299999947, -13.833439597561313 ], [ -56.090815876999955, -13.833540460561299 ], [ -56.091027493999952, -13.833465307561351 ], [ -56.091011671999986, -13.833121183561323 ], [ -56.090956295999945, -13.832759260561369 ], [ -56.090970139999968, -13.832676195561358 ], [ -56.091217354999969, -13.832579287561376 ], [ -56.091533790999961, -13.833380265561326 ], [ -56.091612899999966, -13.833360488561356 ], [ -56.091836382999986, -13.833892495561336 ], [ -56.091300418999936, -13.834106089561331 ], [ -56.090507351999975, -13.834442302561296 ] ] ] } },
{ "type": "Feature", "properties": { "num_setor": "MT_NOBRES_SR_003_SGB", "munic": "NOBRES", "grau_risco": "Alto", "distancia_km": 1.73, "chuva_24h": 0.0, "chuva_72h": 0.0, "fonte_estacao": "openmeteo", "codigo_estacao": "openmeteo", "nome_estacao": "Open-Meteo (célula de grade)" }, "geometry": { "type": "Polygon", "coordinates": [ [ [ -56.326138981999975, -14.721709646535626 ], [ -56.325748813999951, -14.72207233753563 ], [ -56.32548778599994, -14.722415794535612 ], [ -56.325081132999969, -14.722470748535612 ], [ -56.32497946899997, -14.722352598535622 ], [ -56.324826240999982, -14.722432222535586 ], [ -56.324747799999948, -14.722336475535599 ], [ -56.32479537599994, -14.722187739535634 ], [ -56.32521851599995, -14.721998150535633 ], [ -56.325509767999961, -14.721665683535621 ], [ -56.325295449999942, -14.721456861535634 ], [ -56.325586503999943, -14.721169990535628 ], [ -56.326138981999975, -14.721709646535626 ] ] ] } },
{ "type": "Feature", "properties": { "num_setor": "MT_NOBRES_SR_001_SGB", "munic": "NOBRES", "grau_risco": "Alto", "distancia_km": 1.74, "chuva_24h": 0.0, "chuva_72h": 0.0, "fonte_estacao": "openmeteo", "codigo_estacao": "openmeteo", "nome_estacao": "Open-Meteo (célula de grade)" }, "geometry": { "type": "Polygon", "coordinates": [ [ [ -56.328153499999985, -14.709602063535977 ], [ -56.32817911799998, -14.709687264535969 ], [ -56.32789885699998, -14.709813656535934 ], [ -56.327871380999966, -14.709753208535938 ], [ -56.32786521699996, -14.70972087953597 ], [ -56.327846566999931, -14.709642728535954 ], [ -56.327844537999965, -14.709594032535986 ], [ -56.327843428999984, -14.709586711535982 ], [ -56.327798039999948, -14.709491358535983 ], [ -56.327964295999955, -14.709402129535961 ], [ -56.328033129999938, -14.709218986535953 ], [ -56.328170874999955, -14.709356171535971 ], [ -56.328209342999969, -14.709460582535968 ], [ -56.328128286999977, -14.709494928535966 ], [ -56.328133667999964, -14.709552438535946 ], [ -56.328146855999933, -14.709584902535955 ], [ -56.328153499999985, -14.709602063535977 ] ] ] } },
{ "type": "Feature", "properties": { "num_setor": "MT_NOBRES_SR_004_SGB", "munic": "NOBRES", "grau_risco": "Alto", "distancia_km": 1.93, "chuva_24h": 0.0, "chuva_72h": 0.0, "fonte_estacao": "openmeteo", "codigo_estacao": "openmeteo", "nome_estacao": "Open-Meteo (célula de grade)" }, "geometry": { "type": "Polygon", "coordinates": [ [ [ -55.974233065999954, -14.543700847540739 ], [ -55.974339484999973, -14.54366739654076 ], [ -55.974319194999964, -14.543624787540718 ], [ -55.974199485999982, -14.543417831540722 ], [ -55.974134557999946, -14.543294063540742 ], [ -55.974141451999969, -14.543264190540734 ], [ -55.974413539999944, -14.543162157540776 ], [ -55.974414975999942, -14.543160176540747 ], [ -55.974581331999957, -14.543087142540776 ], [ -55.974721314999961, -14.543349862540737 ], [ -55.974770003999936, -14.543342762540734 ], [ -55.97479840699998, -14.543421882540738 ], [ -55.974639150999963, -14.543474629540723 ], [ -55.974693926999976, -14.543568965540736 ], [ -55.975284287999955, -14.543439126540735 ], [ -55.975330948999954, -14.543598382540749 ], [ -55.975370088999966, -14.543691568540758 ], [ -55.975213471999943, -14.543757512540726 ], [ -55.975399925999966, -14.544013258540705 ], [ -55.975318775999938, -14.544078177540722 ], [ -55.975233569999943, -14.543954424540754 ], [ -55.975101701999961, -14.544000071540733 ], [ -55.975095886999952, -14.543997533540747 ], [ -55.975051657999984, -14.543945366540715 ], [ -55.975007020999961, -14.543890584540705 ], [ -55.974925860999967, -14.543774932540734 ], [ -55.974913686999969, -14.543760729540757 ], [ -55.974828469999977, -14.543787106540734 ], [ -55.974783831999957, -14.543772903540756 ], [ -55.974747310999987, -14.543718120540715 ], [ -55.974720933999954, -14.543681599540736 ], [ -55.974607310999943, -14.543728265540739 ], [ -55.974625472999954, -14.543886652540733 ], [ -55.974361697999939, -14.543971830540741 ], [ -55.974233065999954, -14.543700847540739 ] ] ] } },
{ "type": "Feature", "properties": { "num_setor": "MT_NOBRES_SR_002_SGB", "munic": "NOBRES", "grau_risco": "Alto", "distancia_km": 1.57, "chuva_24h": 0.0, "chuva_72h": 0.0, "fonte_estacao": "openmeteo", "codigo_estacao": "openmeteo", "nome_estacao": "Open-Meteo (célula de grade)" }, "geometry": { "type": "Polygon", "coordinates": [ [ [ -56.326857221999944, -14.709630968535942 ], [ -56.326866060999976, -14.709634105535962 ], [ -56.326875698999977, -14.709640699535969 ], [ -56.326865553999937, -14.709703090535942 ], [ -56.326860988999954, -14.709725916535962 ], [ -56.326844756999947, -14.709792365535941 ], [ -56.326827898999966, -14.709788993535959 ], [ -56.326690753999969, -14.709752861535964 ], [ -56.32622846299995, -14.709549236535993 ], [ -56.325828495999986, -14.709499050535971 ], [ -56.325735883999982, -14.709349487535953 ], [ -56.325725887999965, -14.709200976535993 ], [ -56.325873156999933, -14.709193016535988 ], [ -56.326228883999939, -14.709314924535958 ], [ -56.326718393999947, -14.709602162535951 ], [ -56.326857221999944, -14.709630968535942 ] ] ] } },
{ "type": "Feature", "properties": { "num_setor": "MT_ARENAPO_SR_001_SGB", "munic": "ARENÁPOLIS", "grau_risco": "Alto", "distancia_km": 1.54, "chuva_24h": 0.0, "chuva_72h": 0.0, "fonte_estacao": "openmeteo", "codigo_estacao": "openmeteo", "nome_estacao": "Open-Meteo (célula de grade)" }, "geometry": { "type": "Polygon", "coordinates": [ [ [ -56.844604436999987, -14.45277199054337 ], [ -56.844732589999978, -14.451962478543397 ], [ -56.845100228999961, -14.452017473543368 ], [ -56.844962673999987, -14.45282028654335 ], [ -56.844604436999987, -14.45277199054337 ] ] ] } },
{ "type": "Feature", "properties": { "num_setor": "MT_ARENAPO_SR_004_SGB", "munic": "ARENÁPOLIS", "grau_risco": "Alto", "distancia_km": 1.49, "chuva_24h": 0.0, "chuva_72h": 0.0, "fonte_estacao": "openmeteo", "codigo_estacao": "openmeteo", "nome_estacao": "Open-Meteo (célula de grade)" }, "geometry": { "type": "Polygon", "coordinates": [ [ [ -56.842693924999928, -14.453113904543343 ], [ -56.842690441999935, -14.453165475543372 ], [ -56.842521563999981, -14.453198451543374 ], [ -56.84253749, -14.453113113543351 ], [ -56.842540897999989, -14.453040902543325 ], [ -56.842580694999981, -14.45303923154337 ], [ -56.842696439999941, -14.453042345543357 ], [ -56.842693924999928, -14.453113904543343 ] ] ] } },
{ "type": "Feature", "properties": { "num_setor": "MT_ARENAPO_SR_002_SGB", "munic": "ARENÁPOLIS", "grau_risco": "Alto", "distancia_km": 1.65, "chuva_24h": 0.0, "chuva_72h": 0.0, "fonte_estacao": "openmeteo", "codigo_estacao": "openmeteo", "nome_estacao": "Open-Meteo (célula de grade)" }, "geometry": { "type": "Polygon", "coordinates": [ [ [ -56.849734604999981, -14.451940295543398 ], [ -56.849709374999975, -14.452050485543392 ], [ -56.849628806999938, -14.452056442543372 ], [ -56.849650603999983, -14.451925805543389 ], [ -56.849660375999967, -14.451862422543394 ], [ -56.849746312999969, -14.451881408543384 ], [ -56.849734604999981, -14.451940295543398 ] ] ] } },
{ "type": "Feature", "properties": { "num_setor": "MT_ARENAPO_SR_003_SGB", "munic": "ARENÁPOLIS", "grau_risco": "Muito alto", "distancia_km": 0.82, "chuva_24h": 0.0, "chuva_72h": 0.0, "fonte_estacao": "openmeteo", "codigo_estacao": "openmeteo", "nome_estacao": "Open-Meteo (célula de grade)" }, "geometry": { "type": "Polygon", "coordinates": [ [ [ -56.838062497999942, -14.464679934543 ], [ -56.83804073999994, -14.464853552543012 ], [ -56.837952601999973, -14.464842464542993 ], [ -56.837959818999934, -14.464674738543033 ], [ -56.837959879999971, -14.464631142543022 ], [ -56.838069799999971, -14.464637137543004 ], [ -56.838062497999942, -14.464679934543 ] ] ] } },
{ "type": "Feature", "properties": { "num_setor": "MT_NOVAXAV_SR_012_SGB", "munic": "NOVA XAVANTINA", "grau_risco": "Alto", "distancia_km": 0.49, "chuva_24h": 0.0, "chuva_72h": 0.0, "fonte_estacao": "openmeteo", "codigo_estacao": "openmeteo", "nome_estacao": "Open-Meteo (célula de grade)" }, "geometry": { "type": "Polygon", "coordinates": [ [ [ -52.358208571999967, -14.671318078537061 ], [ -52.357883177999959, -14.671365704537081 ], [ -52.357363927999984, -14.671344731537076 ], [ -52.356788502999962, -14.671158561537073 ], [ -52.356213701999941, -14.67086520153708 ], [ -52.35595339199994, -14.670714869537056 ], [ -52.356285549999939, -14.66973709353713 ], [ -52.356878227999971, -14.669997365537109 ], [ -52.357303129999934, -14.670148924537116 ], [ -52.357653374999984, -14.670225777537118 ], [ -52.358032935999979, -14.670220635537095 ], [ -52.358208571999967, -14.671318078537061 ] ] ] } },
{ "type": "Feature", "properties": { "num_setor": "MT_NOVAXAV_SR_013_SGB", "munic": "NOVA XAVANTINA", "grau_risco": "Alto", "distancia_km": 1.27, "chuva_24h": 0.0, "chuva_72h": 0.0, "fonte_estacao": "openmeteo", "codigo_estacao": "openmeteo", "nome_estacao": "Open-Meteo (célula de grade)" }, "geometry": { "type": "Polygon", "coordinates": [ [ [ -52.505602769999946, -14.655354936537542 ], [ -52.505342248999973, -14.655354936537542 ], [ -52.505081727999936, -14.655184596537531 ], [ -52.504580726999961, -14.654894015537543 ], [ -52.501995560999944, -14.654833895537541 ], [ -52.501995560999944, -14.654473174537561 ], [ -52.503749064999965, -14.654463154537572 ], [ -52.504841247999934, -14.654603435537537 ], [ -52.505592749999948, -14.65507437653752 ], [ -52.505602769999946, -14.655354936537542 ] ] ] } },
{ "type": "Feature", "properties": { "num_setor": "MT_NOVAXAV_SR_014_SGB", "munic": "NOVA XAVANTINA", "grau_risco": "Alto", "distancia_km": 1.53, "chuva_24h": 0.0, "chuva_72h": 0.0, "fonte_estacao": "openmeteo", "codigo_estacao": "openmeteo", "nome_estacao": "Open-Meteo (célula de grade)" }, "geometry": { "type": "Polygon", "coordinates": [ [ [ -52.509548640999981, -14.329498185546933 ], [ -52.509582224999974, -14.329739524546932 ], [ -52.509344479999982, -14.329730300546883 ], [ -52.50939105499998, -14.329555806546926 ], [ -52.509548640999981, -14.329498185546933 ] ] ] } },
{ "type": "Feature", "properties": { "num_setor": "MT_NOVAXAV_SR_015_SGB", "munic": "NOVA XAVANTINA", "grau_risco": "Alto", "distancia_km": 1.08, "chuva_24h": 0.0, "chuva_72h": 0.0, "fonte_estacao": "openmeteo", "codigo_estacao": "openmeteo", "nome_estacao": "Open-Meteo (célula de grade)" }, "geometry": { "type": "Polygon", "coordinates": [ [ [ -52.344243669999969, -14.677358851536884 ], [ -52.344393577999938, -14.677215130536911 ], [ -52.344431782999948, -14.677248559536892 ], [ -52.34449631599994, -14.677350357536891 ], [ -52.344370700999946, -14.677519727536863 ], [ -52.344317233999959, -14.677500735536888 ], [ -52.344240695999986, -14.677428954536918 ], [ -52.344243669999969, -14.677358851536884 ] ] ] } },
{ "type": "Feature", "properties": { "num_setor": "MT_NOVAXAV_SR_001_SGB", "munic": "NOVA XAVANTINA", "grau_risco": "Muito alto", "distancia_km": 0.25, "chuva_24h": 0.0, "chuva_72h": 0.0, "fonte_estacao": "openmeteo", "codigo_estacao": "openmeteo", "nome_estacao": "Open-Meteo (célula de grade)" }, "geometry": { "type": "Polygon", "coordinates": [ [ [ -52.35574668199996, -14.673418430537007 ], [ -52.355722922999966, -14.673442585537019 ], [ -52.355741138999967, -14.673473472536999 ], [ -52.355671049999955, -14.673521385536999 ], [ -52.355574825999959, -14.673389919537021 ], [ -52.355679364999958, -14.67332656253698 ], [ -52.35574668199996, -14.673418430537007 ] ] ] } },
{ "type": "Feature", "properties": { "num_setor": "MT_NOVAXAV_SR_002_SGB", "munic": "NOVA XAVANTINA", "grau_risco": "Alto", "distancia_km": 2.06, "chuva_24h": 0.0, "chuva_72h": 0.0, "fonte_estacao": "openmeteo", "codigo_estacao": "openmeteo", "nome_estacao": "Open-Meteo (célula de grade)" }, "geometry": { "type": "Polygon", "coordinates": [ [ [ -52.368881324999961, -14.655977676537507 ], [ -52.368891571999932, -14.656005611537497 ], [ -52.368525057999932, -14.6562214835375 ], [ -52.368397632999972, -14.655991661537517 ], [ -52.368779570999948, -14.655800639537494 ], [ -52.368881324999961, -14.655977676537507 ] ] ] } },
{ "type": "Feature", "properties": { "num_setor": "MT_NOVAXAV_SR_003_SGB", "munic": "NOVA XAVANTINA", "grau_risco": "Alto", "distancia_km": 2.13, "chuva_24h": 0.0, "chuva_72h": 0.0, "fonte_estacao": "openmeteo", "codigo_estacao": "openmeteo", "nome_estacao": "Open-Meteo (célula de grade)" }, "geometry": { "type": "Polygon", "coordinates": [ [ [ -52.367088677999959, -14.657340900537458 ], [ -52.367188034999963, -14.65752076953747 ], [ -52.367038282999935, -14.657599184537489 ], [ -52.366983067999961, -14.657478054537464 ], [ -52.367015686999935, -14.657378235537458 ], [ -52.367088677999959, -14.657340900537458 ] ] ] } },
{ "type": "Feature", "properties": { "num_setor": "MT_NOVAXAV_SR_004_SGB", "munic": "NOVA XAVANTINA", "grau_risco": "Muito alto", "distancia_km": 2.19, "chuva_24h": 0.0, "chuva_72h": 0.0, "fonte_estacao": "openmeteo", "codigo_estacao": "openmeteo", "nome_estacao": "Open-Meteo (célula de grade)" }, "geometry": { "type": "Polygon", "coordinates": [ [ [ -52.366971726999971, -14.658041947537438 ], [ -52.367079721999971, -14.658233564537415 ], [ -52.366967049999971, -14.658279789537421 ], [ -52.366959820999959, -14.658503166537413 ], [ -52.366997224999977, -14.658582775537422 ], [ -52.36692179999995, -14.658620192537407 ], [ -52.366888549999942, -14.658550010537414 ], [ -52.366908521999967, -14.65818504153744 ], [ -52.366857540999945, -14.658099115537453 ], [ -52.366971726999971, -14.658041947537438 ] ] ] } },
{ "type": "Feature", "properties": { "num_setor": "MT_NOVAXAV_SR_005_SGB", "munic": "NOVA XAVANTINA", "grau_risco": "Muito alto", "distancia_km": 1.38, "chuva_24h": 0.0, "chuva_72h": 0.0, "fonte_estacao": "openmeteo", "codigo_estacao": "openmeteo", "nome_estacao": "Open-Meteo (célula de grade)" }, "geometry": { "type": "Polygon", "coordinates": [ [ [ -52.358585904999984, -14.662110338537355 ], [ -52.358554745999982, -14.661672180537357 ], [ -52.358988554999947, -14.661623221537331 ], [ -52.35913401199997, -14.661749147537334 ], [ -52.359151965999956, -14.662076448537308 ], [ -52.358585904999984, -14.662110338537355 ] ] ] } },
{ "type": "Feature", "properties": { "num_setor": "MT_NOVAXAV_SR_006_SGB", "munic": "NOVA XAVANTINA", "grau_risco": "Alto", "distancia_km": 0.96, "chuva_24h": 0.0, "chuva_72h": 0.0, "fonte_estacao": "openmeteo", "codigo_estacao": "openmeteo", "nome_estacao": "Open-Meteo (célula de grade)" }, "geometry": { "type": "Polygon", "coordinates": [ [ [ -52.358332322999956, -14.651286403537647 ], [ -52.357567877999948, -14.651207584537637 ], [ -52.357550779999933, -14.650791448537637 ], [ -52.358317328999924, -14.650730959537674 ], [ -52.358332322999956, -14.651286403537647 ] ] ] } },
{ "type": "Feature", "properties": { "num_setor": "MT_NOVAXAV_SR_007_SGB", "munic": "NOVA XAVANTINA", "grau_risco": "Alto", "distancia_km": 1.57, "chuva_24h": 0.0, "chuva_72h": 0.0, "fonte_estacao": "openmeteo", "codigo_estacao": "openmeteo", "nome_estacao": "Open-Meteo (célula de grade)" }, "geometry": { "type": "Polygon", "coordinates": [ [ [ -52.354889942999939, -14.659276425537422 ], [ -52.354435313999943, -14.659245555537424 ], [ -52.354452585999979, -14.659041434537412 ], [ -52.354100054999947, -14.659020060537443 ], [ -52.354105874999959, -14.658652762537439 ], [ -52.354378165999947, -14.658672263537431 ], [ -52.35436748799998, -14.658862301537399 ], [ -52.354471337999946, -14.658866550537423 ], [ -52.354487948999974, -14.658633261537444 ], [ -52.354825243999983, -14.658675874537446 ], [ -52.354795630999938, -14.659018225537409 ], [ -52.354927845999953, -14.659030067537401 ], [ -52.354889942999939, -14.659276425537422 ] ] ] } },
{ "type": "Feature", "properties": { "num_setor": "MT_NOVAXAV_SR_008_SGB", "munic": "NOVA XAVANTINA", "grau_risco": "Muito alto", "distancia_km": 0.91, "chuva_24h": 0.0, "chuva_72h": 0.0, "fonte_estacao": "openmeteo", "codigo_estacao": "openmeteo", "nome_estacao": "Open-Meteo (célula de grade)" }, "geometry": { "type": "Polygon", "coordinates": [ [ [ -52.35004147799998, -14.651093742537624 ], [ -52.350505289999944, -14.651091260537664 ], [ -52.35049771599995, -14.651432902537623 ], [ -52.350019763999967, -14.651416432537633 ], [ -52.35004147799998, -14.651093742537624 ] ] ] } },
{ "type": "Feature", "properties": { "num_setor": "MT_NOVAXAV_SR_009_SGB", "munic": "NOVA XAVANTINA", "grau_risco": "Alto", "distancia_km": 1.04, "chuva_24h": 0.0, "chuva_72h": 0.0, "fonte_estacao": "openmeteo", "codigo_estacao": "openmeteo", "nome_estacao": "Open-Meteo (célula de grade)" }, "geometry": { "type": "Polygon", "coordinates": [ [ [ -52.351388469999961, -14.66376419453727 ], [ -52.35160220299997, -14.663773400537282 ], [ -52.351694714999951, -14.663777883537277 ], [ -52.351676761999954, -14.664083837537275 ], [ -52.35135738699995, -14.664054932537253 ], [ -52.351388469999961, -14.66376419453727 ] ] ] } },
{ "type": "Feature", "properties": { "num_setor": "MT_NOVAXAV_SR_010_SGB", "munic": "NOVA XAVANTINA", "grau_risco": "Alto", "distancia_km": 1.39, "chuva_24h": 0.0, "chuva_72h": 0.0, "fonte_estacao": "openmeteo", "codigo_estacao": "openmeteo", "nome_estacao": "Open-Meteo (célula de grade)" }, "geometry": { "type": "Polygon", "coordinates": [ [ [ -52.356974496999953, -14.66116019253734 ], [ -52.356867438999984, -14.661161697537347 ], [ -52.356878154999947, -14.661073409537375 ], [ -52.357010069999944, -14.66108329253734 ], [ -52.357016743999964, -14.660894371537385 ], [ -52.357147028999975, -14.660905882537357 ], [ -52.357138729999974, -14.661089915537382 ], [ -52.357348816999945, -14.661104751537378 ], [ -52.357342211999928, -14.661212238537352 ], [ -52.35710281799993, -14.661185977537338 ], [ -52.357085075999976, -14.661363870537327 ], [ -52.356959678999942, -14.661350735537377 ], [ -52.356974496999953, -14.66116019253734 ] ] ] } },
{ "type": "Feature", "properties": { "num_setor": "MT_NOVAXAV_SR_011_SGB", "munic": "NOVA XAVANTINA", "grau_risco": "Alto", "distancia_km": 1.23, "chuva_24h": 0.0, "chuva_72h": 0.0, "fonte_estacao": "openmeteo", "codigo_estacao": "openmeteo", "nome_estacao": "Open-Meteo (célula de grade)" }, "geometry": { "type": "Polygon", "coordinates": [ [ [ -52.355426812999944, -14.684045557536722 ], [ -52.35553447399996, -14.684205232536687 ], [ -52.355448886999959, -14.684269909536702 ], [ -52.355259050999962, -14.683985576536672 ], [ -52.35535000699997, -14.683931645536713 ], [ -52.355406521999953, -14.684015463536717 ], [ -52.355446518999941, -14.683988242536678 ], [ -52.355465237999972, -14.684018193536717 ], [ -52.355426812999944, -14.684045557536722 ] ] ] } },
{ "type": "Feature", "properties": { "num_setor": "MT_AGUABOA_SR_001_SGB", "munic": "ÁGUA BOA", "grau_risco": "Muito alto", "distancia_km": 1.7, "chuva_24h": 0.0, "chuva_72h": 0.0, "fonte_estacao": "openmeteo", "codigo_estacao": "openmeteo", "nome_estacao": "Open-Meteo (célula de grade)" }, "geometry": { "type": "Polygon", "coordinates": [ [ [ -52.16891163799994, -14.06617986155455 ], [ -52.168688678999963, -14.06625804155456 ], [ -52.168601731999956, -14.066401020554528 ], [ -52.168497395999964, -14.066352717554555 ], [ -52.168595935999974, -14.066190416554573 ], [ -52.168398855999953, -14.065999132554538 ], [ -52.168478074999939, -14.065945032554538 ], [ -52.168514784999964, -14.066001064554568 ], [ -52.168781735999971, -14.065980389554545 ], [ -52.168864577999955, -14.065898125554584 ], [ -52.168931472999986, -14.065974184554561 ], [ -52.168996308999965, -14.066075264554534 ], [ -52.169027361999952, -14.066149589554545 ], [ -52.168917071999942, -14.06619194255458 ], [ -52.16891163799994, -14.06617986155455 ] ] ] } },
{ "type": "Feature", "properties": { "num_setor": "MT_AGUABOA_SR_002_SGB", "munic": "ÁGUA BOA", "grau_risco": "Muito alto", "distancia_km": 1.26, "chuva_24h": 0.0, "chuva_72h": 0.0, "fonte_estacao": "openmeteo", "codigo_estacao": "openmeteo", "nome_estacao": "Open-Meteo (célula de grade)" }, "geometry": { "type": "Polygon", "coordinates": [ [ [ -52.754658167999935, -13.873119286560168 ], [ -52.754622966999932, -13.872983931560178 ], [ -52.754978368999957, -13.872661941560214 ], [ -52.755634744999952, -13.872406699560184 ], [ -52.756476766999981, -13.872070034560231 ], [ -52.75657994299997, -13.872323247560177 ], [ -52.755809760999966, -13.872611451560179 ], [ -52.755987423999954, -13.872977361560197 ], [ -52.756740996999959, -13.872689601560211 ], [ -52.756817481999974, -13.872877042560189 ], [ -52.755811823999977, -13.873248002560175 ], [ -52.75539885499996, -13.873157654560162 ], [ -52.754658167999935, -13.873119286560168 ] ] ] } },
{ "type": "Feature", "properties": { "num_setor": "MT_AGUABOA_SR_003_SGB", "munic": "ÁGUA BOA", "grau_risco": "Muito alto", "distancia_km": 1.32, "chuva_24h": 0.0, "chuva_72h": 0.0, "fonte_estacao": "openmeteo", "codigo_estacao": "openmeteo", "nome_estacao": "Open-Meteo (célula de grade)" }, "geometry": { "type": "Polygon", "coordinates": [ [ [ -52.167463300999948, -14.060843686554682 ], [ -52.167452559999958, -14.0608714095547 ], [ -52.16745298099994, -14.060971473554677 ], [ -52.167208826999975, -14.060946401554702 ], [ -52.167213044999983, -14.060819143554687 ], [ -52.167463300999948, -14.060843686554682 ] ] ] } },
{ "type": "Feature", "properties": { "num_setor": "MT_AGUABOA_SR_004_SGB", "munic": "ÁGUA BOA", "grau_risco": "Muito alto", "distancia_km": 0.73, "chuva_24h": 0.0, "chuva_72h": 0.0, "fonte_estacao": "openmeteo", "codigo_estacao": "openmeteo", "nome_estacao": "Open-Meteo (célula de grade)" }, "geometry": { "type": "Polygon", "coordinates": [ [ [ -52.174785990999965, -14.05894572155478 ], [ -52.174785324999952, -14.058978336554734 ], [ -52.174784732999967, -14.059043520554777 ], [ -52.174785053999983, -14.059059898554782 ], [ -52.174493075999983, -14.059059149554749 ], [ -52.174494727999964, -14.058959854554761 ], [ -52.174494588999941, -14.058945522554787 ], [ -52.17451273599994, -14.058945151554784 ], [ -52.174558957999977, -14.058941596554757 ], [ -52.17460695699998, -14.058936263554765 ], [ -52.174659696999981, -14.058940411554781 ], [ -52.174698214999978, -14.058938040554787 ], [ -52.174785990999965, -14.05894572155478 ] ] ] } },
{ "type": "Feature", "properties": { "num_setor": "MT_PONTESE_SR_009_SGB", "munic": "PONTES E LACERDA", "grau_risco": "Alto", "distancia_km": 1.54, "chuva_24h": 0.0, "chuva_72h": 0.0, "fonte_estacao": "openmeteo", "codigo_estacao": "openmeteo", "nome_estacao": "Open-Meteo (célula de grade)" }, "geometry": { "type": "Polygon", "coordinates": [ [ [ -59.306304444999974, -15.246203998520615 ], [ -59.30632839499998, -15.246215244520659 ], [ -59.306210936999946, -15.246341072520625 ], [ -59.306021778999927, -15.246241806520628 ], [ -59.306059819999973, -15.246089134520675 ], [ -59.306067605999942, -15.246092790520661 ], [ -59.306086660999938, -15.246026097520648 ], [ -59.306106371999938, -15.246026097520648 ], [ -59.306353851999972, -15.24615093252066 ], [ -59.306304444999974, -15.246203998520615 ] ] ] } },
{ "type": "Feature", "properties": { "num_setor": "MT_PONTESE_SR_002_SGB", "munic": "PONTES E LACERDA", "grau_risco": "Muito alto", "distancia_km": 0.37, "chuva_24h": 0.0, "chuva_72h": 0.0, "fonte_estacao": "openmeteo", "codigo_estacao": "openmeteo", "nome_estacao": "Open-Meteo (célula de grade)" }, "geometry": { "type": "Polygon", "coordinates": [ [ [ -59.325549211999942, -15.237359965520868 ], [ -59.326336948999938, -15.236607339520942 ], [ -59.326668448999953, -15.237235148520904 ], [ -59.326711446999987, -15.237378914520903 ], [ -59.32555182699997, -15.238132425520853 ], [ -59.325298910999948, -15.237773446520869 ], [ -59.325549211999942, -15.237359965520868 ] ] ] } },
{ "type": "Feature", "properties": { "num_setor": "MT_PONTESE_SR_003_SGB", "munic": "PONTES E LACERDA", "grau_risco": "Alto", "distancia_km": 1.41, "chuva_24h": 0.0, "chuva_72h": 0.0, "fonte_estacao": "openmeteo", "codigo_estacao": "openmeteo", "nome_estacao": "Open-Meteo (célula de grade)" }, "geometry": { "type": "Polygon", "coordinates": [ [ [ -59.325275476999941, -15.247234063520594 ], [ -59.32528695499996, -15.247267759520602 ], [ -59.325209005999959, -15.247299029520621 ], [ -59.32520159999995, -15.247264588520601 ], [ -59.325089413999933, -15.246958350520602 ], [ -59.325051842999983, -15.246817396520642 ], [ -59.325135931999974, -15.246794629520632 ], [ -59.325276568999982, -15.247233382520642 ], [ -59.325275476999941, -15.247234063520594 ] ] ] } },
{ "type": "Feature", "properties": { "num_setor": "MT_PONTESE_SR_004_SGB", "munic": "PONTES E LACERDA", "grau_risco": "Alto", "distancia_km": 1.29, "chuva_24h": 0.0, "chuva_72h": 0.0, "fonte_estacao": "openmeteo", "codigo_estacao": "openmeteo", "nome_estacao": "Open-Meteo (célula de grade)" }, "geometry": { "type": "Polygon", "coordinates": [ [ [ -59.316915712999958, -15.236952135520912 ], [ -59.317606509999955, -15.237302847520901 ], [ -59.316256798999966, -15.240182940520805 ], [ -59.315661650999971, -15.23994913252085 ], [ -59.316915712999958, -15.236952135520912 ] ] ] } },
{ "type": "Feature", "properties": { "num_setor": "MT_PONTESE_SR_005_SGB", "munic": "PONTES E LACERDA", "grau_risco": "Alto", "distancia_km": 1.58, "chuva_24h": 0.6, "chuva_72h": 0.8, "fonte_estacao": "openmeteo", "codigo_estacao": "openmeteo", "nome_estacao": "Open-Meteo (célula de grade)" }, "geometry": { "type": "Polygon", "coordinates": [ [ [ -59.324560714999969, -15.249840649520539 ], [ -59.324963893999943, -15.250035628520543 ], [ -59.325482738999945, -15.250405760520538 ], [ -59.325173284999948, -15.250600319520498 ], [ -59.324785132999985, -15.250301987520512 ], [ -59.324737014999982, -15.250279532520542 ], [ -59.32459907599997, -15.250497667520547 ], [ -59.324499632999959, -15.25040143152051 ], [ -59.324579828999966, -15.250231414520545 ], [ -59.324396980999943, -15.249974785520518 ], [ -59.324388904999971, -15.249963572520528 ], [ -59.324560714999969, -15.249840649520539 ] ] ] } },
{ "type": "Feature", "properties": { "num_setor": "MT_PONTESE_SR_001_SGB", "munic": "PONTES E LACERDA", "grau_risco": "Muito alto", "distancia_km": 0.22, "chuva_24h": 0.0, "chuva_72h": 0.0, "fonte_estacao": "openmeteo", "codigo_estacao": "openmeteo", "nome_estacao": "Open-Meteo (célula de grade)" }, "geometry": { "type": "Polygon", "coordinates": [ [ [ -59.328271058999967, -15.233581757521009 ], [ -59.32764345999994, -15.234162820520961 ], [ -59.327352202, -15.234668632520975 ], [ -59.327017373999986, -15.234768687520988 ], [ -59.327019554999936, -15.234543568521007 ], [ -59.327222764999981, -15.234185550520966 ], [ -59.327284356999947, -15.233672021520997 ], [ -59.327195877999948, -15.233529700520995 ], [ -59.327379582999974, -15.233408671520992 ], [ -59.327437835999945, -15.233247573521012 ], [ -59.327621721999954, -15.233044770521051 ], [ -59.32771181399994, -15.232931925521005 ], [ -59.327729703999978, -15.232724399521015 ], [ -59.327859738999962, -15.232603490521029 ], [ -59.327996483999982, -15.232524240521048 ], [ -59.328115966, -15.232279632521051 ], [ -59.328253189999934, -15.231853756521049 ], [ -59.328112963999956, -15.231627090521057 ], [ -59.328241332999944, -15.231536162521039 ], [ -59.328200059999972, -15.231376939521072 ], [ -59.328267580999977, -15.230955721521095 ], [ -59.328275553999966, -15.230909722521096 ], [ -59.32818824699995, -15.230721412521095 ], [ -59.328111166999967, -15.230601092521086 ], [ -59.328363907999965, -15.230452217521117 ], [ -59.328576068999951, -15.230253744521111 ], [ -59.328660477999961, -15.230212680521094 ], [ -59.328853163999952, -15.230228907521107 ], [ -59.328760964999951, -15.230643925521097 ], [ -59.328573917999968, -15.230962638521049 ], [ -59.328500179999935, -15.231102832521081 ], [ -59.328603763999979, -15.231857157521066 ], [ -59.328460032999935, -15.232505503521036 ], [ -59.328204864, -15.232914697521021 ], [ -59.328050732999941, -15.233209438521007 ], [ -59.328026273999967, -15.233226286521036 ], [ -59.328271058999967, -15.233581757521009 ] ] ] } },
{ "type": "Feature", "properties": { "num_setor": "MT_PONTESE_SR_014_SGB", "munic": "PONTES E LACERDA", "grau_risco": "Muito alto", "distancia_km": 1.08, "chuva_24h": 0.1, "chuva_72h": 0.7, "fonte_estacao": "openmeteo", "codigo_estacao": "openmeteo", "nome_estacao": "Open-Meteo (célula de grade)" }, "geometry": { "type": "Polygon", "coordinates": [ [ [ -59.273341583999986, -15.570632441511481 ], [ -59.272599147999983, -15.570647521511457 ], [ -59.272446551999963, -15.569348757511474 ], [ -59.271600176999982, -15.567998264511552 ], [ -59.271358598999925, -15.567185249511569 ], [ -59.271961682999965, -15.567026731511538 ], [ -59.272290723999951, -15.56775925251155 ], [ -59.272548741999977, -15.567991736511521 ], [ -59.272651853999953, -15.568271325511516 ], [ -59.272581656999932, -15.568857273511535 ], [ -59.27280666799998, -15.569516649511506 ], [ -59.273465001999973, -15.570606971511463 ], [ -59.273341583999986, -15.570632441511481 ] ] ] } },
{ "type": "Feature", "properties": { "num_setor": "MT_PONTESE_SR_015_SGB", "munic": "PONTES E LACERDA", "grau_risco": "Alto", "distancia_km": 1.17, "chuva_24h": 0.0, "chuva_72h": 0.0, "fonte_estacao": "openmeteo", "codigo_estacao": "openmeteo", "nome_estacao": "Open-Meteo (célula de grade)" }, "geometry": { "type": "Polygon", "coordinates": [ [ [ -59.329308895999986, -15.224152752521254 ], [ -59.32928219399998, -15.22395423252129 ], [ -59.329324348999933, -15.223869922521263 ], [ -59.329403544999934, -15.223888556521276 ], [ -59.329489247999959, -15.223829667521281 ], [ -59.329599649999977, -15.223873088521259 ], [ -59.329490571999941, -15.224213801521264 ], [ -59.329313477999953, -15.224633687521228 ], [ -59.329265862999932, -15.224564734521246 ], [ -59.329188154999933, -15.224609260521261 ], [ -59.32901953399994, -15.224379027521238 ], [ -59.32899359299995, -15.224323901521299 ], [ -59.329081145999972, -15.224220135521239 ], [ -59.329210853999939, -15.224190950521272 ], [ -59.329308895999986, -15.224152752521254 ] ] ] } },
{ "type": "Feature", "properties": { "num_setor": "MT_PONTESE_SR_016_SGB", "munic": "PONTES E LACERDA", "grau_risco": "Muito alto", "distancia_km": 1.61, "chuva_24h": 0.0, "chuva_72h": 0.0, "fonte_estacao": "openmeteo", "codigo_estacao": "openmeteo", "nome_estacao": "Open-Meteo (célula de grade)" }, "geometry": { "type": "Polygon", "coordinates": [ [ [ -59.319531448999946, -15.224265401521265 ], [ -59.319195211999954, -15.224222474521294 ], [ -59.319215365999973, -15.223597307521299 ], [ -59.319299921999963, -15.222931780521293 ], [ -59.319399663999953, -15.222197072521334 ], [ -59.319500518999966, -15.221281552521321 ], [ -59.319788128999967, -15.22102293352137 ], [ -59.319993400999977, -15.221125477521378 ], [ -59.319986589999985, -15.221353705521343 ], [ -59.320124009999972, -15.221601556521327 ], [ -59.320361948999967, -15.221870648521358 ], [ -59.320308370999953, -15.221992476521336 ], [ -59.320037068999966, -15.221943841521353 ], [ -59.319889397999987, -15.222120567521351 ], [ -59.319810649999972, -15.222428425521331 ], [ -59.319531448999946, -15.224265401521265 ] ] ] } },
{ "type": "Feature", "properties": { "num_setor": "MT_PONTESE_SR_010_SGB", "munic": "PONTES E LACERDA", "grau_risco": "Alto", "distancia_km": 1.22, "chuva_24h": 0.0, "chuva_72h": 0.0, "fonte_estacao": "openmeteo", "codigo_estacao": "openmeteo", "nome_estacao": "Open-Meteo (célula de grade)" }, "geometry": { "type": "Polygon", "coordinates": [ [ [ -59.305259740999986, -15.2437754105207 ], [ -59.30494830899994, -15.244175982520675 ], [ -59.30477721799997, -15.24412230752068 ], [ -59.304615546999969, -15.244140454520728 ], [ -59.304345598999987, -15.244161927520674 ], [ -59.303833915999967, -15.244140802520683 ], [ -59.303697135999982, -15.243961327520704 ], [ -59.303651926999976, -15.243717200520742 ], [ -59.303737901999973, -15.243485731520725 ], [ -59.304165937999983, -15.243295492520712 ], [ -59.304587180999931, -15.243288698520717 ], [ -59.305130719999966, -15.243220755520746 ], [ -59.305341340999973, -15.243105253520728 ], [ -59.30577485799995, -15.243049804520723 ], [ -59.305824177999973, -15.243103607520732 ], [ -59.306827280999983, -15.243465583520747 ], [ -59.306775131999984, -15.24357294952069 ], [ -59.306183086999958, -15.243364353520708 ], [ -59.306010032999943, -15.243586788520709 ], [ -59.305964983999949, -15.243592463520731 ], [ -59.305462202999927, -15.243744734520716 ], [ -59.305259740999986, -15.2437754105207 ] ] ] } },
{ "type": "Feature", "properties": { "num_setor": "MT_PONTESE_SR_011_SGB", "munic": "PONTES E LACERDA", "grau_risco": "Muito alto", "distancia_km": 0.9, "chuva_24h": 0.0, "chuva_72h": 0.0, "fonte_estacao": "openmeteo", "codigo_estacao": "openmeteo", "nome_estacao": "Open-Meteo (célula de grade)" }, "geometry": { "type": "Polygon", "coordinates": [ [ [ -59.304045586999969, -15.240531126520786 ], [ -59.304100342999966, -15.24056603352078 ], [ -59.304141205999933, -15.240739423520809 ], [ -59.304072732999941, -15.240844340520791 ], [ -59.303872837999954, -15.240723961520791 ], [ -59.303990187999943, -15.240543279520793 ], [ -59.303923202999947, -15.240477969520825 ], [ -59.303932401999987, -15.240427378520836 ], [ -59.303994489999987, -15.240330795520817 ], [ -59.304104870999929, -15.24040438252079 ], [ -59.304045586999969, -15.240531126520786 ] ] ] } },
{ "type": "Feature", "properties": { "num_setor": "MT_PONTESE_SR_012_SGB", "munic": "PONTES E LACERDA", "grau_risco": "Muito alto", "distancia_km": 1.27, "chuva_24h": 0.5, "chuva_72h": 1.3, "fonte_estacao": "openmeteo", "codigo_estacao": "openmeteo", "nome_estacao": "Open-Meteo (célula de grade)" }, "geometry": { "type": "Polygon", "coordinates": [ [ [ -59.309256656999935, -15.675227778508509 ], [ -59.309463459999961, -15.674883415508509 ], [ -59.310559943999976, -15.675522495508487 ], [ -59.310394175999932, -15.675844496508509 ], [ -59.309256656999935, -15.675227778508509 ] ] ] } },
{ "type": "Feature", "properties": { "num_setor": "MT_PONTESE_SR_013_SGB", "munic": "PONTES E LACERDA", "grau_risco": "Muito alto", "distancia_km": 2.03, "chuva_24h": 0.1, "chuva_72h": 0.7, "fonte_estacao": "openmeteo", "codigo_estacao": "openmeteo", "nome_estacao": "Open-Meteo (célula de grade)" }, "geometry": { "type": "Polygon", "coordinates": [ [ [ -59.28258629599997, -15.572268839511406 ], [ -59.282523692999966, -15.571829825511417 ], [ -59.282908259999935, -15.571832851511422 ], [ -59.282903359999978, -15.572262598511401 ], [ -59.28258629599997, -15.572268839511406 ] ] ] } },
{ "type": "Feature", "properties": { "num_setor": "MT_PONTESE_SR_006_SGB", "munic": "PONTES E LACERDA", "grau_risco": "Alto", "distancia_km": 1.52, "chuva_24h": 0.0, "chuva_72h": 0.0, "fonte_estacao": "openmeteo", "codigo_estacao": "openmeteo", "nome_estacao": "Open-Meteo (célula de grade)" }, "geometry": { "type": "Polygon", "coordinates": [ [ [ -59.341010674999957, -15.239891943520831 ], [ -59.341036835999944, -15.239912597520807 ], [ -59.340938478999988, -15.240022108520799 ], [ -59.34086640299995, -15.239963379520823 ], [ -59.340758139999927, -15.239905703520837 ], [ -59.340877983999974, -15.239753003520832 ], [ -59.341034475999948, -15.23986615952083 ], [ -59.341010674999957, -15.239891943520831 ] ] ] } },
{ "type": "Feature", "properties": { "num_setor": "MT_PONTESE_SR_007_SGB", "munic": "PONTES E LACERDA", "grau_risco": "Alto", "distancia_km": 1.39, "chuva_24h": 0.0, "chuva_72h": 0.0, "fonte_estacao": "openmeteo", "codigo_estacao": "openmeteo", "nome_estacao": "Open-Meteo (célula de grade)" }, "geometry": { "type": "Polygon", "coordinates": [ [ [ -59.340353240999946, -15.236361046520917 ], [ -59.340530447999974, -15.236261637520945 ], [ -59.340670195999962, -15.236388419520937 ], [ -59.340880538999954, -15.23625731552095 ], [ -59.340951133999965, -15.236048413520955 ], [ -59.341155713999967, -15.236325028520913 ], [ -59.340644263999927, -15.236716900520928 ], [ -59.340638779999942, -15.236710195520891 ], [ -59.340599424999937, -15.236744630520924 ], [ -59.340420708999943, -15.236535494520906 ], [ -59.340323111999965, -15.236378326520922 ], [ -59.340353240999946, -15.236361046520917 ] ] ] } },
{ "type": "Feature", "properties": { "num_setor": "MT_PONTESE_SR_008_SGB", "munic": "PONTES E LACERDA", "grau_risco": "Muito alto", "distancia_km": 1.54, "chuva_24h": 0.0, "chuva_72h": 0.0, "fonte_estacao": "openmeteo", "codigo_estacao": "openmeteo", "nome_estacao": "Open-Meteo (célula de grade)" }, "geometry": { "type": "Polygon", "coordinates": [ [ [ -59.341302041999946, -15.230050985521125 ], [ -59.34140493499995, -15.229977490521092 ], [ -59.341576772999979, -15.229823606521114 ], [ -59.34194352999998, -15.230346812521065 ], [ -59.341871716999954, -15.230459661521067 ], [ -59.341707573999933, -15.230672534521066 ], [ -59.341689620999936, -15.230923878521054 ], [ -59.341548559999978, -15.231023903521045 ], [ -59.341384416999965, -15.230826418521106 ], [ -59.341217708999977, -15.230687922521081 ], [ -59.34104330699995, -15.230434013521108 ], [ -59.340974058999954, -15.230339118521094 ], [ -59.34119975599998, -15.230192928521086 ], [ -59.341256521999973, -15.230076779521079 ], [ -59.341302041999946, -15.230050985521125 ] ] ] } },
{ "type": "Feature", "properties": { "num_setor": "MT_RONDONO_SR_007_SGB", "munic": "RONDONÓPOLIS", "grau_risco": "Alto", "distancia_km": 1.47, "chuva_24h": 0.0, "chuva_72h": 0.0, "fonte_estacao": "openmeteo", "codigo_estacao": "openmeteo", "nome_estacao": "Open-Meteo (célula de grade)" }, "geometry": { "type": "Polygon", "coordinates": [ [ [ -54.644915810999976, -16.474445617486207 ], [ -54.644959816999972, -16.474493623486183 ], [ -54.644829242999954, -16.474643440486208 ], [ -54.644733498999983, -16.474671847486206 ], [ -54.644463206999944, -16.474985083486214 ], [ -54.644316262999951, -16.475104474486216 ], [ -54.644000946999945, -16.474844262486215 ], [ -54.644371366999962, -16.47440649248621 ], [ -54.644861134999985, -16.47389591048622 ], [ -54.644792131999964, -16.473816012486246 ], [ -54.644949032999932, -16.473633766486248 ], [ -54.644949313, -16.473632872486206 ], [ -54.644954525999935, -16.473542165486251 ], [ -54.644853982999962, -16.473468272486272 ], [ -54.644965520999961, -16.473294369486251 ], [ -54.644981807999955, -16.473268975486228 ], [ -54.644966005999947, -16.473255635486272 ], [ -54.644875974999927, -16.47317963548624 ], [ -54.644970157999978, -16.473065880486274 ], [ -54.644973802999971, -16.472983871486235 ], [ -54.644975934999934, -16.472984005486239 ], [ -54.644979058999979, -16.472961095486252 ], [ -54.645313053999985, -16.472988584486242 ], [ -54.645313053999985, -16.473005075486235 ], [ -54.645316671999979, -16.473005301486232 ], [ -54.645307481999964, -16.473158052486259 ], [ -54.645258738999985, -16.473737564486242 ], [ -54.645294122999978, -16.473796083486242 ], [ -54.64535703699994, -16.473827007486218 ], [ -54.645304464999988, -16.473908494486206 ], [ -54.64530205899996, -16.473912224486213 ], [ -54.645304402999955, -16.47391332348624 ], [ -54.645346041999971, -16.473932841486235 ], [ -54.645269071999962, -16.474121143486247 ], [ -54.644923552999956, -16.474435720486234 ], [ -54.644915810999976, -16.474445617486207 ] ] ] } },
{ "type": "Feature", "properties": { "num_setor": "MT_RONDONO_SR_006_SGB", "munic": "RONDONÓPOLIS", "grau_risco": "Muito alto", "distancia_km": 1.45, "chuva_24h": 0.0, "chuva_72h": 0.0, "fonte_estacao": "openmeteo", "codigo_estacao": "openmeteo", "nome_estacao": "Open-Meteo (célula de grade)" }, "geometry": { "type": "Polygon", "coordinates": [ [ [ -54.643236489999936, -16.473743911486256 ], [ -54.643260235999946, -16.473838896486232 ], [ -54.643231647999983, -16.473934871486239 ], [ -54.64322327999998, -16.473925935486221 ], [ -54.643080371999986, -16.473809555486209 ], [ -54.642924610999955, -16.473616110486244 ], [ -54.642803848999961, -16.473579356486233 ], [ -54.642494530999947, -16.473297103486278 ], [ -54.642384086999982, -16.47308410548623 ], [ -54.642213013999935, -16.472959222486278 ], [ -54.642152979999928, -16.472935029486276 ], [ -54.642079505999959, -16.472837362486249 ], [ -54.642147482999974, -16.472765690486252 ], [ -54.642076951999968, -16.472682334486247 ], [ -54.641844962999983, -16.472543141486263 ], [ -54.641833874999975, -16.472524870486279 ], [ -54.641511421999951, -16.472269278486252 ], [ -54.641576832999931, -16.472210140486272 ], [ -54.641496189999934, -16.472128601486265 ], [ -54.641572940999936, -16.472046057486263 ], [ -54.641301938999959, -16.471827507486267 ], [ -54.641203921999924, -16.47170090248628 ], [ -54.641128366999965, -16.471553876486308 ], [ -54.641112030999977, -16.471378262486308 ], [ -54.641146744999958, -16.471253699486329 ], [ -54.641205963999937, -16.471212859486336 ], [ -54.641257014999951, -16.471169976486284 ], [ -54.641322358999957, -16.471202649486301 ], [ -54.641377493999983, -16.471272077486322 ], [ -54.641502056999968, -16.471372136486291 ], [ -54.641502732999989, -16.471372445486328 ], [ -54.641571455999951, -16.47137683248631 ], [ -54.641717508999932, -16.471400128486302 ], [ -54.641841161999942, -16.471522885486287 ], [ -54.641777828999977, -16.471588941486317 ], [ -54.641787939999965, -16.471831591486275 ], [ -54.641845115999963, -16.471911230486317 ], [ -54.641998267999952, -16.472041919486312 ], [ -54.642163670999935, -16.472166482486291 ], [ -54.642186712999944, -16.472196920486294 ], [ -54.64229992899994, -16.472296159486252 ], [ -54.642423581999935, -16.47246102948629 ], [ -54.642391931999953, -16.472493668486273 ], [ -54.642427091999942, -16.472554466486272 ], [ -54.642682343999979, -16.47301392048627 ], [ -54.642790570999978, -16.473134399486231 ], [ -54.642949848999933, -16.473283467486272 ], [ -54.642954870999972, -16.47329096748625 ], [ -54.643124277999959, -16.473431430486226 ], [ -54.643180727999948, -16.47355149848622 ], [ -54.643238073999953, -16.473633037486227 ], [ -54.643236489999936, -16.473743911486256 ] ] ] } },
{ "type": "Feature", "properties": { "num_setor": "MT_RONDONO_SR_005_SGB", "munic": "RONDONÓPOLIS", "grau_risco": "Muito alto", "distancia_km": 1.54, "chuva_24h": 0.0, "chuva_72h": 0.0, "fonte_estacao": "openmeteo", "codigo_estacao": "openmeteo", "nome_estacao": "Open-Meteo (célula de grade)" }, "geometry": { "type": "Polygon", "coordinates": [ [ [ -54.640594912999973, -16.468096465486408 ], [ -54.640377870999941, -16.467882868486377 ], [ -54.640394690999976, -16.467866049486386 ], [ -54.640235529999984, -16.46766709948642 ], [ -54.640010022999945, -16.467259730486418 ], [ -54.639871807999953, -16.466899645486421 ], [ -54.640071854999974, -16.466692323486434 ], [ -54.640613800999972, -16.466972389486433 ], [ -54.640802936999933, -16.467099692486428 ], [ -54.64099207199996, -16.467241544486438 ], [ -54.641163021999951, -16.467477963486402 ], [ -54.641275775999986, -16.467870783486404 ], [ -54.641392166999935, -16.468303612486363 ], [ -54.641504920999978, -16.46867460948636 ], [ -54.641559478999966, -16.469147448486336 ], [ -54.641529236999986, -16.469329427486386 ], [ -54.641516314999933, -16.469316370486336 ], [ -54.64129786999996, -16.469158995486374 ], [ -54.641175450999981, -16.469029157486368 ], [ -54.641127224999934, -16.468963619486367 ], [ -54.641127271999949, -16.468963556486354 ], [ -54.640560881999932, -16.4683898574864 ], [ -54.64068867699995, -16.468256340486409 ], [ -54.640559644999939, -16.468136363486412 ], [ -54.640597082999932, -16.468098925486423 ], [ -54.640594912999973, -16.468096465486408 ] ] ] } },
{ "type": "Feature", "properties": { "num_setor": "MT_RONDONO_SR_004_SGB", "munic": "RONDONÓPOLIS", "grau_risco": "Muito alto", "distancia_km": 1.75, "chuva_24h": 0.0, "chuva_72h": 0.0, "fonte_estacao": "openmeteo", "codigo_estacao": "openmeteo", "nome_estacao": "Open-Meteo (célula de grade)" }, "geometry": { "type": "Polygon", "coordinates": [ [ [ -54.643936044999982, -16.467563319486406 ], [ -54.644350684999949, -16.467318978486428 ], [ -54.645433062999984, -16.467790880486387 ], [ -54.645191784999952, -16.468202714486392 ], [ -54.645058537999944, -16.468629816486388 ], [ -54.642942469999973, -16.46769724848642 ], [ -54.64313722299994, -16.467453807486422 ], [ -54.643146812999987, -16.467457621486385 ], [ -54.643240442999968, -16.4674170484864 ], [ -54.643936044999982, -16.467563319486406 ] ] ] } },
{ "type": "Feature", "properties": { "num_setor": "MT_RONDONO_SR_003_SGB", "munic": "RONDONÓPOLIS", "grau_risco": "Muito alto", "distancia_km": 0.54, "chuva_24h": 0.0, "chuva_72h": 0.0, "fonte_estacao": "openmeteo", "codigo_estacao": "openmeteo", "nome_estacao": "Open-Meteo (célula de grade)" }, "geometry": { "type": "Polygon", "coordinates": [ [ [ -54.623991487999945, -16.473468586486245 ], [ -54.623809223999956, -16.473369789486227 ], [ -54.623728505999964, -16.473211581486272 ], [ -54.623718239999953, -16.473201549486237 ], [ -54.623714119999931, -16.47319370548626 ], [ -54.623737744999971, -16.473155190486231 ], [ -54.623890938999978, -16.473012041486243 ], [ -54.624250064999956, -16.473330986486232 ], [ -54.624147249999965, -16.473433801486223 ], [ -54.624355556999937, -16.47363122648623 ], [ -54.624428372999944, -16.473557010486253 ], [ -54.625136580999936, -16.474204945486196 ], [ -54.625130833999947, -16.474210214486234 ], [ -54.625159683999982, -16.47422554048622 ], [ -54.624993425999946, -16.474380199486195 ], [ -54.624620310999944, -16.474057349486216 ], [ -54.624555547999933, -16.473979052486211 ], [ -54.624451152999939, -16.473895923486246 ], [ -54.624052905999982, -16.473528608486259 ], [ -54.623991487999945, -16.473468586486245 ] ] ] } },
{ "type": "Feature", "properties": { "num_setor": "MT_RONDONO_SR_002_SGB", "munic": "RONDONÓPOLIS", "grau_risco": "Alto", "distancia_km": 1.8, "chuva_24h": 0.0, "chuva_72h": 0.0, "fonte_estacao": "openmeteo", "codigo_estacao": "openmeteo", "nome_estacao": "Open-Meteo (célula de grade)" }, "geometry": { "type": "Polygon", "coordinates": [ [ [ -54.609450772999935, -16.491533833485729 ], [ -54.609679079999978, -16.491276523485737 ], [ -54.609881181999981, -16.491214843485757 ], [ -54.609917927999959, -16.491325080485762 ], [ -54.609335244999947, -16.491754218485749 ], [ -54.608340483999939, -16.493158432485711 ], [ -54.608236807999958, -16.493077067485686 ], [ -54.608347045999949, -16.492937958485715 ], [ -54.608351566999943, -16.492936045485699 ], [ -54.608360579999953, -16.492907205485679 ], [ -54.608476474999975, -16.49271194748572 ], [ -54.608589850999969, -16.492562038485712 ], [ -54.608591110999953, -16.492512909485715 ], [ -54.608703226999971, -16.492366779485703 ], [ -54.608800226999961, -16.492243326485699 ], [ -54.608948874999953, -16.491990119485745 ], [ -54.609198302999971, -16.491660069485754 ], [ -54.609450772999935, -16.491533833485729 ] ] ] } },
{ "type": "Feature", "properties": { "num_setor": "MT_RONDONO_SR_001_SGB", "munic": "RONDONÓPOLIS", "grau_risco": "Muito alto", "distancia_km": 0.9, "chuva_24h": 0.0, "chuva_72h": 0.0, "fonte_estacao": "openmeteo", "codigo_estacao": "openmeteo", "nome_estacao": "Open-Meteo (célula de grade)" }, "geometry": { "type": "Polygon", "coordinates": [ [ [ -54.592756140999938, -16.472761545486268 ], [ -54.592735, -16.47274833248628 ], [ -54.590784754999959, -16.472592418486286 ], [ -54.590848176999948, -16.471934409486291 ], [ -54.592076989999953, -16.472055969486252 ], [ -54.592185336999933, -16.4711997634863 ], [ -54.592571157999942, -16.471239403486305 ], [ -54.592446955999947, -16.47210353648628 ], [ -54.592822205999937, -16.472137890486266 ], [ -54.592756140999938, -16.472761545486268 ] ] ] } },
{ "type": "Feature", "properties": { "num_setor": "MT_RONDONO_SR_015_SGB", "munic": "RONDONÓPOLIS", "grau_risco": "Alto", "distancia_km": 0.21, "chuva_24h": 0.0, "chuva_72h": 0.0, "fonte_estacao": "openmeteo", "codigo_estacao": "openmeteo", "nome_estacao": "Open-Meteo (célula de grade)" }, "geometry": { "type": "Polygon", "coordinates": [ [ [ -54.630490562999967, -16.475556834486195 ], [ -54.631074905999981, -16.476137679486175 ], [ -54.631172879999951, -16.476725521486184 ], [ -54.631204371999964, -16.477099921486172 ], [ -54.631064408999976, -16.477131413486116 ], [ -54.630683010999974, -16.476666037486162 ], [ -54.630543048999982, -16.476281140486172 ], [ -54.630501059999972, -16.475889245486169 ], [ -54.630368095999984, -16.475616318486214 ], [ -54.630490562999967, -16.475556834486195 ] ] ] } },
{ "type": "Feature", "properties": { "num_setor": "MT_RONDONO_SR_014_SGB", "munic": "RONDONÓPOLIS", "grau_risco": "Alto", "distancia_km": 1.09, "chuva_24h": 0.0, "chuva_72h": 0.0, "fonte_estacao": "openmeteo", "codigo_estacao": "openmeteo", "nome_estacao": "Open-Meteo (célula de grade)" }, "geometry": { "type": "Polygon", "coordinates": [ [ [ -54.637692477999963, -16.451296068486869 ], [ -54.637692592999933, -16.451291754486849 ], [ -54.637798154999984, -16.45129466048687 ], [ -54.637790840999969, -16.451619581486863 ], [ -54.637684074999981, -16.451612927486863 ], [ -54.637684215999968, -16.451607590486873 ], [ -54.637627012999985, -16.451606104486832 ], [ -54.63758961599995, -16.451448868486832 ], [ -54.63759981499993, -16.451300132486864 ], [ -54.637692477999963, -16.451296068486869 ] ] ] } },
{ "type": "Feature", "properties": { "num_setor": "MT_RONDONO_SR_013_SGB", "munic": "RONDONÓPOLIS", "grau_risco": "Muito alto", "distancia_km": 1.43, "chuva_24h": 0.0, "chuva_72h": 0.0, "fonte_estacao": "openmeteo", "codigo_estacao": "openmeteo", "nome_estacao": "Open-Meteo (célula de grade)" }, "geometry": { "type": "Polygon", "coordinates": [ [ [ -54.62227939099995, -16.457808582486699 ], [ -54.622281475999948, -16.457828726486657 ], [ -54.622114022999945, -16.457801112486685 ], [ -54.622067914999946, -16.457537348486678 ], [ -54.621795201999987, -16.457524239486673 ], [ -54.621712174999971, -16.457171642486713 ], [ -54.622208860999926, -16.457127088486722 ], [ -54.622250328999939, -16.457527773486703 ], [ -54.622321982999949, -16.457641622486701 ], [ -54.62227939099995, -16.457808582486699 ] ] ] } },
{ "type": "Feature", "properties": { "num_setor": "MT_RONDONO_SR_012_SGB", "munic": "RONDONÓPOLIS", "grau_risco": "Alto", "distancia_km": 1.44, "chuva_24h": 0.0, "chuva_72h": 0.0, "fonte_estacao": "openmeteo", "codigo_estacao": "openmeteo", "nome_estacao": "Open-Meteo (célula de grade)" }, "geometry": { "type": "Polygon", "coordinates": [ [ [ -54.654328373999931, -16.434228452487318 ], [ -54.654204205999974, -16.434355229487309 ], [ -54.653857807999941, -16.434153423487309 ], [ -54.653803945999982, -16.434041964487331 ], [ -54.65374835199998, -16.433830242487318 ], [ -54.653834766999978, -16.433783360487329 ], [ -54.653842627999943, -16.433752754487333 ], [ -54.653906424999946, -16.433762420487316 ], [ -54.654057216999945, -16.433926745487323 ], [ -54.654215742999952, -16.434075605487344 ], [ -54.654351068999972, -16.434208998487343 ], [ -54.654328373999931, -16.434228452487318 ] ] ] } },
{ "type": "Feature", "properties": { "num_setor": "MT_RONDONO_SR_011_SGB", "munic": "RONDONÓPOLIS", "grau_risco": "Muito alto", "distancia_km": 1.41, "chuva_24h": 0.0, "chuva_72h": 0.0, "fonte_estacao": "openmeteo", "codigo_estacao": "openmeteo", "nome_estacao": "Open-Meteo (célula de grade)" }, "geometry": { "type": "Polygon", "coordinates": [ [ [ -54.655697409999952, -16.434029717487356 ], [ -54.655372760999967, -16.434353235487304 ], [ -54.655368861999932, -16.434349793487325 ], [ -54.655344752999952, -16.434377190487321 ], [ -54.65520582299996, -16.434263810487316 ], [ -54.654860116999942, -16.434621341487329 ], [ -54.654799579999981, -16.434671041487302 ], [ -54.654604322999944, -16.434487384487323 ], [ -54.654534726999941, -16.434423587487331 ], [ -54.654575215999948, -16.434376963487331 ], [ -54.654574236999963, -16.43437612348735 ], [ -54.654636082999957, -16.434308057487314 ], [ -54.654606255999973, -16.434276661487313 ], [ -54.654770580999987, -16.434102670487324 ], [ -54.654795089999936, -16.434133060487337 ], [ -54.654956673999948, -16.433955226487335 ], [ -54.654668182999956, -16.433685322487356 ], [ -54.654987277999965, -16.433336972487339 ], [ -54.655165162999936, -16.433501076487349 ], [ -54.654878952999979, -16.433798177487347 ], [ -54.654993863999941, -16.433912129487336 ], [ -54.655292530999986, -16.433618876487344 ], [ -54.655323486999968, -16.433583596487324 ], [ -54.655754114999979, -16.433981843487345 ], [ -54.655707717999967, -16.434034040487333 ], [ -54.655697409999952, -16.434029717487356 ] ] ] } },
{ "type": "Feature", "properties": { "num_setor": "MT_RONDONO_SR_010_SGB", "munic": "RONDONÓPOLIS", "grau_risco": "Alto", "distancia_km": 1.83, "chuva_24h": 0.0, "chuva_72h": 0.0, "fonte_estacao": "openmeteo", "codigo_estacao": "openmeteo", "nome_estacao": "Open-Meteo (célula de grade)" }, "geometry": { "type": "Polygon", "coordinates": [ [ [ -54.649371646999946, -16.432164542487374 ], [ -54.649418089999983, -16.432112751487402 ], [ -54.649410053999979, -16.432105561487379 ], [ -54.649492026999951, -16.432017441487403 ], [ -54.64968466199997, -16.432203928487404 ], [ -54.649665718999984, -16.432225316487404 ], [ -54.649721339999985, -16.432279698487367 ], [ -54.649579562999975, -16.432448730487387 ], [ -54.649354380999966, -16.432230241487371 ], [ -54.649312711999983, -16.432269506487373 ], [ -54.649257380999984, -16.432204953487361 ], [ -54.649337303999971, -16.432126054487401 ], [ -54.649371646999946, -16.432164542487374 ] ] ] } },
{ "type": "Feature", "properties": { "num_setor": "MT_RONDONO_SR_009_SGB", "munic": "RONDONÓPOLIS", "grau_risco": "Muito alto", "distancia_km": 0.41, "chuva_24h": 0.0, "chuva_72h": 0.0, "fonte_estacao": "openmeteo", "codigo_estacao": "openmeteo", "nome_estacao": "Open-Meteo (célula de grade)" }, "geometry": { "type": "Polygon", "coordinates": [ [ [ -54.656331185999939, -16.480099993486053 ], [ -54.656264509999971, -16.479978238486037 ], [ -54.656117600999949, -16.479429261486064 ], [ -54.656085238999943, -16.479373504486087 ], [ -54.655764181999984, -16.4790374924861 ], [ -54.65563905799997, -16.478965502486062 ], [ -54.655598700999974, -16.478860574486077 ], [ -54.655142576999935, -16.478369001486119 ], [ -54.655177528999957, -16.478342788486106 ], [ -54.655309762999941, -16.478180580486111 ], [ -54.655446106999932, -16.478141358486106 ], [ -54.655462521999937, -16.478129047486131 ], [ -54.656062843999962, -16.478572913486069 ], [ -54.656456889999951, -16.47892406448608 ], [ -54.656805346999938, -16.47941201648608 ], [ -54.656868093999954, -16.47955049448608 ], [ -54.656693664999977, -16.479741013486077 ], [ -54.656562078999976, -16.479878739486058 ], [ -54.656787186999956, -16.480138396486073 ], [ -54.657642201999977, -16.479366513486063 ], [ -54.656387300999938, -16.47716695748613 ], [ -54.656591904999971, -16.477180707486127 ], [ -54.656693756999971, -16.477432485486116 ], [ -54.657900059999974, -16.479337971486068 ], [ -54.656718189999943, -16.480362267486061 ], [ -54.656558115999985, -16.480114082486043 ], [ -54.656360273999951, -16.480277672486029 ], [ -54.656331185999939, -16.480099993486053 ] ] ] } },
{ "type": "Feature", "properties": { "num_setor": "MT_RONDONO_SR_008_SGB", "munic": "RONDONÓPOLIS", "grau_risco": "Alto", "distancia_km": 1.49, "chuva_24h": 0.0, "chuva_72h": 0.0, "fonte_estacao": "openmeteo", "codigo_estacao": "openmeteo", "nome_estacao": "Open-Meteo (célula de grade)" }, "geometry": { "type": "Polygon", "coordinates": [ [ [ -54.641628974999946, -16.469840546486328 ], [ -54.641637332999942, -16.469831537486328 ], [ -54.641695918999972, -16.469794990486349 ], [ -54.641704772999958, -16.469878924486327 ], [ -54.641767572999981, -16.47004948848635 ], [ -54.641835468999936, -16.470176260486326 ], [ -54.641837123999949, -16.470256295486319 ], [ -54.641817732999982, -16.470326483486318 ], [ -54.641766751999967, -16.470466461486303 ], [ -54.641705872999985, -16.47061038848631 ], [ -54.641712175999942, -16.470678975486297 ], [ -54.641721679999925, -16.470761709486343 ], [ -54.641690642999947, -16.470870591486285 ], [ -54.641672101, -16.47093348148632 ], [ -54.641674246999962, -16.47093627748631 ], [ -54.641665852999949, -16.470956477486308 ], [ -54.641544890999967, -16.470842399486337 ], [ -54.641486347999937, -16.470839960486334 ], [ -54.641393552999943, -16.470809028486311 ], [ -54.641437830999962, -16.470741432486307 ], [ -54.641548211999982, -16.47056157448635 ], [ -54.641590742999931, -16.470232924486325 ], [ -54.641521145999945, -16.470109197486316 ], [ -54.641488447999961, -16.470067940486352 ], [ -54.64142337, -16.470018146486343 ], [ -54.64150392199997, -16.469922538486369 ], [ -54.641628974999946, -16.469840546486328 ] ] ] } },
{ "type": "Feature", "properties": { "num_setor": "MT_RONDONO_SR_016_SGB", "munic": "RONDONÓPOLIS", "grau_risco": "Muito alto", "distancia_km": 0.76, "chuva_24h": 0.0, "chuva_72h": 0.0, "fonte_estacao": "openmeteo", "codigo_estacao": "openmeteo", "nome_estacao": "Open-Meteo (célula de grade)" }, "geometry": { "type": "Polygon", "coordinates": [ [ [ -54.623696930999984, -16.471168067486296 ], [ -54.623698529999956, -16.471169224486275 ], [ -54.623627661999933, -16.471276747486325 ], [ -54.623736157999986, -16.47136008448631 ], [ -54.623627992999957, -16.471527036486268 ], [ -54.623467672999944, -16.471393553486319 ], [ -54.623559227999976, -16.471257307486315 ], [ -54.623548482999972, -16.471248415486325 ], [ -54.623633231999975, -16.471121987486288 ], [ -54.623634210999967, -16.471122695486315 ], [ -54.623673061999966, -16.471057779486326 ], [ -54.623742369999952, -16.471101884486295 ], [ -54.623696930999984, -16.471168067486296 ] ] ] } },
{ "type": "Feature", "properties": { "num_setor": "MT_SAOFELI_SR_003_SGB", "munic": "SÃO FÉLIX DO ARAGUAIA", "grau_risco": "Alto", "distancia_km": 1.46, "chuva_24h": 0.0, "chuva_72h": 0.0, "fonte_estacao": "openmeteo", "codigo_estacao": "openmeteo", "nome_estacao": "Open-Meteo (célula de grade)" }, "geometry": { "type": "Polygon", "coordinates": [ [ [ -52.182472102999952, -11.440243753632629 ], [ -52.182487181999939, -11.440248062632653 ], [ -52.182490749999943, -11.440268874632656 ], [ -52.182487839999958, -11.440268974632673 ], [ -52.182491832999972, -11.440377087632625 ], [ -52.182378310999979, -11.440345228632633 ], [ -52.182417611999945, -11.440228179632658 ], [ -52.182436901999949, -11.440233692632676 ], [ -52.182483714999933, -11.440041352632674 ], [ -52.182522767999956, -11.440055997632637 ], [ -52.182472102999952, -11.440243753632629 ] ] ] } },
{ "type": "Feature", "properties": { "num_setor": "MT_SAOFELI_SR_002_SGB", "munic": "SÃO FÉLIX DO ARAGUAIA", "grau_risco": "Alto", "distancia_km": 1.84, "chuva_24h": 0.0, "chuva_72h": 0.0, "fonte_estacao": "openmeteo", "codigo_estacao": "openmeteo", "nome_estacao": "Open-Meteo (célula de grade)" }, "geometry": { "type": "Polygon", "coordinates": [ [ [ -50.660817473999948, -11.613303440627417 ], [ -50.661150507999942, -11.613300197627378 ], [ -50.661399223999986, -11.613412010627421 ], [ -50.661625347999973, -11.613661608627391 ], [ -50.661860260999958, -11.613951248627385 ], [ -50.662092615999939, -11.614440541627364 ], [ -50.661380403999942, -11.614732157627381 ], [ -50.661797561999947, -11.615658276627338 ], [ -50.661315910999974, -11.616051371627318 ], [ -50.660994976, -11.615519825627352 ], [ -50.660464256999944, -11.614537202627348 ], [ -50.660108051999941, -11.613708619627387 ], [ -50.65997725699998, -11.613149399627392 ], [ -50.660874727999953, -11.613392686627373 ], [ -50.660817473999948, -11.613303440627417 ] ] ] } },
{ "type": "Feature", "properties": { "num_setor": "MT_SAOFELI_SR_001_SGB", "munic": "SÃO FÉLIX DO ARAGUAIA", "grau_risco": "Muito alto", "distancia_km": 1.13, "chuva_24h": 0.0, "chuva_72h": 0.0, "fonte_estacao": "openmeteo", "codigo_estacao": "openmeteo", "nome_estacao": "Open-Meteo (célula de grade)" }, "geometry": { "type": "Polygon", "coordinates": [ [ [ -50.674080966999952, -11.619170430627202 ], [ -50.673465712999985, -11.6194173816272 ], [ -50.673022539999977, -11.61952920562724 ], [ -50.672565939999977, -11.619591283627223 ], [ -50.671969374999946, -11.619603284627178 ], [ -50.671187712999931, -11.619542496627194 ], [ -50.67033373299995, -11.619486039627228 ], [ -50.669375729999956, -11.619460945627205 ], [ -50.668725005999931, -11.619445690627211 ], [ -50.66827295999996, -11.619494222627202 ], [ -50.667978990999977, -11.619579320627203 ], [ -50.667549221999927, -11.619749929627206 ], [ -50.667096822999952, -11.6199340366272 ], [ -50.666391055999952, -11.620230462627163 ], [ -50.665852815999983, -11.620405307627166 ], [ -50.664840028999947, -11.620592471627164 ], [ -50.664651378999963, -11.620149099627168 ], [ -50.665194161999985, -11.619965227627201 ], [ -50.665086514999985, -11.619653122627234 ], [ -50.666913846999933, -11.619047797627211 ], [ -50.666770341999957, -11.61862261962723 ], [ -50.667208994999953, -11.618510783627256 ], [ -50.667670420999968, -11.618331218627262 ], [ -50.667801877999977, -11.618177909627224 ], [ -50.667960472999937, -11.618015631627282 ], [ -50.668552623999972, -11.617962945627278 ], [ -50.668724634999926, -11.61785493362729 ], [ -50.668897235999964, -11.617520963627257 ], [ -50.669236195999986, -11.617512809627257 ], [ -50.669999333999961, -11.617745278627279 ], [ -50.671250044999965, -11.618168824627242 ], [ -50.672365334999931, -11.618533268627241 ], [ -50.674166971999966, -11.619116424627229 ], [ -50.674080966999952, -11.619170430627202 ] ] ] } },
{ "type": "Feature", "properties": { "num_setor": "MT_LUCIARA_SR_001_SGB", "munic": "LUCIARA", "grau_risco": "Alto", "distancia_km": 0.94, "chuva_24h": 0.0, "chuva_72h": 0.0, "fonte_estacao": "openmeteo", "codigo_estacao": "openmeteo", "nome_estacao": "Open-Meteo (célula de grade)" }, "geometry": { "type": "Polygon", "coordinates": [ [ [ -50.665665814999954, -11.223178937639233 ], [ -50.665675806999957, -11.223370527639265 ], [ -50.665455824999981, -11.223379987639269 ], [ -50.66544702099997, -11.223190889639255 ], [ -50.665570578999954, -11.223187031639243 ], [ -50.665665814999954, -11.223178937639233 ] ] ] } },
{ "type": "Feature", "properties": { "num_setor": "MT_LUCIARA_SR_002_SGB", "munic": "LUCIARA", "grau_risco": "Muito alto", "distancia_km": 1.08, "chuva_24h": 0.0, "chuva_72h": 0.0, "fonte_estacao": "openmeteo", "codigo_estacao": "openmeteo", "nome_estacao": "Open-Meteo (célula de grade)" }, "geometry": { "type": "Polygon", "coordinates": [ [ [ -50.666154182999946, -11.224727504639224 ], [ -50.666184585999986, -11.22486468463919 ], [ -50.665986034999946, -11.224902180639189 ], [ -50.665952122999954, -11.224763757639188 ], [ -50.666154182999946, -11.224727504639224 ] ] ] } },
{ "type": "Feature", "properties": { "num_setor": "MT_PORTOES_SR_003_SGB", "munic": "PORTO ESPERIDIÃO", "grau_risco": "Muito alto", "distancia_km": 1.06, "chuva_24h": 0.2, "chuva_72h": 0.4, "fonte_estacao": "openmeteo", "codigo_estacao": "openmeteo", "nome_estacao": "Open-Meteo (célula de grade)" }, "geometry": { "type": "Polygon", "coordinates": [ [ [ -58.462204723999946, -15.851882643503536 ], [ -58.462428774999978, -15.852225468503551 ], [ -58.462509769999947, -15.852539018503526 ], [ -58.462178662999968, -15.852610819503514 ], [ -58.462065157999966, -15.852234608503522 ], [ -58.461669551999933, -15.85234243150353 ], [ -58.461703646999979, -15.852509723503537 ], [ -58.461263366999965, -15.852636210503519 ], [ -58.461169622999932, -15.852246186503525 ], [ -58.460490117999946, -15.852082751503541 ], [ -58.460269678999964, -15.852020113503569 ], [ -58.460345010999951, -15.851689992503589 ], [ -58.461028890999962, -15.851809186503553 ], [ -58.461543329999984, -15.851887973503556 ], [ -58.462204723999946, -15.851882643503536 ] ] ] } },
{ "type": "Feature", "properties": { "num_setor": "MT_PORTOES_SR_002_SGB", "munic": "PORTO ESPERIDIÃO", "grau_risco": "Alto", "distancia_km": 0.66, "chuva_24h": 0.2, "chuva_72h": 0.4, "fonte_estacao": "openmeteo", "codigo_estacao": "openmeteo", "nome_estacao": "Open-Meteo (célula de grade)" }, "geometry": { "type": "Polygon", "coordinates": [ [ [ -58.467455187999981, -15.850457975503614 ], [ -58.467380909999974, -15.850644870503565 ], [ -58.466975132999941, -15.850493043503592 ], [ -58.46707957099995, -15.850193208503583 ], [ -58.467343263999958, -15.850302310503595 ], [ -58.467455187999981, -15.850457975503614 ] ] ] } },
{ "type": "Feature", "properties": { "num_setor": "MT_PORTOES_SR_001_SGB", "munic": "PORTO ESPERIDIÃO", "grau_risco": "Alto", "distancia_km": 0.76, "chuva_24h": 0.2, "chuva_72h": 0.4, "fonte_estacao": "openmeteo", "codigo_estacao": "openmeteo", "nome_estacao": "Open-Meteo (célula de grade)" }, "geometry": { "type": "Polygon", "coordinates": [ [ [ -58.464614267999941, -15.852348610503553 ], [ -58.464384573999951, -15.852421486503546 ], [ -58.464475110999956, -15.852738339503547 ], [ -58.464320079999943, -15.852774024503542 ], [ -58.464217828999949, -15.852395849503523 ], [ -58.464443875999962, -15.852260195503561 ], [ -58.46459187499994, -15.852256538503521 ], [ -58.464614267999941, -15.852348610503553 ] ] ] } },
{ "type": "Feature", "properties": { "num_setor": "MT_PORTOES_SR_005_SGB", "munic": "PORTO ESPERIDIÃO", "grau_risco": "Alto", "distancia_km": 1.18, "chuva_24h": 0.2, "chuva_72h": 0.4, "fonte_estacao": "openmeteo", "codigo_estacao": "openmeteo", "nome_estacao": "Open-Meteo (célula de grade)" }, "geometry": { "type": "Polygon", "coordinates": [ [ [ -58.460350865999942, -15.853601518503488 ], [ -58.459651187999945, -15.854066523503501 ], [ -58.459523291999965, -15.853915786503491 ], [ -58.460223126999949, -15.853437810503497 ], [ -58.460296881999966, -15.853506812503522 ], [ -58.460350865999942, -15.853601518503488 ] ] ] } },
{ "type": "Feature", "properties": { "num_setor": "MT_PORTOES_SR_004_SGB", "munic": "PORTO ESPERIDIÃO", "grau_risco": "Muito alto", "distancia_km": 1.53, "chuva_24h": 0.2, "chuva_72h": 0.4, "fonte_estacao": "openmeteo", "codigo_estacao": "openmeteo", "nome_estacao": "Open-Meteo (célula de grade)" }, "geometry": { "type": "Polygon", "coordinates": [ [ [ -58.451007912999955, -15.856444978503417 ], [ -58.45138998699997, -15.856297936503433 ], [ -58.451760903999961, -15.856110934503423 ], [ -58.452224283999954, -15.855800576503457 ], [ -58.452668980999931, -15.855451691503468 ], [ -58.453047707999986, -15.855015827503491 ], [ -58.453796283999957, -15.854086540503493 ], [ -58.454596121999941, -15.853272778503518 ], [ -58.455162932999947, -15.852724294503551 ], [ -58.455886666999952, -15.852263893503556 ], [ -58.45659446999997, -15.851932564503569 ], [ -58.457387798999939, -15.851654938503559 ], [ -58.45809771699998, -15.851543866503581 ], [ -58.458963916999942, -15.851573532503567 ], [ -58.459205942999972, -15.852538783503517 ], [ -58.458969327999966, -15.852310892503565 ], [ -58.458601664999946, -15.852229827503553 ], [ -58.457735188999948, -15.85233306450357 ], [ -58.456705641999974, -15.852569337503541 ], [ -58.455890321999966, -15.853049085503509 ], [ -58.45507870999996, -15.853548622503489 ], [ -58.454584869999955, -15.853894067503468 ], [ -58.454036395999942, -15.854511312503456 ], [ -58.453692346999958, -15.85487831950347 ], [ -58.453792171999964, -15.855112508503488 ], [ -58.453645914999989, -15.855450326503464 ], [ -58.453228126999932, -15.855386023503424 ], [ -58.45197838099994, -15.856196142503444 ], [ -58.451621210999967, -15.85699340450342 ], [ -58.451498049999941, -15.857055089503415 ], [ -58.451007912999955, -15.856444978503417 ] ] ] } }
]
}
